episode,step,reward
0,1,0.098404
0,2,0.115580
0,3,0.077393
0,4,0.069021
0,5,0.124091
0,6,0.072631
0,7,0.093788
0,8,0.080876
0,9,0.028341
0,10,0.069537
0,11,0.107149
0,12,0.139225
0,13,0.023467
0,14,0.043956
0,15,0.065793
1,1,0.041615
1,2,0.066705
1,3,0.073085
1,4,0.028837
1,5,0.161794
1,6,0.031838
1,7,0.051465
1,8,0.132175
1,9,0.103773
1,10,0.089401
1,11,0.064317
1,12,0.068502
1,13,0.028837
1,14,0.179003
1,15,0.107029
2,1,0.098404
2,2,0.097069
2,3,0.152419
2,4,0.195275
2,5,0.257224
2,6,0.151202
2,7,0.103894
2,8,0.066664
2,9,0.017144
2,10,0.091436
2,11,0.104469
2,12,0.084522
2,13,0.092832
2,14,0.076882
2,15,0.218016
3,1,0.133388
3,2,0.111622
3,3,0.028837
3,4,0.132558
3,5,0.047689
3,6,0.151202
3,7,0.000000
3,8,0.134207
3,9,0.068417
3,10,0.087083
3,11,0.118170
3,12,0.141470
3,13,0.027978
3,14,0.112843
3,15,0.104450
4,1,0.072631
4,2,0.107149
4,3,0.028837
4,4,0.077285
4,5,0.030534
4,6,0.137177
4,7,0.174020
4,8,0.030738
4,9,0.068038
4,10,0.015452
4,11,0.140018
4,12,0.150745
4,13,0.041615
4,14,0.102696
4,15,0.091777
5,1,0.074782
5,2,0.140924
5,3,0.133384
5,4,0.113766
5,5,0.121544
5,6,0.049142
5,7,0.143536
5,8,0.147040
5,9,0.144450
5,10,0.235850
5,11,0.056789
5,12,0.072631
5,13,0.130452
5,14,0.096300
5,15,0.074739
6,1,0.031838
6,2,0.074751
6,3,0.014025
6,4,0.159244
6,5,0.050930
6,6,0.049142
6,7,0.033806
6,8,0.111254
6,9,0.074935
6,10,0.074749
6,11,0.049142
6,12,0.166939
6,13,0.028203
6,14,0.110657
6,15,0.073901
7,1,0.140018
7,2,0.017813
7,3,0.077314
7,4,0.101544
7,5,0.119010
7,6,0.058607
7,7,0.051465
7,8,0.092595
7,9,0.034321
7,10,0.130242
7,11,0.106571
7,12,0.028203
7,13,0.070280
7,14,0.053766
7,15,0.054478
8,1,0.086656
8,2,0.099882
8,3,0.081004
8,4,0.012684
8,5,0.169422
8,6,0.140018
8,7,0.099485
8,8,0.140240
8,9,0.196134
8,10,0.270396
8,11,0.148185
8,12,0.184921
8,13,0.130900
8,14,0.088149
8,15,0.069856
9,1,0.049142
9,2,0.212241
9,3,0.128236
9,4,0.110103
9,5,0.090343
9,6,0.199055
9,7,0.150377
9,8,0.093991
9,9,0.049142
9,10,0.058137
9,11,0.060757
9,12,0.096049
9,13,0.061706
9,14,0.112165
9,15,0.014025
10,1,0.140018
10,2,0.113084
10,3,0.061814
10,4,0.130567
10,5,0.012811
10,6,0.158614
10,7,0.156258
10,8,0.068949
10,9,0.112082
10,10,0.142669
10,11,0.051465
10,12,0.106571
10,13,0.150453
10,14,0.084168
10,15,0.096836
11,1,0.197447
11,2,0.159123
11,3,0.255437
11,4,0.185911
11,5,0.057061
11,6,0.140018
11,7,0.045604
11,8,0.087951
11,9,0.125704
11,10,0.047031
11,11,0.088806
11,12,0.027873
11,13,0.132219
11,14,0.143124
11,15,0.075387
12,1,0.007528
12,2,0.212241
12,3,0.051465
12,4,0.059580
12,5,0.053741
12,6,0.163360
12,7,0.036386
12,8,0.029457
12,9,0.069639
12,10,0.072873
12,11,0.173854
12,12,0.140820
12,13,0.129595
12,14,0.119000
12,15,0.075004
13,1,0.113172
13,2,0.067807
13,3,0.110500
13,4,0.169232
13,5,0.059940
13,6,0.107149
13,7,0.017813
13,8,0.155998
13,9,0.053831
13,10,0.118563
13,11,0.099766
13,12,0.133572
13,13,0.057429
13,14,0.139595
13,15,0.087558
14,1,0.090445
14,2,0.155359
14,3,0.168052
14,4,0.086582
14,5,0.089541
14,6,0.173854
14,7,0.089552
14,8,0.154373
14,9,0.147675
14,10,0.144181
14,11,0.102929
14,12,0.158584
14,13,0.199825
14,14,0.145698
14,15,0.015202
15,1,0.072631
15,2,0.089519
15,3,0.122051
15,4,0.110508
15,5,0.096660
15,6,0.133388
15,7,0.113471
15,8,0.069284
15,9,0.115481
15,10,0.107541
15,11,0.099043
15,12,0.097069
15,13,0.148388
15,14,0.166576
15,15,0.158782
16,1,0.113172
16,2,0.224959
16,3,0.056411
16,4,0.198439
16,5,0.055640
16,6,0.055685
16,7,0.017813
16,8,0.177680
16,9,0.112004
16,10,0.123912
16,11,0.090445
16,12,0.111516
16,13,0.072985
16,14,0.065762
16,15,0.167761
17,1,0.151202
17,2,0.191924
17,3,0.121007
17,4,0.054630
17,5,0.121469
17,6,0.060757
17,7,0.162780
17,8,0.060682
17,9,0.208477
17,10,0.044949
17,11,0.122390
17,12,0.096351
17,13,0.093968
17,14,0.153676
17,15,0.118582
18,1,0.099043
18,2,0.150233
18,3,0.124467
18,4,0.104340
18,5,0.143126
18,6,0.086656
18,7,0.142826
18,8,0.020597
18,9,0.165604
18,10,0.072958
18,11,0.163360
18,12,0.082680
18,13,0.068505
18,14,0.139984
18,15,0.066383
19,1,0.163360
19,2,0.208005
19,3,0.074803
19,4,0.072702
19,5,0.032954
19,6,0.169635
19,7,0.060757
19,8,0.053531
19,9,0.018156
19,10,0.179963
19,11,0.163360
19,12,0.054478
19,13,0.014178
19,14,0.058751
19,15,0.149488
20,1,0.049142
20,2,0.133542
20,3,0.128716
20,4,0.113092
20,5,0.123739
20,6,0.060682
20,7,0.057429
20,8,0.056789
20,9,0.209366
20,10,0.210918
20,11,0.090445
20,12,0.168305
20,13,0.086142
20,14,0.147811
20,15,0.018954
21,1,0.140658
21,2,0.128457
21,3,0.043539
21,4,0.242798
21,5,0.146016
21,6,0.014025
21,7,0.193474
21,8,0.056955
21,9,0.150434
21,10,0.056799
21,11,0.165226
21,12,0.030027
21,13,0.058233
21,14,0.057035
21,15,0.074178
22,1,0.112147
22,2,0.147493
22,3,0.126867
22,4,0.079977
22,5,0.062910
22,6,0.092595
22,7,0.180043
22,8,0.067442
22,9,0.178987
22,10,0.094577
22,11,0.106620
22,12,0.140153
22,13,0.128840
22,14,0.086735
22,15,0.060777
23,1,0.072631
23,2,0.103847
23,3,0.015379
23,4,0.010059
23,5,0.137905
23,6,0.072631
23,7,0.084841
23,8,0.058233
23,9,0.043252
23,10,0.079846
23,11,0.118170
23,12,0.193264
23,13,0.216098
23,14,0.179540
23,15,0.084004
24,1,0.045863
24,2,0.074751
24,3,0.103560
24,4,0.166050
24,5,0.124680
24,6,0.060757
24,7,0.007528
24,8,0.140658
24,9,0.073758
24,10,0.069900
24,11,0.051465
24,12,0.056789
24,13,0.058607
24,14,0.161555
24,15,0.144595
25,1,0.014025
25,2,0.116367
25,3,0.073773
25,4,0.017209
25,5,0.075974
25,6,0.197447
25,7,0.160857
25,8,0.086676
25,9,0.107965
25,10,0.145407
25,11,0.090757
25,12,0.036386
25,13,0.057488
25,14,0.053766
25,15,0.198039
26,1,0.060682
26,2,0.086584
26,3,0.029977
26,4,0.057794
26,5,0.018745
26,6,0.031838
26,7,0.082691
26,8,0.057358
26,9,0.087590
26,10,0.093628
26,11,0.056789
26,12,0.157195
26,13,0.128754
26,14,0.049142
26,15,0.047297
27,1,0.072631
27,2,0.136731
27,3,0.082665
27,4,0.153873
27,5,0.114333
27,6,0.225319
27,7,0.068949
27,8,0.202073
27,9,0.123928
27,10,0.103787
27,11,0.148185
27,12,0.033806
27,13,0.095904
27,14,0.071356
27,15,0.067654
28,1,0.098404
28,2,0.060682
28,3,0.082455
28,4,0.012768
28,5,0.078480
28,6,0.106571
28,7,0.087851
28,8,0.149795
28,9,0.104573
28,10,0.141915
28,11,0.151202
28,12,0.053828
28,13,0.024084
28,14,0.131959
28,15,0.091200
29,1,0.058607
29,2,0.100651
29,3,0.145197
29,4,0.058288
29,5,0.162139
29,6,0.147413
29,7,0.072826
29,8,0.119065
29,9,0.066145
29,10,0.030845
29,11,0.119364
29,12,0.120182
29,13,0.106457
29,14,0.095003
29,15,0.114061
30,1,0.118170
30,2,0.087593
30,3,0.013417
30,4,0.024725
30,5,0.112455
30,6,0.155832
30,7,0.128236
30,8,0.049037
30,9,0.130248
30,10,0.012684
30,11,0.083229
30,12,0.098123
30,13,0.143929
30,14,0.058751
30,15,0.078087
31,1,0.099043
31,2,0.051465
31,3,0.101289
31,4,0.141017
31,5,0.093393
31,6,0.060757
31,7,0.045863
31,8,0.068293
31,9,0.100029
31,10,0.109896
31,11,0.118170
31,12,0.041615
31,13,0.014178
31,14,0.077956
31,15,0.144005
32,1,0.169635
32,2,0.147795
32,3,0.127836
32,4,0.052479
32,5,0.014178
32,6,0.165226
32,7,0.078352
32,8,0.086367
32,9,0.032744
32,10,0.030890
32,11,0.056789
32,12,0.108336
32,13,0.143274
32,14,0.057581
32,15,0.017813
33,1,0.164637
33,2,0.098770
33,3,0.112813
33,4,0.055455
33,5,0.029191
33,6,0.163360
33,7,0.128236
33,8,0.086786
33,9,0.096504
33,10,0.011849
33,11,0.160417
33,12,0.156805
33,13,0.211275
33,14,0.093519
33,15,0.036386
34,1,0.155832
34,2,0.133572
34,3,0.105121
34,4,0.114283
34,5,0.131497
34,6,0.164637
34,7,0.014025
34,8,0.075347
34,9,0.207948
34,10,0.111639
34,11,0.105931
34,12,0.086810
34,13,0.197269
34,14,0.158926
34,15,0.043179
35,1,0.064902
35,2,0.098570
35,3,0.108952
35,4,0.147498
35,5,0.087378
35,6,0.107149
35,7,0.141017
35,8,0.068642
35,9,0.147264
35,10,0.097144
35,11,0.072631
35,12,0.041615
35,13,0.064902
35,14,0.215399
35,15,0.146016
36,1,0.014025
36,2,0.014025
36,3,0.075821
36,4,0.084567
36,5,0.134244
36,6,0.108952
36,7,0.113266
36,8,0.060682
36,9,0.126867
36,10,0.172877
36,11,0.099043
36,12,0.157761
36,13,0.041615
36,14,0.074803
36,15,0.033806
37,1,0.099043
37,2,0.107149
37,3,0.053782
37,4,0.094768
37,5,0.041615
37,6,0.017813
37,7,0.099043
37,8,0.093444
37,9,0.091448
37,10,0.010865
37,11,0.151202
37,12,0.103894
37,13,0.170473
37,14,0.069630
37,15,0.095008
38,1,0.164637
38,2,0.041615
38,3,0.090761
38,4,0.071644
38,5,0.108708
38,6,0.074782
38,7,0.010865
38,8,0.053828
38,9,0.007528
38,10,0.178806
38,11,0.106571
38,12,0.197302
38,13,0.058382
38,14,0.136571
38,15,0.053782
39,1,0.090445
39,2,0.086816
39,3,0.158803
39,4,0.030420
39,5,0.116922
39,6,0.098404
39,7,0.068656
39,8,0.058607
39,9,0.051465
39,10,0.057794
39,11,0.155832
39,12,0.105596
39,13,0.013491
39,14,0.114355
39,15,0.028837
40,1,0.098404
40,2,0.144722
40,3,0.094267
40,4,0.161466
40,5,0.086429
40,6,0.074782
40,7,0.200835
40,8,0.087852
40,9,0.152598
40,10,0.141966
40,11,0.155832
40,12,0.060682
40,13,0.144168
40,14,0.149006
40,15,0.151097
41,1,0.051465
41,2,0.151202
41,3,0.138215
41,4,0.103744
41,5,0.012811
41,6,0.133388
41,7,0.082665
41,8,0.148418
41,9,0.135736
41,10,0.076073
41,11,0.078570
41,12,0.060777
41,13,0.094375
41,14,0.014178
41,15,0.084623
42,1,0.064956
42,2,0.056789
42,3,0.142107
42,4,0.020119
42,5,0.054287
42,6,0.057429
42,7,0.009217
42,8,0.270526
42,9,0.164907
42,10,0.110199
42,11,0.064317
42,12,0.127109
42,13,0.073295
42,14,0.136261
42,15,0.134919
43,1,0.060682
43,2,0.162483
43,3,0.025623
43,4,0.056789
43,5,0.058152
43,6,0.121745
43,7,0.114058
43,8,0.051465
43,9,0.077647
43,10,0.072775
43,11,0.064956
43,12,0.109451
43,13,0.154067
43,14,0.125944
43,15,0.052920
44,1,0.163360
44,2,0.115253
44,3,0.036386
44,4,0.171482
44,5,0.056804
44,6,0.113172
44,7,0.064483
44,8,0.058021
44,9,0.105231
44,10,0.070347
44,11,0.060757
44,12,0.051465
44,13,0.088857
44,14,0.144397
44,15,0.078727
45,1,0.086656
45,2,0.017813
45,3,0.132766
45,4,0.053828
45,5,0.082475
45,6,0.064902
45,7,0.082973
45,8,0.113358
45,9,0.032235
45,10,0.057794
45,11,0.164637
45,12,0.130656
45,13,0.150768
45,14,0.139252
45,15,0.155401
46,1,0.017813
46,2,0.174994
46,3,0.091950
46,4,0.136893
46,5,0.029845
46,6,0.160417
46,7,0.056789
46,8,0.065549
46,9,0.058152
46,10,0.054996
46,11,0.114218
46,12,0.031838
46,13,0.101253
46,14,0.123489
46,15,0.109474
47,1,0.066705
47,2,0.054737
47,3,0.017959
47,4,0.124980
47,5,0.036839
47,6,0.118170
47,7,0.154373
47,8,0.070645
47,9,0.166815
47,10,0.081737
47,11,0.164637
47,12,0.130656
47,13,0.121648
47,14,0.094180
47,15,0.149462
48,1,0.151202
48,2,0.000000
48,3,0.010059
48,4,0.122434
48,5,0.082821
48,6,0.116367
48,7,0.153306
48,8,0.033806
48,9,0.136783
48,10,0.074808
48,11,0.031838
48,12,0.058607
48,13,0.118823
48,14,0.093732
48,15,0.034321
49,1,0.092595
49,2,0.172640
49,3,0.018954
49,4,0.094768
49,5,0.056675
49,6,0.072631
49,7,0.109268
49,8,0.138780
49,9,0.059736
49,10,0.014178
49,11,0.009217
49,12,0.109215
49,13,0.102929
49,14,0.131106
49,15,0.058382
50,1,0.108952
50,2,0.132629
50,3,0.078784
50,4,0.019729
50,5,0.176629
50,6,0.204974
50,7,0.090215
50,8,0.147165
50,9,0.085476
50,10,0.017199
50,11,0.164943
50,12,0.056955
50,13,0.159067
50,14,0.183600
50,15,0.057898
51,1,0.014025
51,2,0.060682
51,3,0.145339
51,4,0.197015
51,5,0.111114
51,6,0.165226
51,7,0.072009
51,8,0.017265
51,9,0.146644
51,10,0.076582
51,11,0.116367
51,12,0.111692
51,13,0.057488
51,14,0.085815
51,15,0.019144
52,1,0.164637
52,2,0.060682
52,3,0.101063
52,4,0.114296
52,5,0.121995
52,6,0.060757
52,7,0.083229
52,8,0.125040
52,9,0.094059
52,10,0.054434
52,11,0.106571
52,12,0.056789
52,13,0.162102
52,14,0.059638
52,15,0.072161
53,1,0.064317
53,2,0.156696
53,3,0.029327
53,4,0.169606
53,5,0.076140
53,6,0.074782
53,7,0.171870
53,8,0.128483
53,9,0.086427
53,10,0.143283
53,11,0.055685
53,12,0.064956
53,13,0.165078
53,14,0.218501
53,15,0.110595
54,1,0.088806
54,2,0.053828
54,3,0.018392
54,4,0.066858
54,5,0.157232
54,6,0.045863
54,7,0.010059
54,8,0.125082
54,9,0.087024
54,10,0.094987
54,11,0.092595
54,12,0.109908
54,13,0.128137
54,14,0.114811
54,15,0.124151
55,1,0.058607
55,2,0.075974
55,3,0.067463
55,4,0.084522
55,5,0.112716
55,6,0.060757
55,7,0.041615
55,8,0.129855
55,9,0.037522
55,10,0.054612
55,11,0.056789
55,12,0.064956
55,13,0.056871
55,14,0.056631
55,15,0.102929
56,1,0.140658
56,2,0.092071
56,3,0.119064
56,4,0.147366
56,5,0.026836
56,6,0.060757
56,7,0.223462
56,8,0.015166
56,9,0.090943
56,10,0.116858
56,11,0.112147
56,12,0.099396
56,13,0.103093
56,14,0.146983
56,15,0.128634
57,1,0.055685
57,2,0.081832
57,3,0.021729
57,4,0.014064
57,5,0.146522
57,6,0.064317
57,7,0.127109
57,8,0.195310
57,9,0.168254
57,10,0.172814
57,11,0.049142
57,12,0.132210
57,13,0.091234
57,14,0.165721
57,15,0.058788
58,1,0.147546
58,2,0.205795
58,3,0.053741
58,4,0.094768
58,5,0.141827
58,6,0.107149
58,7,0.056955
58,8,0.056680
58,9,0.051771
58,10,0.093045
58,11,0.099043
58,12,0.098404
58,13,0.028356
58,14,0.066088
58,15,0.082368
59,1,0.064956
59,2,0.114066
59,3,0.058118
59,4,0.156681
59,5,0.090153
59,6,0.102929
59,7,0.137994
59,8,0.148545
59,9,0.207558
59,10,0.067380
59,11,0.056789
59,12,0.041615
59,13,0.150745
59,14,0.127244
59,15,0.142549
60,1,0.055685
60,2,0.090445
60,3,0.128596
60,4,0.049197
60,5,0.053409
60,6,0.083229
60,7,0.041334
60,8,0.203325
60,9,0.029327
60,10,0.144901
60,11,0.113172
60,12,0.071596
60,13,0.094766
60,14,0.091827
60,15,0.174017
61,1,0.017813
61,2,0.072947
61,3,0.102929
61,4,0.076533
61,5,0.170888
61,6,0.076420
61,7,0.098404
61,8,0.017263
61,9,0.175947
61,10,0.133934
61,11,0.076420
61,12,0.060757
61,13,0.109259
61,14,0.059786
61,15,0.044215
62,1,0.133388
62,2,0.077429
62,3,0.073760
62,4,0.029872
62,5,0.148982
62,6,0.058607
62,7,0.009217
62,8,0.015166
62,9,0.058837
62,10,0.094377
62,11,0.041615
62,12,0.056789
62,13,0.082680
62,14,0.027873
62,15,0.027386
63,1,0.045863
63,2,0.129423
63,3,0.147507
63,4,0.141565
63,5,0.074739
63,6,0.066705
63,7,0.160680
63,8,0.157835
63,9,0.085827
63,10,0.142660
63,11,0.147413
63,12,0.010865
63,13,0.133650
63,14,0.010059
63,15,0.175451
64,1,0.007528
64,2,0.140018
64,3,0.150745
64,4,0.014025
64,5,0.230285
64,6,0.104469
64,7,0.084522
64,8,0.145521
64,9,0.082937
64,10,0.070841
64,11,0.204974
64,12,0.073758
64,13,0.160865
64,14,0.110184
64,15,0.172243
65,1,0.107149
65,2,0.071418
65,3,0.077216
65,4,0.073268
65,5,0.143666
65,6,0.204974
65,7,0.068656
65,8,0.073295
65,9,0.047297
65,10,0.014178
65,11,0.107149
65,12,0.155998
65,13,0.098634
65,14,0.080571
65,15,0.019088
66,1,0.108952
66,2,0.200791
66,3,0.151155
66,4,0.111041
66,5,0.104540
66,6,0.074782
66,7,0.104995
66,8,0.086210
66,9,0.125248
66,10,0.087627
66,11,0.169635
66,12,0.053531
66,13,0.059060
66,14,0.208707
66,15,0.072676
67,1,0.098404
67,2,0.141287
67,3,0.017813
67,4,0.032653
67,5,0.083750
67,6,0.057429
67,7,0.102929
67,8,0.072391
67,9,0.160257
67,10,0.081197
67,11,0.137177
67,12,0.059037
67,13,0.059736
67,14,0.115211
67,15,0.074867
68,1,0.098404
68,2,0.191001
68,3,0.094059
68,4,0.149774
68,5,0.124948
68,6,0.055685
68,7,0.099043
68,8,0.099799
68,9,0.046100
68,10,0.064017
68,11,0.072631
68,12,0.145204
68,13,0.036839
68,14,0.031721
68,15,0.140358
69,1,0.151202
69,2,0.106913
69,3,0.092843
69,4,0.071964
69,5,0.133814
69,6,0.105931
69,7,0.247410
69,8,0.058382
69,9,0.172814
69,10,0.215478
69,11,0.118170
69,12,0.211162
69,13,0.153004
69,14,0.213686
69,15,0.161577
70,1,0.151202
70,2,0.051465
70,3,0.089064
70,4,0.025039
70,5,0.088701
70,6,0.155832
70,7,0.093257
70,8,0.014025
70,9,0.131553
70,10,0.012811
70,11,0.140018
70,12,0.017813
70,13,0.054478
70,14,0.072785
70,15,0.061950
71,1,0.060682
71,2,0.058607
71,3,0.249016
71,4,0.195574
71,5,0.087673
71,6,0.167831
71,7,0.025623
71,8,0.070845
71,9,0.128529
71,10,0.146167
71,11,0.165226
71,12,0.143498
71,13,0.098993
71,14,0.152884
71,15,0.123851
72,1,0.064902
72,2,0.217714
72,3,0.131415
72,4,0.143567
72,5,0.085786
72,6,0.151202
72,7,0.061950
72,8,0.071641
72,9,0.149831
72,10,0.112926
72,11,0.225319
72,12,0.054737
72,13,0.067807
72,14,0.215665
72,15,0.133559
73,1,0.007528
73,2,0.119364
73,3,0.102237
73,4,0.018048
73,5,0.139149
73,6,0.206337
73,7,0.110637
73,8,0.158612
73,9,0.156245
73,10,0.135306
73,11,0.106571
73,12,0.206642
73,13,0.049620
73,14,0.152448
73,15,0.073889
74,1,0.173854
74,2,0.196898
74,3,0.198542
74,4,0.112351
74,5,0.151131
74,6,0.147413
74,7,0.057674
74,8,0.016714
74,9,0.152631
74,10,0.150156
74,11,0.074782
74,12,0.096049
74,13,0.017813
74,14,0.106138
74,15,0.138973
75,1,0.108952
75,2,0.085896
75,3,0.064317
75,4,0.180204
75,5,0.172013
75,6,0.147413
75,7,0.069901
75,8,0.063045
75,9,0.111300
75,10,0.104995
75,11,0.072631
75,12,0.041615
75,13,0.014178
75,14,0.038960
75,15,0.122707
76,1,0.112147
76,2,0.073568
76,3,0.050256
76,4,0.117895
76,5,0.199690
76,6,0.118170
76,7,0.147795
76,8,0.056799
76,9,0.134130
76,10,0.147618
76,11,0.017813
76,12,0.177204
76,13,0.108336
76,14,0.070708
76,15,0.143770
77,1,0.140018
77,2,0.159963
77,3,0.066971
77,4,0.173942
77,5,0.088882
77,6,0.173854
77,7,0.041615
77,8,0.091903
77,9,0.057127
77,10,0.073568
77,11,0.092595
77,12,0.071641
77,13,0.044598
77,14,0.151184
77,15,0.148813
78,1,0.106620
78,2,0.054434
78,3,0.030027
78,4,0.084431
78,5,0.060562
78,6,0.028049
78,7,0.157296
78,8,0.077329
78,9,0.143133
78,10,0.139988
78,11,0.150756
78,12,0.147284
78,13,0.068417
78,14,0.076558
78,15,0.139321
79,1,0.051465
79,2,0.137177
79,3,0.051465
79,4,0.061950
79,5,0.155416
79,6,0.031838
79,7,0.072631
79,8,0.126691
79,9,0.057346
79,10,0.159150
79,11,0.155832
79,12,0.160857
79,13,0.109310
79,14,0.055779
79,15,0.051862
80,1,0.169635
80,2,0.027978
80,3,0.164797
80,4,0.010059
80,5,0.045309
80,6,0.057429
80,7,0.152175
80,8,0.082317
80,9,0.021035
80,10,0.161753
80,11,0.092595
80,12,0.060777
80,13,0.140153
80,14,0.051465
80,15,0.071872
81,1,0.083229
81,2,0.036386
81,3,0.055685
81,4,0.163526
81,5,0.163613
81,6,0.058607
81,7,0.109259
81,8,0.108051
81,9,0.012811
81,10,0.118096
81,11,0.163360
81,12,0.073605
81,13,0.074578
81,14,0.018914
81,15,0.181953
82,1,0.151202
82,2,0.000000
82,3,0.080302
82,4,0.017265
82,5,0.130695
82,6,0.049142
82,7,0.148024
82,8,0.037522
82,9,0.143515
82,10,0.058639
82,11,0.009217
82,12,0.087798
82,13,0.150977
82,14,0.106219
82,15,0.105903
83,1,0.163360
83,2,0.073605
83,3,0.184065
83,4,0.045182
83,5,0.056660
83,6,0.028049
83,7,0.010059
83,8,0.043252
83,9,0.114218
83,10,0.149594
83,11,0.056789
83,12,0.107294
83,13,0.145339
83,14,0.084454
83,15,0.122738
84,1,0.173854
84,2,0.054737
84,3,0.199959
84,4,0.012811
84,5,0.052468
84,6,0.064956
84,7,0.113198
84,8,0.102929
84,9,0.210823
84,10,0.095627
84,11,0.169635
84,12,0.059060
84,13,0.124327
84,14,0.053782
84,15,0.126036
85,1,0.108952
85,2,0.142770
85,3,0.130093
85,4,0.088093
85,5,0.047712
85,6,0.173854
85,7,0.252129
85,8,0.204323
85,9,0.140079
85,10,0.144270
85,11,0.114218
85,12,0.102929
85,13,0.126869
85,14,0.111219
85,15,0.117997
86,1,0.151202
86,2,0.143498
86,3,0.133052
86,4,0.092188
86,5,0.109602
86,6,0.072631
86,7,0.066564
86,8,0.067273
86,9,0.132721
86,10,0.159034
86,11,0.098404
86,12,0.082680
86,13,0.150455
86,14,0.122990
86,15,0.105940
87,1,0.112147
87,2,0.012811
87,3,0.148365
87,4,0.168778
87,5,0.158981
87,6,0.151202
87,7,0.014025
87,8,0.099806
87,9,0.041673
87,10,0.057794
87,11,0.173854
87,12,0.091576
87,13,0.089640
87,14,0.109624
87,15,0.106392
88,1,0.116367
88,2,0.205959
88,3,0.144206
88,4,0.141933
88,5,0.118156
88,6,0.173854
88,7,0.066594
88,8,0.101659
88,9,0.072251
88,10,0.147590
88,11,0.155832
88,12,0.058382
88,13,0.175367
88,14,0.136081
88,15,0.202455
89,1,0.147546
89,2,0.068656
89,3,0.033806
89,4,0.146201
89,5,0.052814
89,6,0.122390
89,7,0.142034
89,8,0.121358
89,9,0.012228
89,10,0.155264
89,11,0.118170
89,12,0.060757
89,13,0.111409
89,14,0.054737
89,15,0.095719
90,1,0.116367
90,2,0.055231
90,3,0.269403
90,4,0.131095
90,5,0.128798
90,6,0.163360
90,7,0.205406
90,8,0.089653
90,9,0.152746
90,10,0.124243
90,11,0.160417
90,12,0.099223
90,13,0.099636
90,14,0.203046
90,15,0.198914
91,1,0.083229
91,2,0.014178
91,3,0.035012
91,4,0.167410
91,5,0.151815
91,6,0.031838
91,7,0.101785
91,8,0.181325
91,9,0.142830
91,10,0.044987
91,11,0.088806
91,12,0.091883
91,13,0.053531
91,14,0.037885
91,15,0.139742
92,1,0.147546
92,2,0.147643
92,3,0.095175
92,4,0.145503
92,5,0.016850
92,6,0.151202
92,7,0.072009
92,8,0.083767
92,9,0.077334
92,10,0.139713
92,11,0.099043
92,12,0.074782
92,13,0.007528
92,14,0.131991
92,15,0.059797
93,1,0.163360
93,2,0.114058
93,3,0.173549
93,4,0.033806
93,5,0.140176
93,6,0.151202
93,7,0.068728
93,8,0.120182
93,9,0.111018
93,10,0.104564
93,11,0.173854
93,12,0.166343
93,13,0.110930
93,14,0.074582
93,15,0.073532
94,1,0.106571
94,2,0.150453
94,3,0.092135
94,4,0.251911
94,5,0.087852
94,6,0.051465
94,7,0.158584
94,8,0.202858
94,9,0.107255
94,10,0.129142
94,11,0.116367
94,12,0.140367
94,13,0.130726
94,14,0.138738
94,15,0.139978
95,1,0.031838
95,2,0.055685
95,3,0.072631
95,4,0.057674
95,5,0.148273
95,6,0.051465
95,7,0.151202
95,8,0.128885
95,9,0.179146
95,10,0.173964
95,11,0.112147
95,12,0.093628
95,13,0.103139
95,14,0.145758
95,15,0.148322
96,1,0.140018
96,2,0.072785
96,3,0.035012
96,4,0.124935
96,5,0.073914
96,6,0.064317
96,7,0.082527
96,8,0.017094
96,9,0.136272
96,10,0.136892
96,11,0.086656
96,12,0.027873
96,13,0.153695
96,14,0.069423
96,15,0.163942
97,1,0.118170
97,2,0.148365
97,3,0.218742
97,4,0.135084
97,5,0.207335
97,6,0.098404
97,7,0.099043
97,8,0.007528
97,9,0.090215
97,10,0.067612
97,11,0.163360
97,12,0.208005
97,13,0.161675
97,14,0.102179
97,15,0.023467
98,1,0.072631
98,2,0.174161
98,3,0.140222
98,4,0.123330
98,5,0.064332
98,6,0.137177
98,7,0.119814
98,8,0.164285
98,9,0.130919
98,10,0.174990
98,11,0.173854
98,12,0.059060
98,13,0.068949
98,14,0.068776
98,15,0.017209
99,1,0.165226
99,2,0.130242
99,3,0.027324
99,4,0.083319
99,5,0.099919
99,6,0.083229
99,7,0.119364
99,8,0.054434
99,9,0.088875
99,10,0.143416
99,11,0.090445
99,12,0.010059
99,13,0.116575
99,14,0.094555
99,15,0.128413
100,1,0.058607
100,2,0.098404
100,3,0.158803
100,4,0.128910
100,5,0.049190
100,6,0.137177
100,7,0.134207
100,8,0.031290
100,9,0.134507
100,10,0.086941
100,11,0.197447
100,12,0.140372
100,13,0.154078
100,14,0.087047
100,15,0.143553
101,1,0.151202
101,2,0.106913
101,3,0.146876
101,4,0.125390
101,5,0.056659
101,6,0.151202
101,7,0.075974
101,8,0.020119
101,9,0.140595
101,10,0.077290
101,11,0.031838
101,12,0.014025
101,13,0.070816
101,14,0.015379
101,15,0.070070
102,1,0.163360
102,2,0.142260
102,3,0.135746
102,4,0.010170
102,5,0.137578
102,6,0.057488
102,7,0.014025
102,8,0.102654
102,9,0.103681
102,10,0.088293
102,11,0.118170
102,12,0.189979
102,13,0.148052
102,14,0.091299
102,15,0.085095
103,1,0.169635
103,2,0.201118
103,3,0.250006
103,4,0.012811
103,5,0.082631
103,6,0.014025
103,7,0.093739
103,8,0.164184
103,9,0.179754
103,10,0.086183
103,11,0.119364
103,12,0.058233
103,13,0.106177
103,14,0.138852
103,15,0.201818
104,1,0.113172
104,2,0.144681
104,3,0.178446
104,4,0.142912
104,5,0.089884
104,6,0.155832
104,7,0.031991
104,8,0.128082
104,9,0.072458
104,10,0.134833
104,11,0.163360
104,12,0.142260
104,13,0.145425
104,14,0.056660
104,15,0.058657
105,1,0.163360
105,2,0.073758
105,3,0.068502
105,4,0.077647
105,5,0.140410
105,6,0.151202
105,7,0.143498
105,8,0.127096
105,9,0.099217
105,10,0.157566
105,11,0.173854
105,12,0.191211
105,13,0.088296
105,14,0.110818
105,15,0.032551
106,1,0.116367
106,2,0.151222
106,3,0.198228
106,4,0.146775
106,5,0.197116
106,6,0.051465
106,7,0.152491
106,8,0.132629
106,9,0.211246
106,10,0.070818
106,11,0.173854
106,12,0.142034
106,13,0.154306
106,14,0.010170
106,15,0.028027
107,1,0.122390
107,2,0.096351
107,3,0.202024
107,4,0.087684
107,5,0.067319
107,6,0.088806
107,7,0.068293
107,8,0.073702
107,9,0.048616
107,10,0.111796
107,11,0.060757
107,12,0.171998
107,13,0.113691
107,14,0.063054
107,15,0.050321
108,1,0.102929
108,2,0.158584
108,3,0.071032
108,4,0.181406
108,5,0.109999
108,6,0.078570
108,7,0.130864
108,8,0.058358
108,9,0.161203
108,10,0.146561
108,11,0.151202
108,12,0.165950
108,13,0.176294
108,14,0.080366
108,15,0.104240
109,1,0.057429
109,2,0.098404
109,3,0.166717
109,4,0.026989
109,5,0.079799
109,6,0.151202
109,7,0.143498
109,8,0.128638
109,9,0.189825
109,10,0.071406
109,11,0.173854
109,12,0.135408
109,13,0.114386
109,14,0.164371
109,15,0.129485
110,1,0.173854
110,2,0.140820
110,3,0.139696
110,4,0.012836
110,5,0.129532
110,6,0.009217
110,7,0.112165
110,8,0.120337
110,9,0.152267
110,10,0.182402
110,11,0.160417
110,12,0.101155
110,13,0.144997
110,14,0.209080
110,15,0.071516
111,1,0.086656
111,2,0.028837
111,3,0.029789
111,4,0.081692
111,5,0.086028
111,6,0.078570
111,7,0.118205
111,8,0.051465
111,9,0.086569
111,10,0.095433
111,11,0.151202
111,12,0.060777
111,13,0.124336
111,14,0.141733
111,15,0.135648
112,1,0.173854
112,2,0.078453
112,3,0.145498
112,4,0.147517
112,5,0.149870
112,6,0.083229
112,7,0.074935
112,8,0.093619
112,9,0.139495
112,10,0.166967
112,11,0.099043
112,12,0.135059
112,13,0.074803
112,14,0.036386
112,15,0.029457
113,1,0.116367
113,2,0.169120
113,3,0.194771
113,4,0.088869
113,5,0.077156
113,6,0.076420
113,7,0.075974
113,8,0.182658
113,9,0.143453
113,10,0.142333
113,11,0.173854
113,12,0.139316
113,13,0.241450
113,14,0.058152
113,15,0.143067
114,1,0.076420
114,2,0.218217
114,3,0.169691
114,4,0.085124
114,5,0.040591
114,6,0.158614
114,7,0.135348
114,8,0.071872
114,9,0.219123
114,10,0.115307
114,11,0.031838
114,12,0.135986
114,13,0.064420
114,14,0.172118
114,15,0.107007
115,1,0.169635
115,2,0.148365
115,3,0.144017
115,4,0.157080
115,5,0.139356
115,6,0.086656
115,7,0.150580
115,8,0.140716
115,9,0.075168
115,10,0.107100
115,11,0.058607
115,12,0.154545
115,13,0.143828
115,14,0.018954
115,15,0.146945
116,1,0.216102
116,2,0.135441
116,3,0.071578
116,4,0.139913
116,5,0.111734
116,6,0.092595
116,7,0.130864
116,8,0.134243
116,9,0.027941
116,10,0.067504
116,11,0.074782
116,12,0.144712
116,13,0.014025
116,14,0.080072
116,15,0.118093
117,1,0.204974
117,2,0.036386
117,3,0.205406
117,4,0.140819
117,5,0.139299
117,6,0.173854
117,7,0.190145
117,8,0.200520
117,9,0.137064
117,10,0.172183
117,11,0.133388
117,12,0.069901
117,13,0.057346
117,14,0.148359
117,15,0.144088
118,1,0.163360
118,2,0.068656
118,3,0.174548
118,4,0.140499
118,5,0.144770
118,6,0.108952
118,7,0.173948
118,8,0.034321
118,9,0.200210
118,10,0.138171
118,11,0.160417
118,12,0.090006
118,13,0.139160
118,14,0.031991
118,15,0.044483
119,1,0.106620
119,2,0.020119
119,3,0.140204
119,4,0.100675
119,5,0.032519
119,6,0.163360
119,7,0.128236
119,8,0.067778
119,9,0.108949
119,10,0.094844
119,11,0.090445
119,12,0.159579
119,13,0.141795
119,14,0.160751
119,15,0.055455
120,1,0.173854
120,2,0.140820
120,3,0.018211
120,4,0.134247
120,5,0.136270
120,6,0.009217
120,7,0.099043
120,8,0.203983
120,9,0.158728
120,10,0.128013
120,11,0.060757
120,12,0.105293
120,13,0.009217
120,14,0.142428
120,15,0.180296
121,1,0.163360
121,2,0.148366
121,3,0.106434
121,4,0.196126
121,5,0.194228
121,6,0.163360
121,7,0.014178
121,8,0.159405
121,9,0.187191
121,10,0.109677
121,11,0.147413
121,12,0.086631
121,13,0.022053
121,14,0.109171
121,15,0.076421
122,1,0.197447
122,2,0.067599
122,3,0.083822
122,4,0.116083
122,5,0.126158
122,6,0.057429
122,7,0.031838
122,8,0.194368
122,9,0.086323
122,10,0.057814
122,11,0.051465
122,12,0.034321
122,13,0.047206
122,14,0.084224
122,15,0.096758
123,1,0.147546
123,2,0.147640
123,3,0.201849
123,4,0.199650
123,5,0.135007
123,6,0.009217
123,7,0.148555
123,8,0.071037
123,9,0.159330
123,10,0.189907
123,11,0.137177
123,12,0.061950
123,13,0.122556
123,14,0.058246
123,15,0.108087
124,1,0.163360
124,2,0.205406
124,3,0.066971
124,4,0.117308
124,5,0.170208
124,6,0.074782
124,7,0.009217
124,8,0.208214
124,9,0.017959
124,10,0.010059
124,11,0.151202
124,12,0.128885
124,13,0.053954
124,14,0.064675
124,15,0.017176
125,1,0.092595
125,2,0.130864
125,3,0.158765
125,4,0.135771
125,5,0.135890
125,6,0.031838
125,7,0.129423
125,8,0.096049
125,9,0.061950
125,10,0.149296
125,11,0.057429
125,12,0.152175
125,13,0.082665
125,14,0.088385
125,15,0.084632
126,1,0.216102
126,2,0.122030
126,3,0.138423
126,4,0.010059
126,5,0.068674
126,6,0.151202
126,7,0.082317
126,8,0.025439
126,9,0.146884
126,10,0.047848
126,11,0.088806
126,12,0.054434
126,13,0.130433
126,14,0.059580
126,15,0.177130
127,1,0.090445
127,2,0.136731
127,3,0.072605
127,4,0.139572
127,5,0.012811
127,6,0.173854
127,7,0.140820
127,8,0.070129
127,9,0.014025
127,10,0.151485
127,11,0.163360
127,12,0.133572
127,13,0.152373
127,14,0.147850
127,15,0.124095
128,1,0.151202
128,2,0.072257
128,3,0.120307
128,4,0.119082
128,5,0.049779
128,6,0.098404
128,7,0.159963
128,8,0.162577
128,9,0.026836
128,10,0.178750
128,11,0.151202
128,12,0.143498
128,13,0.085988
128,14,0.084894
128,15,0.084944
129,1,0.106620
129,2,0.068292
129,3,0.141318
129,4,0.081797
129,5,0.106217
129,6,0.216102
129,7,0.156351
129,8,0.137209
129,9,0.072254
129,10,0.133849
129,11,0.173854
129,12,0.248166
129,13,0.123571
129,14,0.107557
129,15,0.084412
130,1,0.107149
130,2,0.066705
130,3,0.217808
130,4,0.198766
130,5,0.135865
130,6,0.108952
130,7,0.122484
130,8,0.156538
130,9,0.146618
130,10,0.056034
130,11,0.088806
130,12,0.057674
130,13,0.081670
130,14,0.114072
130,15,0.127530
131,1,0.102929
131,2,0.091809
131,3,0.132629
131,4,0.051465
131,5,0.154165
131,6,0.086656
131,7,0.084522
131,8,0.143605
131,9,0.141851
131,10,0.092786
131,11,0.090445
131,12,0.132766
131,13,0.140595
131,14,0.099639
131,15,0.090340
132,1,0.163360
132,2,0.114058
132,3,0.056409
132,4,0.053741
132,5,0.112926
132,6,0.051465
132,7,0.152491
132,8,0.243225
132,9,0.103210
132,10,0.048803
132,11,0.163360
132,12,0.205406
132,13,0.200758
132,14,0.195780
132,15,0.114522
133,1,0.088806
133,2,0.130255
133,3,0.153795
133,4,0.073191
133,5,0.034321
133,6,0.119364
133,7,0.049142
133,8,0.211494
133,9,0.047285
133,10,0.020247
133,11,0.104469
133,12,0.159579
133,13,0.090813
133,14,0.143072
133,15,0.115944
134,1,0.163360
134,2,0.059580
134,3,0.071770
134,4,0.164113
134,5,0.124615
134,6,0.155832
134,7,0.115253
134,8,0.156082
134,9,0.028203
134,10,0.071602
134,11,0.072631
134,12,0.136731
134,13,0.077759
134,14,0.111290
134,15,0.122567
135,1,0.060682
135,2,0.036839
135,3,0.072631
135,4,0.147933
135,5,0.159840
135,6,0.106620
135,7,0.157416
135,8,0.029789
135,9,0.082113
135,10,0.139791
135,11,0.060757
135,12,0.090071
135,13,0.155052
135,14,0.078087
135,15,0.161480
136,1,0.151202
136,2,0.100651
136,3,0.142880
136,4,0.145901
136,5,0.140999
136,6,0.174161
136,7,0.206552
136,8,0.057338
136,9,0.198836
136,10,0.012811
136,11,0.163360
136,12,0.205406
136,13,0.128007
136,14,0.104589
136,15,0.145049
137,1,0.173854
137,2,0.053782
137,3,0.054737
137,4,0.144823
137,5,0.069223
137,6,0.014025
137,7,0.100504
137,8,0.057479
137,9,0.160362
137,10,0.109267
137,11,0.045863
137,12,0.144244
137,13,0.071192
137,14,0.146226
137,15,0.140134
138,1,0.169635
138,2,0.147795
138,3,0.162031
138,4,0.068473
138,5,0.131932
138,6,0.057429
138,7,0.108780
138,8,0.088960
138,9,0.126429
138,10,0.067205
138,11,0.064317
138,12,0.028049
138,13,0.160290
138,14,0.142671
138,15,0.164751
139,1,0.151202
139,2,0.143498
139,3,0.116410
139,4,0.132703
139,5,0.073285
139,6,0.116367
139,7,0.091809
139,8,0.162577
139,9,0.057968
139,10,0.087351
139,11,0.116367
139,12,0.081760
139,13,0.127383
139,14,0.070562
139,15,0.085797
140,1,0.119364
140,2,0.156757
140,3,0.074761
140,4,0.026219
140,5,0.134185
140,6,0.173854
140,7,0.128009
140,8,0.056799
140,9,0.144530
140,10,0.156705
140,11,0.049142
140,12,0.074935
140,13,0.013491
140,14,0.126282
140,15,0.089601
141,1,0.163360
141,2,0.028203
141,3,0.115253
141,4,0.055779
141,5,0.141469
141,6,0.122390
141,7,0.096351
141,8,0.142774
141,9,0.100478
141,10,0.112057
141,11,0.106620
141,12,0.099928
141,13,0.157420
141,14,0.012811
141,15,0.059060
142,1,0.155832
142,2,0.082680
142,3,0.153343
142,4,0.071342
142,5,0.144468
142,6,0.099043
142,7,0.060682
142,8,0.149681
142,9,0.010865
142,10,0.066638
142,11,0.151202
142,12,0.072257
142,13,0.019162
142,14,0.145890
142,15,0.122686
143,1,0.092595
143,2,0.041615
143,3,0.176539
143,4,0.087680
143,5,0.070436
143,6,0.051465
143,7,0.149989
143,8,0.141653
143,9,0.019729
143,10,0.144426
143,11,0.151655
143,12,0.120182
143,13,0.087083
143,14,0.136556
143,15,0.179652
144,1,0.051465
144,2,0.119364
144,3,0.172304
144,4,0.096633
144,5,0.099214
144,6,0.072631
144,7,0.028837
144,8,0.154545
144,9,0.077962
144,10,0.019162
144,11,0.173854
144,12,0.143083
144,13,0.090027
144,14,0.106920
144,15,0.149520
145,1,0.045863
145,2,0.129423
145,3,0.045978
145,4,0.028339
145,5,0.167191
145,6,0.108952
145,7,0.173948
145,8,0.029191
145,9,0.135599
145,10,0.166103
145,11,0.173854
145,12,0.126867
145,13,0.197570
145,14,0.010865
145,15,0.146927
146,1,0.164637
146,2,0.147134
146,3,0.117809
146,4,0.200427
146,5,0.067807
146,6,0.155832
146,7,0.056871
146,8,0.157603
146,9,0.214831
146,10,0.147314
146,11,0.105931
146,12,0.127109
146,13,0.014178
146,14,0.183224
146,15,0.110806
147,1,0.116367
147,2,0.087798
147,3,0.164556
147,4,0.034321
147,5,0.085786
147,6,0.107149
147,7,0.009217
147,8,0.014025
147,9,0.179985
147,10,0.077539
147,11,0.151202
147,12,0.144267
147,13,0.152180
147,14,0.136280
147,15,0.086814
148,1,0.173854
148,2,0.164277
148,3,0.070436
148,4,0.067319
148,5,0.089707
148,6,0.090757
148,7,0.114218
148,8,0.128236
148,9,0.054287
148,10,0.126086
148,11,0.106620
148,12,0.099928
148,13,0.010865
148,14,0.132967
148,15,0.101807
149,1,0.049142
149,2,0.204432
149,3,0.147012
149,4,0.159987
149,5,0.120537
149,6,0.163360
149,7,0.208005
149,8,0.114735
149,9,0.047132
149,10,0.057096
149,11,0.163360
149,12,0.128236
149,13,0.169335
149,14,0.049090
149,15,0.140072
150,1,0.116367
150,2,0.029191
150,3,0.103534
150,4,0.164731
150,5,0.158336
150,6,0.133388
150,7,0.131863
150,8,0.183505
150,9,0.139439
150,10,0.126222
150,11,0.114218
150,12,0.101253
150,13,0.144452
150,14,0.056910
150,15,0.106995
151,1,0.105931
151,2,0.131829
151,3,0.161554
151,4,0.205850
151,5,0.131513
151,6,0.173854
151,7,0.145433
151,8,0.198542
151,9,0.140656
151,10,0.071651
151,11,0.041615
151,12,0.137177
151,13,0.054434
151,14,0.179011
151,15,0.058759
152,1,0.173854
152,2,0.206552
152,3,0.056680
152,4,0.062906
152,5,0.222714
152,6,0.163360
152,7,0.128082
152,8,0.073295
152,9,0.045847
152,10,0.089302
152,11,0.031838
152,12,0.124412
152,13,0.086593
152,14,0.092115
152,15,0.034321
153,1,0.092595
153,2,0.129070
153,3,0.076425
153,4,0.073702
153,5,0.090841
153,6,0.173854
153,7,0.156591
153,8,0.206269
153,9,0.088394
153,10,0.085415
153,11,0.173854
153,12,0.206552
153,13,0.201887
153,14,0.099583
153,15,0.199676
154,1,0.090445
154,2,0.136731
154,3,0.085557
154,4,0.144975
154,5,0.103213
154,6,0.151202
154,7,0.014025
154,8,0.143498
154,9,0.081326
154,10,0.030420
154,11,0.105931
154,12,0.147640
154,13,0.102542
154,14,0.145097
154,15,0.128363
155,1,0.163360
155,2,0.193211
155,3,0.129799
155,4,0.061582
155,5,0.074003
155,6,0.151202
155,7,0.134207
155,8,0.087062
155,9,0.106395
155,10,0.062568
155,11,0.102929
155,12,0.084230
155,13,0.136770
155,14,0.010536
155,15,0.188882
156,1,0.028049
156,2,0.121745
156,3,0.125425
156,4,0.168592
156,5,0.161245
156,6,0.119364
156,7,0.103576
156,8,0.132649
156,9,0.094632
156,10,0.055847
156,11,0.181900
156,12,0.217808
156,13,0.085001
156,14,0.071192
156,15,0.028080
157,1,0.076420
157,2,0.218217
157,3,0.032370
157,4,0.017821
157,5,0.145272
157,6,0.173854
157,7,0.200664
157,8,0.026836
157,9,0.180901
157,10,0.176165
157,11,0.140018
157,12,0.028356
157,13,0.113084
157,14,0.077135
157,15,0.078191
158,1,0.173854
158,2,0.169713
158,3,0.084174
158,4,0.063890
158,5,0.100395
158,6,0.107149
158,7,0.157039
158,8,0.144768
158,9,0.010059
158,10,0.057376
158,11,0.116367
158,12,0.194547
158,13,0.124239
158,14,0.143977
158,15,0.184431
159,1,0.060682
159,2,0.056789
159,3,0.142275
159,4,0.075974
159,5,0.148199
159,6,0.072631
159,7,0.122707
159,8,0.147284
159,9,0.011379
159,10,0.068728
159,11,0.173854
159,12,0.111692
159,13,0.157687
159,14,0.010059
159,15,0.086009
160,1,0.173854
160,2,0.154845
160,3,0.139696
160,4,0.146247
160,5,0.087851
160,6,0.041615
160,7,0.103092
160,8,0.060757
160,9,0.197870
160,10,0.130567
160,11,0.151202
160,12,0.105293
160,13,0.111748
160,14,0.047534
160,15,0.055455
161,1,0.064902
161,2,0.081832
161,3,0.192775
161,4,0.028215
161,5,0.104686
161,6,0.056789
161,7,0.164722
161,8,0.148535
161,9,0.109279
161,10,0.099769
161,11,0.169635
161,12,0.147587
161,13,0.210251
161,14,0.201444
161,15,0.014025
162,1,0.173854
162,2,0.027978
162,3,0.164277
162,4,0.142609
162,5,0.126892
162,6,0.056789
162,7,0.099043
162,8,0.065679
162,9,0.128754
162,10,0.048091
162,11,0.121745
162,12,0.220484
162,13,0.041615
162,14,0.012811
162,15,0.125669
163,1,0.088806
163,2,0.066892
163,3,0.171465
163,4,0.031017
163,5,0.140728
163,6,0.007528
163,7,0.000000
163,8,0.159666
163,9,0.017010
163,10,0.152467
163,11,0.158614
163,12,0.130203
163,13,0.051584
163,14,0.012811
163,15,0.027432
164,1,0.137177
164,2,0.174020
164,3,0.053983
164,4,0.146069
164,5,0.074722
164,6,0.049142
164,7,0.028203
164,8,0.075806
164,9,0.078045
164,10,0.072695
164,11,0.140018
164,12,0.068656
164,13,0.125207
164,14,0.124011
164,15,0.063577
165,1,0.099043
165,2,0.094768
165,3,0.200322
165,4,0.017813
165,5,0.128188
165,6,0.151202
165,7,0.130242
165,8,0.015379
165,9,0.014025
165,10,0.147214
165,11,0.014025
165,12,0.066705
165,13,0.211162
165,14,0.203981
165,15,0.090101
166,1,0.055685
166,2,0.173401
166,3,0.139858
166,4,0.134132
166,5,0.139252
166,6,0.173854
166,7,0.200664
166,8,0.136422
166,9,0.144876
166,10,0.122371
166,11,0.173854
166,12,0.074227
166,13,0.068674
166,14,0.135408
166,15,0.091147
167,1,0.151202
167,2,0.157722
167,3,0.127117
167,4,0.075305
167,5,0.018061
167,6,0.092595
167,7,0.151393
167,8,0.012811
167,9,0.091287
167,10,0.143928
167,11,0.102929
167,12,0.086380
167,13,0.070845
167,14,0.149034
167,15,0.027607
168,1,0.151202
168,2,0.126522
168,3,0.036839
168,4,0.174485
168,5,0.026725
168,6,0.163360
168,7,0.068656
168,8,0.135530
168,9,0.136053
168,10,0.086769
168,11,0.009217
168,12,0.218167
168,13,0.143810
168,14,0.098956
168,15,0.139212
169,1,0.163360
169,2,0.208005
169,3,0.221416
169,4,0.195524
169,5,0.204933
169,6,0.086656
169,7,0.134218
169,8,0.114828
169,9,0.185699
169,10,0.194453
169,11,0.041615
169,12,0.064317
169,13,0.198488
169,14,0.166873
169,15,0.042800
170,1,0.133388
170,2,0.065299
170,3,0.103754
170,4,0.122481
170,5,0.062329
170,6,0.163360
170,7,0.090153
170,8,0.053075
170,9,0.207587
170,10,0.201118
170,11,0.051465
170,12,0.009217
170,13,0.148555
170,14,0.152418
170,15,0.159104
171,1,0.083229
171,2,0.017813
171,3,0.133542
171,4,0.120182
171,5,0.148064
171,6,0.158614
171,7,0.101321
171,8,0.101876
171,9,0.074618
171,10,0.124856
171,11,0.116367
171,12,0.153780
171,13,0.127600
171,14,0.202371
171,15,0.071407
172,1,0.017813
172,2,0.074782
172,3,0.140924
172,4,0.057794
172,5,0.128843
172,6,0.104469
172,7,0.057794
172,8,0.000000
172,9,0.143535
172,10,0.146249
172,11,0.173854
172,12,0.111692
172,13,0.087146
172,14,0.147328
172,15,0.215524
173,1,0.165226
173,2,0.157722
173,3,0.150748
173,4,0.118690
173,5,0.139255
173,6,0.014025
173,7,0.084841
173,8,0.017813
173,9,0.139958
173,10,0.087558
173,11,0.151202
173,12,0.143498
173,13,0.128922
173,14,0.107765
173,15,0.161716
174,1,0.107149
174,2,0.144227
174,3,0.056001
174,4,0.112189
174,5,0.059736
174,6,0.060682
174,7,0.147341
174,8,0.141599
174,9,0.091568
174,10,0.111061
174,11,0.155832
174,12,0.033806
174,13,0.108336
174,14,0.157700
174,15,0.130921
175,1,0.151202
175,2,0.072257
175,3,0.146098
175,4,0.067504
175,5,0.117053
175,6,0.173854
175,7,0.096351
175,8,0.143840
175,9,0.098570
175,10,0.215171
175,11,0.108952
175,12,0.078570
175,13,0.131318
175,14,0.157770
175,15,0.134436
176,1,0.007528
176,2,0.212241
176,3,0.073758
176,4,0.056871
176,5,0.102810
176,6,0.173854
176,7,0.140820
176,8,0.139696
176,9,0.145428
176,10,0.075517
176,11,0.055685
176,12,0.049142
176,13,0.098023
176,14,0.101068
176,15,0.130557
177,1,0.098404
177,2,0.086316
177,3,0.131536
177,4,0.107044
177,5,0.010865
177,6,0.160417
177,7,0.059060
177,8,0.044366
177,9,0.207378
177,10,0.201380
177,11,0.151202
177,12,0.041615
177,13,0.094181
177,14,0.155945
177,15,0.084639
178,1,0.107149
178,2,0.101321
178,3,0.202418
178,4,0.107672
178,5,0.203465
178,6,0.173854
178,7,0.206552
178,8,0.144825
178,9,0.198199
178,10,0.205636
178,11,0.163360
178,12,0.109847
178,13,0.090153
178,14,0.016516
178,15,0.170198
179,1,0.173854
179,2,0.027978
179,3,0.116858
179,4,0.084924
179,5,0.139701
179,6,0.151202
179,7,0.157722
179,8,0.140518
179,9,0.089444
179,10,0.145521
179,11,0.163360
179,12,0.041615
179,13,0.117790
179,14,0.127311
179,15,0.148931
180,1,0.151202
180,2,0.119814
180,3,0.146220
180,4,0.144447
180,5,0.132928
180,6,0.140018
180,7,0.091958
180,8,0.092855
180,9,0.136268
180,10,0.139410
180,11,0.045863
180,12,0.067654
180,13,0.148807
180,14,0.086119
180,15,0.073605
181,1,0.163360
181,2,0.205406
181,3,0.200990
181,4,0.199719
181,5,0.055949
181,6,0.163360
181,7,0.256870
181,8,0.200990
181,9,0.147749
181,10,0.134705
181,11,0.163360
181,12,0.205406
181,13,0.211363
181,14,0.122111
181,15,0.138906
182,1,0.151202
182,2,0.130678
182,3,0.145872
182,4,0.145228
182,5,0.151189
182,6,0.049142
182,7,0.014178
182,8,0.140483
182,9,0.097704
182,10,0.144757
182,11,0.106620
182,12,0.071091
182,13,0.139541
182,14,0.077760
182,15,0.138961
183,1,0.106571
183,2,0.134362
183,3,0.145381
183,4,0.105780
183,5,0.138870
183,6,0.118170
183,7,0.133190
183,8,0.202478
183,9,0.140253
183,10,0.117152
183,11,0.151202
183,12,0.130242
183,13,0.057035
183,14,0.059241
183,15,0.028837
184,1,0.072631
184,2,0.060757
184,3,0.149677
184,4,0.183265
184,5,0.134738
184,6,0.127109
184,7,0.120999
184,8,0.215066
184,9,0.143757
184,10,0.083371
184,11,0.116367
184,12,0.205959
184,13,0.213528
184,14,0.162653
184,15,0.049264
185,1,0.064317
185,2,0.255218
185,3,0.208141
185,4,0.202056
185,5,0.159667
185,6,0.155832
185,7,0.146049
185,8,0.139783
185,9,0.139825
185,10,0.123180
185,11,0.155832
185,12,0.068502
185,13,0.132317
185,14,0.049090
185,15,0.120354
186,1,0.169635
186,2,0.206386
186,3,0.151641
186,4,0.145638
186,5,0.066971
186,6,0.151202
186,7,0.143498
186,8,0.070552
186,9,0.118421
186,10,0.165332
186,11,0.051465
186,12,0.156711
186,13,0.066594
186,14,0.179327
186,15,0.170924
187,1,0.173854
187,2,0.055231
187,3,0.106920
187,4,0.109599
187,5,0.201132
187,6,0.163360
187,7,0.073758
187,8,0.141572
187,9,0.141786
187,10,0.168337
187,11,0.108952
187,12,0.056789
187,13,0.144163
187,14,0.085905
187,15,0.132978
188,1,0.148185
188,2,0.120337
188,3,0.165888
188,4,0.178240
188,5,0.157984
188,6,0.083229
188,7,0.066705
188,8,0.203183
188,9,0.091903
188,10,0.199625
188,11,0.173854
188,12,0.140820
188,13,0.109719
188,14,0.155640
188,15,0.091848
189,1,0.099043
189,2,0.088960
189,3,0.061962
189,4,0.184150
189,5,0.075342
189,6,0.216102
189,7,0.159342
189,8,0.111169
189,9,0.138478
189,10,0.136546
189,11,0.151202
189,12,0.054434
189,13,0.080302
189,14,0.150488
189,15,0.142313
190,1,0.090445
190,2,0.089064
190,3,0.073760
190,4,0.174503
190,5,0.110434
190,6,0.086656
190,7,0.021729
190,8,0.083414
190,9,0.075985
190,10,0.031221
190,11,0.173854
190,12,0.087038
190,13,0.104116
190,14,0.068925
190,15,0.024189
191,1,0.118170
191,2,0.206386
191,3,0.087917
191,4,0.017199
191,5,0.056207
191,6,0.151202
191,7,0.157722
191,8,0.150748
191,9,0.136988
191,10,0.124748
191,11,0.151202
191,12,0.053828
191,13,0.119814
191,14,0.097060
191,15,0.076881
192,1,0.072631
192,2,0.151533
192,3,0.073669
192,4,0.027885
192,5,0.146467
192,6,0.076420
192,7,0.182206
192,8,0.123837
192,9,0.163283
192,10,0.149773
192,11,0.092595
192,12,0.014025
192,13,0.103466
192,14,0.028417
192,15,0.147129
193,1,0.173854
193,2,0.081760
193,3,0.086493
193,4,0.018211
193,5,0.138556
193,6,0.151202
193,7,0.143498
193,8,0.160855
193,9,0.138293
193,10,0.070325
193,11,0.102929
193,12,0.078570
193,13,0.167864
193,14,0.151001
193,15,0.073178
194,1,0.173854
194,2,0.109046
194,3,0.169660
194,4,0.142198
194,5,0.149302
194,6,0.163360
194,7,0.082680
194,8,0.183825
194,9,0.126851
194,10,0.170492
194,11,0.157441
194,12,0.108780
194,13,0.082834
194,14,0.116888
194,15,0.147752
195,1,0.151202
195,2,0.130242
195,3,0.141759
195,4,0.111010
195,5,0.164411
195,6,0.045863
195,7,0.080876
195,8,0.038511
195,9,0.148172
195,10,0.075602
195,11,0.163360
195,12,0.054478
195,13,0.203447
195,14,0.190966
195,15,0.138462
196,1,0.173854
196,2,0.194547
196,3,0.052821
196,4,0.089801
196,5,0.086975
196,6,0.086656
196,7,0.007528
196,8,0.111440
196,9,0.069528
196,10,0.159613
196,11,0.122390
196,12,0.104995
196,13,0.198996
196,14,0.142324
196,15,0.194194
197,1,0.173854
197,2,0.112758
197,3,0.203820
197,4,0.132100
197,5,0.210223
197,6,0.174749
197,7,0.042002
197,8,0.144461
197,9,0.137825
197,10,0.072507
197,11,0.155832
197,12,0.125317
197,13,0.127158
197,14,0.158572
197,15,0.103802
198,1,0.151202
198,2,0.157722
198,3,0.031951
198,4,0.146586
198,5,0.143190
198,6,0.173854
198,7,0.098570
198,8,0.128666
198,9,0.054737
198,10,0.143306
198,11,0.151202
198,12,0.157722
198,13,0.016714
198,14,0.072557
198,15,0.142474
199,1,0.173854
199,2,0.125654
199,3,0.083942
199,4,0.090236
199,5,0.075773
199,6,0.163360
199,7,0.028203
199,8,0.179143
199,9,0.179505
199,10,0.044898
199,11,0.107149
199,12,0.173401
199,13,0.156190
199,14,0.122187
199,15,0.037522
200,1,0.099043
200,2,0.159670
200,3,0.248263
200,4,0.091852
200,5,0.140966
200,6,0.107149
200,7,0.143014
200,8,0.140745
200,9,0.146236
200,10,0.090405
200,11,0.160417
200,12,0.058021
200,13,0.157121
200,14,0.136185
200,15,0.199917
201,1,0.151202
201,2,0.111516
201,3,0.014178
201,4,0.022934
201,5,0.019729
201,6,0.169635
201,7,0.145433
201,8,0.246173
201,9,0.108497
201,10,0.199431
201,11,0.151202
201,12,0.130242
201,13,0.152180
201,14,0.139947
201,15,0.135651
202,1,0.072631
202,2,0.175833
202,3,0.066706
202,4,0.165739
202,5,0.112919
202,6,0.155832
202,7,0.099485
202,8,0.148048
202,9,0.093444
202,10,0.124319
202,11,0.173854
202,12,0.206552
202,13,0.201887
202,14,0.141074
202,15,0.156067
203,1,0.173854
203,2,0.154845
203,3,0.139696
203,4,0.035467
203,5,0.084601
203,6,0.163360
203,7,0.128236
203,8,0.153039
203,9,0.114447
203,10,0.150883
203,11,0.106571
203,12,0.060757
203,13,0.129304
203,14,0.159079
203,15,0.137859
204,1,0.173854
204,2,0.139316
204,3,0.091903
204,4,0.141161
204,5,0.112703
204,6,0.173854
204,7,0.206552
204,8,0.143491
204,9,0.209728
204,10,0.201301
204,11,0.118170
204,12,0.078453
204,13,0.193813
204,14,0.142993
204,15,0.143784
205,1,0.074782
205,2,0.148677
205,3,0.072009
205,4,0.144975
205,5,0.139321
205,6,0.087110
205,7,0.093739
205,8,0.140162
205,9,0.193118
205,10,0.201507
205,11,0.114810
205,12,0.028049
205,13,0.131871
205,14,0.068810
205,15,0.152713
206,1,0.163360
206,2,0.199999
206,3,0.212884
206,4,0.156876
206,5,0.131980
206,6,0.151202
206,7,0.017263
206,8,0.065299
206,9,0.109259
206,10,0.051462
206,11,0.151202
206,12,0.084461
206,13,0.070552
206,14,0.148560
206,15,0.139439
207,1,0.158614
207,2,0.158750
207,3,0.217923
207,4,0.214684
207,5,0.099362
207,6,0.163360
207,7,0.028203
207,8,0.148549
207,9,0.100725
207,10,0.124584
207,11,0.060682
207,12,0.218167
207,13,0.198996
207,14,0.147274
207,15,0.014025
208,1,0.113172
208,2,0.164118
208,3,0.156037
208,4,0.204653
208,5,0.054255
208,6,0.098404
208,7,0.145076
208,8,0.014025
208,9,0.065151
208,10,0.064975
208,11,0.163360
208,12,0.128082
208,13,0.054913
208,14,0.204919
208,15,0.141606
209,1,0.163360
209,2,0.087783
209,3,0.186691
209,4,0.056660
209,5,0.068358
209,6,0.049142
209,7,0.056789
209,8,0.205795
209,9,0.156311
209,10,0.053010
209,11,0.204974
209,12,0.128236
209,13,0.034491
209,14,0.148112
209,15,0.086924
210,1,0.163360
210,2,0.142260
210,3,0.065151
210,4,0.061318
210,5,0.118528
210,6,0.116367
210,7,0.151222
210,8,0.141548
210,9,0.033970
210,10,0.160235
210,11,0.092595
210,12,0.141890
210,13,0.056675
210,14,0.080671
210,15,0.049995
211,1,0.173854
211,2,0.206552
211,3,0.211903
211,4,0.146371
211,5,0.186937
211,6,0.173854
211,7,0.164277
211,8,0.217578
211,9,0.203766
211,10,0.144728
211,11,0.051465
211,12,0.156711
211,13,0.147134
211,14,0.112583
211,15,0.190200
212,1,0.163360
212,2,0.094768
212,3,0.124621
212,4,0.162812
212,5,0.080421
212,6,0.173854
212,7,0.200664
212,8,0.141161
212,9,0.141063
212,10,0.097374
212,11,0.151202
212,12,0.144267
212,13,0.119536
212,14,0.083342
212,15,0.140908
213,1,0.116367
213,2,0.153306
213,3,0.127512
213,4,0.141058
213,5,0.136915
213,6,0.163360
213,7,0.128236
213,8,0.031224
213,9,0.147385
213,10,0.075111
213,11,0.108952
213,12,0.055685
213,13,0.103710
213,14,0.058473
213,15,0.084068
214,1,0.045863
214,2,0.068666
214,3,0.057358
214,4,0.018357
214,5,0.091522
214,6,0.173854
214,7,0.217808
214,8,0.204323
214,9,0.194790
214,10,0.142288
214,11,0.058607
214,12,0.100651
214,13,0.152330
214,14,0.128766
214,15,0.150295
215,1,0.151202
215,2,0.143498
215,3,0.084387
215,4,0.136310
215,5,0.052821
215,6,0.163360
215,7,0.148535
215,8,0.074782
215,9,0.202205
215,10,0.197167
215,11,0.173854
215,12,0.074227
215,13,0.168357
215,14,0.072080
215,15,0.116646
216,1,0.167831
216,2,0.205959
216,3,0.161515
216,4,0.147103
216,5,0.076155
216,6,0.045863
216,7,0.159272
216,8,0.142790
216,9,0.139220
216,10,0.075506
216,11,0.151202
216,12,0.099928
216,13,0.141725
216,14,0.143456
216,15,0.058243
217,1,0.066705
217,2,0.098404
217,3,0.142729
217,4,0.076961
217,5,0.135299
217,6,0.118170
217,7,0.211162
217,8,0.156764
217,9,0.139074
217,10,0.086751
217,11,0.140658
217,12,0.186839
217,13,0.092135
217,14,0.207754
217,15,0.110204
218,1,0.114218
218,2,0.041615
218,3,0.160857
218,4,0.139469
218,5,0.010059
218,6,0.058607
218,7,0.098404
218,8,0.145645
218,9,0.058462
218,10,0.159317
218,11,0.173854
218,12,0.206552
218,13,0.014025
218,14,0.086735
218,15,0.116061
219,1,0.049142
219,2,0.212241
219,3,0.033806
219,4,0.221915
219,5,0.100403
219,6,0.140018
219,7,0.156914
219,8,0.054996
219,9,0.174668
219,10,0.160511
219,11,0.064317
219,12,0.041615
219,13,0.098023
219,14,0.036386
219,15,0.205580
220,1,0.163360
220,2,0.148535
220,3,0.195732
220,4,0.113220
220,5,0.200353
220,6,0.163360
220,7,0.115253
220,8,0.033806
220,9,0.125669
220,10,0.125056
220,11,0.014025
220,12,0.151227
220,13,0.179179
220,14,0.056411
220,15,0.141739
221,1,0.163360
221,2,0.156175
221,3,0.149638
221,4,0.144631
221,5,0.137233
221,6,0.163360
221,7,0.205406
221,8,0.209177
221,9,0.057156
221,10,0.132100
221,11,0.151202
221,12,0.130242
221,13,0.152180
221,14,0.012595
221,15,0.031198
222,1,0.155832
222,2,0.133572
222,3,0.059638
222,4,0.106720
222,5,0.160335
222,6,0.009217
222,7,0.218167
222,8,0.198996
222,9,0.109021
222,10,0.085786
222,11,0.151202
222,12,0.134207
222,13,0.061178
222,14,0.159689
222,15,0.144661
223,1,0.086656
223,2,0.150580
223,3,0.123971
223,4,0.132718
223,5,0.137186
223,6,0.009217
223,7,0.140018
223,8,0.142429
223,9,0.140040
223,10,0.093177
223,11,0.148185
223,12,0.134515
223,13,0.017094
223,14,0.142734
223,15,0.145668
224,1,0.133388
224,2,0.172304
224,3,0.128258
224,4,0.109173
224,5,0.057391
224,6,0.173854
224,7,0.143367
224,8,0.138171
224,9,0.089453
224,10,0.140565
224,11,0.092595
224,12,0.180043
224,13,0.053954
224,14,0.059060
224,15,0.073940
225,1,0.167831
225,2,0.122173
225,3,0.071938
225,4,0.161817
225,5,0.159846
225,6,0.151202
225,7,0.130678
225,8,0.145872
225,9,0.136722
225,10,0.154491
225,11,0.173854
225,12,0.217808
225,13,0.204724
225,14,0.067856
225,15,0.122272
226,1,0.074782
226,2,0.028837
226,3,0.037543
226,4,0.073184
226,5,0.092814
226,6,0.151202
226,7,0.130678
226,8,0.088240
226,9,0.085568
226,10,0.138424
226,11,0.163360
226,12,0.128236
226,13,0.187040
226,14,0.053397
226,15,0.139006
227,1,0.045863
227,2,0.170846
227,3,0.167567
227,4,0.089561
227,5,0.176669
227,6,0.167831
227,7,0.200571
227,8,0.141274
227,9,0.105857
227,10,0.092337
227,11,0.181900
227,12,0.140820
227,13,0.069566
227,14,0.143764
227,15,0.083455
228,1,0.225319
228,2,0.143083
228,3,0.145405
228,4,0.112373
228,5,0.137018
228,6,0.051465
228,7,0.149989
228,8,0.100651
228,9,0.120819
228,10,0.146050
228,11,0.057429
228,12,0.152175
228,13,0.143101
228,14,0.145954
228,15,0.031828
229,1,0.173854
229,2,0.200664
229,3,0.187969
229,4,0.140107
229,5,0.090260
229,6,0.163360
229,7,0.148535
229,8,0.034321
229,9,0.152580
229,10,0.200945
229,11,0.090445
229,12,0.136731
229,13,0.059367
229,14,0.083470
229,15,0.071688
230,1,0.164637
230,2,0.200957
230,3,0.073892
230,4,0.127927
230,5,0.135782
230,6,0.164968
230,7,0.208005
230,8,0.148728
230,9,0.018754
230,10,0.128484
230,11,0.049142
230,12,0.133388
230,13,0.053828
230,14,0.041376
230,15,0.079969
231,1,0.151202
231,2,0.072009
231,3,0.112074
231,4,0.141461
231,5,0.087851
231,6,0.163360
231,7,0.028203
231,8,0.148549
231,9,0.011545
231,10,0.149323
231,11,0.086656
231,12,0.028837
231,13,0.134218
231,14,0.126441
231,15,0.087026
232,1,0.074782
232,2,0.171998
232,3,0.203701
232,4,0.058013
232,5,0.203110
232,6,0.072631
232,7,0.150580
232,8,0.134790
232,9,0.059725
232,10,0.147602
232,11,0.163360
232,12,0.068502
232,13,0.083818
232,14,0.067607
232,15,0.014479
233,1,0.092595
233,2,0.019162
233,3,0.145091
233,4,0.141988
233,5,0.074765
233,6,0.092595
233,7,0.082317
233,8,0.097704
233,9,0.032414
233,10,0.090895
233,11,0.090445
233,12,0.078199
233,13,0.128222
233,14,0.144039
233,15,0.143922
234,1,0.163360
234,2,0.094768
234,3,0.141267
234,4,0.027432
234,5,0.138736
234,6,0.108952
234,7,0.122338
234,8,0.114769
234,9,0.212386
234,10,0.137503
234,11,0.173854
234,12,0.099636
234,13,0.085316
234,14,0.140185
234,15,0.139206
235,1,0.158614
235,2,0.114384
235,3,0.144036
235,4,0.077802
235,5,0.066872
235,6,0.076420
235,7,0.182206
235,8,0.103224
235,9,0.067999
235,10,0.068206
235,11,0.106620
235,12,0.010059
235,13,0.141195
235,14,0.146994
235,15,0.146487
236,1,0.121745
236,2,0.213567
236,3,0.066971
236,4,0.050256
236,5,0.107028
236,6,0.014025
236,7,0.060682
236,8,0.139855
236,9,0.150785
236,10,0.014025
236,11,0.163360
236,12,0.151596
236,13,0.129799
236,14,0.139800
236,15,0.055679
237,1,0.051465
237,2,0.163360
237,3,0.114058
237,4,0.111453
237,5,0.125135
237,6,0.160511
237,7,0.093628
237,8,0.157991
237,9,0.114599
237,10,0.105639
237,11,0.028049
237,12,0.139483
237,13,0.091425
237,14,0.141429
237,15,0.134279
238,1,0.092595
238,2,0.072257
238,3,0.143499
238,4,0.134250
238,5,0.118008
238,6,0.173854
238,7,0.140820
238,8,0.141132
238,9,0.136923
238,10,0.014683
238,11,0.163360
238,12,0.135059
238,13,0.196298
238,14,0.053741
238,15,0.075344
239,1,0.151202
239,2,0.130242
239,3,0.144743
239,4,0.136559
239,5,0.136138
239,6,0.098404
239,7,0.156914
239,8,0.030691
239,9,0.189752
239,10,0.179295
239,11,0.078570
239,12,0.130864
239,13,0.158765
239,14,0.135383
239,15,0.167714
240,1,0.151202
240,2,0.143498
240,3,0.146830
240,4,0.142553
240,5,0.141757
240,6,0.133388
240,7,0.162613
240,8,0.130588
240,9,0.124517
240,10,0.149772
240,11,0.151202
240,12,0.126076
240,13,0.092370
240,14,0.149681
240,15,0.145612
241,1,0.163360
241,2,0.114058
241,3,0.110964
241,4,0.166876
241,5,0.150406
241,6,0.163360
241,7,0.128236
241,8,0.017292
241,9,0.139496
241,10,0.142642
241,11,0.017813
241,12,0.181900
241,13,0.089798
241,14,0.141732
241,15,0.179349
242,1,0.116367
242,2,0.112165
242,3,0.165078
242,4,0.088852
242,5,0.142326
242,6,0.197447
242,7,0.146049
242,8,0.052968
242,9,0.153938
242,10,0.141757
242,11,0.173854
242,12,0.200664
242,13,0.198369
242,14,0.198790
242,15,0.148752
243,1,0.163360
243,2,0.033806
243,3,0.206541
243,4,0.151587
243,5,0.064955
243,6,0.041615
243,7,0.151355
243,8,0.137381
243,9,0.073737
243,10,0.073935
243,11,0.099043
243,12,0.075421
243,13,0.171886
243,14,0.090153
243,15,0.143309
244,1,0.158614
244,2,0.025623
244,3,0.070372
244,4,0.070845
244,5,0.134940
244,6,0.064956
244,7,0.219297
244,8,0.204726
244,9,0.203510
244,10,0.108240
244,11,0.098404
244,12,0.144922
244,13,0.030027
244,14,0.146342
244,15,0.107142
245,1,0.090757
245,2,0.130261
245,3,0.093628
245,4,0.202540
245,5,0.036839
245,6,0.151202
245,7,0.014025
245,8,0.124336
245,9,0.143058
245,10,0.135580
245,11,0.173854
245,12,0.147134
245,13,0.206098
245,14,0.201038
245,15,0.012811
246,1,0.163360
246,2,0.208005
246,3,0.145740
246,4,0.198987
246,5,0.134248
246,6,0.009217
246,7,0.053531
246,8,0.151544
246,9,0.142375
246,10,0.100034
246,11,0.173854
246,12,0.206552
246,13,0.211903
246,14,0.204061
246,15,0.204835
247,1,0.113172
247,2,0.198205
247,3,0.131819
247,4,0.016666
247,5,0.236058
247,6,0.163360
247,7,0.205406
247,8,0.093470
247,9,0.155017
247,10,0.065398
247,11,0.163360
247,12,0.059580
247,13,0.091958
247,14,0.146110
247,15,0.088221
248,1,0.151202
248,2,0.130242
248,3,0.032644
248,4,0.126657
248,5,0.149708
248,6,0.056789
248,7,0.127109
248,8,0.028837
248,9,0.158243
248,10,0.076197
248,11,0.133388
248,12,0.072257
248,13,0.057035
248,14,0.010865
248,15,0.130831
249,1,0.163360
249,2,0.193211
249,3,0.074803
249,4,0.167145
249,5,0.171378
249,6,0.090445
249,7,0.072009
249,8,0.107149
249,9,0.142119
249,10,0.168561
249,11,0.173854
249,12,0.140820
249,13,0.085905
249,14,0.142960
249,15,0.074941
250,1,0.108952
250,2,0.150442
250,3,0.058473
250,4,0.118060
250,5,0.133208
250,6,0.173854
250,7,0.056955
250,8,0.012811
250,9,0.125565
250,10,0.178585
250,11,0.064956
250,12,0.134362
250,13,0.123938
250,14,0.145054
250,15,0.141667
251,1,0.051465
251,2,0.064902
251,3,0.149004
251,4,0.202825
251,5,0.150636
251,6,0.119364
251,7,0.172304
251,8,0.141070
251,9,0.141332
251,10,0.132363
251,11,0.116367
251,12,0.210735
251,13,0.145548
251,14,0.145014
251,15,0.075215
252,1,0.090757
252,2,0.204432
252,3,0.206516
252,4,0.026836
252,5,0.142106
252,6,0.157441
252,7,0.146049
252,8,0.154541
252,9,0.131759
252,10,0.134979
252,11,0.102929
252,12,0.149989
252,13,0.075057
252,14,0.156393
252,15,0.145402
253,1,0.173854
253,2,0.085786
253,3,0.149597
253,4,0.203820
253,5,0.201006
253,6,0.151202
253,7,0.134207
253,8,0.159339
253,9,0.028837
253,10,0.141311
253,11,0.151202
253,12,0.061950
253,13,0.146735
253,14,0.142037
253,15,0.147674
254,1,0.173854
254,2,0.206552
254,3,0.114703
254,4,0.143152
254,5,0.135836
254,6,0.151202
254,7,0.130242
254,8,0.073737
254,9,0.138727
254,10,0.141160
254,11,0.155832
254,12,0.175935
254,13,0.057814
254,14,0.210610
254,15,0.195596
255,1,0.173854
255,2,0.140820
255,3,0.051465
255,4,0.155765
255,5,0.156757
255,6,0.151202
255,7,0.024084
255,8,0.141812
255,9,0.139897
255,10,0.165943
255,11,0.173854
255,12,0.140820
255,13,0.141132
255,14,0.136339
255,15,0.015351
256,1,0.163360
256,2,0.189981
256,3,0.206114
256,4,0.074538
256,5,0.044692
256,6,0.051465
256,7,0.099223
256,8,0.080618
256,9,0.138584
256,10,0.059037
256,11,0.105931
256,12,0.205795
256,13,0.152373
256,14,0.032954
256,15,0.163693
257,1,0.076420
257,2,0.019162
257,3,0.074772
257,4,0.146881
257,5,0.100982
257,6,0.163360
257,7,0.054478
257,8,0.204140
257,9,0.142822
257,10,0.136686
257,11,0.140018
257,12,0.007528
257,13,0.014178
257,14,0.058152
257,15,0.145073
258,1,0.106571
258,2,0.134515
258,3,0.138529
258,4,0.139960
258,5,0.124184
258,6,0.164637
258,7,0.164118
258,8,0.204855
258,9,0.042508
258,10,0.194531
258,11,0.105931
258,12,0.219590
258,13,0.070645
258,14,0.202275
258,15,0.100354
259,1,0.116367
259,2,0.104995
259,3,0.043778
259,4,0.158644
259,5,0.027086
259,6,0.060682
259,7,0.132175
259,8,0.181625
259,9,0.105774
259,10,0.150974
259,11,0.167831
259,12,0.087852
259,13,0.143274
259,14,0.091903
259,15,0.206499
260,1,0.173854
260,2,0.206552
260,3,0.201887
260,4,0.074580
260,5,0.117349
260,6,0.163360
260,7,0.090215
260,8,0.059638
260,9,0.094393
260,10,0.215738
260,11,0.173854
260,12,0.068949
260,13,0.109112
260,14,0.164022
260,15,0.106438
261,1,0.049142
261,2,0.203325
261,3,0.204629
261,4,0.201636
261,5,0.203669
261,6,0.106620
261,7,0.068292
261,8,0.141123
261,9,0.131305
261,10,0.144065
261,11,0.148185
261,12,0.073758
261,13,0.137753
261,14,0.152431
261,15,0.033806
262,1,0.105931
262,2,0.219590
262,3,0.142170
262,4,0.109719
262,5,0.148791
262,6,0.163360
262,7,0.208005
262,8,0.077066
262,9,0.127128
262,10,0.041615
262,11,0.028049
262,12,0.132610
262,13,0.188263
262,14,0.188159
262,15,0.133990
263,1,0.133388
263,2,0.148055
263,3,0.066372
263,4,0.142309
263,5,0.171021
263,6,0.076420
263,7,0.074782
263,8,0.157722
263,9,0.145043
263,10,0.017214
263,11,0.108952
263,12,0.159177
263,13,0.202895
263,14,0.166130
263,15,0.212469
264,1,0.163360
264,2,0.128236
264,3,0.123471
264,4,0.096416
264,5,0.091133
264,6,0.118170
264,7,0.211162
264,8,0.143953
264,9,0.142874
264,10,0.067137
264,11,0.163360
264,12,0.205406
264,13,0.140819
264,14,0.135192
264,15,0.134561
265,1,0.118170
265,2,0.149008
265,3,0.156673
265,4,0.054104
265,5,0.089605
265,6,0.055685
265,7,0.099645
265,8,0.054751
265,9,0.112730
265,10,0.146483
265,11,0.173854
265,12,0.200664
265,13,0.109917
265,14,0.141252
265,15,0.068327
266,1,0.133388
266,2,0.152020
266,3,0.146428
266,4,0.135647
266,5,0.142509
266,6,0.165226
266,7,0.130242
266,8,0.152180
266,9,0.139947
266,10,0.116869
266,11,0.163360
266,12,0.208005
266,13,0.148728
266,14,0.137928
266,15,0.077656
267,1,0.106620
267,2,0.157416
267,3,0.141512
267,4,0.104703
267,5,0.198784
267,6,0.151202
267,7,0.143498
267,8,0.146050
267,9,0.172888
267,10,0.071161
267,11,0.173854
267,12,0.206552
267,13,0.145683
267,14,0.050367
267,15,0.154039
268,1,0.163360
268,2,0.208005
268,3,0.148728
268,4,0.120221
268,5,0.137963
268,6,0.041615
268,7,0.155832
268,8,0.159123
268,9,0.092308
268,10,0.215573
268,11,0.163360
268,12,0.144722
268,13,0.202249
268,14,0.115239
268,15,0.133608
269,1,0.055685
269,2,0.163526
269,3,0.205339
269,4,0.159838
269,5,0.017187
269,6,0.051465
269,7,0.093628
269,8,0.151767
269,9,0.130068
269,10,0.149342
269,11,0.163360
269,12,0.114560
269,13,0.083199
269,14,0.077529
269,15,0.140575
270,1,0.151202
270,2,0.157722
270,3,0.140518
270,4,0.155133
270,5,0.138500
270,6,0.102929
270,7,0.149989
270,8,0.133590
270,9,0.098649
270,10,0.135466
270,11,0.155832
270,12,0.058382
270,13,0.100494
270,14,0.142432
270,15,0.061318
271,1,0.163360
271,2,0.208005
271,3,0.205998
271,4,0.198727
271,5,0.151987
271,6,0.072631
271,7,0.164968
271,8,0.058419
271,9,0.078715
271,10,0.144075
271,11,0.051465
271,12,0.107149
271,13,0.143014
271,14,0.142216
271,15,0.161304
272,1,0.137177
272,2,0.102929
272,3,0.163206
272,4,0.165797
272,5,0.159354
272,6,0.122484
272,7,0.211328
272,8,0.041615
272,9,0.014178
272,10,0.033806
272,11,0.151202
272,12,0.143498
272,13,0.012810
272,14,0.014025
272,15,0.069799
273,1,0.108952
273,2,0.159177
273,3,0.202895
273,4,0.087396
273,5,0.149412
273,6,0.173854
273,7,0.200664
273,8,0.204724
273,9,0.144968
273,10,0.137853
273,11,0.163360
273,12,0.087783
273,13,0.141572
273,14,0.150888
273,15,0.090333
274,1,0.173854
274,2,0.093794
274,3,0.153031
274,4,0.034360
274,5,0.197226
274,6,0.058607
274,7,0.154545
274,8,0.129471
274,9,0.134939
274,10,0.058134
274,11,0.163360
274,12,0.208005
274,13,0.148728
274,14,0.081494
274,15,0.155555
275,1,0.151202
275,2,0.143498
275,3,0.115181
275,4,0.118317
275,5,0.137415
275,6,0.163360
275,7,0.208005
275,8,0.148728
275,9,0.142404
275,10,0.137930
275,11,0.163360
275,12,0.142260
275,13,0.176286
275,14,0.174740
275,15,0.046537
276,1,0.163360
276,2,0.148366
276,3,0.150171
276,4,0.094849
276,5,0.138797
276,6,0.119364
276,7,0.162613
276,8,0.188452
276,9,0.121826
276,10,0.177325
276,11,0.151202
276,12,0.130242
276,13,0.141759
276,14,0.029796
276,15,0.068655
277,1,0.173854
277,2,0.026836
277,3,0.128009
277,4,0.138580
277,5,0.058531
277,6,0.137177
277,7,0.180350
277,8,0.143830
277,9,0.135624
277,10,0.138147
277,11,0.216102
277,12,0.156351
277,13,0.137209
277,14,0.089373
277,15,0.131594
278,1,0.173854
278,2,0.143083
278,3,0.026836
278,4,0.143445
278,5,0.136696
278,6,0.163360
278,7,0.028203
278,8,0.073965
278,9,0.145929
278,10,0.116596
278,11,0.151202
278,12,0.106913
278,13,0.069752
278,14,0.137678
278,15,0.061834
279,1,0.151202
279,2,0.157722
279,3,0.110541
279,4,0.172188
279,5,0.068761
279,6,0.164637
279,7,0.156351
279,8,0.198144
279,9,0.185369
279,10,0.088345
279,11,0.163360
279,12,0.128236
279,13,0.176286
279,14,0.144407
279,15,0.137555
280,1,0.216102
280,2,0.159342
280,3,0.127723
280,4,0.099034
280,5,0.135535
280,6,0.151202
280,7,0.041615
280,8,0.143498
280,9,0.092106
280,10,0.141204
280,11,0.098404
280,12,0.156914
280,13,0.222481
280,14,0.215358
280,15,0.058262
281,1,0.151202
281,2,0.134207
281,3,0.068417
281,4,0.067647
281,5,0.105465
281,6,0.173854
281,7,0.206552
281,8,0.211903
281,9,0.199599
281,10,0.133189
281,11,0.163360
281,12,0.205406
281,13,0.066971
281,14,0.109279
281,15,0.174458
282,1,0.173854
282,2,0.153306
282,3,0.203553
282,4,0.207528
282,5,0.210132
282,6,0.163360
282,7,0.028203
282,8,0.148549
282,9,0.162399
282,10,0.138977
282,11,0.164637
282,12,0.159342
282,13,0.086811
282,14,0.206320
282,15,0.205287
283,1,0.158614
283,2,0.084407
283,3,0.110408
283,4,0.074202
283,5,0.135113
283,6,0.173854
283,7,0.085786
283,8,0.140820
283,9,0.144843
283,10,0.144852
283,11,0.090445
283,12,0.113479
283,13,0.140655
283,14,0.158504
283,15,0.147375
284,1,0.163360
284,2,0.087783
284,3,0.178245
284,4,0.090634
284,5,0.017004
284,6,0.173854
284,7,0.142034
284,8,0.085774
284,9,0.075145
284,10,0.076809
284,11,0.119364
284,12,0.152020
284,13,0.159339
284,14,0.066398
284,15,0.159742
285,1,0.151202
285,2,0.157722
285,3,0.096117
285,4,0.015697
285,5,0.059471
285,6,0.076420
285,7,0.136731
285,8,0.158052
285,9,0.151650
285,10,0.063050
285,11,0.173854
285,12,0.200664
285,13,0.198766
285,14,0.018156
285,15,0.215449
286,1,0.173854
286,2,0.200664
286,3,0.140199
286,4,0.106851
286,5,0.149633
286,6,0.163360
286,7,0.208005
286,8,0.205998
286,9,0.203757
286,10,0.145531
286,11,0.173854
286,12,0.206552
286,13,0.143306
286,14,0.133008
286,15,0.139567
287,1,0.106620
287,2,0.020119
287,3,0.075872
287,4,0.072539
287,5,0.040562
287,6,0.163360
287,7,0.174199
287,8,0.087851
287,9,0.210323
287,10,0.149331
287,11,0.163360
287,12,0.028203
287,13,0.179143
287,14,0.138067
287,15,0.138702
288,1,0.163360
288,2,0.205406
288,3,0.204401
288,4,0.196786
288,5,0.192156
288,6,0.041615
288,7,0.066705
288,8,0.203353
288,9,0.099628
288,10,0.071464
288,11,0.151202
288,12,0.143498
288,13,0.146830
288,14,0.142553
288,15,0.048642
289,1,0.137177
289,2,0.174248
289,3,0.165792
289,4,0.089546
289,5,0.064385
289,6,0.181900
289,7,0.101063
289,8,0.101278
289,9,0.079999
289,10,0.081014
289,11,0.133388
289,12,0.103847
289,13,0.088699
289,14,0.150542
289,15,0.141238
290,1,0.169635
290,2,0.201118
290,3,0.034321
290,4,0.200079
290,5,0.140156
290,6,0.055685
290,7,0.173401
290,8,0.200889
290,9,0.199347
290,10,0.137934
290,11,0.155832
290,12,0.145896
290,13,0.086321
290,14,0.136662
290,15,0.143232
291,1,0.017813
291,2,0.174994
291,3,0.163810
291,4,0.102327
291,5,0.012768
291,6,0.163360
291,7,0.208005
291,8,0.056194
291,9,0.148334
291,10,0.205512
291,11,0.151202
291,12,0.130242
291,13,0.141759
291,14,0.142086
291,15,0.138894
292,1,0.173854
292,2,0.089552
292,3,0.209902
292,4,0.211903
292,5,0.210223
292,6,0.017813
292,7,0.133388
292,8,0.027324
292,9,0.139948
292,10,0.145419
292,11,0.173854
292,12,0.200664
292,13,0.204323
292,14,0.207235
292,15,0.136867
293,1,0.163360
293,2,0.205406
293,3,0.200990
293,4,0.131173
293,5,0.082776
293,6,0.106571
293,7,0.214451
293,8,0.205264
293,9,0.199458
293,10,0.052422
293,11,0.163360
293,12,0.205406
293,13,0.140819
293,14,0.133902
293,15,0.142042
294,1,0.173854
294,2,0.200664
294,3,0.204323
294,4,0.034360
294,5,0.211038
294,6,0.151202
294,7,0.130242
294,8,0.061178
294,9,0.142231
294,10,0.121810
294,11,0.163360
294,12,0.208005
294,13,0.074803
294,14,0.164843
294,15,0.170576
295,1,0.072631
295,2,0.164968
295,3,0.147498
295,4,0.034321
295,5,0.201651
295,6,0.163360
295,7,0.075421
295,8,0.058152
295,9,0.222481
295,10,0.202539
295,11,0.151202
295,12,0.120182
295,13,0.071238
295,14,0.062844
295,15,0.014525
296,1,0.173854
296,2,0.140820
296,3,0.144843
296,4,0.121290
296,5,0.021276
296,6,0.163360
296,7,0.208005
296,8,0.148048
296,9,0.107910
296,10,0.017199
296,11,0.173854
296,12,0.057581
296,13,0.200210
296,14,0.204167
296,15,0.086288
297,1,0.119364
297,2,0.102929
297,3,0.140242
297,4,0.214459
297,5,0.166975
297,6,0.133388
297,7,0.142507
297,8,0.146830
297,9,0.137094
297,10,0.144252
297,11,0.090757
297,12,0.203325
297,13,0.142170
297,14,0.141317
297,15,0.018792
298,1,0.151202
298,2,0.143498
298,3,0.122645
298,4,0.137170
298,5,0.152852
298,6,0.151202
298,7,0.130242
298,8,0.141759
298,9,0.135852
298,10,0.157627
298,11,0.151202
298,12,0.024084
298,13,0.141812
298,14,0.139897
298,15,0.137828
299,1,0.173854
299,2,0.200664
299,3,0.198766
299,4,0.130031
299,5,0.108003
299,6,0.151202
299,7,0.122556
299,8,0.022871
299,9,0.093284
299,10,0.140514
299,11,0.151202
299,12,0.157722
299,13,0.066790
299,14,0.137188
299,15,0.138732
300,1,0.163360
300,2,0.014025
300,3,0.170604
300,4,0.183328
300,5,0.177772
300,6,0.151202
300,7,0.105293
300,8,0.157848
300,9,0.155583
300,10,0.160235
300,11,0.173854
300,12,0.140820
300,13,0.097511
300,14,0.129647
300,15,0.143503
301,1,0.151202
301,2,0.084461
301,3,0.142181
301,4,0.138026
301,5,0.121510
301,6,0.164637
301,7,0.135408
301,8,0.157963
301,9,0.056533
301,10,0.100389
301,11,0.041615
301,12,0.151355
301,13,0.137381
301,14,0.166665
301,15,0.181628
302,1,0.169635
302,2,0.206386
302,3,0.103016
302,4,0.083175
302,5,0.138641
302,6,0.173854
302,7,0.206552
302,8,0.211903
302,9,0.199599
302,10,0.204835
302,11,0.151202
302,12,0.089064
302,13,0.181726
302,14,0.088275
302,15,0.161625
303,1,0.148185
303,2,0.148693
303,3,0.182974
303,4,0.139238
303,5,0.174858
303,6,0.173854
303,7,0.140820
303,8,0.134362
303,9,0.078202
303,10,0.138925
303,11,0.088806
303,12,0.029257
303,13,0.177892
303,14,0.073923
303,15,0.158494
304,1,0.090445
304,2,0.182206
304,3,0.047703
304,4,0.177006
304,5,0.178580
304,6,0.151202
304,7,0.143498
304,8,0.014025
304,9,0.141733
304,10,0.075413
304,11,0.163360
304,12,0.028203
304,13,0.131257
304,14,0.147341
304,15,0.151457
305,1,0.147413
305,2,0.072826
305,3,0.128684
305,4,0.144101
305,5,0.136931
305,6,0.173854
305,7,0.140820
305,8,0.139696
305,9,0.142104
305,10,0.141156
305,11,0.106571
305,12,0.134515
305,13,0.145573
305,14,0.145810
305,15,0.064934
306,1,0.173854
306,2,0.211328
306,3,0.201849
306,4,0.199631
306,5,0.101774
306,6,0.173854
306,7,0.145433
306,8,0.080618
306,9,0.137826
306,10,0.175735
306,11,0.173854
306,12,0.200664
306,13,0.192975
306,14,0.190040
306,15,0.144075
307,1,0.163360
307,2,0.208005
307,3,0.088987
307,4,0.202797
307,5,0.026836
307,6,0.163360
307,7,0.205406
307,8,0.209177
307,9,0.140975
307,10,0.018037
307,11,0.151202
307,12,0.130242
307,13,0.152180
307,14,0.102210
307,15,0.137175
308,1,0.173854
308,2,0.089552
308,3,0.200889
308,4,0.204323
308,5,0.045197
308,6,0.086656
308,7,0.151533
308,8,0.186116
308,9,0.146494
308,10,0.131821
308,11,0.055685
308,12,0.144227
308,13,0.126761
308,14,0.136440
308,15,0.081527
309,1,0.060682
309,2,0.218167
309,3,0.156591
309,4,0.200886
309,5,0.193876
309,6,0.163360
309,7,0.208005
309,8,0.114696
309,9,0.213419
309,10,0.100243
309,11,0.060682
309,12,0.195001
309,13,0.233223
309,14,0.199008
309,15,0.198554
310,1,0.074782
310,2,0.027873
310,3,0.141195
310,4,0.148553
310,5,0.142701
310,6,0.173854
310,7,0.140820
310,8,0.125406
310,9,0.133883
310,10,0.155508
310,11,0.163360
310,12,0.208005
310,13,0.205998
310,14,0.195642
310,15,0.014025
311,1,0.163360
311,2,0.014178
311,3,0.172896
311,4,0.185568
311,5,0.186761
311,6,0.151202
311,7,0.126522
311,8,0.156393
311,9,0.097256
311,10,0.051592
311,11,0.163360
311,12,0.208005
311,13,0.221416
311,14,0.210734
311,15,0.165138
312,1,0.173854
312,2,0.109046
312,3,0.139385
312,4,0.010865
312,5,0.129355
312,6,0.163360
312,7,0.036386
312,8,0.217999
312,9,0.148617
312,10,0.133969
312,11,0.163360
312,12,0.205406
312,13,0.165058
312,14,0.142903
312,15,0.210317
313,1,0.076420
313,2,0.182206
313,3,0.168648
313,4,0.166443
313,5,0.090101
313,6,0.057429
313,7,0.152175
313,8,0.111312
313,9,0.156202
313,10,0.133508
313,11,0.151202
313,12,0.143498
313,13,0.089244
313,14,0.140044
313,15,0.190502
314,1,0.163360
314,2,0.199999
314,3,0.141137
314,4,0.141119
314,5,0.138649
314,6,0.163360
314,7,0.205406
314,8,0.090101
314,9,0.133099
314,10,0.135712
314,11,0.049142
314,12,0.219297
314,13,0.204629
314,14,0.098294
314,15,0.196604
315,1,0.173854
315,2,0.143083
315,3,0.142848
315,4,0.136556
315,5,0.048342
315,6,0.090445
315,7,0.145853
315,8,0.144633
315,9,0.125302
315,10,0.142886
315,11,0.118170
315,12,0.218261
315,13,0.198542
315,14,0.141118
315,15,0.102678
316,1,0.163360
316,2,0.205406
316,3,0.194641
316,4,0.066971
316,5,0.195586
316,6,0.151202
316,7,0.143498
316,8,0.160855
316,9,0.137094
316,10,0.149183
316,11,0.098404
316,12,0.093874
316,13,0.151094
316,14,0.142961
316,15,0.209778
317,1,0.060757
317,2,0.017813
317,3,0.058233
317,4,0.174249
317,5,0.136200
317,6,0.151202
317,7,0.130242
317,8,0.144743
317,9,0.140013
317,10,0.140696
317,11,0.007528
317,12,0.133388
317,13,0.157553
317,14,0.151736
317,15,0.121875
318,1,0.151202
318,2,0.157722
318,3,0.145673
318,4,0.133513
318,5,0.164501
318,6,0.108952
318,7,0.151655
318,8,0.156727
318,9,0.096117
318,10,0.143875
318,11,0.151202
318,12,0.165950
318,13,0.109835
318,14,0.134084
318,15,0.162966
319,1,0.163360
319,2,0.205406
319,3,0.107244
319,4,0.209100
319,5,0.198461
319,6,0.163360
319,7,0.169019
319,8,0.113594
319,9,0.213515
319,10,0.203763
319,11,0.163360
319,12,0.151639
319,13,0.088087
319,14,0.156363
319,15,0.062578
320,1,0.119364
320,2,0.114510
320,3,0.204717
320,4,0.143889
320,5,0.139016
320,6,0.151202
320,7,0.119814
320,8,0.146220
320,9,0.103145
320,10,0.146382
320,11,0.151202
320,12,0.143498
320,13,0.087095
320,14,0.141815
320,15,0.064733
321,1,0.099043
321,2,0.152175
321,3,0.143101
321,4,0.145221
321,5,0.112965
321,6,0.163360
321,7,0.198488
321,8,0.182804
321,9,0.200666
321,10,0.194587
321,11,0.151202
321,12,0.157722
321,13,0.140518
321,14,0.158909
321,15,0.170488
322,1,0.057429
322,2,0.174749
322,3,0.014025
322,4,0.139092
322,5,0.141132
322,6,0.163360
322,7,0.208005
322,8,0.221416
322,9,0.033986
322,10,0.051465
322,11,0.163360
322,12,0.208005
322,13,0.205998
322,14,0.058118
322,15,0.161250
323,1,0.151202
323,2,0.130242
323,3,0.144743
323,4,0.140013
323,5,0.145912
323,6,0.151202
323,7,0.157722
323,8,0.140518
323,9,0.165821
323,10,0.168338
323,11,0.163360
323,12,0.059580
323,13,0.169605
323,14,0.094182
323,15,0.163750
324,1,0.119364
324,2,0.162613
324,3,0.203246
324,4,0.209617
324,5,0.141186
324,6,0.173854
324,7,0.108762
324,8,0.086183
324,9,0.126867
324,10,0.010865
324,11,0.151202
324,12,0.143498
324,13,0.146830
324,14,0.137094
324,15,0.017034
325,1,0.151202
325,2,0.157722
325,3,0.135396
325,4,0.142232
325,5,0.146893
325,6,0.151202
325,7,0.130242
325,8,0.134978
325,9,0.118561
325,10,0.157117
325,11,0.151202
325,12,0.143498
325,13,0.033018
325,14,0.149792
325,15,0.020273
326,1,0.151202
326,2,0.157722
326,3,0.091568
326,4,0.126804
326,5,0.157760
326,6,0.098404
326,7,0.145076
326,8,0.145977
326,9,0.139174
326,10,0.135259
326,11,0.173854
326,12,0.200664
326,13,0.204323
326,14,0.195906
326,15,0.138968
327,1,0.169635
327,2,0.206386
327,3,0.146329
327,4,0.142874
327,5,0.055489
327,6,0.147546
327,7,0.171989
327,8,0.204978
327,9,0.141509
327,10,0.126606
327,11,0.173854
327,12,0.012811
327,13,0.179111
327,14,0.142848
327,15,0.080302
328,1,0.158614
328,2,0.143014
328,3,0.130109
328,4,0.069537
328,5,0.136668
328,6,0.163360
328,7,0.128236
328,8,0.123471
328,9,0.138584
328,10,0.156290
328,11,0.164637
328,12,0.156351
328,13,0.162122
328,14,0.141912
328,15,0.153977
329,1,0.173854
329,2,0.206552
329,3,0.211903
329,4,0.203146
329,5,0.052380
329,6,0.151202
329,7,0.143498
329,8,0.141733
329,9,0.157133
329,10,0.155790
329,11,0.216102
329,12,0.156351
329,13,0.137209
329,14,0.138028
329,15,0.142122
330,1,0.163360
330,2,0.205406
330,3,0.204304
330,4,0.104038
330,5,0.201841
330,6,0.078570
330,7,0.130864
330,8,0.147632
330,9,0.137118
330,10,0.142580
330,11,0.163360
330,12,0.114058
330,13,0.165877
330,14,0.144818
330,15,0.139124
331,1,0.049142
331,2,0.087851
331,3,0.201260
331,4,0.055231
331,5,0.206151
331,6,0.151202
331,7,0.100651
331,8,0.128028
331,9,0.144545
331,10,0.135367
331,11,0.045863
331,12,0.021729
331,13,0.085213
331,14,0.142353
331,15,0.154128
332,1,0.160417
332,2,0.156805
332,3,0.200210
332,4,0.139737
332,5,0.136311
332,6,0.151202
332,7,0.157722
332,8,0.140518
332,9,0.167714
332,10,0.190561
332,11,0.104469
332,12,0.159579
332,13,0.063842
332,14,0.160969
332,15,0.156391
333,1,0.045863
333,2,0.144244
333,3,0.147151
333,4,0.110376
333,5,0.139300
333,6,0.173854
333,7,0.143367
333,8,0.149544
333,9,0.200314
333,10,0.026836
333,11,0.163360
333,12,0.141617
333,13,0.138791
333,14,0.115614
333,15,0.017004
334,1,0.173854
334,2,0.200664
334,3,0.204777
334,4,0.145922
334,5,0.138106
334,6,0.163360
334,7,0.162102
334,8,0.201558
334,9,0.203893
334,10,0.136348
334,11,0.151202
334,12,0.157722
334,13,0.017141
334,14,0.180923
334,15,0.144615
335,1,0.151202
335,2,0.143498
335,3,0.059736
335,4,0.122358
335,5,0.142304
335,6,0.151202
335,7,0.086631
335,8,0.130719
335,9,0.145153
335,10,0.029985
335,11,0.154545
335,12,0.129471
335,13,0.144743
335,14,0.140013
335,15,0.145912
336,1,0.163360
336,2,0.208005
336,3,0.221416
336,4,0.193846
336,5,0.140819
336,6,0.163360
336,7,0.208005
336,8,0.205998
336,9,0.143238
336,10,0.139764
336,11,0.173854
336,12,0.206552
336,13,0.138650
336,14,0.210961
336,15,0.197206
337,1,0.173854
337,2,0.206552
337,3,0.052825
337,4,0.142595
337,5,0.057072
337,6,0.151202
337,7,0.068292
337,8,0.135686
337,9,0.149104
337,10,0.096785
337,11,0.174994
337,12,0.198488
337,13,0.143067
337,14,0.058801
337,15,0.156999
338,1,0.163360
338,2,0.041615
338,3,0.205406
338,4,0.140819
338,5,0.139299
338,6,0.151202
338,7,0.157722
338,8,0.150748
338,9,0.138426
338,10,0.140171
338,11,0.151202
338,12,0.157722
338,13,0.140518
338,14,0.050930
338,15,0.137850
339,1,0.083229
339,2,0.158776
339,3,0.112758
339,4,0.200276
339,5,0.204379
339,6,0.090445
339,7,0.136731
339,8,0.146735
339,9,0.080760
339,10,0.148861
339,11,0.173854
339,12,0.206552
339,13,0.201504
339,14,0.154971
339,15,0.100116
340,1,0.173854
340,2,0.140820
340,3,0.141132
340,4,0.136923
340,5,0.041615
340,6,0.165226
340,7,0.130242
340,8,0.144743
340,9,0.086885
340,10,0.134889
340,11,0.151202
340,12,0.105293
340,13,0.092115
340,14,0.105413
340,15,0.124196
341,1,0.173854
341,2,0.200664
341,3,0.199220
341,4,0.198852
341,5,0.199403
341,6,0.092595
341,7,0.130864
341,8,0.158765
341,9,0.135383
341,10,0.107513
341,11,0.151202
341,12,0.130242
341,13,0.092468
341,14,0.075664
341,15,0.117152
342,1,0.133388
342,2,0.120182
342,3,0.151374
342,4,0.129166
342,5,0.136433
342,6,0.151202
342,7,0.143498
342,8,0.146830
342,9,0.142553
342,10,0.141757
342,11,0.173854
342,12,0.200664
342,13,0.140199
342,14,0.136452
342,15,0.016714
343,1,0.163360
343,2,0.128236
343,3,0.142799
343,4,0.086951
343,5,0.140747
343,6,0.066705
343,7,0.149008
343,8,0.139862
343,9,0.128205
343,10,0.130762
343,11,0.151202
343,12,0.143498
343,13,0.146050
343,14,0.138633
343,15,0.156890
344,1,0.163360
344,2,0.128236
344,3,0.149771
344,4,0.142330
344,5,0.139484
344,6,0.074782
344,7,0.148677
344,8,0.028837
344,9,0.072009
344,10,0.134915
344,11,0.151202
344,12,0.010059
344,13,0.152827
344,14,0.142780
344,15,0.016115
345,1,0.173854
345,2,0.101063
345,3,0.143874
345,4,0.058848
345,5,0.138263
345,6,0.064902
345,7,0.210735
345,8,0.204398
345,9,0.136571
345,10,0.212406
345,11,0.152175
345,12,0.130242
345,13,0.134915
345,14,0.140013
345,15,0.141217
346,1,0.098404
346,2,0.145076
346,3,0.151924
346,4,0.144293
346,5,0.140162
346,6,0.163360
346,7,0.208005
346,8,0.148728
346,9,0.070218
346,10,0.145743
346,11,0.173854
346,12,0.140820
346,13,0.102845
346,14,0.145295
346,15,0.137191
347,1,0.107149
347,2,0.144227
347,3,0.142216
347,4,0.030420
347,5,0.041615
347,6,0.173854
347,7,0.206552
347,8,0.071363
347,9,0.199571
347,10,0.058503
347,11,0.118170
347,12,0.211162
347,13,0.156764
347,14,0.153226
347,15,0.150908
348,1,0.151202
348,2,0.157722
348,3,0.064301
348,4,0.163280
348,5,0.169906
348,6,0.173854
348,7,0.160226
348,8,0.216364
348,9,0.203828
348,10,0.089424
348,11,0.163360
348,12,0.205406
348,13,0.140819
348,14,0.115623
348,15,0.137527
349,1,0.173854
349,2,0.200664
349,3,0.204323
349,4,0.195844
349,5,0.199118
349,6,0.116367
349,7,0.200571
349,8,0.138717
349,9,0.138936
349,10,0.135901
349,11,0.173854
349,12,0.140820
349,13,0.139696
349,14,0.179804
349,15,0.180902
350,1,0.083229
350,2,0.086963
350,3,0.132820
350,4,0.183881
350,5,0.146494
350,6,0.174161
350,7,0.200664
350,8,0.141161
350,9,0.153977
350,10,0.139252
350,11,0.163360
350,12,0.128236
350,13,0.135840
350,14,0.119723
350,15,0.135204
351,1,0.163360
351,2,0.128236
351,3,0.153039
351,4,0.142212
351,5,0.106075
351,6,0.119364
351,7,0.172304
351,8,0.198392
351,9,0.142088
351,10,0.141220
351,11,0.051465
351,12,0.151202
351,13,0.130242
351,14,0.141759
351,15,0.141935
352,1,0.197447
352,2,0.127250
352,3,0.161876
352,4,0.139331
352,5,0.138802
352,6,0.163360
352,7,0.128236
352,8,0.139614
352,9,0.093220
352,10,0.103821
352,11,0.051465
352,12,0.158584
352,13,0.219395
352,14,0.205998
352,15,0.151032
353,1,0.151202
353,2,0.143498
353,3,0.146050
353,4,0.131986
353,5,0.153649
353,6,0.114218
353,7,0.145896
353,8,0.128607
353,9,0.147091
353,10,0.136075
353,11,0.173854
353,12,0.200664
353,13,0.198766
353,14,0.083744
353,15,0.137065
354,1,0.173854
354,2,0.206552
354,3,0.145683
354,4,0.121048
354,5,0.140514
354,6,0.173854
354,7,0.140820
354,8,0.141132
354,9,0.132699
354,10,0.140853
354,11,0.142266
354,12,0.157761
354,13,0.139889
354,14,0.180548
354,15,0.212914
355,1,0.151202
355,2,0.115211
355,3,0.158208
355,4,0.138763
355,5,0.155837
355,6,0.151202
355,7,0.075974
355,8,0.129471
355,9,0.145101
355,10,0.136292
355,11,0.151202
355,12,0.130242
355,13,0.089647
355,14,0.059646
355,15,0.122411
356,1,0.173854
356,2,0.200664
356,3,0.079656
356,4,0.169114
356,5,0.052467
356,6,0.160417
356,7,0.181908
356,8,0.140819
356,9,0.127346
356,10,0.014055
356,11,0.163360
356,12,0.205406
356,13,0.140442
356,14,0.069666
356,15,0.142467
357,1,0.163360
357,2,0.114058
357,3,0.203141
357,4,0.209969
357,5,0.048011
357,6,0.163360
357,7,0.205406
357,8,0.204401
357,9,0.144719
357,10,0.136647
357,11,0.163360
357,12,0.205406
357,13,0.200990
357,14,0.198968
357,15,0.207170
358,1,0.173854
358,2,0.200664
358,3,0.140199
358,4,0.139575
358,5,0.131822
358,6,0.163360
358,7,0.128236
358,8,0.139614
358,9,0.137471
358,10,0.145135
358,11,0.173854
358,12,0.140820
358,13,0.141132
358,14,0.136339
358,15,0.065788
359,1,0.163360
359,2,0.205406
359,3,0.200990
359,4,0.131167
359,5,0.135669
359,6,0.140018
359,7,0.041334
359,8,0.111254
359,9,0.202793
359,10,0.203336
359,11,0.173854
359,12,0.200664
359,13,0.018156
359,14,0.139338
359,15,0.085350
360,1,0.163360
360,2,0.142260
360,3,0.153039
360,4,0.147845
360,5,0.141115
360,6,0.163360
360,7,0.191468
360,8,0.221065
360,9,0.039349
360,10,0.108336
360,11,0.151202
360,12,0.130242
360,13,0.010170
360,14,0.150907
360,15,0.149932
361,1,0.163360
361,2,0.128236
361,3,0.149771
361,4,0.048235
361,5,0.139043
361,6,0.009217
361,7,0.148555
361,8,0.141558
361,9,0.146887
361,10,0.137066
361,11,0.163360
361,12,0.159405
361,13,0.127311
361,14,0.136578
361,15,0.146596
362,1,0.007528
362,2,0.107149
362,3,0.200806
362,4,0.204228
362,5,0.206765
362,6,0.151202
362,7,0.180350
362,8,0.165797
362,9,0.159354
362,10,0.192439
362,11,0.173854
362,12,0.206552
362,13,0.145683
362,14,0.131731
362,15,0.133004
363,1,0.173854
363,2,0.206552
363,3,0.143306
363,4,0.136505
363,5,0.134582
363,6,0.163360
363,7,0.098023
363,8,0.147165
363,9,0.143553
363,10,0.134109
363,11,0.151202
363,12,0.143498
363,13,0.146050
363,14,0.131986
363,15,0.152842
364,1,0.163360
364,2,0.205406
364,3,0.218134
364,4,0.070883
364,5,0.175079
364,6,0.151202
364,7,0.130242
364,8,0.152180
364,9,0.139947
364,10,0.142421
364,11,0.163360
364,12,0.059580
364,13,0.014025
364,14,0.124334
364,15,0.140436
365,1,0.088806
365,2,0.144712
365,3,0.086436
365,4,0.146414
365,5,0.115583
365,6,0.151202
365,7,0.157722
365,8,0.112433
365,9,0.133950
365,10,0.018803
365,11,0.173854
365,12,0.206552
365,13,0.034514
365,14,0.092445
365,15,0.142574
366,1,0.163360
366,2,0.159405
366,3,0.127311
366,4,0.138089
366,5,0.137287
366,6,0.151202
366,7,0.052479
366,8,0.141695
366,9,0.144860
366,10,0.157327
366,11,0.173854
366,12,0.200664
366,13,0.198542
366,14,0.204323
366,15,0.034753
367,1,0.151202
367,2,0.130242
367,3,0.144743
367,4,0.136559
367,5,0.087644
367,6,0.163360
367,7,0.208005
367,8,0.205998
367,9,0.195642
367,10,0.130361
367,11,0.173854
367,12,0.036839
367,13,0.214910
367,14,0.145794
367,15,0.142874
368,1,0.173854
368,2,0.200664
368,3,0.198766
368,4,0.193983
368,5,0.193975
368,6,0.173854
368,7,0.200664
368,8,0.204323
368,9,0.109524
368,10,0.201234
368,11,0.051465
368,12,0.156711
368,13,0.140820
368,14,0.141132
368,15,0.136923
369,1,0.092595
369,2,0.141890
369,3,0.044445
369,4,0.133400
369,5,0.135591
369,6,0.137177
369,7,0.072257
369,8,0.181393
369,9,0.156868
369,10,0.135607
369,11,0.173854
369,12,0.206552
369,13,0.203914
369,14,0.141074
369,15,0.137957
370,1,0.164637
370,2,0.164118
370,3,0.204908
370,4,0.213870
370,5,0.212335
370,6,0.163360
370,7,0.157662
370,8,0.206940
370,9,0.058628
370,10,0.203634
370,11,0.163360
370,12,0.128236
370,13,0.076995
370,14,0.141521
370,15,0.140231
371,1,0.163360
371,2,0.205406
371,3,0.080995
371,4,0.172116
371,5,0.058013
371,6,0.173854
371,7,0.206552
371,8,0.201887
371,9,0.198128
371,10,0.192955
371,11,0.163360
371,12,0.068502
371,13,0.091299
371,14,0.163741
371,15,0.169764
372,1,0.151202
372,2,0.157722
372,3,0.106311
372,4,0.085735
372,5,0.135766
372,6,0.173854
372,7,0.200664
372,8,0.204376
372,9,0.141033
372,10,0.133545
372,11,0.173854
372,12,0.200664
372,13,0.052821
372,14,0.067056
372,15,0.138160
373,1,0.147413
373,2,0.148055
373,3,0.087083
373,4,0.144391
373,5,0.159719
373,6,0.173854
373,7,0.200664
373,8,0.204724
373,9,0.094097
373,10,0.143253
373,11,0.173854
373,12,0.055231
373,13,0.139858
373,14,0.070758
373,15,0.136201
374,1,0.173854
374,2,0.206552
374,3,0.211903
374,4,0.140983
374,5,0.131694
374,6,0.113172
374,7,0.173495
374,8,0.137209
374,9,0.138469
374,10,0.064608
374,11,0.173854
374,12,0.206552
374,13,0.143306
374,14,0.019144
374,15,0.130879
375,1,0.151202
375,2,0.157722
375,3,0.150748
375,4,0.140336
375,5,0.155454
375,6,0.174161
375,7,0.053531
375,8,0.145023
375,9,0.140578
375,10,0.124201
375,11,0.163360
375,12,0.208005
375,13,0.221416
375,14,0.199133
375,15,0.200145
376,1,0.173854
376,2,0.200664
376,3,0.056411
376,4,0.141739
376,5,0.098821
376,6,0.163360
376,7,0.068656
376,8,0.123418
376,9,0.135110
376,10,0.170217
376,11,0.151202
376,12,0.130242
376,13,0.073737
376,14,0.138727
376,15,0.057056
377,1,0.106571
377,2,0.204219
377,3,0.140442
377,4,0.018034
377,5,0.067686
377,6,0.174161
377,7,0.200664
377,8,0.204323
377,9,0.103091
377,10,0.201577
377,11,0.151202
377,12,0.120182
377,13,0.075203
377,14,0.071262
377,15,0.159227
378,1,0.151202
378,2,0.157722
378,3,0.145673
378,4,0.157327
378,5,0.161615
378,6,0.151202
378,7,0.143498
378,8,0.146050
378,9,0.138633
378,10,0.140479
378,11,0.151202
378,12,0.120182
378,13,0.146860
378,14,0.151659
378,15,0.137645
379,1,0.098404
379,2,0.144922
379,3,0.158807
379,4,0.140518
379,5,0.165403
379,6,0.151202
379,7,0.130242
379,8,0.152180
379,9,0.160928
379,10,0.135710
379,11,0.151202
379,12,0.130242
379,13,0.152180
379,14,0.139004
379,15,0.138694
380,1,0.173854
380,2,0.140820
380,3,0.141132
380,4,0.136339
380,5,0.139241
380,6,0.173854
380,7,0.206552
380,8,0.201887
380,9,0.151201
380,10,0.103823
380,11,0.173854
380,12,0.200664
380,13,0.204323
380,14,0.197369
380,15,0.196333
381,1,0.163360
381,2,0.128236
381,3,0.145425
381,4,0.044301
381,5,0.138835
381,6,0.163360
381,7,0.205406
381,8,0.200990
381,9,0.198628
381,10,0.137711
381,11,0.173854
381,12,0.200664
381,13,0.198766
381,14,0.051650
381,15,0.141369
382,1,0.173854
382,2,0.206552
382,3,0.144825
382,4,0.145743
382,5,0.135687
382,6,0.173854
382,7,0.206552
382,8,0.211903
382,9,0.083697
382,10,0.120538
382,11,0.173854
382,12,0.140820
382,13,0.139696
382,14,0.145673
382,15,0.159354
383,1,0.173854
383,2,0.140820
383,3,0.139696
383,4,0.141175
383,5,0.165285
383,6,0.163360
383,7,0.208005
383,8,0.205998
383,9,0.199458
383,10,0.131034
383,11,0.163360
383,12,0.157662
383,13,0.181958
383,14,0.147119
383,15,0.144373
384,1,0.151202
384,2,0.130242
384,3,0.144743
384,4,0.140013
384,5,0.140696
384,6,0.173854
384,7,0.200664
384,8,0.204777
384,9,0.212372
384,10,0.209888
384,11,0.173854
384,12,0.200664
384,13,0.204724
384,14,0.212434
384,15,0.145932
385,1,0.173854
385,2,0.206552
385,3,0.211903
385,4,0.147097
385,5,0.065997
385,6,0.163360
385,7,0.128236
385,8,0.145425
385,9,0.138014
385,10,0.140164
385,11,0.163360
385,12,0.105231
385,13,0.219793
385,14,0.143716
385,15,0.141635
386,1,0.163360
386,2,0.205406
386,3,0.140819
386,4,0.139476
386,5,0.132761
386,6,0.151202
386,7,0.143498
386,8,0.146050
386,9,0.138633
386,10,0.141004
386,11,0.173854
386,12,0.206552
386,13,0.201887
386,14,0.143279
386,15,0.136524
387,1,0.173854
387,2,0.200664
387,3,0.097812
387,4,0.136013
387,5,0.139119
387,6,0.151202
387,7,0.143498
387,8,0.146830
387,9,0.137094
387,10,0.138981
387,11,0.163360
387,12,0.128236
387,13,0.153039
387,14,0.135740
387,15,0.134990
388,1,0.107149
388,2,0.095003
388,3,0.209711
388,4,0.147925
388,5,0.133008
388,6,0.151202
388,7,0.134207
388,8,0.146860
388,9,0.137789
388,10,0.138326
388,11,0.098404
388,12,0.145076
388,13,0.051465
388,14,0.147028
388,15,0.127117
389,1,0.031838
389,2,0.068666
389,3,0.186773
389,4,0.093257
389,5,0.177805
389,6,0.148185
389,7,0.204219
389,8,0.157088
389,9,0.140577
389,10,0.135689
389,11,0.163360
389,12,0.208005
389,13,0.109730
389,14,0.144779
389,15,0.138458
390,1,0.151202
390,2,0.157722
390,3,0.141795
390,4,0.165821
390,5,0.150636
390,6,0.173854
390,7,0.200664
390,8,0.140199
390,9,0.132344
390,10,0.129555
390,11,0.147413
390,12,0.131863
390,13,0.205248
390,14,0.139661
390,15,0.138987
391,1,0.108952
391,2,0.078453
391,3,0.119817
391,4,0.143871
391,5,0.215930
391,6,0.173854
391,7,0.200664
391,8,0.044992
391,9,0.145979
391,10,0.141499
391,11,0.151202
391,12,0.143498
391,13,0.141733
391,14,0.138295
391,15,0.155540
392,1,0.151202
392,2,0.130242
392,3,0.144743
392,4,0.133358
392,5,0.142589
392,6,0.173854
392,7,0.206552
392,8,0.159890
392,9,0.140793
392,10,0.140066
392,11,0.049142
392,12,0.074935
392,13,0.209886
392,14,0.149362
392,15,0.138988
393,1,0.163360
393,2,0.128236
393,3,0.139614
393,4,0.133373
393,5,0.142335
393,6,0.163360
393,7,0.208005
393,8,0.148728
393,9,0.133969
393,10,0.145665
393,11,0.122390
393,12,0.217808
393,13,0.140199
393,14,0.072984
393,15,0.132846
394,1,0.173854
394,2,0.098570
394,3,0.140869
394,4,0.133346
394,5,0.137759
394,6,0.163360
394,7,0.205406
394,8,0.043352
394,9,0.145580
394,10,0.075137
394,11,0.163360
394,12,0.205406
394,13,0.200990
394,14,0.195158
394,15,0.193789
395,1,0.151202
395,2,0.010059
395,3,0.128885
395,4,0.047330
395,5,0.140070
395,6,0.163360
395,7,0.208005
395,8,0.156311
395,9,0.200921
395,10,0.142883
395,11,0.151202
395,12,0.157722
395,13,0.140518
395,14,0.163241
395,15,0.140156
396,1,0.173854
396,2,0.206552
396,3,0.145683
396,4,0.131731
396,5,0.149064
396,6,0.173854
396,7,0.200664
396,8,0.215685
396,9,0.208047
396,10,0.194354
396,11,0.169635
396,12,0.201118
396,13,0.208529
396,14,0.201852
396,15,0.190650
397,1,0.173854
397,2,0.096351
397,3,0.199959
397,4,0.197432
397,5,0.196955
397,6,0.163360
397,7,0.128236
397,8,0.139614
397,9,0.133373
397,10,0.088041
397,11,0.151202
397,12,0.157722
397,13,0.145673
397,14,0.138568
397,15,0.130775
398,1,0.009217
398,2,0.140658
398,3,0.149681
398,4,0.143787
398,5,0.144180
398,6,0.163360
398,7,0.208005
398,8,0.221416
398,9,0.140942
398,10,0.128877
398,11,0.151202
398,12,0.130242
398,13,0.144743
398,14,0.061798
398,15,0.077237
399,1,0.173854
399,2,0.140820
399,3,0.141132
399,4,0.137603
399,5,0.056289
399,6,0.173854
399,7,0.087852
399,8,0.089801
399,9,0.147596
399,10,0.140926
399,11,0.163360
399,12,0.205406
399,13,0.140442
399,14,0.058801
399,15,0.057830
400,1,0.173854
400,2,0.200664
400,3,0.198766
400,4,0.140156
400,5,0.138075
400,6,0.181900
400,7,0.200664
400,8,0.140199
400,9,0.085383
400,10,0.144838
400,11,0.163360
400,12,0.205406
400,13,0.200990
400,14,0.198766
400,15,0.193975
401,1,0.163360
401,2,0.208005
401,3,0.205998
401,4,0.164919
401,5,0.137359
401,6,0.151202
401,7,0.143498
401,8,0.146830
401,9,0.138293
401,10,0.134824
401,11,0.163360
401,12,0.208005
401,13,0.148728
401,14,0.136217
401,15,0.088784
402,1,0.151202
402,2,0.157722
402,3,0.112863
402,4,0.145891
402,5,0.133464
402,6,0.151202
402,7,0.143498
402,8,0.141733
402,9,0.165091
402,10,0.165768
402,11,0.163360
402,12,0.128236
402,13,0.145425
402,14,0.138014
402,15,0.126211
403,1,0.173854
403,2,0.206552
403,3,0.211903
403,4,0.152249
403,5,0.144517
403,6,0.173854
403,7,0.200664
403,8,0.056955
403,9,0.142913
403,10,0.200107
403,11,0.151202
403,12,0.130242
403,13,0.152180
403,14,0.149037
403,15,0.142947
404,1,0.151202
404,2,0.157722
404,3,0.019729
404,4,0.143378
404,5,0.140372
404,6,0.140018
404,7,0.145076
404,8,0.137900
404,9,0.054304
404,10,0.145542
404,11,0.092595
404,12,0.099043
404,13,0.131991
404,14,0.010865
404,15,0.147336
405,1,0.151202
405,2,0.024084
405,3,0.142803
405,4,0.047925
405,5,0.141446
405,6,0.163360
405,7,0.208005
405,8,0.051465
405,9,0.147683
405,10,0.145658
405,11,0.151202
405,12,0.130242
405,13,0.152180
405,14,0.139004
405,15,0.145244
406,1,0.151202
406,2,0.130242
406,3,0.152180
406,4,0.139947
406,5,0.135651
406,6,0.158614
406,7,0.143014
406,8,0.144768
406,9,0.136635
406,10,0.157346
406,11,0.173854
406,12,0.206552
406,13,0.201887
406,14,0.199244
406,15,0.194581
407,1,0.173854
407,2,0.200664
407,3,0.140199
407,4,0.143405
407,5,0.134994
407,6,0.154545
407,7,0.157722
407,8,0.058462
407,9,0.151757
407,10,0.137736
407,11,0.163360
407,12,0.128236
407,13,0.145425
407,14,0.141339
407,15,0.051465
408,1,0.173854
408,2,0.200664
408,3,0.140199
408,4,0.132344
408,5,0.134326
408,6,0.151202
408,7,0.075974
408,8,0.158052
408,9,0.151650
408,10,0.141016
408,11,0.154545
408,12,0.112074
408,13,0.123623
408,14,0.133879
408,15,0.111045
409,1,0.151202
409,2,0.157722
409,3,0.150748
409,4,0.140137
409,5,0.135688
409,6,0.163360
409,7,0.205406
409,8,0.140819
409,9,0.135192
409,10,0.133351
409,11,0.163360
409,12,0.128236
409,13,0.139614
409,14,0.133373
409,15,0.167997
410,1,0.163360
410,2,0.205406
410,3,0.140819
410,4,0.139299
410,5,0.027248
410,6,0.173854
410,7,0.140820
410,8,0.141132
410,9,0.012228
410,10,0.134867
410,11,0.163360
410,12,0.128236
410,13,0.153039
410,14,0.085713
410,15,0.143779
411,1,0.163360
411,2,0.208005
411,3,0.148728
411,4,0.142404
411,5,0.047366
411,6,0.173854
411,7,0.200664
411,8,0.204724
411,9,0.114755
411,10,0.143407
411,11,0.107149
411,12,0.173401
411,13,0.133190
411,14,0.200222
411,15,0.197656
412,1,0.173854
412,2,0.140820
412,3,0.182747
412,4,0.131219
412,5,0.139237
412,6,0.163360
412,7,0.208005
412,8,0.148728
412,9,0.088126
412,10,0.138313
412,11,0.173854
412,12,0.194547
412,13,0.077216
412,14,0.163440
412,15,0.167944
413,1,0.151202
413,2,0.143498
413,3,0.146050
413,4,0.138541
413,5,0.134878
413,6,0.163360
413,7,0.128236
413,8,0.139614
413,9,0.073670
413,10,0.147319
413,11,0.151202
413,12,0.130242
413,13,0.152180
413,14,0.139004
413,15,0.135462
414,1,0.163360
414,2,0.131829
414,3,0.221915
414,4,0.198987
414,5,0.135760
414,6,0.151655
414,7,0.130242
414,8,0.152180
414,9,0.139947
414,10,0.142057
414,11,0.151202
414,12,0.143498
414,13,0.146050
414,14,0.138541
414,15,0.136397
415,1,0.108952
415,2,0.156805
415,3,0.138171
415,4,0.140973
415,5,0.134125
415,6,0.218403
415,7,0.108762
415,8,0.144061
415,9,0.138203
415,10,0.142347
415,11,0.173854
415,12,0.206552
415,13,0.211903
415,14,0.239124
415,15,0.108966
416,1,0.151202
416,2,0.143498
416,3,0.146050
416,4,0.131986
416,5,0.152842
416,6,0.173854
416,7,0.139679
416,8,0.178647
416,9,0.170439
416,10,0.128514
416,11,0.049142
416,12,0.218403
416,13,0.200209
416,14,0.098680
416,15,0.142262
417,1,0.151202
417,2,0.130242
417,3,0.141759
417,4,0.149131
417,5,0.140985
417,6,0.151202
417,7,0.130242
417,8,0.152180
417,9,0.139947
417,10,0.141827
417,11,0.106571
417,12,0.087783
417,13,0.072131
417,14,0.027352
417,15,0.096849
418,1,0.151202
418,2,0.143498
418,3,0.141733
418,4,0.157133
418,5,0.158150
418,6,0.151202
418,7,0.130242
418,8,0.141759
418,9,0.135852
418,10,0.117916
418,11,0.151202
418,12,0.157722
418,13,0.150748
418,14,0.138553
418,15,0.108264
419,1,0.151202
419,2,0.157722
419,3,0.071248
419,4,0.145891
419,5,0.136836
419,6,0.155832
419,7,0.160857
419,8,0.206324
419,9,0.207023
419,10,0.198951
419,11,0.173854
419,12,0.206552
419,13,0.145683
419,14,0.134361
419,15,0.048253
420,1,0.163360
420,2,0.162102
420,3,0.144280
420,4,0.134855
420,5,0.137444
420,6,0.173854
420,7,0.200664
420,8,0.085001
420,9,0.135417
420,10,0.132218
420,11,0.173854
420,12,0.029191
420,13,0.169037
420,14,0.145972
420,15,0.097160
421,1,0.163360
421,2,0.128236
421,3,0.054287
421,4,0.132414
421,5,0.105761
421,6,0.064956
421,7,0.219297
421,8,0.200442
421,9,0.056416
421,10,0.080618
421,11,0.173854
421,12,0.206552
421,13,0.211903
421,14,0.210223
421,15,0.209048
422,1,0.151202
422,2,0.115211
422,3,0.146876
422,4,0.137332
422,5,0.138758
422,6,0.173854
422,7,0.111692
422,8,0.201532
422,9,0.139291
422,10,0.150868
422,11,0.058607
422,12,0.154545
422,13,0.143828
422,14,0.147105
422,15,0.028707
423,1,0.151202
423,2,0.130242
423,3,0.144743
423,4,0.140013
423,5,0.141748
423,6,0.163360
423,7,0.208005
423,8,0.205998
423,9,0.195642
423,10,0.140110
423,11,0.007528
423,12,0.212241
423,13,0.147165
423,14,0.152797
423,15,0.146760
424,1,0.045863
424,2,0.129423
424,3,0.152827
424,4,0.149467
424,5,0.146273
424,6,0.173854
424,7,0.206552
424,8,0.109363
424,9,0.203830
424,10,0.093794
424,11,0.151202
424,12,0.157722
424,13,0.140518
424,14,0.132758
424,15,0.137247
425,1,0.151202
425,2,0.144267
425,3,0.152180
425,4,0.050745
425,5,0.136394
425,6,0.173854
425,7,0.206552
425,8,0.145683
425,9,0.143350
425,10,0.152809
425,11,0.017813
425,12,0.181900
425,13,0.143580
425,14,0.143846
425,15,0.135172
426,1,0.163360
426,2,0.205406
426,3,0.200990
426,4,0.108592
426,5,0.140950
426,6,0.173854
426,7,0.200664
426,8,0.198766
426,9,0.140156
426,10,0.132344
426,11,0.151202
426,12,0.143498
426,13,0.146830
426,14,0.137094
426,15,0.139904
427,1,0.173854
427,2,0.206552
427,3,0.075297
427,4,0.165582
427,5,0.160434
427,6,0.173854
427,7,0.206552
427,8,0.211903
427,9,0.140983
427,10,0.130279
427,11,0.173854
427,12,0.140820
427,13,0.144843
427,14,0.134752
427,15,0.132545
428,1,0.163360
428,2,0.208005
428,3,0.221416
428,4,0.219317
428,5,0.137263
428,6,0.163360
428,7,0.205406
428,8,0.209177
428,9,0.017177
428,10,0.165296
428,11,0.173854
428,12,0.041615
428,13,0.200664
428,14,0.142848
428,15,0.138075
429,1,0.151202
429,2,0.041615
429,3,0.157722
429,4,0.145673
429,5,0.142404
429,6,0.173854
429,7,0.071872
429,8,0.140829
429,9,0.142418
429,10,0.147249
429,11,0.163360
429,12,0.142260
429,13,0.135746
429,14,0.010059
429,15,0.142330
430,1,0.163360
430,2,0.205406
430,3,0.200990
430,4,0.199090
430,5,0.198322
430,6,0.060682
430,7,0.210569
430,8,0.094768
430,9,0.058118
430,10,0.151779
430,11,0.151202
430,12,0.130242
430,13,0.144743
430,14,0.136559
430,15,0.146100
431,1,0.173854
431,2,0.206552
431,3,0.211903
431,4,0.140983
431,5,0.139886
431,6,0.151202
431,7,0.157722
431,8,0.145673
431,9,0.138568
431,10,0.130865
431,11,0.163360
431,12,0.128236
431,13,0.153039
431,14,0.157424
431,15,0.134761
432,1,0.090445
432,2,0.159579
432,3,0.141795
432,4,0.165597
432,5,0.198322
432,6,0.163360
432,7,0.128236
432,8,0.145425
432,9,0.135818
432,10,0.130690
432,11,0.163360
432,12,0.208005
432,13,0.148728
432,14,0.104907
432,15,0.138213
433,1,0.163360
433,2,0.208005
433,3,0.221416
433,4,0.150655
433,5,0.139230
433,6,0.151202
433,7,0.130242
433,8,0.144743
433,9,0.136223
433,10,0.154116
433,11,0.163360
433,12,0.208005
433,13,0.148728
433,14,0.133969
433,15,0.133508
434,1,0.031838
434,2,0.166697
434,3,0.030073
434,4,0.168740
434,5,0.170348
434,6,0.151202
434,7,0.130242
434,8,0.134573
434,9,0.136393
434,10,0.072559
434,11,0.151202
434,12,0.143498
434,13,0.141733
434,14,0.144771
434,15,0.134938
435,1,0.151202
435,2,0.157722
435,3,0.140518
435,4,0.156821
435,5,0.136855
435,6,0.163360
435,7,0.149853
435,8,0.206400
435,9,0.203757
435,10,0.211826
435,11,0.163360
435,12,0.205406
435,13,0.200758
435,14,0.198968
435,15,0.195142
436,1,0.173854
436,2,0.140820
436,3,0.144843
436,4,0.175705
436,5,0.155960
436,6,0.163360
436,7,0.205406
436,8,0.200990
436,9,0.140105
436,10,0.134004
436,11,0.151202
436,12,0.130242
436,13,0.141759
436,14,0.149131
436,15,0.140985
437,1,0.173854
437,2,0.200664
437,3,0.204724
437,4,0.199839
437,5,0.199793
437,6,0.151202
437,7,0.157722
437,8,0.145673
437,9,0.135501
437,10,0.141421
437,11,0.151202
437,12,0.130242
437,13,0.141759
437,14,0.141935
437,15,0.166821
438,1,0.173854
438,2,0.074227
438,3,0.168357
438,4,0.176945
438,5,0.166689
438,6,0.151202
438,7,0.157722
438,8,0.140518
438,9,0.158909
438,10,0.175625
438,11,0.165569
438,12,0.140817
438,13,0.153039
438,14,0.144011
438,15,0.137574
439,1,0.163360
439,2,0.128236
439,3,0.153039
439,4,0.147845
439,5,0.137772
439,6,0.151202
439,7,0.143498
439,8,0.146050
439,9,0.138633
439,10,0.159129
439,11,0.163360
439,12,0.205406
439,13,0.124302
439,14,0.137781
439,15,0.048732
440,1,0.173854
440,2,0.140820
440,3,0.141132
440,4,0.131219
440,5,0.142315
440,6,0.173854
440,7,0.200664
440,8,0.204724
440,9,0.212434
440,10,0.215940
440,11,0.106571
440,12,0.219297
440,13,0.200442
440,14,0.199719
440,15,0.130973
441,1,0.173854
441,2,0.206552
441,3,0.203914
441,4,0.197804
441,5,0.199719
441,6,0.163360
441,7,0.128236
441,8,0.139614
441,9,0.146569
441,10,0.145511
441,11,0.173854
441,12,0.200664
441,13,0.204323
441,14,0.207235
441,15,0.197293
442,1,0.151202
442,2,0.130242
442,3,0.144743
442,4,0.105367
442,5,0.016994
442,6,0.151202
442,7,0.143498
442,8,0.115181
442,9,0.139154
442,10,0.137678
442,11,0.163360
442,12,0.208005
442,13,0.221416
442,14,0.213259
442,15,0.131422
443,1,0.151202
443,2,0.014025
443,3,0.143498
443,4,0.094136
443,5,0.161645
443,6,0.173854
443,7,0.200664
443,8,0.204323
443,9,0.194790
443,10,0.199244
443,11,0.173854
443,12,0.200664
443,13,0.140199
443,14,0.137553
443,15,0.134329
444,1,0.173854
444,2,0.206552
444,3,0.058013
444,4,0.203706
444,5,0.192978
444,6,0.163360
444,7,0.203104
444,8,0.207996
444,9,0.211204
444,10,0.137875
444,11,0.163360
444,12,0.205406
444,13,0.204726
444,14,0.144719
444,15,0.131367
445,1,0.151202
445,2,0.143498
445,3,0.141733
445,4,0.157133
445,5,0.114737
445,6,0.104469
445,7,0.132766
445,8,0.140595
445,9,0.151650
445,10,0.141016
445,11,0.151202
445,12,0.157722
445,13,0.140518
445,14,0.166127
445,15,0.166871
446,1,0.151202
446,2,0.143498
446,3,0.141733
446,4,0.174579
446,5,0.014025
446,6,0.163360
446,7,0.157662
446,8,0.205264
446,9,0.198986
446,10,0.142662
446,11,0.173854
446,12,0.140820
446,13,0.141132
446,14,0.102606
446,15,0.133455
447,1,0.163360
447,2,0.205406
447,3,0.200990
447,4,0.161792
447,5,0.194106
447,6,0.173854
447,7,0.054737
447,8,0.143614
447,9,0.140317
447,10,0.133348
447,11,0.173854
447,12,0.200664
447,13,0.198766
447,14,0.139694
447,15,0.142163
448,1,0.151202
448,2,0.143498
448,3,0.141733
448,4,0.064339
448,5,0.155644
448,6,0.173854
448,7,0.200664
448,8,0.198542
448,9,0.203272
448,10,0.196429
448,11,0.151202
448,12,0.058233
448,13,0.147632
448,14,0.137317
448,15,0.140883
449,1,0.163360
449,2,0.208005
449,3,0.148728
449,4,0.148261
449,5,0.135035
449,6,0.164968
449,7,0.205406
449,8,0.211363
449,9,0.210661
449,10,0.197539
449,11,0.163360
449,12,0.208005
449,13,0.035595
449,14,0.149628
449,15,0.135880
450,1,0.173854
450,2,0.200664
450,3,0.141161
450,4,0.141950
450,5,0.139398
450,6,0.173854
450,7,0.140820
450,8,0.139696
450,9,0.139252
450,10,0.153336
450,11,0.163360
450,12,0.128236
450,13,0.139614
450,14,0.169388
450,15,0.168058
451,1,0.051465
451,2,0.158584
451,3,0.203379
451,4,0.200990
451,5,0.131167
451,6,0.099043
451,7,0.152328
451,8,0.138698
451,9,0.150468
451,10,0.178901
451,11,0.174749
451,12,0.200664
451,13,0.143810
451,14,0.141950
451,15,0.136695
452,1,0.151202
452,2,0.130242
452,3,0.152180
452,4,0.139004
452,5,0.145244
452,6,0.173854
452,7,0.200664
452,8,0.198766
452,9,0.198295
452,10,0.085824
452,11,0.163360
452,12,0.193211
452,13,0.162843
452,14,0.143249
452,15,0.138287
453,1,0.167831
453,2,0.140367
453,3,0.142828
453,4,0.138554
453,5,0.135473
453,6,0.163360
453,7,0.208005
453,8,0.205998
453,9,0.199534
453,10,0.199719
453,11,0.163360
453,12,0.208005
453,13,0.221416
453,14,0.213259
453,15,0.214110
454,1,0.173854
454,2,0.200664
454,3,0.142374
454,4,0.142808
454,5,0.153038
454,6,0.151202
454,7,0.143498
454,8,0.146050
454,9,0.138541
454,10,0.140054
454,11,0.173854
454,12,0.140820
454,13,0.141132
454,14,0.136923
454,15,0.133349
455,1,0.163360
455,2,0.205406
455,3,0.200990
455,4,0.199494
455,5,0.203488
455,6,0.173854
455,7,0.206552
455,8,0.201887
455,9,0.206206
455,10,0.139457
455,11,0.151202
455,12,0.143498
455,13,0.141733
455,14,0.158419
455,15,0.155697
456,1,0.163360
456,2,0.205406
456,3,0.200990
456,4,0.203983
456,5,0.201865
456,6,0.173854
456,7,0.206552
456,8,0.211903
456,9,0.140983
456,10,0.135014
456,11,0.163360
456,12,0.205406
456,13,0.211363
456,14,0.109694
456,15,0.137506
457,1,0.173854
457,2,0.140820
457,3,0.139696
457,4,0.145428
457,5,0.134024
457,6,0.107149
457,7,0.158750
457,8,0.217923
457,9,0.214684
457,10,0.202052
457,11,0.163360
457,12,0.115253
457,13,0.246578
457,14,0.138663
457,15,0.139997
458,1,0.173854
458,2,0.200664
458,3,0.147769
458,4,0.143957
458,5,0.134781
458,6,0.173854
458,7,0.140820
458,8,0.141132
458,9,0.048342
458,10,0.133682
458,11,0.173854
458,12,0.248166
458,13,0.201887
458,14,0.198667
458,15,0.197356
459,1,0.151202
459,2,0.157722
459,3,0.140518
459,4,0.141126
459,5,0.135827
459,6,0.151202
459,7,0.143498
459,8,0.146050
459,9,0.060268
459,10,0.131393
459,11,0.173854
459,12,0.140820
459,13,0.144843
459,14,0.140778
459,15,0.140258
460,1,0.151202
460,2,0.130242
460,3,0.152180
460,4,0.080222
460,5,0.143806
460,6,0.163360
460,7,0.205406
460,8,0.204401
460,9,0.140070
460,10,0.143350
460,11,0.154545
460,12,0.157722
460,13,0.165797
460,14,0.058149
460,15,0.159197
461,1,0.173854
461,2,0.200664
461,3,0.140199
461,4,0.132344
461,5,0.133753
461,6,0.173854
461,7,0.200664
461,8,0.199849
461,9,0.139694
461,10,0.136311
461,11,0.151202
461,12,0.157722
461,13,0.145673
461,14,0.081725
461,15,0.156021
462,1,0.151202
462,2,0.143498
462,3,0.146830
462,4,0.142553
462,5,0.143282
462,6,0.163360
462,7,0.128236
462,8,0.145899
462,9,0.135502
462,10,0.134761
462,11,0.151202
462,12,0.143498
462,13,0.141733
462,14,0.135648
462,15,0.106534
463,1,0.163360
463,2,0.208005
463,3,0.058788
463,4,0.221256
463,5,0.089546
463,6,0.151202
463,7,0.143498
463,8,0.146830
463,9,0.142553
463,10,0.143282
463,11,0.173854
463,12,0.140820
463,13,0.139696
463,14,0.067237
463,15,0.157061
464,1,0.151202
464,2,0.157722
464,3,0.145673
464,4,0.135501
464,5,0.137194
464,6,0.151202
464,7,0.157722
464,8,0.140518
464,9,0.165597
464,10,0.139694
464,11,0.174161
464,12,0.206552
464,13,0.145683
464,14,0.131731
464,15,0.133610
465,1,0.163360
465,2,0.014025
465,3,0.128236
465,4,0.145425
465,5,0.138014
465,6,0.173854
465,7,0.140820
465,8,0.144843
465,9,0.125906
465,10,0.136906
465,11,0.173854
465,12,0.140820
465,13,0.141132
465,14,0.133493
465,15,0.137040
466,1,0.088806
466,2,0.130255
466,3,0.177447
466,4,0.199165
466,5,0.199159
466,6,0.151202
466,7,0.157722
466,8,0.150748
466,9,0.140235
466,10,0.137175
466,11,0.151202
466,12,0.143498
466,13,0.141733
466,14,0.112011
466,15,0.036839
467,1,0.140658
467,2,0.157761
467,3,0.206425
467,4,0.201066
467,5,0.140399
467,6,0.163360
467,7,0.208005
467,8,0.148728
467,9,0.136217
467,10,0.014064
467,11,0.164637
467,12,0.159342
467,13,0.127723
467,14,0.130994
467,15,0.132188
468,1,0.151202
468,2,0.130242
468,3,0.141759
468,4,0.134252
468,5,0.161833
468,6,0.173854
468,7,0.200664
468,8,0.198542
468,9,0.204323
468,10,0.144968
468,11,0.148677
468,12,0.157722
468,13,0.078191
468,14,0.144435
468,15,0.148927
469,1,0.151202
469,2,0.157722
469,3,0.145673
469,4,0.167092
469,5,0.139384
469,6,0.173854
469,7,0.206552
469,8,0.145683
469,9,0.136505
469,10,0.138729
469,11,0.173854
469,12,0.099636
469,13,0.200981
469,14,0.204086
469,15,0.194537
470,1,0.173854
470,2,0.193430
470,3,0.202593
470,4,0.199739
470,5,0.194040
470,6,0.151202
470,7,0.082317
470,8,0.141429
470,9,0.141184
470,10,0.140661
470,11,0.163360
470,12,0.208005
470,13,0.221416
470,14,0.195524
470,15,0.135300
471,1,0.163360
471,2,0.205406
471,3,0.140819
471,4,0.140577
471,5,0.134561
471,6,0.163360
471,7,0.208005
471,8,0.221416
471,9,0.202052
471,10,0.152824
471,11,0.163360
471,12,0.205406
471,13,0.140442
471,14,0.144023
471,15,0.075827
472,1,0.173854
472,2,0.206552
472,3,0.208321
472,4,0.207488
472,5,0.210061
472,6,0.173854
472,7,0.200664
472,8,0.198996
472,9,0.198542
472,10,0.139694
472,11,0.151202
472,12,0.143498
472,13,0.141733
472,14,0.137853
472,15,0.134660
473,1,0.163360
473,2,0.208005
473,3,0.221416
473,4,0.202052
473,5,0.135300
473,6,0.151202
473,7,0.000000
473,8,0.147507
473,9,0.144677
473,10,0.137063
473,11,0.106571
473,12,0.134362
473,13,0.142946
473,14,0.145810
473,15,0.135864
474,1,0.173854
474,2,0.200664
474,3,0.198766
474,4,0.050884
474,5,0.133491
474,6,0.173854
474,7,0.200664
474,8,0.198766
474,9,0.139737
474,10,0.136311
474,11,0.173854
474,12,0.140820
474,13,0.141132
474,14,0.138750
474,15,0.137120
475,1,0.163360
475,2,0.205406
475,3,0.204726
475,4,0.071008
475,5,0.054424
475,6,0.173854
475,7,0.200664
475,8,0.204323
475,9,0.196817
475,10,0.204218
475,11,0.163360
475,12,0.205406
475,13,0.140819
475,14,0.138025
475,15,0.136923
476,1,0.151202
476,2,0.130242
476,3,0.141759
476,4,0.134252
476,5,0.152724
476,6,0.060682
476,7,0.205793
476,8,0.148572
476,9,0.154890
476,10,0.157000
476,11,0.064902
476,12,0.111692
476,13,0.218582
476,14,0.198110
476,15,0.204721
477,1,0.151202
477,2,0.130242
477,3,0.152180
477,4,0.149037
477,5,0.144720
477,6,0.163360
477,7,0.128236
477,8,0.145425
477,9,0.135818
477,10,0.142820
477,11,0.151202
477,12,0.143498
477,13,0.146830
477,14,0.137094
477,15,0.134308
478,1,0.078570
478,2,0.130864
478,3,0.103773
478,4,0.141375
478,5,0.154950
478,6,0.173854
478,7,0.108762
478,8,0.209152
478,9,0.197667
478,10,0.204324
478,11,0.163360
478,12,0.128236
478,13,0.139614
478,14,0.140721
478,15,0.191441
479,1,0.151202
479,2,0.157722
479,3,0.150748
479,4,0.140336
479,5,0.014025
479,6,0.163360
479,7,0.149853
479,8,0.206400
479,9,0.141371
479,10,0.134923
479,11,0.151202
479,12,0.143498
479,13,0.146050
479,14,0.183450
479,15,0.136928
480,1,0.151202
480,2,0.143498
480,3,0.146050
480,4,0.131986
480,5,0.112366
480,6,0.173854
480,7,0.140820
480,8,0.155765
480,9,0.095719
480,10,0.165511
480,11,0.151202
480,12,0.157722
480,13,0.150748
480,14,0.135624
480,15,0.133202
481,1,0.007528
481,2,0.218403
481,3,0.204629
481,4,0.212904
481,5,0.139942
481,6,0.151202
481,7,0.143498
481,8,0.141733
481,9,0.157133
481,10,0.165183
481,11,0.151202
481,12,0.155359
481,13,0.140392
481,14,0.164324
481,15,0.139959
482,1,0.151202
482,2,0.143498
482,3,0.146830
482,4,0.138293
482,5,0.134824
482,6,0.163360
482,7,0.128236
482,8,0.153039
482,9,0.135502
482,10,0.139608
482,11,0.163360
482,12,0.208005
482,13,0.148728
482,14,0.074635
482,15,0.131174
483,1,0.151202
483,2,0.157722
483,3,0.029977
483,4,0.159661
483,5,0.140677
483,6,0.173854
483,7,0.206552
483,8,0.211903
483,9,0.140983
483,10,0.126121
483,11,0.173854
483,12,0.200664
483,13,0.204323
483,14,0.194790
483,15,0.199244
484,1,0.151202
484,2,0.165950
484,3,0.146258
484,4,0.138702
484,5,0.136324
484,6,0.163360
484,7,0.114058
484,8,0.150018
484,9,0.153198
484,10,0.134076
484,11,0.151202
484,12,0.130242
484,13,0.144743
484,14,0.136223
484,15,0.159548
485,1,0.151202
485,2,0.126076
485,3,0.146667
485,4,0.106089
485,5,0.140761
485,6,0.163360
485,7,0.128236
485,8,0.139614
485,9,0.139960
485,10,0.167710
485,11,0.151202
485,12,0.143498
485,13,0.146050
485,14,0.131986
485,15,0.167364
486,1,0.173854
486,2,0.104995
486,3,0.145023
486,4,0.155644
486,5,0.138671
486,6,0.173854
486,7,0.140820
486,8,0.139696
486,9,0.050873
486,10,0.135267
486,11,0.173854
486,12,0.206552
486,13,0.203914
486,14,0.204055
486,15,0.212904
487,1,0.151202
487,2,0.157722
487,3,0.150748
487,4,0.138426
487,5,0.137180
487,6,0.173854
487,7,0.206552
487,8,0.145683
487,9,0.143350
487,10,0.134161
487,11,0.163360
487,12,0.128236
487,13,0.153039
487,14,0.092186
487,15,0.067101
488,1,0.108952
488,2,0.156805
488,3,0.200210
488,4,0.141161
488,5,0.139575
488,6,0.173854
488,7,0.200664
488,8,0.204724
488,9,0.144968
488,10,0.134941
488,11,0.163360
488,12,0.128236
488,13,0.145425
488,14,0.144373
488,15,0.131024
489,1,0.173854
489,2,0.206552
489,3,0.145683
489,4,0.143350
489,5,0.152809
489,6,0.173854
489,7,0.206552
489,8,0.201887
489,9,0.145625
489,10,0.138919
489,11,0.173854
489,12,0.200664
489,13,0.204323
489,14,0.207297
489,15,0.139787
490,1,0.173854
490,2,0.206552
490,3,0.201887
490,4,0.198128
490,5,0.197886
490,6,0.092595
490,7,0.130864
490,8,0.158765
490,9,0.148660
490,10,0.136800
490,11,0.173854
490,12,0.206552
490,13,0.201887
490,14,0.192439
490,15,0.190291
491,1,0.151202
491,2,0.119814
491,3,0.146220
491,4,0.142277
491,5,0.135949
491,6,0.163360
491,7,0.108336
491,8,0.204314
491,9,0.139480
491,10,0.149633
491,11,0.151202
491,12,0.157722
491,13,0.145673
491,14,0.175845
491,15,0.174625
492,1,0.173854
492,2,0.073085
492,3,0.199882
492,4,0.197279
492,5,0.106715
492,6,0.173854
492,7,0.140820
492,8,0.139696
492,9,0.145428
492,10,0.137403
492,11,0.151202
492,12,0.157722
492,13,0.150748
492,14,0.136988
492,15,0.134472
493,1,0.173854
493,2,0.140820
493,3,0.144843
493,4,0.144852
493,5,0.138035
493,6,0.140658
493,7,0.159670
493,8,0.213610
493,9,0.085715
493,10,0.194982
493,11,0.151202
493,12,0.130242
493,13,0.152180
493,14,0.149037
493,15,0.142947
494,1,0.163360
494,2,0.128236
494,3,0.139614
494,4,0.133373
494,5,0.164518
494,6,0.173854
494,7,0.200664
494,8,0.143718
494,9,0.137908
494,10,0.145336
494,11,0.151202
494,12,0.130242
494,13,0.141759
494,14,0.135852
494,15,0.166787
495,1,0.137177
495,2,0.180350
495,3,0.143830
495,4,0.135624
495,5,0.121874
495,6,0.173854
495,7,0.206552
495,8,0.071363
495,9,0.200197
495,10,0.196079
495,11,0.151202
495,12,0.130242
495,13,0.152180
495,14,0.149037
495,15,0.142947
496,1,0.051465
496,2,0.156711
496,3,0.206552
496,4,0.145683
496,5,0.098687
496,6,0.163360
496,7,0.205406
496,8,0.143600
496,9,0.201395
496,10,0.094577
496,11,0.151202
496,12,0.130242
496,13,0.152180
496,14,0.149037
496,15,0.050371
497,1,0.163360
497,2,0.208005
497,3,0.221416
497,4,0.202052
497,5,0.196915
497,6,0.057488
497,7,0.173948
497,8,0.206499
497,9,0.093627
497,10,0.200593
497,11,0.173854
497,12,0.206552
497,13,0.211903
497,14,0.048840
497,15,0.150483
498,1,0.056789
498,2,0.175041
498,3,0.206227
498,4,0.104290
498,5,0.137164
498,6,0.163360
498,7,0.041615
498,8,0.128236
498,9,0.145425
498,10,0.145202
498,11,0.164722
498,12,0.208005
498,13,0.148728
498,14,0.143477
498,15,0.157550
499,1,0.173854
499,2,0.140820
499,3,0.139696
499,4,0.144638
499,5,0.156049
499,6,0.163360
499,7,0.205406
499,8,0.200990
499,9,0.198934
499,10,0.139694
499,11,0.163360
499,12,0.208005
499,13,0.221416
499,14,0.213259
499,15,0.144359
500,1,0.163360
500,2,0.208005
500,3,0.205998
500,4,0.134248
500,5,0.137359
500,6,0.173854
500,7,0.108762
500,8,0.144061
500,9,0.140578
500,10,0.136447
500,11,0.151202
500,12,0.143498
500,13,0.146050
500,14,0.131986
500,15,0.139392
501,1,0.173854
501,2,0.200664
501,3,0.198766
501,4,0.130930
501,5,0.140944
501,6,0.049142
501,7,0.218403
501,8,0.142170
501,9,0.141317
501,10,0.136516
501,11,0.163360
501,12,0.208005
501,13,0.148728
501,14,0.142404
501,15,0.137930
502,1,0.173854
502,2,0.164277
502,3,0.137209
502,4,0.135643
502,5,0.106007
502,6,0.173854
502,7,0.200664
502,8,0.141161
502,9,0.143405
502,10,0.132677
502,11,0.173854
502,12,0.206552
502,13,0.145683
502,14,0.139074
502,15,0.133196
503,1,0.173854
503,2,0.143083
503,3,0.143810
503,4,0.143927
503,5,0.134994
503,6,0.151202
503,7,0.106913
503,8,0.146876
503,9,0.134747
503,10,0.158504
503,11,0.163360
503,12,0.208005
503,13,0.221416
503,14,0.195524
503,15,0.193477
504,1,0.151202
504,2,0.130242
504,3,0.152180
504,4,0.149037
504,5,0.143717
504,6,0.151202
504,7,0.157722
504,8,0.140518
504,9,0.168576
504,10,0.170488
504,11,0.151202
504,12,0.157722
504,13,0.143830
504,14,0.135624
504,15,0.135106
505,1,0.163360
505,2,0.128236
505,3,0.145425
505,4,0.138014
505,5,0.130690
505,6,0.083229
505,7,0.067612
505,8,0.153843
505,9,0.147443
505,10,0.145673
505,11,0.151202
505,12,0.157722
505,13,0.051680
505,14,0.143714
505,15,0.028253
506,1,0.060682
506,2,0.114218
506,3,0.142035
506,4,0.142373
506,5,0.146527
506,6,0.163360
506,7,0.128236
506,8,0.153039
506,9,0.135740
506,10,0.016097
506,11,0.151202
506,12,0.157722
506,13,0.145673
506,14,0.142760
506,15,0.138752
507,1,0.173854
507,2,0.206552
507,3,0.201887
507,4,0.199244
507,5,0.198200
507,6,0.173854
507,7,0.200664
507,8,0.140199
507,9,0.137908
507,10,0.131822
507,11,0.163360
507,12,0.205406
507,13,0.140819
507,14,0.133902
507,15,0.138422
508,1,0.151202
508,2,0.143498
508,3,0.146830
508,4,0.150506
508,5,0.140119
508,6,0.151202
508,7,0.143498
508,8,0.146050
508,9,0.138633
508,10,0.144426
508,11,0.151202
508,12,0.130242
508,13,0.152180
508,14,0.139947
508,15,0.142057
509,1,0.163360
509,2,0.128236
509,3,0.145425
509,4,0.135818
509,5,0.131406
509,6,0.173854
509,7,0.140820
509,8,0.144843
509,9,0.134125
509,10,0.139041
509,11,0.173854
509,12,0.148531
509,13,0.211910
509,14,0.140379
509,15,0.134416
510,1,0.163360
510,2,0.128236
510,3,0.153039
510,4,0.157424
510,5,0.133990
510,6,0.163360
510,7,0.205406
510,8,0.140442
510,9,0.141097
510,10,0.134369
510,11,0.151202
510,12,0.130242
510,13,0.141759
510,14,0.157338
510,15,0.162796
511,1,0.173854
511,2,0.206552
511,3,0.201887
511,4,0.108739
511,5,0.208124
511,6,0.173854
511,7,0.206552
511,8,0.145683
511,9,0.131731
511,10,0.145175
511,11,0.108952
511,12,0.156805
511,13,0.140820
511,14,0.141132
511,15,0.136339
512,1,0.163360
512,2,0.205406
512,3,0.140819
512,4,0.139299
512,5,0.133015
512,6,0.163360
512,7,0.205406
512,8,0.211363
512,9,0.139470
512,10,0.104990
512,11,0.151202
512,12,0.143498
512,13,0.146050
512,14,0.138541
512,15,0.138108
513,1,0.151202
513,2,0.143498
513,3,0.141733
513,4,0.138295
513,5,0.166931
513,6,0.163360
513,7,0.205406
513,8,0.140819
513,9,0.121389
513,10,0.143758
513,11,0.148677
513,12,0.130242
513,13,0.152180
513,14,0.031198
513,15,0.149158
514,1,0.173854
514,2,0.200664
514,3,0.140199
514,4,0.141063
514,5,0.133277
514,6,0.173854
514,7,0.206552
514,8,0.211903
514,9,0.140983
514,10,0.135014
514,11,0.173854
514,12,0.206552
514,13,0.211903
514,14,0.197510
514,15,0.136380
515,1,0.173854
515,2,0.200664
515,3,0.140199
515,4,0.132344
515,5,0.135272
515,6,0.163360
515,7,0.205406
515,8,0.200990
515,9,0.198628
515,10,0.194749
515,11,0.151202
515,12,0.130242
515,13,0.141759
515,14,0.139746
515,15,0.166881
516,1,0.163360
516,2,0.128236
516,3,0.032499
516,4,0.151936
516,5,0.145181
516,6,0.151202
516,7,0.143498
516,8,0.141733
516,9,0.157133
516,10,0.161072
516,11,0.163360
516,12,0.208005
516,13,0.205998
516,14,0.203757
516,15,0.139296
517,1,0.163360
517,2,0.128236
517,3,0.153039
517,4,0.135740
517,5,0.134076
517,6,0.163360
517,7,0.128236
517,8,0.139614
517,9,0.167448
517,10,0.169914
517,11,0.163360
517,12,0.208005
517,13,0.221416
517,14,0.213259
517,15,0.213327
518,1,0.173854
518,2,0.200664
518,3,0.204323
518,4,0.149222
518,5,0.140272
518,6,0.151202
518,7,0.130242
518,8,0.141759
518,9,0.134252
518,10,0.165792
518,11,0.151202
518,12,0.143498
518,13,0.146830
518,14,0.137094
518,15,0.146665
519,1,0.173854
519,2,0.200664
519,3,0.071938
519,4,0.165999
519,5,0.156904
519,6,0.173854
519,7,0.206552
519,8,0.145683
519,9,0.136505
519,10,0.136236
519,11,0.151655
519,12,0.130242
519,13,0.141759
519,14,0.135852
519,15,0.162571
520,1,0.173854
520,2,0.139316
520,3,0.200079
520,4,0.203828
520,5,0.212434
520,6,0.163360
520,7,0.208005
520,8,0.148728
520,9,0.136217
520,10,0.137442
520,11,0.173854
520,12,0.140820
520,13,0.144843
520,14,0.125906
520,15,0.136906
521,1,0.151202
521,2,0.157722
521,3,0.140518
521,4,0.164320
521,5,0.142712
521,6,0.151202
521,7,0.143498
521,8,0.146050
521,9,0.131986
521,10,0.159504
521,11,0.163952
521,12,0.208005
521,13,0.156311
521,14,0.134841
521,15,0.143551
522,1,0.163360
522,2,0.128236
522,3,0.153039
522,4,0.135740
522,5,0.132711
522,6,0.163360
522,7,0.205406
522,8,0.200990
522,9,0.066845
522,10,0.191227
522,11,0.151202
522,12,0.143498
522,13,0.146830
522,14,0.142553
522,15,0.143282
523,1,0.173854
523,2,0.140820
523,3,0.108183
523,4,0.139080
523,5,0.135596
523,6,0.163360
523,7,0.128236
523,8,0.145425
523,9,0.136411
523,10,0.154343
523,11,0.173854
523,12,0.112758
523,13,0.203820
523,14,0.143444
523,15,0.141939
524,1,0.151202
524,2,0.157722
524,3,0.150748
524,4,0.138553
524,5,0.141932
524,6,0.173854
524,7,0.200664
524,8,0.198766
524,9,0.139694
524,10,0.141768
524,11,0.173854
524,12,0.140820
524,13,0.139696
524,14,0.144510
524,15,0.133211
525,1,0.173854
525,2,0.140820
525,3,0.141132
525,4,0.133493
525,5,0.168482
525,6,0.163360
525,7,0.208005
525,8,0.205998
525,9,0.198727
525,10,0.137972
525,11,0.151202
525,12,0.157722
525,13,0.150748
525,14,0.140137
525,15,0.136733
526,1,0.163360
526,2,0.208005
526,3,0.148728
526,4,0.137357
526,5,0.138072
526,6,0.173854
526,7,0.200664
526,8,0.141161
526,9,0.143405
526,10,0.134329
526,11,0.173854
526,12,0.140820
526,13,0.144843
526,14,0.067057
526,15,0.120548
527,1,0.116367
527,2,0.217714
527,3,0.204777
527,4,0.200981
527,5,0.158646
527,6,0.173854
527,7,0.200664
527,8,0.204724
527,9,0.201043
527,10,0.105905
527,11,0.163360
527,12,0.128236
527,13,0.153039
527,14,0.135740
527,15,0.144262
528,1,0.173854
528,2,0.140820
528,3,0.098956
528,4,0.138394
528,5,0.136416
528,6,0.151202
528,7,0.143498
528,8,0.146830
528,9,0.138293
528,10,0.135377
528,11,0.151202
528,12,0.157722
528,13,0.092286
528,14,0.138725
528,15,0.137437
529,1,0.163360
529,2,0.191468
529,3,0.206400
529,4,0.071219
529,5,0.055779
529,6,0.151202
529,7,0.143498
529,8,0.146050
529,9,0.131986
529,10,0.155239
529,11,0.151202
529,12,0.130242
529,13,0.152180
529,14,0.139947
529,15,0.142421
530,1,0.151202
530,2,0.130242
530,3,0.141759
530,4,0.142086
530,5,0.136236
530,6,0.151202
530,7,0.130242
530,8,0.152180
530,9,0.139947
530,10,0.141792
530,11,0.151202
530,12,0.157722
530,13,0.145673
530,14,0.138568
530,15,0.132535
531,1,0.173854
531,2,0.206552
531,3,0.201887
531,4,0.197579
531,5,0.139038
531,6,0.173854
531,7,0.200664
531,8,0.140199
531,9,0.135669
531,10,0.134790
531,11,0.151202
531,12,0.157722
531,13,0.140518
531,14,0.131831
531,15,0.135669
532,1,0.173854
532,2,0.140820
532,3,0.144843
532,4,0.067057
532,5,0.135404
532,6,0.163360
532,7,0.208005
532,8,0.205998
532,9,0.198727
532,10,0.139288
532,11,0.163952
532,12,0.205406
532,13,0.200990
532,14,0.194765
532,15,0.140199
533,1,0.163360
533,2,0.128236
533,3,0.153039
533,4,0.092962
533,5,0.137411
533,6,0.173854
533,7,0.140820
533,8,0.144843
533,9,0.134752
533,10,0.156477
533,11,0.163360
533,12,0.208005
533,13,0.205998
533,14,0.091079
533,15,0.136466
534,1,0.064317
534,2,0.213604
534,3,0.109847
534,4,0.145435
534,5,0.133495
534,6,0.173854
534,7,0.200664
534,8,0.198766
534,9,0.140156
534,10,0.061175
534,11,0.173854
534,12,0.200664
534,13,0.140199
534,14,0.153953
534,15,0.138360
535,1,0.151202
535,2,0.073596
535,3,0.024084
535,4,0.142773
535,5,0.138880
535,6,0.163360
535,7,0.208005
535,8,0.221416
535,9,0.204376
535,10,0.196915
535,11,0.151202
535,12,0.157722
535,13,0.145673
535,14,0.135501
535,15,0.131507
536,1,0.163360
536,2,0.128236
536,3,0.100254
536,4,0.145683
536,5,0.130873
536,6,0.163360
536,7,0.128236
536,8,0.139614
536,9,0.146526
536,10,0.133797
536,11,0.151202
536,12,0.130242
536,13,0.152180
536,14,0.139947
536,15,0.141827
537,1,0.163360
537,2,0.205406
537,3,0.160320
537,4,0.209322
537,5,0.201079
537,6,0.151202
537,7,0.130242
537,8,0.144743
537,9,0.136559
537,10,0.137356
537,11,0.163360
537,12,0.205406
537,13,0.140819
537,14,0.139942
537,15,0.140589
538,1,0.163360
538,2,0.208005
538,3,0.205998
538,4,0.198697
538,5,0.190114
538,6,0.158614
538,7,0.158750
538,8,0.217923
538,9,0.201971
538,10,0.138834
538,11,0.151202
538,12,0.122556
538,13,0.141150
538,14,0.141614
538,15,0.143874
539,1,0.151202
539,2,0.130242
539,3,0.152180
539,4,0.149037
539,5,0.118381
539,6,0.090445
539,7,0.132766
539,8,0.140595
539,9,0.144605
539,10,0.135965
539,11,0.173854
539,12,0.200664
539,13,0.208075
539,14,0.207297
539,15,0.145901
540,1,0.163360
540,2,0.208005
540,3,0.148728
540,4,0.142404
540,5,0.073990
540,6,0.151202
540,7,0.130242
540,8,0.144743
540,9,0.140013
540,10,0.140696
540,11,0.151202
540,12,0.130242
540,13,0.144743
540,14,0.136223
540,15,0.138503
541,1,0.173854
541,2,0.200664
541,3,0.141161
541,4,0.143405
541,5,0.133651
541,6,0.173854
541,7,0.206552
541,8,0.201887
541,9,0.198128
541,10,0.131043
541,11,0.173854
541,12,0.206552
541,13,0.145683
541,14,0.153226
541,15,0.140855
542,1,0.163360
542,2,0.205406
542,3,0.204401
542,4,0.139288
542,5,0.138686
542,6,0.163360
542,7,0.128236
542,8,0.153039
542,9,0.068440
542,10,0.146844
542,11,0.154545
542,12,0.078199
542,13,0.146220
542,14,0.144447
542,15,0.134806
543,1,0.173854
543,2,0.140820
543,3,0.139696
543,4,0.146247
543,5,0.158076
543,6,0.173854
543,7,0.206552
543,8,0.211903
543,9,0.204637
543,10,0.141233
543,11,0.160417
543,12,0.150442
543,13,0.130113
543,14,0.140892
543,15,0.134992
544,1,0.173854
544,2,0.206552
544,3,0.145683
544,4,0.131731
544,5,0.139567
544,6,0.151202
544,7,0.157722
544,8,0.092216
544,9,0.144834
544,10,0.139262
544,11,0.173854
544,12,0.206552
544,13,0.211903
544,14,0.210223
544,15,0.138583
545,1,0.151202
545,2,0.130242
545,3,0.176083
545,4,0.148039
545,5,0.138019
545,6,0.173854
545,7,0.206552
545,8,0.211903
545,9,0.210223
545,10,0.196714
545,11,0.151202
545,12,0.143498
545,13,0.141733
545,14,0.137853
545,15,0.133479
546,1,0.173854
546,2,0.200664
546,3,0.198766
546,4,0.198554
546,5,0.203828
546,6,0.173854
546,7,0.140820
546,8,0.138580
546,9,0.076333
546,10,0.147543
546,11,0.163360
546,12,0.205406
546,13,0.140819
546,14,0.139299
546,15,0.133015
547,1,0.163360
547,2,0.205406
547,3,0.200990
547,4,0.195718
547,5,0.139319
547,6,0.151202
547,7,0.143498
547,8,0.141733
547,9,0.135265
547,10,0.131658
547,11,0.163360
547,12,0.205406
547,13,0.140819
547,14,0.133902
547,15,0.085110
548,1,0.163360
548,2,0.205406
548,3,0.200990
548,4,0.195718
548,5,0.194375
548,6,0.151202
548,7,0.143498
548,8,0.146050
548,9,0.131986
548,10,0.153574
548,11,0.151202
548,12,0.157722
548,13,0.140518
548,14,0.158909
548,15,0.138908
549,1,0.151202
549,2,0.143498
549,3,0.146830
549,4,0.140456
549,5,0.134535
549,6,0.151202
549,7,0.130242
549,8,0.144743
549,9,0.136559
549,10,0.141219
549,11,0.074782
549,12,0.161005
549,13,0.130433
549,14,0.134041
549,15,0.141476
550,1,0.151202
550,2,0.143498
550,3,0.146830
550,4,0.145069
550,5,0.145937
550,6,0.151202
550,7,0.130242
550,8,0.144743
550,9,0.174590
550,10,0.131959
550,11,0.151202
550,12,0.157722
550,13,0.145673
550,14,0.142404
550,15,0.142416
551,1,0.163360
551,2,0.128236
551,3,0.153039
551,4,0.147845
551,5,0.142736
551,6,0.151202
551,7,0.130242
551,8,0.152180
551,9,0.149037
551,10,0.142947
551,11,0.151202
551,12,0.130242
551,13,0.144743
551,14,0.136223
551,15,0.154116
552,1,0.151202
552,2,0.130242
552,3,0.144743
552,4,0.136559
552,5,0.140316
552,6,0.163360
552,7,0.208005
552,8,0.221416
552,9,0.202056
552,10,0.135897
552,11,0.163360
552,12,0.208005
552,13,0.148728
552,14,0.137928
552,15,0.134841
553,1,0.163360
553,2,0.128236
553,3,0.153039
553,4,0.147845
553,5,0.137772
553,6,0.173854
553,7,0.200664
553,8,0.140199
553,9,0.132344
553,10,0.144918
553,11,0.163360
553,12,0.205406
553,13,0.142547
553,14,0.139942
553,15,0.133703
554,1,0.151202
554,2,0.130242
554,3,0.141759
554,4,0.149131
554,5,0.152305
554,6,0.028049
554,7,0.132610
554,8,0.188263
554,9,0.179038
554,10,0.199458
554,11,0.151202
554,12,0.130242
554,13,0.144743
554,14,0.059241
554,15,0.142656
555,1,0.151202
555,2,0.130242
555,3,0.144743
555,4,0.140013
555,5,0.140696
555,6,0.163360
555,7,0.205406
555,8,0.053075
555,9,0.204449
555,10,0.137877
555,11,0.163360
555,12,0.208005
555,13,0.205998
555,14,0.198727
555,15,0.138768
556,1,0.151202
556,2,0.143498
556,3,0.141733
556,4,0.137853
556,5,0.134897
556,6,0.061962
556,7,0.219590
556,8,0.204304
556,9,0.212904
556,10,0.139942
556,11,0.151202
556,12,0.130242
556,13,0.141759
556,14,0.140806
556,15,0.166787
557,1,0.163360
557,2,0.128236
557,3,0.153039
557,4,0.144011
557,5,0.137574
557,6,0.163360
557,7,0.205406
557,8,0.204401
557,9,0.196786
557,10,0.140451
557,11,0.163360
557,12,0.128236
557,13,0.153039
557,14,0.135502
557,15,0.139608
558,1,0.151202
558,2,0.157722
558,3,0.150748
558,4,0.135624
558,5,0.139443
558,6,0.151202
558,7,0.157722
558,8,0.145673
558,9,0.155701
558,10,0.158810
558,11,0.151202
558,12,0.143498
558,13,0.146050
558,14,0.131986
558,15,0.162560
559,1,0.058607
559,2,0.174161
559,3,0.206241
559,4,0.058149
559,5,0.210903
559,6,0.163360
559,7,0.128236
559,8,0.139614
559,9,0.139887
559,10,0.137588
559,11,0.151202
559,12,0.082317
559,13,0.141308
559,14,0.139432
559,15,0.155371
560,1,0.151202
560,2,0.130242
560,3,0.152180
560,4,0.139947
560,5,0.141827
560,6,0.173854
560,7,0.200664
560,8,0.204376
560,9,0.195640
560,10,0.159185
560,11,0.151202
560,12,0.130242
560,13,0.141759
560,14,0.134252
560,15,0.161569
561,1,0.151202
561,2,0.130242
561,3,0.141759
561,4,0.151650
561,5,0.140659
561,6,0.181900
561,7,0.140820
561,8,0.144843
561,9,0.125906
561,10,0.136906
561,11,0.151202
561,12,0.157722
561,13,0.140518
561,14,0.017176
561,15,0.142335
562,1,0.151202
562,2,0.130242
562,3,0.152180
562,4,0.139947
562,5,0.142057
562,6,0.151202
562,7,0.130242
562,8,0.144743
562,9,0.140013
562,10,0.139558
562,11,0.173854
562,12,0.200664
562,13,0.198766
562,14,0.142805
562,15,0.134004
563,1,0.173854
563,2,0.140820
563,3,0.141132
563,4,0.136339
563,5,0.139241
563,6,0.163360
563,7,0.208005
563,8,0.148728
563,9,0.152797
563,10,0.146760
563,11,0.151202
563,12,0.130242
563,13,0.141759
563,14,0.140806
563,15,0.154875
564,1,0.137177
564,2,0.174248
564,3,0.148780
564,4,0.145069
564,5,0.157962
564,6,0.173854
564,7,0.200664
564,8,0.199625
564,9,0.203828
564,10,0.140743
564,11,0.173854
564,12,0.085786
564,13,0.123256
564,14,0.198151
564,15,0.204376
565,1,0.163360
565,2,0.128236
565,3,0.153039
565,4,0.135152
565,5,0.141101
565,6,0.173854
565,7,0.198598
565,8,0.027978
565,9,0.145161
565,10,0.147711
565,11,0.173854
565,12,0.200664
565,13,0.093393
565,14,0.207670
565,15,0.138656
566,1,0.173854
566,2,0.200664
566,3,0.204724
566,4,0.199839
566,5,0.197592
566,6,0.173854
566,7,0.206552
566,8,0.201887
566,9,0.198667
566,10,0.198136
566,11,0.163360
566,12,0.208005
566,13,0.205998
566,14,0.198727
566,15,0.138768
567,1,0.151202
567,2,0.130242
567,3,0.152180
567,4,0.139004
567,5,0.134595
567,6,0.163360
567,7,0.128236
567,8,0.153039
567,9,0.144011
567,10,0.138879
567,11,0.163360
567,12,0.205406
567,13,0.030541
567,14,0.064219
567,15,0.159574
568,1,0.173854
568,2,0.140820
568,3,0.139696
568,4,0.119224
568,5,0.168219
568,6,0.151202
568,7,0.143498
568,8,0.146830
568,9,0.137094
568,10,0.144828
568,11,0.163360
568,12,0.208005
568,13,0.114696
568,14,0.200921
568,15,0.193023
569,1,0.151202
569,2,0.143498
569,3,0.141733
569,4,0.143334
569,5,0.163841
569,6,0.173854
569,7,0.068949
569,8,0.162032
569,9,0.160722
569,10,0.158771
569,11,0.173854
569,12,0.206552
569,13,0.143306
569,14,0.136505
569,15,0.134088
570,1,0.173854
570,2,0.206552
570,3,0.201887
570,4,0.056533
570,5,0.189206
570,6,0.173854
570,7,0.200664
570,8,0.140199
570,9,0.080219
570,10,0.137148
570,11,0.163360
570,12,0.128236
570,13,0.145425
570,14,0.138225
570,15,0.140340
571,1,0.163360
571,2,0.208005
571,3,0.205998
571,4,0.141371
571,5,0.135072
571,6,0.151202
571,7,0.157722
571,8,0.145673
571,9,0.167092
571,10,0.139384
571,11,0.151202
571,12,0.143498
571,13,0.141733
571,14,0.158419
571,15,0.155162
572,1,0.173854
572,2,0.200664
572,3,0.204323
572,4,0.207235
572,5,0.196812
572,6,0.173854
572,7,0.200664
572,8,0.199849
572,9,0.198322
572,10,0.203272
572,11,0.151202
572,12,0.155359
572,13,0.030738
572,14,0.140185
572,15,0.168712
573,1,0.009217
573,2,0.107149
573,3,0.140367
573,4,0.148320
573,5,0.139244
573,6,0.151202
573,7,0.134207
573,8,0.068417
573,9,0.069537
573,10,0.137456
573,11,0.072631
573,12,0.060682
573,13,0.150684
573,14,0.013417
573,15,0.139819
574,1,0.163360
574,2,0.205406
574,3,0.204401
574,4,0.057745
574,5,0.135989
574,6,0.151202
574,7,0.119814
574,8,0.159098
574,9,0.149772
574,10,0.136166
574,11,0.151202
574,12,0.157722
574,13,0.191982
574,14,0.158909
574,15,0.138168
575,1,0.151202
575,2,0.163087
575,3,0.156641
575,4,0.140897
575,5,0.138993
575,6,0.173854
575,7,0.200664
575,8,0.066845
575,9,0.196685
575,10,0.190203
575,11,0.151202
575,12,0.059037
575,13,0.142880
575,14,0.141046
575,15,0.136701
576,1,0.151202
576,2,0.130242
576,3,0.141759
576,4,0.033754
576,5,0.138637
576,6,0.163360
576,7,0.205406
576,8,0.204401
576,9,0.208024
576,10,0.197394
576,11,0.173854
576,12,0.206552
576,13,0.145683
576,14,0.134361
576,15,0.135189
577,1,0.163360
577,2,0.208005
577,3,0.148728
577,4,0.137928
577,5,0.135457
577,6,0.151202
577,7,0.157722
577,8,0.150748
577,9,0.144844
577,10,0.134381
577,11,0.151202
577,12,0.126522
577,13,0.166127
577,14,0.139446
577,15,0.155854
578,1,0.163360
578,2,0.128236
578,3,0.145425
578,4,0.138225
578,5,0.135864
578,6,0.173854
578,7,0.206552
578,8,0.211903
578,9,0.211037
578,10,0.197874
578,11,0.163360
578,12,0.208005
578,13,0.221416
578,14,0.204836
578,15,0.214110
579,1,0.151202
579,2,0.143498
579,3,0.146830
579,4,0.138293
579,5,0.137298
579,6,0.173854
579,7,0.200664
579,8,0.204323
579,9,0.140079
579,10,0.140228
579,11,0.173854
579,12,0.200664
579,13,0.198542
579,14,0.198554
579,15,0.194194
580,1,0.151202
580,2,0.130242
580,3,0.158016
580,4,0.137871
580,5,0.134808
580,6,0.163360
580,7,0.128236
580,8,0.153039
580,9,0.147845
580,10,0.137574
580,11,0.106571
580,12,0.134362
580,13,0.142946
580,14,0.068676
580,15,0.138611
581,1,0.151202
581,2,0.157722
581,3,0.140518
581,4,0.140147
581,5,0.135827
581,6,0.151202
581,7,0.134207
581,8,0.146860
581,9,0.137476
581,10,0.137374
581,11,0.164968
581,12,0.128236
581,13,0.153039
581,14,0.151898
581,15,0.137557
582,1,0.173854
582,2,0.206552
582,3,0.211903
582,4,0.199599
582,5,0.191115
582,6,0.173854
582,7,0.200664
582,8,0.208075
582,9,0.199839
582,10,0.196791
582,11,0.163360
582,12,0.208005
582,13,0.205998
582,14,0.210719
582,15,0.195399
583,1,0.173854
583,2,0.206552
583,3,0.211903
583,4,0.199599
583,5,0.192184
583,6,0.173854
583,7,0.217808
583,8,0.142374
583,9,0.153977
583,10,0.145428
583,11,0.122390
583,12,0.142034
583,13,0.133222
583,14,0.133948
583,15,0.160189
584,1,0.151202
584,2,0.075974
584,3,0.146735
584,4,0.142037
584,5,0.135462
584,6,0.151202
584,7,0.130242
584,8,0.015379
584,9,0.051465
584,10,0.149558
584,11,0.164968
584,12,0.128236
584,13,0.153039
584,14,0.135740
584,15,0.133625
585,1,0.118170
585,2,0.201118
585,3,0.198542
585,4,0.163815
585,5,0.086917
585,6,0.163360
585,7,0.128236
585,8,0.153039
585,9,0.141483
585,10,0.146702
585,11,0.163360
585,12,0.205406
585,13,0.218134
585,14,0.132480
585,15,0.148486
586,1,0.173854
586,2,0.206552
586,3,0.110026
586,4,0.051465
586,5,0.218339
586,6,0.218167
586,7,0.206552
586,8,0.211903
586,9,0.140983
586,10,0.097869
586,11,0.163360
586,12,0.208005
586,13,0.148728
586,14,0.133969
586,15,0.138961
587,1,0.173854
587,2,0.206552
587,3,0.145683
587,4,0.140730
587,5,0.162381
587,6,0.173854
587,7,0.206552
587,8,0.211903
587,9,0.197418
587,10,0.193268
587,11,0.151202
587,12,0.157722
587,13,0.112433
587,14,0.121416
587,15,0.155721
588,1,0.173854
588,2,0.200664
588,3,0.140199
588,4,0.132344
588,5,0.138699
588,6,0.173854
588,7,0.206552
588,8,0.143306
588,9,0.153226
588,10,0.134161
588,11,0.163360
588,12,0.205406
588,13,0.200990
588,14,0.199719
588,15,0.130973
589,1,0.173854
589,2,0.140820
589,3,0.144843
589,4,0.134752
589,5,0.132249
589,6,0.163360
589,7,0.128236
589,8,0.139614
589,9,0.151457
589,10,0.139040
589,11,0.151202
589,12,0.130242
589,13,0.141759
589,14,0.149131
589,15,0.136800
590,1,0.151202
590,2,0.130242
590,3,0.141759
590,4,0.149131
590,5,0.142631
590,6,0.163360
590,7,0.205406
590,8,0.166669
590,9,0.140204
590,10,0.148486
590,11,0.163360
590,12,0.208005
590,13,0.221416
590,14,0.213259
590,15,0.144359
591,1,0.151202
591,2,0.157722
591,3,0.140518
591,4,0.141957
591,5,0.139490
591,6,0.151202
591,7,0.130242
591,8,0.087761
591,9,0.138727
591,10,0.146701
591,11,0.151202
591,12,0.143498
591,13,0.146830
591,14,0.137094
591,15,0.140398
592,1,0.151202
592,2,0.157722
592,3,0.143830
592,4,0.137606
592,5,0.135578
592,6,0.151202
592,7,0.130242
592,8,0.144743
592,9,0.140013
592,10,0.090917
592,11,0.151202
592,12,0.157722
592,13,0.074854
592,14,0.164912
592,15,0.166070
593,1,0.049142
593,2,0.218403
593,3,0.142170
593,4,0.141317
593,5,0.135270
593,6,0.164968
593,7,0.128236
593,8,0.122520
593,9,0.133444
593,10,0.163217
593,11,0.173854
593,12,0.206552
593,13,0.211903
593,14,0.147097
593,15,0.131694
594,1,0.163360
594,2,0.208005
594,3,0.221416
594,4,0.111073
594,5,0.199662
594,6,0.173854
594,7,0.206552
594,8,0.201887
594,9,0.129423
594,10,0.132783
594,11,0.163360
594,12,0.128236
594,13,0.153039
594,14,0.142212
594,15,0.137139
595,1,0.140658
595,2,0.157761
595,3,0.206425
595,4,0.152546
595,5,0.200419
595,6,0.151202
595,7,0.143498
595,8,0.146050
595,9,0.171890
595,10,0.140115
595,11,0.163360
595,12,0.205406
595,13,0.200442
595,14,0.141067
595,15,0.153977
596,1,0.151202
596,2,0.157722
596,3,0.150748
596,4,0.144498
596,5,0.136900
596,6,0.151202
596,7,0.143498
596,8,0.141733
596,9,0.158419
596,10,0.172877
596,11,0.151202
596,12,0.157722
596,13,0.165797
596,14,0.167092
596,15,0.145781
597,1,0.163360
597,2,0.128236
597,3,0.108949
597,4,0.143766
597,5,0.139752
597,6,0.173854
597,7,0.206552
597,8,0.201887
597,9,0.141550
597,10,0.140295
597,11,0.173854
597,12,0.140820
597,13,0.141132
597,14,0.136923
597,15,0.133349
598,1,0.113172
598,2,0.144681
598,3,0.140520
598,4,0.062366
598,5,0.138163
598,6,0.154545
598,7,0.130242
598,8,0.085376
598,9,0.140436
598,10,0.146914
598,11,0.173854
598,12,0.206552
598,13,0.200512
598,14,0.140983
598,15,0.132368
599,1,0.173854
599,2,0.200664
599,3,0.198996
599,4,0.198554
599,5,0.131392
599,6,0.173854
599,7,0.140820
599,8,0.144843
599,9,0.134125
599,10,0.125189
599,11,0.151202
599,12,0.157722
599,13,0.140518
599,14,0.132758
599,15,0.137247
600,1,0.163360
600,2,0.205406
600,3,0.200990
600,4,0.198968
600,5,0.207305
600,6,0.173854
600,7,0.200664
600,8,0.200303
600,9,0.204230
600,10,0.212434
600,11,0.163360
600,12,0.205406
600,13,0.200990
600,14,0.140105
600,15,0.138292
601,1,0.197447
601,2,0.159123
601,3,0.206023
601,4,0.206364
601,5,0.139288
601,6,0.090757
601,7,0.204432
601,8,0.149653
601,9,0.152797
601,10,0.146760
601,11,0.151202
601,12,0.130242
601,13,0.141759
601,14,0.142086
601,15,0.140472
602,1,0.173854
602,2,0.140820
602,3,0.141495
602,4,0.058061
602,5,0.125277
602,6,0.173854
602,7,0.200664
602,8,0.204777
602,9,0.145922
602,10,0.134141
602,11,0.163360
602,12,0.128236
602,13,0.145425
602,14,0.134193
602,15,0.131791
603,1,0.151202
603,2,0.143498
603,3,0.141733
603,4,0.142383
603,5,0.135143
603,6,0.140658
603,7,0.157761
603,8,0.221280
603,9,0.205994
603,10,0.133370
603,11,0.173854
603,12,0.059060
603,13,0.125067
603,14,0.176597
603,15,0.167998
604,1,0.163360
604,2,0.128236
604,3,0.139614
604,4,0.140399
604,5,0.124184
604,6,0.163360
604,7,0.205406
604,8,0.093470
604,9,0.138803
604,10,0.132537
604,11,0.163360
604,12,0.205406
604,13,0.200990
604,14,0.198968
604,15,0.140079
605,1,0.173854
605,2,0.140820
605,3,0.053152
605,4,0.135186
605,5,0.136030
605,6,0.151202
605,7,0.130242
605,8,0.141759
605,9,0.139746
605,10,0.137202
605,11,0.163360
605,12,0.128236
605,13,0.014025
605,14,0.145899
605,15,0.141483
606,1,0.173854
606,2,0.140820
606,3,0.139696
606,4,0.144638
606,5,0.140027
606,6,0.173854
606,7,0.206552
606,8,0.143306
606,9,0.113925
606,10,0.132049
606,11,0.163360
606,12,0.128236
606,13,0.153039
606,14,0.135740
606,15,0.132475
607,1,0.151202
607,2,0.130242
607,3,0.141759
607,4,0.146784
607,5,0.166881
607,6,0.163360
607,7,0.128236
607,8,0.139614
607,9,0.133812
607,10,0.162680
607,11,0.163360
607,12,0.128236
607,13,0.145425
607,14,0.138014
607,15,0.136540
608,1,0.163360
608,2,0.208005
608,3,0.148728
608,4,0.136217
608,5,0.135457
608,6,0.173854
608,7,0.200664
608,8,0.198766
608,9,0.198554
608,10,0.198547
608,11,0.173854
608,12,0.211328
608,13,0.200512
608,14,0.140983
608,15,0.056891
609,1,0.014025
609,2,0.109908
609,3,0.067166
609,4,0.205792
609,5,0.147512
609,6,0.163360
609,7,0.205406
609,8,0.200990
609,9,0.204546
609,10,0.195992
609,11,0.160417
609,12,0.159177
609,13,0.217770
609,14,0.198779
609,15,0.157096
610,1,0.163360
610,2,0.205406
610,3,0.209177
610,4,0.199666
610,5,0.197764
610,6,0.173854
610,7,0.200664
610,8,0.198766
610,9,0.199637
610,10,0.040591
610,11,0.151202
610,12,0.130242
610,13,0.105026
610,14,0.139589
610,15,0.142614
611,1,0.173854
611,2,0.200664
611,3,0.204724
611,4,0.199839
611,5,0.191903
611,6,0.163360
611,7,0.208005
611,8,0.221416
611,9,0.213259
611,10,0.140048
611,11,0.173854
611,12,0.140820
611,13,0.141132
611,14,0.145256
611,15,0.140163
612,1,0.160417
612,2,0.156805
612,3,0.138171
612,4,0.141132
612,5,0.133493
612,6,0.151202
612,7,0.130242
612,8,0.144743
612,9,0.087524
612,10,0.074674
612,11,0.118170
612,12,0.218261
612,13,0.141161
612,14,0.137908
612,15,0.139252
613,1,0.163360
613,2,0.208005
613,3,0.207291
613,4,0.219317
613,5,0.213431
613,6,0.163360
613,7,0.128236
613,8,0.145425
613,9,0.138014
613,10,0.130690
613,11,0.045863
613,12,0.159272
613,13,0.150499
613,14,0.143846
613,15,0.138725
614,1,0.173854
614,2,0.206552
614,3,0.203914
614,4,0.199631
614,5,0.191857
614,6,0.151202
614,7,0.130242
614,8,0.144743
614,9,0.140013
614,10,0.141748
614,11,0.151202
614,12,0.157722
614,13,0.140518
614,14,0.165281
614,15,0.056868
615,1,0.163360
615,2,0.208005
615,3,0.221416
615,4,0.205512
615,5,0.199666
615,6,0.163360
615,7,0.128236
615,8,0.153039
615,9,0.145047
615,10,0.138916
615,11,0.163360
615,12,0.191468
615,13,0.148210
615,14,0.144124
615,15,0.140246
616,1,0.173854
616,2,0.140820
616,3,0.141132
616,4,0.138591
616,5,0.135819
616,6,0.173854
616,7,0.200664
616,8,0.198766
616,9,0.014025
616,10,0.140199
616,11,0.174161
616,12,0.140820
616,13,0.141132
616,14,0.136923
616,15,0.139550
617,1,0.163360
617,2,0.128236
617,3,0.153039
617,4,0.151898
617,5,0.137574
617,6,0.163360
617,7,0.128236
617,8,0.139614
617,9,0.068487
617,10,0.109386
617,11,0.163360
617,12,0.205406
617,13,0.140819
617,14,0.140577
617,15,0.139467
618,1,0.163360
618,2,0.208005
618,3,0.148728
618,4,0.142413
618,5,0.141185
618,6,0.174161
618,7,0.140820
618,8,0.030639
618,9,0.139412
618,10,0.138347
618,11,0.163360
618,12,0.000000
618,13,0.168733
618,14,0.164937
618,15,0.130282
619,1,0.173854
619,2,0.140820
619,3,0.141132
619,4,0.136923
619,5,0.080608
619,6,0.163360
619,7,0.128236
619,8,0.145425
619,9,0.138014
619,10,0.138000
619,11,0.173854
619,12,0.169713
619,13,0.141940
619,14,0.133879
619,15,0.135616
620,1,0.151202
620,2,0.157722
620,3,0.140518
620,4,0.140372
620,5,0.140802
620,6,0.151202
620,7,0.041615
620,8,0.143498
620,9,0.141733
620,10,0.165381
620,11,0.151202
620,12,0.130242
620,13,0.152180
620,14,0.139004
620,15,0.134595
621,1,0.163360
621,2,0.128236
621,3,0.153039
621,4,0.135740
621,5,0.132711
621,6,0.173854
621,7,0.140820
621,8,0.141132
621,9,0.068348
621,10,0.150473
621,11,0.163360
621,12,0.166717
621,13,0.203746
621,14,0.138559
621,15,0.144144
622,1,0.151202
622,2,0.106913
622,3,0.130852
622,4,0.143377
622,5,0.143110
622,6,0.163360
622,7,0.208005
622,8,0.148728
622,9,0.137928
622,10,0.133391
622,11,0.151202
622,12,0.143498
622,13,0.123041
622,14,0.136667
622,15,0.165244
623,1,0.060757
623,2,0.148677
623,3,0.146098
623,4,0.141640
623,5,0.132017
623,6,0.151202
623,7,0.143498
623,8,0.141733
623,9,0.138295
623,10,0.137824
623,11,0.119364
623,12,0.162613
623,13,0.199987
623,14,0.194327
623,15,0.139588
624,1,0.163360
624,2,0.205406
624,3,0.140819
624,4,0.139127
624,5,0.140841
624,6,0.151202
624,7,0.130242
624,8,0.144743
624,9,0.136223
624,10,0.154116
624,11,0.173854
624,12,0.206552
624,13,0.203914
624,14,0.197579
624,15,0.139168
625,1,0.163360
625,2,0.205406
625,3,0.200990
625,4,0.200802
625,5,0.198554
625,6,0.163360
625,7,0.133572
625,8,0.206139
625,9,0.199372
625,10,0.136911
625,11,0.173854
625,12,0.206552
625,13,0.211903
625,14,0.199599
625,15,0.088419
626,1,0.173854
626,2,0.206552
626,3,0.201887
626,4,0.198343
626,5,0.204319
626,6,0.173854
626,7,0.206552
626,8,0.201887
626,9,0.157720
626,10,0.135637
626,11,0.163360
626,12,0.053766
626,13,0.204410
626,14,0.204110
626,15,0.199617
627,1,0.151202
627,2,0.143498
627,3,0.141733
627,4,0.138026
627,5,0.140843
627,6,0.163360
627,7,0.205406
627,8,0.204401
627,9,0.196786
627,10,0.074334
627,11,0.151202
627,12,0.130242
627,13,0.031290
627,14,0.141565
627,15,0.140894
628,1,0.163360
628,2,0.128236
628,3,0.139614
628,4,0.139960
628,5,0.163672
628,6,0.173854
628,7,0.200664
628,8,0.140199
628,9,0.139696
628,10,0.141175
628,11,0.173854
628,12,0.140820
628,13,0.139696
628,14,0.103785
628,15,0.141149
629,1,0.151202
629,2,0.157722
629,3,0.145673
629,4,0.142404
629,5,0.142416
629,6,0.151202
629,7,0.143498
629,8,0.146830
629,9,0.137094
629,10,0.144252
629,11,0.151202
629,12,0.130242
629,13,0.141759
629,14,0.135852
629,15,0.152998
630,1,0.118170
630,2,0.109215
630,3,0.209553
630,4,0.200981
630,5,0.140983
630,6,0.163360
630,7,0.205406
630,8,0.204401
630,9,0.196786
630,10,0.140452
630,11,0.151202
630,12,0.130242
630,13,0.152180
630,14,0.149037
630,15,0.137645
631,1,0.169635
631,2,0.057581
631,3,0.206333
631,4,0.142998
631,5,0.153226
631,6,0.151202
631,7,0.143498
631,8,0.146050
631,9,0.138633
631,10,0.087176
631,11,0.163360
631,12,0.208005
631,13,0.221416
631,14,0.204676
631,15,0.116004
632,1,0.173854
632,2,0.200664
632,3,0.140199
632,4,0.132344
632,5,0.143342
632,6,0.151202
632,7,0.130242
632,8,0.152180
632,9,0.139947
632,10,0.137374
632,11,0.173854
632,12,0.206552
632,13,0.211903
632,14,0.140983
632,15,0.141416
633,1,0.163360
633,2,0.135059
633,3,0.221280
633,4,0.152342
633,5,0.150510
633,6,0.173854
633,7,0.140820
633,8,0.144843
633,9,0.134752
633,10,0.144363
633,11,0.099043
633,12,0.152328
633,13,0.145727
633,14,0.149067
633,15,0.146216
634,1,0.151202
634,2,0.157722
634,3,0.140518
634,4,0.158909
634,5,0.166741
634,6,0.163360
634,7,0.128236
634,8,0.139614
634,9,0.140721
634,10,0.163773
634,11,0.151202
634,12,0.130242
634,13,0.144743
634,14,0.136559
634,15,0.142250
635,1,0.151202
635,2,0.130242
635,3,0.141759
635,4,0.134252
635,5,0.157120
635,6,0.151202
635,7,0.130242
635,8,0.152180
635,9,0.139947
635,10,0.141792
635,11,0.173854
635,12,0.151815
635,13,0.202593
635,14,0.130331
635,15,0.134349
636,1,0.163360
636,2,0.205406
636,3,0.204401
636,4,0.196786
636,5,0.198639
636,6,0.107149
636,7,0.112389
636,8,0.161331
636,9,0.195840
636,10,0.194544
636,11,0.173854
636,12,0.200664
636,13,0.204323
636,14,0.207235
636,15,0.196812
637,1,0.099043
637,2,0.064902
637,3,0.218608
637,4,0.142848
637,5,0.134012
637,6,0.163360
637,7,0.205406
637,8,0.204401
637,9,0.139288
637,10,0.139922
637,11,0.173854
637,12,0.206552
637,13,0.143306
637,14,0.136505
637,15,0.137900
638,1,0.173854
638,2,0.206552
638,3,0.145683
638,4,0.139074
638,5,0.153049
638,6,0.173854
638,7,0.206552
638,8,0.201887
638,9,0.203592
638,10,0.139457
638,11,0.151202
638,12,0.143498
638,13,0.146830
638,14,0.138293
638,15,0.134535
639,1,0.151202
639,2,0.157722
639,3,0.145673
639,4,0.154777
639,5,0.161244
639,6,0.151202
639,7,0.130242
639,8,0.152180
639,9,0.139004
639,10,0.138436
639,11,0.173854
639,12,0.206552
639,13,0.211903
639,14,0.210223
639,15,0.051981
640,1,0.173854
640,2,0.200664
640,3,0.198766
640,4,0.198547
640,5,0.198295
640,6,0.163952
640,7,0.208005
640,8,0.205998
640,9,0.195642
640,10,0.195718
640,11,0.173854
640,12,0.200664
640,13,0.140199
640,14,0.123685
640,15,0.153974
641,1,0.173854
641,2,0.200664
641,3,0.204323
641,4,0.140079
641,5,0.141229
641,6,0.164968
641,7,0.148366
641,8,0.150171
641,9,0.142978
641,10,0.129420
641,11,0.151202
641,12,0.130242
641,13,0.152180
641,14,0.139947
641,15,0.135651
642,1,0.151202
642,2,0.143498
642,3,0.146050
642,4,0.138541
642,5,0.140884
642,6,0.163360
642,7,0.128236
642,8,0.145899
642,9,0.141594
642,10,0.141935
642,11,0.173854
642,12,0.140820
642,13,0.144843
642,14,0.134125
642,15,0.134091
643,1,0.163360
643,2,0.128236
643,3,0.145425
643,4,0.134193
643,5,0.143211
643,6,0.163360
643,7,0.205406
643,8,0.140819
643,9,0.135192
643,10,0.134366
643,11,0.163360
643,12,0.208005
643,13,0.207291
643,14,0.136631
643,15,0.138166
644,1,0.163360
644,2,0.208005
644,3,0.221416
644,4,0.205512
644,5,0.246311
644,6,0.173854
644,7,0.140820
644,8,0.141132
644,9,0.136339
644,10,0.062027
644,11,0.173854
644,12,0.200664
644,13,0.140199
644,14,0.134205
644,15,0.079814
645,1,0.163360
645,2,0.128236
645,3,0.153039
645,4,0.135740
645,5,0.134939
645,6,0.163360
645,7,0.128236
645,8,0.145425
645,9,0.136411
645,10,0.138504
645,11,0.173854
645,12,0.206552
645,13,0.201887
645,14,0.192439
645,15,0.130230
646,1,0.163360
646,2,0.205406
646,3,0.140819
646,4,0.139127
646,5,0.143641
646,6,0.174994
646,7,0.208005
646,8,0.205998
646,9,0.141371
646,10,0.135072
646,11,0.163360
646,12,0.205406
646,13,0.204401
646,14,0.104681
646,15,0.194706
647,1,0.173854
647,2,0.206552
647,3,0.145683
647,4,0.134361
647,5,0.159873
647,6,0.151202
647,7,0.130242
647,8,0.152180
647,9,0.139947
647,10,0.065616
647,11,0.151202
647,12,0.130242
647,13,0.152180
647,14,0.139004
647,15,0.145244
648,1,0.173854
648,2,0.200664
648,3,0.140199
648,4,0.134012
648,5,0.163757
648,6,0.173854
648,7,0.140820
648,8,0.144843
648,9,0.140199
648,10,0.151064
648,11,0.173854
648,12,0.140820
648,13,0.141132
648,14,0.143745
648,15,0.128587
649,1,0.163360
649,2,0.128236
649,3,0.086786
649,4,0.142276
649,5,0.135586
649,6,0.151202
649,7,0.157722
649,8,0.140518
649,9,0.164742
649,10,0.198295
649,11,0.163360
649,12,0.208005
649,13,0.148728
649,14,0.137928
649,15,0.133199
650,1,0.173854
650,2,0.206552
650,3,0.201887
650,4,0.142888
650,5,0.141319
650,6,0.151202
650,7,0.130242
650,8,0.141759
650,9,0.149131
650,10,0.140659
650,11,0.173854
650,12,0.140820
650,13,0.144843
650,14,0.140778
650,15,0.147774
651,1,0.090445
651,2,0.136731
651,3,0.146735
651,4,0.152113
651,5,0.148791
651,6,0.173854
651,7,0.140820
651,8,0.123910
651,9,0.135648
651,10,0.135563
651,11,0.151202
651,12,0.143498
651,13,0.146050
651,14,0.138633
651,15,0.137515
652,1,0.151202
652,2,0.157722
652,3,0.150748
652,4,0.140336
652,5,0.141629
652,6,0.173854
652,7,0.140820
652,8,0.141132
652,9,0.026253
652,10,0.141008
652,11,0.163360
652,12,0.208005
652,13,0.221416
652,14,0.204676
652,15,0.188941
653,1,0.163360
653,2,0.128236
653,3,0.145425
653,4,0.138225
653,5,0.140340
653,6,0.151202
653,7,0.143498
653,8,0.146830
653,9,0.138293
653,10,0.136754
653,11,0.151202
653,12,0.157722
653,13,0.140518
653,14,0.143080
653,15,0.142597
654,1,0.163360
654,2,0.205406
654,3,0.200990
654,4,0.203979
654,5,0.200786
654,6,0.163360
654,7,0.205406
654,8,0.138861
654,9,0.150691
654,10,0.142917
654,11,0.163360
654,12,0.205406
654,13,0.140819
654,14,0.139942
654,15,0.135504
655,1,0.173854
655,2,0.206552
655,3,0.201887
655,4,0.129423
655,5,0.132783
655,6,0.173854
655,7,0.200664
655,8,0.208075
655,9,0.137703
655,10,0.134941
655,11,0.173854
655,12,0.148531
655,13,0.211910
655,14,0.197549
655,15,0.209317
656,1,0.151202
656,2,0.138096
656,3,0.136424
656,4,0.148501
656,5,0.136079
656,6,0.151202
656,7,0.061950
656,8,0.142837
656,9,0.144697
656,10,0.137271
656,11,0.173854
656,12,0.206552
656,13,0.201887
656,14,0.129900
656,15,0.136515
657,1,0.151202
657,2,0.143498
657,3,0.146830
657,4,0.138293
657,5,0.137403
657,6,0.163360
657,7,0.208005
657,8,0.205998
657,9,0.195642
657,10,0.202720
657,11,0.151202
657,12,0.130242
657,13,0.141759
657,14,0.141935
657,15,0.137202
658,1,0.160417
658,2,0.150442
658,3,0.144354
658,4,0.144786
658,5,0.136855
658,6,0.163360
658,7,0.205406
658,8,0.211687
658,9,0.144719
658,10,0.154299
658,11,0.163360
658,12,0.205406
658,13,0.142170
658,14,0.141097
658,15,0.135689
659,1,0.112147
659,2,0.201024
659,3,0.204777
659,4,0.200981
659,5,0.209888
659,6,0.151202
659,7,0.130242
659,8,0.144743
659,9,0.014106
659,10,0.147514
659,11,0.163360
659,12,0.208005
659,13,0.221416
659,14,0.202052
659,15,0.191918
660,1,0.051465
660,2,0.158584
660,3,0.219395
660,4,0.205998
660,5,0.031231
660,6,0.163360
660,7,0.098023
660,8,0.087936
660,9,0.150402
660,10,0.149652
660,11,0.173854
660,12,0.140820
660,13,0.139696
660,14,0.134326
660,15,0.055539
661,1,0.151202
661,2,0.143498
661,3,0.134602
661,4,0.140098
661,5,0.142585
661,6,0.151202
661,7,0.143498
661,8,0.141733
661,9,0.138295
661,10,0.157644
661,11,0.173854
661,12,0.206552
661,13,0.145683
661,14,0.153226
661,15,0.140855
662,1,0.163360
662,2,0.208005
662,3,0.148728
662,4,0.142404
662,5,0.139818
662,6,0.163360
662,7,0.128236
662,8,0.139614
662,9,0.133812
662,10,0.163672
662,11,0.163360
662,12,0.128236
662,13,0.139614
662,14,0.140721
662,15,0.166928
663,1,0.163360
663,2,0.205406
663,3,0.142547
663,4,0.133160
663,5,0.135814
663,6,0.173854
663,7,0.140820
663,8,0.139696
663,9,0.146247
663,10,0.125465
663,11,0.163360
663,12,0.205406
663,13,0.204401
663,14,0.139288
663,15,0.139922
664,1,0.173854
664,2,0.140820
664,3,0.141132
664,4,0.136923
664,5,0.135462
664,6,0.163360
664,7,0.128236
664,8,0.145425
664,9,0.135818
664,10,0.138135
664,11,0.151202
664,12,0.143498
664,13,0.146830
664,14,0.138293
664,15,0.137573
665,1,0.105931
665,2,0.127109
665,3,0.148052
665,4,0.135152
665,5,0.136255
665,6,0.163360
665,7,0.208005
665,8,0.148728
665,9,0.133969
665,10,0.107762
665,11,0.049142
665,12,0.203325
665,13,0.142170
665,14,0.058473
665,15,0.083756
666,1,0.151202
666,2,0.157722
666,3,0.150748
666,4,0.140336
666,5,0.134894
666,6,0.173854
666,7,0.206552
666,8,0.143306
666,9,0.136505
666,10,0.136589
666,11,0.173854
666,12,0.200664
666,13,0.204323
666,14,0.199839
666,15,0.197592
667,1,0.173854
667,2,0.248166
667,3,0.092258
667,4,0.201765
667,5,0.141539
667,6,0.151202
667,7,0.130242
667,8,0.068606
667,9,0.153272
667,10,0.137330
667,11,0.173854
667,12,0.200664
667,13,0.141161
667,14,0.143405
667,15,0.134994
668,1,0.163360
668,2,0.208005
668,3,0.091263
668,4,0.200599
668,5,0.197509
668,6,0.163360
668,7,0.205406
668,8,0.204401
668,9,0.139288
668,10,0.135833
668,11,0.163360
668,12,0.128236
668,13,0.139614
668,14,0.146526
668,15,0.133701
669,1,0.151202
669,2,0.111516
669,3,0.146080
669,4,0.138798
669,5,0.156326
669,6,0.083229
669,7,0.151355
669,8,0.137381
669,9,0.148346
669,10,0.139004
669,11,0.151202
669,12,0.157722
669,13,0.140518
669,14,0.086399
669,15,0.143544
670,1,0.163360
670,2,0.128236
670,3,0.139614
670,4,0.146031
670,5,0.162546
670,6,0.151202
670,7,0.143498
670,8,0.146830
670,9,0.142553
670,10,0.140846
670,11,0.163360
670,12,0.128236
670,13,0.153039
670,14,0.135740
670,15,0.148041
671,1,0.051465
671,2,0.151202
671,3,0.143498
671,4,0.141733
671,5,0.157133
671,6,0.151202
671,7,0.143498
671,8,0.146050
671,9,0.131986
671,10,0.141100
671,11,0.163360
671,12,0.128236
671,13,0.139614
671,14,0.146805
671,15,0.151105
672,1,0.173854
672,2,0.140820
672,3,0.155765
672,4,0.140287
672,5,0.159562
672,6,0.151202
672,7,0.143498
672,8,0.141733
672,9,0.100832
672,10,0.135748
672,11,0.173854
672,12,0.140820
672,13,0.144843
672,14,0.140199
672,15,0.151064
673,1,0.163360
673,2,0.174199
673,3,0.146240
673,4,0.152683
673,5,0.143559
673,6,0.173854
673,7,0.140820
673,8,0.141132
673,9,0.136923
673,10,0.139550
673,11,0.163360
673,12,0.128236
673,13,0.145425
673,14,0.138014
673,15,0.136540
674,1,0.151202
674,2,0.143498
674,3,0.091438
674,4,0.136722
674,5,0.155298
674,6,0.163360
674,7,0.205406
674,8,0.200442
674,9,0.140110
674,10,0.135026
674,11,0.151202
674,12,0.130242
674,13,0.152180
674,14,0.149037
674,15,0.138961
675,1,0.163360
675,2,0.205406
675,3,0.140819
675,4,0.124904
675,5,0.142782
675,6,0.148677
675,7,0.143498
675,8,0.146830
675,9,0.142553
675,10,0.135590
675,11,0.163360
675,12,0.208005
675,13,0.058266
675,14,0.144779
675,15,0.158100
676,1,0.151202
676,2,0.157722
676,3,0.145043
676,4,0.152588
676,5,0.156949
676,6,0.173854
676,7,0.200664
676,8,0.140199
676,9,0.134205
676,10,0.134209
676,11,0.173854
676,12,0.140820
676,13,0.144843
676,14,0.140199
676,15,0.087018
677,1,0.163360
677,2,0.142260
677,3,0.182826
677,4,0.139107
677,5,0.134490
677,6,0.151202
677,7,0.143498
677,8,0.146050
677,9,0.131986
677,10,0.136928
677,11,0.151202
677,12,0.143498
677,13,0.141733
677,14,0.157133
677,15,0.196185
678,1,0.151202
678,2,0.130242
678,3,0.144743
678,4,0.140013
678,5,0.139558
678,6,0.151202
678,7,0.130242
678,8,0.141759
678,9,0.141621
678,10,0.167082
678,11,0.140018
678,12,0.145076
678,13,0.137900
678,14,0.144293
678,15,0.140162
679,1,0.151202
679,2,0.130242
679,3,0.029404
679,4,0.142975
679,5,0.149131
679,6,0.154545
679,7,0.130242
679,8,0.144743
679,9,0.140013
679,10,0.141748
679,11,0.163360
679,12,0.128236
679,13,0.145899
679,14,0.147845
679,15,0.137557
680,1,0.163360
680,2,0.128236
680,3,0.139614
680,4,0.147324
680,5,0.053831
680,6,0.151202
680,7,0.130242
680,8,0.141759
680,9,0.142213
680,10,0.137311
680,11,0.173854
680,12,0.200664
680,13,0.204323
680,14,0.207297
680,15,0.137601
681,1,0.151202
681,2,0.130242
681,3,0.144743
681,4,0.140013
681,5,0.140696
681,6,0.151202
681,7,0.143498
681,8,0.146830
681,9,0.138293
681,10,0.134535
681,11,0.163952
681,12,0.033806
681,13,0.130724
681,14,0.148048
681,15,0.144334
682,1,0.163360
682,2,0.208005
682,3,0.053741
682,4,0.203066
682,5,0.196885
682,6,0.163360
682,7,0.205406
682,8,0.140819
682,9,0.139299
682,10,0.133740
682,11,0.151202
682,12,0.143498
682,13,0.146830
682,14,0.137094
682,15,0.138739
683,1,0.031838
683,2,0.174994
683,3,0.170550
683,4,0.183875
683,5,0.176892
683,6,0.173854
683,7,0.206552
683,8,0.211903
683,9,0.210223
683,10,0.139508
683,11,0.107149
683,12,0.173401
683,13,0.206151
683,14,0.145683
683,15,0.077276
684,1,0.163360
684,2,0.208005
684,3,0.148728
684,4,0.057500
684,5,0.133002
684,6,0.151202
684,7,0.143498
684,8,0.014025
684,9,0.146830
684,10,0.138293
684,11,0.099043
684,12,0.165569
684,13,0.207155
684,14,0.148030
684,15,0.135513
685,1,0.163360
685,2,0.205406
685,3,0.204726
685,4,0.201483
685,5,0.141550
685,6,0.173854
685,7,0.200664
685,8,0.140199
685,9,0.139575
685,10,0.144418
685,11,0.151202
685,12,0.143498
685,13,0.146830
685,14,0.107424
685,15,0.134074
686,1,0.163360
686,2,0.128236
686,3,0.139614
686,4,0.140721
686,5,0.168082
686,6,0.163360
686,7,0.128236
686,8,0.145425
686,9,0.134193
686,10,0.159467
686,11,0.173854
686,12,0.200664
686,13,0.140199
686,14,0.136556
686,15,0.136695
687,1,0.163360
687,2,0.208005
687,3,0.221416
687,4,0.136631
687,5,0.131283
687,6,0.151202
687,7,0.130242
687,8,0.141759
687,9,0.135852
687,10,0.168576
687,11,0.173854
687,12,0.140820
687,13,0.144843
687,14,0.134752
687,15,0.045066
688,1,0.151202
688,2,0.130242
688,3,0.152180
688,4,0.139004
688,5,0.138199
688,6,0.151202
688,7,0.157722
688,8,0.140518
688,9,0.103582
688,10,0.162688
688,11,0.173854
688,12,0.140820
688,13,0.141132
688,14,0.136923
688,15,0.086122
689,1,0.151202
689,2,0.143498
689,3,0.146830
689,4,0.142553
689,5,0.078430
689,6,0.173854
689,7,0.206552
689,8,0.211903
689,9,0.216955
689,10,0.210061
689,11,0.163360
689,12,0.128236
689,13,0.153039
689,14,0.135740
689,15,0.132024
690,1,0.173854
690,2,0.206552
690,3,0.203914
690,4,0.192439
690,5,0.130576
690,6,0.163360
690,7,0.128236
690,8,0.139614
690,9,0.108666
690,10,0.137377
690,11,0.014025
690,12,0.163360
690,13,0.128236
690,14,0.139614
690,15,0.146569
691,1,0.169635
691,2,0.206386
691,3,0.201984
691,4,0.204061
691,5,0.198356
691,6,0.163360
691,7,0.128236
691,8,0.068558
691,9,0.142586
691,10,0.134247
691,11,0.151202
691,12,0.157722
691,13,0.140518
691,14,0.132758
691,15,0.072899
692,1,0.163360
692,2,0.208005
692,3,0.221416
692,4,0.014025
692,5,0.069653
692,6,0.151202
692,7,0.157722
692,8,0.150748
692,9,0.138737
692,10,0.135483
692,11,0.151202
692,12,0.130242
692,13,0.152180
692,14,0.139004
692,15,0.134595
693,1,0.147546
693,2,0.014178
693,3,0.144555
693,4,0.141569
693,5,0.137821
693,6,0.163360
693,7,0.205406
693,8,0.100684
693,9,0.072193
693,10,0.135084
693,11,0.148677
693,12,0.157722
693,13,0.143830
693,14,0.144844
693,15,0.135372
694,1,0.163360
694,2,0.208005
694,3,0.205998
694,4,0.198697
694,5,0.137361
694,6,0.151202
694,7,0.209187
694,8,0.140518
694,9,0.166275
694,10,0.198852
694,11,0.163360
694,12,0.208005
694,13,0.221416
694,14,0.213259
694,15,0.031978
695,1,0.173854
695,2,0.140820
695,3,0.139696
695,4,0.144510
695,5,0.132228
695,6,0.163360
695,7,0.208005
695,8,0.221416
695,9,0.213259
695,10,0.204744
695,11,0.173854
695,12,0.200664
695,13,0.140199
695,14,0.135669
695,15,0.071220
696,1,0.151202
696,2,0.157722
696,3,0.150748
696,4,0.151694
696,5,0.160725
696,6,0.151202
696,7,0.143498
696,8,0.146050
696,9,0.138541
696,10,0.134878
696,11,0.151202
696,12,0.143498
696,13,0.141733
696,14,0.165091
696,15,0.017851
697,1,0.173854
697,2,0.140820
697,3,0.141132
697,4,0.136339
697,5,0.097693
697,6,0.151202
697,7,0.143498
697,8,0.141733
697,9,0.157133
697,10,0.164790
697,11,0.163360
697,12,0.073605
697,13,0.169605
697,14,0.167654
697,15,0.181878
698,1,0.173854
698,2,0.206552
698,3,0.145683
698,4,0.136505
698,5,0.135616
698,6,0.151202
698,7,0.157722
698,8,0.150748
698,9,0.138553
698,10,0.139594
698,11,0.173854
698,12,0.206552
698,13,0.143153
698,14,0.155967
698,15,0.154490
699,1,0.163360
699,2,0.208005
699,3,0.205998
699,4,0.195642
699,5,0.198004
699,6,0.163360
699,7,0.128236
699,8,0.145425
699,9,0.138014
699,10,0.047418
699,11,0.163360
699,12,0.205406
699,13,0.204726
699,14,0.212904
699,15,0.102830
700,1,0.151202
700,2,0.130242
700,3,0.144743
700,4,0.140013
700,5,0.141717
700,6,0.173854
700,7,0.140820
700,8,0.141132
700,9,0.131219
700,10,0.152792
700,11,0.173854
700,12,0.206552
700,13,0.200512
700,14,0.147097
700,15,0.136988
701,1,0.151202
701,2,0.130242
701,3,0.144743
701,4,0.136223
701,5,0.155401
701,6,0.163360
701,7,0.208005
701,8,0.205998
701,9,0.141371
701,10,0.150992
701,11,0.173854
701,12,0.200664
701,13,0.108592
701,14,0.215685
701,15,0.204230
702,1,0.173854
702,2,0.206552
702,3,0.145683
702,4,0.019144
702,5,0.141142
702,6,0.154545
702,7,0.157722
702,8,0.125192
702,9,0.181661
702,10,0.162767
702,11,0.173854
702,12,0.200664
702,13,0.204323
702,14,0.207235
702,15,0.197293
703,1,0.173854
703,2,0.206552
703,3,0.211903
703,4,0.199599
703,5,0.193845
703,6,0.163360
703,7,0.208005
703,8,0.205998
703,9,0.141371
703,10,0.135761
703,11,0.151202
703,12,0.143498
703,13,0.068903
703,14,0.142861
703,15,0.146365
704,1,0.072631
704,2,0.150580
704,3,0.134790
704,4,0.147572
704,5,0.144442
704,6,0.173854
704,7,0.140820
704,8,0.144843
704,9,0.137938
704,10,0.137078
704,11,0.163360
704,12,0.205406
704,13,0.140819
704,14,0.144666
704,15,0.144949
705,1,0.163360
705,2,0.208005
705,3,0.221416
705,4,0.213259
705,5,0.195470
705,6,0.163360
705,7,0.208005
705,8,0.221416
705,9,0.202052
705,10,0.193023
705,11,0.173854
705,12,0.200664
705,13,0.140199
705,14,0.135669
705,15,0.135253
706,1,0.163360
706,2,0.208005
706,3,0.148728
706,4,0.017135
706,5,0.136959
706,6,0.163360
706,7,0.091958
706,8,0.104340
706,9,0.213684
706,10,0.195528
706,11,0.151202
706,12,0.157722
706,13,0.145673
706,14,0.157327
706,15,0.088475
707,1,0.173854
707,2,0.140820
707,3,0.139696
707,4,0.144510
707,5,0.139043
707,6,0.173854
707,7,0.135408
707,8,0.144612
707,9,0.131701
707,10,0.074398
707,11,0.163360
707,12,0.128236
707,13,0.129490
707,14,0.134872
707,15,0.136993
708,1,0.102929
708,2,0.156711
708,3,0.108762
708,4,0.144061
708,5,0.134004
708,6,0.151202
708,7,0.143498
708,8,0.141733
708,9,0.157133
708,10,0.168853
708,11,0.151202
708,12,0.143498
708,13,0.146830
708,14,0.137094
708,15,0.142138
709,1,0.173854
709,2,0.196898
709,3,0.198542
709,4,0.140656
709,5,0.137873
709,6,0.173854
709,7,0.206552
709,8,0.211903
709,9,0.210223
709,10,0.209048
709,11,0.074782
709,12,0.149370
709,13,0.177902
709,14,0.132810
709,15,0.132317
710,1,0.173854
710,2,0.206552
710,3,0.201887
710,4,0.057732
710,5,0.128564
710,6,0.151202
710,7,0.143498
710,8,0.146050
710,9,0.138633
710,10,0.136908
710,11,0.173854
710,12,0.140820
710,13,0.138580
710,14,0.136339
710,15,0.066771
711,1,0.151202
711,2,0.130242
711,3,0.141759
711,4,0.071618
711,5,0.138736
711,6,0.173854
711,7,0.200664
711,8,0.198542
711,9,0.140199
711,10,0.137908
711,11,0.173854
711,12,0.206552
711,13,0.201887
711,14,0.141074
711,15,0.138276
712,1,0.173854
712,2,0.140820
712,3,0.141132
712,4,0.131219
712,5,0.130664
712,6,0.151202
712,7,0.157722
712,8,0.140518
712,9,0.170164
712,10,0.139848
712,11,0.174161
712,12,0.145433
712,13,0.199625
712,14,0.203673
712,15,0.210674
713,1,0.173854
713,2,0.206552
713,3,0.138650
713,4,0.212433
713,5,0.214833
713,6,0.163360
713,7,0.205406
713,8,0.200442
713,9,0.197536
713,10,0.140613
713,11,0.151202
713,12,0.143498
713,13,0.146050
713,14,0.138633
713,15,0.136014
714,1,0.163360
714,2,0.128236
714,3,0.139614
714,4,0.140721
714,5,0.166111
714,6,0.163360
714,7,0.128236
714,8,0.145425
714,9,0.138225
714,10,0.134457
714,11,0.173854
714,12,0.206552
714,13,0.200512
714,14,0.140983
714,15,0.141680
715,1,0.151202
715,2,0.069901
715,3,0.146080
715,4,0.145529
715,5,0.131986
715,6,0.163360
715,7,0.208005
715,8,0.205998
715,9,0.203727
715,10,0.194721
715,11,0.151202
715,12,0.130242
715,13,0.141759
715,14,0.135852
715,15,0.139970
716,1,0.173854
716,2,0.200664
716,3,0.156137
716,4,0.194988
716,5,0.130331
716,6,0.151202
716,7,0.140459
716,8,0.078191
716,9,0.126908
716,10,0.134603
716,11,0.151202
716,12,0.130242
716,13,0.141759
716,14,0.140337
716,15,0.154875
717,1,0.163360
717,2,0.205406
717,3,0.140819
717,4,0.138025
717,5,0.133353
717,6,0.173854
717,7,0.206552
717,8,0.201887
717,9,0.198128
717,10,0.142523
717,11,0.173854
717,12,0.206552
717,13,0.201887
717,14,0.192439
717,15,0.140110
718,1,0.105931
718,2,0.205795
718,3,0.206114
718,4,0.141509
718,5,0.133902
718,6,0.163360
718,7,0.128236
718,8,0.145425
718,9,0.138225
718,10,0.134289
718,11,0.151202
718,12,0.143498
718,13,0.146830
718,14,0.142553
718,15,0.138511
719,1,0.173854
719,2,0.211328
719,3,0.141940
719,4,0.141815
719,5,0.138792
719,6,0.163360
719,7,0.128236
719,8,0.145425
719,9,0.138970
719,10,0.154687
719,11,0.151202
719,12,0.157722
719,13,0.054630
719,14,0.146361
719,15,0.136067
720,1,0.151202
720,2,0.143498
720,3,0.146830
720,4,0.137094
720,5,0.144252
720,6,0.151202
720,7,0.143498
720,8,0.141733
720,9,0.144771
720,10,0.137301
720,11,0.163360
720,12,0.208005
720,13,0.221416
720,14,0.195524
720,15,0.192194
721,1,0.173854
721,2,0.140820
721,3,0.144843
721,4,0.142427
721,5,0.139041
721,6,0.049142
721,7,0.203325
721,8,0.204629
721,9,0.212904
721,10,0.191399
721,11,0.163360
721,12,0.208005
721,13,0.221416
721,14,0.202052
721,15,0.199446
722,1,0.163360
722,2,0.128236
722,3,0.131934
722,4,0.137441
722,5,0.138003
722,6,0.173854
722,7,0.140820
722,8,0.144843
722,9,0.134125
722,10,0.134091
722,11,0.173854
722,12,0.206552
722,13,0.201887
722,14,0.141074
722,15,0.137051
723,1,0.173854
723,2,0.140820
723,3,0.141132
723,4,0.131219
723,5,0.157643
723,6,0.151202
723,7,0.157722
723,8,0.140518
723,9,0.164518
723,10,0.139525
723,11,0.151202
723,12,0.157722
723,13,0.165797
723,14,0.155701
723,15,0.161244
724,1,0.163360
724,2,0.128236
724,3,0.153039
724,4,0.135502
724,5,0.136925
724,6,0.099043
724,7,0.165569
724,8,0.205290
724,9,0.201066
724,10,0.198788
724,11,0.151202
724,12,0.157722
724,13,0.156881
724,14,0.170307
724,15,0.163692
725,1,0.163360
725,2,0.205406
725,3,0.204401
725,4,0.144719
725,5,0.135851
725,6,0.151202
725,7,0.143498
725,8,0.146830
725,9,0.142553
725,10,0.143860
725,11,0.144227
725,12,0.130242
725,13,0.152180
725,14,0.139004
725,15,0.161447
726,1,0.151202
726,2,0.143498
726,3,0.146050
726,4,0.138633
726,5,0.170414
726,6,0.173854
726,7,0.200664
726,8,0.141412
726,9,0.153898
726,10,0.153544
726,11,0.173854
726,12,0.140820
726,13,0.141132
726,14,0.122275
726,15,0.135930
727,1,0.173854
727,2,0.140820
727,3,0.139696
727,4,0.134326
727,5,0.097154
727,6,0.173854
727,7,0.200664
727,8,0.204323
727,9,0.099690
727,10,0.137353
727,11,0.173854
727,12,0.140820
727,13,0.144843
727,14,0.125906
727,15,0.144964
728,1,0.163360
728,2,0.208005
728,3,0.148728
728,4,0.143477
728,5,0.139673
728,6,0.173854
728,7,0.200664
728,8,0.204323
728,9,0.144968
728,10,0.136285
728,11,0.151202
728,12,0.143498
728,13,0.146830
728,14,0.138293
728,15,0.137573
729,1,0.163360
729,2,0.128236
729,3,0.145425
729,4,0.134193
729,5,0.112962
729,6,0.151202
729,7,0.157722
729,8,0.150748
729,9,0.140336
729,10,0.136814
729,11,0.163360
729,12,0.128236
729,13,0.153039
729,14,0.158850
729,15,0.150955
730,1,0.151202
730,2,0.143498
730,3,0.146050
730,4,0.138633
730,5,0.170414
730,6,0.072631
730,7,0.174161
730,8,0.010865
730,9,0.140222
730,10,0.145841
730,11,0.173854
730,12,0.140820
730,13,0.141132
730,14,0.133493
730,15,0.156569
731,1,0.151202
731,2,0.157722
731,3,0.145673
731,4,0.157327
731,5,0.153546
731,6,0.163360
731,7,0.203104
731,8,0.214958
731,9,0.211106
731,10,0.212180
731,11,0.173854
731,12,0.206552
731,13,0.211903
731,14,0.104318
731,15,0.194433
732,1,0.173854
732,2,0.073085
732,3,0.140233
732,4,0.139136
732,5,0.137544
732,6,0.151202
732,7,0.157722
732,8,0.140518
732,9,0.132758
732,10,0.133617
732,11,0.151202
732,12,0.157722
732,13,0.150748
732,14,0.140336
732,15,0.135067
733,1,0.163360
733,2,0.208005
733,3,0.148728
733,4,0.142404
733,5,0.140691
733,6,0.163360
733,7,0.205406
733,8,0.200990
733,9,0.204319
733,10,0.140079
733,11,0.175877
733,12,0.200571
733,13,0.198996
733,14,0.140156
733,15,0.135669
734,1,0.173854
734,2,0.206552
734,3,0.145683
734,4,0.153226
734,5,0.077078
734,6,0.173854
734,7,0.125654
734,8,0.141798
734,9,0.134933
734,10,0.141219
734,11,0.173854
734,12,0.206552
734,13,0.201887
734,14,0.198343
734,15,0.199326
735,1,0.163360
735,2,0.208005
735,3,0.146240
735,4,0.151957
735,5,0.136878
735,6,0.163360
735,7,0.090215
735,8,0.149653
735,9,0.145264
735,10,0.125051
735,11,0.173854
735,12,0.206552
735,13,0.145683
735,14,0.131731
735,15,0.143611
736,1,0.151202
736,2,0.130242
736,3,0.141759
736,4,0.141935
736,5,0.141907
736,6,0.173854
736,7,0.140820
736,8,0.139696
736,9,0.134326
736,10,0.088004
736,11,0.173854
736,12,0.206552
736,13,0.211903
736,14,0.147097
736,15,0.135742
737,1,0.163360
737,2,0.068502
737,3,0.058751
737,4,0.094768
737,5,0.124447
737,6,0.163360
737,7,0.208005
737,8,0.221416
737,9,0.140942
737,10,0.135712
737,11,0.151202
737,12,0.143498
737,13,0.146050
737,14,0.138633
737,15,0.150362
738,1,0.173854
738,2,0.206552
738,3,0.201887
738,4,0.129423
738,5,0.132783
738,6,0.163360
738,7,0.128236
738,8,0.017199
738,9,0.164026
738,10,0.185946
738,11,0.163360
738,12,0.208005
738,13,0.148728
738,14,0.136217
738,15,0.135457
739,1,0.151202
739,2,0.157722
739,3,0.150748
739,4,0.018058
739,5,0.144662
739,6,0.163360
739,7,0.205406
739,8,0.200990
739,9,0.199326
739,10,0.197081
739,11,0.151202
739,12,0.157722
739,13,0.145673
739,14,0.157327
739,15,0.136890
740,1,0.151202
740,2,0.143498
740,3,0.146050
740,4,0.138633
740,5,0.150362
740,6,0.173854
740,7,0.200664
740,8,0.198766
740,9,0.198547
740,10,0.203272
740,11,0.151202
740,12,0.157722
740,13,0.150748
740,14,0.135624
740,15,0.139664
741,1,0.151202
741,2,0.130242
741,3,0.144743
741,4,0.140013
741,5,0.140696
741,6,0.151202
741,7,0.157722
741,8,0.150748
741,9,0.080302
741,10,0.154647
741,11,0.173854
741,12,0.200664
741,13,0.204724
741,14,0.110558
741,15,0.145280
742,1,0.163360
742,2,0.208005
742,3,0.205998
742,4,0.198697
742,5,0.082928
742,6,0.173854
742,7,0.206552
742,8,0.201887
742,9,0.141074
742,10,0.120667
742,11,0.173854
742,12,0.200664
742,13,0.189384
742,14,0.198490
742,15,0.203993
743,1,0.173854
743,2,0.140820
743,3,0.144843
743,4,0.134125
743,5,0.138979
743,6,0.151202
743,7,0.075974
743,8,0.113801
743,9,0.156051
743,10,0.158890
743,11,0.099043
743,12,0.174749
743,13,0.200897
743,14,0.152205
743,15,0.202832
744,1,0.163360
744,2,0.205406
744,3,0.157088
744,4,0.018034
744,5,0.156984
744,6,0.173854
744,7,0.140820
744,8,0.144843
744,9,0.134125
744,10,0.134091
744,11,0.173854
744,12,0.200664
744,13,0.204323
744,14,0.196817
744,15,0.196803
745,1,0.163360
745,2,0.128236
745,3,0.153039
745,4,0.032044
745,5,0.147837
745,6,0.163360
745,7,0.208005
745,8,0.221416
745,9,0.195524
745,10,0.199666
745,11,0.173854
745,12,0.140820
745,13,0.144843
745,14,0.134125
745,15,0.139041
746,1,0.173854
746,2,0.206552
746,3,0.201887
746,4,0.162406
746,5,0.196966
746,6,0.163360
746,7,0.128236
746,8,0.139614
746,9,0.140721
746,10,0.153357
746,11,0.163360
746,12,0.205406
746,13,0.204401
746,14,0.136911
746,15,0.135851
747,1,0.163360
747,2,0.205406
747,3,0.204401
747,4,0.208024
747,5,0.211230
747,6,0.090445
747,7,0.176603
747,8,0.169331
747,9,0.148499
747,10,0.141309
747,11,0.151202
747,12,0.143498
747,13,0.054612
747,14,0.136509
747,15,0.136214
748,1,0.151202
748,2,0.130242
748,3,0.087708
748,4,0.142517
748,5,0.133605
748,6,0.151202
748,7,0.157722
748,8,0.145673
748,9,0.140027
748,10,0.135764
748,11,0.163360
748,12,0.128236
748,13,0.153039
748,14,0.135502
748,15,0.136925
749,1,0.173854
749,2,0.206552
749,3,0.201887
749,4,0.129423
749,5,0.135125
749,6,0.173854
749,7,0.200664
749,8,0.140199
749,9,0.135669
749,10,0.132800
749,11,0.173854
749,12,0.200664
749,13,0.204323
749,14,0.143546
749,15,0.136285
750,1,0.163360
750,2,0.208005
750,3,0.221416
750,4,0.206942
750,5,0.140048
750,6,0.151202
750,7,0.130242
750,8,0.144743
750,9,0.136559
750,10,0.140316
750,11,0.173854
750,12,0.206552
750,13,0.200512
750,14,0.067031
750,15,0.159745
751,1,0.173854
751,2,0.206552
751,3,0.201887
751,4,0.198128
751,5,0.141495
751,6,0.163360
751,7,0.205406
751,8,0.099733
751,9,0.200921
751,10,0.139928
751,11,0.173854
751,12,0.206552
751,13,0.089322
751,14,0.167229
751,15,0.157405
752,1,0.108952
752,2,0.163952
752,3,0.206380
752,4,0.205422
752,5,0.195642
752,6,0.151202
752,7,0.157722
752,8,0.140518
752,9,0.160497
752,10,0.139764
752,11,0.163360
752,12,0.208005
752,13,0.221416
752,14,0.136631
752,15,0.129731
753,1,0.163360
753,2,0.128236
753,3,0.131934
753,4,0.143196
753,5,0.135394
753,6,0.163360
753,7,0.205406
753,8,0.200990
753,9,0.199159
753,10,0.198101
753,11,0.163360
753,12,0.208005
753,13,0.049620
753,14,0.143612
753,15,0.149354
754,1,0.173854
754,2,0.206552
754,3,0.211903
754,4,0.199599
754,5,0.070005
754,6,0.173854
754,7,0.200664
754,8,0.198766
754,9,0.140156
754,10,0.135669
754,11,0.163360
754,12,0.205406
754,13,0.204401
754,14,0.139288
754,15,0.139922
755,1,0.163360
755,2,0.098023
755,3,0.147165
755,4,0.105075
755,5,0.168943
755,6,0.151202
755,7,0.130242
755,8,0.141759
755,9,0.142086
755,10,0.140058
755,11,0.151202
755,12,0.143498
755,13,0.141733
755,14,0.026836
755,15,0.134997
756,1,0.151202
756,2,0.130242
756,3,0.152180
756,4,0.139004
756,5,0.140625
756,6,0.173854
756,7,0.200664
756,8,0.204323
756,9,0.195640
756,10,0.192439
756,11,0.151202
756,12,0.130242
756,13,0.144743
756,14,0.136223
756,15,0.132221
757,1,0.163360
757,2,0.056871
757,3,0.219392
757,4,0.196433
757,5,0.141444
757,6,0.163360
757,7,0.146233
757,8,0.216479
757,9,0.202468
757,10,0.157235
757,11,0.163360
757,12,0.208005
757,13,0.221416
757,14,0.136631
757,15,0.137768
758,1,0.151202
758,2,0.143498
758,3,0.141733
758,4,0.167618
758,5,0.107800
758,6,0.163360
758,7,0.205406
758,8,0.204401
758,9,0.213002
758,10,0.217738
758,11,0.009217
758,12,0.148555
758,13,0.061950
758,14,0.158120
758,15,0.164076
759,1,0.173854
759,2,0.056955
759,3,0.139727
759,4,0.173413
759,5,0.169149
759,6,0.173854
759,7,0.140820
759,8,0.155765
759,9,0.144510
759,10,0.134024
759,11,0.173854
759,12,0.206552
759,13,0.201887
759,14,0.198128
759,15,0.130705
760,1,0.151202
760,2,0.157722
760,3,0.150748
760,4,0.144844
760,5,0.140253
760,6,0.099043
760,7,0.165569
760,8,0.205290
760,9,0.165134
760,10,0.216585
760,11,0.165226
760,12,0.040891
760,13,0.143520
760,14,0.149946
760,15,0.135787
761,1,0.173854
761,2,0.200664
761,3,0.198542
761,4,0.141118
761,5,0.141831
761,6,0.151202
761,7,0.130242
761,8,0.152180
761,9,0.139004
761,10,0.140625
761,11,0.173854
761,12,0.140820
761,13,0.141495
761,14,0.134125
761,15,0.105607
762,1,0.173854
762,2,0.140820
762,3,0.139696
762,4,0.111814
762,5,0.144637
762,6,0.163360
762,7,0.205406
762,8,0.140819
762,9,0.140674
762,10,0.141476
762,11,0.173854
762,12,0.140820
762,13,0.029977
762,14,0.155086
762,15,0.141416
763,1,0.151202
763,2,0.130242
763,3,0.141759
763,4,0.149131
763,5,0.138306
763,6,0.163360
763,7,0.128236
763,8,0.153039
763,9,0.135502
763,10,0.139608
763,11,0.151202
763,12,0.185113
763,13,0.146050
763,14,0.138633
763,15,0.140115
764,1,0.151202
764,2,0.130242
764,3,0.152180
764,4,0.149037
764,5,0.137645
764,6,0.163360
764,7,0.128236
764,8,0.077647
764,9,0.138707
764,10,0.144587
764,11,0.163360
764,12,0.059580
764,13,0.141617
764,14,0.201751
764,15,0.144187
765,1,0.151202
765,2,0.157722
765,3,0.128958
765,4,0.135803
765,5,0.162153
765,6,0.163360
765,7,0.128236
765,8,0.153039
765,9,0.135502
765,10,0.140021
765,11,0.173854
765,12,0.140820
765,13,0.027432
765,14,0.138307
765,15,0.142122
766,1,0.163360
766,2,0.128236
766,3,0.139614
766,4,0.138486
766,5,0.156759
766,6,0.151202
766,7,0.130242
766,8,0.141759
766,9,0.135852
766,10,0.157120
766,11,0.163360
766,12,0.205406
766,13,0.204401
766,14,0.137093
766,15,0.140810
767,1,0.163360
767,2,0.208005
767,3,0.221416
767,4,0.202052
767,5,0.199666
767,6,0.173854
767,7,0.140820
767,8,0.104116
767,9,0.139827
767,10,0.143450
767,11,0.076420
767,12,0.136731
767,13,0.158052
767,14,0.146784
767,15,0.133545
768,1,0.151202
768,2,0.143498
768,3,0.146830
768,4,0.138293
768,5,0.134824
768,6,0.163360
768,7,0.208005
768,8,0.221416
768,9,0.136631
768,10,0.130639
768,11,0.173854
768,12,0.140820
768,13,0.141495
768,14,0.125906
768,15,0.137763
769,1,0.173854
769,2,0.140820
769,3,0.139696
769,4,0.134326
769,5,0.139094
769,6,0.163360
769,7,0.208005
769,8,0.205998
769,9,0.203757
769,10,0.208024
769,11,0.163360
769,12,0.208005
769,13,0.205998
769,14,0.141371
769,15,0.135072
770,1,0.163360
770,2,0.205406
770,3,0.204401
770,4,0.139470
770,5,0.136487
770,6,0.173854
770,7,0.200664
770,8,0.140199
770,9,0.135669
770,10,0.135253
770,11,0.173854
770,12,0.206552
770,13,0.211903
770,14,0.140983
770,15,0.136259
771,1,0.151202
771,2,0.143498
771,3,0.146050
771,4,0.134535
771,5,0.139938
771,6,0.173854
771,7,0.051465
771,8,0.053782
771,9,0.140772
771,10,0.198683
771,11,0.163360
771,12,0.128236
771,13,0.153039
771,14,0.135740
771,15,0.147793
772,1,0.051465
772,2,0.163360
772,3,0.128236
772,4,0.139614
772,5,0.139960
772,6,0.107149
772,7,0.163526
772,8,0.205339
772,9,0.195301
772,10,0.204396
772,11,0.151202
772,12,0.130242
772,13,0.152180
772,14,0.137476
772,15,0.137132
773,1,0.173854
773,2,0.200664
773,3,0.056554
773,4,0.132189
773,5,0.114247
773,6,0.173854
773,7,0.140820
773,8,0.018211
773,9,0.141072
773,10,0.134642
773,11,0.090445
773,12,0.136731
773,13,0.146735
773,14,0.152113
773,15,0.138067
774,1,0.163360
774,2,0.205406
774,3,0.204726
774,4,0.213002
774,5,0.210980
774,6,0.173854
774,7,0.200664
774,8,0.140199
774,9,0.133117
774,10,0.135253
774,11,0.173854
774,12,0.200664
774,13,0.198766
774,14,0.139694
774,15,0.134743
775,1,0.163360
775,2,0.208005
775,3,0.205998
775,4,0.203727
775,5,0.207224
775,6,0.173854
775,7,0.206552
775,8,0.145683
775,9,0.138072
775,10,0.138127
775,11,0.163360
775,12,0.128236
775,13,0.139614
775,14,0.146526
775,15,0.060362
776,1,0.057429
776,2,0.152175
776,3,0.128089
776,4,0.145092
776,5,0.135451
776,6,0.163360
776,7,0.208005
776,8,0.219940
776,9,0.201599
776,10,0.199719
776,11,0.173854
776,12,0.206552
776,13,0.145683
776,14,0.136505
776,15,0.134582
777,1,0.163360
777,2,0.205406
777,3,0.157465
777,4,0.134266
777,5,0.140382
777,6,0.163360
777,7,0.208005
777,8,0.221416
777,9,0.202052
777,10,0.196367
777,11,0.088806
777,12,0.130255
777,13,0.128483
777,14,0.135767
777,15,0.160679
778,1,0.049142
778,2,0.204432
778,3,0.221915
778,4,0.219477
778,5,0.191332
778,6,0.099043
778,7,0.159670
778,8,0.206649
778,9,0.212001
778,10,0.140983
778,11,0.151202
778,12,0.157722
778,13,0.145673
778,14,0.142404
778,15,0.130899
779,1,0.151202
779,2,0.143498
779,3,0.146830
779,4,0.142553
779,5,0.134374
779,6,0.151202
779,7,0.143498
779,8,0.146050
779,9,0.138541
779,10,0.136397
779,11,0.163360
779,12,0.208005
779,13,0.221416
779,14,0.213259
779,15,0.214006
780,1,0.151202
780,2,0.130242
780,3,0.152180
780,4,0.139947
780,5,0.141792
780,6,0.031838
780,7,0.174994
780,8,0.170727
780,9,0.175456
780,10,0.162064
780,11,0.151202
780,12,0.143498
780,13,0.146050
780,14,0.131986
780,15,0.155298
781,1,0.173854
781,2,0.140820
781,3,0.121358
781,4,0.133819
781,5,0.136814
781,6,0.151202
781,7,0.143498
781,8,0.146050
781,9,0.131986
781,10,0.141279
781,11,0.151202
781,12,0.130242
781,13,0.152180
781,14,0.139724
781,15,0.137206
782,1,0.173854
782,2,0.140820
782,3,0.141132
782,4,0.131219
782,5,0.135917
782,6,0.173854
782,7,0.200664
782,8,0.140199
782,9,0.134004
782,10,0.133493
782,11,0.173854
782,12,0.206552
782,13,0.087917
782,14,0.175960
782,15,0.181818
783,1,0.151202
783,2,0.157722
783,3,0.140518
783,4,0.160497
783,5,0.138809
783,6,0.108952
783,7,0.150442
783,8,0.144354
783,9,0.138522
783,10,0.156701
783,11,0.151202
783,12,0.143498
783,13,0.141733
783,14,0.158419
783,15,0.140117
784,1,0.140658
784,2,0.159670
784,3,0.206649
784,4,0.110987
784,5,0.190155
784,6,0.163360
784,7,0.059580
784,8,0.207006
784,9,0.220218
784,10,0.151053
784,11,0.164968
784,12,0.204369
784,13,0.200442
784,14,0.141166
784,15,0.137867
785,1,0.173854
785,2,0.206552
785,3,0.145683
785,4,0.143350
785,5,0.121740
785,6,0.055685
785,7,0.173401
785,8,0.206151
785,9,0.211903
785,10,0.146442
785,11,0.173854
785,12,0.140820
785,13,0.141132
785,14,0.136923
785,15,0.139550
786,1,0.151202
786,2,0.130242
786,3,0.141759
786,4,0.135852
786,5,0.078453
786,6,0.173854
786,7,0.140820
786,8,0.141495
786,9,0.142427
786,10,0.136355
786,11,0.163360
786,12,0.128236
786,13,0.153039
786,14,0.135740
786,15,0.141823
787,1,0.151202
787,2,0.157722
787,3,0.140518
787,4,0.141957
787,5,0.136687
787,6,0.173854
787,7,0.206552
787,8,0.143306
787,9,0.136505
787,10,0.135616
787,11,0.173854
787,12,0.200664
787,13,0.198766
787,14,0.076194
787,15,0.159683
788,1,0.151202
788,2,0.157722
788,3,0.140518
788,4,0.168576
788,5,0.107091
788,6,0.151202
788,7,0.143498
788,8,0.146050
788,9,0.138633
788,10,0.137157
788,11,0.151202
788,12,0.157722
788,13,0.150748
788,14,0.142307
788,15,0.087726
789,1,0.151202
789,2,0.130242
789,3,0.144743
789,4,0.136223
789,5,0.160098
789,6,0.151202
789,7,0.157722
789,8,0.140518
789,9,0.168978
789,10,0.144835
789,11,0.163360
789,12,0.208005
789,13,0.090591
789,14,0.137505
789,15,0.135519
790,1,0.151202
790,2,0.180350
790,3,0.064690
790,4,0.160483
790,5,0.156328
790,6,0.173854
790,7,0.206552
790,8,0.143306
790,9,0.136505
790,10,0.136589
790,11,0.151202
790,12,0.130242
790,13,0.152180
790,14,0.139947
790,15,0.141792
791,1,0.163360
791,2,0.208005
791,3,0.221416
791,4,0.219317
791,5,0.214110
791,6,0.098404
791,7,0.159963
791,8,0.201212
791,9,0.066845
791,10,0.136278
791,11,0.163360
791,12,0.208005
791,13,0.165222
791,14,0.206616
791,15,0.217779
792,1,0.163360
792,2,0.128236
792,3,0.139614
792,4,0.151457
792,5,0.059471
792,6,0.151202
792,7,0.157722
792,8,0.150748
792,9,0.135874
792,10,0.138522
792,11,0.151202
792,12,0.130242
792,13,0.141759
792,14,0.141935
792,15,0.155847
793,1,0.173854
793,2,0.160226
793,3,0.144061
793,4,0.134004
793,5,0.134760
793,6,0.151202
793,7,0.024084
793,8,0.135562
793,9,0.147214
793,10,0.142629
793,11,0.151202
793,12,0.143498
793,13,0.141733
793,14,0.031149
793,15,0.137779
794,1,0.151202
794,2,0.157722
794,3,0.150748
794,4,0.029702
794,5,0.144977
794,6,0.163360
794,7,0.128236
794,8,0.153039
794,9,0.147845
794,10,0.135986
794,11,0.108952
794,12,0.150442
794,13,0.140657
794,14,0.145673
794,15,0.135501
795,1,0.173854
795,2,0.160226
795,3,0.144061
795,4,0.134004
795,5,0.136695
795,6,0.173854
795,7,0.200664
795,8,0.141161
795,9,0.137908
795,10,0.137923
795,11,0.151202
795,12,0.072009
795,13,0.143133
795,14,0.142137
795,15,0.137441
796,1,0.118170
796,2,0.218261
796,3,0.204724
796,4,0.144968
796,5,0.143350
796,6,0.163360
796,7,0.208005
796,8,0.221416
796,9,0.136631
796,10,0.142104
796,11,0.049142
796,12,0.203325
796,13,0.200209
796,14,0.140105
796,15,0.133117
797,1,0.163360
797,2,0.128236
797,3,0.153039
797,4,0.135502
797,5,0.134761
797,6,0.163360
797,7,0.205406
797,8,0.204401
797,9,0.111125
797,10,0.143614
797,11,0.163360
797,12,0.208005
797,13,0.205998
797,14,0.057814
797,15,0.216307
798,1,0.173854
798,2,0.206552
798,3,0.145683
798,4,0.064838
798,5,0.139465
798,6,0.173948
798,7,0.206552
798,8,0.145683
798,9,0.136505
798,10,0.136800
798,11,0.173854
798,12,0.067807
798,13,0.141789
798,14,0.136713
798,15,0.137374
799,1,0.173854
799,2,0.200664
799,3,0.140199
799,4,0.132344
799,5,0.140548
799,6,0.154545
799,7,0.157722
799,8,0.145673
799,9,0.138568
799,10,0.135350
799,11,0.173854
799,12,0.125654
799,13,0.178647
799,14,0.138461
799,15,0.141748
800,1,0.173854
800,2,0.206552
800,3,0.109363
800,4,0.142824
800,5,0.155627
800,6,0.163360
800,7,0.205406
800,8,0.140819
800,9,0.139299
800,10,0.132677
800,11,0.163360
800,12,0.128236
800,13,0.139614
800,14,0.141476
800,15,0.155859
801,1,0.163360
801,2,0.205406
801,3,0.200758
801,4,0.140105
801,5,0.133993
801,6,0.163360
801,7,0.205406
801,8,0.140442
801,9,0.139127
801,10,0.148153
801,11,0.151202
801,12,0.130242
801,13,0.152180
801,14,0.139947
801,15,0.137132
802,1,0.173854
802,2,0.200664
802,3,0.198766
802,4,0.198547
802,5,0.131392
802,6,0.088806
802,7,0.144712
802,8,0.145404
802,9,0.141366
802,10,0.146707
802,11,0.173854
802,12,0.206552
802,13,0.201887
802,14,0.198128
802,15,0.198103
803,1,0.163360
803,2,0.128236
803,3,0.145425
803,4,0.085112
803,5,0.135154
803,6,0.163360
803,7,0.058382
803,8,0.125988
803,9,0.143932
803,10,0.134984
803,11,0.163360
803,12,0.128236
803,13,0.145425
803,14,0.134193
803,15,0.158365
804,1,0.151202
804,2,0.143498
804,3,0.146050
804,4,0.122959
804,5,0.141000
804,6,0.151202
804,7,0.180350
804,8,0.141078
804,9,0.136988
804,10,0.134101
804,11,0.151202
804,12,0.157722
804,13,0.145673
804,14,0.142404
804,15,0.105637
805,1,0.151202
805,2,0.157722
805,3,0.140518
805,4,0.173916
805,5,0.172601
805,6,0.163360
805,7,0.205406
805,8,0.200990
805,9,0.131167
805,10,0.132153
805,11,0.152175
805,12,0.157722
805,13,0.140518
805,14,0.164518
805,15,0.167781
806,1,0.173854
806,2,0.206552
806,3,0.201887
806,4,0.146069
806,5,0.141775
806,6,0.163360
806,7,0.205406
806,8,0.200990
806,9,0.195718
806,10,0.193648
806,11,0.173948
806,12,0.200664
806,13,0.198542
806,14,0.065632
806,15,0.171054
807,1,0.173854
807,2,0.200664
807,3,0.204323
807,4,0.194790
807,5,0.202858
807,6,0.151202
807,7,0.157722
807,8,0.140518
807,9,0.164518
807,10,0.165821
807,11,0.151202
807,12,0.143498
807,13,0.146830
807,14,0.138293
807,15,0.134824
808,1,0.058607
808,2,0.164968
808,3,0.204369
808,4,0.141398
808,5,0.138703
808,6,0.163360
808,7,0.208005
808,8,0.221416
808,9,0.205512
808,10,0.199873
808,11,0.173854
808,12,0.200664
808,13,0.142756
808,14,0.136556
808,15,0.136695
809,1,0.163360
809,2,0.114560
809,3,0.204978
809,4,0.210688
809,5,0.197883
809,6,0.151202
809,7,0.130242
809,8,0.141759
809,9,0.135852
809,10,0.156987
809,11,0.163360
809,12,0.208005
809,13,0.104125
809,14,0.147119
809,15,0.141200
810,1,0.151202
810,2,0.130242
810,3,0.066372
810,4,0.150285
810,5,0.099744
810,6,0.151202
810,7,0.068292
810,8,0.135686
810,9,0.139655
810,10,0.142969
810,11,0.152175
810,12,0.157722
810,13,0.150748
810,14,0.134236
810,15,0.143257
811,1,0.173854
811,2,0.200664
811,3,0.198766
811,4,0.139694
811,5,0.137908
811,6,0.163360
811,7,0.205406
811,8,0.204401
811,9,0.196633
811,10,0.211230
811,11,0.163360
811,12,0.128236
811,13,0.139614
811,14,0.133373
811,15,0.168576
812,1,0.151202
812,2,0.130242
812,3,0.152180
812,4,0.149037
812,5,0.143717
812,6,0.173854
812,7,0.140820
812,8,0.141132
812,9,0.133493
812,10,0.156569
812,11,0.173854
812,12,0.140820
812,13,0.141132
812,14,0.147083
812,15,0.137732
813,1,0.163360
813,2,0.128236
813,3,0.153039
813,4,0.074167
813,5,0.143450
813,6,0.163360
813,7,0.128236
813,8,0.145425
813,9,0.134193
813,10,0.158365
813,11,0.225319
813,12,0.206552
813,13,0.211903
813,14,0.140983
813,15,0.136259
814,1,0.163360
814,2,0.205406
814,3,0.204401
814,4,0.139288
814,5,0.136742
814,6,0.163360
814,7,0.208005
814,8,0.221416
814,9,0.213259
814,10,0.190589
814,11,0.163360
814,12,0.205406
814,13,0.140819
814,14,0.133902
814,15,0.143222
815,1,0.163360
815,2,0.128236
815,3,0.153039
815,4,0.135502
815,5,0.136925
815,6,0.173854
815,7,0.200664
815,8,0.140199
815,9,0.064232
815,10,0.074564
815,11,0.122390
815,12,0.142034
815,13,0.141495
815,14,0.140199
815,15,0.139016
816,1,0.173854
816,2,0.140820
816,3,0.139696
816,4,0.139252
816,5,0.155168
816,6,0.173854
816,7,0.154373
816,8,0.141891
816,9,0.139113
816,10,0.133697
816,11,0.151202
816,12,0.157722
816,13,0.145673
816,14,0.154777
816,15,0.138069
817,1,0.163360
817,2,0.169019
817,3,0.201369
817,4,0.201513
817,5,0.198042
817,6,0.173854
817,7,0.140820
817,8,0.141132
817,9,0.136339
817,10,0.136709
817,11,0.049142
817,12,0.212241
817,13,0.205380
817,14,0.199458
817,15,0.131261
818,1,0.173854
818,2,0.206552
818,3,0.211903
818,4,0.147097
818,5,0.141680
818,6,0.163360
818,7,0.082680
818,8,0.152822
818,9,0.141561
818,10,0.139463
818,11,0.173854
818,12,0.140820
818,13,0.139696
818,14,0.134326
818,15,0.132624
819,1,0.173854
819,2,0.200664
819,3,0.204323
819,4,0.195906
819,5,0.139509
819,6,0.154545
819,7,0.158174
819,8,0.145673
819,9,0.140027
819,10,0.141797
819,11,0.163360
819,12,0.166717
819,13,0.212772
819,14,0.199813
819,15,0.211904
820,1,0.173854
820,2,0.014025
820,3,0.200664
820,4,0.204323
820,5,0.199839
820,6,0.173854
820,7,0.066594
820,8,0.176800
820,9,0.168930
820,10,0.134862
820,11,0.163360
820,12,0.128236
820,13,0.139614
820,14,0.146526
820,15,0.138439
821,1,0.163360
821,2,0.205406
821,3,0.140819
821,4,0.133902
821,5,0.146527
821,6,0.058607
821,7,0.154545
821,8,0.126973
821,9,0.140467
821,10,0.144920
821,11,0.173854
821,12,0.200664
821,13,0.143311
821,14,0.199413
821,15,0.195777
822,1,0.173854
822,2,0.206552
822,3,0.211903
822,4,0.140983
822,5,0.126121
822,6,0.173854
822,7,0.140820
822,8,0.141495
822,9,0.134125
822,10,0.134091
822,11,0.098404
822,12,0.159963
822,13,0.213189
822,14,0.206925
822,15,0.139870
823,1,0.163360
823,2,0.128236
823,3,0.153039
823,4,0.135502
823,5,0.136925
823,6,0.163360
823,7,0.205406
823,8,0.211363
823,9,0.139288
823,10,0.131937
823,11,0.163360
823,12,0.205406
823,13,0.200990
823,14,0.199650
823,15,0.074567
824,1,0.151202
824,2,0.130242
824,3,0.144743
824,4,0.136223
824,5,0.158628
824,6,0.151202
824,7,0.157722
824,8,0.150748
824,9,0.140137
824,10,0.136971
824,11,0.151202
824,12,0.143498
824,13,0.146050
824,14,0.138541
824,15,0.140054
825,1,0.173854
825,2,0.015166
825,3,0.169037
825,4,0.166413
825,5,0.163834
825,6,0.163360
825,7,0.208005
825,8,0.221416
825,9,0.136631
825,10,0.073885
825,11,0.108952
825,12,0.150442
825,13,0.140657
825,14,0.137908
825,15,0.167735
826,1,0.173854
826,2,0.206552
826,3,0.211903
826,4,0.199599
826,5,0.134248
826,6,0.151202
826,7,0.071091
826,8,0.157726
826,9,0.164774
826,10,0.162423
826,11,0.173854
826,12,0.140820
826,13,0.144843
826,14,0.138825
826,15,0.147774
827,1,0.163360
827,2,0.082680
827,3,0.146424
827,4,0.140616
827,5,0.134490
827,6,0.163360
827,7,0.208005
827,8,0.205998
827,9,0.199534
827,10,0.137648
827,11,0.151202
827,12,0.130242
827,13,0.141759
827,14,0.149131
827,15,0.140305
828,1,0.173854
828,2,0.200664
828,3,0.141161
828,4,0.141950
828,5,0.136243
828,6,0.163360
828,7,0.128236
828,8,0.153039
828,9,0.135502
828,10,0.136925
828,11,0.163360
828,12,0.205406
828,13,0.157088
828,14,0.139491
828,15,0.145256
829,1,0.151202
829,2,0.143498
829,3,0.141733
829,4,0.137853
829,5,0.138431
829,6,0.163360
829,7,0.208005
829,8,0.205998
829,9,0.140681
829,10,0.138625
829,11,0.090757
829,12,0.203325
829,13,0.142170
829,14,0.139491
829,15,0.139252
830,1,0.163360
830,2,0.208005
830,3,0.205998
830,4,0.203757
830,5,0.212568
830,6,0.173854
830,7,0.140820
830,8,0.141132
830,9,0.133493
830,10,0.164890
830,11,0.151655
830,12,0.143498
830,13,0.146050
830,14,0.138541
830,15,0.134234
831,1,0.163360
831,2,0.205406
831,3,0.157465
831,4,0.139491
831,5,0.131707
831,6,0.151202
831,7,0.157722
831,8,0.140518
831,9,0.168576
831,10,0.157448
831,11,0.151202
831,12,0.143498
831,13,0.146050
831,14,0.131986
831,15,0.159419
832,1,0.118170
832,2,0.149008
832,3,0.139862
832,4,0.101176
832,5,0.136328
832,6,0.151202
832,7,0.157722
832,8,0.145673
832,9,0.142404
832,10,0.142416
832,11,0.151202
832,12,0.130242
832,13,0.144743
832,14,0.140013
832,15,0.145437
833,1,0.151202
833,2,0.072257
833,3,0.010865
833,4,0.148307
833,5,0.133571
833,6,0.151202
833,7,0.157722
833,8,0.031951
833,9,0.150036
833,10,0.141163
833,11,0.151202
833,12,0.157722
833,13,0.140518
833,14,0.140147
833,15,0.135497
834,1,0.163360
834,2,0.208005
834,3,0.148728
834,4,0.143477
834,5,0.155752
834,6,0.154545
834,7,0.129471
834,8,0.152180
834,9,0.139947
834,10,0.137374
834,11,0.174161
834,12,0.066594
834,13,0.142386
834,14,0.133466
834,15,0.073318
835,1,0.173854
835,2,0.206552
835,3,0.143306
835,4,0.131731
835,5,0.151457
835,6,0.148677
835,7,0.130242
835,8,0.076558
835,9,0.149582
835,10,0.145784
835,11,0.136731
835,12,0.149677
835,13,0.176907
835,14,0.193068
835,15,0.188128
836,1,0.173854
836,2,0.206552
836,3,0.145683
836,4,0.143350
836,5,0.140632
836,6,0.163360
836,7,0.128236
836,8,0.153039
836,9,0.144011
836,10,0.141115
836,11,0.163360
836,12,0.208005
836,13,0.205998
836,14,0.140681
836,15,0.135454
837,1,0.163360
837,2,0.199999
837,3,0.202082
837,4,0.199494
837,5,0.140281
837,6,0.151202
837,7,0.157722
837,8,0.133183
837,9,0.143559
837,10,0.143166
837,11,0.173854
837,12,0.200664
837,13,0.140199
837,14,0.143405
837,15,0.138825
838,1,0.151202
838,2,0.157722
838,3,0.145673
838,4,0.175845
838,5,0.161244
838,6,0.151202
838,7,0.130242
838,8,0.144743
838,9,0.140013
838,10,0.145912
838,11,0.140658
838,12,0.159670
838,13,0.200897
838,14,0.207734
838,15,0.194583
839,1,0.163360
839,2,0.208005
839,3,0.205998
839,4,0.107244
839,5,0.203680
839,6,0.151202
839,7,0.143498
839,8,0.141733
839,9,0.138295
839,10,0.170863
839,11,0.173854
839,12,0.200664
839,13,0.198766
839,14,0.130973
839,15,0.135752
840,1,0.151202
840,2,0.130242
840,3,0.141759
840,4,0.149131
840,5,0.140017
840,6,0.163360
840,7,0.093444
840,8,0.221280
840,9,0.152342
840,10,0.148226
840,11,0.151202
840,12,0.130242
840,13,0.141759
840,14,0.111045
840,15,0.108780
841,1,0.173854
841,2,0.200664
841,3,0.052821
841,4,0.190667
841,5,0.194384
841,6,0.173854
841,7,0.200664
841,8,0.198542
841,9,0.140656
841,10,0.137873
841,11,0.173854
841,12,0.200664
841,13,0.199849
841,14,0.052467
841,15,0.202414
842,1,0.163360
842,2,0.208005
842,3,0.221416
842,4,0.202052
842,5,0.160413
842,6,0.173854
842,7,0.200664
842,8,0.103327
842,9,0.144980
842,10,0.140578
842,11,0.151202
842,12,0.157722
842,13,0.165797
842,14,0.157327
842,15,0.155926
843,1,0.173854
843,2,0.200664
843,3,0.204323
843,4,0.207297
843,5,0.196103
843,6,0.151202
843,7,0.130242
843,8,0.152180
843,9,0.139947
843,10,0.135651
843,11,0.151202
843,12,0.143498
843,13,0.146830
843,14,0.045853
843,15,0.138570
844,1,0.151202
844,2,0.157722
844,3,0.145673
844,4,0.142404
844,5,0.141887
844,6,0.151202
844,7,0.157722
844,8,0.150748
844,9,0.138553
844,10,0.135741
844,11,0.163360
844,12,0.205406
844,13,0.115073
844,14,0.201946
844,15,0.130714
845,1,0.173854
845,2,0.140820
845,3,0.139696
845,4,0.134326
845,5,0.167673
845,6,0.173854
845,7,0.200664
845,8,0.204323
845,9,0.140079
845,10,0.128181
845,11,0.151202
845,12,0.130242
845,13,0.141759
845,14,0.151650
845,15,0.140058
846,1,0.163360
846,2,0.205406
846,3,0.140819
846,4,0.140674
846,5,0.135449
846,6,0.163360
846,7,0.208005
846,8,0.205998
846,9,0.158017
846,10,0.134422
846,11,0.151202
846,12,0.017263
846,13,0.141480
846,14,0.141469
846,15,0.157133
847,1,0.173854
847,2,0.206552
847,3,0.201887
847,4,0.157720
847,5,0.138844
847,6,0.151202
847,7,0.157722
847,8,0.140518
847,9,0.166127
847,10,0.140643
847,11,0.105931
847,12,0.213604
847,13,0.204978
847,14,0.141509
847,15,0.135761
848,1,0.151202
848,2,0.157722
848,3,0.165797
848,4,0.142404
848,5,0.135764
848,6,0.163360
848,7,0.128236
848,8,0.139614
848,9,0.184837
848,10,0.155014
848,11,0.151202
848,12,0.130242
848,13,0.152180
848,14,0.136280
848,15,0.138961
849,1,0.151202
849,2,0.157722
849,3,0.140518
849,4,0.085786
849,5,0.141270
849,6,0.163360
849,7,0.128082
849,8,0.165740
849,9,0.157756
849,10,0.171258
849,11,0.163360
849,12,0.128236
849,13,0.153039
849,14,0.135740
849,15,0.139328
850,1,0.173854
850,2,0.140820
850,3,0.138580
850,4,0.136923
850,5,0.059490
850,6,0.163360
850,7,0.205406
850,8,0.204401
850,9,0.196786
850,10,0.107744
850,11,0.151202
850,12,0.130242
850,13,0.144743
850,14,0.140013
850,15,0.145437
851,1,0.163360
851,2,0.208005
851,3,0.205998
851,4,0.158155
851,5,0.139764
851,6,0.171998
851,7,0.140820
851,8,0.070129
851,9,0.135769
851,10,0.134055
851,11,0.152175
851,12,0.143498
851,13,0.141733
851,14,0.135648
851,15,0.139461
852,1,0.151202
852,2,0.143498
852,3,0.146050
852,4,0.138541
852,5,0.137052
852,6,0.163360
852,7,0.128236
852,8,0.145425
852,9,0.138014
852,10,0.131024
852,11,0.173854
852,12,0.206552
852,13,0.145683
852,14,0.131731
852,15,0.144845
853,1,0.151202
853,2,0.143498
853,3,0.146830
853,4,0.142553
853,5,0.135590
853,6,0.151202
853,7,0.130242
853,8,0.144743
853,9,0.136559
853,10,0.142250
853,11,0.028049
853,12,0.151227
853,13,0.186427
853,14,0.199588
853,15,0.199599
854,1,0.151202
854,2,0.157722
854,3,0.145673
854,4,0.164154
854,5,0.236085
854,6,0.173854
854,7,0.200664
854,8,0.199625
854,9,0.140199
854,10,0.132344
854,11,0.163360
854,12,0.128236
854,13,0.168032
854,14,0.140583
854,15,0.134735
855,1,0.173854
855,2,0.136474
855,3,0.214902
855,4,0.214598
855,5,0.192483
855,6,0.173854
855,7,0.200664
855,8,0.204724
855,9,0.201043
855,10,0.062906
855,11,0.163360
855,12,0.087783
855,13,0.186691
855,14,0.179680
855,15,0.202051
856,1,0.163360
856,2,0.208005
856,3,0.221416
856,4,0.136631
856,5,0.129731
856,6,0.163360
856,7,0.128236
856,8,0.153039
856,9,0.135740
856,10,0.058024
856,11,0.151202
856,12,0.130242
856,13,0.144743
856,14,0.136559
856,15,0.142250
857,1,0.173854
857,2,0.200664
857,3,0.140199
857,4,0.013417
857,5,0.144574
857,6,0.009217
857,7,0.148555
857,8,0.157668
857,9,0.180751
857,10,0.182965
857,11,0.151202
857,12,0.157722
857,13,0.179146
857,14,0.097256
857,15,0.142305
858,1,0.173854
858,2,0.200664
858,3,0.198766
858,4,0.198852
858,5,0.191490
858,6,0.173854
858,7,0.200664
858,8,0.069223
858,9,0.175217
858,10,0.175010
858,11,0.056789
858,12,0.083229
858,13,0.100647
858,14,0.073449
858,15,0.134411
859,1,0.151202
859,2,0.080302
859,3,0.149348
859,4,0.069879
859,5,0.164070
859,6,0.163360
859,7,0.205406
859,8,0.157088
859,9,0.144023
859,10,0.141402
859,11,0.163360
859,12,0.059638
859,13,0.100403
859,14,0.206995
859,15,0.206452
860,1,0.163360
860,2,0.208005
860,3,0.041615
860,4,0.205998
860,5,0.141371
860,6,0.163360
860,7,0.205406
860,8,0.140442
860,9,0.140035
860,10,0.146527
860,11,0.173854
860,12,0.200664
860,13,0.198766
860,14,0.198554
860,15,0.203766
861,1,0.163360
861,2,0.208005
861,3,0.205998
861,4,0.131066
861,5,0.067889
861,6,0.066705
861,7,0.211162
861,8,0.143953
861,9,0.139074
861,10,0.158417
861,11,0.151202
861,12,0.157722
861,13,0.150748
861,14,0.135624
861,15,0.132814
862,1,0.151202
862,2,0.143498
862,3,0.146050
862,4,0.138633
862,5,0.129930
862,6,0.163360
862,7,0.115253
862,8,0.203746
862,9,0.196371
862,10,0.140608
862,11,0.163360
862,12,0.128236
862,13,0.139614
862,14,0.151457
862,15,0.134482
863,1,0.151202
863,2,0.143498
863,3,0.146050
863,4,0.138633
863,5,0.074177
863,6,0.163360
863,7,0.128236
863,8,0.153039
863,9,0.157424
863,10,0.139608
863,11,0.163360
863,12,0.208005
863,13,0.148728
863,14,0.103196
863,15,0.138404
864,1,0.163360
864,2,0.205406
864,3,0.110890
864,4,0.204380
864,5,0.200096
864,6,0.151202
864,7,0.130242
864,8,0.152180
864,9,0.177874
864,10,0.133306
864,11,0.151202
864,12,0.130242
864,13,0.152180
864,14,0.163457
864,15,0.143598
865,1,0.173854
865,2,0.206552
865,3,0.145683
865,4,0.143350
865,5,0.152809
865,6,0.066705
865,7,0.218261
865,8,0.204724
865,9,0.144968
865,10,0.129620
865,11,0.173854
865,12,0.200664
865,13,0.204323
865,14,0.207297
865,15,0.209208
866,1,0.173854
866,2,0.206552
866,3,0.201887
866,4,0.129423
866,5,0.132783
866,6,0.163360
866,7,0.208005
866,8,0.205998
866,9,0.199534
866,10,0.199789
866,11,0.151202
866,12,0.143498
866,13,0.146830
866,14,0.137094
866,15,0.135445
867,1,0.163360
867,2,0.205406
867,3,0.204726
867,4,0.144901
867,5,0.141163
867,6,0.163360
867,7,0.208005
867,8,0.205998
867,9,0.195642
867,10,0.196422
867,11,0.163360
867,12,0.014025
867,13,0.170604
867,14,0.152257
867,15,0.171656
868,1,0.163360
868,2,0.205406
868,3,0.200990
868,4,0.074479
868,5,0.085786
868,6,0.151202
868,7,0.130242
868,8,0.144743
868,9,0.134681
868,10,0.134110
868,11,0.151202
868,12,0.089064
868,13,0.148388
868,14,0.150659
868,15,0.137992
869,1,0.151202
869,2,0.014025
869,3,0.140301
869,4,0.134915
869,5,0.140013
869,6,0.151202
869,7,0.130242
869,8,0.141759
869,9,0.139746
869,10,0.167022
869,11,0.102929
869,12,0.158584
869,13,0.203379
869,14,0.200990
869,15,0.199719
870,1,0.173854
870,2,0.140820
870,3,0.139696
870,4,0.139252
870,5,0.140220
870,6,0.173854
870,7,0.111692
870,8,0.201532
870,9,0.204230
870,10,0.144734
870,11,0.083229
870,12,0.155551
870,13,0.073758
870,14,0.205643
870,15,0.198776
871,1,0.163360
871,2,0.208005
871,3,0.148728
871,4,0.143477
871,5,0.135628
871,6,0.064317
871,7,0.213604
871,8,0.147683
871,9,0.144317
871,10,0.142977
871,11,0.163360
871,12,0.208005
871,13,0.148728
871,14,0.143477
871,15,0.145731
872,1,0.151202
872,2,0.157722
872,3,0.145673
872,4,0.155701
872,5,0.158996
872,6,0.173854
872,7,0.200664
872,8,0.198766
872,9,0.199630
872,10,0.139694
872,11,0.173854
872,12,0.206552
872,13,0.211903
872,14,0.140983
872,15,0.130279
873,1,0.173854
873,2,0.200664
873,3,0.141161
873,4,0.144321
873,5,0.125906
873,6,0.151202
873,7,0.157722
873,8,0.140518
873,9,0.164742
873,10,0.130973
873,11,0.163360
873,12,0.205406
873,13,0.204401
873,14,0.196786
873,15,0.141166
874,1,0.151202
874,2,0.075057
874,3,0.144680
874,4,0.140949
874,5,0.139664
874,6,0.173854
874,7,0.206552
874,8,0.201887
874,9,0.206206
874,10,0.196126
874,11,0.147546
874,12,0.205795
874,13,0.150171
874,14,0.134544
874,15,0.150519
875,1,0.072631
875,2,0.116367
875,3,0.207568
875,4,0.201335
875,5,0.203503
875,6,0.151202
875,7,0.130242
875,8,0.051465
875,9,0.141759
875,10,0.144732
875,11,0.164637
875,12,0.193430
875,13,0.167417
875,14,0.122834
875,15,0.136543
876,1,0.151202
876,2,0.130242
876,3,0.141759
876,4,0.134252
876,5,0.166787
876,6,0.163360
876,7,0.128236
876,8,0.145425
876,9,0.134193
876,10,0.141905
876,11,0.151202
876,12,0.111516
876,13,0.130196
876,14,0.145703
876,15,0.135655
877,1,0.173854
877,2,0.140820
877,3,0.126928
877,4,0.134840
877,5,0.117732
877,6,0.151202
877,7,0.157722
877,8,0.140518
877,9,0.157900
877,10,0.190633
877,11,0.163360
877,12,0.128236
877,13,0.139614
877,14,0.146805
877,15,0.135035
878,1,0.173854
878,2,0.206552
878,3,0.143306
878,4,0.136505
878,5,0.138729
878,6,0.173854
878,7,0.042002
878,8,0.142790
878,9,0.084133
878,10,0.161988
878,11,0.173854
878,12,0.141017
878,13,0.201972
878,14,0.140199
878,15,0.191040
879,1,0.173854
879,2,0.206552
879,3,0.145683
879,4,0.143350
879,5,0.132801
879,6,0.173854
879,7,0.200664
879,8,0.204724
879,9,0.212434
879,10,0.196584
879,11,0.163360
879,12,0.208005
879,13,0.205998
879,14,0.199534
879,15,0.199326
880,1,0.173854
880,2,0.206552
880,3,0.211903
880,4,0.210223
880,5,0.049080
880,6,0.173854
880,7,0.140820
880,8,0.139696
880,9,0.144510
880,10,0.136953
880,11,0.163360
880,12,0.205406
880,13,0.200990
880,14,0.141449
880,15,0.139098
881,1,0.163360
881,2,0.208005
881,3,0.221416
881,4,0.136631
881,5,0.142104
881,6,0.163360
881,7,0.128236
881,8,0.153039
881,9,0.142212
881,10,0.144602
881,11,0.197447
881,12,0.160857
881,13,0.200897
881,14,0.203983
881,15,0.199632
882,1,0.151202
882,2,0.157722
882,3,0.145673
882,4,0.138568
882,5,0.132670
882,6,0.151202
882,7,0.143498
882,8,0.146050
882,9,0.122959
882,10,0.137678
882,11,0.064902
882,12,0.217714
882,13,0.103327
882,14,0.198784
882,15,0.152466
883,1,0.173854
883,2,0.140820
883,3,0.144843
883,4,0.134125
883,5,0.139041
883,6,0.173854
883,7,0.206552
883,8,0.201887
883,9,0.052206
883,10,0.198581
883,11,0.151202
883,12,0.157722
883,13,0.140518
883,14,0.156821
883,15,0.131392
884,1,0.173854
884,2,0.206552
884,3,0.203914
884,4,0.128979
884,5,0.056454
884,6,0.163360
884,7,0.128236
884,8,0.139614
884,9,0.139960
884,10,0.139029
884,11,0.173854
884,12,0.140820
884,13,0.139696
884,14,0.145428
884,15,0.139295
885,1,0.173854
885,2,0.206552
885,3,0.201887
885,4,0.211341
885,5,0.201263
885,6,0.151202
885,7,0.024084
885,8,0.142803
885,9,0.148708
885,10,0.104976
885,11,0.173854
885,12,0.140820
885,13,0.139696
885,14,0.139252
885,15,0.164199
886,1,0.151202
886,2,0.130242
886,3,0.075387
886,4,0.140388
886,5,0.161294
886,6,0.151202
886,7,0.130242
886,8,0.144743
886,9,0.136223
886,10,0.154116
886,11,0.151202
886,12,0.157722
886,13,0.150748
886,14,0.140265
886,15,0.140287
887,1,0.151202
887,2,0.157722
887,3,0.150748
887,4,0.140336
887,5,0.134101
887,6,0.051465
887,7,0.156711
887,8,0.217808
887,9,0.198766
887,10,0.193975
887,11,0.151202
887,12,0.143498
887,13,0.146830
887,14,0.014025
887,15,0.143249
888,1,0.173854
888,2,0.200664
888,3,0.204323
888,4,0.199839
888,5,0.100495
888,6,0.163360
888,7,0.128236
888,8,0.153039
888,9,0.147845
888,10,0.135986
888,11,0.163360
888,12,0.208005
888,13,0.221416
888,14,0.202052
888,15,0.204933
889,1,0.163360
889,2,0.128236
889,3,0.145425
889,4,0.141339
889,5,0.135619
889,6,0.173854
889,7,0.206552
889,8,0.211903
889,9,0.210223
889,10,0.142895
889,11,0.173854
889,12,0.140820
889,13,0.139696
889,14,0.144510
889,15,0.138597
890,1,0.151202
890,2,0.157722
890,3,0.150748
890,4,0.140336
890,5,0.134894
890,6,0.173854
890,7,0.140820
890,8,0.141132
890,9,0.143745
890,10,0.137660
890,11,0.163360
890,12,0.205406
890,13,0.200209
890,14,0.199326
890,15,0.139737
891,1,0.163360
891,2,0.208005
891,3,0.148728
891,4,0.143477
891,5,0.133201
891,6,0.163360
891,7,0.205406
891,8,0.157465
891,9,0.139299
891,10,0.141476
891,11,0.151202
891,12,0.130242
891,13,0.152180
891,14,0.149037
891,15,0.142947
892,1,0.163360
892,2,0.208005
892,3,0.148728
892,4,0.133969
892,5,0.139818
892,6,0.098404
892,7,0.156914
892,8,0.206139
892,9,0.150342
892,10,0.138630
892,11,0.173854
892,12,0.206552
892,13,0.201887
892,14,0.129900
892,15,0.137311
893,1,0.151202
893,2,0.143498
893,3,0.146050
893,4,0.138633
893,5,0.161832
893,6,0.151202
893,7,0.143498
893,8,0.146050
893,9,0.138633
893,10,0.150362
893,11,0.173854
893,12,0.200664
893,13,0.198766
893,14,0.079656
893,15,0.176448
894,1,0.151202
894,2,0.072009
894,3,0.053828
894,4,0.129833
894,5,0.137848
894,6,0.116367
894,7,0.217714
894,8,0.142848
894,9,0.134012
894,10,0.147281
894,11,0.163360
894,12,0.128236
894,13,0.153039
894,14,0.147845
894,15,0.137574
895,1,0.151202
895,2,0.157722
895,3,0.150748
895,4,0.055031
895,5,0.140983
895,6,0.163360
895,7,0.128236
895,8,0.139614
895,9,0.089871
895,10,0.160516
895,11,0.173854
895,12,0.200664
895,13,0.140199
895,14,0.132344
895,15,0.136562
896,1,0.173854
896,2,0.206552
896,3,0.201887
896,4,0.203978
896,5,0.140617
896,6,0.098404
896,7,0.175041
896,8,0.141197
896,9,0.133195
896,10,0.137664
896,11,0.163360
896,12,0.128236
896,13,0.153039
896,14,0.087267
896,15,0.136590
897,1,0.121745
897,2,0.128082
897,3,0.158327
897,4,0.140721
897,5,0.158928
897,6,0.173854
897,7,0.200664
897,8,0.198766
897,9,0.198790
897,10,0.140079
897,11,0.163360
897,12,0.205406
897,13,0.200990
897,14,0.203979
897,15,0.194788
898,1,0.014025
898,2,0.147237
898,3,0.140264
898,4,0.145673
898,5,0.063664
898,6,0.163360
898,7,0.205406
898,8,0.200990
898,9,0.204323
898,10,0.207297
898,11,0.173854
898,12,0.200664
898,13,0.204724
898,14,0.142591
898,15,0.136285
899,1,0.119364
899,2,0.162613
899,3,0.203246
899,4,0.209431
899,5,0.062978
899,6,0.151202
899,7,0.143498
899,8,0.146050
899,9,0.138633
899,10,0.144426
899,11,0.173854
899,12,0.140820
899,13,0.141132
899,14,0.136339
899,15,0.139241
900,1,0.151202
900,2,0.143498
900,3,0.146830
900,4,0.137094
900,5,0.053893
900,6,0.173854
900,7,0.196898
900,8,0.198542
900,9,0.198322
900,10,0.198758
900,11,0.163360
900,12,0.205406
900,13,0.157088
900,14,0.146245
900,15,0.145355
901,1,0.163360
901,2,0.205406
901,3,0.200758
901,4,0.198968
901,5,0.194363
901,6,0.173854
901,7,0.200664
901,8,0.204323
901,9,0.207297
901,10,0.208504
901,11,0.163360
901,12,0.205406
901,13,0.200990
901,14,0.195325
901,15,0.203766
902,1,0.151202
902,2,0.143498
902,3,0.141733
902,4,0.157133
902,5,0.132580
902,6,0.173854
902,7,0.140820
902,8,0.139696
902,9,0.069848
902,10,0.138316
902,11,0.151202
902,12,0.130242
902,13,0.141759
902,14,0.142086
902,15,0.137873
903,1,0.173854
903,2,0.206552
903,3,0.145683
903,4,0.142874
903,5,0.139702
903,6,0.173854
903,7,0.200664
903,8,0.140199
903,9,0.137553
903,10,0.132677
903,11,0.151202
903,12,0.130242
903,13,0.141759
903,14,0.135852
903,15,0.164792
904,1,0.173854
904,2,0.200664
904,3,0.198542
904,4,0.053782
904,5,0.199870
904,6,0.163360
904,7,0.205406
904,8,0.204401
904,9,0.201513
904,10,0.199599
904,11,0.163526
904,12,0.128082
904,13,0.118547
904,14,0.160765
904,15,0.132817
905,1,0.163360
905,2,0.205406
905,3,0.071356
905,4,0.203105
905,5,0.081068
905,6,0.118170
905,7,0.201118
905,8,0.051862
905,9,0.012811
905,10,0.178255
905,11,0.151202
905,12,0.130242
905,13,0.152180
905,14,0.190469
905,15,0.138199
906,1,0.151202
906,2,0.130242
906,3,0.144743
906,4,0.136559
906,5,0.141219
906,6,0.163360
906,7,0.205406
906,8,0.200757
906,9,0.199021
906,10,0.194011
906,11,0.151202
906,12,0.157722
906,13,0.145673
906,14,0.157327
906,15,0.197893
907,1,0.151202
907,2,0.130242
907,3,0.144743
907,4,0.136223
907,5,0.158395
907,6,0.151202
907,7,0.130242
907,8,0.141759
907,9,0.149131
907,10,0.138306
907,11,0.173854
907,12,0.206552
907,13,0.211903
907,14,0.210223
907,15,0.142895
908,1,0.164637
908,2,0.144681
908,3,0.155819
908,4,0.149830
908,5,0.031239
908,6,0.104469
908,7,0.132766
908,8,0.142142
908,9,0.144423
908,10,0.145274
908,11,0.151202
908,12,0.143498
908,13,0.141733
908,14,0.149301
908,15,0.142239
909,1,0.163360
909,2,0.208005
909,3,0.148728
909,4,0.143477
909,5,0.145512
909,6,0.064902
909,7,0.210735
909,8,0.145548
909,9,0.145014
909,10,0.146761
909,11,0.151202
909,12,0.143498
909,13,0.141733
909,14,0.157133
909,15,0.130109
910,1,0.163360
910,2,0.110637
910,3,0.202889
910,4,0.143323
910,5,0.137651
910,6,0.174161
910,7,0.140820
910,8,0.144843
910,9,0.125906
910,10,0.151064
910,11,0.163360
910,12,0.205406
910,13,0.211363
910,14,0.196856
910,15,0.192517
911,1,0.163360
911,2,0.220484
911,3,0.209177
911,4,0.137093
911,5,0.140810
911,6,0.173854
911,7,0.206552
911,8,0.211903
911,9,0.140983
911,10,0.132981
911,11,0.151202
911,12,0.130242
911,13,0.141759
911,14,0.149131
911,15,0.137311
912,1,0.163360
912,2,0.205406
912,3,0.200990
912,4,0.200043
912,5,0.198361
912,6,0.163360
912,7,0.208005
912,8,0.148728
912,9,0.139780
912,10,0.141728
912,11,0.163360
912,12,0.208005
912,13,0.146240
912,14,0.133969
912,15,0.091401
913,1,0.151202
913,2,0.157722
913,3,0.106311
913,4,0.138725
913,5,0.138431
913,6,0.163360
913,7,0.208005
913,8,0.156597
913,9,0.045677
913,10,0.147597
913,11,0.163360
913,12,0.208005
913,13,0.205998
913,14,0.203727
913,15,0.207224
914,1,0.163360
914,2,0.205406
914,3,0.140442
914,4,0.140577
914,5,0.134561
914,6,0.151202
914,7,0.157722
914,8,0.140518
914,9,0.164320
914,10,0.138758
914,11,0.163360
914,12,0.205406
914,13,0.087397
914,14,0.208298
914,15,0.140071
915,1,0.151202
915,2,0.143498
915,3,0.146050
915,4,0.060378
915,5,0.140766
915,6,0.163360
915,7,0.205406
915,8,0.140819
915,9,0.139299
915,10,0.132677
915,11,0.173854
915,12,0.206552
915,13,0.201887
915,14,0.192978
915,15,0.203455
916,1,0.173854
916,2,0.200664
916,3,0.032180
916,4,0.163992
916,5,0.162913
916,6,0.151202
916,7,0.157722
916,8,0.140518
916,9,0.141109
916,10,0.143099
916,11,0.163360
916,12,0.128236
916,13,0.153039
916,14,0.135502
916,15,0.136925
917,1,0.151202
917,2,0.082317
917,3,0.144413
917,4,0.136284
917,5,0.140992
917,6,0.151202
917,7,0.130242
917,8,0.141759
917,9,0.144605
917,10,0.127251
917,11,0.151202
917,12,0.157722
917,13,0.132822
917,14,0.139223
917,15,0.140087
918,1,0.151202
918,2,0.130242
918,3,0.141759
918,4,0.142213
918,5,0.152305
918,6,0.163360
918,7,0.205406
918,8,0.157465
918,9,0.133902
918,10,0.143434
918,11,0.173854
918,12,0.140820
918,13,0.144843
918,14,0.138825
918,15,0.137389
919,1,0.173854
919,2,0.206552
919,3,0.201887
919,4,0.192439
919,5,0.195473
919,6,0.163360
919,7,0.128236
919,8,0.139614
919,9,0.139960
919,10,0.095719
919,11,0.163360
919,12,0.073758
919,13,0.178245
919,14,0.177839
919,15,0.141984
920,1,0.151202
920,2,0.075974
920,3,0.129471
920,4,0.142231
920,5,0.141677
920,6,0.163360
920,7,0.205406
920,8,0.200442
920,9,0.140110
920,10,0.134711
920,11,0.163360
920,12,0.205406
920,13,0.140819
920,14,0.139127
920,15,0.138428
921,1,0.151202
921,2,0.130242
921,3,0.141759
921,4,0.149131
921,5,0.136236
921,6,0.163360
921,7,0.114058
921,8,0.019008
921,9,0.164839
921,10,0.157526
921,11,0.151202
921,12,0.157722
921,13,0.145673
921,14,0.157327
921,15,0.154629
922,1,0.173854
922,2,0.200664
922,3,0.200303
922,4,0.193983
922,5,0.198295
922,6,0.151202
922,7,0.130242
922,8,0.152180
922,9,0.139947
922,10,0.142421
922,11,0.173854
922,12,0.140820
922,13,0.139696
922,14,0.141175
922,15,0.153806
923,1,0.173854
923,2,0.140820
923,3,0.139696
923,4,0.134326
923,5,0.130930
923,6,0.171998
923,7,0.140820
923,8,0.139696
923,9,0.139252
923,10,0.165591
923,11,0.151202
923,12,0.157722
923,13,0.150748
923,14,0.140137
923,15,0.135578
924,1,0.147546
924,2,0.127263
924,3,0.145823
924,4,0.134878
924,5,0.143005
924,6,0.173854
924,7,0.140820
924,8,0.155765
924,9,0.140287
924,10,0.107806
924,11,0.173948
924,12,0.140820
924,13,0.139696
924,14,0.146247
924,15,0.155495
925,1,0.151202
925,2,0.130242
925,3,0.144743
925,4,0.140013
925,5,0.140696
925,6,0.173854
925,7,0.140820
925,8,0.137101
925,9,0.139513
925,10,0.164468
925,11,0.155832
925,12,0.175935
925,13,0.206227
925,14,0.140252
925,15,0.142997
926,1,0.173854
926,2,0.206552
926,3,0.201887
926,4,0.204055
926,5,0.207356
926,6,0.151202
926,7,0.143498
926,8,0.141733
926,9,0.157133
926,10,0.161636
926,11,0.174265
926,12,0.206552
926,13,0.211903
926,14,0.018149
926,15,0.145887
927,1,0.009217
927,2,0.210569
927,3,0.204465
927,4,0.158197
927,5,0.047696
927,6,0.163360
927,7,0.208005
927,8,0.205998
927,9,0.088440
927,10,0.138827
927,11,0.163360
927,12,0.205406
927,13,0.204401
927,14,0.144719
927,15,0.136159
928,1,0.151202
928,2,0.157722
928,3,0.145673
928,4,0.154777
928,5,0.137139
928,6,0.163360
928,7,0.205406
928,8,0.204401
928,9,0.208024
928,10,0.190751
928,11,0.163360
928,12,0.208005
928,13,0.205998
928,14,0.093754
928,15,0.142137
929,1,0.151202
929,2,0.130242
929,3,0.152180
929,4,0.139947
929,5,0.142421
929,6,0.151202
929,7,0.143498
929,8,0.146830
929,9,0.142553
929,10,0.140659
929,11,0.163360
929,12,0.205406
929,13,0.140819
929,14,0.158047
929,15,0.134894
930,1,0.163360
930,2,0.205406
930,3,0.200990
930,4,0.052959
930,5,0.207128
930,6,0.173854
930,7,0.206552
930,8,0.211903
930,9,0.147097
930,10,0.141680
930,11,0.151202
930,12,0.143498
930,13,0.141733
930,14,0.158419
930,15,0.166931
931,1,0.163360
931,2,0.208005
931,3,0.148728
931,4,0.143477
931,5,0.135628
931,6,0.151202
931,7,0.130242
931,8,0.144743
931,9,0.105227
931,10,0.142012
931,11,0.151202
931,12,0.130242
931,13,0.141759
931,14,0.142086
931,15,0.140659
932,1,0.088806
932,2,0.149370
932,3,0.108841
932,4,0.174675
932,5,0.170654
932,6,0.105931
932,7,0.127109
932,8,0.143196
932,9,0.139102
932,10,0.136160
932,11,0.151202
932,12,0.143498
932,13,0.146050
932,14,0.131986
932,15,0.155239
933,1,0.151202
933,2,0.165950
933,3,0.139908
933,4,0.145573
933,5,0.133653
933,6,0.173854
933,7,0.140820
933,8,0.141132
933,9,0.133493
933,10,0.158288
933,11,0.163360
933,12,0.205406
933,13,0.204401
933,14,0.198813
933,15,0.197438
934,1,0.163360
934,2,0.208005
934,3,0.205998
934,4,0.161245
934,5,0.195325
934,6,0.151202
934,7,0.143498
934,8,0.146830
934,9,0.138293
934,10,0.134535
934,11,0.163360
934,12,0.114560
934,13,0.208141
934,14,0.199293
934,15,0.214006
935,1,0.163360
935,2,0.208005
935,3,0.205998
935,4,0.134386
935,5,0.072497
935,6,0.163360
935,7,0.220484
935,8,0.218134
935,9,0.141988
935,10,0.111853
935,11,0.173854
935,12,0.140820
935,13,0.139696
935,14,0.146247
935,15,0.168104
936,1,0.204974
936,2,0.205406
936,3,0.140819
936,4,0.139299
936,5,0.132518
936,6,0.163360
936,7,0.128236
936,8,0.139614
936,9,0.133373
936,10,0.155851
936,11,0.151202
936,12,0.157722
936,13,0.150748
936,14,0.094890
936,15,0.135584
937,1,0.173854
937,2,0.140820
937,3,0.141132
937,4,0.133493
937,5,0.158288
937,6,0.173854
937,7,0.036839
937,8,0.214910
937,9,0.104290
937,10,0.201841
937,11,0.151202
937,12,0.157722
937,13,0.145673
937,14,0.159354
937,15,0.164112
938,1,0.163360
938,2,0.208005
938,3,0.205998
938,4,0.134386
938,5,0.135592
938,6,0.163360
938,7,0.205406
938,8,0.204401
938,9,0.208024
938,10,0.136266
938,11,0.151202
938,12,0.130242
938,13,0.144743
938,14,0.136559
938,15,0.128166
939,1,0.173854
939,2,0.200664
939,3,0.198766
939,4,0.203828
939,5,0.197376
939,6,0.151202
939,7,0.143498
939,8,0.141733
939,9,0.163377
939,10,0.194312
939,11,0.163360
939,12,0.191468
939,13,0.148210
939,14,0.142413
939,15,0.143396
940,1,0.173854
940,2,0.206552
940,3,0.201887
940,4,0.129423
940,5,0.137311
940,6,0.163360
940,7,0.105231
940,8,0.204410
940,9,0.204830
940,10,0.114749
940,11,0.173854
940,12,0.200664
940,13,0.198766
940,14,0.130930
940,15,0.134747
941,1,0.173854
941,2,0.068949
941,3,0.165234
941,4,0.138106
941,5,0.137107
941,6,0.031838
941,7,0.174994
941,8,0.146428
941,9,0.144490
941,10,0.135531
941,11,0.151202
941,12,0.143498
941,13,0.146050
941,14,0.138541
941,15,0.133152
942,1,0.151202
942,2,0.130242
942,3,0.141759
942,4,0.141935
942,5,0.175634
942,6,0.163360
942,7,0.208005
942,8,0.221416
942,9,0.093216
942,10,0.139159
942,11,0.163360
942,12,0.208005
942,13,0.199197
942,14,0.204397
942,15,0.052214
943,1,0.173854
943,2,0.206552
943,3,0.201887
943,4,0.210940
943,5,0.195178
943,6,0.090757
943,7,0.204432
943,8,0.149653
943,9,0.152797
943,10,0.135615
943,11,0.049142
943,12,0.212241
943,13,0.205380
943,14,0.199458
943,15,0.208132
944,1,0.051465
944,2,0.173854
944,3,0.200664
944,4,0.198766
944,5,0.131392
944,6,0.151202
944,7,0.157722
944,8,0.140518
944,9,0.157900
944,10,0.198330
944,11,0.173854
944,12,0.200664
944,13,0.198766
944,14,0.203828
944,15,0.140079
945,1,0.151202
945,2,0.157722
945,3,0.150748
945,4,0.142307
945,5,0.134227
945,6,0.151202
945,7,0.130242
945,8,0.141759
945,9,0.151650
945,10,0.137311
945,11,0.151202
945,12,0.130242
945,13,0.141759
945,14,0.135852
945,15,0.158909
946,1,0.163360
946,2,0.208005
946,3,0.148728
946,4,0.141274
946,5,0.107762
946,6,0.151202
946,7,0.157722
946,8,0.140518
946,9,0.168576
946,10,0.205184
946,11,0.173854
946,12,0.140820
946,13,0.094766
946,14,0.098234
946,15,0.133016
947,1,0.163360
947,2,0.128236
947,3,0.139614
947,4,0.141476
947,5,0.166839
947,6,0.151202
947,7,0.157722
947,8,0.150748
947,9,0.135874
947,10,0.132729
947,11,0.151202
947,12,0.143498
947,13,0.146830
947,14,0.142553
947,15,0.146915
948,1,0.173854
948,2,0.206552
948,3,0.167528
948,4,0.196212
948,5,0.085677
948,6,0.163360
948,7,0.014025
948,8,0.128236
948,9,0.153039
948,10,0.147845
948,11,0.164968
948,12,0.208005
948,13,0.221416
948,14,0.195524
948,15,0.193707
949,1,0.163360
949,2,0.128236
949,3,0.145425
949,4,0.138970
949,5,0.167067
949,6,0.173854
949,7,0.140820
949,8,0.121594
949,9,0.135769
949,10,0.137087
949,11,0.173854
949,12,0.140820
949,13,0.155765
949,14,0.134326
949,15,0.164569
950,1,0.163360
950,2,0.128236
950,3,0.153039
950,4,0.147845
950,5,0.135986
950,6,0.163360
950,7,0.205406
950,8,0.211363
950,9,0.201483
950,10,0.197579
950,11,0.163360
950,12,0.128236
950,13,0.153039
950,14,0.147845
950,15,0.112659
951,1,0.151202
951,2,0.130242
951,3,0.152180
951,4,0.173523
951,5,0.145380
951,6,0.173854
951,7,0.206552
951,8,0.201887
951,9,0.129900
951,10,0.139998
951,11,0.072631
951,12,0.061950
951,13,0.151985
951,14,0.147611
951,15,0.156045
952,1,0.151202
952,2,0.143498
952,3,0.146050
952,4,0.138541
952,5,0.140547
952,6,0.151202
952,7,0.157722
952,8,0.145673
952,9,0.057898
952,10,0.203357
952,11,0.151202
952,12,0.143498
952,13,0.146050
952,14,0.131986
952,15,0.154491
953,1,0.151202
953,2,0.143498
953,3,0.146050
953,4,0.138633
953,5,0.144426
953,6,0.171998
953,7,0.200664
953,8,0.198766
953,9,0.188332
953,10,0.143667
953,11,0.151202
953,12,0.130242
953,13,0.152180
953,14,0.149037
953,15,0.144720
954,1,0.151202
954,2,0.130242
954,3,0.152180
954,4,0.139947
954,5,0.137374
954,6,0.151202
954,7,0.068292
954,8,0.077208
954,9,0.140682
954,10,0.140092
954,11,0.151202
954,12,0.143498
954,13,0.141733
954,14,0.157133
954,15,0.161636
955,1,0.147546
955,2,0.127263
955,3,0.155192
955,4,0.135851
955,5,0.134990
955,6,0.173854
955,7,0.059060
955,8,0.205872
955,9,0.199654
955,10,0.140817
955,11,0.163360
955,12,0.208005
955,13,0.148728
955,14,0.133969
955,15,0.145665
956,1,0.151202
956,2,0.143498
956,3,0.146830
956,4,0.137094
956,5,0.138478
956,6,0.173854
956,7,0.200664
956,8,0.140199
956,9,0.141063
956,10,0.133277
956,11,0.163360
956,12,0.208005
956,13,0.221416
956,14,0.137329
956,15,0.136416
957,1,0.173854
957,2,0.200664
957,3,0.140199
957,4,0.135669
957,5,0.135253
957,6,0.173854
957,7,0.206552
957,8,0.201887
957,9,0.198128
957,10,0.198971
957,11,0.163360
957,12,0.208005
957,13,0.221416
957,14,0.195524
957,15,0.203757
958,1,0.173854
958,2,0.206552
958,3,0.201887
958,4,0.206206
958,5,0.139134
958,6,0.151202
958,7,0.157722
958,8,0.145673
958,9,0.157327
958,10,0.158246
958,11,0.173854
958,12,0.206552
958,13,0.201887
958,14,0.204055
958,15,0.207356
959,1,0.173854
959,2,0.200664
959,3,0.140199
959,4,0.143405
959,5,0.135580
959,6,0.163360
959,7,0.205406
959,8,0.140819
959,9,0.190591
959,10,0.143641
959,11,0.163360
959,12,0.205406
959,13,0.204401
959,14,0.104912
959,15,0.136270
960,1,0.163360
960,2,0.205406
960,3,0.200442
960,4,0.204319
960,5,0.207108
960,6,0.151202
960,7,0.130242
960,8,0.141759
960,9,0.142086
960,10,0.135754
960,11,0.173854
960,12,0.206552
960,13,0.201887
960,14,0.131248
960,15,0.137973
961,1,0.173854
961,2,0.206552
961,3,0.089322
961,4,0.145285
961,5,0.141079
961,6,0.173854
961,7,0.140820
961,8,0.139696
961,9,0.098290
961,10,0.018753
961,11,0.163360
961,12,0.208005
961,13,0.148728
961,14,0.085787
961,15,0.153483
962,1,0.151202
962,2,0.157722
962,3,0.150748
962,4,0.135874
962,5,0.138522
962,6,0.163360
962,7,0.208005
962,8,0.148728
962,9,0.143477
962,10,0.119693
962,11,0.151202
962,12,0.130242
962,13,0.144743
962,14,0.136559
962,15,0.146100
963,1,0.163360
963,2,0.128236
963,3,0.145899
963,4,0.166946
963,5,0.133305
963,6,0.163360
963,7,0.014178
963,8,0.187690
963,9,0.147403
963,10,0.134054
963,11,0.173854
963,12,0.140820
963,13,0.141132
963,14,0.136339
963,15,0.089029
964,1,0.151202
964,2,0.157722
964,3,0.150748
964,4,0.138426
964,5,0.135706
964,6,0.151202
964,7,0.157722
964,8,0.140518
964,9,0.058243
964,10,0.136916
964,11,0.163360
964,12,0.208005
964,13,0.221416
964,14,0.164530
964,15,0.245448
965,1,0.116367
965,2,0.200571
965,3,0.199220
965,4,0.140156
965,5,0.140944
965,6,0.163360
965,7,0.128236
965,8,0.139614
965,9,0.146569
965,10,0.141320
965,11,0.163360
965,12,0.110637
965,13,0.202889
965,14,0.051702
965,15,0.198052
966,1,0.163360
966,2,0.208005
966,3,0.221416
966,4,0.136631
966,5,0.135353
966,6,0.151202
966,7,0.143498
966,8,0.146830
966,9,0.138293
966,10,0.134824
966,11,0.151202
966,12,0.143498
966,13,0.085988
966,14,0.150023
966,15,0.145761
967,1,0.151202
967,2,0.157722
967,3,0.140518
967,4,0.140147
967,5,0.133052
967,6,0.163360
967,7,0.205406
967,8,0.200990
967,9,0.141166
967,10,0.140419
967,11,0.151202
967,12,0.157722
967,13,0.145673
967,14,0.167092
967,15,0.165706
968,1,0.173854
968,2,0.206552
968,3,0.211903
968,4,0.210223
968,5,0.142895
968,6,0.173854
968,7,0.200664
968,8,0.141161
968,9,0.141063
968,10,0.135475
968,11,0.173854
968,12,0.140820
968,13,0.144843
968,14,0.125906
968,15,0.144964
969,1,0.151202
969,2,0.143498
969,3,0.146830
969,4,0.142553
969,5,0.135590
969,6,0.163360
969,7,0.128236
969,8,0.139614
969,9,0.151457
969,10,0.139040
969,11,0.140658
969,12,0.152328
969,13,0.135228
969,14,0.145092
969,15,0.030062
970,1,0.173854
970,2,0.200664
970,3,0.198766
970,4,0.204282
970,5,0.145922
970,6,0.051465
970,7,0.156711
970,8,0.140820
970,9,0.144843
970,10,0.139930
970,11,0.151202
970,12,0.130242
970,13,0.144743
970,14,0.140013
970,15,0.132799
971,1,0.151202
971,2,0.130242
971,3,0.141759
971,4,0.162059
971,5,0.155371
971,6,0.151202
971,7,0.143498
971,8,0.071964
971,9,0.144064
971,10,0.141837
971,11,0.163360
971,12,0.208005
971,13,0.221416
971,14,0.213259
971,15,0.190589
972,1,0.163360
972,2,0.208005
972,3,0.148728
972,4,0.143477
972,5,0.141728
972,6,0.151202
972,7,0.051465
972,8,0.130242
972,9,0.141759
972,10,0.070914
972,11,0.155832
972,12,0.159123
972,13,0.206023
972,14,0.199402
972,15,0.136383
973,1,0.163360
973,2,0.128236
973,3,0.153039
973,4,0.135502
973,5,0.141101
973,6,0.151202
973,7,0.143498
973,8,0.141733
973,9,0.158419
973,10,0.166931
973,11,0.151202
973,12,0.143498
973,13,0.146830
973,14,0.138293
973,15,0.140516
974,1,0.173854
974,2,0.206552
974,3,0.200512
974,4,0.199599
974,5,0.198819
974,6,0.163360
974,7,0.208005
974,8,0.205998
974,9,0.134248
974,10,0.135072
974,11,0.060757
974,12,0.137663
974,13,0.155581
974,14,0.197029
974,15,0.139115
975,1,0.151202
975,2,0.143498
975,3,0.141733
975,4,0.158419
975,5,0.155162
975,6,0.173854
975,7,0.206552
975,8,0.034514
975,9,0.146878
975,10,0.145834
975,11,0.133388
975,12,0.143498
975,13,0.146050
975,14,0.131986
975,15,0.136928
976,1,0.163360
976,2,0.174199
976,3,0.204862
976,4,0.199458
976,5,0.193108
976,6,0.151202
976,7,0.157722
976,8,0.140518
976,9,0.139220
976,10,0.137813
976,11,0.173854
976,12,0.206552
976,13,0.211903
976,14,0.140983
976,15,0.132981
977,1,0.151202
977,2,0.130242
977,3,0.152180
977,4,0.139004
977,5,0.135008
977,6,0.163360
977,7,0.128236
977,8,0.139614
977,9,0.151457
977,10,0.137985
977,11,0.173854
977,12,0.200664
977,13,0.204724
977,14,0.144968
977,15,0.134941
978,1,0.173854
978,2,0.200664
978,3,0.198766
978,4,0.203828
978,5,0.206362
978,6,0.163360
978,7,0.128236
978,8,0.145425
978,9,0.134193
978,10,0.156380
978,11,0.151202
978,12,0.157722
978,13,0.145673
978,14,0.086811
978,15,0.142515
979,1,0.163360
979,2,0.205406
979,3,0.140819
979,4,0.139942
979,5,0.130655
979,6,0.151202
979,7,0.157722
979,8,0.140518
979,9,0.168576
979,10,0.194790
979,11,0.151202
979,12,0.157722
979,13,0.140518
979,14,0.165597
979,15,0.138563
980,1,0.151202
980,2,0.143498
980,3,0.146050
980,4,0.138633
980,5,0.161832
980,6,0.140018
980,7,0.159963
980,8,0.201213
980,9,0.131261
980,10,0.132344
980,11,0.173948
980,12,0.140820
980,13,0.085636
980,14,0.138605
980,15,0.156219
981,1,0.173854
981,2,0.206552
981,3,0.145683
981,4,0.131731
981,5,0.137060
981,6,0.151202
981,7,0.130242
981,8,0.130380
981,9,0.134396
981,10,0.153803
981,11,0.163360
981,12,0.208005
981,13,0.205998
981,14,0.198727
981,15,0.194348
982,1,0.133388
982,2,0.152020
982,3,0.159339
982,4,0.136034
982,5,0.158909
982,6,0.163360
982,7,0.205406
982,8,0.204726
982,9,0.201483
982,10,0.143631
982,11,0.173854
982,12,0.200664
982,13,0.079656
982,14,0.136875
982,15,0.134688
983,1,0.163360
983,2,0.205406
983,3,0.204401
983,4,0.198813
983,5,0.150597
983,6,0.163360
983,7,0.036386
983,8,0.143515
983,9,0.149247
983,10,0.135740
983,11,0.151202
983,12,0.130242
983,13,0.141759
983,14,0.139205
983,15,0.155882
984,1,0.151202
984,2,0.130242
984,3,0.119536
984,4,0.151750
984,5,0.137454
984,6,0.151202
984,7,0.130242
984,8,0.144743
984,9,0.136223
984,10,0.121789
984,11,0.163360
984,12,0.205406
984,13,0.200990
984,14,0.204319
984,15,0.139841
985,1,0.151202
985,2,0.096049
985,3,0.143676
985,4,0.090156
985,5,0.138655
985,6,0.173854
985,7,0.206552
985,8,0.201887
985,9,0.203669
985,10,0.136911
985,11,0.151202
985,12,0.052479
985,13,0.166439
985,14,0.146830
985,15,0.137094
986,1,0.173854
986,2,0.140820
986,3,0.141132
986,4,0.136923
986,5,0.029204
986,6,0.151202
986,7,0.157722
986,8,0.017926
986,9,0.140311
986,10,0.154917
986,11,0.173854
986,12,0.140820
986,13,0.155765
986,14,0.146247
986,15,0.140834
987,1,0.163360
987,2,0.205406
987,3,0.200442
987,4,0.204323
987,5,0.144968
987,6,0.173854
987,7,0.206552
987,8,0.201887
987,9,0.141074
987,10,0.138397
987,11,0.163360
987,12,0.208005
987,13,0.221416
987,14,0.213259
987,15,0.213327
988,1,0.116367
988,2,0.210735
988,3,0.204398
988,4,0.203978
988,5,0.030579
988,6,0.173854
988,7,0.206552
988,8,0.203914
988,9,0.192978
988,10,0.131223
988,11,0.173854
988,12,0.140820
988,13,0.065688
988,14,0.146531
988,15,0.138110
989,1,0.173854
989,2,0.140820
989,3,0.139696
989,4,0.147281
989,5,0.157522
989,6,0.060682
989,7,0.147341
989,8,0.141599
989,9,0.142122
989,10,0.158909
989,11,0.163360
989,12,0.205406
989,13,0.211363
989,14,0.196034
989,15,0.140452
990,1,0.173854
990,2,0.200664
990,3,0.208476
990,4,0.199839
990,5,0.192978
990,6,0.173854
990,7,0.140820
990,8,0.141132
990,9,0.136339
990,10,0.127456
990,11,0.105931
990,12,0.127109
990,13,0.158638
990,14,0.147324
990,15,0.138414
991,1,0.151202
991,2,0.143498
991,3,0.146050
991,4,0.131986
991,5,0.158668
991,6,0.151202
991,7,0.130242
991,8,0.152180
991,9,0.139004
991,10,0.139795
991,11,0.173854
991,12,0.140820
991,13,0.139696
991,14,0.149022
991,15,0.141014
992,1,0.174161
992,2,0.206552
992,3,0.201887
992,4,0.129900
992,5,0.139998
992,6,0.163952
992,7,0.205406
992,8,0.140819
992,9,0.133902
992,10,0.132747
992,11,0.163360
992,12,0.205406
992,13,0.140442
992,14,0.140577
992,15,0.132094
993,1,0.173854
993,2,0.206552
993,3,0.211903
993,4,0.140983
993,5,0.131694
993,6,0.163360
993,7,0.128236
993,8,0.153039
993,9,0.147845
993,10,0.137772
993,11,0.151202
993,12,0.157722
993,13,0.140518
993,14,0.172729
993,15,0.199839
994,1,0.163360
994,2,0.205406
994,3,0.204401
994,4,0.212904
994,5,0.211006
994,6,0.163360
994,7,0.128236
994,8,0.145425
994,9,0.138014
994,10,0.139117
994,11,0.173854
994,12,0.200664
994,13,0.204323
994,14,0.201865
994,15,0.141074
995,1,0.173854
995,2,0.200664
995,3,0.141161
995,4,0.141063
995,5,0.142252
995,6,0.173854
995,7,0.140820
995,8,0.141132
995,9,0.136923
995,10,0.139550
995,11,0.151202
995,12,0.157722
995,13,0.140518
995,14,0.156821
995,15,0.139952
996,1,0.151202
996,2,0.157722
996,3,0.145673
996,4,0.157327
996,5,0.155503
996,6,0.151202
996,7,0.130242
996,8,0.141759
996,9,0.139746
996,10,0.141147
996,11,0.151202
996,12,0.143498
996,13,0.141733
996,14,0.165202
996,15,0.202515
997,1,0.163952
997,2,0.208005
997,3,0.221416
997,4,0.136631
997,5,0.135353
997,6,0.173854
997,7,0.206552
997,8,0.203914
997,9,0.198128
997,10,0.198162
997,11,0.151202
997,12,0.157722
997,13,0.145673
997,14,0.142404
997,15,0.141797
998,1,0.163360
998,2,0.128236
998,3,0.139614
998,4,0.140721
998,5,0.154508
998,6,0.173854
998,7,0.140820
998,8,0.141132
998,9,0.136923
998,10,0.133702
998,11,0.163360
998,12,0.128236
998,13,0.139614
998,14,0.140399
998,15,0.132562
999,1,0.163360
999,2,0.208005
999,3,0.205998
999,4,0.141371
999,5,0.134542
999,6,0.151202
999,7,0.143498
999,8,0.146830
999,9,0.142553
999,10,0.135521
999,11,0.152175
999,12,0.128089
999,13,0.152180
999,14,0.139004
999,15,0.134595
1000,1,0.173854
1000,2,0.200664
1000,3,0.198766
1000,4,0.204230
1000,5,0.200981
1000,6,0.151202
1000,7,0.130242
1000,8,0.152180
1000,9,0.139947
1000,10,0.142057
1000,11,0.173854
1000,12,0.200664
1000,13,0.142756
1000,14,0.132344
1000,15,0.144418
1001,1,0.163360
1001,2,0.208005
1001,3,0.205998
1001,4,0.150894
1001,5,0.133828
1001,6,0.163360
1001,7,0.128236
1001,8,0.139614
1001,9,0.139960
1001,10,0.156830
1001,11,0.173854
1001,12,0.200664
1001,13,0.198542
1001,14,0.204167
1001,15,0.211547
1002,1,0.164722
1002,2,0.208005
1002,3,0.221416
1002,4,0.213259
1002,5,0.188941
1002,6,0.163360
1002,7,0.205406
1002,8,0.200442
1002,9,0.203979
1002,10,0.144968
1002,11,0.151202
1002,12,0.143498
1002,13,0.146830
1002,14,0.137094
1002,15,0.133805
1003,1,0.173854
1003,2,0.140820
1003,3,0.141132
1003,4,0.133493
1003,5,0.135819
1003,6,0.163360
1003,7,0.128236
1003,8,0.153039
1003,9,0.135740
1003,10,0.139756
1003,11,0.163360
1003,12,0.208005
1003,13,0.205998
1003,14,0.134248
1003,15,0.137359
1004,1,0.163360
1004,2,0.205406
1004,3,0.200442
1004,4,0.199719
1004,5,0.198947
1004,6,0.173854
1004,7,0.200664
1004,8,0.143810
1004,9,0.141950
1004,10,0.134300
1004,11,0.151202
1004,12,0.143498
1004,13,0.146050
1004,14,0.131986
1004,15,0.135446
1005,1,0.173854
1005,2,0.140820
1005,3,0.139696
1005,4,0.146247
1005,5,0.140834
1005,6,0.173854
1005,7,0.200664
1005,8,0.198766
1005,9,0.193983
1005,10,0.203673
1005,11,0.163360
1005,12,0.205406
1005,13,0.200990
1005,14,0.204721
1005,15,0.145684
1006,1,0.151202
1006,2,0.143498
1006,3,0.146830
1006,4,0.137094
1006,5,0.144037
1006,6,0.173854
1006,7,0.206552
1006,8,0.145683
1006,9,0.136505
1006,10,0.136283
1006,11,0.173854
1006,12,0.200664
1006,13,0.204724
1006,14,0.201043
1006,15,0.196584
1007,1,0.151202
1007,2,0.130242
1007,3,0.152180
1007,4,0.149037
1007,5,0.140832
1007,6,0.163360
1007,7,0.128236
1007,8,0.145425
1007,9,0.138225
1007,10,0.135864
1007,11,0.173854
1007,12,0.200664
1007,13,0.204323
1007,14,0.207297
1007,15,0.208839
1008,1,0.151202
1008,2,0.157722
1008,3,0.145673
1008,4,0.157327
1008,5,0.164107
1008,6,0.173854
1008,7,0.140820
1008,8,0.139696
1008,9,0.144510
1008,10,0.145147
1008,11,0.151202
1008,12,0.157722
1008,13,0.150748
1008,14,0.135624
1008,15,0.133540
1009,1,0.151202
1009,2,0.130242
1009,3,0.144743
1009,4,0.136559
1009,5,0.141219
1009,6,0.164968
1009,7,0.206786
1009,8,0.205998
1009,9,0.203757
1009,10,0.198440
1009,11,0.173854
1009,12,0.206552
1009,13,0.145683
1009,14,0.134361
1009,15,0.133411
1010,1,0.151202
1010,2,0.143498
1010,3,0.146050
1010,4,0.138541
1010,5,0.140884
1010,6,0.173854
1010,7,0.200664
1010,8,0.198766
1010,9,0.142251
1010,10,0.132344
1010,11,0.173854
1010,12,0.200664
1010,13,0.198542
1010,14,0.208075
1010,15,0.212434
1011,1,0.173854
1011,2,0.206552
1011,3,0.211903
1011,4,0.140983
1011,5,0.131694
1011,6,0.173854
1011,7,0.200664
1011,8,0.198766
1011,9,0.198547
1011,10,0.130930
1011,11,0.163360
1011,12,0.208005
1011,13,0.205998
1011,14,0.205689
1011,15,0.188899
1012,1,0.173854
1012,2,0.200664
1012,3,0.204323
1012,4,0.194790
1012,5,0.209743
1012,6,0.173854
1012,7,0.206552
1012,8,0.211903
1012,9,0.199599
1012,10,0.198916
1012,11,0.173854
1012,12,0.206552
1012,13,0.211903
1012,14,0.210223
1012,15,0.199159
1013,1,0.163360
1013,2,0.128236
1013,3,0.145425
1013,4,0.136411
1013,5,0.136087
1013,6,0.163360
1013,7,0.208005
1013,8,0.221416
1013,9,0.140942
1013,10,0.137768
1013,11,0.163360
1013,12,0.128236
1013,13,0.145425
1013,14,0.136411
1013,15,0.162534
1014,1,0.173854
1014,2,0.140820
1014,3,0.144843
1014,4,0.134125
1014,5,0.137078
1014,6,0.173854
1014,7,0.206552
1014,8,0.145683
1014,9,0.131731
1014,10,0.132082
1014,11,0.173854
1014,12,0.200664
1014,13,0.141161
1014,14,0.137908
1014,15,0.131250
