Iteration,Combination,Total Processing Time (sec),Total Execution Time (sec),Scripts Executed,Individual Processing Times,Individual Execution Times,Files Processed Per Script,First Image Pixels,First Audio Samples,Image Source Dir,Audio Source Dir,Peak RAM Usage (MB),Peak GPU Usage (%),Peak GPU Memory (MB),Average CPU Usage Per Core,Number of Cores Used,Average GPU Clock (MHz),Total RAM (GB),Total CPU Cores,Total GPU Memory (GB),CPU Model,GPU Model
1,s,0.021298901960784312,10.056809663772583,Speech,0.021299,10.057,102,,37360,/home/iiitd/heterogeneous/heterogeneous_edge/images/bear,/home/iiitd/heterogeneous/heterogeneous_edge/test-clean/LibriSpeech/test-clean/1580/141083,9902.4296875,79,2825.375,"12.7, 32.7, 9.4, 43.4, 7.8, 0.0, 12.0, 3.8, 13.8, 4.1, 10.0, 31.2, 2.6, 2.9, 2.4, 2.1",9,1703.409090909091,31.108741760253906,16,24.0,12th Gen Intel(R) Core(TM) i5-12600K,NVIDIA GeForce RTX 3090
1,d,0.0035055846456692914,9.02088189125061,Detect,0.003506,9.021,508,307200,,/home/iiitd/heterogeneous/heterogeneous_edge/images/bear,/home/iiitd/heterogeneous/heterogeneous_edge/test-clean/LibriSpeech/test-clean/1580/141083,10016.125,91,3274.3125,"13.5, 10.7, 18.6, 5.5, 20.6, 16.9, 14.1, 2.5, 50.5, 2.3, 38.1, 12.7, 4.1, 3.3, 2.5, 1.9",10,1724.0,31.108741760253906,16,24.0,12th Gen Intel(R) Core(TM) i5-12600K,NVIDIA GeForce RTX 3090
1,p,0.003364990157480315,8.177619934082031,Predict,0.003365,8.178,508,307200,,/home/iiitd/heterogeneous/heterogeneous_edge/images/bear,/home/iiitd/heterogeneous/heterogeneous_edge/test-clean/LibriSpeech/test-clean/1580/141083,11012.7421875,89,2508.3125,"23.7, 35.0, 29.9, 7.7, 26.5, 13.1, 11.8, 0.6, 24.0, 5.8, 3.7, 0.6, 2.4, 2.5, 2.5, 2.4",9,1725.0,31.108741760253906,16,24.0,12th Gen Intel(R) Core(TM) i5-12600K,NVIDIA GeForce RTX 3090
1,ss,0.04684492156862745,19.647923469543457,"Speech, Speech","0.021355, 0.025489","9.651, 9.997","102, 102",,37360,/home/iiitd/heterogeneous/heterogeneous_edge/images/bear,/home/iiitd/heterogeneous/heterogeneous_edge/test-clean/LibriSpeech/test-clean/1580/141083,10360.12890625,100,5016.3125,"34.7, 19.2, 13.8, 10.7, 34.5, 4.0, 8.6, 7.6, 18.4, 8.5, 12.0, 8.5, 3.2, 3.0, 3.0, 2.5",11,1677.093023255814,31.108741760253906,16,24.0,12th Gen Intel(R) Core(TM) i5-12600K,NVIDIA GeForce RTX 3090
1,sd,0.03379906970819824,18.14356255531311,"Speech, Detect","0.031085, 0.002714","11.359, 6.784","102, 508",307200,37360,/home/iiitd/heterogeneous/heterogeneous_edge/images/bear,/home/iiitd/heterogeneous/heterogeneous_edge/test-clean/LibriSpeech/test-clean/1580/141083,10407.16015625,100,5118.3125,"11.5, 7.6, 5.1, 14.8, 7.0, 24.7, 16.5, 7.5, 5.8, 12.3, 31.4, 8.1, 2.9, 2.9, 3.4, 2.9",12,1636.6666666666667,31.108741760253906,16,24.0,12th Gen Intel(R) Core(TM) i5-12600K,NVIDIA GeForce RTX 3090
1,sp,0.024602770186814883,18.527097702026367,"Speech, Predict","0.021277, 0.003325","10.195, 8.332","102, 508",307200,37360,/home/iiitd/heterogeneous/heterogeneous_edge/images/bear,/home/iiitd/heterogeneous/heterogeneous_edge/test-clean/LibriSpeech/test-clean/1580/141083,10745.51171875,80,5118.3125,"21.0, 13.6, 22.7, 5.1, 17.2, 9.8, 9.6, 2.0, 9.7, 14.0, 12.0, 2.5, 1.8, 2.3, 1.9, 2.2",10,1721.9262295081967,31.108741760253906,16,24.0,12th Gen Intel(R) Core(TM) i5-12600K,NVIDIA GeForce RTX 3090
1,s,0.020915078431372552,10.4099600315094,Speech,0.020915,10.410,102,,37360,/home/iiitd/heterogeneous/heterogeneous_edge/images/bear,/home/iiitd/heterogeneous/heterogeneous_edge/test-clean/LibriSpeech/test-clean/1580/141083,8483.328125,81,2826.1875,"26.7, 10.6, 29.8, 3.4, 1.0, 2.2, 4.2, 0.0, 2.6, 0.0, 3.2, 0.0, 1.8, 2.6, 1.7, 2.0",3,1465.8510638297873,31.108741760253906,16,24.0,12th Gen Intel(R) Core(TM) i5-12600K,NVIDIA GeForce RTX 3090
1,d,0.002708049212598425,6.844050645828247,Detect,0.002708,6.844,508,307200,,/home/iiitd/heterogeneous/heterogeneous_edge/images/bear,/home/iiitd/heterogeneous/heterogeneous_edge/test-clean/LibriSpeech/test-clean/1580/141083,7914.11328125,41,982.1875,"0.0, 1.6, 2.7, 0.0, 88.9, 6.2, 2.6, 0.0, 0.0, 0.0, 0.7, 0.4, 0.4, 0.4, 0.4, 0.0",2,1674.0,31.108741760253906,16,24.0,12th Gen Intel(R) Core(TM) i5-12600K,NVIDIA GeForce RTX 3090
1,p,0.003215728346456693,7.631083011627197,Predict,0.003216,7.631,508,307200,,/home/iiitd/heterogeneous/heterogeneous_edge/images/bear,/home/iiitd/heterogeneous/heterogeneous_edge/test-clean/LibriSpeech/test-clean/1580/141083,8053.36328125,44,1046.1875,"2.0, 0.3, 22.6, 0.0, 0.0, 0.0, 23.3, 0.0, 10.8, 7.8, 36.4, 0.3, 0.7, 0.3, 0.0, 0.7",5,1725.0,31.108741760253906,16,24.0,12th Gen Intel(R) Core(TM) i5-12600K,NVIDIA GeForce RTX 3090
1,ss,0.04171800980392157,18.49788761138916,"Speech, Speech","0.020835, 0.020883","9.200, 9.298","102, 102",,37360,/home/iiitd/heterogeneous/heterogeneous_edge/images/bear,/home/iiitd/heterogeneous/heterogeneous_edge/test-clean/LibriSpeech/test-clean/1580/141083,8660.24609375,82,2830.125,"2.5, 0.6, 40.0, 7.4, 18.1, 6.9, 5.8, 0.6, 1.8, 1.3, 7.7, 1.9, 2.9, 2.4, 2.6, 2.4",6,1389.7297297297298,31.108741760253906,16,24.0,12th Gen Intel(R) Core(TM) i5-12600K,NVIDIA GeForce RTX 3090
1,sd,0.023559182028717,16.586979150772095,"Speech, Detect","0.020838, 0.002721","9.724, 6.863","102, 508",307200,37360,/home/iiitd/heterogeneous/heterogeneous_edge/images/bear,/home/iiitd/heterogeneous/heterogeneous_edge/test-clean/LibriSpeech/test-clean/1580/141083,8599.02734375,81,2826.125,"3.0, 0.0, 10.5, 2.6, 8.4, 0.2, 37.6, 2.0, 1.8, 0.9, 27.0, 10.0, 1.9, 1.5, 1.7, 2.1",5,1555.3960396039604,31.108741760253906,16,24.0,12th Gen Intel(R) Core(TM) i5-12600K,NVIDIA GeForce RTX 3090
1,sp,0.024168353327157634,17.122228145599365,"Speech, Predict","0.020959, 0.003210","9.455, 7.667","102, 508",307200,37360,/home/iiitd/heterogeneous/heterogeneous_edge/images/bear,/home/iiitd/heterogeneous/heterogeneous_edge/test-clean/LibriSpeech/test-clean/1580/141083,8577.85546875,81,2826.125,"7.4, 4.7, 27.2, 2.2, 10.2, 0.0, 24.0, 16.1, 3.2, 0.9, 3.0, 0.8, 1.5, 1.7, 1.6, 1.9",5,1620.7731958762886,31.108741760253906,16,24.0,12th Gen Intel(R) Core(TM) i5-12600K,NVIDIA GeForce RTX 3090
1,ds,0.0236785710205342,16.55474591255188,"Detect, Speech","0.002737, 0.020941","6.861, 9.694","508, 102",307200,37360,/home/iiitd/heterogeneous/heterogeneous_edge/images/bear,/home/iiitd/heterogeneous/heterogeneous_edge/test-clean/LibriSpeech/test-clean/1580/141083,8508.49609375,80,2826.125,"12.4, 0.7, 15.9, 0.0, 36.1, 3.8, 1.5, 1.1, 13.2, 4.6, 1.8, 1.1, 1.5, 1.2, 1.2, 1.1",4,1621.5,31.108741760253906,16,24.0,12th Gen Intel(R) Core(TM) i5-12600K,NVIDIA GeForce RTX 3090
1,dd,0.005472667322834645,13.653818130493164,"Detect, Detect","0.002714, 0.002759","6.795, 6.858","508, 508",307200,,/home/iiitd/heterogeneous/heterogeneous_edge/images/bear,/home/iiitd/heterogeneous/heterogeneous_edge/test-clean/LibriSpeech/test-clean/1580/141083,7914.046875,40,982.125,"1.9, 0.0, 14.4, 11.0, 5.0, 0.0, 70.1, 0.2, 3.8, 0.2, 2.1, 0.9, 0.4, 0.4, 0.6, 0.4",4,1622.967032967033,31.108741760253906,16,24.0,12th Gen Intel(R) Core(TM) i5-12600K,NVIDIA GeForce RTX 3090
1,dp,0.005938458661417323,14.507713556289673,"Detect, Predict","0.002722, 0.003216","6.864, 7.644","508, 508",307200,,/home/iiitd/heterogeneous/heterogeneous_edge/images/bear,/home/iiitd/heterogeneous/heterogeneous_edge/test-clean/LibriSpeech/test-clean/1580/141083,7995.03515625,42,1046.125,"1.6, 0.0, 44.9, 31.0, 18.9, 0.8, 0.0, 0.0, 4.3, 0.0, 1.1, 0.2, 0.2, 0.6, 0.3, 0.6",3,1625.46875,31.108741760253906,16,24.0,12th Gen Intel(R) Core(TM) i5-12600K,NVIDIA GeForce RTX 3090
1,ps,0.024407524741392617,17.96532917022705,"Predict, Speech","0.003223, 0.021184","7.676, 10.289","508, 102",307200,37360,/home/iiitd/heterogeneous/heterogeneous_edge/images/bear,/home/iiitd/heterogeneous/heterogeneous_edge/test-clean/LibriSpeech/test-clean/1580/141083,8614.625,82,2826.125,"9.4, 2.9, 15.6, 1.3, 1.9, 2.9, 12.3, 6.1, 4.2, 32.4, 2.4, 1.0, 1.1, 1.5, 1.8, 0.8",5,1610.625,31.108741760253906,16,24.0,12th Gen Intel(R) Core(TM) i5-12600K,NVIDIA GeForce RTX 3090
1,pd,0.005932586614173228,14.46079707145691,"Predict, Detect","0.003212, 0.002721","7.665, 6.795","508, 508",307200,,/home/iiitd/heterogeneous/heterogeneous_edge/images/bear,/home/iiitd/heterogeneous/heterogeneous_edge/test-clean/LibriSpeech/test-clean/1580/141083,8035.3984375,43,1046.125,"2.2, 0.0, 0.7, 0.2, 34.9, 16.0, 8.2, 38.8, 2.4, 0.0, 0.8, 0.0, 0.2, 1.0, 1.0, 0.9",4,1642.1875,31.108741760253906,16,24.0,12th Gen Intel(R) Core(TM) i5-12600K,NVIDIA GeForce RTX 3090
1,pp,0.006452374015748032,15.437015056610107,"Predict, Predict","0.003218, 0.003235","7.704, 7.733","508, 508",307200,,/home/iiitd/heterogeneous/heterogeneous_edge/images/bear,/home/iiitd/heterogeneous/heterogeneous_edge/test-clean/LibriSpeech/test-clean/1580/141083,8103.42578125,43,1046.125,"2.2, 0.6, 1.3, 2.1, 6.0, 1.4, 30.5, 0.0, 21.8, 0.0, 4.0, 38.7, 0.5, 0.8, 0.8, 0.0",4,1647.75,31.108741760253906,16,24.0,12th Gen Intel(R) Core(TM) i5-12600K,NVIDIA GeForce RTX 3090
1,sss,0.0627100294117647,29.251282453536987,"Speech, Speech, Speech","0.020895, 0.020963, 0.020852","9.170, 9.520, 10.562","102, 102, 102",,37360,/home/iiitd/heterogeneous/heterogeneous_edge/images/bear,/home/iiitd/heterogeneous/heterogeneous_edge/test-clean/LibriSpeech/test-clean/1580/141083,8636.421875,82,2826.125,"11.2, 1.0, 27.3, 12.7, 15.9, 1.9, 1.9, 0.8, 3.5, 0.6, 7.9, 2.3, 2.3, 2.0, 2.3, 2.4",5,1456.0169491525423,31.108741760253906,16,24.0,12th Gen Intel(R) Core(TM) i5-12600K,NVIDIA GeForce RTX 3090
1,ssd,0.04441668102516597,26.77149224281311,"Speech, Speech, Detect","0.020854, 0.020843, 0.002720","9.552, 10.400, 6.820","102, 102, 508",307200,37360,/home/iiitd/heterogeneous/heterogeneous_edge/images/bear,/home/iiitd/heterogeneous/heterogeneous_edge/test-clean/LibriSpeech/test-clean/1580/141083,8571.453125,82,2826.125,"12.6, 4.8, 16.6, 18.3, 11.6, 0.8, 8.2, 1.4, 2.6, 0.2, 11.6, 1.8, 2.2, 1.7, 1.7, 1.6",6,1471.842105263158,31.108741760253906,16,24.0,12th Gen Intel(R) Core(TM) i5-12600K,NVIDIA GeForce RTX 3090
1,ssp,0.04532192438628995,26.52520251274109,"Speech, Speech, Predict","0.020899, 0.021204, 0.003219","9.468, 9.419, 7.639","102, 102, 508",307200,37360,/home/iiitd/heterogeneous/heterogeneous_edge/images/bear,/home/iiitd/heterogeneous/heterogeneous_edge/test-clean/LibriSpeech/test-clean/1580/141083,8529.078125,81,2826.125,"4.0, 8.1, 3.8, 0.8, 28.4, 5.3, 6.3, 1.5, 5.4, 8.8, 19.7, 1.0, 1.6, 1.6, 2.0, 1.4",7,1566.9375,31.108741760253906,16,24.0,12th Gen Intel(R) Core(TM) i5-12600K,NVIDIA GeForce RTX 3090
1,sds,0.044472721939169374,25.1032133102417,"Speech, Detect, Speech","0.020899, 0.002725, 0.020849","9.287, 6.822, 8.994","102, 508, 102",307200,37360,/home/iiitd/heterogeneous/heterogeneous_edge/images/bear,/home/iiitd/heterogeneous/heterogeneous_edge/test-clean/LibriSpeech/test-clean/1580/141083,8516.96484375,81,2826.125,"20.1, 17.5, 7.8, 5.7, 4.2, 7.1, 3.8, 2.7, 11.4, 4.1, 8.2, 3.0, 1.6, 1.8, 1.6, 1.5",7,1626.1458333333333,31.108741760253906,16,24.0,12th Gen Intel(R) Core(TM) i5-12600K,NVIDIA GeForce RTX 3090
1,sdd,0.02628744858730894,22.604665994644165,"Speech, Detect, Detect","0.020831, 0.002722, 0.002735","8.981, 6.819, 6.805","102, 508, 508",307200,37360,/home/iiitd/heterogeneous/heterogeneous_edge/images/bear,/home/iiitd/heterogeneous/heterogeneous_edge/test-clean/LibriSpeech/test-clean/1580/141083,8708.69140625,80,2826.125,"13.0, 17.2, 27.0, 0.3, 28.9, 0.1, 3.3, 5.5, 2.6, 0.2, 1.1, 0.1, 1.5, 1.2, 0.9, 0.8",5,1598.6301369863013,31.108741760253906,16,24.0,12th Gen Intel(R) Core(TM) i5-12600K,NVIDIA GeForce RTX 3090
1,sdp,0.02684233175081056,24.247390270233154,"Speech, Detect, Predict","0.020866, 0.002719, 0.003258","9.470, 6.823, 7.954","102, 508, 508",307200,37360,/home/iiitd/heterogeneous/heterogeneous_edge/images/bear,/home/iiitd/heterogeneous/heterogeneous_edge/test-clean/LibriSpeech/test-clean/1580/141083,8581.71875,81,2826.125,"4.0, 16.5, 8.3, 6.0, 28.6, 11.4, 6.8, 17.4, 3.3, 0.5, 8.4, 1.2, 1.6, 1.9, 1.0, 1.3",8,1616.1486486486488,31.108741760253906,16,24.0,12th Gen Intel(R) Core(TM) i5-12600K,NVIDIA GeForce RTX 3090
1,sps,0.04517895468581133,26.852943420410156,"Speech, Predict, Speech","0.020900, 0.003217, 0.021062","9.863, 7.656, 9.334","102, 508, 102",307200,37360,/home/iiitd/heterogeneous/heterogeneous_edge/images/bear,/home/iiitd/heterogeneous/heterogeneous_edge/test-clean/LibriSpeech/test-clean/1580/141083,8590.94140625,81,2826.125,"7.4, 5.4, 14.3, 5.4, 6.3, 11.7, 7.7, 6.2, 6.1, 20.8, 12.9, 3.0, 3.3, 3.3, 3.9, 2.8",11,1577.8662420382166,31.108741760253906,16,24.0,12th Gen Intel(R) Core(TM) i5-12600K,NVIDIA GeForce RTX 3090
1,spd,0.026791053689979933,24.187882900238037,"Speech, Predict, Detect","0.020837, 0.003241, 0.002713","9.526, 7.788, 6.874","102, 508, 508",307200,37360,/home/iiitd/heterogeneous/heterogeneous_edge/images/bear,/home/iiitd/heterogeneous/heterogeneous_edge/test-clean/LibriSpeech/test-clean/1580/141083,9080.98046875,82,2826.125,"18.2, 22.4, 7.2, 16.2, 18.8, 13.4, 11.9, 0.7, 4.9, 1.8, 11.5, 3.0, 2.1, 1.5, 1.4, 1.5",8,1551.0967741935483,31.108741760253906,16,24.0,12th Gen Intel(R) Core(TM) i5-12600K,NVIDIA GeForce RTX 3090
1,spp,0.02726345236992435,24.931310176849365,"Speech, Predict, Predict","0.020829, 0.003218, 0.003216","9.648, 7.663, 7.619","102, 508, 508",307200,37360,/home/iiitd/heterogeneous/heterogeneous_edge/images/bear,/home/iiitd/heterogeneous/heterogeneous_edge/test-clean/LibriSpeech/test-clean/1580/141083,8594.625,81,2828.4375,"2.1, 4.0, 27.3, 0.1, 26.5, 8.1, 6.7, 0.7, 3.2, 1.6, 9.1, 6.2, 1.4, 0.9, 1.1, 1.1",6,1661.078431372549,31.108741760253906,16,24.0,12th Gen Intel(R) Core(TM) i5-12600K,NVIDIA GeForce RTX 3090
1,dss,0.044875234174772266,28.58794403076172,"Detect, Speech, Speech","0.002720, 0.020910, 0.021245","6.812, 9.784, 11.992","508, 102, 102",307200,37360,/home/iiitd/heterogeneous/heterogeneous_edge/images/bear,/home/iiitd/heterogeneous/heterogeneous_edge/test-clean/LibriSpeech/test-clean/1580/141083,8663.68359375,81,2828.4375,"6.0, 10.3, 14.3, 3.5, 11.9, 16.0, 7.3, 7.9, 2.2, 0.4, 4.6, 2.9, 1.7, 1.7, 1.9, 1.7",7,1530.7670454545455,31.108741760253906,16,24.0,12th Gen Intel(R) Core(TM) i5-12600K,NVIDIA GeForce RTX 3090
1,dsd,0.02633672375328084,22.727903842926025,"Detect, Speech, Detect","0.002728, 0.020903, 0.002706","6.824, 9.057, 6.848","508, 102, 508",307200,37360,/home/iiitd/heterogeneous/heterogeneous_edge/images/bear,/home/iiitd/heterogeneous/heterogeneous_edge/test-clean/LibriSpeech/test-clean/1580/141083,8471.64453125,80,2924.5,"26.5, 3.4, 13.2, 7.4, 10.0, 2.1, 2.0, 0.7, 7.8, 9.5, 13.4, 5.6, 1.1, 1.1, 0.8, 1.0",8,1591.9520547945206,31.108741760253906,16,24.0,12th Gen Intel(R) Core(TM) i5-12600K,NVIDIA GeForce RTX 3090
1,dsp,0.026757223598888377,24.08430314064026,"Detect, Speech, Predict","0.002730, 0.020797, 0.003230","6.834, 9.578, 7.673","508, 102, 508",307200,37360,/home/iiitd/heterogeneous/heterogeneous_edge/images/bear,/home/iiitd/heterogeneous/heterogeneous_edge/test-clean/LibriSpeech/test-clean/1580/141083,8472.20703125,82,2922.625,"4.0, 23.3, 14.8, 2.8, 4.7, 1.3, 3.8, 4.8, 7.5, 0.5, 22.3, 9.4, 1.5, 0.9, 1.1, 1.1",5,1547.549019607843,31.108741760253906,16,24.0,12th Gen Intel(R) Core(TM) i5-12600K,NVIDIA GeForce RTX 3090
1,dds,0.02626559919715918,23.76345920562744,"Detect, Detect, Speech","0.002711, 0.002745, 0.020810","6.816, 6.859, 10.089","508, 508, 102",307200,37360,/home/iiitd/heterogeneous/heterogeneous_edge/images/bear,/home/iiitd/heterogeneous/heterogeneous_edge/test-clean/LibriSpeech/test-clean/1580/141083,8601.1796875,80,2922.625,"13.1, 2.0, 9.2, 0.2, 8.9, 0.1, 32.0, 8.0, 14.4, 6.4, 0.4, 1.8, 1.3, 1.4, 1.4, 1.3",7,1625.892857142857,31.108741760253906,16,24.0,12th Gen Intel(R) Core(TM) i5-12600K,NVIDIA GeForce RTX 3090
1,ddd,0.008185442913385826,20.50129723548889,"Detect, Detect, Detect","0.002732, 0.002747, 0.002707","6.842, 6.873, 6.786","508, 508, 508",307200,,/home/iiitd/heterogeneous/heterogeneous_edge/images/bear,/home/iiitd/heterogeneous/heterogeneous_edge/test-clean/LibriSpeech/test-clean/1580/141083,7989.3203125,40,1078.625,"12.1, 21.6, 33.4, 0.3, 7.0, 0.9, 6.1, 0.0, 1.4, 0.8, 17.1, 4.4, 0.3, 0.9, 0.7, 0.3",6,1587.7611940298507,31.108741760253906,16,24.0,12th Gen Intel(R) Core(TM) i5-12600K,NVIDIA GeForce RTX 3090
1,ddp,0.00867234251968504,21.286410570144653,"Detect, Detect, Predict","0.002727, 0.002719, 0.003226","6.870, 6.804, 7.612","508, 508, 508",307200,,/home/iiitd/heterogeneous/heterogeneous_edge/images/bear,/home/iiitd/heterogeneous/heterogeneous_edge/test-clean/LibriSpeech/test-clean/1580/141083,8009.9609375,45,1142.625,"2.0, 26.3, 4.0, 3.2, 1.9, 0.9, 32.5, 23.4, 2.5, 0.8, 7.0, 0.1, 0.4, 0.6, 1.3, 0.3",4,1657.9285714285713,31.108741760253906,16,24.0,12th Gen Intel(R) Core(TM) i5-12600K,NVIDIA GeForce RTX 3090
1,dps,0.026784377643970975,23.78043794631958,"Detect, Predict, Speech","0.002724, 0.003224, 0.020837","6.871, 7.682, 9.228","508, 508, 102",307200,37360,/home/iiitd/heterogeneous/heterogeneous_edge/images/bear,/home/iiitd/heterogeneous/heterogeneous_edge/test-clean/LibriSpeech/test-clean/1580/141083,8593.49609375,82,2922.625,"20.2, 18.0, 7.9, 0.1, 17.4, 5.3, 5.0, 1.0, 6.2, 6.9, 8.6, 1.4, 1.4, 1.4, 1.3, 1.1",9,1574.6896551724137,31.108741760253906,16,24.0,12th Gen Intel(R) Core(TM) i5-12600K,NVIDIA GeForce RTX 3090
1,dpd,0.008679312992125984,21.310094118118286,"Detect, Predict, Detect","0.002731, 0.003225, 0.002723","6.831, 7.697, 6.782","508, 508, 508",307200,,/home/iiitd/heterogeneous/heterogeneous_edge/images/bear,/home/iiitd/heterogeneous/heterogeneous_edge/test-clean/LibriSpeech/test-clean/1580/141083,8000.55859375,44,1142.625,"1.5, 25.8, 3.8, 3.4, 39.6, 0.5, 4.7, 0.4, 7.4, 16.3, 2.0, 2.0, 0.2, 0.3, 0.0, 0.2",4,1614.75,31.108741760253906,16,24.0,12th Gen Intel(R) Core(TM) i5-12600K,NVIDIA GeForce RTX 3090
1,dpp,0.00914022440944882,22.09200620651245,"Detect, Predict, Predict","0.002720, 0.003211, 0.003210","6.792, 7.662, 7.639","508, 508, 508",307200,,/home/iiitd/heterogeneous/heterogeneous_edge/images/bear,/home/iiitd/heterogeneous/heterogeneous_edge/test-clean/LibriSpeech/test-clean/1580/141083,7978.40625,44,1142.625,"21.4, 17.6, 2.4, 4.5, 8.6, 25.3, 1.1, 0.7, 12.1, 6.8, 1.2, 0.4, 0.6, 0.6, 1.0, 0.3",6,1654.8287671232877,31.108741760253906,16,24.0,12th Gen Intel(R) Core(TM) i5-12600K,NVIDIA GeForce RTX 3090
1,pss,0.04500440836807164,26.384236574172974,"Predict, Speech, Speech","0.003209, 0.020851, 0.020945","7.620, 8.989, 9.775","508, 102, 102",307200,37360,/home/iiitd/heterogeneous/heterogeneous_edge/images/bear,/home/iiitd/heterogeneous/heterogeneous_edge/test-clean/LibriSpeech/test-clean/1580/141083,8620.58203125,82,2922.625,"8.0, 1.4, 17.0, 7.7, 22.5, 5.8, 6.5, 8.7, 12.5, 0.3, 1.6, 2.3, 1.7, 1.9, 1.8, 2.0",8,1543.6363636363637,31.108741760253906,16,24.0,12th Gen Intel(R) Core(TM) i5-12600K,NVIDIA GeForce RTX 3090
1,psd,0.026801145707889454,25.55314326286316,"Predict, Speech, Detect","0.003212, 0.020872, 0.002716","7.690, 11.071, 6.792","508, 102, 508",307200,37360,/home/iiitd/heterogeneous/heterogeneous_edge/images/bear,/home/iiitd/heterogeneous/heterogeneous_edge/test-clean/LibriSpeech/test-clean/1580/141083,8751.67578125,82,2922.625,"1.7, 0.8, 14.7, 8.9, 8.4, 7.4, 11.0, 12.4, 16.1, 8.1, 1.5, 1.6, 1.3, 0.8, 1.1, 1.8",8,1522.2611464968154,31.108741760253906,16,24.0,12th Gen Intel(R) Core(TM) i5-12600K,NVIDIA GeForce RTX 3090
1,psp,0.027316600239308323,25.502440452575684,"Predict, Speech, Predict","0.003217, 0.020885, 0.003215","7.667, 10.213, 7.622","508, 102, 508",307200,37360,/home/iiitd/heterogeneous/heterogeneous_edge/images/bear,/home/iiitd/heterogeneous/heterogeneous_edge/test-clean/LibriSpeech/test-clean/1580/141083,8578.05078125,82,2922.625,"2.2, 0.8, 20.6, 1.9, 24.1, 0.6, 27.1, 3.7, 3.3, 0.5, 9.0, 1.0, 0.8, 1.0, 0.9, 0.7",4,1620.8709677419354,31.108741760253906,16,24.0,12th Gen Intel(R) Core(TM) i5-12600K,NVIDIA GeForce RTX 3090
1,pds,0.026879548093253047,24.55777883529663,"Predict, Detect, Speech","0.003215, 0.002713, 0.020951","7.624, 6.813, 10.121","508, 508, 102",307200,37360,/home/iiitd/heterogeneous/heterogeneous_edge/images/bear,/home/iiitd/heterogeneous/heterogeneous_edge/test-clean/LibriSpeech/test-clean/1580/141083,8488.41796875,80,2922.625,"2.1, 2.7, 36.2, 18.5, 15.9, 0.7, 7.2, 0.9, 1.1, 0.6, 6.3, 1.7, 0.9, 0.7, 1.1, 1.4",5,1575.3921568627452,31.108741760253906,16,24.0,12th Gen Intel(R) Core(TM) i5-12600K,NVIDIA GeForce RTX 3090
1,pdd,0.008658057086614174,21.275752067565918,"Predict, Detect, Detect","0.003215, 0.002711, 0.002732","7.642, 6.807, 6.827","508, 508, 508",307200,,/home/iiitd/heterogeneous/heterogeneous_edge/images/bear,/home/iiitd/heterogeneous/heterogeneous_edge/test-clean/LibriSpeech/test-clean/1580/141083,7992.1875,43,1142.5,"1.0, 6.6, 35.5, 29.1, 0.9, 6.1, 1.8, 0.1, 1.9, 1.3, 7.0, 12.2, 0.1, 0.5, 0.1, 0.5",6,1641.276595744681,31.108741760253906,16,24.0,12th Gen Intel(R) Core(TM) i5-12600K,NVIDIA GeForce RTX 3090
1,pdp,0.009161009842519685,22.206430673599243,"Predict, Detect, Predict","0.003214, 0.002732, 0.003214","7.641, 6.822, 7.743","508, 508, 508",307200,,/home/iiitd/heterogeneous/heterogeneous_edge/images/bear,/home/iiitd/heterogeneous/heterogeneous_edge/test-clean/LibriSpeech/test-clean/1580/141083,8021.83984375,44,1142.5,"0.6, 1.2, 27.3, 14.4, 28.0, 0.0, 28.7, 0.0, 0.6, 1.0, 1.4, 1.5, 0.7, 0.1, 0.5, 0.4",4,1640.7142857142858,31.108741760253906,16,24.0,12th Gen Intel(R) Core(TM) i5-12600K,NVIDIA GeForce RTX 3090
1,pps,0.027354476107765945,24.463488578796387,"Predict, Predict, Speech","0.003221, 0.003218, 0.020915","7.681, 7.662, 9.120","508, 508, 102",307200,37360,/home/iiitd/heterogeneous/heterogeneous_edge/images/bear,/home/iiitd/heterogeneous/heterogeneous_edge/test-clean/LibriSpeech/test-clean/1580/141083,8557.48828125,82,2922.5,"11.5, 19.9, 43.1, 3.7, 5.9, 0.6, 3.3, 0.7, 6.5, 0.6, 4.8, 0.4, 1.1, 0.9, 1.0, 1.8",5,1598.9802631578948,31.108741760253906,16,24.0,12th Gen Intel(R) Core(TM) i5-12600K,NVIDIA GeForce RTX 3090
1,ppd,0.009168326771653542,22.121922731399536,"Predict, Predict, Detect","0.003223, 0.003219, 0.002726","7.680, 7.636, 6.805","508, 508, 508",307200,,/home/iiitd/heterogeneous/heterogeneous_edge/images/bear,/home/iiitd/heterogeneous/heterogeneous_edge/test-clean/LibriSpeech/test-clean/1580/141083,7928.87890625,44,1140.5,"15.9, 11.6, 30.6, 37.0, 3.7, 0.2, 0.7, 0.0, 0.9, 0.1, 1.7, 0.3, 0.6, 0.1, 0.3, 0.4",4,1664.6938775510205,31.108741760253906,16,24.0,12th Gen Intel(R) Core(TM) i5-12600K,NVIDIA GeForce RTX 3090
1,ppp,0.00965836811023622,22.975243091583252,"Predict, Predict, Predict","0.003218, 0.003230, 0.003210","7.663, 7.659, 7.654","508, 508, 508",307200,,/home/iiitd/heterogeneous/heterogeneous_edge/images/bear,/home/iiitd/heterogeneous/heterogeneous_edge/test-clean/LibriSpeech/test-clean/1580/141083,8076.94921875,45,1140.1875,"10.1, 18.3, 39.4, 0.1, 29.7, 0.3, 2.8, 0.2, 1.2, 0.4, 2.2, 0.4, 0.9, 0.7, 0.9, 0.6",4,1655.7236842105262,31.108741760253906,16,24.0,12th Gen Intel(R) Core(TM) i5-12600K,NVIDIA GeForce RTX 3090
1,ssss,0.08356030392156863,37.69406270980835,"Speech, Speech, Speech, Speech","0.020871, 0.020913, 0.020922, 0.020854","9.446, 9.110, 9.208, 9.930","102, 102, 102, 102",,37360,/home/iiitd/heterogeneous/heterogeneous_edge/images/bear,/home/iiitd/heterogeneous/heterogeneous_edge/test-clean/LibriSpeech/test-clean/1580/141083,8666.62109375,82,2920.1875,"5.3, 4.0, 24.0, 11.3, 9.2, 0.6, 9.2, 13.7, 1.8, 1.4, 2.9, 3.8, 2.1, 2.1, 2.2, 2.3",6,1467.7370689655172,31.108741760253906,16,24.0,12th Gen Intel(R) Core(TM) i5-12600K,NVIDIA GeForce RTX 3090
1,sssd,0.06581769627142195,35.67503046989441,"Speech, Speech, Speech, Detect","0.020877, 0.021249, 0.020939, 0.002753","9.530, 9.575, 9.643, 6.928","102, 102, 102, 508",307200,37360,/home/iiitd/heterogeneous/heterogeneous_edge/images/bear,/home/iiitd/heterogeneous/heterogeneous_edge/test-clean/LibriSpeech/test-clean/1580/141083,8655.19140625,81,2920.1875,"14.9, 17.7, 12.7, 3.3, 6.3, 0.9, 15.4, 0.3, 8.2, 1.1, 8.5, 4.9, 1.9, 1.9, 1.9, 1.9",7,1490.497737556561,31.108741760253906,16,24.0,12th Gen Intel(R) Core(TM) i5-12600K,NVIDIA GeForce RTX 3090
1,sssp,0.14842739397097424,61.68068599700928,"Speech, Speech, Speech, Predict","0.082025, 0.042364, 0.020816, 0.003221","22.380, 22.004, 9.670, 7.627","102, 102, 102, 508",307200,37360,/home/iiitd/heterogeneous/heterogeneous_edge/images/bear,/home/iiitd/heterogeneous/heterogeneous_edge/test-clean/LibriSpeech/test-clean/1580/141083,10251.26953125,82,2920.1875,"60.3, 66.1, 55.7, 54.7, 63.1, 59.8, 56.9, 50.5, 55.9, 53.6, 53.1, 57.6, 53.8, 54.0, 54.4, 55.2",16,1597.0062695924764,31.108741760253906,16,24.0,12th Gen Intel(R) Core(TM) i5-12600K,NVIDIA GeForce RTX 3090
1,ssds,0.06528838069322217,35.23358869552612,"Speech, Speech, Detect, Speech","0.020831, 0.020874, 0.002709, 0.020874","9.781, 9.032, 6.828, 9.593","102, 102, 508, 102",307200,37360,/home/iiitd/heterogeneous/heterogeneous_edge/images/bear,/home/iiitd/heterogeneous/heterogeneous_edge/test-clean/LibriSpeech/test-clean/1580/141083,8663.62109375,82,2920.1875,"10.3, 8.7, 17.8, 2.0, 17.5, 10.1, 8.4, 1.2, 9.1, 3.4, 2.0, 0.8, 2.0, 1.8, 1.9, 1.7",7,1475.857142857143,31.108741760253906,16,24.0,12th Gen Intel(R) Core(TM) i5-12600K,NVIDIA GeForce RTX 3090
1,ssdd,0.04728571279141578,32.4184935092926,"Speech, Speech, Detect, Detect","0.020894, 0.020920, 0.002732, 0.002740","9.548, 9.272, 6.781, 6.817","102, 102, 508, 508",307200,37360,/home/iiitd/heterogeneous/heterogeneous_edge/images/bear,/home/iiitd/heterogeneous/heterogeneous_edge/test-clean/LibriSpeech/test-clean/1580/141083,8680.94140625,82,2920.1875,"13.9, 14.1, 16.3, 4.0, 15.2, 3.3, 6.0, 7.2, 6.3, 5.3, 7.2, 1.4, 1.7, 1.5, 1.5, 1.4",9,1475.801886792453,31.108741760253906,16,24.0,12th Gen Intel(R) Core(TM) i5-12600K,NVIDIA GeForce RTX 3090
1,ssdp,0.04776900034738305,37.13537287712097,"Speech, Speech, Detect, Predict","0.020937, 0.020888, 0.002720, 0.003224","12.317, 10.363, 6.803, 7.652","102, 102, 508, 508",307200,37360,/home/iiitd/heterogeneous/heterogeneous_edge/images/bear,/home/iiitd/heterogeneous/heterogeneous_edge/test-clean/LibriSpeech/test-clean/1580/141083,8629.87109375,80,2827.6875,"2.8, 21.4, 11.6, 0.5, 17.9, 0.4, 6.9, 2.2, 8.7, 0.4, 5.9, 7.4, 1.3, 1.1, 1.1, 1.2",7,1613.659090909091,31.108741760253906,16,24.0,12th Gen Intel(R) Core(TM) i5-12600K,NVIDIA GeForce RTX 3090
1,ssps,0.06594801559363904,37.43538761138916,"Speech, Speech, Predict, Speech","0.020915, 0.020884, 0.003225, 0.020923","10.287, 9.305, 7.642, 10.201","102, 102, 508, 102",307200,37360,/home/iiitd/heterogeneous/heterogeneous_edge/images/bear,/home/iiitd/heterogeneous/heterogeneous_edge/test-clean/LibriSpeech/test-clean/1580/141083,8725.1875,82,2827.6875,"6.3, 1.9, 12.8, 2.8, 15.7, 6.8, 3.8, 0.5, 6.6, 14.7, 8.6, 7.2, 1.9, 1.9, 1.6, 1.7",8,1540.6849315068494,31.108741760253906,16,24.0,12th Gen Intel(R) Core(TM) i5-12600K,NVIDIA GeForce RTX 3090
1,sspd,0.04788817508105604,33.16942048072815,"Speech, Speech, Predict, Detect","0.020907, 0.021044, 0.003227, 0.002709","9.288, 9.435, 7.670, 6.776","102, 102, 508, 508",307200,37360,/home/iiitd/heterogeneous/heterogeneous_edge/images/bear,/home/iiitd/heterogeneous/heterogeneous_edge/test-clean/LibriSpeech/test-clean/1580/141083,8767.09375,81,2827.3125,"1.7, 0.5, 37.1, 15.9, 13.6, 0.3, 6.5, 0.7, 9.2, 5.6, 3.4, 0.7, 1.3, 0.9, 1.1, 1.2",6,1515.0704225352113,31.108741760253906,16,24.0,12th Gen Intel(R) Core(TM) i5-12600K,NVIDIA GeForce RTX 3090
1,sspp,0.04822553002933457,34.594504594802856,"Speech, Speech, Predict, Predict","0.020919, 0.020860, 0.003216, 0.003231","9.984, 9.232, 7.700, 7.678","102, 102, 508, 508",307200,37360,/home/iiitd/heterogeneous/heterogeneous_edge/images/bear,/home/iiitd/heterogeneous/heterogeneous_edge/test-clean/LibriSpeech/test-clean/1580/141083,8577.9140625,82,2827.3125,"6.8, 1.8, 19.7, 1.3, 43.9, 0.5, 1.5, 2.5, 2.9, 1.7, 8.5, 1.0, 1.2, 1.3, 1.3, 1.1",4,1546.6822429906542,31.108741760253906,16,24.0,12th Gen Intel(R) Core(TM) i5-12600K,NVIDIA GeForce RTX 3090
1,sdss,0.06552642608460707,34.94548773765564,"Speech, Detect, Speech, Speech","0.020925, 0.002724, 0.020964, 0.020913","9.280, 6.803, 8.996, 9.867","102, 508, 102, 102",307200,37360,/home/iiitd/heterogeneous/heterogeneous_edge/images/bear,/home/iiitd/heterogeneous/heterogeneous_edge/test-clean/LibriSpeech/test-clean/1580/141083,8663.1171875,82,2827.3125,"6.4, 1.1, 27.6, 12.2, 5.0, 14.4, 10.3, 1.2, 2.2, 0.9, 7.7, 2.6, 1.2, 1.6, 1.6, 1.8",7,1496.5942028985507,31.108741760253906,16,24.0,12th Gen Intel(R) Core(TM) i5-12600K,NVIDIA GeForce RTX 3090
1,sdsd,0.04717690902423961,33.819212675094604,"Speech, Detect, Speech, Detect","0.020855, 0.002706, 0.020897, 0.002719","10.657, 6.775, 9.567, 6.821","102, 508, 102, 508",307200,37360,/home/iiitd/heterogeneous/heterogeneous_edge/images/bear,/home/iiitd/heterogeneous/heterogeneous_edge/test-clean/LibriSpeech/test-clean/1580/141083,8721.50390625,81,2827.3125,"3.3, 2.9, 27.6, 7.5, 28.6, 1.7, 6.5, 0.1, 7.3, 0.6, 5.7, 3.8, 1.5, 1.6, 1.5, 1.2",6,1573.125,31.108741760253906,16,24.0,12th Gen Intel(R) Core(TM) i5-12600K,NVIDIA GeForce RTX 3090
1,sdsp,0.047765887911069935,33.89357542991638,"Speech, Detect, Speech, Predict","0.020912, 0.002714, 0.020912, 0.003228","10.031, 6.793, 9.344, 7.725","102, 508, 102, 508",307200,37360,/home/iiitd/heterogeneous/heterogeneous_edge/images/bear,/home/iiitd/heterogeneous/heterogeneous_edge/test-clean/LibriSpeech/test-clean/1580/141083,8470.1328125,81,2827.3125,"10.9, 4.2, 38.0, 5.4, 14.0, 1.7, 11.6, 1.5, 2.0, 3.0, 1.5, 0.6, 1.4, 1.5, 1.3, 1.5",5,1570.8695652173913,31.108741760253906,16,24.0,12th Gen Intel(R) Core(TM) i5-12600K,NVIDIA GeForce RTX 3090
1,sdds,0.047193454647213216,32.0748188495636,"Speech, Detect, Detect, Speech","0.020841, 0.002713, 0.002713, 0.020926","9.190, 6.851, 6.808, 9.225","102, 508, 508, 102",307200,37360,/home/iiitd/heterogeneous/heterogeneous_edge/images/bear,/home/iiitd/heterogeneous/heterogeneous_edge/test-clean/LibriSpeech/test-clean/1580/141083,8643.546875,81,2827.3125,"2.1, 1.1, 21.6, 15.0, 6.4, 2.2, 12.8, 1.0, 9.8, 9.8, 7.5, 11.6, 1.9, 1.7, 1.9, 1.5",8,1561.9597989949748,31.108741760253906,16,24.0,12th Gen Intel(R) Core(TM) i5-12600K,NVIDIA GeForce RTX 3090
1,sddd,0.028999496178786475,29.920003414154053,"Speech, Detect, Detect, Detect","0.020846, 0.002709, 0.002716, 0.002728","9.492, 6.775, 6.842, 6.811","102, 508, 508, 508",307200,37360,/home/iiitd/heterogeneous/heterogeneous_edge/images/bear,/home/iiitd/heterogeneous/heterogeneous_edge/test-clean/LibriSpeech/test-clean/1580/141083,8466.4609375,82,2827.3125,"3.1, 1.5, 7.9, 7.4, 2.2, 0.7, 47.4, 15.5, 10.7, 1.0, 0.5, 0.8, 0.8, 0.8, 0.9, 0.6",5,1545.4639175257732,31.108741760253906,16,24.0,12th Gen Intel(R) Core(TM) i5-12600K,NVIDIA GeForce RTX 3090
1,sddp,0.029577637023313265,31.83041787147522,"Speech, Detect, Detect, Predict","0.020902, 0.002741, 0.002715, 0.003219","10.522, 6.857, 6.786, 7.665","102, 508, 508, 508",307200,37360,/home/iiitd/heterogeneous/heterogeneous_edge/images/bear,/home/iiitd/heterogeneous/heterogeneous_edge/test-clean/LibriSpeech/test-clean/1580/141083,8569.1953125,81,2827.3125,"12.5, 20.6, 6.1, 0.2, 8.8, 0.7, 16.1, 1.1, 8.5, 10.9, 10.0, 2.9, 1.3, 1.0, 1.0, 0.7",8,1650.2319587628865,31.108741760253906,16,24.0,12th Gen Intel(R) Core(TM) i5-12600K,NVIDIA GeForce RTX 3090
1,sdps,0.04790306306932222,33.196375131607056,"Speech, Detect, Predict, Speech","0.021029, 0.002730, 0.003220, 0.020924","9.486, 6.819, 7.666, 9.226","102, 508, 508, 102",307200,37360,/home/iiitd/heterogeneous/heterogeneous_edge/images/bear,/home/iiitd/heterogeneous/heterogeneous_edge/test-clean/LibriSpeech/test-clean/1580/141083,8710.47265625,81,2827.3125,"10.4, 9.5, 30.1, 6.5, 13.7, 0.6, 3.1, 0.2, 3.8, 8.6, 8.6, 0.4, 1.3, 1.4, 1.2, 1.6",7,1566.0148514851485,31.108741760253906,16,24.0,12th Gen Intel(R) Core(TM) i5-12600K,NVIDIA GeForce RTX 3090
1,sdpd,0.02950023946271422,31.290035724639893,"Speech, Detect, Predict, Detect","0.020835, 0.002730, 0.003212, 0.002723","10.030, 6.785, 7.627, 6.848","102, 508, 508, 508",307200,37360,/home/iiitd/heterogeneous/heterogeneous_edge/images/bear,/home/iiitd/heterogeneous/heterogeneous_edge/test-clean/LibriSpeech/test-clean/1580/141083,8632.86328125,82,2827.3125,"1.6, 18.1, 20.2, 0.8, 13.2, 4.1, 17.4, 12.4, 6.5, 0.9, 2.9, 2.0, 1.2, 1.2, 0.9, 0.8",6,1548.975,31.108741760253906,16,24.0,12th Gen Intel(R) Core(TM) i5-12600K,NVIDIA GeForce RTX 3090
1,sdpp,0.030001614096032112,31.078996181488037,"Speech, Detect, Predict, Predict","0.020842, 0.002728, 0.003212, 0.003220","8.975, 6.843, 7.626, 7.635","102, 508, 508, 508",307200,37360,/home/iiitd/heterogeneous/heterogeneous_edge/images/bear,/home/iiitd/heterogeneous/heterogeneous_edge/test-clean/LibriSpeech/test-clean/1580/141083,8473.73046875,81,2827.3125,"15.9, 36.4, 17.4, 6.5, 15.9, 0.7, 3.0, 0.2, 1.8, 0.2, 2.0, 0.9, 1.0, 0.8, 0.8, 0.7",5,1638.4263959390862,31.108741760253906,16,24.0,12th Gen Intel(R) Core(TM) i5-12600K,NVIDIA GeForce RTX 3090
1,spss,0.0660394835186043,57.23505258560181,"Speech, Predict, Speech, Speech","0.021017, 0.003215, 0.020909, 0.020898","30.460, 7.639, 9.382, 9.755","102, 508, 102, 102",307200,37360,/home/iiitd/heterogeneous/heterogeneous_edge/images/bear,/home/iiitd/heterogeneous/heterogeneous_edge/test-clean/LibriSpeech/test-clean/1580/141083,8809.04296875,81,2827.3125,"2.0, 2.7, 11.0, 5.2, 4.9, 1.8, 3.4, 1.7, 12.7, 2.5, 7.9, 7.2, 1.3, 1.4, 1.5, 1.3",5,1530.089552238806,31.108741760253906,16,24.0,12th Gen Intel(R) Core(TM) i5-12600K,NVIDIA GeForce RTX 3090
1,spsd,0.04775223305542689,33.63251614570618,"Speech, Predict, Speech, Detect","0.020880, 0.003253, 0.020887, 0.002732","9.098, 7.746, 9.948, 6.841","102, 508, 102, 508",307200,37360,/home/iiitd/heterogeneous/heterogeneous_edge/images/bear,/home/iiitd/heterogeneous/heterogeneous_edge/test-clean/LibriSpeech/test-clean/1580/141083,8673.81640625,80,2827.3125,"4.2, 3.8, 22.1, 1.3, 16.5, 11.3, 6.9, 1.2, 8.5, 7.3, 4.7, 11.4, 2.4, 1.9, 1.9, 1.7",7,1528.2835820895523,31.108741760253906,16,24.0,12th Gen Intel(R) Core(TM) i5-12600K,NVIDIA GeForce RTX 3090
1,spsp,0.0483358814651845,33.766823053359985,"Speech, Predict, Speech, Predict","0.020974, 0.003215, 0.020930, 0.003216","9.256, 7.640, 9.169, 7.702","102, 508, 102, 508",307200,37360,/home/iiitd/heterogeneous/heterogeneous_edge/images/bear,/home/iiitd/heterogeneous/heterogeneous_edge/test-clean/LibriSpeech/test-clean/1580/141083,8768.3359375,82,2827.3125,"7.1, 8.8, 18.4, 1.9, 9.8, 3.3, 17.2, 3.2, 9.3, 4.6, 7.5, 4.9, 1.3, 1.1, 1.2, 1.2",7,1573.5221674876848,31.108741760253906,16,24.0,12th Gen Intel(R) Core(TM) i5-12600K,NVIDIA GeForce RTX 3090
1,spds,0.04775170279450362,32.96188759803772,"Speech, Predict, Detect, Speech","0.020895, 0.003224, 0.002719, 0.020914","9.461, 7.674, 6.792, 9.035","102, 508, 508, 102",307200,37360,/home/iiitd/heterogeneous/heterogeneous_edge/images/bear,/home/iiitd/heterogeneous/heterogeneous_edge/test-clean/LibriSpeech/test-clean/1580/141083,8728.4140625,82,2827.3125,"1.9, 1.9, 46.6, 10.0, 9.6, 0.7, 9.2, 3.4, 8.1, 1.2, 3.3, 1.2, 1.6, 1.7, 1.3, 1.2",5,1580.0757575757575,31.108741760253906,16,24.0,12th Gen Intel(R) Core(TM) i5-12600K,NVIDIA GeForce RTX 3090
1,spdd,0.029649363980237764,31.243786096572876,"Speech, Predict, Detect, Detect","0.020949, 0.003221, 0.002745, 0.002734","9.908, 7.623, 6.877, 6.837","102, 508, 508, 508",307200,37360,/home/iiitd/heterogeneous/heterogeneous_edge/images/bear,/home/iiitd/heterogeneous/heterogeneous_edge/test-clean/LibriSpeech/test-clean/1580/141083,8539.41015625,82,2827.3125,"2.5, 15.4, 12.9, 20.6, 21.7, 4.2, 7.4, 3.9, 1.7, 0.3, 2.0, 10.6, 1.4, 1.1, 0.7, 1.1",6,1588.8059701492537,31.108741760253906,16,24.0,12th Gen Intel(R) Core(TM) i5-12600K,NVIDIA GeForce RTX 3090
1,spdp,0.03011183962482631,33.08341598510742,"Speech, Predict, Detect, Predict","0.020950, 0.003220, 0.002715, 0.003226","10.941, 7.673, 6.811, 7.658","102, 508, 508, 508",307200,37360,/home/iiitd/heterogeneous/heterogeneous_edge/images/bear,/home/iiitd/heterogeneous/heterogeneous_edge/test-clean/LibriSpeech/test-clean/1580/141083,8550.71875,82,2827.3125,"2.1, 1.1, 67.5, 3.7, 10.5, 2.3, 2.3, 0.2, 3.4, 2.4, 2.6, 0.8, 1.5, 1.0, 1.0, 0.6",2,1627.725,31.108741760253906,16,24.0,12th Gen Intel(R) Core(TM) i5-12600K,NVIDIA GeForce RTX 3090
1,spps,0.04846649536822603,34.60661506652832,"Speech, Predict, Predict, Speech","0.021097, 0.003217, 0.003222, 0.020931","9.556, 7.659, 7.687, 9.705","102, 508, 508, 102",307200,37360,/home/iiitd/heterogeneous/heterogeneous_edge/images/bear,/home/iiitd/heterogeneous/heterogeneous_edge/test-clean/LibriSpeech/test-clean/1580/141083,8629.41796875,82,2827.3125,"16.5, 17.1, 11.5, 2.9, 12.7, 3.8, 11.1, 0.9, 11.8, 3.5, 6.6, 0.9, 1.3, 1.3, 1.3, 1.3",7,1592.3684210526317,31.108741760253906,16,24.0,12th Gen Intel(R) Core(TM) i5-12600K,NVIDIA GeForce RTX 3090
1,sppd,0.030061495445422266,31.895870208740234,"Speech, Predict, Predict, Detect","0.020927, 0.003214, 0.003212, 0.002708","9.849, 7.636, 7.632, 6.779","102, 508, 508, 508",307200,37360,/home/iiitd/heterogeneous/heterogeneous_edge/images/bear,/home/iiitd/heterogeneous/heterogeneous_edge/test-clean/LibriSpeech/test-clean/1580/141083,8659.17578125,81,2827.3125,"4.8, 1.4, 19.1, 4.5, 31.2, 6.5, 2.7, 0.4, 5.0, 14.0, 9.4, 1.3, 0.7, 1.4, 0.8, 1.0",5,1583.5922330097087,31.108741760253906,16,24.0,12th Gen Intel(R) Core(TM) i5-12600K,NVIDIA GeForce RTX 3090
1,sppp,0.030549037748957855,31.949098825454712,"Speech, Predict, Predict, Predict","0.020906, 0.003205, 0.003215, 0.003223","9.027, 7.618, 7.636, 7.668","102, 508, 508, 508",307200,37360,/home/iiitd/heterogeneous/heterogeneous_edge/images/bear,/home/iiitd/heterogeneous/heterogeneous_edge/test-clean/LibriSpeech/test-clean/1580/141083,8584.484375,81,2827.3125,"12.7, 9.9, 14.7, 0.9, 30.0, 7.1, 3.3, 0.2, 7.2, 3.1, 11.6, 0.6, 0.7, 1.0, 0.8, 0.8",7,1627.3891625615763,31.108741760253906,16,24.0,12th Gen Intel(R) Core(TM) i5-12600K,NVIDIA GeForce RTX 3090
1,dsss,0.06544809055118109,36.420103788375854,"Detect, Speech, Speech, Speech","0.002724, 0.020929, 0.020901, 0.020894","6.824, 9.313, 10.869, 9.414","508, 102, 102, 102",307200,37360,/home/iiitd/heterogeneous/heterogeneous_edge/images/bear,/home/iiitd/heterogeneous/heterogeneous_edge/test-clean/LibriSpeech/test-clean/1580/141083,8684.51953125,81,2827.3125,"24.1, 11.6, 21.4, 8.8, 6.0, 3.2, 6.1, 1.7, 2.0, 0.8, 3.3, 1.6, 2.2, 1.8, 2.2, 2.0",6,1483.0493273542602,31.108741760253906,16,24.0,12th Gen Intel(R) Core(TM) i5-12600K,NVIDIA GeForce RTX 3090
1,dssd,0.047168724409448824,36.44496774673462,"Detect, Speech, Speech, Detect","0.002719, 0.020874, 0.020865, 0.002710","6.814, 13.055, 9.758, 6.818","508, 102, 102, 508",307200,37360,/home/iiitd/heterogeneous/heterogeneous_edge/images/bear,/home/iiitd/heterogeneous/heterogeneous_edge/test-clean/LibriSpeech/test-clean/1580/141083,8556.96484375,82,2827.3125,"8.7, 3.4, 9.5, 11.0, 4.6, 6.0, 3.7, 0.1, 12.8, 14.5, 7.5, 3.3, 1.4, 1.2, 1.5, 1.3",7,1613.3920704845816,31.108741760253906,16,24.0,12th Gen Intel(R) Core(TM) i5-12600K,NVIDIA GeForce RTX 3090
1,dssp,0.04778124938243014,33.637197971343994,"Detect, Speech, Speech, Predict","0.002724, 0.020934, 0.020904, 0.003219","6.799, 9.454, 9.726, 7.658","508, 102, 102, 508",307200,37360,/home/iiitd/heterogeneous/heterogeneous_edge/images/bear,/home/iiitd/heterogeneous/heterogeneous_edge/test-clean/LibriSpeech/test-clean/1580/141083,8719.3359375,82,2827.3125,"12.3, 1.9, 11.4, 12.5, 26.1, 0.3, 7.2, 1.3, 18.3, 0.2, 2.5, 0.8, 1.5, 1.4, 1.1, 1.2",6,1564.4334975369459,31.108741760253906,16,24.0,12th Gen Intel(R) Core(TM) i5-12600K,NVIDIA GeForce RTX 3090
1,dsds,0.047315296549328395,33.03168177604675,"Detect, Speech, Detect, Speech","0.002707, 0.020940, 0.002712, 0.020956","6.809, 9.217, 6.790, 10.215","508, 102, 508, 102",307200,37360,/home/iiitd/heterogeneous/heterogeneous_edge/images/bear,/home/iiitd/heterogeneous/heterogeneous_edge/test-clean/LibriSpeech/test-clean/1580/141083,8684.97265625,81,2827.3125,"9.3, 9.9, 6.5, 15.5, 9.9, 5.5, 12.1, 3.6, 13.3, 7.3, 1.4, 0.8, 1.5, 1.6, 1.8, 1.6",9,1555.958549222798,31.108741760253906,16,24.0,12th Gen Intel(R) Core(TM) i5-12600K,NVIDIA GeForce RTX 3090
1,dsdd,0.029125965261695228,29.855782747268677,"Detect, Speech, Detect, Detect","0.002738, 0.020932, 0.002725, 0.002731","6.849, 9.353, 6.834, 6.820","508, 102, 508, 508",307200,37360,/home/iiitd/heterogeneous/heterogeneous_edge/images/bear,/home/iiitd/heterogeneous/heterogeneous_edge/test-clean/LibriSpeech/test-clean/1580/141083,8583.40625,82,2827.3125,"11.8, 19.8, 5.5, 0.3, 9.5, 2.7, 7.6, 4.1, 20.9, 9.9, 7.1, 6.7, 1.5, 1.5, 1.3, 1.0",9,1582.142857142857,31.108741760253906,16,24.0,12th Gen Intel(R) Core(TM) i5-12600K,NVIDIA GeForce RTX 3090
1,dsdp,0.02951366381040605,30.42593502998352,"Detect, Speech, Detect, Predict","0.002722, 0.020871, 0.002708, 0.003213","6.892, 9.085, 6.794, 7.655","508, 102, 508, 508",307200,37360,/home/iiitd/heterogeneous/heterogeneous_edge/images/bear,/home/iiitd/heterogeneous/heterogeneous_edge/test-clean/LibriSpeech/test-clean/1580/141083,8659.8828125,81,2827.3125,"6.1, 1.2, 12.5, 1.3, 36.1, 4.8, 17.1, 0.9, 7.9, 7.4, 6.1, 1.0, 1.4, 1.3, 1.2, 1.2",7,1592.1774193548388,31.108741760253906,16,24.0,12th Gen Intel(R) Core(TM) i5-12600K,NVIDIA GeForce RTX 3090
1,dsps,0.047767436814883435,33.11050534248352,"Detect, Speech, Predict, Speech","0.002744, 0.020896, 0.003219, 0.020909","6.832, 9.435, 7.645, 9.198","508, 102, 508, 102",307200,37360,/home/iiitd/heterogeneous/heterogeneous_edge/images/bear,/home/iiitd/heterogeneous/heterogeneous_edge/test-clean/LibriSpeech/test-clean/1580/141083,8711.5234375,81,2827.3125,"22.1, 21.1, 10.5, 0.8, 2.1, 6.8, 6.3, 1.0, 4.6, 1.3, 13.6, 6.1, 1.2, 1.3, 1.0, 1.4",7,1605.148514851485,31.108741760253906,16,24.0,12th Gen Intel(R) Core(TM) i5-12600K,NVIDIA GeForce RTX 3090
1,dspd,0.029510222054963717,31.63101077079773,"Detect, Speech, Predict, Detect","0.002712, 0.020850, 0.003228, 0.002720","6.812, 10.375, 7.660, 6.784","508, 102, 508, 508",307200,37360,/home/iiitd/heterogeneous/heterogeneous_edge/images/bear,/home/iiitd/heterogeneous/heterogeneous_edge/test-clean/LibriSpeech/test-clean/1580/141083,8642.33203125,82,2827.3125,"1.3, 1.1, 18.0, 9.3, 26.9, 0.2, 11.7, 0.2, 12.4, 3.9, 7.7, 5.4, 1.5, 1.1, 1.1, 0.9",7,1629.7692307692307,31.108741760253906,16,24.0,12th Gen Intel(R) Core(TM) i5-12600K,NVIDIA GeForce RTX 3090
1,dspp,0.03002177049559981,31.801321983337402,"Detect, Speech, Predict, Predict","0.002706, 0.020892, 0.003208, 0.003216","6.804, 9.735, 7.625, 7.637","508, 102, 508, 508",307200,37360,/home/iiitd/heterogeneous/heterogeneous_edge/images/bear,/home/iiitd/heterogeneous/heterogeneous_edge/test-clean/LibriSpeech/test-clean/1580/141083,8700.22265625,81,2827.3125,"2.1, 1.3, 11.5, 10.9, 20.4, 7.5, 19.4, 1.3, 16.1, 0.2, 5.3, 3.2, 1.4, 1.0, 1.0, 0.9",7,1623.1060606060605,31.108741760253906,16,24.0,12th Gen Intel(R) Core(TM) i5-12600K,NVIDIA GeForce RTX 3090
1,ddss,0.04723035915547322,32.66565990447998,"Detect, Detect, Speech, Speech","0.002740, 0.002718, 0.020901, 0.020871","6.833, 6.779, 9.630, 9.424","508, 508, 102, 102",307200,37360,/home/iiitd/heterogeneous/heterogeneous_edge/images/bear,/home/iiitd/heterogeneous/heterogeneous_edge/test-clean/LibriSpeech/test-clean/1580/141083,8794.7578125,82,2827.3125,"6.8, 0.4, 5.8, 13.5, 8.9, 10.4, 8.4, 0.0, 10.9, 7.6, 23.0, 0.9, 1.6, 1.6, 1.6, 1.6",9,1515.5853658536585,31.108741760253906,16,24.0,12th Gen Intel(R) Core(TM) i5-12600K,NVIDIA GeForce RTX 3090
1,ddsd,0.028996150301065306,30.51611042022705,"Detect, Detect, Speech, Detect","0.002724, 0.002714, 0.020851, 0.002707","6.833, 6.787, 10.021, 6.875","508, 508, 102, 508",307200,37360,/home/iiitd/heterogeneous/heterogeneous_edge/images/bear,/home/iiitd/heterogeneous/heterogeneous_edge/test-clean/LibriSpeech/test-clean/1580/141083,8633.14453125,81,2827.3125,"19.7, 10.0, 26.1, 6.8, 5.0, 0.1, 5.3, 1.9, 5.8, 15.2, 1.2, 1.1, 1.2, 0.9, 0.9, 0.8",8,1602.9395604395604,31.108741760253906,16,24.0,12th Gen Intel(R) Core(TM) i5-12600K,NVIDIA GeForce RTX 3090
1,ddsp,0.02969805299521383,31.585028409957886,"Detect, Detect, Speech, Predict","0.002712, 0.002718, 0.020936, 0.003333","6.791, 6.778, 10.078, 7.939","508, 508, 102, 508",307200,37360,/home/iiitd/heterogeneous/heterogeneous_edge/images/bear,/home/iiitd/heterogeneous/heterogeneous_edge/test-clean/LibriSpeech/test-clean/1580/141083,8624.12890625,81,2827.3125,"4.9, 4.5, 17.1, 10.4, 14.2, 17.6, 5.0, 7.2, 5.5, 9.1, 1.6, 16.8, 1.3, 1.6, 1.2, 1.4",9,1616.175,31.108741760253906,16,24.0,12th Gen Intel(R) Core(TM) i5-12600K,NVIDIA GeForce RTX 3090
1,ddds,0.029184721514590086,30.89573860168457,"Detect, Detect, Detect, Speech","0.002748, 0.002742, 0.002764, 0.020931","6.864, 6.874, 6.890, 10.267","508, 508, 508, 102",307200,37360,/home/iiitd/heterogeneous/heterogeneous_edge/images/bear,/home/iiitd/heterogeneous/heterogeneous_edge/test-clean/LibriSpeech/test-clean/1580/141083,8929.328125,80,2827.3125,"24.4, 17.0, 21.5, 9.1, 13.0, 0.9, 2.8, 1.1, 10.1, 1.9, 3.8, 0.7, 1.4, 1.7, 1.6, 1.5",6,1665.7853403141362,31.108741760253906,16,24.0,12th Gen Intel(R) Core(TM) i5-12600K,NVIDIA GeForce RTX 3090
1,dddd,0.01093140748031496,27.367722988128662,"Detect, Detect, Detect, Detect","0.002739, 0.002712, 0.002727, 0.002753","6.878, 6.807, 6.836, 6.846","508, 508, 508, 508",307200,,/home/iiitd/heterogeneous/heterogeneous_edge/images/bear,/home/iiitd/heterogeneous/heterogeneous_edge/test-clean/LibriSpeech/test-clean/1580/141083,8261.59765625,42,983.3125,"3.7, 0.1, 5.8, 0.3, 12.0, 0.4, 25.6, 0.0, 23.1, 6.5, 26.7, 0.1, 0.5, 1.0, 0.6, 0.8",6,1631.6850828729282,31.108741760253906,16,24.0,12th Gen Intel(R) Core(TM) i5-12600K,NVIDIA GeForce RTX 3090
1,dddp,0.011387633858267717,28.139273643493652,"Detect, Detect, Detect, Predict","0.002739, 0.002713, 0.002717, 0.003218","6.847, 6.829, 6.814, 7.649","508, 508, 508, 508",307200,,/home/iiitd/heterogeneous/heterogeneous_edge/images/bear,/home/iiitd/heterogeneous/heterogeneous_edge/test-clean/LibriSpeech/test-clean/1580/141083,8276.64453125,44,1047.3125,"2.1, 0.5, 9.4, 4.7, 8.5, 12.4, 36.4, 3.9, 19.4, 4.8, 1.3, 0.4, 0.6, 0.4, 0.2, 0.6",5,1656.967213114754,31.108741760253906,16,24.0,12th Gen Intel(R) Core(TM) i5-12600K,NVIDIA GeForce RTX 3090
1,ddps,0.029634424309093715,31.538905382156372,"Detect, Detect, Predict, Speech","0.002717, 0.002717, 0.003224, 0.020977","6.822, 6.815, 7.620, 10.281","508, 508, 508, 102",307200,37360,/home/iiitd/heterogeneous/heterogeneous_edge/images/bear,/home/iiitd/heterogeneous/heterogeneous_edge/test-clean/LibriSpeech/test-clean/1580/141083,8945.828125,82,2827.3125,"7.9, 13.5, 7.3, 4.9, 20.5, 6.9, 0.9, 0.2, 29.9, 0.1, 2.9, 0.4, 1.1, 1.0, 0.7, 0.9",6,1610.5958549222798,31.108741760253906,16,24.0,12th Gen Intel(R) Core(TM) i5-12600K,NVIDIA GeForce RTX 3090
1,ddpd,0.011387474409448818,28.034202575683594,"Detect, Detect, Predict, Detect","0.002727, 0.002727, 0.003217, 0.002716","6.813, 6.783, 7.624, 6.814","508, 508, 508, 508",307200,,/home/iiitd/heterogeneous/heterogeneous_edge/images/bear,/home/iiitd/heterogeneous/heterogeneous_edge/test-clean/LibriSpeech/test-clean/1580/141083,8465.6875,43,1047.3125,"6.2, 4.2, 31.6, 17.6, 18.3, 0.1, 10.6, 0.5, 1.3, 0.3, 12.1, 0.3, 0.6, 0.6, 0.1, 0.2",6,1648.1451612903227,31.108741760253906,16,24.0,12th Gen Intel(R) Core(TM) i5-12600K,NVIDIA GeForce RTX 3090
1,ddpp,0.011884372047244093,28.942748308181763,"Detect, Detect, Predict, Predict","0.002733, 0.002720, 0.003212, 0.003219","6.843, 6.805, 7.627, 7.668","508, 508, 508, 508",307200,,/home/iiitd/heterogeneous/heterogeneous_edge/images/bear,/home/iiitd/heterogeneous/heterogeneous_edge/test-clean/LibriSpeech/test-clean/1580/141083,8318.28515625,44,1047.3125,"0.8, 1.1, 5.9, 18.8, 27.6, 1.6, 22.8, 8.8, 2.4, 1.0, 12.5, 0.7, 0.3, 0.2, 0.3, 0.3",6,1653.1413612565445,31.108741760253906,16,24.0,12th Gen Intel(R) Core(TM) i5-12600K,NVIDIA GeForce RTX 3090
1,dpss,0.04779399421028255,33.81216502189636,"Detect, Predict, Speech, Speech","0.002724, 0.003220, 0.020869, 0.020981","6.806, 7.633, 9.444, 9.929","508, 508, 102, 102",307200,37360,/home/iiitd/heterogeneous/heterogeneous_edge/images/bear,/home/iiitd/heterogeneous/heterogeneous_edge/test-clean/LibriSpeech/test-clean/1580/141083,8907.91015625,81,2827.3125,"4.6, 28.4, 9.3, 0.6, 9.6, 4.9, 12.7, 10.6, 8.0, 1.7, 1.8, 0.7, 1.5, 1.4, 1.3, 1.5",6,1538.1690140845071,31.108741760253906,16,24.0,12th Gen Intel(R) Core(TM) i5-12600K,NVIDIA GeForce RTX 3090
1,dpsd,0.02955178130307241,31.1694974899292,"Detect, Predict, Speech, Detect","0.002717, 0.003214, 0.020911, 0.002709","6.815, 7.637, 9.904, 6.813","508, 508, 102, 508",307200,37360,/home/iiitd/heterogeneous/heterogeneous_edge/images/bear,/home/iiitd/heterogeneous/heterogeneous_edge/test-clean/LibriSpeech/test-clean/1580/141083,8920.421875,80,2827.3125,"2.5, 0.9, 14.0, 9.3, 41.5, 1.1, 19.0, 3.3, 2.0, 0.8, 2.8, 0.7, 1.0, 0.7, 0.8, 0.7",4,1615.1269035532996,31.108741760253906,16,24.0,12th Gen Intel(R) Core(TM) i5-12600K,NVIDIA GeForce RTX 3090
1,dpsp,0.030037588698471517,31.363381385803223,"Detect, Predict, Speech, Predict","0.002706, 0.003219, 0.020897, 0.003215","6.792, 7.630, 9.288, 7.653","508, 508, 102, 508",307200,37360,/home/iiitd/heterogeneous/heterogeneous_edge/images/bear,/home/iiitd/heterogeneous/heterogeneous_edge/test-clean/LibriSpeech/test-clean/1580/141083,8941.54296875,80,2827.3125,"11.4, 3.3, 20.5, 0.4, 16.9, 6.9, 12.4, 0.7, 11.3, 7.9, 8.2, 0.3, 0.8, 0.7, 0.6, 1.0",8,1556.3970588235295,31.108741760253906,16,24.0,12th Gen Intel(R) Core(TM) i5-12600K,NVIDIA GeForce RTX 3090
1,dpds,0.02962314945190675,30.50043487548828,"Detect, Predict, Detect, Speech","0.002712, 0.003217, 0.002742, 0.020951","6.813, 7.649, 6.802, 9.236","508, 508, 508, 102",307200,37360,/home/iiitd/heterogeneous/heterogeneous_edge/images/bear,/home/iiitd/heterogeneous/heterogeneous_edge/test-clean/LibriSpeech/test-clean/1580/141083,9025.30859375,82,2827.3125,"19.5, 0.7, 6.1, 1.4, 22.4, 0.2, 25.1, 0.3, 7.0, 7.4, 2.0, 7.8, 1.2, 1.0, 0.8, 0.8",7,1613.0585106382978,31.108741760253906,16,24.0,12th Gen Intel(R) Core(TM) i5-12600K,NVIDIA GeForce RTX 3090
1,dpdd,0.01138798031496063,28.13958716392517,"Detect, Predict, Detect, Detect","0.002726, 0.003216, 0.002723, 0.002723","6.835, 7.654, 6.842, 6.809","508, 508, 508, 508",307200,,/home/iiitd/heterogeneous/heterogeneous_edge/images/bear,/home/iiitd/heterogeneous/heterogeneous_edge/test-clean/LibriSpeech/test-clean/1580/141083,8472.50390625,44,1047.3125,"4.4, 9.7, 31.0, 32.2, 19.6, 2.7, 0.9, 0.2, 0.9, 0.2, 3.0, 0.3, 0.4, 0.6, 0.4, 0.2",4,1653.3064516129032,31.108741760253906,16,24.0,12th Gen Intel(R) Core(TM) i5-12600K,NVIDIA GeForce RTX 3090
1,dpdp,0.011898198818897638,29.026216983795166,"Detect, Predict, Detect, Predict","0.002723, 0.003224, 0.002731, 0.003220","6.880, 7.677, 6.826, 7.643","508, 508, 508, 508",307200,,/home/iiitd/heterogeneous/heterogeneous_edge/images/bear,/home/iiitd/heterogeneous/heterogeneous_edge/test-clean/LibriSpeech/test-clean/1580/141083,8275.5546875,44,1047.3125,"2.3, 1.9, 28.7, 0.6, 46.4, 0.0, 9.5, 12.6, 0.7, 0.6, 1.3, 0.7, 0.8, 0.8, 0.5, 0.9",4,1643.6387434554974,31.108741760253906,16,24.0,12th Gen Intel(R) Core(TM) i5-12600K,NVIDIA GeForce RTX 3090
1,dpps,0.03006291770881581,31.846726894378662,"Detect, Predict, Predict, Speech","0.002720, 0.003221, 0.003213, 0.020909","6.818, 7.641, 7.657, 9.731","508, 508, 508, 102",307200,37360,/home/iiitd/heterogeneous/heterogeneous_edge/images/bear,/home/iiitd/heterogeneous/heterogeneous_edge/test-clean/LibriSpeech/test-clean/1580/141083,8898.24609375,80,2827.3125,"21.5, 7.2, 26.5, 18.7, 6.0, 0.4, 0.4, 1.9, 5.8, 0.6, 3.4, 5.6, 0.6, 1.6, 1.0, 0.7",7,1613.9108910891089,31.108741760253906,16,24.0,12th Gen Intel(R) Core(TM) i5-12600K,NVIDIA GeForce RTX 3090
1,dppd,0.011905062992125983,28.959698915481567,"Detect, Predict, Predict, Detect","0.002731, 0.003220, 0.003226, 0.002727","6.824, 7.662, 7.646, 6.827","508, 508, 508, 508",307200,,/home/iiitd/heterogeneous/heterogeneous_edge/images/bear,/home/iiitd/heterogeneous/heterogeneous_edge/test-clean/LibriSpeech/test-clean/1580/141083,8448.71875,43,1047.3125,"0.7, 0.2, 42.4, 24.0, 11.1, 0.8, 18.4, 0.0, 0.9, 0.6, 4.4, 2.1, 0.9, 0.5, 0.3, 0.2",4,1630.390625,31.108741760253906,16,24.0,12th Gen Intel(R) Core(TM) i5-12600K,NVIDIA GeForce RTX 3090
1,dppp,0.012390757874015747,29.76732087135315,"Detect, Predict, Predict, Predict","0.002722, 0.003231, 0.003221, 0.003216","6.800, 7.643, 7.688, 7.636","508, 508, 508, 508",307200,,/home/iiitd/heterogeneous/heterogeneous_edge/images/bear,/home/iiitd/heterogeneous/heterogeneous_edge/test-clean/LibriSpeech/test-clean/1580/141083,8296.15625,44,1047.3125,"3.4, 0.3, 22.1, 30.5, 3.2, 1.1, 18.4, 0.2, 12.9, 11.2, 0.8, 1.0, 0.6, 0.4, 0.6, 0.3",5,1666.0659898477156,31.108741760253906,16,24.0,12th Gen Intel(R) Core(TM) i5-12600K,NVIDIA GeForce RTX 3090
1,psss,0.06648328327157635,36.84474802017212,"Predict, Speech, Speech, Speech","0.003234, 0.020918, 0.021251, 0.021080","7.666, 10.116, 9.926, 9.136","508, 102, 102, 102",307200,37360,/home/iiitd/heterogeneous/heterogeneous_edge/images/bear,/home/iiitd/heterogeneous/heterogeneous_edge/test-clean/LibriSpeech/test-clean/1580/141083,9040.1015625,82,2827.3125,"16.0, 20.1, 7.9, 0.5, 14.4, 4.8, 5.5, 2.3, 1.3, 1.3, 17.2, 0.2, 1.8, 2.1, 1.8, 1.8",6,1515.3333333333333,31.108741760253906,16,24.0,12th Gen Intel(R) Core(TM) i5-12600K,NVIDIA GeForce RTX 3090
1,pssd,0.047856212289640265,33.79526472091675,"Predict, Speech, Speech, Detect","0.003237, 0.020946, 0.020952, 0.002722","7.728, 9.245, 10.014, 6.808","508, 102, 102, 508",307200,37360,/home/iiitd/heterogeneous/heterogeneous_edge/images/bear,/home/iiitd/heterogeneous/heterogeneous_edge/test-clean/LibriSpeech/test-clean/1580/141083,8918.00390625,82,2827.3125,"3.2, 0.1, 30.9, 6.8, 3.6, 0.7, 27.3, 10.5, 5.4, 5.0, 2.1, 1.9, 1.5, 1.9, 1.9, 1.5",6,1548.7677725118483,31.108741760253906,16,24.0,12th Gen Intel(R) Core(TM) i5-12600K,NVIDIA GeForce RTX 3090
1,pssp,0.04857394403273121,35.60252332687378,"Predict, Speech, Speech, Predict","0.003221, 0.021228, 0.020907, 0.003217","7.659, 10.061, 10.242, 7.640","508, 102, 102, 508",307200,37360,/home/iiitd/heterogeneous/heterogeneous_edge/images/bear,/home/iiitd/heterogeneous/heterogeneous_edge/test-clean/LibriSpeech/test-clean/1580/141083,8932.65625,82,2827.3125,"11.7, 8.7, 10.1, 2.7, 8.1, 3.3, 10.6, 3.9, 12.6, 3.6, 12.3, 5.3, 1.5, 1.2, 1.5, 1.4",8,1617.0,31.108741760253906,16,24.0,12th Gen Intel(R) Core(TM) i5-12600K,NVIDIA GeForce RTX 3090
1,psds,0.047842901420410686,33.63504242897034,"Predict, Speech, Detect, Speech","0.003224, 0.020956, 0.002724, 0.020939","7.634, 9.705, 6.821, 9.475","508, 102, 508, 102",307200,37360,/home/iiitd/heterogeneous/heterogeneous_edge/images/bear,/home/iiitd/heterogeneous/heterogeneous_edge/test-clean/LibriSpeech/test-clean/1580/141083,9023.2578125,81,2827.3125,"3.8, 1.8, 7.6, 1.3, 30.2, 0.5, 13.2, 10.8, 12.6, 10.6, 1.8, 1.3, 1.9, 1.3, 1.5, 1.5",6,1598.030303030303,31.108741760253906,16,24.0,12th Gen Intel(R) Core(TM) i5-12600K,NVIDIA GeForce RTX 3090
1,psdd,0.02959917496526169,31.55656123161316,"Predict, Speech, Detect, Detect","0.003227, 0.020913, 0.002719, 0.002740","7.673, 10.272, 6.784, 6.827","508, 102, 508, 508",307200,37360,/home/iiitd/heterogeneous/heterogeneous_edge/images/bear,/home/iiitd/heterogeneous/heterogeneous_edge/test-clean/LibriSpeech/test-clean/1580/141083,8987.90625,80,2827.3125,"17.8, 0.4, 26.3, 1.3, 6.3, 10.2, 16.0, 5.9, 5.8, 2.0, 3.5, 0.2, 1.0, 1.3, 1.2, 1.0",7,1562.121212121212,31.108741760253906,16,24.0,12th Gen Intel(R) Core(TM) i5-12600K,NVIDIA GeForce RTX 3090
1,psdp,0.030083888953219087,31.97191333770752,"Predict, Speech, Detect, Predict","0.003231, 0.020905, 0.002722, 0.003225","7.687, 9.821, 6.797, 7.668","508, 102, 508, 508",307200,37360,/home/iiitd/heterogeneous/heterogeneous_edge/images/bear,/home/iiitd/heterogeneous/heterogeneous_edge/test-clean/LibriSpeech/test-clean/1580/141083,8972.17578125,81,2827.3125,"3.6, 1.3, 38.0, 8.1, 18.5, 1.7, 2.7, 4.5, 11.8, 8.0, 1.8, 0.9, 0.8, 1.1, 0.8, 0.6",5,1617.825,31.108741760253906,16,24.0,12th Gen Intel(R) Core(TM) i5-12600K,NVIDIA GeForce RTX 3090
1,psps,0.0483635700555813,34.07860350608826,"Predict, Speech, Predict, Speech","0.003227, 0.021040, 0.003227, 0.020869","7.714, 9.460, 7.653, 9.252","508, 102, 508, 102",307200,37360,/home/iiitd/heterogeneous/heterogeneous_edge/images/bear,/home/iiitd/heterogeneous/heterogeneous_edge/test-clean/LibriSpeech/test-clean/1580/141083,8936.51953125,82,2827.3125,"3.0, 5.0, 18.6, 7.9, 6.8, 0.1, 10.1, 4.4, 24.9, 9.1, 9.2, 1.6, 1.8, 1.6, 1.4, 1.4",8,1575.5797101449275,31.108741760253906,16,24.0,12th Gen Intel(R) Core(TM) i5-12600K,NVIDIA GeForce RTX 3090
1,pspd,0.030101170372085845,31.984816074371338,"Predict, Speech, Predict, Detect","0.003221, 0.020915, 0.003227, 0.002737","7.688, 9.753, 7.698, 6.845","508, 102, 508, 508",307200,37360,/home/iiitd/heterogeneous/heterogeneous_edge/images/bear,/home/iiitd/heterogeneous/heterogeneous_edge/test-clean/LibriSpeech/test-clean/1580/141083,8867.87109375,82,2827.3125,"12.0, 14.9, 23.8, 11.9, 21.0, 0.3, 2.0, 1.4, 1.2, 5.9, 5.7, 0.3, 1.5, 1.0, 1.1, 0.9",7,1600.0735294117646,31.108741760253906,16,24.0,12th Gen Intel(R) Core(TM) i5-12600K,NVIDIA GeForce RTX 3090
1,pspp,0.030547466728423654,33.45981693267822,"Predict, Speech, Predict, Predict","0.003228, 0.020872, 0.003225, 0.003222","7.653, 10.531, 7.642, 7.635","508, 102, 508, 508",307200,37360,/home/iiitd/heterogeneous/heterogeneous_edge/images/bear,/home/iiitd/heterogeneous/heterogeneous_edge/test-clean/LibriSpeech/test-clean/1580/141083,8825.13671875,82,2827.3125,"18.5, 1.9, 3.6, 0.6, 7.3, 0.5, 24.9, 10.4, 22.2, 0.2, 5.2, 0.5, 1.2, 1.1, 1.0, 0.8",6,1590.072463768116,31.108741760253906,16,24.0,12th Gen Intel(R) Core(TM) i5-12600K,NVIDIA GeForce RTX 3090
1,pdss,0.04783508958622819,34.012540340423584,"Predict, Detect, Speech, Speech","0.003217, 0.002730, 0.020898, 0.020989","7.625, 6.828, 9.982, 9.578","508, 508, 102, 102",307200,37360,/home/iiitd/heterogeneous/heterogeneous_edge/images/bear,/home/iiitd/heterogeneous/heterogeneous_edge/test-clean/LibriSpeech/test-clean/1580/141083,8980.6328125,82,2827.3125,"3.9, 2.2, 25.3, 5.3, 13.1, 1.0, 15.9, 1.9, 7.3, 2.5, 6.2, 9.6, 1.6, 1.8, 1.7, 2.0",7,1561.0194174757282,31.108741760253906,16,24.0,12th Gen Intel(R) Core(TM) i5-12600K,NVIDIA GeForce RTX 3090
1,pdsd,0.029488340319592406,30.803935766220093,"Predict, Detect, Speech, Detect","0.003219, 0.002720, 0.020824, 0.002725","7.622, 6.803, 9.542, 6.837","508, 508, 102, 508",307200,37360,/home/iiitd/heterogeneous/heterogeneous_edge/images/bear,/home/iiitd/heterogeneous/heterogeneous_edge/test-clean/LibriSpeech/test-clean/1580/141083,8864.1796875,82,2827.3125,"6.4, 8.3, 8.8, 2.0, 26.7, 17.3, 8.4, 12.1, 5.5, 0.1, 4.1, 0.3, 1.3, 0.7, 1.2, 1.4",8,1627.5,31.108741760253906,16,24.0,12th Gen Intel(R) Core(TM) i5-12600K,NVIDIA GeForce RTX 3090
1,pdsp,0.030089336421182646,32.221203327178955,"Predict, Detect, Speech, Predict","0.003230, 0.002744, 0.020866, 0.003249","7.669, 6.834, 9.953, 7.766","508, 508, 102, 508",307200,37360,/home/iiitd/heterogeneous/heterogeneous_edge/images/bear,/home/iiitd/heterogeneous/heterogeneous_edge/test-clean/LibriSpeech/test-clean/1580/141083,9003.06640625,82,2827.3125,"13.1, 18.6, 14.2, 11.0, 15.5, 0.2, 18.5, 1.1, 3.5, 4.6, 1.5, 1.0, 1.2, 1.5, 0.8, 1.0",6,1623.75,31.108741760253906,16,24.0,12th Gen Intel(R) Core(TM) i5-12600K,NVIDIA GeForce RTX 3090
1,pdds,0.029572186042921104,30.678813934326172,"Predict, Detect, Detect, Speech","0.003240, 0.002711, 0.002708, 0.020913","7.703, 6.783, 6.800, 9.393","508, 508, 508, 102",307200,37360,/home/iiitd/heterogeneous/heterogeneous_edge/images/bear,/home/iiitd/heterogeneous/heterogeneous_edge/test-clean/LibriSpeech/test-clean/1580/141083,8819.64453125,82,2827.3125,"19.1, 10.0, 17.2, 0.0, 14.6, 1.8, 23.2, 3.0, 7.4, 0.9, 3.6, 0.4, 1.7, 1.5, 1.2, 1.7",6,1641.7460317460318,31.108741760253906,16,24.0,12th Gen Intel(R) Core(TM) i5-12600K,NVIDIA GeForce RTX 3090
1,pddd,0.011414051181102364,28.15372395515442,"Predict, Detect, Detect, Detect","0.003228, 0.002726, 0.002736, 0.002724","7.680, 6.824, 6.821, 6.828","508, 508, 508, 508",307200,,/home/iiitd/heterogeneous/heterogeneous_edge/images/bear,/home/iiitd/heterogeneous/heterogeneous_edge/test-clean/LibriSpeech/test-clean/1580/141083,8342.57421875,43,1047.3125,"5.3, 3.2, 41.0, 6.6, 15.8, 5.1, 18.4, 5.3, 0.4, 0.6, 0.8, 0.1, 0.4, 0.6, 0.5, 0.3",7,1627.4193548387098,31.108741760253906,16,24.0,12th Gen Intel(R) Core(TM) i5-12600K,NVIDIA GeForce RTX 3090
1,pddp,0.011906403543307086,28.98997139930725,"Predict, Detect, Detect, Predict","0.003235, 0.002714, 0.002730, 0.003228","7.699, 6.766, 6.833, 7.692","508, 508, 508, 508",307200,,/home/iiitd/heterogeneous/heterogeneous_edge/images/bear,/home/iiitd/heterogeneous/heterogeneous_edge/test-clean/LibriSpeech/test-clean/1580/141083,8327.703125,44,1047.3125,"17.1, 30.3, 7.5, 0.0, 21.1, 1.6, 1.7, 0.0, 6.4, 1.0, 4.1, 15.3, 0.6, 0.3, 0.4, 0.5",6,1659.0,31.108741760253906,16,24.0,12th Gen Intel(R) Core(TM) i5-12600K,NVIDIA GeForce RTX 3090
1,pdps,0.030115928709278986,31.717005729675293,"Predict, Detect, Predict, Speech","0.003239, 0.002727, 0.003231, 0.020919","7.679, 6.824, 7.703, 9.510","508, 508, 508, 102",307200,37360,/home/iiitd/heterogeneous/heterogeneous_edge/images/bear,/home/iiitd/heterogeneous/heterogeneous_edge/test-clean/LibriSpeech/test-clean/1580/141083,8852.58984375,80,2828.125,"1.0, 3.1, 27.5, 25.8, 19.8, 1.7, 3.0, 3.1, 4.6, 0.6, 1.5, 7.5, 1.1, 0.6, 1.2, 0.9",4,1634.469696969697,31.108741760253906,16,24.0,12th Gen Intel(R) Core(TM) i5-12600K,NVIDIA GeForce RTX 3090
1,pdpd,0.01189584251968504,28.920654773712158,"Predict, Detect, Predict, Detect","0.003227, 0.002715, 0.003224, 0.002730","7.634, 6.826, 7.654, 6.807","508, 508, 508, 508",307200,,/home/iiitd/heterogeneous/heterogeneous_edge/images/bear,/home/iiitd/heterogeneous/heterogeneous_edge/test-clean/LibriSpeech/test-clean/1580/141083,8282.51953125,44,1048.125,"15.9, 8.8, 24.9, 16.0, 3.4, 5.2, 4.1, 0.2, 0.7, 0.1, 7.9, 16.2, 0.4, 0.3, 0.2, 0.0",7,1641.6753926701572,31.108741760253906,16,24.0,12th Gen Intel(R) Core(TM) i5-12600K,NVIDIA GeForce RTX 3090
1,pdpp,0.012406364173228346,29.762200355529785,"Predict, Detect, Predict, Predict","0.003222, 0.002730, 0.003221, 0.003233","7.644, 6.791, 7.641, 7.687","508, 508, 508, 508",307200,,/home/iiitd/heterogeneous/heterogeneous_edge/images/bear,/home/iiitd/heterogeneous/heterogeneous_edge/test-clean/LibriSpeech/test-clean/1580/141083,8342.59765625,45,1048.125,"11.0, 17.2, 47.7, 17.2, 1.5, 0.4, 4.9, 1.1, 0.7, 0.6, 0.6, 0.5, 0.3, 0.6, 0.3, 0.6",4,1649.1624365482232,31.108741760253906,16,24.0,12th Gen Intel(R) Core(TM) i5-12600K,NVIDIA GeForce RTX 3090
1,ppss,0.04822825331943801,33.41507411003113,"Predict, Predict, Speech, Speech","0.003231, 0.003236, 0.020875, 0.020886","7.666, 7.664, 9.060, 9.025","508, 508, 102, 102",307200,37360,/home/iiitd/heterogeneous/heterogeneous_edge/images/bear,/home/iiitd/heterogeneous/heterogeneous_edge/test-clean/LibriSpeech/test-clean/1580/141083,8904.125,82,2828.125,"4.6, 21.6, 11.5, 15.4, 14.9, 1.4, 10.0, 11.1, 3.9, 1.5, 2.9, 1.3, 1.7, 1.5, 1.6, 1.7",6,1570.3349282296651,31.108741760253906,16,24.0,12th Gen Intel(R) Core(TM) i5-12600K,NVIDIA GeForce RTX 3090
1,ppsd,0.030116631619576964,31.070287942886353,"Predict, Predict, Speech, Detect","0.003224, 0.003220, 0.020950, 0.002723","7.662, 7.648, 8.958, 6.802","508, 508, 102, 508",307200,37360,/home/iiitd/heterogeneous/heterogeneous_edge/images/bear,/home/iiitd/heterogeneous/heterogeneous_edge/test-clean/LibriSpeech/test-clean/1580/141083,8864.453125,82,2828.125,"12.0, 5.4, 14.0, 9.0, 6.1, 0.7, 14.9, 7.0, 18.9, 5.2, 5.6, 1.4, 1.0, 0.7, 0.7, 0.8",10,1608.4158415841584,31.108741760253906,16,24.0,12th Gen Intel(R) Core(TM) i5-12600K,NVIDIA GeForce RTX 3090
1,ppsp,0.030645130847614638,32.1443076133728,"Predict, Predict, Speech, Predict","0.003236, 0.003242, 0.020933, 0.003235","7.718, 7.689, 9.085, 7.652","508, 508, 102, 508",307200,37360,/home/iiitd/heterogeneous/heterogeneous_edge/images/bear,/home/iiitd/heterogeneous/heterogeneous_edge/test-clean/LibriSpeech/test-clean/1580/141083,8866.203125,80,2828.125,"21.1, 7.0, 9.1, 0.6, 9.2, 7.8, 6.3, 0.7, 12.3, 8.8, 11.4, 10.6, 1.4, 0.7, 1.0, 0.8",10,1593.8423645320197,31.108741760253906,16,24.0,12th Gen Intel(R) Core(TM) i5-12600K,NVIDIA GeForce RTX 3090
1,ppds,0.03017802794503628,31.119693517684937,"Predict, Predict, Detect, Speech","0.003230, 0.003223, 0.002735, 0.020991","7.662, 7.657, 6.817, 8.984","508, 508, 508, 102",307200,37360,/home/iiitd/heterogeneous/heterogeneous_edge/images/bear,/home/iiitd/heterogeneous/heterogeneous_edge/test-clean/LibriSpeech/test-clean/1580/141083,8835.78515625,80,2828.125,"1.2, 3.9, 16.2, 20.7, 13.7, 0.1, 2.1, 0.4, 3.6, 1.4, 14.9, 23.4, 1.2, 1.2, 1.1, 1.0",5,1618.7755102040817,31.108741760253906,16,24.0,12th Gen Intel(R) Core(TM) i5-12600K,NVIDIA GeForce RTX 3090
1,ppdd,0.011903226377952755,28.916588306427002,"Predict, Predict, Detect, Detect","0.003215, 0.003229, 0.002738, 0.002721","7.639, 7.659, 6.839, 6.779","508, 508, 508, 508",307200,,/home/iiitd/heterogeneous/heterogeneous_edge/images/bear,/home/iiitd/heterogeneous/heterogeneous_edge/test-clean/LibriSpeech/test-clean/1580/141083,8370.80859375,45,1048.125,"0.2, 0.3, 28.3, 2.8, 30.2, 15.7, 4.5, 0.5, 15.0, 0.9, 1.4, 4.8, 0.1, 0.6, 0.5, 0.4",4,1626.7539267015707,31.108741760253906,16,24.0,12th Gen Intel(R) Core(TM) i5-12600K,NVIDIA GeForce RTX 3090
1,ppdp,0.012415246062992127,29.816526174545288,"Predict, Predict, Detect, Predict","0.003227, 0.003232, 0.002729, 0.003227","7.698, 7.674, 6.799, 7.645","508, 508, 508, 508",307200,,/home/iiitd/heterogeneous/heterogeneous_edge/images/bear,/home/iiitd/heterogeneous/heterogeneous_edge/test-clean/LibriSpeech/test-clean/1580/141083,8337.98046875,46,1048.125,"0.8, 1.4, 23.7, 14.3, 4.3, 0.8, 2.7, 0.3, 21.8, 25.9, 8.5, 1.2, 0.7, 0.5, 0.4, 0.4",5,1617.6395939086294,31.108741760253906,16,24.0,12th Gen Intel(R) Core(TM) i5-12600K,NVIDIA GeForce RTX 3090
1,ppps,0.03057148506252895,32.54511284828186,"Predict, Predict, Predict, Speech","0.003231, 0.003233, 0.003221, 0.020887","7.670, 7.643, 7.656, 9.576","508, 508, 508, 102",307200,37360,/home/iiitd/heterogeneous/heterogeneous_edge/images/bear,/home/iiitd/heterogeneous/heterogeneous_edge/test-clean/LibriSpeech/test-clean/1580/141083,8753.02734375,80,2828.125,"3.6, 0.3, 30.2, 21.1, 5.6, 0.5, 19.9, 4.8, 7.4, 0.5, 3.7, 0.5, 0.9, 0.8, 1.0, 0.9",5,1640.8252427184466,31.108741760253906,16,24.0,12th Gen Intel(R) Core(TM) i5-12600K,NVIDIA GeForce RTX 3090
1,pppd,0.012419952755905512,29.90174961090088,"Predict, Predict, Predict, Detect","0.003223, 0.003234, 0.003232, 0.002731","7.668, 7.738, 7.699, 6.797","508, 508, 508, 508",307200,,/home/iiitd/heterogeneous/heterogeneous_edge/images/bear,/home/iiitd/heterogeneous/heterogeneous_edge/test-clean/LibriSpeech/test-clean/1580/141083,8328.58203125,44,1048.125,"19.3, 15.2, 25.6, 7.8, 7.7, 0.7, 11.8, 1.0, 13.7, 0.3, 1.3, 0.4, 0.6, 0.3, 0.2, 0.5",7,1655.530303030303,31.108741760253906,16,24.0,12th Gen Intel(R) Core(TM) i5-12600K,NVIDIA GeForce RTX 3090
1,pppp,0.012889688976377954,30.6101393699646,"Predict, Predict, Predict, Predict","0.003215, 0.003223, 0.003232, 0.003219","7.618, 7.658, 7.675, 7.659","508, 508, 508, 508",307200,,/home/iiitd/heterogeneous/heterogeneous_edge/images/bear,/home/iiitd/heterogeneous/heterogeneous_edge/test-clean/LibriSpeech/test-clean/1580/141083,8312.4765625,45,1048.125,"24.0, 19.2, 26.5, 0.0, 20.7, 0.1, 2.4, 0.2, 4.7, 1.8, 2.1, 2.6, 0.6, 0.6, 0.3, 0.5",4,1667.6600985221676,31.108741760253906,16,24.0,12th Gen Intel(R) Core(TM) i5-12600K,NVIDIA GeForce RTX 3090
1,sssss,0.1046324705882353,69.86333441734314,"Speech, Speech, Speech, Speech, Speech","0.020890, 0.020868, 0.021007, 0.020970, 0.020898","9.281, 32.460, 9.130, 9.525, 9.468","102, 102, 102, 102, 102",,37360,/home/iiitd/heterogeneous/heterogeneous_edge/images/bear,/home/iiitd/heterogeneous/heterogeneous_edge/test-clean/LibriSpeech/test-clean/1580/141083,9025.75390625,82,2828.125,"11.9, 7.4, 12.7, 1.1, 5.8, 3.0, 9.0, 2.2, 2.7, 0.9, 3.4, 1.0, 1.7, 1.6, 1.5, 1.5",5,1452.80205655527,31.108741760253906,16,24.0,12th Gen Intel(R) Core(TM) i5-12600K,NVIDIA GeForce RTX 3090
1,ssssd,0.08641232773660647,44.02146816253662,"Speech, Speech, Speech, Speech, Detect","0.020890, 0.020941, 0.020954, 0.020911, 0.002716","9.071, 9.354, 9.321, 9.450, 6.826","102, 102, 102, 102, 508",307200,37360,/home/iiitd/heterogeneous/heterogeneous_edge/images/bear,/home/iiitd/heterogeneous/heterogeneous_edge/test-clean/LibriSpeech/test-clean/1580/141083,8882.328125,82,2828.125,"3.3, 1.8, 26.0, 4.3, 10.5, 1.9, 11.3, 3.6, 7.7, 5.6, 12.7, 2.2, 2.0, 1.9, 1.9, 2.3",6,1452.0212765957447,31.108741760253906,16,24.0,12th Gen Intel(R) Core(TM) i5-12600K,NVIDIA GeForce RTX 3090
1,ssssp,0.08686025416859657,47.00172781944275,"Speech, Speech, Speech, Speech, Predict","0.020891, 0.020924, 0.020867, 0.020955, 0.003223","9.269, 10.057, 10.078, 9.971, 7.627","102, 102, 102, 102, 508",307200,37360,/home/iiitd/heterogeneous/heterogeneous_edge/images/bear,/home/iiitd/heterogeneous/heterogeneous_edge/test-clean/LibriSpeech/test-clean/1580/141083,8897.2421875,81,2828.125,"3.6, 10.5, 14.4, 2.8, 19.6, 3.6, 6.8, 2.3, 10.7, 2.8, 9.9, 1.4, 1.9, 1.8, 1.8, 2.1",6,1450.8445945945946,31.108741760253906,16,24.0,12th Gen Intel(R) Core(TM) i5-12600K,NVIDIA GeForce RTX 3090
1,sssds,0.08674220657711904,44.032973527908325,"Speech, Speech, Speech, Detect, Speech","0.020957, 0.020952, 0.021034, 0.002723, 0.021077","9.624, 9.222, 9.075, 6.781, 9.331","102, 102, 102, 508, 102",307200,37360,/home/iiitd/heterogeneous/heterogeneous_edge/images/bear,/home/iiitd/heterogeneous/heterogeneous_edge/test-clean/LibriSpeech/test-clean/1580/141083,8999.58984375,82,2828.125,"10.4, 12.0, 15.7, 6.2, 9.6, 1.3, 4.7, 4.1, 19.1, 3.1, 3.0, 3.3, 1.7, 1.9, 2.2, 2.0",6,1520.632183908046,31.108741760253906,16,24.0,12th Gen Intel(R) Core(TM) i5-12600K,NVIDIA GeForce RTX 3090
1,sssdd,0.06813425073336421,42.64408588409424,"Speech, Speech, Speech, Detect, Detect","0.020886, 0.020946, 0.020856, 0.002721, 0.002726","9.948, 9.912, 9.071, 6.869, 6.844","102, 102, 102, 508, 508",307200,37360,/home/iiitd/heterogeneous/heterogeneous_edge/images/bear,/home/iiitd/heterogeneous/heterogeneous_edge/test-clean/LibriSpeech/test-clean/1580/141083,9023.69140625,82,2827.3125,"3.3, 6.0, 19.3, 1.6, 16.3, 1.5, 9.9, 3.4, 21.1, 6.7, 2.6, 1.7, 1.8, 2.0, 2.1, 1.9",6,1519.4727272727273,31.108741760253906,16,24.0,12th Gen Intel(R) Core(TM) i5-12600K,NVIDIA GeForce RTX 3090
1,sssdp,0.06890350671607225,42.54659104347229,"Speech, Speech, Speech, Detect, Predict","0.021090, 0.020897, 0.020943, 0.002748, 0.003227","9.271, 9.562, 9.106, 6.902, 7.705","102, 102, 102, 508, 508",307200,37360,/home/iiitd/heterogeneous/heterogeneous_edge/images/bear,/home/iiitd/heterogeneous/heterogeneous_edge/test-clean/LibriSpeech/test-clean/1580/141083,8987.5859375,82,2828.125,"10.0, 11.5, 19.5, 8.6, 3.1, 2.2, 4.6, 1.2, 17.1, 4.5, 5.3, 9.1, 1.8, 1.5, 1.7, 1.7",7,1494.1825095057034,31.108741760253906,16,24.0,12th Gen Intel(R) Core(TM) i5-12600K,NVIDIA GeForce RTX 3090
1,sssps,0.08707126181102362,44.52472448348999,"Speech, Speech, Speech, Predict, Speech","0.020930, 0.020896, 0.020891, 0.003227, 0.021127","9.368, 9.006, 9.339, 7.677, 9.134","102, 102, 102, 508, 102",307200,37360,/home/iiitd/heterogeneous/heterogeneous_edge/images/bear,/home/iiitd/heterogeneous/heterogeneous_edge/test-clean/LibriSpeech/test-clean/1580/141083,9099.95703125,82,2828.125,"17.1, 12.6, 12.0, 5.2, 3.3, 0.8, 12.3, 1.6, 18.7, 2.6, 5.7, 1.5, 2.1, 1.9, 1.9, 1.8",7,1418.0935251798562,31.108741760253906,16,24.0,12th Gen Intel(R) Core(TM) i5-12600K,NVIDIA GeForce RTX 3090
1,ssspd,0.06877999073645207,43.75724267959595,"Speech, Speech, Speech, Predict, Detect","0.020963, 0.020986, 0.020890, 0.003216, 0.002725","10.058, 10.220, 9.038, 7.614, 6.828","102, 102, 102, 508, 508",307200,37360,/home/iiitd/heterogeneous/heterogeneous_edge/images/bear,/home/iiitd/heterogeneous/heterogeneous_edge/test-clean/LibriSpeech/test-clean/1580/141083,9033.0390625,82,2828.125,"6.7, 1.8, 16.1, 3.7, 21.7, 8.2, 10.1, 8.1, 7.6, 2.8, 2.6, 1.3, 1.4, 1.6, 1.3, 1.4",7,1526.5714285714287,31.108741760253906,16,24.0,12th Gen Intel(R) Core(TM) i5-12600K,NVIDIA GeForce RTX 3090
1,ssspp,0.06924390944881889,42.52086114883423,"Speech, Speech, Speech, Predict, Predict","0.020911, 0.020935, 0.020937, 0.003233, 0.003228","9.023, 9.087, 9.105, 7.674, 7.632","102, 102, 102, 508, 508",307200,37360,/home/iiitd/heterogeneous/heterogeneous_edge/images/bear,/home/iiitd/heterogeneous/heterogeneous_edge/test-clean/LibriSpeech/test-clean/1580/141083,9177.65625,82,2828.125,"2.5, 12.8, 22.0, 11.3, 17.5, 7.0, 8.0, 1.5, 2.7, 0.3, 9.8, 1.7, 1.6, 1.8, 1.7, 1.8",7,1519.5,31.108741760253906,16,24.0,12th Gen Intel(R) Core(TM) i5-12600K,NVIDIA GeForce RTX 3090
1,ssdss,0.08652787857032576,43.788607120513916,"Speech, Speech, Detect, Speech, Speech","0.020987, 0.020902, 0.002721, 0.020941, 0.020978","9.493, 8.981, 6.834, 8.984, 9.496","102, 102, 508, 102, 102",307200,37360,/home/iiitd/heterogeneous/heterogeneous_edge/images/bear,/home/iiitd/heterogeneous/heterogeneous_edge/test-clean/LibriSpeech/test-clean/1580/141083,9046.59765625,82,2828.125,"7.0, 10.6, 19.6, 5.1, 9.7, 18.6, 6.2, 10.8, 1.6, 2.1, 1.9, 1.6, 2.4, 2.6, 2.2, 2.1",8,1468.2481751824816,31.108741760253906,16,24.0,12th Gen Intel(R) Core(TM) i5-12600K,NVIDIA GeForce RTX 3090
1,ssdsd,0.06830740431526941,41.21489357948303,"Speech, Speech, Detect, Speech, Detect","0.020955, 0.020956, 0.002723, 0.020946, 0.002727","9.104, 9.491, 6.800, 9.040, 6.780","102, 102, 508, 102, 508",307200,37360,/home/iiitd/heterogeneous/heterogeneous_edge/images/bear,/home/iiitd/heterogeneous/heterogeneous_edge/test-clean/LibriSpeech/test-clean/1580/141083,8958.3125,82,2828.125,"12.2, 4.5, 28.8, 6.2, 2.8, 1.7, 18.5, 3.2, 6.8, 2.9, 5.0, 3.9, 2.0, 1.7, 1.7, 1.7",6,1511.6338582677165,31.108741760253906,16,24.0,12th Gen Intel(R) Core(TM) i5-12600K,NVIDIA GeForce RTX 3090
1,ssdsp,0.06869290292573722,42.01993370056152,"Speech, Speech, Detect, Speech, Predict","0.020896, 0.020883, 0.002734, 0.020951, 0.003229","9.450, 9.011, 6.854, 9.064, 7.641","102, 102, 508, 102, 508",307200,37360,/home/iiitd/heterogeneous/heterogeneous_edge/images/bear,/home/iiitd/heterogeneous/heterogeneous_edge/test-clean/LibriSpeech/test-clean/1580/141083,8990.5625,82,2828.125,"8.1, 4.8, 16.6, 3.1, 9.1, 4.9, 18.5, 11.5, 3.3, 1.5, 5.9, 8.6, 1.6, 1.9, 1.5, 1.4",7,1524.942528735632,31.108741760253906,16,24.0,12th Gen Intel(R) Core(TM) i5-12600K,NVIDIA GeForce RTX 3090
1,ssdds,0.06824271225104214,41.31436347961426,"Speech, Speech, Detect, Detect, Speech","0.020908, 0.020914, 0.002722, 0.002720, 0.020979","9.512, 9.081, 6.812, 6.801, 9.109","102, 102, 508, 508, 102",307200,37360,/home/iiitd/heterogeneous/heterogeneous_edge/images/bear,/home/iiitd/heterogeneous/heterogeneous_edge/test-clean/LibriSpeech/test-clean/1580/141083,8937.75,81,2828.125,"5.8, 0.9, 35.0, 2.1, 6.5, 1.2, 3.8, 9.2, 5.9, 6.2, 17.4, 1.5, 2.0, 1.9, 1.6, 1.6",7,1562.600806451613,31.108741760253906,16,24.0,12th Gen Intel(R) Core(TM) i5-12600K,NVIDIA GeForce RTX 3090
1,ssddd,0.050029571252122894,39.42110633850098,"Speech, Speech, Detect, Detect, Detect","0.020952, 0.020889, 0.002719, 0.002736, 0.002733","9.042, 9.918, 6.790, 6.830, 6.842","102, 102, 508, 508, 508",307200,37360,/home/iiitd/heterogeneous/heterogeneous_edge/images/bear,/home/iiitd/heterogeneous/heterogeneous_edge/test-clean/LibriSpeech/test-clean/1580/141083,8838.58203125,81,2828.125,"13.9, 3.0, 9.2, 7.8, 35.8, 2.8, 2.5, 0.4, 4.9, 15.2, 2.6, 0.1, 1.3, 1.0, 1.0, 1.1",5,1531.3320463320463,31.108741760253906,16,24.0,12th Gen Intel(R) Core(TM) i5-12600K,NVIDIA GeForce RTX 3090
1,ssddp,0.05045872772888682,39.571712493896484,"Speech, Speech, Detect, Detect, Predict","0.020856, 0.020883, 0.002736, 0.002758, 0.003225","9.078, 9.093, 6.885, 6.846, 7.669","102, 102, 508, 508, 508",307200,37360,/home/iiitd/heterogeneous/heterogeneous_edge/images/bear,/home/iiitd/heterogeneous/heterogeneous_edge/test-clean/LibriSpeech/test-clean/1580/141083,8900.38671875,82,2828.125,"17.5, 10.3, 16.1, 8.5, 3.0, 1.4, 13.1, 3.3, 6.5, 6.6, 6.5, 9.1, 1.6, 1.8, 1.8, 1.7",9,1556.9277108433735,31.108741760253906,16,24.0,12th Gen Intel(R) Core(TM) i5-12600K,NVIDIA GeForce RTX 3090
1,ssdps,0.06866834475837578,42.38943958282471,"Speech, Speech, Detect, Predict, Speech","0.020932, 0.020891, 0.002727, 0.003224, 0.020893","9.724, 9.095, 6.814, 7.670, 9.086","102, 102, 508, 508, 102",307200,37360,/home/iiitd/heterogeneous/heterogeneous_edge/images/bear,/home/iiitd/heterogeneous/heterogeneous_edge/test-clean/LibriSpeech/test-clean/1580/141083,8865.88671875,82,2828.125,"18.1, 1.6, 4.3, 0.8, 21.6, 10.9, 9.8, 1.3, 10.0, 5.2, 3.6, 6.4, 1.7, 1.5, 1.4, 1.5",7,1549.1860465116279,31.108741760253906,16,24.0,12th Gen Intel(R) Core(TM) i5-12600K,NVIDIA GeForce RTX 3090
1,ssdpd,0.05049527153774896,40.25305914878845,"Speech, Speech, Detect, Predict, Detect","0.020903, 0.020921, 0.002724, 0.003218, 0.002730","9.987, 9.001, 6.811, 7.625, 6.829","102, 102, 508, 508, 508",307200,37360,/home/iiitd/heterogeneous/heterogeneous_edge/images/bear,/home/iiitd/heterogeneous/heterogeneous_edge/test-clean/LibriSpeech/test-clean/1580/141083,8982.14453125,82,2828.125,"6.9, 14.5, 26.8, 1.5, 16.4, 9.5, 7.6, 0.6, 1.4, 2.5, 7.8, 0.6, 1.3, 1.6, 1.4, 1.4",7,1522.5862068965516,31.108741760253906,16,24.0,12th Gen Intel(R) Core(TM) i5-12600K,NVIDIA GeForce RTX 3090
1,ssdpp,0.051078668905357415,41.39105272293091,"Speech, Speech, Detect, Predict, Predict","0.020993, 0.020920, 0.002714, 0.003228, 0.003224","9.643, 9.473, 6.813, 7.801, 7.661","102, 102, 508, 508, 508",307200,37360,/home/iiitd/heterogeneous/heterogeneous_edge/images/bear,/home/iiitd/heterogeneous/heterogeneous_edge/test-clean/LibriSpeech/test-clean/1580/141083,8893.19140625,82,2828.125,"2.1, 0.5, 16.6, 2.4, 36.5, 0.9, 18.1, 1.5, 9.8, 0.9, 5.1, 2.9, 1.4, 0.9, 0.8, 1.1",5,1613.5714285714287,31.108741760253906,16,24.0,12th Gen Intel(R) Core(TM) i5-12600K,NVIDIA GeForce RTX 3090
1,sspss,0.0869444412150687,45.32351469993591,"Speech, Speech, Predict, Speech, Speech","0.020910, 0.020887, 0.003237, 0.020952, 0.020958","9.106, 10.292, 7.654, 9.077, 9.194","102, 102, 508, 102, 102",307200,37360,/home/iiitd/heterogeneous/heterogeneous_edge/images/bear,/home/iiitd/heterogeneous/heterogeneous_edge/test-clean/LibriSpeech/test-clean/1580/141083,8913.71875,81,2828.125,"9.5, 16.8, 26.1, 7.4, 5.3, 0.2, 8.1, 1.1, 11.3, 1.7, 4.0, 2.9, 2.1, 2.0, 2.1, 1.8",7,1485.6964285714287,31.108741760253906,16,24.0,12th Gen Intel(R) Core(TM) i5-12600K,NVIDIA GeForce RTX 3090
1,sspsd,0.06879960220781225,53.433642625808716,"Speech, Speech, Predict, Speech, Detect","0.020977, 0.020960, 0.003222, 0.020919, 0.002722","14.045, 13.819, 7.674, 11.051, 6.845","102, 102, 508, 102, 508",307200,37360,/home/iiitd/heterogeneous/heterogeneous_edge/images/bear,/home/iiitd/heterogeneous/heterogeneous_edge/test-clean/LibriSpeech/test-clean/1580/141083,8995.78125,82,2827.3125,"18.9, 13.0, 15.8, 1.4, 9.1, 1.4, 4.1, 2.8, 3.7, 0.7, 2.1, 5.1, 1.6, 1.5, 1.7, 1.5",5,1582.8260869565217,31.108741760253906,16,24.0,12th Gen Intel(R) Core(TM) i5-12600K,NVIDIA GeForce RTX 3090
1,sspsp,0.0691844517909526,76.36300039291382,"Speech, Speech, Predict, Speech, Predict","0.020925, 0.020983, 0.003222, 0.020827, 0.003228","42.430, 9.476, 7.679, 9.121, 7.657","102, 102, 508, 102, 508",307200,37360,/home/iiitd/heterogeneous/heterogeneous_edge/images/bear,/home/iiitd/heterogeneous/heterogeneous_edge/test-clean/LibriSpeech/test-clean/1580/141083,8820.20703125,82,2827.3125,"1.3, 1.3, 14.9, 7.5, 4.0, 3.6, 5.6, 6.9, 8.1, 0.5, 1.9, 0.7, 1.1, 1.2, 1.0, 1.0",5,1490.9605263157894,31.108741760253906,16,24.0,12th Gen Intel(R) Core(TM) i5-12600K,NVIDIA GeForce RTX 3090
1,sspds,0.0688778727420102,42.58656978607178,"Speech, Speech, Predict, Detect, Speech","0.020863, 0.020866, 0.003221, 0.002716, 0.021213","9.982, 9.117, 7.667, 6.773, 9.048","102, 102, 508, 508, 102",307200,37360,/home/iiitd/heterogeneous/heterogeneous_edge/images/bear,/home/iiitd/heterogeneous/heterogeneous_edge/test-clean/LibriSpeech/test-clean/1580/141083,8839.32421875,82,2827.3125,"2.3, 1.9, 28.3, 2.2, 9.9, 5.1, 8.6, 3.2, 24.2, 2.2, 7.4, 0.5, 1.6, 1.8, 1.7, 1.6",6,1541.1931818181818,31.108741760253906,16,24.0,12th Gen Intel(R) Core(TM) i5-12600K,NVIDIA GeForce RTX 3090
1,sspdd,0.05046082962791416,39.92860269546509,"Speech, Speech, Predict, Detect, Detect","0.020896, 0.020887, 0.003224, 0.002724, 0.002730","9.549, 9.095, 7.646, 6.826, 6.813","102, 102, 508, 508, 508",307200,37360,/home/iiitd/heterogeneous/heterogeneous_edge/images/bear,/home/iiitd/heterogeneous/heterogeneous_edge/test-clean/LibriSpeech/test-clean/1580/141083,8933.61328125,81,2827.3125,"18.2, 7.7, 16.1, 0.9, 21.3, 0.8, 6.8, 1.2, 10.9, 12.0, 1.7, 0.8, 1.6, 1.5, 1.6, 1.4",7,1550.953307392996,31.108741760253906,16,24.0,12th Gen Intel(R) Core(TM) i5-12600K,NVIDIA GeForce RTX 3090
1,sspdp,0.0511163739385518,40.20945429801941,"Speech, Speech, Predict, Detect, Predict","0.020903, 0.021042, 0.003224, 0.002727, 0.003221","9.072, 9.057, 7.652, 6.800, 7.629","102, 102, 508, 508, 508",307200,37360,/home/iiitd/heterogeneous/heterogeneous_edge/images/bear,/home/iiitd/heterogeneous/heterogeneous_edge/test-clean/LibriSpeech/test-clean/1580/141083,8869.5546875,82,2827.3125,"7.8, 2.9, 21.3, 16.6, 5.3, 1.6, 17.6, 1.9, 12.4, 3.1, 4.2, 4.4, 1.4, 1.4, 1.2, 1.1",6,1562.5097276264592,31.108741760253906,16,24.0,12th Gen Intel(R) Core(TM) i5-12600K,NVIDIA GeForce RTX 3090
1,sspps,0.06926028651381813,42.66460418701172,"Speech, Speech, Predict, Predict, Speech","0.020944, 0.021017, 0.003224, 0.003230, 0.020846","9.154, 9.128, 7.673, 7.666, 9.043","102, 102, 508, 508, 102",307200,37360,/home/iiitd/heterogeneous/heterogeneous_edge/images/bear,/home/iiitd/heterogeneous/heterogeneous_edge/test-clean/LibriSpeech/test-clean/1580/141083,9152.5703125,81,2827.3125,"17.1, 9.0, 16.8, 3.5, 20.3, 7.2, 13.9, 0.7, 7.0, 1.5, 9.6, 2.9, 1.8, 2.0, 1.7, 1.9",8,1552.3837209302326,31.108741760253906,16,24.0,12th Gen Intel(R) Core(TM) i5-12600K,NVIDIA GeForce RTX 3090
1,ssppd,0.05106120186814883,41.46102023124695,"Speech, Speech, Predict, Predict, Detect","0.020943, 0.020924, 0.003226, 0.003240, 0.002728","9.635, 9.682, 7.658, 7.659, 6.827","102, 102, 508, 508, 508",307200,37360,/home/iiitd/heterogeneous/heterogeneous_edge/images/bear,/home/iiitd/heterogeneous/heterogeneous_edge/test-clean/LibriSpeech/test-clean/1580/141083,9021.28125,81,2827.3125,"11.7, 25.3, 12.5, 14.5, 7.1, 0.6, 2.9, 0.7, 10.2, 0.9, 6.0, 3.8, 1.3, 1.1, 1.2, 1.0",7,1509.5,31.108741760253906,16,24.0,12th Gen Intel(R) Core(TM) i5-12600K,NVIDIA GeForce RTX 3090
1,ssppp,0.05153587146827235,42.79185485839844,"Speech, Speech, Predict, Predict, Predict","0.020937, 0.020923, 0.003229, 0.003223, 0.003224","9.136, 10.550, 7.731, 7.699, 7.675","102, 102, 508, 508, 508",307200,37360,/home/iiitd/heterogeneous/heterogeneous_edge/images/bear,/home/iiitd/heterogeneous/heterogeneous_edge/test-clean/LibriSpeech/test-clean/1580/141083,9021.89453125,82,2827.3125,"14.8, 15.6, 25.0, 11.3, 10.5, 0.8, 2.6, 7.6, 5.2, 1.6, 1.7, 1.5, 1.5, 1.6, 2.1, 1.2",7,1561.1406844106464,31.108741760253906,16,24.0,12th Gen Intel(R) Core(TM) i5-12600K,NVIDIA GeForce RTX 3090
1,sdsss,0.08662292596881273,43.88159418106079,"Speech, Detect, Speech, Speech, Speech","0.021208, 0.002719, 0.020946, 0.020815, 0.020935","9.134, 6.818, 9.066, 9.088, 9.775","102, 508, 102, 102, 102",307200,37360,/home/iiitd/heterogeneous/heterogeneous_edge/images/bear,/home/iiitd/heterogeneous/heterogeneous_edge/test-clean/LibriSpeech/test-clean/1580/141083,9075.73828125,82,2827.3125,"4.2, 3.1, 14.0, 8.3, 36.8, 5.7, 4.4, 1.5, 7.4, 0.7, 7.4, 1.3, 2.3, 2.3, 2.2, 2.1",6,1481.1923076923076,31.108741760253906,16,24.0,12th Gen Intel(R) Core(TM) i5-12600K,NVIDIA GeForce RTX 3090
1,sdssd,0.06814139296742319,42.53644847869873,"Speech, Detect, Speech, Speech, Detect","0.020930, 0.002714, 0.020848, 0.020925, 0.002725","9.841, 6.823, 9.426, 9.613, 6.833","102, 508, 102, 102, 508",307200,37360,/home/iiitd/heterogeneous/heterogeneous_edge/images/bear,/home/iiitd/heterogeneous/heterogeneous_edge/test-clean/LibriSpeech/test-clean/1580/141083,9061.890625,82,2827.3125,"11.0, 8.4, 17.1, 4.3, 17.4, 7.9, 4.3, 3.2, 6.6, 10.0, 0.9, 1.8, 2.0, 1.6, 1.6, 1.8",7,1508.5961538461538,31.108741760253906,16,24.0,12th Gen Intel(R) Core(TM) i5-12600K,NVIDIA GeForce RTX 3090
1,sdssp,0.06880558634398642,43.59073877334595,"Speech, Detect, Speech, Speech, Predict","0.020944, 0.002733, 0.020894, 0.021012, 0.003222","10.750, 6.835, 9.347, 9.025, 7.634","102, 508, 102, 102, 508",307200,37360,/home/iiitd/heterogeneous/heterogeneous_edge/images/bear,/home/iiitd/heterogeneous/heterogeneous_edge/test-clean/LibriSpeech/test-clean/1580/141083,9043.75,82,2827.3125,"13.8, 11.9, 16.1, 4.1, 25.5, 6.1, 9.1, 0.8, 3.6, 0.9, 0.9, 1.6, 2.1, 1.9, 1.9, 1.9",6,1590.0,31.108741760253906,16,24.0,12th Gen Intel(R) Core(TM) i5-12600K,NVIDIA GeForce RTX 3090
1,sdsds,0.06825105496371776,41.525251626968384,"Speech, Detect, Speech, Detect, Speech","0.020899, 0.002727, 0.020958, 0.002723, 0.020944","9.089, 6.807, 9.314, 6.822, 9.494","102, 508, 102, 508, 102",307200,37360,/home/iiitd/heterogeneous/heterogeneous_edge/images/bear,/home/iiitd/heterogeneous/heterogeneous_edge/test-clean/LibriSpeech/test-clean/1580/141083,9072.5078125,82,2827.3125,"21.0, 5.2, 21.3, 4.0, 9.8, 2.1, 5.9, 5.5, 5.9, 5.7, 5.3, 3.9, 1.8, 1.7, 1.9, 1.7",9,1547.3029045643154,31.108741760253906,16,24.0,12th Gen Intel(R) Core(TM) i5-12600K,NVIDIA GeForce RTX 3090
1,sdsdd,0.04996048463794967,39.975990772247314,"Speech, Detect, Speech, Detect, Detect","0.020888, 0.002757, 0.020874, 0.002717, 0.002725","9.602, 6.865, 9.874, 6.780, 6.855","102, 508, 102, 508, 508",307200,37360,/home/iiitd/heterogeneous/heterogeneous_edge/images/bear,/home/iiitd/heterogeneous/heterogeneous_edge/test-clean/LibriSpeech/test-clean/1580/141083,8939.7421875,81,2827.3125,"3.7, 0.7, 30.5, 5.6, 11.5, 9.3, 12.8, 0.5, 2.8, 1.2, 10.2, 7.0, 1.4, 1.1, 1.3, 1.1",7,1573.3266932270917,31.108741760253906,16,24.0,12th Gen Intel(R) Core(TM) i5-12600K,NVIDIA GeForce RTX 3090
1,sdsdp,0.05068645016983171,41.630293130874634,"Speech, Detect, Speech, Detect, Predict","0.021041, 0.002734, 0.020910, 0.002751, 0.003250","10.188, 6.836, 10.040, 6.879, 7.688","102, 508, 102, 508, 508",307200,37360,/home/iiitd/heterogeneous/heterogeneous_edge/images/bear,/home/iiitd/heterogeneous/heterogeneous_edge/test-clean/LibriSpeech/test-clean/1580/141083,8809.515625,81,2827.3125,"17.6, 3.6, 28.4, 6.9, 6.1, 6.6, 5.8, 1.9, 5.9, 2.2, 11.8, 1.7, 1.5, 1.0, 1.6, 1.7",8,1567.734375,31.108741760253906,16,24.0,12th Gen Intel(R) Core(TM) i5-12600K,NVIDIA GeForce RTX 3090
1,sdsps,0.06882792573722402,42.3891544342041,"Speech, Detect, Speech, Predict, Speech","0.021065, 0.002732, 0.020915, 0.003231, 0.020885","9.296, 6.823, 9.307, 7.653, 9.310","102, 508, 102, 508, 102",307200,37360,/home/iiitd/heterogeneous/heterogeneous_edge/images/bear,/home/iiitd/heterogeneous/heterogeneous_edge/test-clean/LibriSpeech/test-clean/1580/141083,8853.91796875,82,2827.3125,"6.4, 1.7, 19.8, 9.1, 3.3, 1.9, 9.2, 2.9, 8.7, 6.5, 16.6, 10.7, 1.7, 1.7, 1.5, 1.6",8,1566.7261904761904,31.108741760253906,16,24.0,12th Gen Intel(R) Core(TM) i5-12600K,NVIDIA GeForce RTX 3090
1,sdspd,0.05052689732901035,40.89421057701111,"Speech, Detect, Speech, Predict, Detect","0.020911, 0.002726, 0.020921, 0.003222, 0.002747","9.764, 6.821, 9.806, 7.635, 6.868","102, 508, 102, 508, 508",307200,37360,/home/iiitd/heterogeneous/heterogeneous_edge/images/bear,/home/iiitd/heterogeneous/heterogeneous_edge/test-clean/LibriSpeech/test-clean/1580/141083,8935.9453125,82,2827.3125,"3.3, 1.0, 44.4, 10.8, 5.7, 0.9, 6.1, 1.4, 3.7, 1.0, 12.5, 3.9, 1.3, 1.1, 1.3, 1.1",5,1538.0813953488373,31.108741760253906,16,24.0,12th Gen Intel(R) Core(TM) i5-12600K,NVIDIA GeForce RTX 3090
1,sdspp,0.051025153813493894,42.70022439956665,"Speech, Detect, Speech, Predict, Predict","0.020923, 0.002724, 0.020905, 0.003226, 0.003247","10.892, 6.810, 9.711, 7.625, 7.662","102, 508, 102, 508, 508",307200,37360,/home/iiitd/heterogeneous/heterogeneous_edge/images/bear,/home/iiitd/heterogeneous/heterogeneous_edge/test-clean/LibriSpeech/test-clean/1580/141083,8782.75,81,2827.3125,"6.1, 3.0, 13.2, 7.4, 9.7, 5.4, 30.6, 8.0, 4.1, 0.8, 4.5, 1.2, 1.4, 1.5, 1.5, 1.4",7,1601.5991902834007,31.108741760253906,16,24.0,12th Gen Intel(R) Core(TM) i5-12600K,NVIDIA GeForce RTX 3090
1,sddss,0.0681573012582986,43.708412170410156,"Speech, Detect, Detect, Speech, Speech","0.020871, 0.002732, 0.002734, 0.020935, 0.020885","10.206, 6.810, 6.804, 10.584, 9.305","102, 508, 508, 102, 102",307200,37360,/home/iiitd/heterogeneous/heterogeneous_edge/images/bear,/home/iiitd/heterogeneous/heterogeneous_edge/test-clean/LibriSpeech/test-clean/1580/141083,8974.765625,82,2827.3125,"14.3, 7.9, 9.5, 3.9, 13.1, 4.0, 25.0, 3.0, 5.5, 0.8, 2.0, 1.0, 1.4, 1.4, 1.3, 1.2",6,1545.973282442748,31.108741760253906,16,24.0,12th Gen Intel(R) Core(TM) i5-12600K,NVIDIA GeForce RTX 3090
1,sddsd,0.05001857765941023,39.42234420776367,"Speech, Detect, Detect, Speech, Detect","0.020840, 0.002726, 0.002742, 0.021001, 0.002709","9.585, 6.806, 6.867, 9.356, 6.808","102, 508, 508, 102, 508",307200,37360,/home/iiitd/heterogeneous/heterogeneous_edge/images/bear,/home/iiitd/heterogeneous/heterogeneous_edge/test-clean/LibriSpeech/test-clean/1580/141083,8848.3828125,82,2827.3125,"8.6, 10.4, 24.6, 15.8, 3.8, 0.6, 13.1, 3.1, 6.3, 0.7, 1.6, 6.1, 1.3, 1.2, 1.2, 1.1",7,1588.0408163265306,31.108741760253906,16,24.0,12th Gen Intel(R) Core(TM) i5-12600K,NVIDIA GeForce RTX 3090
1,sddsp,0.05077412664041995,41.0885272026062,"Speech, Detect, Detect, Speech, Predict","0.020861, 0.002732, 0.002715, 0.021238, 0.003228","9.742, 6.858, 6.779, 10.031, 7.678","102, 508, 508, 102, 508",307200,37360,/home/iiitd/heterogeneous/heterogeneous_edge/images/bear,/home/iiitd/heterogeneous/heterogeneous_edge/test-clean/LibriSpeech/test-clean/1580/141083,8953.08203125,81,2827.3125,"1.2, 2.0, 25.0, 7.9, 12.6, 7.1, 6.0, 11.2, 5.6, 0.8, 5.4, 11.2, 1.1, 0.9, 1.4, 1.3",9,1577.1513944223107,31.108741760253906,16,24.0,12th Gen Intel(R) Core(TM) i5-12600K,NVIDIA GeForce RTX 3090
1,sddds,0.049939667670217694,40.39792442321777,"Speech, Detect, Detect, Detect, Speech","0.020831, 0.002721, 0.002745, 0.002728, 0.020915","10.377, 6.795, 6.855, 6.819, 9.552","102, 508, 508, 508, 102",307200,37360,/home/iiitd/heterogeneous/heterogeneous_edge/images/bear,/home/iiitd/heterogeneous/heterogeneous_edge/test-clean/LibriSpeech/test-clean/1580/141083,8908.61328125,82,2827.3125,"2.7, 5.2, 10.2, 21.3, 2.7, 0.5, 6.4, 1.3, 15.0, 1.9, 13.5, 15.1, 1.5, 1.3, 1.3, 1.4",7,1594.5,31.108741760253906,16,24.0,12th Gen Intel(R) Core(TM) i5-12600K,NVIDIA GeForce RTX 3090
1,sdddd,0.03184838960938706,37.0257248878479,"Speech, Detect, Detect, Detect, Detect","0.020919, 0.002743, 0.002721, 0.002730, 0.002734","9.762, 6.819, 6.819, 6.808, 6.817","102, 508, 508, 508, 508",307200,37360,/home/iiitd/heterogeneous/heterogeneous_edge/images/bear,/home/iiitd/heterogeneous/heterogeneous_edge/test-clean/LibriSpeech/test-clean/1580/141083,8804.54296875,81,2828.125,"4.6, 6.6, 27.4, 0.1, 7.9, 17.2, 14.2, 5.5, 4.2, 2.6, 8.5, 1.3, 0.9, 1.1, 1.2, 1.0",7,1605.3164556962026,31.108741760253906,16,24.0,12th Gen Intel(R) Core(TM) i5-12600K,NVIDIA GeForce RTX 3090
1,sdddp,0.03229485714837116,38.96343016624451,"Speech, Detect, Detect, Detect, Predict","0.020899, 0.002714, 0.002725, 0.002732, 0.003225","10.882, 6.802, 6.840, 6.789, 7.650","102, 508, 508, 508, 508",307200,37360,/home/iiitd/heterogeneous/heterogeneous_edge/images/bear,/home/iiitd/heterogeneous/heterogeneous_edge/test-clean/LibriSpeech/test-clean/1580/141083,8807.03125,81,2828.125,"1.8, 0.7, 7.8, 7.0, 26.5, 7.2, 18.6, 8.1, 6.8, 9.6, 2.7, 0.1, 0.9, 0.8, 1.0, 0.9",8,1614.6153846153845,31.108741760253906,16,24.0,12th Gen Intel(R) Core(TM) i5-12600K,NVIDIA GeForce RTX 3090
1,sddps,0.05044484939014976,41.65201425552368,"Speech, Detect, Detect, Predict, Speech","0.020899, 0.002721, 0.002727, 0.003233, 0.020865","9.964, 6.831, 6.875, 7.655, 10.327","102, 508, 508, 508, 102",307200,37360,/home/iiitd/heterogeneous/heterogeneous_edge/images/bear,/home/iiitd/heterogeneous/heterogeneous_edge/test-clean/LibriSpeech/test-clean/1580/141083,8978.2109375,82,2828.125,"4.5, 2.6, 3.6, 0.2, 20.7, 1.0, 26.6, 22.1, 3.7, 1.4, 8.3, 2.4, 1.8, 1.3, 1.7, 1.3",4,1572.0348837209303,31.108741760253906,16,24.0,12th Gen Intel(R) Core(TM) i5-12600K,NVIDIA GeForce RTX 3090
1,sddpd,0.03229409066697545,38.93720364570618,"Speech, Detect, Detect, Predict, Detect","0.020902, 0.002713, 0.002734, 0.003228, 0.002717","10.833, 6.785, 6.850, 7.683, 6.786","102, 508, 508, 508, 508",307200,37360,/home/iiitd/heterogeneous/heterogeneous_edge/images/bear,/home/iiitd/heterogeneous/heterogeneous_edge/test-clean/LibriSpeech/test-clean/1580/141083,8791.77734375,82,2828.125,"12.3, 6.3, 25.0, 0.5, 14.4, 7.4, 18.7, 0.2, 9.2, 0.2, 2.3, 0.4, 0.6, 1.0, 0.8, 0.9",7,1575.6626506024097,31.108741760253906,16,24.0,12th Gen Intel(R) Core(TM) i5-12600K,NVIDIA GeForce RTX 3090
1,sddpp,0.03281296024394009,38.12456226348877,"Speech, Detect, Detect, Predict, Predict","0.020915, 0.002718, 0.002719, 0.003234, 0.003227","9.232, 6.807, 6.809, 7.638, 7.638","102, 508, 508, 508, 508",307200,37360,/home/iiitd/heterogeneous/heterogeneous_edge/images/bear,/home/iiitd/heterogeneous/heterogeneous_edge/test-clean/LibriSpeech/test-clean/1580/141083,8801.63671875,80,2828.125,"6.7, 2.4, 38.7, 15.6, 2.3, 0.5, 15.0, 8.9, 2.7, 3.0, 2.9, 1.1, 0.6, 1.1, 1.0, 0.8",5,1598.20987654321,31.108741760253906,16,24.0,12th Gen Intel(R) Core(TM) i5-12600K,NVIDIA GeForce RTX 3090
1,sdpss,0.06854483931604137,46.38904118537903,"Speech, Detect, Predict, Speech, Speech","0.020871, 0.002720, 0.003237, 0.020852, 0.020865","11.494, 6.829, 7.681, 10.981, 9.405","102, 508, 508, 102, 102",307200,37360,/home/iiitd/heterogeneous/heterogeneous_edge/images/bear,/home/iiitd/heterogeneous/heterogeneous_edge/test-clean/LibriSpeech/test-clean/1580/141083,8765.734375,82,2828.125,"3.5, 2.2, 33.0, 7.0, 14.4, 8.5, 4.7, 1.3, 9.4, 1.6, 1.8, 0.7, 1.6, 1.9, 1.3, 1.3",5,1545.8664259927798,31.108741760253906,16,24.0,12th Gen Intel(R) Core(TM) i5-12600K,NVIDIA GeForce RTX 3090
1,sdpsd,0.050541614482013275,42.16641712188721,"Speech, Detect, Predict, Speech, Detect","0.020920, 0.002740, 0.003235, 0.020911, 0.002736","9.529, 6.852, 7.657, 11.303, 6.824","102, 508, 508, 102, 508",307200,37360,/home/iiitd/heterogeneous/heterogeneous_edge/images/bear,/home/iiitd/heterogeneous/heterogeneous_edge/test-clean/LibriSpeech/test-clean/1580/141083,8928.6171875,81,2828.125,"14.9, 4.1, 19.1, 10.5, 12.5, 2.8, 3.7, 0.5, 6.5, 2.5, 11.2, 5.8, 1.4, 1.6, 1.6, 1.6",7,1520.5204460966543,31.108741760253906,16,24.0,12th Gen Intel(R) Core(TM) i5-12600K,NVIDIA GeForce RTX 3090
1,sdpsp,0.051021396016674395,43.103371143341064,"Speech, Detect, Predict, Speech, Predict","0.020942, 0.002720, 0.003232, 0.020898, 0.003229","11.560, 6.821, 7.645, 9.425, 7.651","102, 508, 508, 102, 508",307200,37360,/home/iiitd/heterogeneous/heterogeneous_edge/images/bear,/home/iiitd/heterogeneous/heterogeneous_edge/test-clean/LibriSpeech/test-clean/1580/141083,8911.87109375,81,2828.125,"8.4, 11.3, 33.3, 3.8, 9.0, 2.2, 3.6, 1.1, 8.6, 1.5, 6.1, 6.0, 1.3, 1.1, 1.1, 1.1",7,1568.5294117647059,31.108741760253906,16,24.0,12th Gen Intel(R) Core(TM) i5-12600K,NVIDIA GeForce RTX 3090
1,sdpds,0.05057477026401112,41.05952072143555,"Speech, Detect, Predict, Detect, Speech","0.020955, 0.002731, 0.003229, 0.002726, 0.020934","9.961, 6.806, 7.675, 6.799, 9.818","102, 508, 508, 508, 102",307200,37360,/home/iiitd/heterogeneous/heterogeneous_edge/images/bear,/home/iiitd/heterogeneous/heterogeneous_edge/test-clean/LibriSpeech/test-clean/1580/141083,8929.44140625,82,2828.125,"8.3, 23.0, 11.3, 12.6, 13.0, 1.9, 5.2, 0.7, 10.5, 1.1, 3.0, 4.2, 1.4, 1.3, 1.5, 1.0",7,1570.8235294117646,31.108741760253906,16,24.0,12th Gen Intel(R) Core(TM) i5-12600K,NVIDIA GeForce RTX 3090
1,sdpdd,0.032283110622201634,37.2299599647522,"Speech, Detect, Predict, Detect, Detect","0.020884, 0.002734, 0.003223, 0.002724, 0.002718","9.133, 6.829, 7.659, 6.812, 6.796","102, 508, 508, 508, 508",307200,37360,/home/iiitd/heterogeneous/heterogeneous_edge/images/bear,/home/iiitd/heterogeneous/heterogeneous_edge/test-clean/LibriSpeech/test-clean/1580/141083,8751.3046875,81,2828.125,"7.1, 12.4, 8.3, 8.1, 15.6, 6.0, 23.9, 2.7, 14.5, 0.5, 2.4, 0.3, 1.1, 1.3, 1.0, 0.8",8,1592.766393442623,31.108741760253906,16,24.0,12th Gen Intel(R) Core(TM) i5-12600K,NVIDIA GeForce RTX 3090
1,sdpdp,0.032745613324069785,39.572373151779175,"Speech, Detect, Predict, Detect, Predict","0.020866, 0.002710, 0.003223, 0.002719, 0.003228","10.634, 6.812, 7.635, 6.846, 7.645","102, 508, 508, 508, 508",307200,37360,/home/iiitd/heterogeneous/heterogeneous_edge/images/bear,/home/iiitd/heterogeneous/heterogeneous_edge/test-clean/LibriSpeech/test-clean/1580/141083,8791.62890625,81,2828.125,"6.2, 2.4, 12.4, 3.6, 3.8, 0.0, 48.7, 2.7, 9.8, 0.3, 7.7, 1.3, 1.3, 1.4, 1.2, 1.3",5,1636.8218623481782,31.108741760253906,16,24.0,12th Gen Intel(R) Core(TM) i5-12600K,NVIDIA GeForce RTX 3090
1,sdpps,0.05099443044619423,41.7248649597168,"Speech, Detect, Predict, Predict, Speech","0.020883, 0.002714, 0.003229, 0.003244, 0.020925","9.960, 6.819, 7.649, 7.713, 9.584","102, 508, 508, 508, 102",307200,37360,/home/iiitd/heterogeneous/heterogeneous_edge/images/bear,/home/iiitd/heterogeneous/heterogeneous_edge/test-clean/LibriSpeech/test-clean/1580/141083,8827.03515625,81,2827.6875,"7.2, 4.3, 26.1, 4.3, 19.6, 1.0, 23.6, 3.6, 1.6, 0.1, 3.1, 2.0, 1.2, 1.4, 1.3, 1.2",4,1569.1825095057034,31.108741760253906,16,24.0,12th Gen Intel(R) Core(TM) i5-12600K,NVIDIA GeForce RTX 3090
1,sdppd,0.032812234174772276,37.9423770904541,"Speech, Detect, Predict, Predict, Detect","0.020893, 0.002729, 0.003231, 0.003227, 0.002733","9.044, 6.798, 7.646, 7.646, 6.807","102, 508, 508, 508, 508",307200,37360,/home/iiitd/heterogeneous/heterogeneous_edge/images/bear,/home/iiitd/heterogeneous/heterogeneous_edge/test-clean/LibriSpeech/test-clean/1580/141083,8820.515625,81,2827.6875,"22.6, 1.2, 28.9, 14.4, 3.3, 14.7, 4.7, 0.6, 4.5, 1.5, 2.8, 0.7, 0.6, 0.6, 0.7, 0.8",4,1613.4860557768925,31.108741760253906,16,24.0,12th Gen Intel(R) Core(TM) i5-12600K,NVIDIA GeForce RTX 3090
1,sdppp,0.03329729809325305,39.27950096130371,"Speech, Detect, Predict, Predict, Predict","0.020878, 0.002736, 0.003232, 0.003216, 0.003234","9.513, 6.803, 7.645, 7.650, 7.668","102, 508, 508, 508, 508",307200,37360,/home/iiitd/heterogeneous/heterogeneous_edge/images/bear,/home/iiitd/heterogeneous/heterogeneous_edge/test-clean/LibriSpeech/test-clean/1580/141083,8833.0546875,81,2827.6875,"7.3, 4.6, 32.2, 5.5, 14.9, 4.3, 18.8, 0.7, 3.8, 6.8, 2.0, 0.6, 1.3, 1.0, 1.4, 1.2",6,1636.0282258064517,31.108741760253906,16,24.0,12th Gen Intel(R) Core(TM) i5-12600K,NVIDIA GeForce RTX 3090
1,spsss,0.08698245283310174,48.02987027168274,"Speech, Predict, Speech, Speech, Speech","0.020857, 0.003239, 0.021117, 0.020888, 0.020882","11.546, 7.699, 9.521, 9.564, 9.700","102, 508, 102, 102, 102",307200,37360,/home/iiitd/heterogeneous/heterogeneous_edge/images/bear,/home/iiitd/heterogeneous/heterogeneous_edge/test-clean/LibriSpeech/test-clean/1580/141083,8976.91796875,82,2827.6875,"3.7, 0.8, 9.7, 14.0, 20.2, 2.7, 6.7, 1.2, 5.7, 14.0, 3.4, 4.4, 2.4, 1.8, 1.8, 2.1",6,1458.28125,31.108741760253906,16,24.0,12th Gen Intel(R) Core(TM) i5-12600K,NVIDIA GeForce RTX 3090
1,spssd,0.06877003087849312,42.76930475234985,"Speech, Predict, Speech, Speech, Detect","0.021050, 0.003227, 0.020810, 0.020967, 0.002717","9.313, 7.617, 9.265, 9.757, 6.818","102, 508, 102, 102, 508",307200,37360,/home/iiitd/heterogeneous/heterogeneous_edge/images/bear,/home/iiitd/heterogeneous/heterogeneous_edge/test-clean/LibriSpeech/test-clean/1580/141083,8884.578125,82,2827.6875,"7.3, 5.9, 20.1, 2.6, 14.9, 1.2, 5.2, 3.5, 13.2, 3.3, 15.4, 2.7, 1.9, 2.0, 1.8, 1.5",7,1516.768060836502,31.108741760253906,16,24.0,12th Gen Intel(R) Core(TM) i5-12600K,NVIDIA GeForce RTX 3090
1,spssp,0.06907635460089546,47.49091172218323,"Speech, Predict, Speech, Speech, Predict","0.020892, 0.003218, 0.020906, 0.020834, 0.003227","12.445, 7.683, 9.257, 10.437, 7.669","102, 508, 102, 102, 508",307200,37360,/home/iiitd/heterogeneous/heterogeneous_edge/images/bear,/home/iiitd/heterogeneous/heterogeneous_edge/test-clean/LibriSpeech/test-clean/1580/141083,9055.5859375,82,2827.6875,"3.7, 2.2, 5.2, 8.7, 33.4, 7.1, 6.7, 0.5, 3.2, 6.6, 5.5, 4.5, 1.6, 1.5, 1.2, 1.4",7,1497.8413284132841,31.108741760253906,16,24.0,12th Gen Intel(R) Core(TM) i5-12600K,NVIDIA GeForce RTX 3090
1,spsds,0.06870938737069632,43.08879208564758,"Speech, Predict, Speech, Detect, Speech","0.020866, 0.003237, 0.020882, 0.002737, 0.020988","9.298, 7.673, 9.323, 6.851, 9.944","102, 508, 102, 508, 102",307200,37360,/home/iiitd/heterogeneous/heterogeneous_edge/images/bear,/home/iiitd/heterogeneous/heterogeneous_edge/test-clean/LibriSpeech/test-clean/1580/141083,8865.234375,82,2827.6875,"5.8, 15.5, 18.4, 2.2, 25.1, 3.4, 2.9, 1.8, 10.6, 0.8, 6.7, 2.5, 1.8, 1.5, 1.6, 1.7",6,1587.857142857143,31.108741760253906,16,24.0,12th Gen Intel(R) Core(TM) i5-12600K,NVIDIA GeForce RTX 3090
1,spsdd,0.050745201829550717,40.63583779335022,"Speech, Predict, Speech, Detect, Detect","0.020949, 0.003227, 0.021125, 0.002721, 0.002724","9.633, 7.656, 9.704, 6.830, 6.813","102, 508, 102, 508, 508",307200,37360,/home/iiitd/heterogeneous/heterogeneous_edge/images/bear,/home/iiitd/heterogeneous/heterogeneous_edge/test-clean/LibriSpeech/test-clean/1580/141083,8848.453125,81,2827.6875,"7.5, 3.0, 26.5, 9.8, 15.7, 10.8, 8.5, 0.1, 9.1, 1.1, 2.3, 0.8, 1.2, 1.1, 0.9, 1.0",7,1577.569721115538,31.108741760253906,16,24.0,12th Gen Intel(R) Core(TM) i5-12600K,NVIDIA GeForce RTX 3090
1,spsdp,0.05114682109773042,41.27762293815613,"Speech, Predict, Speech, Detect, Predict","0.020913, 0.003224, 0.021035, 0.002734, 0.003240","9.464, 7.614, 9.704, 6.840, 7.655","102, 508, 102, 508, 508",307200,37360,/home/iiitd/heterogeneous/heterogeneous_edge/images/bear,/home/iiitd/heterogeneous/heterogeneous_edge/test-clean/LibriSpeech/test-clean/1580/141083,8913.9921875,81,2827.6875,"4.2, 0.9, 35.5, 25.6, 13.4, 1.8, 6.4, 4.2, 1.9, 0.8, 1.8, 2.3, 1.9, 1.2, 1.2, 1.2",4,1605.8502024291497,31.108741760253906,16,24.0,12th Gen Intel(R) Core(TM) i5-12600K,NVIDIA GeForce RTX 3090
1,spsps,0.06924074536822604,44.54216194152832,"Speech, Predict, Speech, Predict, Speech","0.020874, 0.003226, 0.021009, 0.003231, 0.020901","9.779, 7.691, 9.781, 7.652, 9.640","102, 508, 102, 508, 102",307200,37360,/home/iiitd/heterogeneous/heterogeneous_edge/images/bear,/home/iiitd/heterogeneous/heterogeneous_edge/test-clean/LibriSpeech/test-clean/1580/141083,9023.58984375,82,2827.3125,"13.1, 5.9, 11.9, 3.3, 30.9, 2.8, 14.1, 0.7, 4.5, 2.0, 4.6, 0.5, 1.9, 1.6, 1.5, 1.6",5,1568.7078651685392,31.108741760253906,16,24.0,12th Gen Intel(R) Core(TM) i5-12600K,NVIDIA GeForce RTX 3090
1,spspd,0.05101236332406979,41.80046606063843,"Speech, Predict, Speech, Predict, Detect","0.020978, 0.003227, 0.020860, 0.003230, 0.002717","9.725, 7.676, 9.972, 7.644, 6.783","102, 508, 102, 508, 508",307200,37360,/home/iiitd/heterogeneous/heterogeneous_edge/images/bear,/home/iiitd/heterogeneous/heterogeneous_edge/test-clean/LibriSpeech/test-clean/1580/141083,8976.64453125,82,2827.3125,"14.6, 3.3, 11.3, 7.4, 8.2, 4.8, 7.4, 8.8, 14.9, 12.2, 3.9, 0.8, 1.5, 1.5, 1.3, 1.3",8,1537.442748091603,31.108741760253906,16,24.0,12th Gen Intel(R) Core(TM) i5-12600K,NVIDIA GeForce RTX 3090
1,spspp,0.05177728134167053,42.14868497848511,"Speech, Predict, Speech, Predict, Predict","0.021193, 0.003234, 0.020898, 0.003220, 0.003231","10.033, 7.663, 9.154, 7.635, 7.663","102, 508, 102, 508, 508",307200,37360,/home/iiitd/heterogeneous/heterogeneous_edge/images/bear,/home/iiitd/heterogeneous/heterogeneous_edge/test-clean/LibriSpeech/test-clean/1580/141083,8885.76953125,82,2827.3125,"11.7, 2.8, 26.3, 1.8, 30.0, 2.0, 8.9, 1.0, 4.8, 0.7, 6.3, 0.4, 1.0, 1.3, 1.4, 1.3",5,1586.30859375,31.108741760253906,16,24.0,12th Gen Intel(R) Core(TM) i5-12600K,NVIDIA GeForce RTX 3090
1,spdss,0.06888575073336423,44.478057622909546,"Speech, Predict, Detect, Speech, Speech","0.021058, 0.003243, 0.002732, 0.020945, 0.020906","10.761, 7.673, 6.838, 9.486, 9.720","102, 508, 508, 102, 102",307200,37360,/home/iiitd/heterogeneous/heterogeneous_edge/images/bear,/home/iiitd/heterogeneous/heterogeneous_edge/test-clean/LibriSpeech/test-clean/1580/141083,8834.625,82,2827.3125,"1.4, 1.3, 25.0, 9.4, 13.2, 16.3, 7.5, 1.3, 2.3, 0.9, 9.8, 3.6, 1.6, 1.6, 1.5, 1.6",6,1565.340909090909,31.108741760253906,16,24.0,12th Gen Intel(R) Core(TM) i5-12600K,NVIDIA GeForce RTX 3090
1,spdsd,0.050509796472132155,41.35622692108154,"Speech, Predict, Detect, Speech, Detect","0.020925, 0.003231, 0.002735, 0.020891, 0.002728","9.259, 7.688, 6.819, 10.769, 6.822","102, 508, 508, 102, 508",307200,37360,/home/iiitd/heterogeneous/heterogeneous_edge/images/bear,/home/iiitd/heterogeneous/heterogeneous_edge/test-clean/LibriSpeech/test-clean/1580/141083,8888.15625,81,2827.3125,"15.1, 1.6, 20.7, 3.4, 15.9, 14.7, 8.3, 1.2, 3.0, 5.5, 3.0, 2.4, 1.1, 1.1, 1.0, 1.0",6,1553.3333333333333,31.108741760253906,16,24.0,12th Gen Intel(R) Core(TM) i5-12600K,NVIDIA GeForce RTX 3090
1,spdsp,0.05108253956306933,42.36329770088196,"Speech, Predict, Detect, Speech, Predict","0.020942, 0.003235, 0.002728, 0.020948, 0.003229","10.433, 7.668, 6.806, 9.795, 7.661","102, 508, 508, 102, 508",307200,37360,/home/iiitd/heterogeneous/heterogeneous_edge/images/bear,/home/iiitd/heterogeneous/heterogeneous_edge/test-clean/LibriSpeech/test-clean/1580/141083,8884.73046875,82,2827.3125,"10.4, 10.2, 21.2, 3.4, 13.4, 6.4, 1.9, 0.8, 15.5, 5.6, 3.8, 1.6, 1.5, 1.0, 1.2, 1.1",7,1620.7831325301204,31.108741760253906,16,24.0,12th Gen Intel(R) Core(TM) i5-12600K,NVIDIA GeForce RTX 3090
1,spdds,0.05051582260305697,40.8964102268219,"Speech, Predict, Detect, Detect, Speech","0.020923, 0.003230, 0.002724, 0.002738, 0.020901","9.086, 7.633, 6.804, 6.816, 10.557","102, 508, 508, 508, 102",307200,37360,/home/iiitd/heterogeneous/heterogeneous_edge/images/bear,/home/iiitd/heterogeneous/heterogeneous_edge/test-clean/LibriSpeech/test-clean/1580/141083,9113.3828125,80,2827.3125,"3.6, 7.9, 23.3, 3.4, 11.5, 7.6, 4.4, 1.0, 6.6, 1.9, 22.2, 1.6, 1.2, 1.1, 1.2, 1.1",6,1595.2620967741937,31.108741760253906,16,24.0,12th Gen Intel(R) Core(TM) i5-12600K,NVIDIA GeForce RTX 3090
1,spddd,0.03235701184962173,37.49569249153137,"Speech, Predict, Detect, Detect, Detect","0.020974, 0.003218, 0.002716, 0.002726, 0.002721","9.374, 7.675, 6.791, 6.831, 6.826","102, 508, 508, 508, 508",307200,37360,/home/iiitd/heterogeneous/heterogeneous_edge/images/bear,/home/iiitd/heterogeneous/heterogeneous_edge/test-clean/LibriSpeech/test-clean/1580/141083,8931.453125,80,2827.3125,"18.3, 13.5, 4.3, 0.1, 4.6, 0.6, 24.7, 15.6, 11.7, 0.6, 6.4, 1.7, 1.5, 0.9, 1.3, 1.1",6,1565.8906882591093,31.108741760253906,16,24.0,12th Gen Intel(R) Core(TM) i5-12600K,NVIDIA GeForce RTX 3090
1,spddp,0.03282795287169986,39.347118854522705,"Speech, Predict, Detect, Detect, Predict","0.020912, 0.003226, 0.002740, 0.002717, 0.003233","10.292, 7.756, 6.833, 6.820, 7.646","102, 508, 508, 508, 508",307200,37360,/home/iiitd/heterogeneous/heterogeneous_edge/images/bear,/home/iiitd/heterogeneous/heterogeneous_edge/test-clean/LibriSpeech/test-clean/1580/141083,8834.9765625,82,2827.3125,"2.9, 1.3, 41.7, 2.6, 15.5, 8.6, 3.6, 0.3, 11.5, 4.0, 5.0, 0.5, 0.9, 1.1, 0.7, 0.9",4,1590.0,31.108741760253906,16,24.0,12th Gen Intel(R) Core(TM) i5-12600K,NVIDIA GeForce RTX 3090
1,spdps,0.05103166554732129,42.22189664840698,"Speech, Predict, Detect, Predict, Speech","0.020906, 0.003225, 0.002735, 0.003224, 0.020942","8.935, 7.675, 6.828, 7.620, 11.165","102, 508, 508, 508, 102",307200,37360,/home/iiitd/heterogeneous/heterogeneous_edge/images/bear,/home/iiitd/heterogeneous/heterogeneous_edge/test-clean/LibriSpeech/test-clean/1580/141083,8923.91015625,81,2828.125,"1.3, 1.9, 21.6, 6.6, 19.8, 0.6, 14.8, 3.9, 16.8, 1.9, 5.9, 0.5, 1.5, 1.3, 1.3, 1.6",6,1563.764705882353,31.108741760253906,16,24.0,12th Gen Intel(R) Core(TM) i5-12600K,NVIDIA GeForce RTX 3090
1,spdpd,0.03289438756368689,38.48309087753296,"Speech, Predict, Detect, Predict, Detect","0.020942, 0.003241, 0.002738, 0.003231, 0.002743","9.543, 7.650, 6.820, 7.652, 6.818","102, 508, 508, 508, 508",307200,37360,/home/iiitd/heterogeneous/heterogeneous_edge/images/bear,/home/iiitd/heterogeneous/heterogeneous_edge/test-clean/LibriSpeech/test-clean/1580/141083,8895.109375,82,2828.125,"9.2, 1.6, 30.2, 6.1, 17.0, 1.2, 22.3, 3.2, 3.9, 2.6, 1.7, 0.4, 1.0, 0.9, 0.9, 1.1",5,1581.4624505928855,31.108741760253906,16,24.0,12th Gen Intel(R) Core(TM) i5-12600K,NVIDIA GeForce RTX 3090
1,spdpp,0.03327241608769492,38.86966919898987,"Speech, Predict, Detect, Predict, Predict","0.020853, 0.003228, 0.002719, 0.003241, 0.003231","9.119, 7.657, 6.768, 7.690, 7.636","102, 508, 508, 508, 508",307200,37360,/home/iiitd/heterogeneous/heterogeneous_edge/images/bear,/home/iiitd/heterogeneous/heterogeneous_edge/test-clean/LibriSpeech/test-clean/1580/141083,8905.5390625,80,2828.125,"10.7, 28.6, 18.4, 29.5, 3.3, 0.1, 3.1, 1.8, 2.6, 1.9, 1.6, 3.5, 0.8, 1.0, 0.9, 1.2",4,1624.86,31.108741760253906,16,24.0,12th Gen Intel(R) Core(TM) i5-12600K,NVIDIA GeForce RTX 3090
1,sppss,0.06941561062220164,44.41183423995972,"Speech, Predict, Predict, Speech, Speech","0.020893, 0.003227, 0.003230, 0.020939, 0.021128","9.205, 7.634, 7.625, 10.405, 9.543","102, 508, 508, 102, 102",307200,37360,/home/iiitd/heterogeneous/heterogeneous_edge/images/bear,/home/iiitd/heterogeneous/heterogeneous_edge/test-clean/LibriSpeech/test-clean/1580/141083,8955.6171875,82,2828.125,"5.1, 6.7, 15.0, 3.1, 38.5, 3.5, 2.7, 2.8, 10.4, 0.5, 3.5, 0.9, 1.8, 1.6, 1.9, 1.6",5,1515.391791044776,31.108741760253906,16,24.0,12th Gen Intel(R) Core(TM) i5-12600K,NVIDIA GeForce RTX 3090
1,sppsd,0.05095093770264011,42.60452842712402,"Speech, Predict, Predict, Speech, Detect","0.020914, 0.003216, 0.003221, 0.020875, 0.002725","9.897, 7.635, 7.632, 10.623, 6.818","102, 508, 508, 102, 508",307200,37360,/home/iiitd/heterogeneous/heterogeneous_edge/images/bear,/home/iiitd/heterogeneous/heterogeneous_edge/test-clean/LibriSpeech/test-clean/1580/141083,8983.2734375,82,2828.125,"5.0, 2.2, 16.6, 0.9, 33.4, 21.6, 6.6, 0.9, 2.9, 1.7, 1.8, 1.0, 1.3, 1.1, 1.2, 1.3",4,1577.6966292134832,31.108741760253906,16,24.0,12th Gen Intel(R) Core(TM) i5-12600K,NVIDIA GeForce RTX 3090
1,sppsp,0.05155640721012815,42.42850661277771,"Speech, Predict, Predict, Speech, Predict","0.020936, 0.003229, 0.003226, 0.020936, 0.003229","9.682, 7.662, 7.659, 9.796, 7.631","102, 508, 508, 102, 508",307200,37360,/home/iiitd/heterogeneous/heterogeneous_edge/images/bear,/home/iiitd/heterogeneous/heterogeneous_edge/test-clean/LibriSpeech/test-clean/1580/141083,8878.296875,81,2828.125,"12.3, 8.7, 17.4, 1.9, 25.7, 0.1, 1.9, 0.8, 5.3, 1.4, 13.0, 5.6, 1.0, 0.9, 1.0, 1.0",7,1587.0229007633588,31.108741760253906,16,24.0,12th Gen Intel(R) Core(TM) i5-12600K,NVIDIA GeForce RTX 3090
1,sppds,0.05102692901806392,41.51400113105774,"Speech, Predict, Predict, Detect, Speech","0.020917, 0.003231, 0.003219, 0.002733, 0.020926","10.208, 7.639, 7.636, 6.788, 9.243","102, 508, 508, 508, 102",307200,37360,/home/iiitd/heterogeneous/heterogeneous_edge/images/bear,/home/iiitd/heterogeneous/heterogeneous_edge/test-clean/LibriSpeech/test-clean/1580/141083,8917.66796875,82,2828.125,"17.8, 3.9, 10.7, 3.3, 20.7, 1.1, 7.6, 6.7, 8.0, 4.3, 11.9, 0.9, 1.2, 1.3, 1.3, 1.4",7,1598.5119047619048,31.108741760253906,16,24.0,12th Gen Intel(R) Core(TM) i5-12600K,NVIDIA GeForce RTX 3090
1,sppdd,0.032824524394009576,38.62720990180969,"Speech, Predict, Predict, Detect, Detect","0.020914, 0.003229, 0.003232, 0.002729, 0.002720","9.654, 7.669, 7.666, 6.808, 6.830","102, 508, 508, 508, 508",307200,37360,/home/iiitd/heterogeneous/heterogeneous_edge/images/bear,/home/iiitd/heterogeneous/heterogeneous_edge/test-clean/LibriSpeech/test-clean/1580/141083,8796.68359375,81,2828.125,"3.1, 1.2, 20.2, 17.3, 6.0, 1.2, 26.5, 19.8, 3.8, 1.0, 2.7, 0.3, 1.3, 1.1, 1.1, 0.8",5,1612.9446640316205,31.108741760253906,16,24.0,12th Gen Intel(R) Core(TM) i5-12600K,NVIDIA GeForce RTX 3090
1,sppdp,0.0333035804384746,39.90061664581299,"Speech, Predict, Predict, Detect, Predict","0.020888, 0.003232, 0.003239, 0.002719, 0.003226","10.152, 7.648, 7.663, 6.796, 7.642","102, 508, 508, 508, 508",307200,37360,/home/iiitd/heterogeneous/heterogeneous_edge/images/bear,/home/iiitd/heterogeneous/heterogeneous_edge/test-clean/LibriSpeech/test-clean/1580/141083,8874.2265625,81,2828.125,"5.5, 12.9, 19.6, 3.5, 29.5, 7.4, 4.1, 3.3, 4.6, 2.8, 5.1, 0.3, 0.9, 0.7, 0.5, 0.9",6,1662.7620967741937,31.108741760253906,16,24.0,12th Gen Intel(R) Core(TM) i5-12600K,NVIDIA GeForce RTX 3090
1,sppps,0.05150846742318975,42.69847655296326,"Speech, Predict, Predict, Predict, Speech","0.020924, 0.003230, 0.003229, 0.003226, 0.020899","9.913, 7.618, 7.645, 7.631, 9.891","102, 508, 508, 508, 102",307200,37360,/home/iiitd/heterogeneous/heterogeneous_edge/images/bear,/home/iiitd/heterogeneous/heterogeneous_edge/test-clean/LibriSpeech/test-clean/1580/141083,8934.984375,82,2828.125,"5.8, 15.7, 11.5, 6.9, 5.8, 0.9, 19.5, 0.6, 17.9, 0.3, 11.0, 1.3, 1.6, 1.1, 1.3, 1.4",8,1563.5094339622642,31.108741760253906,16,24.0,12th Gen Intel(R) Core(TM) i5-12600K,NVIDIA GeForce RTX 3090
1,spppd,0.0334012874015748,39.93103528022766,"Speech, Predict, Predict, Predict, Detect","0.020970, 0.003226, 0.003243, 0.003230, 0.002732","10.138, 7.667, 7.668, 7.643, 6.814","102, 508, 508, 508, 508",307200,37360,/home/iiitd/heterogeneous/heterogeneous_edge/images/bear,/home/iiitd/heterogeneous/heterogeneous_edge/test-clean/LibriSpeech/test-clean/1580/141083,8810.28125,80,2828.125,"6.7, 18.8, 11.4, 6.4, 35.1, 2.0, 7.3, 0.7, 1.5, 0.6, 9.7, 0.1, 1.2, 0.5, 0.8, 1.0",7,1566.73828125,31.108741760253906,16,24.0,12th Gen Intel(R) Core(TM) i5-12600K,NVIDIA GeForce RTX 3090
1,spppp,0.033890846456692915,40.70791244506836,"Speech, Predict, Predict, Predict, Predict","0.020954, 0.003231, 0.003230, 0.003243, 0.003234","10.018, 7.654, 7.677, 7.683, 7.676","102, 508, 508, 508, 508",307200,37360,/home/iiitd/heterogeneous/heterogeneous_edge/images/bear,/home/iiitd/heterogeneous/heterogeneous_edge/test-clean/LibriSpeech/test-clean/1580/141083,8937.96875,81,2828.125,"19.1, 8.0, 11.9, 15.4, 27.6, 6.8, 2.4, 0.3, 1.7, 1.1, 5.9, 0.8, 0.9, 1.1, 0.8, 0.7",7,1612.6470588235295,31.108741760253906,16,24.0,12th Gen Intel(R) Core(TM) i5-12600K,NVIDIA GeForce RTX 3090
1,dssss,0.08643064840975759,45.189560413360596,"Detect, Speech, Speech, Speech, Speech","0.002730, 0.020910, 0.020941, 0.020912, 0.020937","6.831, 9.971, 9.207, 9.874, 9.306","508, 102, 102, 102, 102",307200,37360,/home/iiitd/heterogeneous/heterogeneous_edge/images/bear,/home/iiitd/heterogeneous/heterogeneous_edge/test-clean/LibriSpeech/test-clean/1580/141083,8969.54296875,82,2828.125,"11.6, 1.4, 28.8, 5.6, 12.1, 5.4, 7.6, 1.4, 3.5, 0.7, 10.6, 3.4, 2.0, 2.5, 2.1, 2.4",7,1454.6223021582734,31.108741760253906,16,24.0,12th Gen Intel(R) Core(TM) i5-12600K,NVIDIA GeForce RTX 3090
1,dsssd,0.06814274478925429,45.041468143463135,"Detect, Speech, Speech, Speech, Detect","0.002738, 0.020903, 0.020871, 0.020892, 0.002738","6.839, 9.536, 9.310, 12.548, 6.809","508, 102, 102, 102, 508",307200,37360,/home/iiitd/heterogeneous/heterogeneous_edge/images/bear,/home/iiitd/heterogeneous/heterogeneous_edge/test-clean/LibriSpeech/test-clean/1580/141083,8990.90234375,82,2828.125,"4.1, 14.1, 12.7, 3.8, 20.2, 3.1, 3.6, 1.1, 7.3, 5.4, 4.6, 7.7, 1.8, 1.5, 1.4, 1.4",6,1481.634980988593,31.108741760253906,16,24.0,12th Gen Intel(R) Core(TM) i5-12600K,NVIDIA GeForce RTX 3090
1,dsssp,0.06866120229272811,43.427505016326904,"Detect, Speech, Speech, Speech, Predict","0.002716, 0.020872, 0.020944, 0.020899, 0.003231","6.798, 9.514, 10.022, 9.420, 7.673","508, 102, 102, 102, 508",307200,37360,/home/iiitd/heterogeneous/heterogeneous_edge/images/bear,/home/iiitd/heterogeneous/heterogeneous_edge/test-clean/LibriSpeech/test-clean/1580/141083,8954.95703125,82,2828.125,"3.9, 12.5, 16.5, 8.5, 18.3, 6.0, 2.3, 2.5, 6.0, 1.3, 3.3, 11.1, 1.6, 1.7, 1.7, 1.5",7,1516.1623616236163,31.108741760253906,16,24.0,12th Gen Intel(R) Core(TM) i5-12600K,NVIDIA GeForce RTX 3090
1,dssds,0.06813728168905357,43.85667371749878,"Detect, Speech, Speech, Detect, Speech","0.002724, 0.020857, 0.020915, 0.002745, 0.020896","6.840, 9.741, 9.997, 6.842, 10.436","508, 102, 102, 508, 102",307200,37360,/home/iiitd/heterogeneous/heterogeneous_edge/images/bear,/home/iiitd/heterogeneous/heterogeneous_edge/test-clean/LibriSpeech/test-clean/1580/141083,8926.12109375,82,2828.125,"7.9, 5.4, 19.2, 9.0, 3.7, 2.5, 9.3, 2.8, 9.6, 8.8, 10.1, 3.2, 1.7, 1.6, 1.7, 1.5",8,1582.0961538461538,31.108741760253906,16,24.0,12th Gen Intel(R) Core(TM) i5-12600K,NVIDIA GeForce RTX 3090
1,dssdd,0.0499709268565694,38.91551184654236,"Detect, Speech, Speech, Detect, Detect","0.002738, 0.020898, 0.020877, 0.002737, 0.002721","6.835, 9.331, 9.155, 6.808, 6.787","508, 102, 102, 508, 508",307200,37360,/home/iiitd/heterogeneous/heterogeneous_edge/images/bear,/home/iiitd/heterogeneous/heterogeneous_edge/test-clean/LibriSpeech/test-clean/1580/141083,8933.875,80,2827.3125,"3.6, 13.8, 30.9, 1.0, 7.9, 11.5, 3.5, 2.6, 4.9, 11.1, 5.0, 2.7, 1.2, 1.4, 1.2, 1.2",6,1550.0204081632653,31.108741760253906,16,24.0,12th Gen Intel(R) Core(TM) i5-12600K,NVIDIA GeForce RTX 3090
1,dssdp,0.05047121263702332,41.74820137023926,"Detect, Speech, Speech, Detect, Predict","0.002720, 0.020919, 0.020881, 0.002726, 0.003225","6.942, 10.567, 9.723, 6.823, 7.693","508, 102, 102, 508, 508",307200,37360,/home/iiitd/heterogeneous/heterogeneous_edge/images/bear,/home/iiitd/heterogeneous/heterogeneous_edge/test-clean/LibriSpeech/test-clean/1580/141083,9001.73046875,82,2827.3125,"3.5, 3.5, 11.8, 9.8, 19.3, 14.8, 16.6, 5.4, 5.1, 0.0, 4.7, 0.7, 1.2, 1.4, 1.5, 1.3",7,1545.711462450593,31.108741760253906,16,24.0,12th Gen Intel(R) Core(TM) i5-12600K,NVIDIA GeForce RTX 3090
1,dssps,0.06867820916319284,47.14175868034363,"Detect, Speech, Speech, Predict, Speech","0.002725, 0.020905, 0.020913, 0.003238, 0.020896","6.814, 12.283, 9.751, 7.650, 10.643","508, 102, 102, 508, 102",307200,37360,/home/iiitd/heterogeneous/heterogeneous_edge/images/bear,/home/iiitd/heterogeneous/heterogeneous_edge/test-clean/LibriSpeech/test-clean/1580/141083,8987.3203125,81,2827.3125,"2.7, 6.1, 13.1, 13.6, 7.5, 3.0, 12.6, 2.2, 14.1, 5.4, 4.9, 1.4, 1.7, 1.4, 1.4, 1.6",7,1570.483870967742,31.108741760253906,16,24.0,12th Gen Intel(R) Core(TM) i5-12600K,NVIDIA GeForce RTX 3090
1,dsspd,0.05069342264937471,42.55941700935364,"Detect, Speech, Speech, Predict, Detect","0.002753, 0.021080, 0.020905, 0.003226, 0.002730","6.870, 11.074, 10.137, 7.661, 6.818","508, 102, 102, 508, 508",307200,37360,/home/iiitd/heterogeneous/heterogeneous_edge/images/bear,/home/iiitd/heterogeneous/heterogeneous_edge/test-clean/LibriSpeech/test-clean/1580/141083,8850.49609375,82,2827.3125,"15.9, 12.4, 45.5, 1.5, 7.6, 2.8, 2.8, 0.5, 1.6, 1.2, 1.6, 0.8, 1.2, 1.3, 1.2, 1.3",4,1528.6516853932585,31.108741760253906,16,24.0,12th Gen Intel(R) Core(TM) i5-12600K,NVIDIA GeForce RTX 3090
1,dsspp,0.05096583144202563,42.787617921829224,"Detect, Speech, Speech, Predict, Predict","0.002726, 0.020924, 0.020870, 0.003214, 0.003232","6.852, 10.783, 9.817, 7.658, 7.676","508, 102, 102, 508, 508",307200,37360,/home/iiitd/heterogeneous/heterogeneous_edge/images/bear,/home/iiitd/heterogeneous/heterogeneous_edge/test-clean/LibriSpeech/test-clean/1580/141083,8819.80859375,81,2827.3125,"15.3, 15.9, 5.7, 2.9, 6.1, 4.0, 10.3, 0.5, 20.5, 8.0, 1.4, 2.1, 1.2, 0.9, 0.8, 0.9",7,1570.6415094339623,31.108741760253906,16,24.0,12th Gen Intel(R) Core(TM) i5-12600K,NVIDIA GeForce RTX 3090
1,dsdss,0.0681909513277752,43.46384406089783,"Detect, Speech, Detect, Speech, Speech","0.002721, 0.020857, 0.002738, 0.020921, 0.020953","6.818, 9.982, 6.841, 10.506, 9.317","508, 102, 508, 102, 102",307200,37360,/home/iiitd/heterogeneous/heterogeneous_edge/images/bear,/home/iiitd/heterogeneous/heterogeneous_edge/test-clean/LibriSpeech/test-clean/1580/141083,9024.11328125,81,2827.3125,"5.1, 16.3, 12.5, 0.7, 18.3, 9.1, 17.4, 2.1, 2.9, 0.5, 4.6, 2.6, 1.9, 1.4, 2.0, 1.7",6,1592.0588235294117,31.108741760253906,16,24.0,12th Gen Intel(R) Core(TM) i5-12600K,NVIDIA GeForce RTX 3090
1,dsdsd,0.05008290304153157,39.20568633079529,"Detect, Speech, Detect, Speech, Detect","0.002724, 0.020948, 0.002731, 0.020955, 0.002725","6.855, 9.578, 6.842, 9.114, 6.816","508, 102, 508, 102, 508",307200,37360,/home/iiitd/heterogeneous/heterogeneous_edge/images/bear,/home/iiitd/heterogeneous/heterogeneous_edge/test-clean/LibriSpeech/test-clean/1580/141083,8780.58984375,82,2827.3125,"16.3, 5.6, 16.6, 3.3, 7.3, 0.2, 3.5, 14.3, 6.6, 0.9, 11.0, 11.2, 1.3, 1.2, 1.3, 0.9",8,1576.3469387755101,31.108741760253906,16,24.0,12th Gen Intel(R) Core(TM) i5-12600K,NVIDIA GeForce RTX 3090
1,dsdsp,0.050390948548710825,41.11507701873779,"Detect, Speech, Detect, Speech, Predict","0.002724, 0.020859, 0.002713, 0.020863, 0.003232","6.810, 9.266, 6.796, 10.579, 7.664","508, 102, 508, 102, 508",307200,37360,/home/iiitd/heterogeneous/heterogeneous_edge/images/bear,/home/iiitd/heterogeneous/heterogeneous_edge/test-clean/LibriSpeech/test-clean/1580/141083,8961.89453125,81,2827.3125,"6.8, 4.7, 9.2, 1.5, 13.9, 23.1, 4.7, 0.0, 6.5, 9.8, 14.9, 0.7, 1.4, 1.4, 1.0, 1.3",7,1606.8825910931173,31.108741760253906,16,24.0,12th Gen Intel(R) Core(TM) i5-12600K,NVIDIA GeForce RTX 3090
1,dsdds,0.050058072139879575,41.681962966918945,"Detect, Speech, Detect, Detect, Speech","0.002783, 0.020944, 0.002728, 0.002719, 0.020885","6.921, 10.120, 6.852, 6.793, 10.997","508, 102, 508, 508, 102",307200,37360,/home/iiitd/heterogeneous/heterogeneous_edge/images/bear,/home/iiitd/heterogeneous/heterogeneous_edge/test-clean/LibriSpeech/test-clean/1580/141083,9156.75390625,82,2827.3125,"4.2, 1.3, 12.7, 7.8, 20.5, 4.6, 4.4, 21.6, 12.3, 3.2, 2.4, 2.0, 1.5, 1.3, 1.4, 1.6",5,1632.0472440944882,31.108741760253906,16,24.0,12th Gen Intel(R) Core(TM) i5-12600K,NVIDIA GeForce RTX 3090
1,dsddd,0.03182434078276981,36.62902522087097,"Detect, Speech, Detect, Detect, Detect","0.002720, 0.020908, 0.002732, 0.002740, 0.002724","6.842, 9.358, 6.809, 6.799, 6.822","508, 102, 508, 508, 508",307200,37360,/home/iiitd/heterogeneous/heterogeneous_edge/images/bear,/home/iiitd/heterogeneous/heterogeneous_edge/test-clean/LibriSpeech/test-clean/1580/141083,8910.109375,82,2827.3125,"7.4, 2.2, 19.3, 6.8, 15.7, 18.5, 3.7, 7.0, 16.8, 0.0, 1.2, 1.6, 0.9, 1.6, 0.8, 1.3",7,1637.987012987013,31.108741760253906,16,24.0,12th Gen Intel(R) Core(TM) i5-12600K,NVIDIA GeForce RTX 3090
1,dsddp,0.03237237142967423,39.320801973342896,"Detect, Speech, Detect, Detect, Predict","0.002731, 0.020962, 0.002720, 0.002729, 0.003231","6.817, 11.200, 6.797, 6.811, 7.696","508, 102, 508, 508, 508",307200,37360,/home/iiitd/heterogeneous/heterogeneous_edge/images/bear,/home/iiitd/heterogeneous/heterogeneous_edge/test-clean/LibriSpeech/test-clean/1580/141083,8951.34765625,81,2827.3125,"13.3, 19.2, 11.6, 8.0, 3.8, 16.7, 4.9, 13.7, 1.3, 0.3, 2.0, 0.8, 0.8, 0.8, 0.7, 1.0",6,1593.9669421487604,31.108741760253906,16,24.0,12th Gen Intel(R) Core(TM) i5-12600K,NVIDIA GeForce RTX 3090
1,dsdps,0.05048784884977613,41.10742712020874,"Detect, Speech, Detect, Predict, Speech","0.002722, 0.020894, 0.002712, 0.003232, 0.020928","6.830, 10.133, 6.801, 7.715, 9.629","508, 102, 508, 508, 102",307200,37360,/home/iiitd/heterogeneous/heterogeneous_edge/images/bear,/home/iiitd/heterogeneous/heterogeneous_edge/test-clean/LibriSpeech/test-clean/1580/141083,9005.80859375,82,2827.3125,"16.4, 1.9, 13.8, 3.0, 28.4, 7.1, 5.1, 3.1, 13.3, 0.7, 2.9, 0.7, 1.7, 1.6, 1.5, 1.9",6,1624.1235059760957,31.108741760253906,16,24.0,12th Gen Intel(R) Core(TM) i5-12600K,NVIDIA GeForce RTX 3090
1,dsdpd,0.032398316388760236,37.421658754348755,"Detect, Speech, Detect, Predict, Detect","0.002743, 0.020963, 0.002712, 0.003240, 0.002740","6.819, 9.204, 6.883, 7.689, 6.827","508, 102, 508, 508, 508",307200,37360,/home/iiitd/heterogeneous/heterogeneous_edge/images/bear,/home/iiitd/heterogeneous/heterogeneous_edge/test-clean/LibriSpeech/test-clean/1580/141083,8903.3125,80,2827.3125,"4.3, 21.4, 17.6, 2.8, 23.4, 0.0, 7.6, 3.6, 15.3, 2.0, 4.6, 0.2, 1.2, 0.7, 1.1, 0.9",5,1636.7573221757323,31.108741760253906,16,24.0,12th Gen Intel(R) Core(TM) i5-12600K,NVIDIA GeForce RTX 3090
1,dsdpp,0.03285778219082909,38.44438052177429,"Detect, Speech, Detect, Predict, Predict","0.002740, 0.020941, 0.002727, 0.003230, 0.003220","6.841, 9.476, 6.824, 7.646, 7.659","508, 102, 508, 508, 508",307200,37360,/home/iiitd/heterogeneous/heterogeneous_edge/images/bear,/home/iiitd/heterogeneous/heterogeneous_edge/test-clean/LibriSpeech/test-clean/1580/141083,8992.0078125,81,2827.3125,"1.8, 1.6, 35.2, 10.8, 24.7, 5.5, 9.9, 0.9, 3.8, 0.3, 6.1, 0.1, 1.2, 1.0, 1.4, 1.0",6,1631.8487394957983,31.108741760253906,16,24.0,12th Gen Intel(R) Core(TM) i5-12600K,NVIDIA GeForce RTX 3090
1,dspss,0.0686723193994133,44.049092054367065,"Detect, Speech, Predict, Speech, Speech","0.002735, 0.020846, 0.003234, 0.020931, 0.020926","6.817, 9.196, 7.672, 10.632, 9.733","508, 102, 508, 102, 102",307200,37360,/home/iiitd/heterogeneous/heterogeneous_edge/images/bear,/home/iiitd/heterogeneous/heterogeneous_edge/test-clean/LibriSpeech/test-clean/1580/141083,8899.515625,81,2827.3125,"17.4, 13.6, 21.7, 3.4, 8.7, 0.2, 2.6, 4.5, 7.5, 2.3, 7.6, 1.4, 1.8, 1.7, 1.6, 1.6",6,1542.0348837209303,31.108741760253906,16,24.0,12th Gen Intel(R) Core(TM) i5-12600K,NVIDIA GeForce RTX 3090
1,dspsd,0.05059210406052184,40.48603391647339,"Detect, Speech, Predict, Speech, Detect","0.002736, 0.020952, 0.003230, 0.020958, 0.002716","6.824, 9.668, 7.672, 9.509, 6.813","508, 102, 508, 102, 508",307200,37360,/home/iiitd/heterogeneous/heterogeneous_edge/images/bear,/home/iiitd/heterogeneous/heterogeneous_edge/test-clean/LibriSpeech/test-clean/1580/141083,8959.6796875,80,2827.3125,"1.4, 0.5, 18.4, 8.1, 12.0, 0.3, 8.0, 3.3, 24.1, 2.8, 6.9, 10.8, 1.4, 1.4, 1.2, 1.3",7,1601.219512195122,31.108741760253906,16,24.0,12th Gen Intel(R) Core(TM) i5-12600K,NVIDIA GeForce RTX 3090
1,dspsp,0.05104453937007874,46.3786256313324,"Detect, Speech, Predict, Speech, Predict","0.002726, 0.020959, 0.003237, 0.020882, 0.003241","6.801, 9.211, 7.676, 15.016, 7.675","508, 102, 508, 102, 508",307200,37360,/home/iiitd/heterogeneous/heterogeneous_edge/images/bear,/home/iiitd/heterogeneous/heterogeneous_edge/test-clean/LibriSpeech/test-clean/1580/141083,8874.734375,81,2827.3125,"6.5, 17.3, 23.4, 15.1, 3.5, 0.6, 13.8, 1.0, 0.9, 1.5, 1.3, 0.7, 1.4, 1.0, 0.9, 1.0",5,1585.120481927711,31.108741760253906,16,24.0,12th Gen Intel(R) Core(TM) i5-12600K,NVIDIA GeForce RTX 3090
1,dspds,0.05059923386598734,42.20047616958618,"Detect, Speech, Predict, Detect, Speech","0.002760, 0.020934, 0.003222, 0.002748, 0.020935","6.882, 10.157, 7.701, 6.850, 10.611","508, 102, 508, 508, 102",307200,37360,/home/iiitd/heterogeneous/heterogeneous_edge/images/bear,/home/iiitd/heterogeneous/heterogeneous_edge/test-clean/LibriSpeech/test-clean/1580/141083,9029.125,82,2827.3125,"8.9, 3.6, 27.9, 8.4, 8.1, 0.6, 8.8, 14.1, 2.3, 0.4, 3.6, 9.0, 1.4, 1.2, 1.2, 1.5",7,1602.8486055776893,31.108741760253906,16,24.0,12th Gen Intel(R) Core(TM) i5-12600K,NVIDIA GeForce RTX 3090
1,dspdd,0.03230920723328701,38.53126525878906,"Detect, Speech, Predict, Detect, Detect","0.002738, 0.020897, 0.003221, 0.002721, 0.002732","6.835, 10.357, 7.706, 6.811, 6.822","508, 102, 508, 508, 508",307200,37360,/home/iiitd/heterogeneous/heterogeneous_edge/images/bear,/home/iiitd/heterogeneous/heterogeneous_edge/test-clean/LibriSpeech/test-clean/1580/141083,8821.6015625,82,2827.3125,"9.2, 0.3, 30.7, 10.0, 7.4, 0.3, 10.3, 1.0, 10.9, 1.9, 15.9, 0.5, 1.1, 0.7, 0.8, 1.1",7,1591.0,31.108741760253906,16,24.0,12th Gen Intel(R) Core(TM) i5-12600K,NVIDIA GeForce RTX 3090
1,dspdp,0.03281931673614328,40.633868932724,"Detect, Speech, Predict, Detect, Predict","0.002732, 0.020912, 0.003225, 0.002725, 0.003226","6.858, 11.653, 7.677, 6.802, 7.644","508, 102, 508, 508, 508",307200,37360,/home/iiitd/heterogeneous/heterogeneous_edge/images/bear,/home/iiitd/heterogeneous/heterogeneous_edge/test-clean/LibriSpeech/test-clean/1580/141083,8852.9140625,81,2827.3125,"1.3, 1.0, 23.3, 17.1, 30.9, 8.3, 2.0, 0.0, 5.6, 0.6, 2.0, 2.0, 1.0, 0.5, 0.8, 0.8",5,1629.5951417004048,31.108741760253906,16,24.0,12th Gen Intel(R) Core(TM) i5-12600K,NVIDIA GeForce RTX 3090
1,dspps,0.051031736297668676,40.83516526222229,"Detect, Speech, Predict, Predict, Speech","0.002730, 0.020889, 0.003235, 0.003241, 0.020937","6.819, 9.252, 7.662, 7.672, 9.430","508, 102, 508, 508, 102",307200,37360,/home/iiitd/heterogeneous/heterogeneous_edge/images/bear,/home/iiitd/heterogeneous/heterogeneous_edge/test-clean/LibriSpeech/test-clean/1580/141083,8971.73828125,81,2827.3125,"2.9, 1.0, 32.4, 28.3, 6.6, 0.4, 13.3, 0.1, 7.4, 0.6, 2.2, 1.5, 1.3, 1.1, 1.0, 0.9",5,1611.84,31.108741760253906,16,24.0,12th Gen Intel(R) Core(TM) i5-12600K,NVIDIA GeForce RTX 3090
1,dsppd,0.032816969391693686,38.34380340576172,"Detect, Speech, Predict, Predict, Detect","0.002757, 0.020879, 0.003226, 0.003225, 0.002730","6.842, 9.396, 7.623, 7.634, 6.849","508, 102, 508, 508, 508",307200,37360,/home/iiitd/heterogeneous/heterogeneous_edge/images/bear,/home/iiitd/heterogeneous/heterogeneous_edge/test-clean/LibriSpeech/test-clean/1580/141083,9101.953125,81,2827.3125,"8.0, 12.9, 11.8, 10.8, 24.7, 9.8, 2.6, 0.6, 0.8, 0.9, 14.0, 4.5, 0.8, 1.2, 0.9, 0.8",7,1638.5802469135801,31.108741760253906,16,24.0,12th Gen Intel(R) Core(TM) i5-12600K,NVIDIA GeForce RTX 3090
1,dsppp,0.03335410695538058,39.15684509277344,"Detect, Speech, Predict, Predict, Predict","0.002733, 0.020916, 0.003229, 0.003228, 0.003248","6.803, 9.306, 7.673, 7.642, 7.734","508, 102, 508, 508, 508",307200,37360,/home/iiitd/heterogeneous/heterogeneous_edge/images/bear,/home/iiitd/heterogeneous/heterogeneous_edge/test-clean/LibriSpeech/test-clean/1580/141083,8819.140625,81,2827.3125,"25.1, 1.9, 35.4, 0.1, 10.2, 2.9, 11.6, 1.3, 6.7, 1.0, 4.1, 2.7, 1.1, 0.8, 0.7, 0.6",5,1596.6666666666667,31.108741760253906,16,24.0,12th Gen Intel(R) Core(TM) i5-12600K,NVIDIA GeForce RTX 3090
1,ddsss,0.06861073938551798,43.470184326171875,"Detect, Detect, Speech, Speech, Speech","0.002737, 0.002725, 0.021173, 0.021034, 0.020943","6.867, 6.805, 10.361, 10.089, 9.348","508, 508, 102, 102, 102",307200,37360,/home/iiitd/heterogeneous/heterogeneous_edge/images/bear,/home/iiitd/heterogeneous/heterogeneous_edge/test-clean/LibriSpeech/test-clean/1580/141083,9088.34765625,82,2827.3125,"5.5, 10.8, 10.7, 7.3, 17.6, 7.0, 6.0, 5.2, 7.6, 1.5, 4.4, 7.1, 1.9, 1.8, 1.5, 1.6",10,1506.4528301886792,31.108741760253906,16,24.0,12th Gen Intel(R) Core(TM) i5-12600K,NVIDIA GeForce RTX 3090
1,ddssd,0.05020706102362204,43.61739206314087,"Detect, Detect, Speech, Speech, Detect","0.002743, 0.002730, 0.021135, 0.020883, 0.002717","6.845, 6.796, 13.648, 9.489, 6.840","508, 508, 102, 102, 508",307200,37360,/home/iiitd/heterogeneous/heterogeneous_edge/images/bear,/home/iiitd/heterogeneous/heterogeneous_edge/test-clean/LibriSpeech/test-clean/1580/141083,8935.09375,82,2827.3125,"5.1, 10.3, 7.5, 12.9, 11.6, 3.3, 6.5, 8.7, 8.2, 8.8, 2.6, 2.5, 1.3, 1.4, 1.1, 1.3",9,1644.503816793893,31.108741760253906,16,24.0,12th Gen Intel(R) Core(TM) i5-12600K,NVIDIA GeForce RTX 3090
1,ddssp,0.050402990234676544,41.16682243347168,"Detect, Detect, Speech, Speech, Predict","0.002725, 0.002723, 0.020862, 0.020866, 0.003227","6.836, 6.803, 10.068, 9.832, 7.627","508, 508, 102, 102, 508",307200,37360,/home/iiitd/heterogeneous/heterogeneous_edge/images/bear,/home/iiitd/heterogeneous/heterogeneous_edge/test-clean/LibriSpeech/test-clean/1580/141083,8829.890625,81,2827.3125,"6.5, 0.7, 16.5, 0.7, 7.0, 1.2, 19.3, 15.6, 18.1, 4.0, 3.3, 0.6, 1.6, 1.0, 1.0, 1.1",6,1625.8139534883721,31.108741760253906,16,24.0,12th Gen Intel(R) Core(TM) i5-12600K,NVIDIA GeForce RTX 3090
1,ddsds,0.050118934923575734,38.94050860404968,"Detect, Detect, Speech, Detect, Speech","0.002736, 0.002735, 0.020958, 0.002714, 0.020975","6.836, 6.829, 9.041, 6.795, 9.439","508, 508, 102, 508, 102",307200,37360,/home/iiitd/heterogeneous/heterogeneous_edge/images/bear,/home/iiitd/heterogeneous/heterogeneous_edge/test-clean/LibriSpeech/test-clean/1580/141083,8953.6875,81,2827.3125,"4.0, 19.7, 42.3, 1.9, 2.3, 2.2, 11.1, 9.7, 1.4, 1.4, 2.8, 1.7, 1.9, 1.7, 1.1, 1.3",4,1627.012987012987,31.108741760253906,16,24.0,12th Gen Intel(R) Core(TM) i5-12600K,NVIDIA GeForce RTX 3090
1,ddsdd,0.03182716643507797,37.765028953552246,"Detect, Detect, Speech, Detect, Detect","0.002726, 0.002725, 0.020914, 0.002742, 0.002721","6.853, 6.825, 10.425, 6.819, 6.843","508, 508, 102, 508, 508",307200,37360,/home/iiitd/heterogeneous/heterogeneous_edge/images/bear,/home/iiitd/heterogeneous/heterogeneous_edge/test-clean/LibriSpeech/test-clean/1580/141083,8932.8828125,81,2827.3125,"3.2, 12.2, 23.1, 2.7, 11.1, 1.2, 19.6, 13.5, 3.5, 5.3, 1.4, 1.2, 1.2, 1.2, 1.2, 1.0",6,1586.1875,31.108741760253906,16,24.0,12th Gen Intel(R) Core(TM) i5-12600K,NVIDIA GeForce RTX 3090
1,ddsdp,0.03232230874633318,42.19803237915039,"Detect, Detect, Speech, Detect, Predict","0.002724, 0.002730, 0.020918, 0.002719, 0.003232","6.799, 6.800, 14.144, 6.798, 7.656","508, 508, 102, 508, 508",307200,37360,/home/iiitd/heterogeneous/heterogeneous_edge/images/bear,/home/iiitd/heterogeneous/heterogeneous_edge/test-clean/LibriSpeech/test-clean/1580/141083,8932.78125,80,2827.3125,"11.1, 6.1, 26.9, 14.3, 3.2, 1.8, 9.5, 0.5, 6.5, 0.1, 9.4, 0.6, 0.8, 0.6, 0.7, 0.7",7,1655.0377358490566,31.108741760253906,16,24.0,12th Gen Intel(R) Core(TM) i5-12600K,NVIDIA GeForce RTX 3090
1,ddsps,0.05046252061139417,40.842729330062866,"Detect, Detect, Speech, Predict, Speech","0.002729, 0.002740, 0.020912, 0.003233, 0.020849","6.817, 6.822, 9.330, 7.691, 10.184","508, 508, 102, 508, 102",307200,37360,/home/iiitd/heterogeneous/heterogeneous_edge/images/bear,/home/iiitd/heterogeneous/heterogeneous_edge/test-clean/LibriSpeech/test-clean/1580/141083,8839.67578125,80,2827.3125,"5.8, 9.9, 30.0, 11.1, 3.4, 12.9, 5.5, 2.8, 6.8, 0.9, 6.3, 1.0, 1.6, 1.5, 1.1, 1.1",8,1568.132530120482,31.108741760253906,16,24.0,12th Gen Intel(R) Core(TM) i5-12600K,NVIDIA GeForce RTX 3090
1,ddspd,0.03224545761926818,44.96683716773987,"Detect, Detect, Speech, Predict, Detect","0.002719, 0.002741, 0.020811, 0.003230, 0.002744","6.838, 6.837, 16.809, 7.654, 6.829","508, 508, 102, 508, 508",307200,37360,/home/iiitd/heterogeneous/heterogeneous_edge/images/bear,/home/iiitd/heterogeneous/heterogeneous_edge/test-clean/LibriSpeech/test-clean/1580/141083,8918.02734375,82,2827.3125,"3.2, 1.2, 8.0, 4.4, 11.4, 1.9, 17.0, 9.2, 16.3, 8.8, 4.7, 0.4, 1.4, 1.1, 0.8, 0.8",6,1641.3157894736842,31.108741760253906,16,24.0,12th Gen Intel(R) Core(TM) i5-12600K,NVIDIA GeForce RTX 3090
1,ddspp,0.03302080368997993,38.01216244697571,"Detect, Detect, Speech, Predict, Predict","0.002722, 0.002719, 0.021110, 0.003241, 0.003229","6.833, 6.791, 9.080, 7.653, 7.656","508, 508, 102, 508, 508",307200,37360,/home/iiitd/heterogeneous/heterogeneous_edge/images/bear,/home/iiitd/heterogeneous/heterogeneous_edge/test-clean/LibriSpeech/test-clean/1580/141083,8906.484375,81,2827.3125,"3.6, 7.8, 3.4, 4.1, 20.6, 2.9, 48.5, 4.1, 6.5, 0.5, 2.2, 1.4, 0.9, 1.0, 1.3, 0.9",4,1590.4285714285713,31.108741760253906,16,24.0,12th Gen Intel(R) Core(TM) i5-12600K,NVIDIA GeForce RTX 3090
1,dddss,0.0500354717847769,39.26333975791931,"Detect, Detect, Detect, Speech, Speech","0.002737, 0.002733, 0.002727, 0.020929, 0.020910","6.817, 6.848, 6.845, 9.651, 9.103","508, 508, 508, 102, 102",307200,37360,/home/iiitd/heterogeneous/heterogeneous_edge/images/bear,/home/iiitd/heterogeneous/heterogeneous_edge/test-clean/LibriSpeech/test-clean/1580/141083,8964.5234375,80,2827.3125,"9.2, 11.1, 15.9, 8.3, 7.3, 0.2, 15.2, 0.5, 7.2, 0.6, 20.8, 1.5, 1.7, 1.6, 1.5, 1.2",8,1536.9183673469388,31.108741760253906,16,24.0,12th Gen Intel(R) Core(TM) i5-12600K,NVIDIA GeForce RTX 3090
1,dddsd,0.03183957588389687,36.65947437286377,"Detect, Detect, Detect, Speech, Detect","0.002741, 0.002730, 0.002709, 0.020938, 0.002722","6.873, 6.809, 6.758, 9.429, 6.790","508, 508, 508, 102, 508",307200,37360,/home/iiitd/heterogeneous/heterogeneous_edge/images/bear,/home/iiitd/heterogeneous/heterogeneous_edge/test-clean/LibriSpeech/test-clean/1580/141083,8908.78515625,80,2827.3125,"1.5, 0.9, 11.3, 5.6, 3.0, 8.1, 26.4, 20.5, 5.6, 11.5, 3.7, 2.3, 1.1, 0.9, 0.8, 1.0",7,1622.5324675324675,31.108741760253906,16,24.0,12th Gen Intel(R) Core(TM) i5-12600K,NVIDIA GeForce RTX 3090
1,dddsp,0.03244486486799444,46.96631646156311,"Detect, Detect, Detect, Speech, Predict","0.002715, 0.002736, 0.002733, 0.021035, 0.003226","6.786, 6.821, 6.898, 18.785, 7.677","508, 508, 508, 102, 508",307200,37360,/home/iiitd/heterogeneous/heterogeneous_edge/images/bear,/home/iiitd/heterogeneous/heterogeneous_edge/test-clean/LibriSpeech/test-clean/1580/141083,9007.45703125,80,2827.3125,"5.7, 3.8, 12.2, 5.1, 5.3, 6.5, 30.1, 5.0, 7.1, 0.5, 1.9, 0.7, 1.1, 0.8, 0.9, 0.6",7,1621.2121212121212,31.108741760253906,16,24.0,12th Gen Intel(R) Core(TM) i5-12600K,NVIDIA GeForce RTX 3090
1,dddds,0.031828555890072566,36.49500846862793,"Detect, Detect, Detect, Detect, Speech","0.002734, 0.002726, 0.002722, 0.002748, 0.020898","6.861, 6.828, 6.788, 6.879, 9.139","508, 508, 508, 508, 102",307200,37360,/home/iiitd/heterogeneous/heterogeneous_edge/images/bear,/home/iiitd/heterogeneous/heterogeneous_edge/test-clean/LibriSpeech/test-clean/1580/141083,8897.3671875,81,2827.3125,"3.3, 2.7, 45.8, 10.4, 19.2, 3.2, 3.2, 2.3, 7.1, 0.2, 2.5, 0.6, 0.8, 0.9, 0.7, 1.1",4,1635.1315789473683,31.108741760253906,16,24.0,12th Gen Intel(R) Core(TM) i5-12600K,NVIDIA GeForce RTX 3090
1,ddddd,0.013613271653543306,34.04521036148071,"Detect, Detect, Detect, Detect, Detect","0.002732, 0.002722, 0.002720, 0.002725, 0.002714","6.826, 6.821, 6.810, 6.806, 6.782","508, 508, 508, 508, 508",307200,,/home/iiitd/heterogeneous/heterogeneous_edge/images/bear,/home/iiitd/heterogeneous/heterogeneous_edge/test-clean/LibriSpeech/test-clean/1580/141083,8260.84375,41,983.3125,"2.9, 7.7, 14.9, 15.1, 11.9, 0.1, 28.1, 1.1, 2.3, 0.5, 8.3, 11.5, 0.2, 0.5, 0.1, 0.3",7,1620.8666666666666,31.108741760253906,16,24.0,12th Gen Intel(R) Core(TM) i5-12600K,NVIDIA GeForce RTX 3090
1,ddddp,0.014195399606299215,35.06131649017334,"Detect, Detect, Detect, Detect, Predict","0.002730, 0.002726, 0.002723, 0.002788, 0.003229","6.797, 6.818, 6.826, 6.943, 7.678","508, 508, 508, 508, 508",307200,,/home/iiitd/heterogeneous/heterogeneous_edge/images/bear,/home/iiitd/heterogeneous/heterogeneous_edge/test-clean/LibriSpeech/test-clean/1580/141083,8464.0546875,44,1047.3125,"21.6, 8.0, 30.4, 0.1, 25.1, 1.4, 11.1, 0.2, 5.5, 0.7, 6.2, 0.1, 0.4, 0.6, 0.6, 0.5",7,1666.8181818181818,31.108741760253906,16,24.0,12th Gen Intel(R) Core(TM) i5-12600K,NVIDIA GeForce RTX 3090
1,dddps,0.03229769654160877,38.02066254615784,"Detect, Detect, Detect, Predict, Speech","0.002728, 0.002721, 0.002734, 0.003228, 0.020886","6.815, 6.793, 6.825, 7.635, 9.951","508, 508, 508, 508, 102",307200,37360,/home/iiitd/heterogeneous/heterogeneous_edge/images/bear,/home/iiitd/heterogeneous/heterogeneous_edge/test-clean/LibriSpeech/test-clean/1580/141083,8968.65625,82,2827.3125,"1.8, 0.8, 25.0, 5.2, 22.0, 5.6, 17.5, 0.1, 1.7, 14.2, 2.8, 3.0, 1.1, 1.0, 0.9, 0.7",6,1625.9504132231405,31.108741760253906,16,24.0,12th Gen Intel(R) Core(TM) i5-12600K,NVIDIA GeForce RTX 3090
1,dddpd,0.014109740157480314,34.85659623146057,"Detect, Detect, Detect, Predict, Detect","0.002718, 0.002732, 0.002713, 0.003233, 0.002714","6.817, 6.810, 6.763, 7.655, 6.811","508, 508, 508, 508, 508",307200,,/home/iiitd/heterogeneous/heterogeneous_edge/images/bear,/home/iiitd/heterogeneous/heterogeneous_edge/test-clean/LibriSpeech/test-clean/1580/141083,8302.4140625,43,1047.3125,"1.1, 2.5, 5.2, 13.0, 13.9, 15.7, 17.0, 0.3, 6.2, 14.3, 13.0, 0.7, 0.6, 0.5, 0.2, 0.4",8,1662.7922077922078,31.108741760253906,16,24.0,12th Gen Intel(R) Core(TM) i5-12600K,NVIDIA GeForce RTX 3090
1,dddpp,0.014665242125984253,35.75389313697815,"Detect, Detect, Detect, Predict, Predict","0.002741, 0.002731, 0.002727, 0.003228, 0.003239","6.852, 6.794, 6.815, 7.634, 7.659","508, 508, 508, 508, 508",307200,,/home/iiitd/heterogeneous/heterogeneous_edge/images/bear,/home/iiitd/heterogeneous/heterogeneous_edge/test-clean/LibriSpeech/test-clean/1580/141083,8436.16015625,44,1047.3125,"3.5, 0.1, 48.6, 2.4, 15.4, 12.0, 3.5, 15.9, 1.1, 0.4, 0.4, 1.0, 0.4, 0.8, 0.8, 0.3",4,1651.5889830508474,31.108741760253906,16,24.0,12th Gen Intel(R) Core(TM) i5-12600K,NVIDIA GeForce RTX 3090
1,ddpss,0.05057064949050487,40.64125037193298,"Detect, Detect, Predict, Speech, Speech","0.002737, 0.002731, 0.003235, 0.020956, 0.020912","6.828, 6.814, 7.625, 9.458, 9.916","508, 508, 508, 102, 102",307200,37360,/home/iiitd/heterogeneous/heterogeneous_edge/images/bear,/home/iiitd/heterogeneous/heterogeneous_edge/test-clean/LibriSpeech/test-clean/1580/141083,8973.4921875,82,2827.3125,"2.8, 1.3, 40.6, 15.5, 4.4, 2.6, 9.5, 0.6, 10.3, 3.3, 2.1, 0.9, 1.0, 1.0, 1.3, 1.0",4,1585.4705882352941,31.108741760253906,16,24.0,12th Gen Intel(R) Core(TM) i5-12600K,NVIDIA GeForce RTX 3090
1,ddpsd,0.032310578547166895,37.46071672439575,"Detect, Detect, Predict, Speech, Detect","0.002727, 0.002739, 0.003233, 0.020888, 0.002725","6.833, 6.807, 7.710, 9.333, 6.778","508, 508, 508, 102, 508",307200,37360,/home/iiitd/heterogeneous/heterogeneous_edge/images/bear,/home/iiitd/heterogeneous/heterogeneous_edge/test-clean/LibriSpeech/test-clean/1580/141083,9068.56640625,82,2827.3125,"7.5, 1.0, 18.3, 11.4, 13.9, 19.2, 1.2, 4.5, 2.9, 7.6, 9.8, 4.3, 1.7, 1.3, 0.9, 0.8",7,1631.1063829787233,31.108741760253906,16,24.0,12th Gen Intel(R) Core(TM) i5-12600K,NVIDIA GeForce RTX 3090
1,ddpsp,0.03301973120271731,38.040876388549805,"Detect, Detect, Predict, Speech, Predict","0.002724, 0.002719, 0.003226, 0.021120, 0.003230","6.859, 6.777, 7.664, 9.074, 7.667","508, 508, 508, 102, 508",307200,37360,/home/iiitd/heterogeneous/heterogeneous_edge/images/bear,/home/iiitd/heterogeneous/heterogeneous_edge/test-clean/LibriSpeech/test-clean/1580/141083,8999.359375,82,2827.3125,"4.2, 1.7, 12.7, 1.1, 16.5, 4.5, 25.1, 1.8, 18.6, 6.3, 9.3, 0.7, 0.6, 0.9, 0.8, 0.7",6,1643.1818181818182,31.108741760253906,16,24.0,12th Gen Intel(R) Core(TM) i5-12600K,NVIDIA GeForce RTX 3090
1,ddpds,0.032253669715917865,37.07738518714905,"Detect, Detect, Predict, Detect, Speech","0.002705, 0.002721, 0.003228, 0.002732, 0.020868","6.769, 6.818, 7.659, 6.809, 9.021","508, 508, 508, 508, 102",307200,37360,/home/iiitd/heterogeneous/heterogeneous_edge/images/bear,/home/iiitd/heterogeneous/heterogeneous_edge/test-clean/LibriSpeech/test-clean/1580/141083,8881.82421875,81,2827.3125,"5.8, 5.8, 6.6, 4.6, 14.2, 16.1, 21.3, 0.0, 15.4, 8.2, 3.8, 0.8, 0.9, 1.4, 0.9, 1.1",8,1623.1645569620252,31.108741760253906,16,24.0,12th Gen Intel(R) Core(TM) i5-12600K,NVIDIA GeForce RTX 3090
1,ddpdd,0.014189301181102364,35.0445122718811,"Detect, Detect, Predict, Detect, Detect","0.002723, 0.002725, 0.003250, 0.002754, 0.002737","6.832, 6.814, 7.697, 6.902, 6.799","508, 508, 508, 508, 508",307200,,/home/iiitd/heterogeneous/heterogeneous_edge/images/bear,/home/iiitd/heterogeneous/heterogeneous_edge/test-clean/LibriSpeech/test-clean/1580/141083,8378.5703125,44,1047.3125,"1.2, 0.9, 6.1, 0.4, 3.5, 6.1, 41.2, 15.7, 16.1, 0.2, 16.1, 1.0, 0.7, 0.3, 0.3, 0.4",6,1649.0217391304348,31.108741760253906,16,24.0,12th Gen Intel(R) Core(TM) i5-12600K,NVIDIA GeForce RTX 3090
1,ddpdp,0.014640289370078741,35.751200437545776,"Detect, Detect, Predict, Detect, Predict","0.002723, 0.002728, 0.003230, 0.002726, 0.003233","6.809, 6.815, 7.658, 6.817, 7.652","508, 508, 508, 508, 508",307200,,/home/iiitd/heterogeneous/heterogeneous_edge/images/bear,/home/iiitd/heterogeneous/heterogeneous_edge/test-clean/LibriSpeech/test-clean/1580/141083,8389.9609375,44,1047.3125,"14.7, 2.8, 13.3, 8.6, 5.7, 14.2, 15.9, 4.2, 8.2, 0.0, 14.0, 1.8, 0.5, 0.5, 0.1, 0.6",8,1657.0550847457628,31.108741760253906,16,24.0,12th Gen Intel(R) Core(TM) i5-12600K,NVIDIA GeForce RTX 3090
1,ddpps,0.032893371815655395,38.64545249938965,"Detect, Detect, Predict, Predict, Speech","0.002722, 0.002715, 0.003236, 0.003231, 0.020989","6.811, 6.783, 7.679, 7.654, 9.719","508, 508, 508, 508, 102",307200,37360,/home/iiitd/heterogeneous/heterogeneous_edge/images/bear,/home/iiitd/heterogeneous/heterogeneous_edge/test-clean/LibriSpeech/test-clean/1580/141083,9049.078125,81,2827.3125,"1.4, 0.8, 30.7, 6.9, 12.4, 22.0, 14.1, 0.7, 1.2, 0.6, 5.1, 3.4, 1.1, 0.7, 1.1, 0.9",6,1616.4285714285713,31.108741760253906,16,24.0,12th Gen Intel(R) Core(TM) i5-12600K,NVIDIA GeForce RTX 3090
1,ddppd,0.01464800590551181,35.75951290130615,"Detect, Detect, Predict, Predict, Detect","0.002726, 0.002721, 0.003243, 0.003228, 0.002730","6.804, 6.841, 7.678, 7.654, 6.782","508, 508, 508, 508, 508",307200,,/home/iiitd/heterogeneous/heterogeneous_edge/images/bear,/home/iiitd/heterogeneous/heterogeneous_edge/test-clean/LibriSpeech/test-clean/1580/141083,8351.58984375,44,1047.3125,"4.9, 0.3, 30.9, 8.9, 2.0, 0.4, 40.8, 12.7, 2.0, 0.0, 1.7, 0.6, 0.5, 0.7, 0.4, 0.4",4,1654.871794871795,31.108741760253906,16,24.0,12th Gen Intel(R) Core(TM) i5-12600K,NVIDIA GeForce RTX 3090
1,ddppp,0.015130070866141734,36.57989692687988,"Detect, Detect, Predict, Predict, Predict","0.002732, 0.002724, 0.003222, 0.003229, 0.003223","6.806, 6.886, 7.627, 7.622, 7.638","508, 508, 508, 508, 508",307200,,/home/iiitd/heterogeneous/heterogeneous_edge/images/bear,/home/iiitd/heterogeneous/heterogeneous_edge/test-clean/LibriSpeech/test-clean/1580/141083,8347.37109375,45,1047.3125,"2.1, 0.6, 23.4, 0.5, 45.4, 6.9, 1.7, 0.1, 19.8, 1.2, 1.4, 0.4, 0.3, 0.8, 0.7, 0.2",4,1639.2323651452282,31.108741760253906,16,24.0,12th Gen Intel(R) Core(TM) i5-12600K,NVIDIA GeForce RTX 3090
1,dpsss,0.06872229786166435,41.68126654624939,"Detect, Predict, Speech, Speech, Speech","0.002732, 0.003231, 0.020984, 0.020845, 0.020931","6.831, 7.661, 9.130, 9.016, 9.042","508, 508, 102, 102, 102",307200,37360,/home/iiitd/heterogeneous/heterogeneous_edge/images/bear,/home/iiitd/heterogeneous/heterogeneous_edge/test-clean/LibriSpeech/test-clean/1580/141083,9040.87890625,82,2827.3125,"13.0, 7.1, 22.8, 4.2, 4.5, 4.8, 8.9, 2.2, 1.2, 1.5, 14.9, 12.0, 1.8, 1.7, 1.9, 1.7",6,1568.8372093023256,31.108741760253906,16,24.0,12th Gen Intel(R) Core(TM) i5-12600K,NVIDIA GeForce RTX 3090
1,dpssd,0.05082110761154856,40.4066104888916,"Detect, Predict, Speech, Speech, Detect","0.002725, 0.003231, 0.021166, 0.020961, 0.002738","6.820, 7.656, 9.658, 9.430, 6.842","508, 508, 102, 102, 508",307200,37360,/home/iiitd/heterogeneous/heterogeneous_edge/images/bear,/home/iiitd/heterogeneous/heterogeneous_edge/test-clean/LibriSpeech/test-clean/1580/141083,9011.52734375,81,2827.3125,"12.4, 8.9, 6.1, 1.7, 19.0, 11.0, 9.8, 5.5, 13.6, 5.0, 3.1, 0.8, 1.2, 1.2, 1.2, 1.2",9,1582.8313253012047,31.108741760253906,16,24.0,12th Gen Intel(R) Core(TM) i5-12600K,NVIDIA GeForce RTX 3090
1,dpssp,0.0510530272888683,41.10501575469971,"Detect, Predict, Speech, Speech, Predict","0.002730, 0.003229, 0.020962, 0.020907, 0.003225","6.828, 7.645, 9.242, 9.724, 7.666","508, 508, 102, 102, 508",307200,37360,/home/iiitd/heterogeneous/heterogeneous_edge/images/bear,/home/iiitd/heterogeneous/heterogeneous_edge/test-clean/LibriSpeech/test-clean/1580/141083,8880.84765625,82,2828.125,"8.4, 1.7, 32.7, 2.7, 27.8, 4.2, 7.7, 0.5, 2.1, 2.2, 4.8, 1.4, 1.0, 1.1, 0.7, 1.1",4,1537.7290076335878,31.108741760253906,16,24.0,12th Gen Intel(R) Core(TM) i5-12600K,NVIDIA GeForce RTX 3090
1,dpsds,0.05040992041068396,41.18686771392822,"Detect, Predict, Speech, Detect, Speech","0.002712, 0.003221, 0.020860, 0.002724, 0.020893","6.788, 7.639, 9.685, 6.836, 10.239","508, 508, 102, 508, 102",307200,37360,/home/iiitd/heterogeneous/heterogeneous_edge/images/bear,/home/iiitd/heterogeneous/heterogeneous_edge/test-clean/LibriSpeech/test-clean/1580/141083,8918.3515625,82,2828.125,"1.2, 0.9, 12.8, 1.7, 21.8, 5.1, 22.2, 13.2, 4.8, 0.4, 6.7, 2.2, 0.9, 1.1, 0.9, 1.0",6,1591.1176470588234,31.108741760253906,16,24.0,12th Gen Intel(R) Core(TM) i5-12600K,NVIDIA GeForce RTX 3090
1,dpsdd,0.0323315980778138,37.647910833358765,"Detect, Predict, Speech, Detect, Detect","0.002731, 0.003225, 0.020926, 0.002728, 0.002722","6.875, 7.620, 9.505, 6.839, 6.809","508, 508, 102, 508, 508",307200,37360,/home/iiitd/heterogeneous/heterogeneous_edge/images/bear,/home/iiitd/heterogeneous/heterogeneous_edge/test-clean/LibriSpeech/test-clean/1580/141083,8918.59765625,81,2828.125,"4.1, 3.8, 2.4, 0.8, 19.1, 12.3, 9.3, 1.6, 6.3, 2.7, 12.5, 23.9, 1.2, 0.5, 1.3, 0.5",6,1612.3155737704917,31.108741760253906,16,24.0,12th Gen Intel(R) Core(TM) i5-12600K,NVIDIA GeForce RTX 3090
1,dpsdp,0.0330069593175853,39.58489179611206,"Detect, Predict, Speech, Detect, Predict","0.002751, 0.003222, 0.021001, 0.002808, 0.003223","6.852, 7.655, 10.347, 7.092, 7.639","508, 508, 102, 508, 508",307200,37360,/home/iiitd/heterogeneous/heterogeneous_edge/images/bear,/home/iiitd/heterogeneous/heterogeneous_edge/test-clean/LibriSpeech/test-clean/1580/141083,8956.1328125,81,2828.125,"11.7, 9.0, 20.8, 12.1, 15.1, 1.1, 18.6, 9.9, 9.4, 0.4, 3.9, 2.5, 2.2, 2.1, 1.7, 1.5",8,1655.098814229249,31.108741760253906,16,24.0,12th Gen Intel(R) Core(TM) i5-12600K,NVIDIA GeForce RTX 3090
1,dpsps,0.051055070171375644,42.170533657073975,"Detect, Predict, Speech, Predict, Speech","0.002786, 0.003222, 0.020899, 0.003226, 0.020922","6.997, 7.643, 10.191, 7.669, 9.671","508, 508, 102, 508, 102",307200,37360,/home/iiitd/heterogeneous/heterogeneous_edge/images/bear,/home/iiitd/heterogeneous/heterogeneous_edge/test-clean/LibriSpeech/test-clean/1580/141083,8923.21484375,82,2828.125,"6.7, 5.5, 54.5, 10.9, 4.3, 0.6, 5.9, 0.5, 2.7, 0.3, 3.8, 4.7, 1.6, 1.5, 1.5, 1.3",5,1574.6470588235295,31.108741760253906,16,24.0,12th Gen Intel(R) Core(TM) i5-12600K,NVIDIA GeForce RTX 3090
1,dpspd,0.0328280253975606,39.66911578178406,"Detect, Predict, Speech, Predict, Detect","0.002730, 0.003237, 0.020907, 0.003223, 0.002732","6.812, 7.635, 10.726, 7.658, 6.838","508, 508, 102, 508, 508",307200,37360,/home/iiitd/heterogeneous/heterogeneous_edge/images/bear,/home/iiitd/heterogeneous/heterogeneous_edge/test-clean/LibriSpeech/test-clean/1580/141083,8858.8359375,81,2828.125,"5.8, 6.7, 36.7, 1.7, 8.0, 0.6, 25.3, 3.2, 2.6, 0.9, 3.2, 4.4, 0.9, 1.0, 1.1, 0.8",5,1637.0750988142292,31.108741760253906,16,24.0,12th Gen Intel(R) Core(TM) i5-12600K,NVIDIA GeForce RTX 3090
1,dpspp,0.03335171360197622,39.686569929122925,"Detect, Predict, Speech, Predict, Predict","0.002730, 0.003228, 0.020933, 0.003234, 0.003227","6.846, 7.697, 9.836, 7.654, 7.654","508, 508, 102, 508, 508",307200,37360,/home/iiitd/heterogeneous/heterogeneous_edge/images/bear,/home/iiitd/heterogeneous/heterogeneous_edge/test-clean/LibriSpeech/test-clean/1580/141083,8915.8359375,81,2828.125,"8.6, 8.0, 15.5, 15.9, 15.3, 0.3, 19.7, 0.0, 4.9, 2.0, 8.7, 0.8, 1.2, 1.3, 0.9, 0.7",7,1620.1195219123506,31.108741760253906,16,24.0,12th Gen Intel(R) Core(TM) i5-12600K,NVIDIA GeForce RTX 3090
1,dpdss,0.05046962802995214,40.42410707473755,"Detect, Predict, Detect, Speech, Speech","0.002728, 0.003231, 0.002708, 0.020892, 0.020910","6.802, 7.643, 6.750, 9.688, 9.541","508, 508, 508, 102, 102",307200,37360,/home/iiitd/heterogeneous/heterogeneous_edge/images/bear,/home/iiitd/heterogeneous/heterogeneous_edge/test-clean/LibriSpeech/test-clean/1580/141083,9108.0859375,82,2828.125,"11.1, 8.5, 6.7, 10.6, 5.6, 2.8, 26.0, 5.5, 1.9, 6.3, 10.2, 0.2, 1.4, 1.2, 1.3, 1.2",9,1551.6532258064517,31.108741760253906,16,24.0,12th Gen Intel(R) Core(TM) i5-12600K,NVIDIA GeForce RTX 3090
1,dpdsd,0.032339313069322216,39.07535362243652,"Detect, Predict, Detect, Speech, Detect","0.002743, 0.003237, 0.002715, 0.020913, 0.002730","6.857, 7.702, 6.789, 10.912, 6.816","508, 508, 508, 102, 508",307200,37360,/home/iiitd/heterogeneous/heterogeneous_edge/images/bear,/home/iiitd/heterogeneous/heterogeneous_edge/test-clean/LibriSpeech/test-clean/1580/141083,8829.63671875,81,2828.125,"2.9, 4.2, 21.2, 21.9, 4.1, 0.7, 24.7, 0.1, 5.3, 0.6, 4.3, 6.5, 1.1, 0.7, 1.3, 1.1",5,1621.7857142857142,31.108741760253906,16,24.0,12th Gen Intel(R) Core(TM) i5-12600K,NVIDIA GeForce RTX 3090
1,dpdsp,0.03277750841438938,38.31930899620056,"Detect, Predict, Detect, Speech, Predict","0.002729, 0.003217, 0.002718, 0.020888, 0.003225","6.830, 7.625, 6.772, 9.434, 7.658","508, 508, 508, 102, 508",307200,37360,/home/iiitd/heterogeneous/heterogeneous_edge/images/bear,/home/iiitd/heterogeneous/heterogeneous_edge/test-clean/LibriSpeech/test-clean/1580/141083,8944.9140625,81,2828.125,"1.4, 14.0, 6.3, 0.9, 17.6, 16.7, 17.7, 2.4, 12.9, 5.6, 4.2, 1.1, 1.0, 1.1, 0.8, 0.7",7,1613.20987654321,31.108741760253906,16,24.0,12th Gen Intel(R) Core(TM) i5-12600K,NVIDIA GeForce RTX 3090
1,dpdds,0.032443743592712675,37.53383660316467,"Detect, Predict, Detect, Detect, Speech","0.002735, 0.003245, 0.002723, 0.002777, 0.020964","6.838, 7.669, 6.798, 6.974, 9.255","508, 508, 508, 508, 102",307200,37360,/home/iiitd/heterogeneous/heterogeneous_edge/images/bear,/home/iiitd/heterogeneous/heterogeneous_edge/test-clean/LibriSpeech/test-clean/1580/141083,8762.16015625,80,2828.125,"8.2, 3.7, 13.3, 2.7, 3.1, 0.1, 34.8, 26.7, 5.8, 0.1, 6.8, 0.1, 1.2, 1.4, 1.0, 1.5",6,1620.699152542373,31.108741760253906,16,24.0,12th Gen Intel(R) Core(TM) i5-12600K,NVIDIA GeForce RTX 3090
1,dpddd,0.014140025590551181,34.93353343009949,"Detect, Predict, Detect, Detect, Detect","0.002715, 0.003230, 0.002728, 0.002729, 0.002738","6.800, 7.679, 6.806, 6.835, 6.813","508, 508, 508, 508, 508",307200,,/home/iiitd/heterogeneous/heterogeneous_edge/images/bear,/home/iiitd/heterogeneous/heterogeneous_edge/test-clean/LibriSpeech/test-clean/1580/141083,8282.6171875,43,1048.125,"3.9, 0.9, 41.8, 15.7, 14.9, 0.1, 10.2, 0.4, 0.5, 0.8, 14.4, 0.6, 0.4, 0.5, 0.4, 0.8",5,1657.695652173913,31.108741760253906,16,24.0,12th Gen Intel(R) Core(TM) i5-12600K,NVIDIA GeForce RTX 3090
1,dpddp,0.014636673228346456,35.73037266731262,"Detect, Predict, Detect, Detect, Predict","0.002724, 0.003231, 0.002725, 0.002722, 0.003235","6.803, 7.665, 6.776, 6.834, 7.653","508, 508, 508, 508, 508",307200,,/home/iiitd/heterogeneous/heterogeneous_edge/images/bear,/home/iiitd/heterogeneous/heterogeneous_edge/test-clean/LibriSpeech/test-clean/1580/141083,8348.984375,43,1048.125,"4.9, 1.9, 13.8, 21.2, 30.0, 19.7, 2.0, 0.1, 7.5, 0.1, 2.3, 0.2, 0.3, 0.8, 0.2, 0.3",5,1646.885593220339,31.108741760253906,16,24.0,12th Gen Intel(R) Core(TM) i5-12600K,NVIDIA GeForce RTX 3090
1,dpdps,0.0328835376331635,41.21589183807373,"Detect, Predict, Detect, Predict, Speech","0.002738, 0.003234, 0.002724, 0.003223, 0.020963","6.861, 7.658, 6.808, 7.655, 12.233","508, 508, 508, 508, 102",307200,37360,/home/iiitd/heterogeneous/heterogeneous_edge/images/bear,/home/iiitd/heterogeneous/heterogeneous_edge/test-clean/LibriSpeech/test-clean/1580/141083,9061.11328125,82,2828.125,"10.3, 10.4, 15.7, 2.1, 11.7, 18.0, 10.0, 0.1, 1.8, 1.2, 12.2, 0.9, 1.1, 0.9, 0.7, 0.7",7,1620.0,31.108741760253906,16,24.0,12th Gen Intel(R) Core(TM) i5-12600K,NVIDIA GeForce RTX 3090
1,dpdpd,0.014661486220472442,35.76922392845154,"Detect, Predict, Detect, Predict, Detect","0.002727, 0.003225, 0.002739, 0.003226, 0.002745","6.815, 7.655, 6.830, 7.659, 6.811","508, 508, 508, 508, 508",307200,,/home/iiitd/heterogeneous/heterogeneous_edge/images/bear,/home/iiitd/heterogeneous/heterogeneous_edge/test-clean/LibriSpeech/test-clean/1580/141083,8329.48828125,45,1048.125,"10.9, 12.2, 17.5, 10.0, 11.6, 0.1, 3.5, 0.5, 16.0, 13.9, 7.1, 0.8, 0.7, 0.5, 0.5, 0.8",8,1657.0212765957447,31.108741760253906,16,24.0,12th Gen Intel(R) Core(TM) i5-12600K,NVIDIA GeForce RTX 3090
1,dpdpp,0.015168909448818898,36.58258533477783,"Detect, Predict, Detect, Predict, Predict","0.002734, 0.003240, 0.002740, 0.003224, 0.003231","6.855, 7.647, 6.814, 7.618, 7.649","508, 508, 508, 508, 508",307200,,/home/iiitd/heterogeneous/heterogeneous_edge/images/bear,/home/iiitd/heterogeneous/heterogeneous_edge/test-clean/LibriSpeech/test-clean/1580/141083,8444.71484375,43,1048.125,"14.1, 22.4, 35.1, 5.2, 20.0, 0.0, 1.4, 0.3, 2.2, 1.6, 0.7, 0.8, 0.4, 0.8, 0.5, 0.3",5,1652.4896265560167,31.108741760253906,16,24.0,12th Gen Intel(R) Core(TM) i5-12600K,NVIDIA GeForce RTX 3090
1,dppss,0.05105267423189748,41.35096001625061,"Detect, Predict, Predict, Speech, Speech","0.002716, 0.003246, 0.003244, 0.020899, 0.020948","6.800, 7.677, 7.693, 10.015, 9.165","508, 508, 508, 102, 102",307200,37360,/home/iiitd/heterogeneous/heterogeneous_edge/images/bear,/home/iiitd/heterogeneous/heterogeneous_edge/test-clean/LibriSpeech/test-clean/1580/141083,9027.546875,82,2828.125,"6.4, 1.3, 44.0, 7.8, 14.4, 15.2, 2.0, 0.4, 2.2, 0.9, 4.5, 1.0, 1.5, 1.6, 1.4, 1.3",5,1541.1787072243346,31.108741760253906,16,24.0,12th Gen Intel(R) Core(TM) i5-12600K,NVIDIA GeForce RTX 3090
1,dppsd,0.032852695383665274,38.19902157783508,"Detect, Predict, Predict, Speech, Detect","0.002721, 0.003233, 0.003234, 0.020934, 0.002730","6.803, 7.665, 7.637, 9.249, 6.844","508, 508, 508, 102, 508",307200,37360,/home/iiitd/heterogeneous/heterogeneous_edge/images/bear,/home/iiitd/heterogeneous/heterogeneous_edge/test-clean/LibriSpeech/test-clean/1580/141083,8902.59375,82,2828.125,"1.4, 0.9, 42.0, 3.1, 35.8, 3.3, 2.8, 3.6, 3.8, 0.8, 2.4, 2.1, 0.7, 0.9, 0.9, 0.7",2,1600.7581967213114,31.108741760253906,16,24.0,12th Gen Intel(R) Core(TM) i5-12600K,NVIDIA GeForce RTX 3090
1,dppsp,0.03338649135402192,38.87686586380005,"Detect, Predict, Predict, Speech, Predict","0.002739, 0.003230, 0.003231, 0.020951, 0.003235","6.880, 7.651, 7.647, 9.056, 7.642","508, 508, 508, 102, 508",307200,37360,/home/iiitd/heterogeneous/heterogeneous_edge/images/bear,/home/iiitd/heterogeneous/heterogeneous_edge/test-clean/LibriSpeech/test-clean/1580/141083,8905.23046875,80,2828.125,"13.9, 13.4, 54.9, 0.0, 7.6, 0.3, 3.2, 0.3, 3.1, 0.8, 4.4, 0.4, 1.0, 1.1, 1.2, 1.0",4,1604.46,31.108741760253906,16,24.0,12th Gen Intel(R) Core(TM) i5-12600K,NVIDIA GeForce RTX 3090
1,dppds,0.03278883109464258,38.663878440856934,"Detect, Predict, Predict, Detect, Speech","0.002709, 0.003221, 0.003224, 0.002726, 0.020910","6.795, 7.639, 7.610, 6.816, 9.803","508, 508, 508, 508, 102",307200,37360,/home/iiitd/heterogeneous/heterogeneous_edge/images/bear,/home/iiitd/heterogeneous/heterogeneous_edge/test-clean/LibriSpeech/test-clean/1580/141083,9027.7578125,81,2828.125,"3.1, 5.9, 15.1, 15.7, 18.3, 0.1, 9.5, 12.2, 7.2, 1.5, 6.4, 2.6, 0.6, 0.9, 0.7, 0.6",8,1657.530864197531,31.108741760253906,16,24.0,12th Gen Intel(R) Core(TM) i5-12600K,NVIDIA GeForce RTX 3090
1,dppdd,0.014755057086614173,35.88726258277893,"Detect, Predict, Predict, Detect, Detect","0.002808, 0.003226, 0.003226, 0.002770, 0.002725","6.920, 7.665, 7.646, 6.864, 6.793","508, 508, 508, 508, 508",307200,,/home/iiitd/heterogeneous/heterogeneous_edge/images/bear,/home/iiitd/heterogeneous/heterogeneous_edge/test-clean/LibriSpeech/test-clean/1580/141083,8514.96875,44,1048.125,"3.0, 0.5, 18.3, 0.1, 20.7, 5.9, 54.7, 1.0, 2.2, 0.4, 0.4, 0.5, 0.8, 0.6, 0.5, 1.0",4,1680.5672268907563,31.108741760253906,16,24.0,12th Gen Intel(R) Core(TM) i5-12600K,NVIDIA GeForce RTX 3090
1,dppdp,0.015166330708661416,36.666314363479614,"Detect, Predict, Predict, Detect, Predict","0.002729, 0.003230, 0.003222, 0.002752, 0.003232","6.818, 7.668, 7.639, 6.849, 7.693","508, 508, 508, 508, 508",307200,,/home/iiitd/heterogeneous/heterogeneous_edge/images/bear,/home/iiitd/heterogeneous/heterogeneous_edge/test-clean/LibriSpeech/test-clean/1580/141083,8338.0546875,44,1048.125,"12.2, 2.9, 42.8, 10.5, 13.4, 0.1, 1.2, 0.1, 11.0, 0.3, 6.9, 1.9, 0.6, 0.3, 0.8, 0.4",6,1672.8395061728395,31.108741760253906,16,24.0,12th Gen Intel(R) Core(TM) i5-12600K,NVIDIA GeForce RTX 3090
1,dppps,0.03331956279913541,39.00214219093323,"Detect, Predict, Predict, Predict, Speech","0.002720, 0.003232, 0.003229, 0.003233, 0.020906","6.883, 7.652, 7.645, 7.655, 9.168","508, 508, 508, 508, 102",307200,37360,/home/iiitd/heterogeneous/heterogeneous_edge/images/bear,/home/iiitd/heterogeneous/heterogeneous_edge/test-clean/LibriSpeech/test-clean/1580/141083,8914.75,82,2828.125,"1.8, 3.9, 53.2, 4.1, 11.3, 1.2, 1.5, 0.4, 17.8, 1.0, 3.0, 0.2, 1.1, 1.2, 1.2, 1.4",3,1577.82,31.108741760253906,16,24.0,12th Gen Intel(R) Core(TM) i5-12600K,NVIDIA GeForce RTX 3090
1,dpppd,0.015147125984251967,36.636006355285645,"Detect, Predict, Predict, Predict, Detect","0.002724, 0.003231, 0.003228, 0.003238, 0.002726","6.841, 7.649, 7.665, 7.715, 6.766","508, 508, 508, 508, 508",307200,,/home/iiitd/heterogeneous/heterogeneous_edge/images/bear,/home/iiitd/heterogeneous/heterogeneous_edge/test-clean/LibriSpeech/test-clean/1580/141083,8398.51171875,44,1048.125,"11.8, 8.8, 23.2, 6.0, 20.1, 0.1, 7.5, 13.2, 1.2, 0.7, 6.0, 7.9, 0.1, 0.4, 0.7, 0.3",9,1671.6322314049587,31.108741760253906,16,24.0,12th Gen Intel(R) Core(TM) i5-12600K,NVIDIA GeForce RTX 3090
1,dpppp,0.015645490157480315,37.40177392959595,"Detect, Predict, Predict, Predict, Predict","0.002738, 0.003224, 0.003219, 0.003235, 0.003230","6.830, 7.640, 7.642, 7.659, 7.631","508, 508, 508, 508, 508",307200,,/home/iiitd/heterogeneous/heterogeneous_edge/images/bear,/home/iiitd/heterogeneous/heterogeneous_edge/test-clean/LibriSpeech/test-clean/1580/141083,8514.984375,43,1048.125,"4.8, 24.2, 3.7, 0.2, 16.1, 0.3, 34.8, 7.9, 8.2, 0.0, 3.3, 1.1, 0.3, 0.4, 0.3, 0.1",5,1639.6761133603238,31.108741760253906,16,24.0,12th Gen Intel(R) Core(TM) i5-12600K,NVIDIA GeForce RTX 3090
1,pssss,0.08689216635788172,53.999064683914185,"Predict, Speech, Speech, Speech, Speech","0.003236, 0.020902, 0.020882, 0.020968, 0.020904","7.631, 9.826, 13.787, 12.201, 10.555","508, 102, 102, 102, 102",307200,37360,/home/iiitd/heterogeneous/heterogeneous_edge/images/bear,/home/iiitd/heterogeneous/heterogeneous_edge/test-clean/LibriSpeech/test-clean/1580/141083,8983.62890625,82,2828.125,"9.9, 9.7, 13.5, 8.3, 11.1, 13.2, 2.9, 0.4, 2.8, 3.9, 2.3, 0.5, 1.8, 1.5, 1.7, 1.4",6,1548.1904761904761,31.108741760253906,16,24.0,12th Gen Intel(R) Core(TM) i5-12600K,NVIDIA GeForce RTX 3090
1,psssd,0.0686864000694766,44.01388883590698,"Predict, Speech, Speech, Speech, Detect","0.003233, 0.020882, 0.020976, 0.020875, 0.002721","7.657, 10.560, 9.348, 9.656, 6.792","508, 102, 102, 102, 508",307200,37360,/home/iiitd/heterogeneous/heterogeneous_edge/images/bear,/home/iiitd/heterogeneous/heterogeneous_edge/test-clean/LibriSpeech/test-clean/1580/141083,9139.328125,82,2828.125,"5.3, 19.6, 9.2, 2.3, 15.7, 1.4, 9.0, 11.8, 6.8, 9.8, 2.3, 1.0, 1.7, 1.6, 1.6, 1.6",8,1530.5535055350554,31.108741760253906,16,24.0,12th Gen Intel(R) Core(TM) i5-12600K,NVIDIA GeForce RTX 3090
1,psssp,0.06935885819052029,44.714552879333496,"Predict, Speech, Speech, Speech, Predict","0.003232, 0.020865, 0.021154, 0.020871, 0.003237","7.673, 9.859, 9.457, 10.053, 7.673","508, 102, 102, 102, 508",307200,37360,/home/iiitd/heterogeneous/heterogeneous_edge/images/bear,/home/iiitd/heterogeneous/heterogeneous_edge/test-clean/LibriSpeech/test-clean/1580/141083,8997.203125,82,2828.125,"5.1, 18.5, 8.0, 0.5, 21.1, 0.9, 10.3, 4.2, 12.6, 5.4, 6.3, 0.7, 1.8, 1.9, 1.8, 1.6",8,1518.8028169014085,31.108741760253906,16,24.0,12th Gen Intel(R) Core(TM) i5-12600K,NVIDIA GeForce RTX 3090
1,pssds,0.06901472136019762,43.7874059677124,"Predict, Speech, Speech, Detect, Speech","0.003227, 0.020919, 0.021021, 0.002731, 0.021117","7.642, 9.679, 9.921, 6.834, 9.711","508, 102, 102, 508, 102",307200,37360,/home/iiitd/heterogeneous/heterogeneous_edge/images/bear,/home/iiitd/heterogeneous/heterogeneous_edge/test-clean/LibriSpeech/test-clean/1580/141083,9065.19921875,82,2828.125,"3.7, 18.4, 31.2, 1.8, 14.8, 0.8, 4.5, 4.4, 3.1, 0.6, 9.3, 1.4, 1.6, 1.6, 1.4, 1.4",4,1525.1520912547528,31.108741760253906,16,24.0,12th Gen Intel(R) Core(TM) i5-12600K,NVIDIA GeForce RTX 3090
1,pssdd,0.050603328855951826,40.28133845329285,"Predict, Speech, Speech, Detect, Detect","0.003229, 0.020954, 0.020959, 0.002727, 0.002735","7.646, 9.041, 9.967, 6.832, 6.795","508, 102, 102, 508, 508",307200,37360,/home/iiitd/heterogeneous/heterogeneous_edge/images/bear,/home/iiitd/heterogeneous/heterogeneous_edge/test-clean/LibriSpeech/test-clean/1580/141083,9112.15234375,82,2828.125,"2.4, 0.6, 17.0, 16.8, 22.0, 6.8, 4.6, 2.2, 2.4, 7.8, 5.2, 10.5, 1.7, 1.2, 1.0, 1.0",7,1563.69140625,31.108741760253906,16,24.0,12th Gen Intel(R) Core(TM) i5-12600K,NVIDIA GeForce RTX 3090
1,pssdp,0.05109899038906902,42.5696337223053,"Predict, Speech, Speech, Detect, Predict","0.003242, 0.020950, 0.020946, 0.002723, 0.003238","7.654, 10.531, 9.943, 6.804, 7.638","508, 102, 102, 508, 508",307200,37360,/home/iiitd/heterogeneous/heterogeneous_edge/images/bear,/home/iiitd/heterogeneous/heterogeneous_edge/test-clean/LibriSpeech/test-clean/1580/141083,8993.33203125,82,2828.125,"1.7, 8.7, 10.5, 22.1, 28.6, 1.3, 13.9, 0.2, 1.5, 1.1, 1.2, 2.8, 1.3, 1.3, 1.4, 1.4",5,1561.2595419847328,31.108741760253906,16,24.0,12th Gen Intel(R) Core(TM) i5-12600K,NVIDIA GeForce RTX 3090
1,pssps,0.06923837216303844,44.87779998779297,"Predict, Speech, Speech, Predict, Speech","0.003239, 0.020919, 0.020940, 0.003233, 0.020906","7.702, 10.175, 9.749, 7.813, 9.439","508, 102, 102, 508, 102",307200,37360,/home/iiitd/heterogeneous/heterogeneous_edge/images/bear,/home/iiitd/heterogeneous/heterogeneous_edge/test-clean/LibriSpeech/test-clean/1580/141083,8994.29296875,82,2827.3125,"15.1, 21.1, 10.7, 1.6, 8.6, 11.0, 8.5, 1.0, 13.4, 3.9, 3.4, 2.1, 2.1, 2.2, 2.0, 2.1",7,1569.8351648351647,31.108741760253906,16,24.0,12th Gen Intel(R) Core(TM) i5-12600K,NVIDIA GeForce RTX 3090
1,psspd,0.05102003844372395,41.42384934425354,"Predict, Speech, Speech, Predict, Detect","0.003233, 0.020933, 0.020901, 0.003230, 0.002723","7.691, 9.567, 9.736, 7.628, 6.802","508, 102, 102, 508, 508",307200,37360,/home/iiitd/heterogeneous/heterogeneous_edge/images/bear,/home/iiitd/heterogeneous/heterogeneous_edge/test-clean/LibriSpeech/test-clean/1580/141083,8924.859375,80,2827.3125,"7.5, 7.8, 20.8, 12.3, 1.8, 7.6, 19.5, 6.7, 9.0, 0.1, 1.6, 1.4, 1.2, 1.1, 1.3, 1.4",8,1533.0459770114942,31.108741760253906,16,24.0,12th Gen Intel(R) Core(TM) i5-12600K,NVIDIA GeForce RTX 3090
1,psspp,0.051833499343832024,42.370850563049316,"Predict, Speech, Speech, Predict, Predict","0.003226, 0.021213, 0.020943, 0.003225, 0.003226","7.692, 9.504, 9.784, 7.750, 7.640","508, 102, 102, 508, 508",307200,37360,/home/iiitd/heterogeneous/heterogeneous_edge/images/bear,/home/iiitd/heterogeneous/heterogeneous_edge/test-clean/LibriSpeech/test-clean/1580/141083,8967.671875,81,2827.3125,"16.6, 10.2, 20.7, 25.2, 4.7, 3.9, 8.3, 1.1, 2.1, 1.3, 1.4, 1.0, 1.5, 1.4, 1.5, 1.4",5,1583.2386363636363,31.108741760253906,16,24.0,12th Gen Intel(R) Core(TM) i5-12600K,NVIDIA GeForce RTX 3090
1,psdss,0.06867217824610158,47.32756543159485,"Predict, Speech, Detect, Speech, Speech","0.003230, 0.020886, 0.002721, 0.020885, 0.020951","7.615, 8.974, 6.800, 9.319, 14.619","508, 102, 508, 102, 102",307200,37360,/home/iiitd/heterogeneous/heterogeneous_edge/images/bear,/home/iiitd/heterogeneous/heterogeneous_edge/test-clean/LibriSpeech/test-clean/1580/141083,9062.26171875,82,2827.3125,"1.4, 1.9, 24.4, 3.1, 17.8, 2.7, 8.7, 1.2, 7.8, 2.6, 7.2, 7.8, 1.6, 1.8, 1.6, 1.5",6,1552.7935943060497,31.108741760253906,16,24.0,12th Gen Intel(R) Core(TM) i5-12600K,NVIDIA GeForce RTX 3090
1,psdsd,0.0505305155164428,40.76529312133789,"Predict, Speech, Detect, Speech, Detect","0.003227, 0.020956, 0.002720, 0.020907, 0.002720","7.668, 9.249, 6.823, 10.190, 6.835","508, 102, 508, 102, 508",307200,37360,/home/iiitd/heterogeneous/heterogeneous_edge/images/bear,/home/iiitd/heterogeneous/heterogeneous_edge/test-clean/LibriSpeech/test-clean/1580/141083,8975.19140625,81,2827.3125,"4.1, 13.8, 10.3, 0.2, 33.2, 4.7, 17.8, 2.3, 4.4, 1.4, 3.8, 1.3, 1.5, 1.6, 1.3, 1.8",4,1551.5625,31.108741760253906,16,24.0,12th Gen Intel(R) Core(TM) i5-12600K,NVIDIA GeForce RTX 3090
1,psdsp,0.05101207356800988,41.273502826690674,"Predict, Speech, Detect, Speech, Predict","0.003228, 0.020957, 0.002726, 0.020877, 0.003224","7.647, 9.242, 6.814, 9.948, 7.623","508, 102, 508, 102, 508",307200,37360,/home/iiitd/heterogeneous/heterogeneous_edge/images/bear,/home/iiitd/heterogeneous/heterogeneous_edge/test-clean/LibriSpeech/test-clean/1580/141083,9033.62890625,81,2827.3125,"12.5, 6.2, 17.0, 9.3, 11.3, 8.8, 9.3, 1.9, 9.8, 5.4, 4.9, 1.2, 1.5, 1.6, 1.5, 1.3",9,1610.9411764705883,31.108741760253906,16,24.0,12th Gen Intel(R) Core(TM) i5-12600K,NVIDIA GeForce RTX 3090
1,psdds,0.050595806855025474,41.45332193374634,"Predict, Speech, Detect, Detect, Speech","0.003240, 0.020882, 0.002726, 0.002754, 0.020993","7.719, 10.677, 6.849, 6.833, 9.376","508, 102, 508, 508, 102",307200,37360,/home/iiitd/heterogeneous/heterogeneous_edge/images/bear,/home/iiitd/heterogeneous/heterogeneous_edge/test-clean/LibriSpeech/test-clean/1580/141083,9057.3046875,81,2827.3125,"5.9, 7.7, 13.8, 1.6, 20.0, 14.5, 20.6, 3.1, 1.8, 0.8, 7.0, 2.6, 1.7, 2.2, 1.5, 1.7",7,1599.061224489796,31.108741760253906,16,24.0,12th Gen Intel(R) Core(TM) i5-12600K,NVIDIA GeForce RTX 3090
1,psddd,0.03229131627296588,37.48445105552673,"Predict, Speech, Detect, Detect, Detect","0.003225, 0.020881, 0.002729, 0.002718, 0.002738","7.643, 9.406, 6.823, 6.797, 6.815","508, 102, 508, 508, 508",307200,37360,/home/iiitd/heterogeneous/heterogeneous_edge/images/bear,/home/iiitd/heterogeneous/heterogeneous_edge/test-clean/LibriSpeech/test-clean/1580/141083,8932.2421875,82,2827.3125,"8.9, 22.2, 7.7, 2.3, 32.6, 5.1, 0.9, 1.6, 2.1, 0.4, 14.6, 0.8, 1.3, 1.2, 0.7, 1.0",6,1611.3673469387754,31.108741760253906,16,24.0,12th Gen Intel(R) Core(TM) i5-12600K,NVIDIA GeForce RTX 3090
1,psddp,0.03273894233441408,38.55408573150635,"Predict, Speech, Detect, Detect, Predict","0.003232, 0.020831, 0.002716, 0.002729, 0.003231","7.657, 9.643, 6.788, 6.821, 7.645","508, 102, 508, 508, 508",307200,37360,/home/iiitd/heterogeneous/heterogeneous_edge/images/bear,/home/iiitd/heterogeneous/heterogeneous_edge/test-clean/LibriSpeech/test-clean/1580/141083,9061.7734375,81,2827.3125,"5.3, 1.0, 50.1, 16.1, 10.2, 0.5, 3.5, 0.1, 3.2, 0.6, 8.3, 0.7, 1.3, 1.5, 0.8, 0.9",5,1653.2448979591836,31.108741760253906,16,24.0,12th Gen Intel(R) Core(TM) i5-12600K,NVIDIA GeForce RTX 3090
1,psdps,0.05104719762235604,41.60735201835632,"Predict, Speech, Detect, Predict, Speech","0.003226, 0.020962, 0.002738, 0.003222, 0.020900","7.646, 9.070, 6.829, 7.658, 10.405","508, 102, 508, 508, 102",307200,37360,/home/iiitd/heterogeneous/heterogeneous_edge/images/bear,/home/iiitd/heterogeneous/heterogeneous_edge/test-clean/LibriSpeech/test-clean/1580/141083,9037.7421875,82,2827.3125,"9.3, 4.0, 16.2, 16.4, 29.4, 9.4, 3.7, 0.3, 5.4, 0.1, 1.6, 1.1, 1.2, 1.5, 1.4, 1.6",6,1574.1412213740457,31.108741760253906,16,24.0,12th Gen Intel(R) Core(TM) i5-12600K,NVIDIA GeForce RTX 3090
1,psdpd,0.03281647533580361,45.061347246170044,"Predict, Speech, Detect, Predict, Detect","0.003226, 0.020903, 0.002719, 0.003240, 0.002728","7.646, 16.181, 6.783, 7.667, 6.785","508, 102, 508, 508, 508",307200,37360,/home/iiitd/heterogeneous/heterogeneous_edge/images/bear,/home/iiitd/heterogeneous/heterogeneous_edge/test-clean/LibriSpeech/test-clean/1580/141083,8909.26953125,81,2827.3125,"12.9, 2.8, 13.2, 12.5, 15.5, 0.6, 5.4, 2.2, 4.4, 12.7, 4.4, 0.7, 0.9, 0.7, 0.6, 0.6",6,1657.8191489361702,31.108741760253906,16,24.0,12th Gen Intel(R) Core(TM) i5-12600K,NVIDIA GeForce RTX 3090
1,psdpp,0.03333268036899799,39.32481622695923,"Predict, Speech, Detect, Predict, Predict","0.003233, 0.020904, 0.002742, 0.003233, 0.003220","7.709, 9.518, 6.815, 7.643, 7.640","508, 102, 508, 508, 508",307200,37360,/home/iiitd/heterogeneous/heterogeneous_edge/images/bear,/home/iiitd/heterogeneous/heterogeneous_edge/test-clean/LibriSpeech/test-clean/1580/141083,9053.0859375,82,2827.3125,"12.0, 0.9, 26.6, 12.1, 21.6, 8.2, 2.9, 1.5, 2.7, 0.3, 6.6, 6.9, 1.2, 0.9, 0.8, 0.8",7,1620.7768924302788,31.108741760253906,16,24.0,12th Gen Intel(R) Core(TM) i5-12600K,NVIDIA GeForce RTX 3090
1,pspss,0.06937895835263239,45.899412393569946,"Predict, Speech, Predict, Speech, Speech","0.003237, 0.021026, 0.003232, 0.020923, 0.020961","7.678, 9.942, 7.639, 10.813, 9.827","508, 102, 508, 102, 102",307200,37360,/home/iiitd/heterogeneous/heterogeneous_edge/images/bear,/home/iiitd/heterogeneous/heterogeneous_edge/test-clean/LibriSpeech/test-clean/1580/141083,9085.640625,81,2827.3125,"1.9, 2.5, 12.3, 14.7, 9.9, 14.0, 10.8, 14.7, 1.8, 0.2, 6.5, 1.3, 1.5, 1.2, 1.2, 1.5",7,1519.71119133574,31.108741760253906,16,24.0,12th Gen Intel(R) Core(TM) i5-12600K,NVIDIA GeForce RTX 3090
1,pspsd,0.05101832518913077,43.22770714759827,"Predict, Speech, Predict, Speech, Detect","0.003234, 0.020910, 0.003232, 0.020910, 0.002733","7.674, 10.228, 7.642, 10.847, 6.837","508, 102, 508, 102, 508",307200,37360,/home/iiitd/heterogeneous/heterogeneous_edge/images/bear,/home/iiitd/heterogeneous/heterogeneous_edge/test-clean/LibriSpeech/test-clean/1580/141083,8969.80859375,82,2827.3125,"9.0, 9.9, 18.1, 0.7, 17.3, 1.8, 6.0, 1.3, 1.7, 2.7, 10.0, 13.0, 1.3, 1.2, 1.0, 0.8",7,1593.6792452830189,31.108741760253906,16,24.0,12th Gen Intel(R) Core(TM) i5-12600K,NVIDIA GeForce RTX 3090
1,pspsp,0.05151593685348155,44.41606664657593,"Predict, Speech, Predict, Speech, Predict","0.003228, 0.020929, 0.003230, 0.020892, 0.003237","7.681, 10.366, 7.645, 11.071, 7.654","508, 102, 508, 102, 508",307200,37360,/home/iiitd/heterogeneous/heterogeneous_edge/images/bear,/home/iiitd/heterogeneous/heterogeneous_edge/test-clean/LibriSpeech/test-clean/1580/141083,9030.09765625,81,2827.3125,"2.7, 20.9, 4.0, 9.3, 21.9, 0.1, 4.1, 0.5, 7.2, 1.3, 4.9, 15.0, 1.2, 1.2, 1.0, 1.3",5,1567.4725274725274,31.108741760253906,16,24.0,12th Gen Intel(R) Core(TM) i5-12600K,NVIDIA GeForce RTX 3090
1,pspds,0.051162999421028255,44.289228200912476,"Predict, Speech, Predict, Detect, Speech","0.003239, 0.020897, 0.003236, 0.002738, 0.021053","7.669, 12.405, 7.643, 6.828, 9.745","508, 102, 508, 508, 102",307200,37360,/home/iiitd/heterogeneous/heterogeneous_edge/images/bear,/home/iiitd/heterogeneous/heterogeneous_edge/test-clean/LibriSpeech/test-clean/1580/141083,8924.4921875,81,2827.3125,"3.5, 13.7, 35.7, 4.2, 9.3, 1.0, 5.0, 0.5, 4.0, 2.3, 9.0, 5.2, 1.1, 1.0, 1.1, 1.0",6,1565.597014925373,31.108741760253906,16,24.0,12th Gen Intel(R) Core(TM) i5-12600K,NVIDIA GeForce RTX 3090
1,pspdd,0.03282827582213988,38.38827323913574,"Predict, Speech, Predict, Detect, Detect","0.003235, 0.020927, 0.003224, 0.002715, 0.002727","7.690, 9.430, 7.662, 6.818, 6.788","508, 102, 508, 508, 508",307200,37360,/home/iiitd/heterogeneous/heterogeneous_edge/images/bear,/home/iiitd/heterogeneous/heterogeneous_edge/test-clean/LibriSpeech/test-clean/1580/141083,8802.40625,80,2827.3125,"26.5, 13.7, 6.4, 5.3, 12.3, 16.4, 4.8, 1.4, 3.6, 2.6, 5.6, 1.6, 0.7, 0.9, 0.7, 0.6",7,1615.0403225806451,31.108741760253906,16,24.0,12th Gen Intel(R) Core(TM) i5-12600K,NVIDIA GeForce RTX 3090
1,pspdp,0.033394893353404356,40.630231857299805,"Predict, Speech, Predict, Detect, Predict","0.003232, 0.020975, 0.003227, 0.002726, 0.003235","7.640, 10.908, 7.627, 6.832, 7.624","508, 102, 508, 508, 508",307200,37360,/home/iiitd/heterogeneous/heterogeneous_edge/images/bear,/home/iiitd/heterogeneous/heterogeneous_edge/test-clean/LibriSpeech/test-clean/1580/141083,8971.5234375,81,2827.3125,"7.5, 8.5, 23.9, 17.8, 13.3, 8.0, 3.0, 0.6, 0.4, 1.0, 6.8, 5.7, 1.1, 1.0, 0.8, 0.9",8,1659.3385214007783,31.108741760253906,16,24.0,12th Gen Intel(R) Core(TM) i5-12600K,NVIDIA GeForce RTX 3090
1,pspps,0.05149215813648294,42.74376368522644,"Predict, Speech, Predict, Predict, Speech","0.003229, 0.020926, 0.003231, 0.003234, 0.020872","7.654, 9.783, 7.684, 7.646, 9.976","508, 102, 508, 508, 102",307200,37360,/home/iiitd/heterogeneous/heterogeneous_edge/images/bear,/home/iiitd/heterogeneous/heterogeneous_edge/test-clean/LibriSpeech/test-clean/1580/141083,9078.11328125,81,2827.3125,"14.0, 20.9, 34.6, 3.1, 7.3, 0.5, 9.2, 0.1, 2.2, 0.8, 1.5, 1.1, 1.4, 1.1, 1.4, 1.1",5,1575.5152671755725,31.108741760253906,16,24.0,12th Gen Intel(R) Core(TM) i5-12600K,NVIDIA GeForce RTX 3090
1,psppd,0.033305935618341824,39.234777212142944,"Predict, Speech, Predict, Predict, Detect","0.003232, 0.020886, 0.003229, 0.003220, 0.002739","7.681, 9.452, 7.656, 7.604, 6.843","508, 102, 508, 508, 508",307200,37360,/home/iiitd/heterogeneous/heterogeneous_edge/images/bear,/home/iiitd/heterogeneous/heterogeneous_edge/test-clean/LibriSpeech/test-clean/1580/141083,8909.16015625,80,2827.3125,"6.0, 13.6, 8.1, 6.3, 13.8, 23.0, 14.6, 0.7, 11.2, 0.5, 2.6, 2.1, 1.3, 0.9, 0.9, 1.1",8,1597.56,31.108741760253906,16,24.0,12th Gen Intel(R) Core(TM) i5-12600K,NVIDIA GeForce RTX 3090
1,psppp,0.034061531496062995,40.96433758735657,"Predict, Speech, Predict, Predict, Predict","0.003225, 0.021128, 0.003221, 0.003245, 0.003242","7.739, 10.162, 7.624, 7.747, 7.692","508, 102, 508, 508, 508",307200,37360,/home/iiitd/heterogeneous/heterogeneous_edge/images/bear,/home/iiitd/heterogeneous/heterogeneous_edge/test-clean/LibriSpeech/test-clean/1580/141083,8879.75390625,80,2827.3125,"18.4, 1.5, 30.6, 14.6, 4.1, 0.8, 9.3, 0.4, 1.5, 1.7, 16.9, 3.4, 1.0, 0.9, 1.1, 1.1",5,1637.1176470588234,31.108741760253906,16,24.0,12th Gen Intel(R) Core(TM) i5-12600K,NVIDIA GeForce RTX 3090
1,pdsss,0.0687841060676239,46.121060371398926,"Predict, Detect, Speech, Speech, Speech","0.003256, 0.002732, 0.020901, 0.020936, 0.020959","7.805, 6.813, 11.041, 9.993, 10.468","508, 508, 102, 102, 102",307200,37360,/home/iiitd/heterogeneous/heterogeneous_edge/images/bear,/home/iiitd/heterogeneous/heterogeneous_edge/test-clean/LibriSpeech/test-clean/1580/141083,9076.64453125,81,2828.125,"10.7, 2.7, 6.2, 4.2, 5.2, 0.2, 15.0, 10.9, 17.6, 8.6, 7.3, 4.8, 1.7, 1.7, 1.4, 1.5",8,1439.4290657439446,31.108741760253906,16,24.0,12th Gen Intel(R) Core(TM) i5-12600K,NVIDIA GeForce RTX 3090
1,pdssd,0.05050489107611549,40.879257678985596,"Predict, Detect, Speech, Speech, Detect","0.003230, 0.002718, 0.020900, 0.020935, 0.002721","7.676, 6.807, 10.091, 9.494, 6.811","508, 508, 102, 102, 508",307200,37360,/home/iiitd/heterogeneous/heterogeneous_edge/images/bear,/home/iiitd/heterogeneous/heterogeneous_edge/test-clean/LibriSpeech/test-clean/1580/141083,9061.53515625,82,2828.125,"4.9, 0.6, 16.4, 4.5, 2.1, 0.8, 17.4, 1.0, 16.1, 14.7, 8.9, 5.6, 1.1, 1.1, 1.4, 1.1",6,1550.6470588235295,31.108741760253906,16,24.0,12th Gen Intel(R) Core(TM) i5-12600K,NVIDIA GeForce RTX 3090
1,pdssp,0.05095860417631619,50.32180714607239,"Predict, Detect, Speech, Speech, Predict","0.003228, 0.002723, 0.020873, 0.020898, 0.003237","7.680, 6.819, 10.683, 17.436, 7.704","508, 508, 102, 102, 508",307200,37360,/home/iiitd/heterogeneous/heterogeneous_edge/images/bear,/home/iiitd/heterogeneous/heterogeneous_edge/test-clean/LibriSpeech/test-clean/1580/141083,8972.74609375,81,2828.125,"14.9, 14.0, 24.3, 3.0, 3.3, 1.0, 3.9, 2.2, 9.9, 0.3, 3.9, 1.7, 0.9, 1.0, 1.1, 0.9",4,1584.4051446945339,31.108741760253906,16,24.0,12th Gen Intel(R) Core(TM) i5-12600K,NVIDIA GeForce RTX 3090
1,pdsds,0.05049707098193608,41.03153371810913,"Predict, Detect, Speech, Detect, Speech","0.003236, 0.002738, 0.020924, 0.002726, 0.020873","7.673, 6.834, 9.630, 6.832, 10.062","508, 508, 102, 508, 102",307200,37360,/home/iiitd/heterogeneous/heterogeneous_edge/images/bear,/home/iiitd/heterogeneous/heterogeneous_edge/test-clean/LibriSpeech/test-clean/1580/141083,9010.5546875,82,2828.125,"20.6, 12.9, 5.7, 16.1, 2.0, 2.8, 11.0, 1.7, 5.5, 2.8, 16.7, 0.3, 1.7, 1.4, 1.7, 1.3",7,1598.5975609756097,31.108741760253906,16,24.0,12th Gen Intel(R) Core(TM) i5-12600K,NVIDIA GeForce RTX 3090
1,pdsdd,0.032326593098656785,40.08203363418579,"Predict, Detect, Speech, Detect, Detect","0.003234, 0.002742, 0.020895, 0.002716, 0.002739","7.677, 6.852, 11.895, 6.824, 6.835","508, 508, 102, 508, 508",307200,37360,/home/iiitd/heterogeneous/heterogeneous_edge/images/bear,/home/iiitd/heterogeneous/heterogeneous_edge/test-clean/LibriSpeech/test-clean/1580/141083,9048.546875,82,2828.125,"14.5, 0.6, 16.7, 0.7, 36.0, 2.5, 4.5, 0.4, 11.2, 3.3, 5.6, 0.7, 1.1, 0.9, 0.7, 0.9",5,1629.6558704453441,31.108741760253906,16,24.0,12th Gen Intel(R) Core(TM) i5-12600K,NVIDIA GeForce RTX 3090
1,pdsdp,0.03285525003859812,44.905160427093506,"Predict, Detect, Speech, Detect, Predict","0.003237, 0.002724, 0.020967, 0.002720, 0.003208","7.692, 6.806, 15.914, 6.832, 7.661","508, 508, 102, 508, 508",307200,37360,/home/iiitd/heterogeneous/heterogeneous_edge/images/bear,/home/iiitd/heterogeneous/heterogeneous_edge/test-clean/LibriSpeech/test-clean/1580/141083,8885.9140625,81,2828.125,"14.2, 24.6, 8.6, 5.8, 11.2, 0.8, 4.9, 0.8, 2.5, 8.4, 3.6, 4.9, 1.0, 1.2, 0.8, 1.0",6,1624.760147601476,31.108741760253906,16,24.0,12th Gen Intel(R) Core(TM) i5-12600K,NVIDIA GeForce RTX 3090
1,pdsps,0.05038849073645206,43.33082628250122,"Predict, Detect, Speech, Predict, Speech","0.003181, 0.002743, 0.020633, 0.003141, 0.020691","7.643, 6.825, 10.076, 7.620, 11.168","508, 508, 102, 508, 102",307200,37360,/home/iiitd/heterogeneous/heterogeneous_edge/images/bear,/home/iiitd/heterogeneous/heterogeneous_edge/test-clean/LibriSpeech/test-clean/1580/141083,9013.66015625,80,2923.25,"7.9, 12.5, 42.1, 4.7, 2.9, 1.1, 3.0, 0.4, 5.5, 2.5, 8.6, 0.1, 1.2, 1.2, 1.2, 1.1",5,1640.9195402298851,31.108741760253906,16,24.0,12th Gen Intel(R) Core(TM) i5-12600K,NVIDIA GeForce RTX 3090
1,pdspd,0.03280841747722712,39.33174133300781,"Predict, Detect, Speech, Predict, Detect","0.003187, 0.002737, 0.020932, 0.003230, 0.002722","7.791, 6.813, 10.169, 7.690, 6.868","508, 508, 102, 508, 508",307200,37360,/home/iiitd/heterogeneous/heterogeneous_edge/images/bear,/home/iiitd/heterogeneous/heterogeneous_edge/test-clean/LibriSpeech/test-clean/1580/141083,8984.328125,81,2923.25,"6.9, 8.3, 40.7, 8.4, 3.3, 0.6, 12.8, 8.3, 3.9, 1.6, 2.0, 2.6, 1.2, 1.1, 0.5, 1.0",6,1614.2490118577075,31.108741760253906,16,24.0,12th Gen Intel(R) Core(TM) i5-12600K,NVIDIA GeForce RTX 3090
1,pdspp,0.033381046279141575,39.28129696846008,"Predict, Detect, Speech, Predict, Predict","0.003256, 0.002742, 0.020922, 0.003228, 0.003233","7.794, 6.864, 9.243, 7.694, 7.686","508, 508, 102, 508, 508",307200,37360,/home/iiitd/heterogeneous/heterogeneous_edge/images/bear,/home/iiitd/heterogeneous/heterogeneous_edge/test-clean/LibriSpeech/test-clean/1580/141083,9010.62890625,81,2923.25,"5.2, 3.0, 8.5, 15.3, 19.0, 12.0, 5.8, 0.6, 18.3, 1.8, 10.8, 3.9, 0.7, 1.2, 0.9, 0.6",8,1625.4048582995952,31.108741760253906,16,24.0,12th Gen Intel(R) Core(TM) i5-12600K,NVIDIA GeForce RTX 3090
1,pddss,0.05045389516751582,42.481449127197266,"Predict, Detect, Detect, Speech, Speech","0.003235, 0.002721, 0.002726, 0.020828, 0.020943","7.729, 6.777, 6.807, 11.664, 9.503","508, 508, 508, 102, 102",307200,37360,/home/iiitd/heterogeneous/heterogeneous_edge/images/bear,/home/iiitd/heterogeneous/heterogeneous_edge/test-clean/LibriSpeech/test-clean/1580/141083,8956.98828125,81,2923.25,"4.0, 1.3, 18.3, 14.5, 7.8, 0.9, 9.4, 4.9, 10.6, 10.5, 9.2, 0.6, 1.4, 1.2, 1.2, 1.8",7,1525.4372623574145,31.108741760253906,16,24.0,12th Gen Intel(R) Core(TM) i5-12600K,NVIDIA GeForce RTX 3090
1,pddsd,0.0323401239385518,37.94147348403931,"Predict, Detect, Detect, Speech, Detect","0.003228, 0.002739, 0.002716, 0.020937, 0.002721","7.681, 6.822, 6.824, 9.830, 6.785","508, 508, 508, 102, 508",307200,37360,/home/iiitd/heterogeneous/heterogeneous_edge/images/bear,/home/iiitd/heterogeneous/heterogeneous_edge/test-clean/LibriSpeech/test-clean/1580/141083,9093.2109375,82,2923.25,"17.9, 1.1, 24.7, 11.1, 12.3, 13.0, 12.1, 0.0, 4.3, 1.3, 2.6, 0.7, 1.1, 0.9, 1.2, 1.4",6,1589.2592592592594,31.108741760253906,16,24.0,12th Gen Intel(R) Core(TM) i5-12600K,NVIDIA GeForce RTX 3090
1,pddsp,0.03310253323297824,40.97211503982544,"Predict, Detect, Detect, Speech, Predict","0.003223, 0.002725, 0.002719, 0.021026, 0.003410","7.649, 6.819, 6.822, 11.520, 8.162","508, 508, 508, 102, 508",307200,37360,/home/iiitd/heterogeneous/heterogeneous_edge/images/bear,/home/iiitd/heterogeneous/heterogeneous_edge/test-clean/LibriSpeech/test-clean/1580/141083,9544.1171875,82,2923.25,"18.7, 12.7, 10.7, 2.3, 16.1, 5.8, 16.6, 13.0, 17.6, 2.1, 5.6, 14.7, 2.4, 2.2, 2.3, 2.1",10,1616.3253012048192,31.108741760253906,16,24.0,12th Gen Intel(R) Core(TM) i5-12600K,NVIDIA GeForce RTX 3090
1,pddds,0.03245460108846688,40.02444386482239,"Predict, Detect, Detect, Detect, Speech","0.003368, 0.002775, 0.002725, 0.002726, 0.020860","8.025, 6.972, 6.812, 6.866, 11.350","508, 508, 508, 508, 102",307200,37360,/home/iiitd/heterogeneous/heterogeneous_edge/images/bear,/home/iiitd/heterogeneous/heterogeneous_edge/test-clean/LibriSpeech/test-clean/1580/141083,10086.6875,81,2923.25,"6.8, 2.8, 12.8, 7.3, 25.1, 47.6, 6.6, 2.1, 10.2, 5.8, 7.9, 7.6, 2.6, 2.5, 2.2, 2.0",10,1562.490118577075,31.108741760253906,16,24.0,12th Gen Intel(R) Core(TM) i5-12600K,NVIDIA GeForce RTX 3090
1,pdddd,0.014144344488188977,34.91150379180908,"Predict, Detect, Detect, Detect, Detect","0.003231, 0.002725, 0.002735, 0.002727, 0.002727","7.669, 6.804, 6.818, 6.815, 6.805","508, 508, 508, 508, 508",307200,,/home/iiitd/heterogeneous/heterogeneous_edge/images/bear,/home/iiitd/heterogeneous/heterogeneous_edge/test-clean/LibriSpeech/test-clean/1580/141083,9557.6953125,45,1143.25,"16.5, 10.4, 12.4, 5.1, 17.8, 3.5, 21.1, 5.6, 2.2, 0.1, 9.1, 0.4, 1.2, 1.5, 0.6, 0.4",8,1657.6623376623377,31.108741760253906,16,24.0,12th Gen Intel(R) Core(TM) i5-12600K,NVIDIA GeForce RTX 3090
1,pdddp,0.014669370078740158,35.70300245285034,"Predict, Detect, Detect, Detect, Predict","0.003229, 0.002735, 0.002726, 0.002741, 0.003239","7.619, 6.791, 6.836, 6.792, 7.665","508, 508, 508, 508, 508",307200,,/home/iiitd/heterogeneous/heterogeneous_edge/images/bear,/home/iiitd/heterogeneous/heterogeneous_edge/test-clean/LibriSpeech/test-clean/1580/141083,9584.69140625,45,1143.25,"10.9, 32.2, 6.1, 15.7, 13.5, 6.1, 8.8, 0.4, 7.0, 1.2, 0.9, 0.5, 0.7, 0.5, 0.4, 0.7",8,1671.7372881355932,31.108741760253906,16,24.0,12th Gen Intel(R) Core(TM) i5-12600K,NVIDIA GeForce RTX 3090
1,pddps,0.03281807233287015,38.541085720062256,"Predict, Detect, Detect, Predict, Speech","0.003226, 0.002722, 0.002747, 0.003239, 0.020883","7.652, 6.777, 6.831, 7.647, 9.634","508, 508, 508, 508, 102",307200,37360,/home/iiitd/heterogeneous/heterogeneous_edge/images/bear,/home/iiitd/heterogeneous/heterogeneous_edge/test-clean/LibriSpeech/test-clean/1580/141083,10126.421875,82,2923.25,"16.3, 17.3, 4.1, 0.1, 21.2, 17.8, 20.1, 0.1, 0.7, 1.0, 1.6, 0.8, 1.5, 1.8, 1.1, 1.1",5,1608.641975308642,31.108741760253906,16,24.0,12th Gen Intel(R) Core(TM) i5-12600K,NVIDIA GeForce RTX 3090
1,pddpd,0.01463284842519685,35.68514323234558,"Predict, Detect, Detect, Predict, Detect","0.003238, 0.002726, 0.002723, 0.003222, 0.002724","7.661, 6.805, 6.812, 7.610, 6.796","508, 508, 508, 508, 508",307200,,/home/iiitd/heterogeneous/heterogeneous_edge/images/bear,/home/iiitd/heterogeneous/heterogeneous_edge/test-clean/LibriSpeech/test-clean/1580/141083,9480.53515625,43,1143.25,"1.3, 5.4, 6.1, 0.8, 50.1, 14.9, 11.1, 1.5, 1.2, 1.8, 5.3, 2.6, 0.6, 1.3, 1.0, 0.6",6,1666.4618644067796,31.108741760253906,16,24.0,12th Gen Intel(R) Core(TM) i5-12600K,NVIDIA GeForce RTX 3090
1,pddpp,0.015139232283464567,36.54907751083374,"Predict, Detect, Detect, Predict, Predict","0.003227, 0.002731, 0.002722, 0.003236, 0.003222","7.638, 6.814, 6.797, 7.667, 7.633","508, 508, 508, 508, 508",307200,,/home/iiitd/heterogeneous/heterogeneous_edge/images/bear,/home/iiitd/heterogeneous/heterogeneous_edge/test-clean/LibriSpeech/test-clean/1580/141083,9470.7578125,44,1140.625,"36.9, 26.4, 4.1, 0.5, 21.7, 0.0, 6.7, 0.7, 0.7, 2.0, 2.4, 1.3, 0.6, 0.8, 0.5, 0.4",4,1636.3070539419086,31.108741760253906,16,24.0,12th Gen Intel(R) Core(TM) i5-12600K,NVIDIA GeForce RTX 3090
1,pdpss,0.05097870217693376,41.54989051818848,"Predict, Detect, Predict, Speech, Speech","0.003229, 0.002730, 0.003244, 0.020880, 0.020897","7.640, 6.884, 7.686, 10.114, 9.226","508, 508, 508, 102, 102",307200,37360,/home/iiitd/heterogeneous/heterogeneous_edge/images/bear,/home/iiitd/heterogeneous/heterogeneous_edge/test-clean/LibriSpeech/test-clean/1580/141083,10177.31640625,81,2920.625,"2.9, 1.4, 32.7, 7.9, 20.5, 8.7, 2.1, 1.7, 2.6, 0.1, 15.0, 3.3, 1.2, 1.7, 1.2, 1.2",5,1545.6297709923665,31.108741760253906,16,24.0,12th Gen Intel(R) Core(TM) i5-12600K,NVIDIA GeForce RTX 3090
1,pdpsd,0.032873111085379034,38.52374625205994,"Predict, Detect, Predict, Speech, Detect","0.003229, 0.002721, 0.003229, 0.020967, 0.002727","7.697, 6.821, 7.633, 9.575, 6.798","508, 508, 508, 102, 508",307200,37360,/home/iiitd/heterogeneous/heterogeneous_edge/images/bear,/home/iiitd/heterogeneous/heterogeneous_edge/test-clean/LibriSpeech/test-clean/1580/141083,10002.0078125,81,2828.125,"13.1, 0.9, 33.0, 8.6, 3.2, 5.9, 12.6, 2.9, 8.8, 1.5, 9.6, 0.6, 1.0, 1.2, 0.7, 0.9",7,1634.265306122449,31.108741760253906,16,24.0,12th Gen Intel(R) Core(TM) i5-12600K,NVIDIA GeForce RTX 3090
1,pdpsp,0.03331587467191601,38.924156665802,"Predict, Detect, Predict, Speech, Predict","0.003223, 0.002727, 0.003224, 0.020909, 0.003233","7.654, 6.802, 7.635, 9.202, 7.631","508, 508, 508, 102, 508",307200,37360,/home/iiitd/heterogeneous/heterogeneous_edge/images/bear,/home/iiitd/heterogeneous/heterogeneous_edge/test-clean/LibriSpeech/test-clean/1580/141083,10108.8828125,81,2828.125,"9.5, 12.6, 13.1, 6.6, 4.9, 0.9, 21.9, 1.4, 16.6, 0.1, 7.8, 5.2, 1.0, 0.8, 0.7, 0.7",8,1626.350806451613,31.108741760253906,16,24.0,12th Gen Intel(R) Core(TM) i5-12600K,NVIDIA GeForce RTX 3090
1,pdpds,0.03281795653852092,38.25066256523132,"Predict, Detect, Predict, Detect, Speech","0.003233, 0.002735, 0.003225, 0.002719, 0.020906","7.702, 6.811, 7.630, 6.823, 9.285","508, 508, 508, 508, 102",307200,37360,/home/iiitd/heterogeneous/heterogeneous_edge/images/bear,/home/iiitd/heterogeneous/heterogeneous_edge/test-clean/LibriSpeech/test-clean/1580/141083,10103.17578125,80,2828.125,"5.4, 13.1, 7.0, 2.0, 17.0, 10.3, 2.6, 0.7, 11.9, 8.5, 8.6, 13.4, 0.8, 0.6, 0.6, 0.8",9,1637.7615062761506,31.108741760253906,16,24.0,12th Gen Intel(R) Core(TM) i5-12600K,NVIDIA GeForce RTX 3090
1,pdpdd,0.014761986220472438,35.92802810668945,"Predict, Detect, Predict, Detect, Detect","0.003225, 0.002757, 0.003242, 0.002772, 0.002766","7.678, 6.830, 7.674, 6.857, 6.889","508, 508, 508, 508, 508",307200,,/home/iiitd/heterogeneous/heterogeneous_edge/images/bear,/home/iiitd/heterogeneous/heterogeneous_edge/test-clean/LibriSpeech/test-clean/1580/141083,9664.3046875,43,1048.125,"17.1, 3.1, 16.2, 11.8, 19.3, 5.5, 7.7, 0.1, 9.6, 6.8, 10.7, 0.2, 0.9, 0.2, 0.5, 0.4",9,1649.68487394958,31.108741760253906,16,24.0,12th Gen Intel(R) Core(TM) i5-12600K,NVIDIA GeForce RTX 3090
1,pdpdp,0.015168120078740159,36.679994106292725,"Predict, Detect, Predict, Detect, Predict","0.003228, 0.002739, 0.003231, 0.002730, 0.003241","7.686, 6.847, 7.677, 6.813, 7.656","508, 508, 508, 508, 508",307200,,/home/iiitd/heterogeneous/heterogeneous_edge/images/bear,/home/iiitd/heterogeneous/heterogeneous_edge/test-clean/LibriSpeech/test-clean/1580/141083,9554.59375,45,1048.125,"12.3, 6.2, 17.2, 4.3, 7.9, 1.9, 13.9, 0.0, 31.6, 6.8, 1.8, 0.2, 0.9, 0.3, 0.5, 0.5",7,1638.888888888889,31.108741760253906,16,24.0,12th Gen Intel(R) Core(TM) i5-12600K,NVIDIA GeForce RTX 3090
1,pdpps,0.033301709780762696,40.23242115974426,"Predict, Detect, Predict, Predict, Speech","0.003222, 0.002723, 0.003222, 0.003233, 0.020901","7.650, 6.826, 7.647, 7.663, 10.447","508, 508, 508, 508, 102",307200,37360,/home/iiitd/heterogeneous/heterogeneous_edge/images/bear,/home/iiitd/heterogeneous/heterogeneous_edge/test-clean/LibriSpeech/test-clean/1580/141083,10206.99609375,82,2828.125,"4.6, 8.0, 31.9, 7.5, 9.2, 1.3, 13.7, 0.1, 5.2, 0.0, 16.7, 0.7, 1.4, 1.1, 0.8, 1.3",7,1647.5903614457832,31.108741760253906,16,24.0,12th Gen Intel(R) Core(TM) i5-12600K,NVIDIA GeForce RTX 3090
1,pdppd,0.015139135826771654,36.61141014099121,"Predict, Detect, Predict, Predict, Detect","0.003224, 0.002730, 0.003223, 0.003244, 0.002718","7.679, 6.807, 7.655, 7.681, 6.788","508, 508, 508, 508, 508",307200,,/home/iiitd/heterogeneous/heterogeneous_edge/images/bear,/home/iiitd/heterogeneous/heterogeneous_edge/test-clean/LibriSpeech/test-clean/1580/141083,9593.78515625,44,1048.125,"0.4, 6.3, 22.7, 16.1, 14.4, 16.5, 1.9, 0.0, 5.8, 16.9, 2.9, 0.2, 0.7, 0.5, 0.4, 0.3",7,1644.793388429752,31.108741760253906,16,24.0,12th Gen Intel(R) Core(TM) i5-12600K,NVIDIA GeForce RTX 3090
1,pdppp,0.015642710629921258,37.53269600868225,"Predict, Detect, Predict, Predict, Predict","0.003233, 0.002724, 0.003229, 0.003227, 0.003230","7.668, 6.777, 7.644, 7.669, 7.774","508, 508, 508, 508, 508",307200,,/home/iiitd/heterogeneous/heterogeneous_edge/images/bear,/home/iiitd/heterogeneous/heterogeneous_edge/test-clean/LibriSpeech/test-clean/1580/141083,9632.18359375,45,1047.3125,"9.7, 2.2, 20.3, 7.6, 12.7, 14.2, 9.3, 12.0, 9.2, 0.0, 6.0, 0.2, 0.8, 0.5, 0.6, 0.3",9,1653.8709677419354,31.108741760253906,16,24.0,12th Gen Intel(R) Core(TM) i5-12600K,NVIDIA GeForce RTX 3090
1,ppsss,0.06925492793731666,44.27241086959839,"Predict, Predict, Speech, Speech, Speech","0.003230, 0.003220, 0.020907, 0.020911, 0.020986","7.650, 7.657, 9.751, 9.880, 9.334","508, 508, 102, 102, 102",307200,37360,/home/iiitd/heterogeneous/heterogeneous_edge/images/bear,/home/iiitd/heterogeneous/heterogeneous_edge/test-clean/LibriSpeech/test-clean/1580/141083,10195.21875,82,2827.3125,"9.7, 1.1, 19.4, 7.7, 14.1, 10.3, 15.5, 6.2, 3.3, 1.3, 3.1, 1.2, 2.1, 1.9, 1.6, 1.8",7,1538.076923076923,31.108741760253906,16,24.0,12th Gen Intel(R) Core(TM) i5-12600K,NVIDIA GeForce RTX 3090
1,ppssd,0.050958530453913846,40.651177167892456,"Predict, Predict, Speech, Speech, Detect","0.003224, 0.003231, 0.020895, 0.020874, 0.002735","7.634, 7.647, 9.220, 9.331, 6.820","508, 508, 102, 102, 508",307200,37360,/home/iiitd/heterogeneous/heterogeneous_edge/images/bear,/home/iiitd/heterogeneous/heterogeneous_edge/test-clean/LibriSpeech/test-clean/1580/141083,10180.55859375,82,2827.3125,"4.7, 0.6, 8.1, 4.6, 28.3, 28.2, 6.6, 2.3, 10.0, 1.6, 2.2, 1.2, 1.2, 1.2, 1.1, 1.2",5,1601.1023622047244,31.108741760253906,16,24.0,12th Gen Intel(R) Core(TM) i5-12600K,NVIDIA GeForce RTX 3090
1,ppssp,0.05152581511502238,42.82259130477905,"Predict, Predict, Speech, Speech, Predict","0.003227, 0.003237, 0.020904, 0.020914, 0.003244","7.640, 7.629, 10.165, 9.679, 7.709","508, 508, 102, 102, 508",307200,37360,/home/iiitd/heterogeneous/heterogeneous_edge/images/bear,/home/iiitd/heterogeneous/heterogeneous_edge/test-clean/LibriSpeech/test-clean/1580/141083,10215.5,82,2827.3125,"11.6, 10.0, 15.0, 3.4, 8.7, 10.4, 8.2, 1.6, 9.8, 9.1, 5.9, 1.0, 1.2, 1.0, 1.0, 1.2",9,1550.1444043321299,31.108741760253906,16,24.0,12th Gen Intel(R) Core(TM) i5-12600K,NVIDIA GeForce RTX 3090
1,ppsds,0.05097637061911379,42.39141011238098,"Predict, Predict, Speech, Detect, Speech","0.003233, 0.003240, 0.020894, 0.002750, 0.020860","7.678, 7.652, 9.836, 6.859, 10.366","508, 508, 102, 508, 102",307200,37360,/home/iiitd/heterogeneous/heterogeneous_edge/images/bear,/home/iiitd/heterogeneous/heterogeneous_edge/test-clean/LibriSpeech/test-clean/1580/141083,10092.41796875,81,2827.3125,"2.5, 1.5, 14.0, 4.3, 39.6, 0.4, 13.0, 1.9, 6.7, 1.8, 6.3, 2.3, 1.3, 1.1, 1.4, 1.0",5,1611.26953125,31.108741760253906,16,24.0,12th Gen Intel(R) Core(TM) i5-12600K,NVIDIA GeForce RTX 3090
1,ppsdd,0.03279396159487417,38.299026012420654,"Predict, Predict, Speech, Detect, Detect","0.003229, 0.003239, 0.020876, 0.002720, 0.002730","7.675, 7.693, 9.353, 6.772, 6.806","508, 508, 102, 508, 508",307200,37360,/home/iiitd/heterogeneous/heterogeneous_edge/images/bear,/home/iiitd/heterogeneous/heterogeneous_edge/test-clean/LibriSpeech/test-clean/1580/141083,10174.1328125,80,2827.3125,"16.3, 5.1, 7.1, 5.7, 33.3, 0.9, 17.4, 1.2, 8.0, 4.3, 4.2, 0.2, 1.1, 0.8, 0.7, 0.8",7,1625.587044534413,31.108741760253906,16,24.0,12th Gen Intel(R) Core(TM) i5-12600K,NVIDIA GeForce RTX 3090
1,ppsdp,0.03331524571560908,39.858325481414795,"Predict, Predict, Speech, Detect, Predict","0.003233, 0.003232, 0.020902, 0.002716, 0.003232","7.639, 7.683, 10.054, 6.805, 7.677","508, 508, 102, 508, 508",307200,37360,/home/iiitd/heterogeneous/heterogeneous_edge/images/bear,/home/iiitd/heterogeneous/heterogeneous_edge/test-clean/LibriSpeech/test-clean/1580/141083,10202.4453125,80,2827.3125,"3.9, 1.1, 8.3, 2.8, 36.1, 9.8, 3.2, 1.2, 10.2, 10.7, 7.7, 5.0, 1.1, 1.1, 0.8, 0.9",7,1645.5179282868526,31.108741760253906,16,24.0,12th Gen Intel(R) Core(TM) i5-12600K,NVIDIA GeForce RTX 3090
1,ppsps,0.05156313729350007,46.836371183395386,"Predict, Predict, Speech, Predict, Speech","0.003225, 0.003227, 0.020911, 0.003231, 0.020969","7.642, 7.632, 11.447, 7.666, 12.450","508, 508, 102, 508, 102",307200,37360,/home/iiitd/heterogeneous/heterogeneous_edge/images/bear,/home/iiitd/heterogeneous/heterogeneous_edge/test-clean/LibriSpeech/test-clean/1580/141083,10223.52734375,81,2827.3125,"15.4, 3.8, 7.5, 1.1, 19.8, 6.7, 14.8, 0.1, 2.2, 1.3, 9.2, 7.1, 1.3, 1.3, 1.3, 1.1",7,1568.0650684931506,31.108741760253906,16,24.0,12th Gen Intel(R) Core(TM) i5-12600K,NVIDIA GeForce RTX 3090
1,ppspd,0.033399087579126144,39.34493374824524,"Predict, Predict, Speech, Predict, Detect","0.003231, 0.003226, 0.020976, 0.003241, 0.002725","7.661, 7.645, 9.527, 7.721, 6.790","508, 508, 102, 508, 508",307200,37360,/home/iiitd/heterogeneous/heterogeneous_edge/images/bear,/home/iiitd/heterogeneous/heterogeneous_edge/test-clean/LibriSpeech/test-clean/1580/141083,10107.421875,82,2827.3125,"26.4, 5.3, 12.4, 10.1, 14.2, 1.9, 9.4, 0.4, 5.9, 1.5, 12.2, 2.0, 1.0, 0.6, 0.8, 1.2",8,1617.3387096774193,31.108741760253906,16,24.0,12th Gen Intel(R) Core(TM) i5-12600K,NVIDIA GeForce RTX 3090
1,ppspp,0.033851299444187126,40.96954607963562,"Predict, Predict, Speech, Predict, Predict","0.003233, 0.003225, 0.020926, 0.003232, 0.003235","7.657, 7.657, 10.330, 7.682, 7.645","508, 508, 102, 508, 508",307200,37360,/home/iiitd/heterogeneous/heterogeneous_edge/images/bear,/home/iiitd/heterogeneous/heterogeneous_edge/test-clean/LibriSpeech/test-clean/1580/141083,9969.36328125,82,2827.3125,"3.7, 1.3, 26.7, 6.8, 26.3, 22.4, 2.2, 2.2, 5.2, 1.5, 0.8, 0.8, 0.8, 1.0, 0.9, 1.0",5,1611.3068181818182,31.108741760253906,16,24.0,12th Gen Intel(R) Core(TM) i5-12600K,NVIDIA GeForce RTX 3090
1,ppdss,0.05105862760537286,41.0504834651947,"Predict, Predict, Detect, Speech, Speech","0.003251, 0.003247, 0.002725, 0.020907, 0.020928","7.683, 7.739, 6.819, 9.339, 9.469","508, 508, 508, 102, 102",307200,37360,/home/iiitd/heterogeneous/heterogeneous_edge/images/bear,/home/iiitd/heterogeneous/heterogeneous_edge/test-clean/LibriSpeech/test-clean/1580/141083,10026.46484375,81,2827.3125,"10.9, 9.3, 31.7, 10.3, 10.8, 1.1, 3.7, 1.4, 3.0, 0.8, 11.5, 5.2, 1.3, 1.5, 1.3, 1.2",7,1590.592885375494,31.108741760253906,16,24.0,12th Gen Intel(R) Core(TM) i5-12600K,NVIDIA GeForce RTX 3090
1,ppdsd,0.03285988968658329,38.768758058547974,"Predict, Predict, Detect, Speech, Detect","0.003229, 0.003246, 0.002725, 0.020925, 0.002735","7.671, 7.651, 6.800, 9.847, 6.799","508, 508, 508, 102, 508",307200,37360,/home/iiitd/heterogeneous/heterogeneous_edge/images/bear,/home/iiitd/heterogeneous/heterogeneous_edge/test-clean/LibriSpeech/test-clean/1580/141083,9978.74609375,81,2827.3125,"29.5, 1.1, 16.8, 7.2, 16.0, 0.3, 2.8, 3.0, 2.9, 16.2, 2.7, 0.5, 0.7, 0.9, 0.7, 0.8",5,1606.7004048582996,31.108741760253906,16,24.0,12th Gen Intel(R) Core(TM) i5-12600K,NVIDIA GeForce RTX 3090
1,ppdsp,0.033287343446039834,39.12027359008789,"Predict, Predict, Detect, Speech, Predict","0.003223, 0.003220, 0.002737, 0.020880, 0.003228","7.652, 7.644, 6.822, 9.339, 7.664","508, 508, 508, 102, 508",307200,37360,/home/iiitd/heterogeneous/heterogeneous_edge/images/bear,/home/iiitd/heterogeneous/heterogeneous_edge/test-clean/LibriSpeech/test-clean/1580/141083,10099.578125,80,2828.125,"1.6, 2.8, 25.4, 4.2, 27.2, 14.5, 10.3, 4.1, 3.9, 0.8, 5.4, 0.7, 1.2, 1.1, 0.6, 1.0",5,1637.5301204819277,31.108741760253906,16,24.0,12th Gen Intel(R) Core(TM) i5-12600K,NVIDIA GeForce RTX 3090
1,ppdds,0.03287662058051567,39.16240954399109,"Predict, Predict, Detect, Detect, Speech","0.003246, 0.003242, 0.002761, 0.002733, 0.020895","7.721, 7.675, 6.910, 6.794, 10.062","508, 508, 508, 508, 102",307200,37360,/home/iiitd/heterogeneous/heterogeneous_edge/images/bear,/home/iiitd/heterogeneous/heterogeneous_edge/test-clean/LibriSpeech/test-clean/1580/141083,10109.8984375,81,2828.125,"5.2, 1.4, 18.4, 51.4, 4.5, 4.0, 4.8, 5.8, 1.9, 0.4, 1.2, 3.0, 1.2, 0.9, 1.0, 1.1",4,1637.7217741935483,31.108741760253906,16,24.0,12th Gen Intel(R) Core(TM) i5-12600K,NVIDIA GeForce RTX 3090
1,ppddd,0.014667297244094487,35.831268548965454,"Predict, Predict, Detect, Detect, Detect","0.003244, 0.003242, 0.002728, 0.002735, 0.002718","7.706, 7.710, 6.810, 6.822, 6.783","508, 508, 508, 508, 508",307200,,/home/iiitd/heterogeneous/heterogeneous_edge/images/bear,/home/iiitd/heterogeneous/heterogeneous_edge/test-clean/LibriSpeech/test-clean/1580/141083,9702.65234375,45,1048.125,"12.7, 5.5, 25.6, 4.4, 9.2, 1.5, 20.9, 0.6, 14.1, 10.7, 1.1, 1.2, 0.4, 0.4, 0.5, 0.4",7,1639.5569620253164,31.108741760253906,16,24.0,12th Gen Intel(R) Core(TM) i5-12600K,NVIDIA GeForce RTX 3090
1,ppddp,0.015136450787401577,36.552101135253906,"Predict, Predict, Detect, Detect, Predict","0.003235, 0.003232, 0.002724, 0.002717, 0.003228","7.734, 7.658, 6.772, 6.769, 7.619","508, 508, 508, 508, 508",307200,,/home/iiitd/heterogeneous/heterogeneous_edge/images/bear,/home/iiitd/heterogeneous/heterogeneous_edge/test-clean/LibriSpeech/test-clean/1580/141083,9550.53515625,45,1048.125,"1.2, 0.9, 28.3, 16.4, 5.0, 16.1, 3.4, 14.2, 14.4, 2.4, 1.8, 0.4, 0.9, 0.9, 0.4, 0.8",5,1655.7740585774059,31.108741760253906,16,24.0,12th Gen Intel(R) Core(TM) i5-12600K,NVIDIA GeForce RTX 3090
1,ppdps,0.03332381422726571,40.157057762145996,"Predict, Predict, Detect, Predict, Speech","0.003225, 0.003238, 0.002722, 0.003237, 0.020901","7.746, 7.650, 6.811, 7.686, 10.265","508, 508, 508, 508, 102",307200,37360,/home/iiitd/heterogeneous/heterogeneous_edge/images/bear,/home/iiitd/heterogeneous/heterogeneous_edge/test-clean/LibriSpeech/test-clean/1580/141083,10040.3515625,82,2828.125,"1.9, 0.7, 37.3, 13.9, 7.3, 3.2, 6.6, 0.9, 12.7, 6.9, 6.0, 1.2, 0.9, 1.1, 0.9, 1.5",7,1621.8897637795276,31.108741760253906,16,24.0,12th Gen Intel(R) Core(TM) i5-12600K,NVIDIA GeForce RTX 3090
1,ppdpd,0.015149275590551181,36.52854347229004,"Predict, Predict, Detect, Predict, Detect","0.003226, 0.003225, 0.002736, 0.003231, 0.002731","7.641, 7.622, 6.832, 7.632, 6.802","508, 508, 508, 508, 508",307200,,/home/iiitd/heterogeneous/heterogeneous_edge/images/bear,/home/iiitd/heterogeneous/heterogeneous_edge/test-clean/LibriSpeech/test-clean/1580/141083,9626.609375,44,1048.125,"4.4, 0.6, 25.9, 1.2, 31.5, 15.6, 14.3, 4.6, 4.5, 0.6, 2.3, 0.8, 0.7, 0.7, 0.5, 0.8",4,1635.8057851239669,31.108741760253906,16,24.0,12th Gen Intel(R) Core(TM) i5-12600K,NVIDIA GeForce RTX 3090
1,ppdpp,0.015673161417322834,37.437071323394775,"Predict, Predict, Detect, Predict, Predict","0.003224, 0.003276, 0.002724, 0.003221, 0.003227","7.684, 7.656, 6.809, 7.651, 7.638","508, 508, 508, 508, 508",307200,,/home/iiitd/heterogeneous/heterogeneous_edge/images/bear,/home/iiitd/heterogeneous/heterogeneous_edge/test-clean/LibriSpeech/test-clean/1580/141083,9489.6328125,44,1048.125,"6.6, 16.4, 39.4, 17.0, 1.5, 0.1, 3.5, 0.0, 7.3, 5.6, 5.7, 0.2, 0.6, 0.5, 0.4, 0.6",7,1650.5487804878048,31.108741760253906,16,24.0,12th Gen Intel(R) Core(TM) i5-12600K,NVIDIA GeForce RTX 3090
1,pppss,0.05141171846533889,41.62228775024414,"Predict, Predict, Predict, Speech, Speech","0.003225, 0.003228, 0.003227, 0.020845, 0.020887","7.647, 7.641, 7.637, 9.527, 9.171","508, 508, 508, 102, 102",307200,37360,/home/iiitd/heterogeneous/heterogeneous_edge/images/bear,/home/iiitd/heterogeneous/heterogeneous_edge/test-clean/LibriSpeech/test-clean/1580/141083,10108.8359375,81,2828.125,"4.8, 1.6, 22.1, 6.1, 12.4, 6.2, 16.9, 0.2, 5.3, 4.6, 6.2, 13.0, 2.0, 1.6, 1.4, 1.4",8,1536.6666666666667,31.108741760253906,16,24.0,12th Gen Intel(R) Core(TM) i5-12600K,NVIDIA GeForce RTX 3090
1,pppsd,0.03332000343523236,38.86102890968323,"Predict, Predict, Predict, Speech, Detect","0.003232, 0.003223, 0.003228, 0.020906, 0.002731","7.664, 7.656, 7.658, 9.062, 6.820","508, 508, 508, 102, 508",307200,37360,/home/iiitd/heterogeneous/heterogeneous_edge/images/bear,/home/iiitd/heterogeneous/heterogeneous_edge/test-clean/LibriSpeech/test-clean/1580/141083,10074.02734375,80,2828.125,"2.6, 16.8, 9.1, 6.0, 8.5, 0.2, 33.2, 1.1, 15.6, 4.2, 2.9, 0.8, 1.4, 1.7, 0.8, 0.7",6,1623.5714285714287,31.108741760253906,16,24.0,12th Gen Intel(R) Core(TM) i5-12600K,NVIDIA GeForce RTX 3090
1,pppsp,0.03384139593947815,39.61407518386841,"Predict, Predict, Predict, Speech, Predict","0.003230, 0.003233, 0.003234, 0.020919, 0.003225","7.672, 7.633, 7.654, 8.995, 7.659","508, 508, 508, 102, 508",307200,37360,/home/iiitd/heterogeneous/heterogeneous_edge/images/bear,/home/iiitd/heterogeneous/heterogeneous_edge/test-clean/LibriSpeech/test-clean/1580/141083,10251.6484375,81,2828.125,"11.0, 20.3, 9.8, 2.6, 5.7, 0.3, 18.9, 6.0, 6.7, 3.6, 12.2, 3.7, 0.8, 0.7, 0.8, 0.8",8,1640.1377952755906,31.108741760253906,16,24.0,12th Gen Intel(R) Core(TM) i5-12600K,NVIDIA GeForce RTX 3090
1,pppds,0.03339441458236839,38.97149181365967,"Predict, Predict, Predict, Detect, Speech","0.003235, 0.003238, 0.003261, 0.002733, 0.020928","7.662, 7.685, 7.700, 6.827, 9.098","508, 508, 508, 508, 102",307200,37360,/home/iiitd/heterogeneous/heterogeneous_edge/images/bear,/home/iiitd/heterogeneous/heterogeneous_edge/test-clean/LibriSpeech/test-clean/1580/141083,9977.14453125,80,2828.125,"14.5, 16.8, 33.0, 0.1, 21.0, 0.6, 6.8, 0.3, 7.9, 1.0, 2.2, 0.9, 1.2, 1.0, 0.8, 0.7",6,1618.663967611336,31.108741760253906,16,24.0,12th Gen Intel(R) Core(TM) i5-12600K,NVIDIA GeForce RTX 3090
1,pppdd,0.015163035433070866,36.5759015083313,"Predict, Predict, Predict, Detect, Detect","0.003230, 0.003230, 0.003236, 0.002741, 0.002725","7.660, 7.653, 7.647, 6.805, 6.810","508, 508, 508, 508, 508",307200,,/home/iiitd/heterogeneous/heterogeneous_edge/images/bear,/home/iiitd/heterogeneous/heterogeneous_edge/test-clean/LibriSpeech/test-clean/1580/141083,9468.484375,45,1048.125,"1.6, 1.0, 20.9, 0.5, 19.2, 25.2, 9.1, 13.3, 5.1, 0.3, 6.0, 0.3, 0.4, 0.4, 0.4, 0.4",7,1623.6570247933885,31.108741760253906,16,24.0,12th Gen Intel(R) Core(TM) i5-12600K,NVIDIA GeForce RTX 3090
1,pppdp,0.015643226377952756,37.56048369407654,"Predict, Predict, Predict, Detect, Predict","0.003219, 0.003231, 0.003229, 0.002728, 0.003236","7.668, 7.634, 7.678, 6.795, 7.787","508, 508, 508, 508, 508",307200,,/home/iiitd/heterogeneous/heterogeneous_edge/images/bear,/home/iiitd/heterogeneous/heterogeneous_edge/test-clean/LibriSpeech/test-clean/1580/141083,9562.6015625,44,1047.3125,"2.4, 13.4, 22.7, 17.6, 42.0, 0.8, 1.0, 0.1, 1.3, 0.9, 1.8, 0.4, 0.1, 0.8, 0.2, 0.5",4,1637.5506072874493,31.108741760253906,16,24.0,12th Gen Intel(R) Core(TM) i5-12600K,NVIDIA GeForce RTX 3090
1,pppps,0.03387817620040142,40.314526081085205,"Predict, Predict, Predict, Predict, Speech","0.003219, 0.003223, 0.003239, 0.003225, 0.020972","7.725, 7.625, 7.638, 7.625, 9.702","508, 508, 508, 508, 102",307200,37360,/home/iiitd/heterogeneous/heterogeneous_edge/images/bear,/home/iiitd/heterogeneous/heterogeneous_edge/test-clean/LibriSpeech/test-clean/1580/141083,10163.4921875,82,2827.3125,"4.3, 24.8, 8.9, 0.9, 13.4, 2.6, 38.4, 0.4, 5.7, 0.1, 1.1, 0.6, 0.9, 1.0, 1.2, 0.9",5,1625.595238095238,31.108741760253906,16,24.0,12th Gen Intel(R) Core(TM) i5-12600K,NVIDIA GeForce RTX 3090
1,ppppd,0.01566620472440945,37.39429044723511,"Predict, Predict, Predict, Predict, Detect","0.003233, 0.003225, 0.003231, 0.003234, 0.002743","7.650, 7.634, 7.633, 7.635, 6.842","508, 508, 508, 508, 508",307200,,/home/iiitd/heterogeneous/heterogeneous_edge/images/bear,/home/iiitd/heterogeneous/heterogeneous_edge/test-clean/LibriSpeech/test-clean/1580/141083,9515.953125,44,1047.3125,"22.0, 35.4, 7.8, 0.8, 6.8, 1.7, 4.8, 4.6, 13.3, 0.3, 2.6, 3.3, 0.5, 0.4, 0.4, 0.1",5,1669.3724696356276,31.108741760253906,16,24.0,12th Gen Intel(R) Core(TM) i5-12600K,NVIDIA GeForce RTX 3090
1,ppppp,0.016158622047244095,38.25859713554382,"Predict, Predict, Predict, Predict, Predict","0.003235, 0.003222, 0.003241, 0.003232, 0.003229","7.670, 7.672, 7.647, 7.652, 7.617","508, 508, 508, 508, 508",307200,,/home/iiitd/heterogeneous/heterogeneous_edge/images/bear,/home/iiitd/heterogeneous/heterogeneous_edge/test-clean/LibriSpeech/test-clean/1580/141083,9675.828125,45,1047.3125,"9.8, 0.4, 14.8, 17.0, 12.3, 0.3, 23.6, 11.7, 1.5, 0.0, 10.4, 0.6, 0.7, 0.3, 0.8, 0.5",7,1647.9841897233202,31.108741760253906,16,24.0,12th Gen Intel(R) Core(TM) i5-12600K,NVIDIA GeForce RTX 3090
