Iteration,Combination,Total Processing Time (sec),Total Execution Time (sec),Scripts Executed,Individual Processing Times,Individual Execution Times,Num Files Processed,First Image Pixels,First Audio Samples,Image Source Dir,Audio Source Dir,Peak RAM Usage (MB),Average CPU Usage Per Core,Number of Cores Used,Peak CPU Usage (%),Average CPU Clock (MHz),Total RAM (GB),Total CPU Cores,CPU Model,Device
1,s,0.4326075925925926,36.70361542701721,Speech,0.432608,36.704,54,,112640,/home/jyoti/Desktop/heterogeneous_edge/datasets/coco/images/val2017,/home/jyoti/Desktop/heterogeneous_edge/test-clean/LibriSpeech/test-clean/1580/141083,4846.56640625,"18.1, 59.1, 40.5, 44.3, 25.2, 24.0, 53.3, 39.0, 54.4, 10.7, 44.0, 30.4, 45.8, 45.7, 17.0, 31.5",16,81.5,2.6119112569060774,15.366962432861328,16,11th Gen Intel(R) Core(TM) i7-11700 @ 2.50GHz,CPU
1,d,0.051434236,33.10563135147095,Detect,0.051434,33.106,500,286720,,/home/jyoti/Desktop/heterogeneous_edge/datasets/coco/images/val2017,/home/jyoti/Desktop/heterogeneous_edge/test-clean/LibriSpeech/test-clean/1580/141083,3504.76953125,"56.1, 61.7, 44.0, 58.5, 22.1, 54.1, 44.9, 57.1, 38.1, 32.9, 54.0, 43.0, 72.2, 39.0, 50.6, 36.0",16,69.5,2.6132576219512194,15.366962432861328,16,11th Gen Intel(R) Core(TM) i7-11700 @ 2.50GHz,CPU
1,p,0.06877988,47.46084403991699,Predict,0.068780,47.461,500,286720,,/home/jyoti/Desktop/heterogeneous_edge/datasets/coco/images/val2017,/home/jyoti/Desktop/heterogeneous_edge/test-clean/LibriSpeech/test-clean/1580/141083,3235.6015625,"44.1, 81.1, 62.8, 52.0, 66.5, 65.7, 35.4, 70.7, 56.3, 18.0, 37.6, 53.9, 32.0, 32.8, 63.1, 29.0",16,91.4,2.5784903433476396,15.366962432861328,16,11th Gen Intel(R) Core(TM) i7-11700 @ 2.50GHz,CPU
1,ss,0.897298537037037,64.19824194908142,"Speech, Speech","0.449950, 0.447349","32.200, 31.998","54, 54",,112640,/home/jyoti/Desktop/heterogeneous_edge/datasets/coco/images/val2017,/home/jyoti/Desktop/heterogeneous_edge/test-clean/LibriSpeech/test-clean/1580/141083,4578.21875,"29.3, 62.4, 53.9, 50.2, 31.0, 47.3, 74.8, 58.5, 50.9, 16.8, 34.3, 38.2, 49.1, 33.6, 5.0, 21.0",16,69.1,2.3647672072784807,15.366962432861328,16,11th Gen Intel(R) Core(TM) i7-11700 @ 2.50GHz,CPU
1,sd,0.5016034582222222,64.13774085044861,"Speech, Detect","0.450491, 0.051113","31.784, 32.353","54, 500",286720,112640,/home/jyoti/Desktop/heterogeneous_edge/datasets/coco/images/val2017,/home/jyoti/Desktop/heterogeneous_edge/test-clean/LibriSpeech/test-clean/1580/141083,4666.97265625,"22.0, 67.3, 50.9, 43.2, 54.5, 76.7, 75.0, 61.7, 65.9, 21.1, 44.1, 51.7, 35.1, 12.0, 13.1, 26.3",16,87.2,2.4877355617088606,15.366962432861328,16,11th Gen Intel(R) Core(TM) i7-11700 @ 2.50GHz,CPU
1,sp,0.5193291085185184,79.52358818054199,"Speech, Predict","0.449816, 0.069514","31.711, 47.812","54, 500",286720,112640,/home/jyoti/Desktop/heterogeneous_edge/datasets/coco/images/val2017,/home/jyoti/Desktop/heterogeneous_edge/test-clean/LibriSpeech/test-clean/1580/141083,4663.484375,"39.3, 69.8, 62.4, 28.9, 57.4, 76.9, 75.0, 53.4, 50.7, 21.6, 34.1, 65.8, 33.1, 13.3, 15.3, 37.0",16,78.0,2.5629016943734015,15.366962432861328,16,11th Gen Intel(R) Core(TM) i7-11700 @ 2.50GHz,CPU
1,ds,0.5011999927407408,64.19823360443115,"Detect, Speech","0.051193, 0.450007","32.489, 31.709","500, 54",286720,112640,/home/jyoti/Desktop/heterogeneous_edge/datasets/coco/images/val2017,/home/jyoti/Desktop/heterogeneous_edge/test-clean/LibriSpeech/test-clean/1580/141083,4678.5625,"43.5, 65.0, 76.2, 22.7, 29.3, 59.7, 71.6, 64.3, 45.3, 23.2, 22.6, 67.9, 58.8, 29.1, 17.0, 24.3",16,63.0,2.505182159810127,15.366962432861328,16,11th Gen Intel(R) Core(TM) i7-11700 @ 2.50GHz,CPU
1,dd,0.10207290599999999,64.6492326259613,"Detect, Detect","0.051010, 0.051063","32.315, 32.334","500, 500",286720,,/home/jyoti/Desktop/heterogeneous_edge/datasets/coco/images/val2017,/home/jyoti/Desktop/heterogeneous_edge/test-clean/LibriSpeech/test-clean/1580/141083,3040.0703125,"57.5, 73.3, 74.5, 32.2, 55.4, 60.1, 63.7, 70.0, 39.2, 21.9, 25.5, 67.2, 40.9, 34.8, 31.6, 24.2",16,78.6,2.5583097570532916,15.366962432861328,16,11th Gen Intel(R) Core(TM) i7-11700 @ 2.50GHz,CPU
1,dp,0.11932313,79.40242290496826,"Detect, Predict","0.051101, 0.068223","32.396, 47.007","500, 500",286720,,/home/jyoti/Desktop/heterogeneous_edge/datasets/coco/images/val2017,/home/jyoti/Desktop/heterogeneous_edge/test-clean/LibriSpeech/test-clean/1580/141083,3242.81640625,"56.4, 53.9, 60.1, 44.6, 66.0, 48.7, 72.4, 68.2, 40.5, 43.0, 39.6, 55.6, 30.3, 47.4, 24.8, 27.5",16,68.2,2.568081681585678,15.366962432861328,16,11th Gen Intel(R) Core(TM) i7-11700 @ 2.50GHz,CPU
1,ps,0.5137961916296296,79.42476344108582,"Predict, Speech","0.068355, 0.445441","47.054, 32.370","500, 54",286720,112640,/home/jyoti/Desktop/heterogeneous_edge/datasets/coco/images/val2017,/home/jyoti/Desktop/heterogeneous_edge/test-clean/LibriSpeech/test-clean/1580/141083,4675.51953125,"47.9, 68.5, 57.4, 39.3, 66.2, 58.1, 75.2, 67.8, 42.3, 21.1, 39.0, 55.5, 24.6, 32.3, 15.3, 21.7",16,91.2,2.4651831841432226,15.366962432861328,16,11th Gen Intel(R) Core(TM) i7-11700 @ 2.50GHz,CPU
1,pd,0.11905801399999999,79.2632167339325,"Predict, Detect","0.068164, 0.050894","47.022, 32.242","500, 500",286720,,/home/jyoti/Desktop/heterogeneous_edge/datasets/coco/images/val2017,/home/jyoti/Desktop/heterogeneous_edge/test-clean/LibriSpeech/test-clean/1580/141083,3218.83984375,"53.1, 58.1, 56.1, 39.1, 50.6, 11.9, 50.9, 70.4, 44.0, 38.1, 45.2, 61.3, 45.9, 84.0, 46.2, 27.1",16,81.0,2.550730608974359,15.366962432861328,16,11th Gen Intel(R) Core(TM) i7-11700 @ 2.50GHz,CPU
1,pp,0.13700300799999998,94.31995868682861,"Predict, Predict","0.068656, 0.068347","47.191, 47.129","500, 500",286720,,/home/jyoti/Desktop/heterogeneous_edge/datasets/coco/images/val2017,/home/jyoti/Desktop/heterogeneous_edge/test-clean/LibriSpeech/test-clean/1580/141083,3305.38671875,"50.7, 73.3, 62.6, 56.8, 70.4, 41.7, 64.9, 83.6, 50.2, 26.5, 41.4, 43.9, 29.2, 57.9, 35.9, 15.2",16,85.0,2.6056290409482763,15.366962432861328,16,11th Gen Intel(R) Core(TM) i7-11700 @ 2.50GHz,CPU
1,sss,1.3379162962962963,96.75938820838928,"Speech, Speech, Speech","0.446270, 0.445289, 0.446357","32.319, 32.469, 31.971","54, 54, 54",,112640,/home/jyoti/Desktop/heterogeneous_edge/datasets/coco/images/val2017,/home/jyoti/Desktop/heterogeneous_edge/test-clean/LibriSpeech/test-clean/1580/141083,4643.8828125,"29.8, 46.3, 58.0, 60.7, 44.6, 38.8, 62.2, 50.6, 49.3, 33.2, 31.4, 23.5, 34.7, 39.3, 16.5, 29.4",16,61.7,2.285391150210084,15.366962432861328,16,11th Gen Intel(R) Core(TM) i7-11700 @ 2.50GHz,CPU
1,ssd,0.9317459642222221,103.17729640007019,"Speech, Speech, Detect","0.444893, 0.435953, 0.050900","32.917, 38.033, 32.227","54, 54, 500",286720,112640,/home/jyoti/Desktop/heterogeneous_edge/datasets/coco/images/val2017,/home/jyoti/Desktop/heterogeneous_edge/test-clean/LibriSpeech/test-clean/1580/141083,4674.90625,"33.7, 53.8, 61.3, 46.1, 50.8, 30.0, 46.3, 65.3, 44.7, 24.1, 25.7, 36.9, 27.4, 47.9, 31.4, 12.6",16,65.0,2.317312746062992,15.366962432861328,16,11th Gen Intel(R) Core(TM) i7-11700 @ 2.50GHz,CPU
1,ssp,0.964293967037037,110.42233991622925,"Speech, Speech, Predict","0.448755, 0.447260, 0.068279","31.736, 31.709, 46.977","54, 54, 500",286720,112640,/home/jyoti/Desktop/heterogeneous_edge/datasets/coco/images/val2017,/home/jyoti/Desktop/heterogeneous_edge/test-clean/LibriSpeech/test-clean/1580/141083,4760.1875,"42.1, 40.3, 72.8, 53.2, 40.6, 58.4, 68.6, 76.5, 45.1, 46.7, 20.9, 39.7, 46.5, 27.9, 18.4, 10.2",16,64.6,2.394632136279926,15.366962432861328,16,11th Gen Intel(R) Core(TM) i7-11700 @ 2.50GHz,CPU
1,sds,0.9441879765925926,97.3083188533783,"Speech, Detect, Speech","0.446563, 0.050892, 0.446733","32.413, 32.241, 32.655","54, 500, 54",286720,112640,/home/jyoti/Desktop/heterogeneous_edge/datasets/coco/images/val2017,/home/jyoti/Desktop/heterogeneous_edge/test-clean/LibriSpeech/test-clean/1580/141083,4610.8203125,"41.8, 53.2, 57.2, 45.9, 56.0, 22.1, 77.8, 56.6, 42.1, 30.7, 33.5, 44.9, 27.9, 61.5, 5.0, 27.2",16,61.3,2.3588970511482255,15.366962432861328,16,11th Gen Intel(R) Core(TM) i7-11700 @ 2.50GHz,CPU
1,sdd,0.5459746523703704,98.02335214614868,"Speech, Detect, Detect","0.444459, 0.050715, 0.050801","33.715, 32.138, 32.171","54, 500, 500",286720,112640,/home/jyoti/Desktop/heterogeneous_edge/datasets/coco/images/val2017,/home/jyoti/Desktop/heterogeneous_edge/test-clean/LibriSpeech/test-clean/1580/141083,4662.89453125,"54.6, 38.8, 47.7, 68.4, 60.7, 35.5, 62.7, 56.2, 33.0, 49.2, 48.0, 22.3, 25.9, 51.9, 25.1, 31.1",16,68.7,2.455356237060042,15.366962432861328,16,11th Gen Intel(R) Core(TM) i7-11700 @ 2.50GHz,CPU
1,sdp,0.5642765764444444,111.74292874336243,"Speech, Detect, Predict","0.444994, 0.050856, 0.068426","32.422, 32.224, 47.096","54, 500, 500",286720,112640,/home/jyoti/Desktop/heterogeneous_edge/datasets/coco/images/val2017,/home/jyoti/Desktop/heterogeneous_edge/test-clean/LibriSpeech/test-clean/1580/141083,4597.79296875,"44.7, 45.9, 43.9, 51.7, 50.2, 49.6, 72.3, 66.7, 46.9, 45.0, 49.2, 47.5, 40.5, 41.9, 18.2, 24.0",16,86.6,2.4000682954545454,15.366962432861328,16,11th Gen Intel(R) Core(TM) i7-11700 @ 2.50GHz,CPU
1,sps,0.9618116397777777,112.10909652709961,"Speech, Predict, Speech","0.447238, 0.068411, 0.446162","32.380, 47.068, 32.661","54, 500, 54",286720,112640,/home/jyoti/Desktop/heterogeneous_edge/datasets/coco/images/val2017,/home/jyoti/Desktop/heterogeneous_edge/test-clean/LibriSpeech/test-clean/1580/141083,4692.09765625,"52.1, 38.1, 58.0, 54.7, 49.3, 53.0, 59.7, 63.6, 36.4, 50.4, 37.4, 38.2, 37.7, 35.4, 27.8, 23.9",16,76.5,2.3955266560798547,15.366962432861328,16,11th Gen Intel(R) Core(TM) i7-11700 @ 2.50GHz,CPU
1,spd,0.5655572004444445,111.73089742660522,"Speech, Predict, Detect","0.446218, 0.068224, 0.051114","32.301, 47.044, 32.386","54, 500, 500",286720,112640,/home/jyoti/Desktop/heterogeneous_edge/datasets/coco/images/val2017,/home/jyoti/Desktop/heterogeneous_edge/test-clean/LibriSpeech/test-clean/1580/141083,4637.9765625,"49.1, 42.9, 74.7, 52.1, 51.8, 37.5, 74.1, 71.8, 41.0, 47.0, 18.1, 45.9, 37.4, 51.8, 15.5, 18.2",16,91.4,2.5116129545454546,15.366962432861328,16,11th Gen Intel(R) Core(TM) i7-11700 @ 2.50GHz,CPU
1,spp,0.5822936397037037,125.69241237640381,"Speech, Predict, Predict","0.445549, 0.068362, 0.068383","31.439, 47.098, 47.155","54, 500, 500",286720,112640,/home/jyoti/Desktop/heterogeneous_edge/datasets/coco/images/val2017,/home/jyoti/Desktop/heterogeneous_edge/test-clean/LibriSpeech/test-clean/1580/141083,4617.203125,"52.3, 47.6, 59.3, 57.3, 52.4, 38.7, 71.9, 57.0, 40.8, 45.8, 41.6, 36.4, 41.1, 55.4, 21.5, 36.5",16,70.4,2.5303536610032364,15.366962432861328,16,11th Gen Intel(R) Core(TM) i7-11700 @ 2.50GHz,CPU
1,dss,0.9423530274814815,97.76094055175781,"Detect, Speech, Speech","0.050350, 0.445378, 0.446625","31.965, 33.104, 32.692","500, 54, 54",286720,112640,/home/jyoti/Desktop/heterogeneous_edge/datasets/coco/images/val2017,/home/jyoti/Desktop/heterogeneous_edge/test-clean/LibriSpeech/test-clean/1580/141083,4627.91015625,"41.4, 42.9, 71.4, 50.0, 56.9, 44.8, 68.5, 49.0, 42.1, 39.9, 17.7, 39.6, 24.7, 38.9, 14.3, 33.0",16,70.0,2.374420997920998,15.366962432861328,16,11th Gen Intel(R) Core(TM) i7-11700 @ 2.50GHz,CPU
1,dsd,0.5491576876296297,96.15699887275696,"Detect, Speech, Detect","0.050738, 0.447564, 0.050856","32.152, 31.786, 32.219","500, 54, 500",286720,112640,/home/jyoti/Desktop/heterogeneous_edge/datasets/coco/images/val2017,/home/jyoti/Desktop/heterogeneous_edge/test-clean/LibriSpeech/test-clean/1580/141083,4654.4140625,"35.6, 57.0, 65.4, 61.0, 73.3, 54.9, 71.2, 60.7, 53.6, 32.8, 33.3, 30.7, 15.7, 34.2, 17.4, 28.4",16,91.9,2.4623330696202532,15.366962432861328,16,11th Gen Intel(R) Core(TM) i7-11700 @ 2.50GHz,CPU
1,dsp,0.5669031756296296,111.10221076011658,"Detect, Speech, Predict","0.050360, 0.448248, 0.068295","31.980, 32.072, 47.050","500, 54, 500",286720,112640,/home/jyoti/Desktop/heterogeneous_edge/datasets/coco/images/val2017,/home/jyoti/Desktop/heterogeneous_edge/test-clean/LibriSpeech/test-clean/1580/141083,4690.09375,"33.7, 55.4, 72.7, 41.1, 64.4, 58.7, 74.3, 52.6, 59.1, 36.4, 24.7, 54.8, 27.1, 33.0, 16.8, 39.0",16,69.1,2.5254283424908426,15.366962432861328,16,11th Gen Intel(R) Core(TM) i7-11700 @ 2.50GHz,CPU
1,dds,0.5490771711111111,97.20285654067993,"Detect, Detect, Speech","0.051189, 0.050972, 0.446916","32.390, 32.271, 32.542","500, 500, 54",286720,112640,/home/jyoti/Desktop/heterogeneous_edge/datasets/coco/images/val2017,/home/jyoti/Desktop/heterogeneous_edge/test-clean/LibriSpeech/test-clean/1580/141083,4577.8125,"42.7, 43.9, 69.4, 56.5, 43.5, 46.4, 65.1, 77.0, 46.9, 44.9, 24.2, 40.0, 45.6, 42.9, 24.7, 11.4",16,63.4,2.436695981210856,15.366962432861328,16,11th Gen Intel(R) Core(TM) i7-11700 @ 2.50GHz,CPU
1,ddd,0.15233612,96.56232595443726,"Detect, Detect, Detect","0.050914, 0.050576, 0.050845","32.264, 32.083, 32.215","500, 500, 500",286720,,/home/jyoti/Desktop/heterogeneous_edge/datasets/coco/images/val2017,/home/jyoti/Desktop/heterogeneous_edge/test-clean/LibriSpeech/test-clean/1580/141083,3095.79296875,"47.4, 47.8, 62.2, 71.6, 61.9, 47.7, 76.0, 64.0, 46.7, 46.6, 37.7, 26.5, 32.1, 46.3, 18.0, 29.9",16,85.0,2.5584245010504203,15.366962432861328,16,11th Gen Intel(R) Core(TM) i7-11700 @ 2.50GHz,CPU
1,ddp,0.169216696,111.13290143013,"Detect, Detect, Predict","0.050612, 0.050330, 0.068274","32.090, 31.940, 47.103","500, 500, 500",286720,,/home/jyoti/Desktop/heterogeneous_edge/datasets/coco/images/val2017,/home/jyoti/Desktop/heterogeneous_edge/test-clean/LibriSpeech/test-clean/1580/141083,3295.859375,"41.8, 62.2, 65.3, 62.0, 55.4, 41.4, 76.8, 62.6, 54.6, 35.1, 37.8, 35.9, 39.9, 55.4, 20.4, 33.6",16,62.5,2.534045361060329,15.366962432861328,16,11th Gen Intel(R) Core(TM) i7-11700 @ 2.50GHz,CPU
1,dps,0.5629239597777778,114.10280704498291,"Detect, Predict, Speech","0.051351, 0.068414, 0.443159","32.487, 47.148, 34.468","500, 500, 54",286720,112640,/home/jyoti/Desktop/heterogeneous_edge/datasets/coco/images/val2017,/home/jyoti/Desktop/heterogeneous_edge/test-clean/LibriSpeech/test-clean/1580/141083,4653.7578125,"55.1, 51.8, 64.3, 55.7, 48.4, 44.7, 69.2, 55.0, 35.0, 38.5, 32.7, 37.7, 42.1, 44.0, 19.8, 34.7",16,88.1,2.4721188725490197,15.366962432861328,16,11th Gen Intel(R) Core(TM) i7-11700 @ 2.50GHz,CPU
1,dpd,0.170558352,111.67840623855591,"Detect, Predict, Detect","0.050995, 0.068469, 0.051094","32.316, 47.010, 32.352","500, 500, 500",286720,,/home/jyoti/Desktop/heterogeneous_edge/datasets/coco/images/val2017,/home/jyoti/Desktop/heterogeneous_edge/test-clean/LibriSpeech/test-clean/1580/141083,3379.39453125,"50.0, 51.2, 63.4, 65.4, 61.3, 42.0, 71.2, 68.5, 46.9, 45.3, 37.1, 33.0, 34.3, 53.4, 24.7, 27.8",16,88.9,2.5695986363636365,15.366962432861328,16,11th Gen Intel(R) Core(TM) i7-11700 @ 2.50GHz,CPU
1,dpp,0.18742273199999998,126.36851072311401,"Detect, Predict, Predict","0.050539, 0.068419, 0.068465","32.069, 47.115, 47.184","500, 500, 500",286720,,/home/jyoti/Desktop/heterogeneous_edge/datasets/coco/images/val2017,/home/jyoti/Desktop/heterogeneous_edge/test-clean/LibriSpeech/test-clean/1580/141083,3304.18359375,"57.0, 38.3, 68.2, 62.1, 59.4, 89.9, 81.7, 61.1, 40.7, 58.2, 32.0, 38.9, 37.3, 6.2, 14.7, 36.1",16,66.7,2.5457712017684893,15.366962432861328,16,11th Gen Intel(R) Core(TM) i7-11700 @ 2.50GHz,CPU
1,pss,0.9653076993333334,110.82544898986816,"Predict, Speech, Speech","0.068371, 0.447505, 0.449432","47.129, 31.997, 31.700","500, 54, 54",286720,112640,/home/jyoti/Desktop/heterogeneous_edge/datasets/coco/images/val2017,/home/jyoti/Desktop/heterogeneous_edge/test-clean/LibriSpeech/test-clean/1580/141083,4677.3515625,"45.5, 43.8, 64.4, 44.2, 42.1, 40.1, 62.3, 57.1, 42.3, 43.3, 33.4, 45.7, 44.1, 47.6, 24.4, 29.7",16,85.2,2.4361548165137616,15.366962432861328,16,11th Gen Intel(R) Core(TM) i7-11700 @ 2.50GHz,CPU
1,psd,0.5619829864444444,114.42139077186584,"Predict, Speech, Detect","0.068041, 0.443253, 0.050689","46.924, 35.405, 32.092","500, 54, 500",286720,112640,/home/jyoti/Desktop/heterogeneous_edge/datasets/coco/images/val2017,/home/jyoti/Desktop/heterogeneous_edge/test-clean/LibriSpeech/test-clean/1580/141083,4646.43359375,"52.7, 33.1, 54.6, 26.9, 55.5, 54.9, 54.2, 68.8, 35.5, 55.2, 40.7, 63.8, 32.1, 33.5, 33.7, 18.8",16,82.7,2.485069271758437,15.366962432861328,16,11th Gen Intel(R) Core(TM) i7-11700 @ 2.50GHz,CPU
1,psp,0.5853287170370369,125.96516156196594,"Predict, Speech, Predict","0.068165, 0.448721, 0.068443","47.006, 31.829, 47.130","500, 54, 500",286720,112640,/home/jyoti/Desktop/heterogeneous_edge/datasets/coco/images/val2017,/home/jyoti/Desktop/heterogeneous_edge/test-clean/LibriSpeech/test-clean/1580/141083,4654.44921875,"53.6, 55.6, 71.4, 47.3, 37.5, 69.0, 45.9, 59.6, 39.1, 38.6, 25.3, 50.1, 54.4, 23.5, 47.0, 33.0",16,67.0,2.5018711631663972,15.366962432861328,16,11th Gen Intel(R) Core(TM) i7-11700 @ 2.50GHz,CPU
1,pds,0.5648257171111111,111.4917483329773,"Predict, Detect, Speech","0.068414, 0.051155, 0.445257","47.132, 32.392, 31.967","500, 500, 54",286720,112640,/home/jyoti/Desktop/heterogeneous_edge/datasets/coco/images/val2017,/home/jyoti/Desktop/heterogeneous_edge/test-clean/LibriSpeech/test-clean/1580/141083,4715.5234375,"63.3, 53.2, 52.2, 35.2, 46.5, 52.2, 45.2, 41.7, 31.0, 39.4, 47.7, 62.5, 45.4, 41.1, 46.6, 51.1",16,88.9,2.469588731751825,15.366962432861328,16,11th Gen Intel(R) Core(TM) i7-11700 @ 2.50GHz,CPU
1,pdd,0.17014582,111.51253390312195,"Predict, Detect, Detect","0.068245, 0.050835, 0.051066","46.995, 32.198, 32.320","500, 500, 500",286720,,/home/jyoti/Desktop/heterogeneous_edge/datasets/coco/images/val2017,/home/jyoti/Desktop/heterogeneous_edge/test-clean/LibriSpeech/test-clean/1580/141083,3288.140625,"64.1, 56.6, 49.4, 48.2, 42.1, 33.3, 65.3, 63.0, 33.5, 40.0, 51.6, 52.5, 55.7, 63.2, 31.4, 34.4",16,82.3,2.51406102003643,15.366962432861328,16,11th Gen Intel(R) Core(TM) i7-11700 @ 2.50GHz,CPU
1,pdp,0.18767745200000002,126.55155515670776,"Predict, Detect, Predict","0.068422, 0.050727, 0.068528","47.121, 32.157, 47.274","500, 500, 500",286720,,/home/jyoti/Desktop/heterogeneous_edge/datasets/coco/images/val2017,/home/jyoti/Desktop/heterogeneous_edge/test-clean/LibriSpeech/test-clean/1580/141083,3309.03125,"59.3, 42.9, 44.0, 61.2, 71.5, 56.5, 79.4, 60.5, 37.4, 53.0, 57.0, 38.5, 24.3, 39.4, 16.2, 36.1",16,92.5,2.5125938504823155,15.366962432861328,16,11th Gen Intel(R) Core(TM) i7-11700 @ 2.50GHz,CPU
1,pps,0.5825662354074074,126.50501799583435,"Predict, Predict, Speech","0.068420, 0.068475, 0.445671","47.125, 47.126, 32.254","500, 500, 54",286720,112640,/home/jyoti/Desktop/heterogeneous_edge/datasets/coco/images/val2017,/home/jyoti/Desktop/heterogeneous_edge/test-clean/LibriSpeech/test-clean/1580/141083,4568.0078125,"65.8, 35.9, 37.0, 56.0, 50.3, 36.0, 64.5, 60.3, 25.4, 55.4, 57.2, 40.8, 40.7, 55.0, 26.9, 31.0",16,63.4,2.5117004622186494,15.366962432861328,16,11th Gen Intel(R) Core(TM) i7-11700 @ 2.50GHz,CPU
1,ppd,0.186872938,126.0962462425232,"Predict, Predict, Detect","0.068129, 0.068477, 0.050267","46.967, 47.222, 31.907","500, 500, 500",286720,,/home/jyoti/Desktop/heterogeneous_edge/datasets/coco/images/val2017,/home/jyoti/Desktop/heterogeneous_edge/test-clean/LibriSpeech/test-clean/1580/141083,3435.30078125,"64.2, 42.5, 67.5, 59.9, 60.5, 30.8, 77.0, 67.7, 33.2, 55.0, 34.0, 41.2, 36.8, 66.0, 20.3, 29.8",16,76.5,2.548314112903226,15.366962432861328,16,11th Gen Intel(R) Core(TM) i7-11700 @ 2.50GHz,CPU
1,ppp,0.205518274,141.51555633544922,"Predict, Predict, Predict","0.068262, 0.068934, 0.068322","47.051, 47.425, 47.039","500, 500, 500",286720,,/home/jyoti/Desktop/heterogeneous_edge/datasets/coco/images/val2017,/home/jyoti/Desktop/heterogeneous_edge/test-clean/LibriSpeech/test-clean/1580/141083,3419.37109375,"70.3, 54.2, 61.9, 68.7, 66.2, 43.0, 65.3, 70.1, 27.9, 44.6, 41.1, 31.7, 32.0, 55.0, 32.9, 28.1",16,84.0,2.4964241007194246,15.366962432861328,16,11th Gen Intel(R) Core(TM) i7-11700 @ 2.50GHz,CPU
1,ssss,1.7884892592592592,128.1207685470581,"Speech, Speech, Speech, Speech","0.448421, 0.446078, 0.448929, 0.445061","32.139, 31.412, 31.847, 32.722","54, 54, 54, 54",,112640,/home/jyoti/Desktop/heterogeneous_edge/datasets/coco/images/val2017,/home/jyoti/Desktop/heterogeneous_edge/test-clean/LibriSpeech/test-clean/1580/141083,4696.08984375,"44.7, 31.9, 40.4, 51.4, 42.7, 48.1, 63.1, 52.0, 34.5, 46.8, 50.3, 34.4, 37.2, 31.9, 16.0, 27.2",16,72.5,2.2961589285714283,15.366962432861328,16,11th Gen Intel(R) Core(TM) i7-11700 @ 2.50GHz,CPU
1,sssd,1.4471548663703704,135.82351160049438,"Speech, Speech, Speech, Detect","0.447003, 0.445834, 0.498557, 0.055761","31.563, 32.635, 36.425, 35.201","54, 54, 54, 500",286720,112640,/home/jyoti/Desktop/heterogeneous_edge/datasets/coco/images/val2017,/home/jyoti/Desktop/heterogeneous_edge/test-clean/LibriSpeech/test-clean/1580/141083,4813.8515625,"36.2, 55.9, 44.0, 54.8, 55.5, 41.4, 49.5, 63.5, 50.3, 30.7, 52.8, 38.3, 32.4, 45.5, 38.0, 23.3",16,93.8,2.506360007496252,15.366962432861328,16,11th Gen Intel(R) Core(TM) i7-11700 @ 2.50GHz,CPU
1,sssp,1.565468732814815,156.1257905960083,"Speech, Speech, Speech, Predict","0.470864, 0.460597, 0.561292, 0.072716","34.483, 32.868, 38.851, 49.924","54, 54, 54, 500",286720,112640,/home/jyoti/Desktop/heterogeneous_edge/datasets/coco/images/val2017,/home/jyoti/Desktop/heterogeneous_edge/test-clean/LibriSpeech/test-clean/1580/141083,6322.26953125,"62.3, 75.6, 40.2, 50.6, 61.6, 44.7, 61.4, 57.5, 34.4, 21.6, 63.1, 51.7, 36.7, 53.5, 35.7, 40.0",16,98.8,2.607245920365535,15.366962432861328,16,11th Gen Intel(R) Core(TM) i7-11700 @ 2.50GHz,CPU
1,ssds,1.414336251037037,129.1923382282257,"Speech, Speech, Detect, Speech","0.452648, 0.460059, 0.050762, 0.450867","32.130, 32.429, 32.213, 32.419","54, 54, 500, 54",286720,112640,/home/jyoti/Desktop/heterogeneous_edge/datasets/coco/images/val2017,/home/jyoti/Desktop/heterogeneous_edge/test-clean/LibriSpeech/test-clean/1580/141083,5934.125,"61.9, 53.5, 48.8, 54.0, 40.0, 45.7, 68.8, 58.5, 24.1, 32.8, 43.1, 38.8, 45.7, 38.7, 15.7, 26.0",16,82.7,2.426479625984252,15.366962432861328,16,11th Gen Intel(R) Core(TM) i7-11700 @ 2.50GHz,CPU
1,ssdd,0.9976969054074074,130.70577955245972,"Speech, Speech, Detect, Detect","0.449319, 0.446503, 0.050335, 0.051540","32.128, 34.004, 31.965, 32.609","54, 54, 500, 500",286720,112640,/home/jyoti/Desktop/heterogeneous_edge/datasets/coco/images/val2017,/home/jyoti/Desktop/heterogeneous_edge/test-clean/LibriSpeech/test-clean/1580/141083,5911.3046875,"55.3, 63.4, 42.6, 48.8, 42.3, 58.1, 65.7, 59.2, 31.1, 21.5, 49.0, 43.9, 43.1, 27.5, 19.6, 26.7",16,71.2,2.412018565318818,15.366962432861328,16,11th Gen Intel(R) Core(TM) i7-11700 @ 2.50GHz,CPU
1,ssdp,1.020429976074074,145.34502267837524,"Speech, Speech, Detect, Predict","0.449312, 0.450561, 0.052051, 0.068505","32.926, 32.120, 33.010, 47.290","54, 54, 500, 500",286720,112640,/home/jyoti/Desktop/heterogeneous_edge/datasets/coco/images/val2017,/home/jyoti/Desktop/heterogeneous_edge/test-clean/LibriSpeech/test-clean/1580/141083,5911.1796875,"48.0, 65.6, 54.2, 43.6, 44.2, 69.7, 69.3, 62.5, 41.8, 24.3, 40.8, 51.7, 45.1, 19.6, 19.4, 26.9",16,69.6,2.470982954545455,15.366962432861328,16,11th Gen Intel(R) Core(TM) i7-11700 @ 2.50GHz,CPU
1,ssps,1.4130337422222223,144.38665556907654,"Speech, Speech, Predict, Speech","0.447910, 0.447904, 0.068628, 0.448592","32.305, 32.052, 47.246, 32.783","54, 54, 500, 54",286720,112640,/home/jyoti/Desktop/heterogeneous_edge/datasets/coco/images/val2017,/home/jyoti/Desktop/heterogeneous_edge/test-clean/LibriSpeech/test-clean/1580/141083,5917.46875,"45.6, 59.7, 51.9, 57.1, 30.7, 64.4, 62.8, 57.1, 40.6, 26.1, 38.5, 36.4, 55.0, 20.4, 22.1, 29.4",16,93.7,2.4361145246478872,15.366962432861328,16,11th Gen Intel(R) Core(TM) i7-11700 @ 2.50GHz,CPU
1,sspd,1.0153621927407408,146.2971477508545,"Speech, Speech, Predict, Detect","0.448039, 0.448361, 0.067867, 0.051095","32.235, 34.803, 46.898, 32.362","54, 54, 500, 500",286720,112640,/home/jyoti/Desktop/heterogeneous_edge/datasets/coco/images/val2017,/home/jyoti/Desktop/heterogeneous_edge/test-clean/LibriSpeech/test-clean/1580/141083,5855.63671875,"50.3, 47.8, 55.0, 64.2, 21.5, 64.8, 68.6, 45.2, 36.6, 39.0, 36.3, 30.7, 66.1, 22.0, 18.0, 41.8",16,67.5,2.4865339012517387,15.366962432861328,16,11th Gen Intel(R) Core(TM) i7-11700 @ 2.50GHz,CPU
1,sspp,1.0332364205925926,159.70034885406494,"Speech, Speech, Predict, Predict","0.449286, 0.446820, 0.068700, 0.068430","32.522, 32.698, 47.303, 47.177","54, 54, 500, 500",286720,112640,/home/jyoti/Desktop/heterogeneous_edge/datasets/coco/images/val2017,/home/jyoti/Desktop/heterogeneous_edge/test-clean/LibriSpeech/test-clean/1580/141083,5836.26171875,"40.2, 67.5, 56.4, 52.1, 40.9, 62.3, 64.4, 45.2, 50.2, 22.9, 43.3, 39.7, 48.5, 28.2, 25.7, 45.3",16,95.0,2.4877186305732484,15.366962432861328,16,11th Gen Intel(R) Core(TM) i7-11700 @ 2.50GHz,CPU
1,sdss,1.5092213474814815,140.13994669914246,"Speech, Detect, Speech, Speech","0.489369, 0.055621, 0.487676, 0.476555","34.685, 35.101, 34.937, 35.417","54, 500, 54, 54",286720,112640,/home/jyoti/Desktop/heterogeneous_edge/datasets/coco/images/val2017,/home/jyoti/Desktop/heterogeneous_edge/test-clean/LibriSpeech/test-clean/1580/141083,6399.83203125,"30.4, 72.4, 68.5, 63.8, 44.7, 45.9, 56.1, 55.2, 62.3, 20.4, 30.8, 39.3, 48.1, 47.3, 36.4, 37.9",16,98.8,2.6706304505813954,15.366962432861328,16,11th Gen Intel(R) Core(TM) i7-11700 @ 2.50GHz,CPU
1,sdsd,1.0026163582222223,131.1531114578247,"Speech, Detect, Speech, Detect","0.450310, 0.051396, 0.449309, 0.051602","33.109, 32.521, 32.909, 32.614","54, 500, 54, 500",286720,112640,/home/jyoti/Desktop/heterogeneous_edge/datasets/coco/images/val2017,/home/jyoti/Desktop/heterogeneous_edge/test-clean/LibriSpeech/test-clean/1580/141083,6049.7421875,"47.6, 64.0, 76.1, 69.6, 38.9, 59.7, 48.5, 67.8, 39.8, 23.0, 18.6, 22.4, 48.5, 27.6, 39.1, 18.5",16,65.9,2.535707073643411,15.366962432861328,16,11th Gen Intel(R) Core(TM) i7-11700 @ 2.50GHz,CPU
1,sdsp,1.044586880888889,148.91606307029724,"Speech, Detect, Speech, Predict","0.447968, 0.051931, 0.474961, 0.069727","33.715, 32.780, 34.322, 48.100","54, 500, 54, 500",286720,112640,/home/jyoti/Desktop/heterogeneous_edge/datasets/coco/images/val2017,/home/jyoti/Desktop/heterogeneous_edge/test-clean/LibriSpeech/test-clean/1580/141083,6001.21484375,"54.2, 66.1, 71.3, 58.1, 52.8, 65.3, 50.1, 71.3, 35.1, 23.8, 21.7, 39.9, 37.4, 24.6, 39.4, 18.6",16,92.6,2.592298155737705,15.366962432861328,16,11th Gen Intel(R) Core(TM) i7-11700 @ 2.50GHz,CPU
1,sdds,1.0661790642222222,137.73142766952515,"Speech, Detect, Detect, Speech","0.473559, 0.055789, 0.052869, 0.483961","34.771, 35.089, 33.547, 34.324","54, 500, 500, 54",286720,112640,/home/jyoti/Desktop/heterogeneous_edge/datasets/coco/images/val2017,/home/jyoti/Desktop/heterogeneous_edge/test-clean/LibriSpeech/test-clean/1580/141083,6098.6796875,"45.2, 79.6, 71.2, 64.7, 46.7, 61.3, 58.9, 65.3, 49.3, 14.9, 30.5, 33.1, 46.3, 31.1, 35.4, 28.8",16,97.5,2.69140297267356,15.366962432861328,16,11th Gen Intel(R) Core(TM) i7-11700 @ 2.50GHz,CPU
1,sddd,0.6679332588888889,136.41712617874146,"Speech, Detect, Detect, Detect","0.512457, 0.051870, 0.052096, 0.051510","38.152, 32.779, 32.932, 32.554","54, 500, 500, 500",286720,112640,/home/jyoti/Desktop/heterogeneous_edge/datasets/coco/images/val2017,/home/jyoti/Desktop/heterogeneous_edge/test-clean/LibriSpeech/test-clean/1580/141083,6268.32421875,"51.7, 52.6, 69.7, 71.4, 44.5, 57.9, 73.2, 68.0, 44.7, 41.9, 30.0, 30.1, 50.6, 36.4, 21.5, 27.2",16,98.8,2.6465543032786885,15.366962432861328,16,11th Gen Intel(R) Core(TM) i7-11700 @ 2.50GHz,CPU
1,sddp,0.6202413648888888,145.0670907497406,"Speech, Detect, Detect, Predict","0.449158, 0.051284, 0.051143, 0.068657","32.939, 32.502, 32.349, 47.277","54, 500, 500, 500",286720,112640,/home/jyoti/Desktop/heterogeneous_edge/datasets/coco/images/val2017,/home/jyoti/Desktop/heterogeneous_edge/test-clean/LibriSpeech/test-clean/1580/141083,5722.7265625,"48.9, 54.4, 63.0, 53.9, 42.6, 69.1, 65.8, 67.5, 42.6, 37.4, 36.2, 40.2, 48.7, 22.6, 25.8, 24.3",16,96.3,2.4915734418767506,15.366962432861328,16,11th Gen Intel(R) Core(TM) i7-11700 @ 2.50GHz,CPU
1,sdps,1.0364926649629629,145.86939549446106,"Speech, Detect, Predict, Speech","0.465623, 0.051681, 0.069074, 0.450114","32.672, 32.731, 47.535, 32.931","54, 500, 500, 54",286720,112640,/home/jyoti/Desktop/heterogeneous_edge/datasets/coco/images/val2017,/home/jyoti/Desktop/heterogeneous_edge/test-clean/LibriSpeech/test-clean/1580/141083,5700.12109375,"41.5, 59.5, 61.9, 58.1, 41.0, 51.6, 67.1, 59.7, 48.9, 30.0, 31.8, 40.1, 48.4, 38.4, 21.9, 29.7",16,92.9,2.508564679218968,15.366962432861328,16,11th Gen Intel(R) Core(TM) i7-11700 @ 2.50GHz,CPU
1,sdpd,0.635232524074074,145.70394015312195,"Speech, Detect, Predict, Detect","0.463079, 0.050785, 0.069317, 0.052052","32.845, 32.192, 47.718, 32.948","54, 500, 500, 500",286720,112640,/home/jyoti/Desktop/heterogeneous_edge/datasets/coco/images/val2017,/home/jyoti/Desktop/heterogeneous_edge/test-clean/LibriSpeech/test-clean/1580/141083,5609.48828125,"61.9, 60.2, 54.8, 64.6, 49.0, 72.1, 65.4, 57.4, 32.5, 34.4, 48.5, 30.5, 44.7, 22.0, 28.7, 35.5",16,83.7,2.5208689853556483,15.366962432861328,16,11th Gen Intel(R) Core(TM) i7-11700 @ 2.50GHz,CPU
1,sdpp,0.6405014624444445,161.87664341926575,"Speech, Detect, Predict, Predict","0.449035, 0.051773, 0.070934, 0.068760","33.036, 32.726, 48.768, 47.346","54, 500, 500, 500",286720,112640,/home/jyoti/Desktop/heterogeneous_edge/datasets/coco/images/val2017,/home/jyoti/Desktop/heterogeneous_edge/test-clean/LibriSpeech/test-clean/1580/141083,5431.8671875,"64.8, 59.9, 72.0, 65.9, 39.0, 48.7, 56.3, 64.4, 29.6, 34.2, 27.8, 32.4, 54.9, 47.0, 38.6, 30.5",16,97.6,2.571460976758794,15.366962432861328,16,11th Gen Intel(R) Core(TM) i7-11700 @ 2.50GHz,CPU
1,spss,1.419363588,145.13955163955688,"Speech, Predict, Speech, Speech","0.450409, 0.069226, 0.451847, 0.447882","32.865, 47.692, 32.383, 32.200","54, 500, 54, 54",286720,112640,/home/jyoti/Desktop/heterogeneous_edge/datasets/coco/images/val2017,/home/jyoti/Desktop/heterogeneous_edge/test-clean/LibriSpeech/test-clean/1580/141083,5445.3671875,"64.4, 59.1, 58.9, 67.3, 42.2, 48.3, 63.1, 58.8, 21.3, 27.8, 36.0, 24.5, 43.1, 37.3, 22.9, 26.9",16,81.5,2.410946879382889,15.366962432861328,16,11th Gen Intel(R) Core(TM) i7-11700 @ 2.50GHz,CPU
1,spsd,1.0338418002962964,146.73509192466736,"Speech, Predict, Speech, Detect","0.453758, 0.068718, 0.459772, 0.051593","33.872, 47.382, 32.853, 32.629","54, 500, 54, 500",286720,112640,/home/jyoti/Desktop/heterogeneous_edge/datasets/coco/images/val2017,/home/jyoti/Desktop/heterogeneous_edge/test-clean/LibriSpeech/test-clean/1580/141083,5696.46875,"54.2, 52.6, 45.6, 69.8, 44.7, 50.0, 64.9, 60.5, 35.4, 36.9, 53.9, 22.0, 44.0, 39.7, 23.5, 31.0",16,74.1,2.4783187326869807,15.366962432861328,16,11th Gen Intel(R) Core(TM) i7-11700 @ 2.50GHz,CPU
1,spsp,1.0364511726666665,160.0608217716217,"Speech, Predict, Speech, Predict","0.448844, 0.068699, 0.449723, 0.069185","32.443, 47.300, 32.643, 47.675","54, 500, 54, 500",286720,112640,/home/jyoti/Desktop/heterogeneous_edge/datasets/coco/images/val2017,/home/jyoti/Desktop/heterogeneous_edge/test-clean/LibriSpeech/test-clean/1580/141083,5509.296875,"65.6, 41.3, 55.3, 55.1, 50.1, 41.9, 59.3, 50.1, 25.4, 49.0, 39.3, 43.0, 40.6, 48.4, 31.8, 40.1",16,90.6,2.496230597964377,15.366962432861328,16,11th Gen Intel(R) Core(TM) i7-11700 @ 2.50GHz,CPU
1,spds,1.031816126,146.6046724319458,"Speech, Predict, Detect, Speech","0.456291, 0.068733, 0.052728, 0.454065","32.977, 47.413, 33.324, 32.890","54, 500, 500, 54",286720,112640,/home/jyoti/Desktop/heterogeneous_edge/datasets/coco/images/val2017,/home/jyoti/Desktop/heterogeneous_edge/test-clean/LibriSpeech/test-clean/1580/141083,5643.48828125,"56.5, 46.8, 54.1, 70.2, 40.1, 50.3, 64.3, 61.2, 34.6, 42.5, 43.3, 24.6, 50.8, 38.9, 27.1, 29.4",16,85.9,2.489487517337032,15.366962432861328,16,11th Gen Intel(R) Core(TM) i7-11700 @ 2.50GHz,CPU
1,spdd,0.6348825645185187,153.92416381835938,"Speech, Predict, Detect, Detect","0.448032, 0.068917, 0.057167, 0.060767","32.666, 47.563, 35.801, 37.895","54, 500, 500, 500",286720,112640,/home/jyoti/Desktop/heterogeneous_edge/datasets/coco/images/val2017,/home/jyoti/Desktop/heterogeneous_edge/test-clean/LibriSpeech/test-clean/1580/141083,5496.98828125,"36.4, 72.5, 56.1, 68.1, 63.3, 48.8, 61.2, 55.2, 63.1, 26.0, 46.0, 35.0, 36.0, 50.0, 37.1, 43.4",16,91.5,2.6783965488771466,15.366962432861328,16,11th Gen Intel(R) Core(TM) i7-11700 @ 2.50GHz,CPU
1,spdp,0.7286952903703704,173.38927721977234,"Speech, Predict, Detect, Predict","0.524568, 0.074977, 0.056274, 0.072877","36.478, 51.456, 35.427, 50.028","54, 500, 500, 500",286720,112640,/home/jyoti/Desktop/heterogeneous_edge/datasets/coco/images/val2017,/home/jyoti/Desktop/heterogeneous_edge/test-clean/LibriSpeech/test-clean/1580/141083,6056.4609375,"50.3, 87.1, 65.1, 52.1, 71.2, 63.9, 56.9, 63.3, 54.2, 15.8, 45.8, 53.7, 33.7, 41.8, 47.3, 42.1",16,96.4,2.816909224441833,15.366962432861328,16,11th Gen Intel(R) Core(TM) i7-11700 @ 2.50GHz,CPU
1,spps,1.1069416527407405,171.20982718467712,"Speech, Predict, Predict, Speech","0.473811, 0.075794, 0.072615, 0.484721","33.561, 52.069, 49.963, 35.617","54, 500, 500, 54",286720,112640,/home/jyoti/Desktop/heterogeneous_edge/datasets/coco/images/val2017,/home/jyoti/Desktop/heterogeneous_edge/test-clean/LibriSpeech/test-clean/1580/141083,5904.53125,"52.2, 78.0, 54.0, 50.8, 57.5, 48.1, 57.7, 57.7, 46.3, 19.0, 51.0, 51.7, 40.7, 50.3, 41.6, 40.9",16,91.7,2.7120765457788347,15.366962432861328,16,11th Gen Intel(R) Core(TM) i7-11700 @ 2.50GHz,CPU
1,sppd,0.6771296146666667,170.6476926803589,"Speech, Predict, Predict, Detect","0.475356, 0.073345, 0.074727, 0.053702","35.167, 50.454, 51.148, 33.879","54, 500, 500, 500",286720,112640,/home/jyoti/Desktop/heterogeneous_edge/datasets/coco/images/val2017,/home/jyoti/Desktop/heterogeneous_edge/test-clean/LibriSpeech/test-clean/1580/141083,6139.80859375,"47.0, 79.7, 52.0, 48.4, 67.5, 42.6, 73.7, 66.6, 53.4, 20.7, 54.0, 55.6, 32.5, 57.4, 25.9, 32.7",16,97.6,2.733135143198091,15.366962432861328,16,11th Gen Intel(R) Core(TM) i7-11700 @ 2.50GHz,CPU
1,sppp,0.7103408728888889,190.450514793396,"Speech, Predict, Predict, Predict","0.484317, 0.072873, 0.076858, 0.076292","34.855, 50.132, 52.790, 52.673","54, 500, 500, 500",286720,112640,/home/jyoti/Desktop/heterogeneous_edge/datasets/coco/images/val2017,/home/jyoti/Desktop/heterogeneous_edge/test-clean/LibriSpeech/test-clean/1580/141083,5842.40234375,"57.7, 85.3, 56.6, 45.0, 64.6, 51.5, 62.0, 63.5, 45.2, 19.1, 48.8, 62.7, 37.4, 50.8, 40.4, 39.4",16,98.8,2.7825436964668095,15.366962432861328,16,11th Gen Intel(R) Core(TM) i7-11700 @ 2.50GHz,CPU
1,dsss,1.4938291502962961,137.91971731185913,"Detect, Speech, Speech, Speech","0.053415, 0.502173, 0.468299, 0.469942","33.977, 36.868, 33.182, 33.893","500, 54, 54, 54",286720,112640,/home/jyoti/Desktop/heterogeneous_edge/datasets/coco/images/val2017,/home/jyoti/Desktop/heterogeneous_edge/test-clean/LibriSpeech/test-clean/1580/141083,5929.8203125,"51.3, 64.3, 48.7, 37.7, 57.6, 55.9, 64.4, 63.0, 36.0, 22.5, 44.3, 59.3, 30.1, 30.7, 22.7, 24.1",16,96.6,2.620079000737463,15.366962432861328,16,11th Gen Intel(R) Core(TM) i7-11700 @ 2.50GHz,CPU
1,dssd,1.0435181975555556,133.2824501991272,"Detect, Speech, Speech, Detect","0.054328, 0.468973, 0.468604, 0.051613","34.306, 33.086, 33.269, 32.622","500, 54, 54, 500",286720,112640,/home/jyoti/Desktop/heterogeneous_edge/datasets/coco/images/val2017,/home/jyoti/Desktop/heterogeneous_edge/test-clean/LibriSpeech/test-clean/1580/141083,5936.9609375,"57.4, 74.2, 63.3, 46.8, 63.5, 49.0, 58.8, 59.2, 33.0, 16.7, 33.8, 50.7, 26.6, 41.3, 32.1, 31.2",16,93.8,2.60543759527439,15.366962432861328,16,11th Gen Intel(R) Core(TM) i7-11700 @ 2.50GHz,CPU
1,dssp,1.0204270482962963,145.33615279197693,"Detect, Speech, Speech, Predict","0.051670, 0.451059, 0.449028, 0.068670","32.701, 32.607, 32.668, 47.361","500, 54, 54, 500",286720,112640,/home/jyoti/Desktop/heterogeneous_edge/datasets/coco/images/val2017,/home/jyoti/Desktop/heterogeneous_edge/test-clean/LibriSpeech/test-clean/1580/141083,5921.7421875,"52.2, 68.1, 44.7, 48.4, 70.5, 54.6, 58.4, 60.8, 37.9, 21.0, 52.1, 44.9, 19.4, 35.0, 31.4, 29.3",16,94.2,2.487280462184874,15.366962432861328,16,11th Gen Intel(R) Core(TM) i7-11700 @ 2.50GHz,CPU
1,dsds,1.0028685395555557,129.36044263839722,"Detect, Speech, Detect, Speech","0.051427, 0.450538, 0.051277, 0.449627","32.550, 32.419, 32.451, 31.940","500, 54, 500, 54",286720,112640,/home/jyoti/Desktop/heterogeneous_edge/datasets/coco/images/val2017,/home/jyoti/Desktop/heterogeneous_edge/test-clean/LibriSpeech/test-clean/1580/141083,5862.19921875,"51.8, 68.2, 46.6, 46.6, 62.5, 51.6, 63.9, 60.8, 36.2, 19.7, 46.5, 48.2, 25.4, 35.5, 23.1, 27.0",16,89.3,2.452480180533752,15.366962432861328,16,11th Gen Intel(R) Core(TM) i7-11700 @ 2.50GHz,CPU
1,dsdd,0.6080046171851852,129.86222100257874,"Detect, Speech, Detect, Detect","0.051443, 0.453124, 0.051606, 0.051832","32.566, 31.930, 32.640, 32.727","500, 54, 500, 500",286720,112640,/home/jyoti/Desktop/heterogeneous_edge/datasets/coco/images/val2017,/home/jyoti/Desktop/heterogeneous_edge/test-clean/LibriSpeech/test-clean/1580/141083,5874.6875,"56.2, 63.5, 71.9, 50.3, 79.5, 63.9, 64.7, 61.3, 35.3, 28.5, 24.1, 49.0, 12.2, 28.1, 26.7, 30.8",16,87.5,2.5526996283255086,15.366962432861328,16,11th Gen Intel(R) Core(TM) i7-11700 @ 2.50GHz,CPU
1,dsdp,0.6224183191111111,145.13212394714355,"Detect, Speech, Detect, Predict","0.051719, 0.450712, 0.051451, 0.068535","32.708, 32.595, 32.559, 47.270","500, 54, 500, 500",286720,112640,/home/jyoti/Desktop/heterogeneous_edge/datasets/coco/images/val2017,/home/jyoti/Desktop/heterogeneous_edge/test-clean/LibriSpeech/test-clean/1580/141083,5893.51953125,"51.7, 74.6, 59.2, 40.4, 60.4, 60.0, 72.2, 62.5, 41.5, 16.6, 37.3, 57.2, 32.2, 31.9, 20.2, 30.0",16,86.1,2.5810681022408963,15.366962432861328,16,11th Gen Intel(R) Core(TM) i7-11700 @ 2.50GHz,CPU
1,dsps,1.0236191825925927,144.32016277313232,"Detect, Speech, Predict, Speech","0.051077, 0.452356, 0.068505, 0.451682","32.349, 32.686, 47.272, 32.012","500, 54, 500, 54",286720,112640,/home/jyoti/Desktop/heterogeneous_edge/datasets/coco/images/val2017,/home/jyoti/Desktop/heterogeneous_edge/test-clean/LibriSpeech/test-clean/1580/141083,5912.72265625,"62.1, 67.1, 60.0, 51.2, 65.7, 51.2, 67.2, 56.6, 27.9, 22.8, 34.2, 44.6, 24.7, 38.0, 22.7, 32.3",16,87.5,2.516730105633803,15.366962432861328,16,11th Gen Intel(R) Core(TM) i7-11700 @ 2.50GHz,CPU
1,dspd,0.6218945852592592,144.57983779907227,"Detect, Speech, Predict, Detect","0.051594, 0.450068, 0.068715, 0.051517","32.657, 31.974, 47.379, 32.571","500, 54, 500, 500",286720,112640,/home/jyoti/Desktop/heterogeneous_edge/datasets/coco/images/val2017,/home/jyoti/Desktop/heterogeneous_edge/test-clean/LibriSpeech/test-clean/1580/141083,5859.63671875,"63.5, 75.0, 56.5, 31.2, 62.0, 66.9, 66.8, 65.1, 30.1, 17.4, 38.8, 68.7, 31.0, 26.1, 26.6, 28.2",16,98.8,2.595856188466948,15.366962432861328,16,11th Gen Intel(R) Core(TM) i7-11700 @ 2.50GHz,CPU
1,dspp,0.6419748127407408,159.78037309646606,"Detect, Speech, Predict, Predict","0.051580, 0.452618, 0.068835, 0.068942","32.634, 32.160, 47.477, 47.510","500, 54, 500, 500",286720,112640,/home/jyoti/Desktop/heterogeneous_edge/datasets/coco/images/val2017,/home/jyoti/Desktop/heterogeneous_edge/test-clean/LibriSpeech/test-clean/1580/141083,5806.51953125,"65.9, 77.7, 62.9, 40.4, 60.1, 59.5, 61.9, 71.3, 28.5, 15.3, 37.9, 55.5, 34.1, 33.8, 31.6, 22.2",16,93.9,2.579729564249364,15.366962432861328,16,11th Gen Intel(R) Core(TM) i7-11700 @ 2.50GHz,CPU
1,ddss,1.0027171845925926,130.8821849822998,"Detect, Detect, Speech, Speech","0.051594, 0.051580, 0.450385, 0.449159","32.647, 32.613, 33.097, 32.525","500, 500, 54, 54",286720,112640,/home/jyoti/Desktop/heterogeneous_edge/datasets/coco/images/val2017,/home/jyoti/Desktop/heterogeneous_edge/test-clean/LibriSpeech/test-clean/1580/141083,5893.859375,"54.3, 78.7, 29.4, 45.7, 47.2, 56.7, 59.5, 63.3, 31.7, 6.7, 63.8, 45.8, 38.9, 29.0, 26.5, 23.6",16,69.4,2.488681968167702,15.366962432861328,16,11th Gen Intel(R) Core(TM) i7-11700 @ 2.50GHz,CPU
1,ddsd,0.6078393958518519,129.51388096809387,"Detect, Detect, Speech, Detect","0.051640, 0.051279, 0.454017, 0.050903","32.665, 32.463, 32.139, 32.247","500, 500, 54, 500",286720,112640,/home/jyoti/Desktop/heterogeneous_edge/datasets/coco/images/val2017,/home/jyoti/Desktop/heterogeneous_edge/test-clean/LibriSpeech/test-clean/1580/141083,5864.12109375,"60.4, 75.9, 55.4, 33.6, 52.9, 63.1, 63.5, 44.3, 31.4, 15.9, 46.5, 58.4, 39.1, 28.5, 28.1, 46.6",16,96.3,2.5382742946708468,15.366962432861328,16,11th Gen Intel(R) Core(TM) i7-11700 @ 2.50GHz,CPU
1,ddsp,0.6218261193333334,145.46817922592163,"Detect, Detect, Speech, Predict","0.051183, 0.052231, 0.449825, 0.068587","32.430, 32.979, 32.793, 47.266","500, 500, 54, 500",286720,112640,/home/jyoti/Desktop/heterogeneous_edge/datasets/coco/images/val2017,/home/jyoti/Desktop/heterogeneous_edge/test-clean/LibriSpeech/test-clean/1580/141083,5987.06640625,"57.0, 74.0, 40.6, 50.9, 53.7, 69.8, 62.0, 66.9, 36.4, 18.8, 55.9, 49.0, 38.7, 23.3, 31.4, 26.0",16,91.4,2.5538824196927377,15.366962432861328,16,11th Gen Intel(R) Core(TM) i7-11700 @ 2.50GHz,CPU
1,ddds,0.607012638,129.71517872810364,"Detect, Detect, Detect, Speech","0.051606, 0.051655, 0.051380, 0.452371","32.667, 32.644, 32.522, 31.882","500, 500, 500, 54",286720,112640,/home/jyoti/Desktop/heterogeneous_edge/datasets/coco/images/val2017,/home/jyoti/Desktop/heterogeneous_edge/test-clean/LibriSpeech/test-clean/1580/141083,5845.75,"51.1, 79.4, 64.0, 46.5, 34.7, 69.5, 56.8, 56.9, 41.9, 11.9, 33.7, 52.1, 58.0, 22.6, 35.6, 35.3",16,80.2,2.5018779342723003,15.366962432861328,16,11th Gen Intel(R) Core(TM) i7-11700 @ 2.50GHz,CPU
1,dddd,0.205778654,130.1469748020172,"Detect, Detect, Detect, Detect","0.051194, 0.051749, 0.051331, 0.051505","32.419, 32.699, 32.482, 32.547","500, 500, 500, 500",286720,,/home/jyoti/Desktop/heterogeneous_edge/datasets/coco/images/val2017,/home/jyoti/Desktop/heterogeneous_edge/test-clean/LibriSpeech/test-clean/1580/141083,4327.09765625,"58.2, 79.2, 66.0, 40.5, 49.7, 61.5, 70.2, 56.2, 39.9, 17.4, 35.9, 60.7, 47.3, 34.9, 25.7, 40.6",16,82.8,2.6327772035881436,15.366962432861328,16,11th Gen Intel(R) Core(TM) i7-11700 @ 2.50GHz,CPU
1,dddp,0.22249472,144.78265166282654,"Detect, Detect, Detect, Predict","0.051703, 0.050839, 0.051237, 0.068715","32.707, 32.257, 32.435, 47.383","500, 500, 500, 500",286720,,/home/jyoti/Desktop/heterogeneous_edge/datasets/coco/images/val2017,/home/jyoti/Desktop/heterogeneous_edge/test-clean/LibriSpeech/test-clean/1580/141083,4536.01171875,"50.1, 77.5, 63.9, 50.9, 41.2, 61.7, 57.1, 64.8, 47.0, 19.0, 35.5, 51.7, 55.6, 34.7, 39.4, 31.0",16,93.7,2.6068231065918654,15.366962432861328,16,11th Gen Intel(R) Core(TM) i7-11700 @ 2.50GHz,CPU
1,ddps,0.6250657728888889,144.52168679237366,"Detect, Detect, Predict, Speech","0.051723, 0.051566, 0.068774, 0.453002","32.723, 32.586, 47.325, 31.888","500, 500, 500, 54",286720,112640,/home/jyoti/Desktop/heterogeneous_edge/datasets/coco/images/val2017,/home/jyoti/Desktop/heterogeneous_edge/test-clean/LibriSpeech/test-clean/1580/141083,5800.6015625,"50.0, 76.9, 51.7, 42.2, 47.9, 58.1, 73.0, 58.5, 44.1, 15.5, 49.1, 52.8, 45.4, 34.9, 20.5, 35.1",16,86.2,2.5502057841068915,15.366962432861328,16,11th Gen Intel(R) Core(TM) i7-11700 @ 2.50GHz,CPU
1,ddpd,0.222542062,144.77707242965698,"Detect, Detect, Predict, Detect","0.051635, 0.050705, 0.068854, 0.051348","32.658, 32.168, 47.478, 32.474","500, 500, 500, 500",286720,,/home/jyoti/Desktop/heterogeneous_edge/datasets/coco/images/val2017,/home/jyoti/Desktop/heterogeneous_edge/test-clean/LibriSpeech/test-clean/1580/141083,4516.24609375,"60.2, 81.2, 62.3, 44.5, 64.6, 53.9, 71.8, 59.5, 37.2, 16.0, 40.2, 55.5, 32.1, 42.6, 24.9, 37.3",16,89.3,2.6029032258064517,15.366962432861328,16,11th Gen Intel(R) Core(TM) i7-11700 @ 2.50GHz,CPU
1,ddpp,0.240666618,160.02977585792542,"Detect, Detect, Predict, Predict","0.051543, 0.051713, 0.068778, 0.068632","32.599, 32.693, 47.438, 47.301","500, 500, 500, 500",286720,,/home/jyoti/Desktop/heterogeneous_edge/datasets/coco/images/val2017,/home/jyoti/Desktop/heterogeneous_edge/test-clean/LibriSpeech/test-clean/1580/141083,4556.5234375,"46.6, 77.6, 63.9, 56.7, 61.4, 61.9, 78.6, 60.0, 50.8, 19.2, 36.6, 44.9, 35.5, 35.3, 18.5, 36.3",16,93.9,2.5932329256670905,15.366962432861328,16,11th Gen Intel(R) Core(TM) i7-11700 @ 2.50GHz,CPU
1,dpss,1.0153888408148148,145.85526537895203,"Detect, Predict, Speech, Speech","0.051382, 0.068705, 0.446135, 0.449167","32.541, 47.412, 33.791, 32.111","500, 500, 54, 54",286720,112640,/home/jyoti/Desktop/heterogeneous_edge/datasets/coco/images/val2017,/home/jyoti/Desktop/heterogeneous_edge/test-clean/LibriSpeech/test-clean/1580/141083,5919.70703125,"48.8, 77.6, 67.1, 42.7, 46.2, 45.1, 67.1, 50.7, 39.5, 10.4, 28.7, 49.5, 42.5, 43.1, 21.2, 37.9",16,67.4,2.481605822873082,15.366962432861328,16,11th Gen Intel(R) Core(TM) i7-11700 @ 2.50GHz,CPU
1,dpsd,0.6209150717777778,145.40118145942688,"Detect, Predict, Speech, Detect","0.050833, 0.068964, 0.450550, 0.050568","32.229, 47.407, 33.696, 32.069","500, 500, 54, 500",286720,112640,/home/jyoti/Desktop/heterogeneous_edge/datasets/coco/images/val2017,/home/jyoti/Desktop/heterogeneous_edge/test-clean/LibriSpeech/test-clean/1580/141083,5850.59765625,"42.7, 74.2, 57.7, 32.5, 43.8, 31.5, 75.1, 53.8, 49.5, 17.3, 38.7, 64.5, 47.9, 60.5, 16.6, 38.4",16,97.5,2.5571610139860144,15.366962432861328,16,11th Gen Intel(R) Core(TM) i7-11700 @ 2.50GHz,CPU
1,dpsp,0.6400315117777777,159.3078818321228,"Detect, Predict, Speech, Predict","0.051283, 0.068670, 0.451343, 0.068735","32.482, 47.435, 32.015, 47.377","500, 500, 54, 500",286720,112640,/home/jyoti/Desktop/heterogeneous_edge/datasets/coco/images/val2017,/home/jyoti/Desktop/heterogeneous_edge/test-clean/LibriSpeech/test-clean/1580/141083,5920.6015625,"35.6, 70.6, 67.1, 38.6, 41.5, 38.1, 69.7, 46.1, 58.8, 23.9, 31.8, 58.4, 52.5, 56.5, 24.8, 48.1",16,96.3,2.5752828863346107,15.366962432861328,16,11th Gen Intel(R) Core(TM) i7-11700 @ 2.50GHz,CPU
1,dpds,0.624783888962963,144.617169380188,"Detect, Predict, Detect, Speech","0.051479, 0.068799, 0.051389, 0.453117","32.564, 47.438, 32.500, 32.115","500, 500, 500, 54",286720,112640,/home/jyoti/Desktop/heterogeneous_edge/datasets/coco/images/val2017,/home/jyoti/Desktop/heterogeneous_edge/test-clean/LibriSpeech/test-clean/1580/141083,5851.5,"33.2, 74.7, 66.1, 40.2, 30.9, 45.8, 58.6, 60.0, 60.7, 18.7, 35.1, 56.2, 63.3, 48.6, 35.1, 34.2",16,87.8,2.5185755098452884,15.366962432861328,16,11th Gen Intel(R) Core(TM) i7-11700 @ 2.50GHz,CPU
1,dpdd,0.223041226,144.9618911743164,"Detect, Predict, Detect, Detect","0.051358, 0.068909, 0.051171, 0.051603","32.520, 47.459, 32.388, 32.595","500, 500, 500, 500",286720,,/home/jyoti/Desktop/heterogeneous_edge/datasets/coco/images/val2017,/home/jyoti/Desktop/heterogeneous_edge/test-clean/LibriSpeech/test-clean/1580/141083,4526.70703125,"30.4, 72.6, 49.1, 43.7, 40.7, 56.7, 69.2, 66.8, 66.1, 24.3, 52.3, 57.4, 56.7, 39.7, 28.1, 31.1",16,85.4,2.594742198457223,15.366962432861328,16,11th Gen Intel(R) Core(TM) i7-11700 @ 2.50GHz,CPU
1,dpdp,0.240108292,159.7530002593994,"Detect, Predict, Detect, Predict","0.051320, 0.068772, 0.051444, 0.068572","32.552, 47.421, 32.533, 47.248","500, 500, 500, 500",286720,,/home/jyoti/Desktop/heterogeneous_edge/datasets/coco/images/val2017,/home/jyoti/Desktop/heterogeneous_edge/test-clean/LibriSpeech/test-clean/1580/141083,4473.03125,"41.9, 76.1, 63.9, 42.8, 43.1, 61.3, 68.1, 48.9, 54.6, 20.6, 35.9, 56.6, 53.2, 34.7, 28.7, 47.3",16,92.6,2.6165440521628502,15.366962432861328,16,11th Gen Intel(R) Core(TM) i7-11700 @ 2.50GHz,CPU
1,dpps,0.6441410311111111,160.70353412628174,"Detect, Predict, Predict, Speech","0.051559, 0.068622, 0.068832, 0.455128","32.622, 47.419, 47.537, 33.126","500, 500, 500, 54",286720,112640,/home/jyoti/Desktop/heterogeneous_edge/datasets/coco/images/val2017,/home/jyoti/Desktop/heterogeneous_edge/test-clean/LibriSpeech/test-clean/1580/141083,6023.64453125,"43.1, 74.3, 36.5, 47.4, 43.1, 69.2, 57.4, 56.1, 50.1, 18.9, 62.7, 51.2, 50.8, 23.9, 35.9, 37.2",16,91.1,2.5712018987341776,15.366962432861328,16,11th Gen Intel(R) Core(TM) i7-11700 @ 2.50GHz,CPU
1,dppd,0.241064892,160.28359365463257,"Detect, Predict, Predict, Detect","0.051684, 0.068835, 0.068874, 0.051672","32.652, 47.445, 47.526, 32.660","500, 500, 500, 500",286720,,/home/jyoti/Desktop/heterogeneous_edge/datasets/coco/images/val2017,/home/jyoti/Desktop/heterogeneous_edge/test-clean/LibriSpeech/test-clean/1580/141083,4565.6328125,"48.9, 73.2, 49.2, 57.3, 39.0, 52.9, 68.2, 40.7, 49.7, 24.1, 51.2, 44.9, 58.0, 45.0, 29.4, 57.7",16,81.5,2.5996291243654825,15.366962432861328,16,11th Gen Intel(R) Core(TM) i7-11700 @ 2.50GHz,CPU
1,dppp,0.257675752,174.88423919677734,"Detect, Predict, Predict, Predict","0.051529, 0.068728, 0.068758, 0.068661","32.615, 47.439, 47.414, 47.417","500, 500, 500, 500",286720,,/home/jyoti/Desktop/heterogeneous_edge/datasets/coco/images/val2017,/home/jyoti/Desktop/heterogeneous_edge/test-clean/LibriSpeech/test-clean/1580/141083,4510.5390625,"65.6, 80.5, 59.6, 39.7, 45.3, 54.5, 66.2, 47.5, 32.0, 16.8, 43.5, 60.0, 52.4, 42.1, 31.3, 49.5",16,63.4,2.6010578434225846,15.366962432861328,16,11th Gen Intel(R) Core(TM) i7-11700 @ 2.50GHz,CPU
1,psss,1.4190017238518517,144.8687059879303,"Predict, Speech, Speech, Speech","0.068500, 0.450936, 0.448202, 0.451363","47.344, 32.731, 32.704, 32.090","500, 54, 54, 54",286720,112640,/home/jyoti/Desktop/heterogeneous_edge/datasets/coco/images/val2017,/home/jyoti/Desktop/heterogeneous_edge/test-clean/LibriSpeech/test-clean/1580/141083,5824.5390625,"48.1, 75.8, 39.6, 39.6, 66.1, 46.6, 73.5, 53.1, 37.4, 9.7, 52.9, 51.9, 19.2, 39.1, 11.2, 32.1",16,71.3,2.4512479810393257,15.366962432861328,16,11th Gen Intel(R) Core(TM) i7-11700 @ 2.50GHz,CPU
1,pssd,1.0198461484444445,144.91901016235352,"Predict, Speech, Speech, Detect","0.068918, 0.449958, 0.449423, 0.051547","47.503, 32.510, 32.327, 32.578","500, 54, 54, 500",286720,112640,/home/jyoti/Desktop/heterogeneous_edge/datasets/coco/images/val2017,/home/jyoti/Desktop/heterogeneous_edge/test-clean/LibriSpeech/test-clean/1580/141083,5824.01953125,"27.9, 69.9, 55.0, 28.9, 64.7, 64.9, 74.4, 46.1, 61.1, 20.0, 42.0, 64.6, 24.3, 24.2, 14.8, 43.9",16,78.2,2.4950275245441795,15.366962432861328,16,11th Gen Intel(R) Core(TM) i7-11700 @ 2.50GHz,CPU
1,pssp,1.039532227037037,161.12063193321228,"Predict, Speech, Speech, Predict","0.069012, 0.450605, 0.451428, 0.068487","47.567, 33.398, 32.929, 47.226","500, 54, 54, 500",286720,112640,/home/jyoti/Desktop/heterogeneous_edge/datasets/coco/images/val2017,/home/jyoti/Desktop/heterogeneous_edge/test-clean/LibriSpeech/test-clean/1580/141083,5850.33984375,"37.2, 72.6, 64.1, 43.8, 54.7, 69.6, 65.6, 45.4, 53.1, 16.9, 31.9, 50.4, 35.7, 20.3, 24.2, 44.7",16,98.9,2.5092133049242427,15.366962432861328,16,11th Gen Intel(R) Core(TM) i7-11700 @ 2.50GHz,CPU
1,psds,1.0211938962222222,145.78803205490112,"Predict, Speech, Detect, Speech","0.068653, 0.450477, 0.051449, 0.450615","47.348, 33.238, 32.537, 32.665","500, 54, 500, 54",286720,112640,/home/jyoti/Desktop/heterogeneous_edge/datasets/coco/images/val2017,/home/jyoti/Desktop/heterogeneous_edge/test-clean/LibriSpeech/test-clean/1580/141083,5812.18359375,"38.2, 72.2, 73.8, 57.9, 54.2, 72.1, 72.7, 56.5, 50.9, 18.1, 20.4, 37.9, 35.1, 16.8, 17.0, 32.1",16,77.5,2.4849650453277548,15.366962432861328,16,11th Gen Intel(R) Core(TM) i7-11700 @ 2.50GHz,CPU
1,psdd,0.6191978082962963,145.388263463974,"Predict, Speech, Detect, Detect","0.068858, 0.447802, 0.051153, 0.051385","47.450, 33.006, 32.421, 32.512","500, 54, 500, 500",286720,112640,/home/jyoti/Desktop/heterogeneous_edge/datasets/coco/images/val2017,/home/jyoti/Desktop/heterogeneous_edge/test-clean/LibriSpeech/test-clean/1580/141083,5861.08203125,"51.1, 75.6, 53.5, 67.2, 65.9, 59.8, 69.8, 55.9, 40.6, 15.7, 45.1, 28.4, 25.8, 32.0, 22.1, 36.8",16,88.9,2.5534261363636364,15.366962432861328,16,11th Gen Intel(R) Core(TM) i7-11700 @ 2.50GHz,CPU
1,psdp,0.6387801343703703,159.90083837509155,"Predict, Speech, Detect, Predict","0.068739, 0.449740, 0.051622, 0.068679","47.414, 32.482, 32.650, 47.354","500, 54, 500, 500",286720,112640,/home/jyoti/Desktop/heterogeneous_edge/datasets/coco/images/val2017,/home/jyoti/Desktop/heterogeneous_edge/test-clean/LibriSpeech/test-clean/1580/141083,5895.00390625,"47.6, 76.5, 57.7, 61.1, 65.2, 57.0, 73.8, 62.4, 45.3, 16.2, 41.0, 36.0, 28.1, 36.6, 19.2, 31.2",16,98.7,2.5649391698473285,15.366962432861328,16,11th Gen Intel(R) Core(TM) i7-11700 @ 2.50GHz,CPU
1,psps,1.0460563588148148,159.3415129184723,"Predict, Speech, Predict, Speech","0.068731, 0.453075, 0.068810, 0.455440","47.452, 32.287, 47.375, 32.228","500, 54, 500, 54",286720,112640,/home/jyoti/Desktop/heterogeneous_edge/datasets/coco/images/val2017,/home/jyoti/Desktop/heterogeneous_edge/test-clean/LibriSpeech/test-clean/1580/141083,5854.44140625,"31.7, 73.3, 51.7, 56.1, 58.2, 64.2, 69.5, 50.6, 60.6, 18.2, 44.5, 42.3, 33.3, 27.0, 22.6, 40.1",16,80.2,2.5227199074074074,15.366962432861328,16,11th Gen Intel(R) Core(TM) i7-11700 @ 2.50GHz,CPU
1,pspd,0.6402299230370371,159.76319241523743,"Predict, Speech, Predict, Detect","0.068736, 0.451687, 0.068498, 0.051309","47.427, 32.487, 47.360, 32.489","500, 54, 500, 500",286720,112640,/home/jyoti/Desktop/heterogeneous_edge/datasets/coco/images/val2017,/home/jyoti/Desktop/heterogeneous_edge/test-clean/LibriSpeech/test-clean/1580/141083,5814.5,"43.1, 79.2, 62.6, 59.2, 75.5, 70.3, 70.4, 60.7, 50.5, 15.0, 35.8, 38.6, 18.2, 22.9, 23.4, 33.8",16,92.4,2.580162818471338,15.366962432861328,16,11th Gen Intel(R) Core(TM) i7-11700 @ 2.50GHz,CPU
1,pspp,0.6561048036296295,174.7300307750702,"Predict, Speech, Predict, Predict","0.068949, 0.449608, 0.068732, 0.068816","47.497, 32.401, 47.361, 47.471","500, 54, 500, 500",286720,112640,/home/jyoti/Desktop/heterogeneous_edge/datasets/coco/images/val2017,/home/jyoti/Desktop/heterogeneous_edge/test-clean/LibriSpeech/test-clean/1580/141083,5790.22265625,"54.2, 72.6, 61.7, 55.8, 62.7, 57.4, 73.8, 62.7, 41.1, 23.0, 38.9, 41.8, 31.8, 37.4, 21.1, 32.1",16,87.3,2.5595055296856812,15.366962432861328,16,11th Gen Intel(R) Core(TM) i7-11700 @ 2.50GHz,CPU
1,pdss,1.0227105774074075,144.56100463867188,"Predict, Detect, Speech, Speech","0.068556, 0.051789, 0.450442, 0.451924","47.348, 32.736, 32.270, 32.207","500, 500, 54, 54",286720,112640,/home/jyoti/Desktop/heterogeneous_edge/datasets/coco/images/val2017,/home/jyoti/Desktop/heterogeneous_edge/test-clean/LibriSpeech/test-clean/1580/141083,5867.13671875,"55.5, 74.3, 63.6, 51.7, 59.3, 65.0, 64.6, 57.8, 35.2, 15.9, 31.8, 44.8, 31.6, 24.4, 26.5, 32.2",16,73.3,2.4975813994374123,15.366962432861328,16,11th Gen Intel(R) Core(TM) i7-11700 @ 2.50GHz,CPU
1,pdsd,0.6214340920740741,144.72066068649292,"Predict, Detect, Speech, Detect","0.068909, 0.051171, 0.450377, 0.050977","47.525, 32.407, 32.488, 32.300","500, 500, 54, 500",286720,112640,/home/jyoti/Desktop/heterogeneous_edge/datasets/coco/images/val2017,/home/jyoti/Desktop/heterogeneous_edge/test-clean/LibriSpeech/test-clean/1580/141083,5871.46484375,"45.2, 71.7, 39.3, 51.6, 67.1, 71.3, 57.1, 65.3, 47.6, 22.0, 61.3, 42.9, 26.0, 21.5, 36.4, 27.7",16,87.8,2.5547746664325843,15.366962432861328,16,11th Gen Intel(R) Core(TM) i7-11700 @ 2.50GHz,CPU
1,pdsp,0.6433188257777778,160.307870388031,"Predict, Detect, Speech, Predict","0.068833, 0.052053, 0.453793, 0.068640","47.483, 32.879, 32.547, 47.399","500, 500, 54, 500",286720,112640,/home/jyoti/Desktop/heterogeneous_edge/datasets/coco/images/val2017,/home/jyoti/Desktop/heterogeneous_edge/test-clean/LibriSpeech/test-clean/1580/141083,5792.6953125,"50.2, 74.6, 44.8, 50.7, 73.5, 45.0, 64.8, 60.4, 44.8, 19.5, 55.8, 47.0, 21.0, 50.3, 30.2, 34.6",16,90.0,2.587595891497462,15.366962432861328,16,11th Gen Intel(R) Core(TM) i7-11700 @ 2.50GHz,CPU
1,pdds,0.6220836354074073,144.69939613342285,"Predict, Detect, Detect, Speech","0.068828, 0.051589, 0.051277, 0.450389","47.616, 32.627, 32.449, 32.007","500, 500, 500, 54",286720,112640,/home/jyoti/Desktop/heterogeneous_edge/datasets/coco/images/val2017,/home/jyoti/Desktop/heterogeneous_edge/test-clean/LibriSpeech/test-clean/1580/141083,5772.5390625,"65.8, 80.5, 41.4, 36.9, 78.0, 65.0, 66.5, 75.3, 28.1, 13.8, 60.7, 59.5, 15.6, 28.5, 27.6, 18.4",16,85.2,2.5501488764044944,15.366962432861328,16,11th Gen Intel(R) Core(TM) i7-11700 @ 2.50GHz,CPU
1,pddd,0.22289955800000003,144.94004893302917,"Predict, Detect, Detect, Detect","0.069021, 0.051301, 0.051103, 0.051474","47.550, 32.447, 32.400, 32.543","500, 500, 500, 500",286720,,/home/jyoti/Desktop/heterogeneous_edge/datasets/coco/images/val2017,/home/jyoti/Desktop/heterogeneous_edge/test-clean/LibriSpeech/test-clean/1580/141083,4400.23046875,"42.8, 77.9, 58.8, 44.1, 66.2, 49.1, 71.9, 66.7, 52.4, 17.1, 41.6, 53.7, 28.9, 45.9, 23.2, 28.0",16,82.4,2.6091217566619918,15.366962432861328,16,11th Gen Intel(R) Core(TM) i7-11700 @ 2.50GHz,CPU
1,pddp,0.24050006200000001,160.0430829524994,"Predict, Detect, Detect, Predict","0.068808, 0.051547, 0.051458, 0.068688","47.525, 32.589, 32.528, 47.401","500, 500, 500, 500",286720,,/home/jyoti/Desktop/heterogeneous_edge/datasets/coco/images/val2017,/home/jyoti/Desktop/heterogeneous_edge/test-clean/LibriSpeech/test-clean/1580/141083,4516.20703125,"42.5, 75.8, 61.9, 52.5, 64.5, 54.0, 78.6, 59.9, 54.2, 20.4, 38.2, 48.4, 31.6, 41.8, 17.7, 36.2",16,85.4,2.6373823856416774,15.366962432861328,16,11th Gen Intel(R) Core(TM) i7-11700 @ 2.50GHz,CPU
1,pdps,0.6419551056296295,160.006010055542,"Predict, Detect, Predict, Speech","0.068943, 0.051050, 0.068890, 0.453072","47.609, 32.326, 47.488, 32.583","500, 500, 500, 54",286720,112640,/home/jyoti/Desktop/heterogeneous_edge/datasets/coco/images/val2017,/home/jyoti/Desktop/heterogeneous_edge/test-clean/LibriSpeech/test-clean/1580/141083,5815.0078125,"56.1, 75.5, 63.7, 55.9, 62.2, 51.1, 70.4, 69.5, 38.3, 18.4, 35.7, 40.9, 31.7, 42.9, 23.1, 23.9",16,89.0,2.572768821473952,15.366962432861328,16,11th Gen Intel(R) Core(TM) i7-11700 @ 2.50GHz,CPU
1,pdpd,0.23960139400000002,159.544038772583,"Predict, Detect, Predict, Detect","0.068487, 0.050767, 0.069025, 0.051322","47.240, 32.175, 47.615, 32.514","500, 500, 500, 500",286720,,/home/jyoti/Desktop/heterogeneous_edge/datasets/coco/images/val2017,/home/jyoti/Desktop/heterogeneous_edge/test-clean/LibriSpeech/test-clean/1580/141083,4489.49609375,"42.2, 73.9, 61.8, 36.5, 68.7, 60.4, 71.0, 63.8, 54.2, 22.3, 38.1, 63.6, 27.8, 35.8, 25.4, 32.8",16,91.3,2.634084872611465,15.366962432861328,16,11th Gen Intel(R) Core(TM) i7-11700 @ 2.50GHz,CPU
1,pdpp,0.25755441199999995,174.55412817001343,"Predict, Detect, Predict, Predict","0.068937, 0.050911, 0.068769, 0.068937","47.493, 32.257, 47.348, 47.456","500, 500, 500, 500",286720,,/home/jyoti/Desktop/heterogeneous_edge/datasets/coco/images/val2017,/home/jyoti/Desktop/heterogeneous_edge/test-clean/LibriSpeech/test-clean/1580/141083,4475.1015625,"51.4, 81.6, 51.7, 38.6, 70.8, 51.8, 75.7, 64.2, 45.7, 16.1, 50.9, 60.0, 26.0, 46.2, 21.6, 33.5",16,92.7,2.5953062354312357,15.366962432861328,16,11th Gen Intel(R) Core(TM) i7-11700 @ 2.50GHz,CPU
1,ppss,1.035789894,163.06393599510193,"Predict, Predict, Speech, Speech","0.069406, 0.068890, 0.447594, 0.449900","47.811, 47.535, 34.686, 33.032","500, 500, 54, 54",286720,112640,/home/jyoti/Desktop/heterogeneous_edge/datasets/coco/images/val2017,/home/jyoti/Desktop/heterogeneous_edge/test-clean/LibriSpeech/test-clean/1580/141083,5866.203125,"53.1, 70.7, 50.1, 53.4, 58.8, 54.2, 70.5, 59.8, 37.5, 18.5, 45.4, 40.3, 30.8, 35.4, 19.7, 29.9",16,75.6,2.508975811485643,15.366962432861328,16,11th Gen Intel(R) Core(TM) i7-11700 @ 2.50GHz,CPU
1,ppsd,0.6393834563703703,159.58550262451172,"Predict, Predict, Speech, Detect","0.068816, 0.068597, 0.450616, 0.051354","47.440, 47.393, 32.273, 32.479","500, 500, 54, 500",286720,112640,/home/jyoti/Desktop/heterogeneous_edge/datasets/coco/images/val2017,/home/jyoti/Desktop/heterogeneous_edge/test-clean/LibriSpeech/test-clean/1580/141083,5859.07421875,"52.9, 78.9, 61.4, 61.2, 67.4, 51.3, 65.0, 57.1, 41.4, 15.0, 39.9, 35.0, 26.3, 42.2, 29.0, 38.1",16,91.1,2.5793964445153064,15.366962432861328,16,11th Gen Intel(R) Core(TM) i7-11700 @ 2.50GHz,CPU
1,ppsp,0.6583518220740742,174.62457036972046,"Predict, Predict, Speech, Predict","0.069036, 0.069165, 0.451649, 0.068502","47.559, 47.633, 32.156, 47.276","500, 500, 54, 500",286720,112640,/home/jyoti/Desktop/heterogeneous_edge/datasets/coco/images/val2017,/home/jyoti/Desktop/heterogeneous_edge/test-clean/LibriSpeech/test-clean/1580/141083,5822.453125,"47.4, 72.4, 51.7, 50.2, 48.9, 44.3, 68.3, 59.0, 48.6, 22.2, 49.0, 48.4, 46.0, 50.7, 26.8, 36.6",16,96.3,2.5837379079254084,15.366962432861328,16,11th Gen Intel(R) Core(TM) i7-11700 @ 2.50GHz,CPU
1,ppds,0.6383954818518518,160.1378984451294,"Predict, Predict, Detect, Speech","0.068926, 0.068709, 0.051115, 0.449645","47.528, 47.516, 32.345, 32.750","500, 500, 500, 54",286720,112640,/home/jyoti/Desktop/heterogeneous_edge/datasets/coco/images/val2017,/home/jyoti/Desktop/heterogeneous_edge/test-clean/LibriSpeech/test-clean/1580/141083,5799.15625,"58.3, 76.7, 55.9, 51.0, 66.9, 67.8, 74.0, 65.0, 37.4, 17.2, 45.8, 43.6, 26.4, 26.1, 19.2, 28.9",16,88.7,2.558319488564168,15.366962432861328,16,11th Gen Intel(R) Core(TM) i7-11700 @ 2.50GHz,CPU
1,ppdd,0.24010754399999995,159.6790804862976,"Predict, Predict, Detect, Detect","0.068753, 0.068821, 0.051336, 0.051197","47.338, 47.447, 32.487, 32.407","500, 500, 500, 500",286720,,/home/jyoti/Desktop/heterogeneous_edge/datasets/coco/images/val2017,/home/jyoti/Desktop/heterogeneous_edge/test-clean/LibriSpeech/test-clean/1580/141083,4441.82421875,"48.3, 76.4, 64.6, 59.0, 50.7, 59.2, 76.9, 69.9, 49.3, 21.2, 35.0, 42.9, 46.6, 37.4, 19.9, 28.5",16,95.2,2.6196333598726116,15.366962432861328,16,11th Gen Intel(R) Core(TM) i7-11700 @ 2.50GHz,CPU
1,ppdp,0.25817041399999996,175.1015911102295,"Predict, Predict, Detect, Predict","0.068599, 0.069439, 0.051335, 0.068797","47.394, 47.853, 32.450, 47.405","500, 500, 500, 500",286720,,/home/jyoti/Desktop/heterogeneous_edge/datasets/coco/images/val2017,/home/jyoti/Desktop/heterogeneous_edge/test-clean/LibriSpeech/test-clean/1580/141083,4739.171875,"65.1, 79.6, 53.3, 45.3, 56.9, 59.5, 68.8, 66.5, 34.2, 18.6, 51.8, 55.0, 42.4, 39.0, 29.4, 31.9",16,83.1,2.600366289198606,15.366962432861328,16,11th Gen Intel(R) Core(TM) i7-11700 @ 2.50GHz,CPU
1,ppps,0.6538926257037037,177.01489400863647,"Predict, Predict, Predict, Speech","0.068749, 0.068632, 0.068809, 0.447702","47.441, 47.335, 47.365, 34.874","500, 500, 500, 54",286720,112640,/home/jyoti/Desktop/heterogeneous_edge/datasets/coco/images/val2017,/home/jyoti/Desktop/heterogeneous_edge/test-clean/LibriSpeech/test-clean/1580/141083,5882.375,"68.1, 77.6, 38.6, 49.3, 59.3, 58.3, 60.7, 70.8, 25.3, 16.2, 57.0, 50.3, 34.1, 35.0, 33.3, 22.8",16,83.7,2.5425352729885056,15.366962432861328,16,11th Gen Intel(R) Core(TM) i7-11700 @ 2.50GHz,CPU
1,pppd,0.257471834,174.74939918518066,"Predict, Predict, Predict, Detect","0.068623, 0.068544, 0.068961, 0.051344","47.391, 47.340, 47.502, 32.516","500, 500, 500, 500",286720,,/home/jyoti/Desktop/heterogeneous_edge/datasets/coco/images/val2017,/home/jyoti/Desktop/heterogeneous_edge/test-clean/LibriSpeech/test-clean/1580/141083,4529.22265625,"66.1, 84.4, 57.6, 42.7, 72.1, 45.3, 69.2, 76.2, 31.3, 13.1, 45.2, 56.8, 25.6, 52.6, 27.8, 21.4",16,90.0,2.62639697322468,15.366962432861328,16,11th Gen Intel(R) Core(TM) i7-11700 @ 2.50GHz,CPU
1,pppp,0.27535878199999997,189.75386881828308,"Predict, Predict, Predict, Predict","0.068856, 0.068798, 0.068806, 0.068899","47.423, 47.399, 47.418, 47.514","500, 500, 500, 500",286720,,/home/jyoti/Desktop/heterogeneous_edge/datasets/coco/images/val2017,/home/jyoti/Desktop/heterogeneous_edge/test-clean/LibriSpeech/test-clean/1580/141083,4605.02734375,"58.3, 82.6, 58.7, 45.8, 72.2, 48.0, 73.5, 74.7, 40.1, 15.6, 42.5, 56.1, 25.5, 50.7, 24.2, 23.9",16,97.5,2.618266027360515,15.366962432861328,16,11th Gen Intel(R) Core(TM) i7-11700 @ 2.50GHz,CPU
1,sssss,2.2450602407407407,165.48972082138062,"Speech, Speech, Speech, Speech, Speech","0.450903, 0.447350, 0.447590, 0.450062, 0.449156","31.949, 33.853, 34.122, 32.406, 33.160","54, 54, 54, 54, 54",,112640,/home/jyoti/Desktop/heterogeneous_edge/datasets/coco/images/val2017,/home/jyoti/Desktop/heterogeneous_edge/test-clean/LibriSpeech/test-clean/1580/141083,5924.4140625,"49.1, 62.2, 43.4, 51.0, 58.1, 41.9, 56.8, 52.4, 29.6, 16.3, 41.4, 37.3, 19.6, 36.3, 21.7, 25.8",16,95.3,2.354063422509225,15.366962432861328,16,11th Gen Intel(R) Core(TM) i7-11700 @ 2.50GHz,CPU
1,ssssd,1.8501520477037037,162.51303434371948,"Speech, Speech, Speech, Speech, Detect","0.448113, 0.451598, 0.449117, 0.450484, 0.050840","32.920, 31.951, 32.967, 32.441, 32.233","54, 54, 54, 54, 500",286720,112640,/home/jyoti/Desktop/heterogeneous_edge/datasets/coco/images/val2017,/home/jyoti/Desktop/heterogeneous_edge/test-clean/LibriSpeech/test-clean/1580/141083,5864.046875,"47.3, 67.8, 45.3, 59.6, 61.9, 49.9, 54.2, 56.9, 34.8, 13.5, 48.5, 26.5, 20.0, 32.2, 28.2, 25.4",16,68.8,2.4380459949937423,15.366962432861328,16,11th Gen Intel(R) Core(TM) i7-11700 @ 2.50GHz,CPU
1,ssssp,1.869817330888889,183.08255767822266,"Speech, Speech, Speech, Speech, Predict","0.451210, 0.452014, 0.450438, 0.448357, 0.067798","32.274, 32.285, 31.922, 39.759, 46.843","54, 54, 54, 54, 500",286720,112640,/home/jyoti/Desktop/heterogeneous_edge/datasets/coco/images/val2017,/home/jyoti/Desktop/heterogeneous_edge/test-clean/LibriSpeech/test-clean/1580/141083,5867.56640625,"45.9, 64.5, 39.0, 46.1, 65.5, 50.6, 53.6, 53.0, 35.8, 17.4, 47.3, 45.1, 15.9, 31.7, 28.7, 29.8",16,70.9,2.4148461111111112,15.366962432861328,16,11th Gen Intel(R) Core(TM) i7-11700 @ 2.50GHz,CPU
1,sssds,1.8512449615555555,162.54143643379211,"Speech, Speech, Speech, Detect, Speech","0.448130, 0.450653, 0.450129, 0.051433, 0.450899","34.034, 31.922, 31.856, 32.523, 32.207","54, 54, 54, 500, 54",286720,112640,/home/jyoti/Desktop/heterogeneous_edge/datasets/coco/images/val2017,/home/jyoti/Desktop/heterogeneous_edge/test-clean/LibriSpeech/test-clean/1580/141083,5839.30078125,"46.4, 64.0, 41.6, 59.6, 36.0, 50.8, 75.4, 51.9, 36.2, 18.0, 49.4, 29.1, 47.6, 31.9, 7.4, 30.5",16,66.3,2.40988423028786,15.366962432861328,16,11th Gen Intel(R) Core(TM) i7-11700 @ 2.50GHz,CPU
1,sssdd,1.4553103328148147,161.72994995117188,"Speech, Speech, Speech, Detect, Detect","0.450206, 0.450112, 0.452187, 0.051158, 0.051648","32.656, 31.993, 32.030, 32.414, 32.637","54, 54, 54, 500, 500",286720,112640,/home/jyoti/Desktop/heterogeneous_edge/datasets/coco/images/val2017,/home/jyoti/Desktop/heterogeneous_edge/test-clean/LibriSpeech/test-clean/1580/141083,5855.7265625,"51.3, 67.9, 51.9, 58.3, 46.9, 50.0, 67.4, 54.3, 34.0, 18.9, 40.3, 35.0, 38.5, 35.5, 17.4, 30.1",16,86.4,2.4719148084170857,15.366962432861328,16,11th Gen Intel(R) Core(TM) i7-11700 @ 2.50GHz,CPU
1,sssdp,1.4715313655555557,177.01208877563477,"Speech, Speech, Speech, Detect, Predict","0.452622, 0.447792, 0.450760, 0.051627, 0.068731","32.316, 32.406, 32.211, 32.641, 47.438","54, 54, 54, 500, 500",286720,112640,/home/jyoti/Desktop/heterogeneous_edge/datasets/coco/images/val2017,/home/jyoti/Desktop/heterogeneous_edge/test-clean/LibriSpeech/test-clean/1580/141083,5887.74609375,"34.0, 74.5, 68.7, 53.0, 46.7, 48.9, 67.7, 71.7, 53.5, 13.0, 27.5, 38.8, 41.1, 37.9, 19.4, 16.5",16,90.0,2.50454865097589,15.366962432861328,16,11th Gen Intel(R) Core(TM) i7-11700 @ 2.50GHz,CPU
1,sssps,1.869906103111111,175.8424437046051,"Speech, Speech, Speech, Predict, Speech","0.450142, 0.451471, 0.450299, 0.068625, 0.449369","32.157, 31.870, 31.698, 47.339, 32.777","54, 54, 54, 500, 54",286720,112640,/home/jyoti/Desktop/heterogeneous_edge/datasets/coco/images/val2017,/home/jyoti/Desktop/heterogeneous_edge/test-clean/LibriSpeech/test-clean/1580/141083,5879.125,"41.8, 65.7, 50.9, 62.0, 51.8, 51.9, 71.3, 59.4, 43.7, 20.3, 43.5, 28.4, 34.0, 33.6, 14.4, 27.0",16,94.9,2.4552447916666664,15.366962432861328,16,11th Gen Intel(R) Core(TM) i7-11700 @ 2.50GHz,CPU
1,ssspd,1.4707604453333334,177.89401197433472,"Speech, Speech, Speech, Predict, Detect","0.450975, 0.449439, 0.449724, 0.069044, 0.051578","32.924, 32.198, 32.381, 47.747, 32.645","54, 54, 54, 500, 500",286720,112640,/home/jyoti/Desktop/heterogeneous_edge/datasets/coco/images/val2017,/home/jyoti/Desktop/heterogeneous_edge/test-clean/LibriSpeech/test-clean/1580/141083,5895.28125,"48.3, 73.3, 47.3, 49.0, 47.1, 43.5, 72.6, 48.6, 39.5, 14.6, 48.4, 43.4, 41.0, 43.3, 14.8, 39.1",16,85.2,2.485832785714286,15.366962432861328,16,11th Gen Intel(R) Core(TM) i7-11700 @ 2.50GHz,CPU
1,ssspp,1.4860496698518517,192.11123538017273,"Speech, Speech, Speech, Predict, Predict","0.450069, 0.447980, 0.450475, 0.068563, 0.068961","32.641, 32.770, 31.947, 47.259, 47.493","54, 54, 54, 500, 500",286720,112640,/home/jyoti/Desktop/heterogeneous_edge/datasets/coco/images/val2017,/home/jyoti/Desktop/heterogeneous_edge/test-clean/LibriSpeech/test-clean/1580/141083,5903.82421875,"38.0, 72.2, 53.2, 55.5, 47.0, 44.5, 75.1, 48.1, 50.8, 16.7, 43.5, 37.6, 42.2, 45.1, 14.0, 41.4",16,85.2,2.479242915783898,15.366962432861328,16,11th Gen Intel(R) Core(TM) i7-11700 @ 2.50GHz,CPU
1,ssdss,1.8526236555555555,162.63669633865356,"Speech, Speech, Detect, Speech, Speech","0.450222, 0.449212, 0.051284, 0.450441, 0.451465","32.838, 32.286, 32.465, 32.653, 32.394","54, 54, 500, 54, 54",286720,112640,/home/jyoti/Desktop/heterogeneous_edge/datasets/coco/images/val2017,/home/jyoti/Desktop/heterogeneous_edge/test-clean/LibriSpeech/test-clean/1580/141083,5848.66015625,"40.1, 66.4, 45.6, 64.8, 50.1, 55.8, 63.4, 45.5, 42.3, 16.9, 46.5, 25.3, 33.0, 27.7, 20.3, 38.2",16,92.6,2.436129765625,15.366962432861328,16,11th Gen Intel(R) Core(TM) i7-11700 @ 2.50GHz,CPU
1,ssdsd,1.4542513845925926,162.10658192634583,"Speech, Speech, Detect, Speech, Detect","0.448808, 0.448793, 0.051653, 0.453523, 0.051474","32.482, 32.457, 32.652, 31.945, 32.570","54, 54, 500, 54, 500",286720,112640,/home/jyoti/Desktop/heterogeneous_edge/datasets/coco/images/val2017,/home/jyoti/Desktop/heterogeneous_edge/test-clean/LibriSpeech/test-clean/1580/141083,5832.18359375,"37.5, 69.0, 56.5, 46.9, 52.9, 42.3, 69.8, 50.1, 49.7, 17.6, 37.2, 48.3, 34.5, 44.6, 16.9, 37.0",16,81.0,2.473827067669173,15.366962432861328,16,11th Gen Intel(R) Core(TM) i7-11700 @ 2.50GHz,CPU
1,ssdsp,1.4705057574814817,176.41391229629517,"Speech, Speech, Detect, Speech, Predict","0.449593, 0.448493, 0.051327, 0.452360, 0.068733","32.382, 32.320, 32.504, 31.818, 47.391","54, 54, 500, 54, 500",286720,112640,/home/jyoti/Desktop/heterogeneous_edge/datasets/coco/images/val2017,/home/jyoti/Desktop/heterogeneous_edge/test-clean/LibriSpeech/test-clean/1580/141083,5889.3125,"34.7, 72.3, 59.3, 50.6, 58.5, 48.9, 65.2, 48.7, 52.7, 15.5, 37.0, 41.2, 29.4, 38.9, 21.7, 38.3",16,78.0,2.4887840253748554,15.366962432861328,16,11th Gen Intel(R) Core(TM) i7-11700 @ 2.50GHz,CPU
1,ssdds,1.462486385185185,162.52030229568481,"Speech, Speech, Detect, Detect, Speech","0.456164, 0.450171, 0.051733, 0.051714, 0.452704","32.474, 32.600, 32.675, 32.671, 32.100","54, 54, 500, 500, 54",286720,112640,/home/jyoti/Desktop/heterogeneous_edge/datasets/coco/images/val2017,/home/jyoti/Desktop/heterogeneous_edge/test-clean/LibriSpeech/test-clean/1580/141083,6179.08984375,"26.1, 74.7, 58.6, 45.4, 57.7, 51.5, 68.4, 45.1, 60.8, 12.2, 36.1, 47.0, 29.5, 35.4, 18.1, 41.9",16,93.7,2.4894965625,15.366962432861328,16,11th Gen Intel(R) Core(TM) i7-11700 @ 2.50GHz,CPU
1,ssddd,1.0570035601481482,163.76935243606567,"Speech, Speech, Detect, Detect, Detect","0.449808, 0.452510, 0.051541, 0.051554, 0.051591","32.762, 33.222, 32.591, 32.605, 32.589","54, 54, 500, 500, 500",286720,112640,/home/jyoti/Desktop/heterogeneous_edge/datasets/coco/images/val2017,/home/jyoti/Desktop/heterogeneous_edge/test-clean/LibriSpeech/test-clean/1580/141083,5880.671875,"50.2, 74.4, 51.6, 42.0, 45.7, 49.5, 73.4, 52.5, 37.7, 13.6, 40.7, 54.4, 42.2, 38.9, 14.2, 36.6",16,90.1,2.485001628411911,15.366962432861328,16,11th Gen Intel(R) Core(TM) i7-11700 @ 2.50GHz,CPU
1,ssddp,1.0698470268888889,176.72600030899048,"Speech, Speech, Detect, Detect, Predict","0.449939, 0.448937, 0.050737, 0.051378, 0.068855","32.227, 32.334, 32.169, 32.509, 47.486","54, 54, 500, 500, 500",286720,112640,/home/jyoti/Desktop/heterogeneous_edge/datasets/coco/images/val2017,/home/jyoti/Desktop/heterogeneous_edge/test-clean/LibriSpeech/test-clean/1580/141083,5855.21875,"57.4, 75.3, 47.5, 52.9, 29.3, 47.5, 64.5, 54.3, 33.5, 15.5, 49.9, 42.5, 61.7, 43.7, 26.1, 38.2",16,88.6,2.5472938722669736,15.366962432861328,16,11th Gen Intel(R) Core(TM) i7-11700 @ 2.50GHz,CPU
1,ssdps,1.4757526862962962,175.81603050231934,"Speech, Speech, Detect, Predict, Speech","0.450493, 0.452244, 0.051026, 0.068687, 0.453303","32.181, 31.846, 32.348, 47.387, 32.055","54, 54, 500, 500, 54",286720,112640,/home/jyoti/Desktop/heterogeneous_edge/datasets/coco/images/val2017,/home/jyoti/Desktop/heterogeneous_edge/test-clean/LibriSpeech/test-clean/1580/141083,5853.328125,"43.7, 71.1, 72.4, 53.6, 30.7, 65.8, 66.4, 46.8, 44.5, 17.4, 22.8, 41.3, 57.4, 22.1, 21.6, 41.5",16,91.1,2.4752635995370373,15.366962432861328,16,11th Gen Intel(R) Core(TM) i7-11700 @ 2.50GHz,CPU
1,ssdpd,1.0740345414074075,177.0605435371399,"Speech, Speech, Detect, Predict, Detect","0.451130, 0.450927, 0.051539, 0.068870, 0.051568","32.043, 32.324, 32.623, 47.473, 32.597","54, 54, 500, 500, 500",286720,112640,/home/jyoti/Desktop/heterogeneous_edge/datasets/coco/images/val2017,/home/jyoti/Desktop/heterogeneous_edge/test-clean/LibriSpeech/test-clean/1580/141083,5917.63671875,"43.6, 72.8, 58.7, 61.5, 41.1, 67.9, 55.4, 55.2, 47.0, 17.5, 38.3, 32.8, 48.7, 23.0, 34.7, 35.2",16,88.6,2.5064433840413316,15.366962432861328,16,11th Gen Intel(R) Core(TM) i7-11700 @ 2.50GHz,CPU
1,ssdpp,1.0870397261481481,192.3256697654724,"Speech, Speech, Detect, Predict, Predict","0.449447, 0.448755, 0.051236, 0.068780, 0.068822","32.302, 32.567, 32.417, 47.491, 47.548","54, 54, 500, 500, 500",286720,112640,/home/jyoti/Desktop/heterogeneous_edge/datasets/coco/images/val2017,/home/jyoti/Desktop/heterogeneous_edge/test-clean/LibriSpeech/test-clean/1580/141083,5854.44921875,"45.6, 73.4, 58.2, 62.2, 66.7, 47.9, 64.1, 55.8, 46.2, 18.4, 40.8, 33.0, 24.7, 44.1, 27.7, 36.0",16,91.2,2.530838888888889,15.366962432861328,16,11th Gen Intel(R) Core(TM) i7-11700 @ 2.50GHz,CPU
1,sspss,1.8718241500000001,176.44274306297302,"Speech, Speech, Predict, Speech, Speech","0.451993, 0.450329, 0.068469, 0.450029, 0.451005","32.275, 32.171, 47.273, 33.009, 31.715","54, 54, 500, 54, 54",286720,112640,/home/jyoti/Desktop/heterogeneous_edge/datasets/coco/images/val2017,/home/jyoti/Desktop/heterogeneous_edge/test-clean/LibriSpeech/test-clean/1580/141083,5841.52734375,"34.8, 71.4, 52.1, 43.3, 45.2, 59.5, 58.6, 54.7, 51.2, 14.3, 39.0, 51.4, 40.1, 25.6, 26.1, 30.7",16,85.0,2.444138119953864,15.366962432861328,16,11th Gen Intel(R) Core(TM) i7-11700 @ 2.50GHz,CPU
1,sspsd,1.4712792151851852,177.01419377326965,"Speech, Speech, Predict, Speech, Detect","0.448712, 0.449367, 0.069405, 0.452392, 0.051403","32.520, 32.140, 47.858, 32.004, 32.492","54, 54, 500, 54, 500",286720,112640,/home/jyoti/Desktop/heterogeneous_edge/datasets/coco/images/val2017,/home/jyoti/Desktop/heterogeneous_edge/test-clean/LibriSpeech/test-clean/1580/141083,5857.7734375,"42.5, 72.3, 57.3, 54.0, 43.3, 60.2, 52.7, 62.2, 46.1, 16.3, 38.1, 39.9, 44.5, 28.2, 35.1, 26.0",16,92.6,2.5008367816091956,15.366962432861328,16,11th Gen Intel(R) Core(TM) i7-11700 @ 2.50GHz,CPU
1,sspsp,1.4816372242962963,195.54425501823425,"Speech, Speech, Predict, Speech, Predict","0.449376, 0.443637, 0.068739, 0.451023, 0.068861","32.641, 34.974, 47.391, 33.078, 47.460","54, 54, 500, 54, 500",286720,112640,/home/jyoti/Desktop/heterogeneous_edge/datasets/coco/images/val2017,/home/jyoti/Desktop/heterogeneous_edge/test-clean/LibriSpeech/test-clean/1580/141083,5877.31640625,"33.0, 70.1, 46.6, 45.5, 67.8, 66.6, 61.0, 59.3, 55.1, 17.2, 47.5, 46.1, 19.3, 20.5, 27.1, 28.0",16,95.1,2.461925,15.366962432861328,16,11th Gen Intel(R) Core(TM) i7-11700 @ 2.50GHz,CPU
1,sspds,1.4739911099999998,176.1742286682129,"Speech, Speech, Predict, Detect, Speech","0.450901, 0.452305, 0.068750, 0.050866, 0.451170","32.675, 32.048, 47.422, 32.266, 31.764","54, 54, 500, 500, 54",286720,112640,/home/jyoti/Desktop/heterogeneous_edge/datasets/coco/images/val2017,/home/jyoti/Desktop/heterogeneous_edge/test-clean/LibriSpeech/test-clean/1580/141083,5983.12109375,"39.8, 69.4, 42.7, 58.9, 48.0, 39.6, 65.8, 43.5, 48.3, 18.4, 50.8, 36.7, 39.9, 48.6, 22.3, 44.7",16,92.5,2.4971956553117787,15.366962432861328,16,11th Gen Intel(R) Core(TM) i7-11700 @ 2.50GHz,CPU
1,sspdd,1.0738030213333336,178.01001811027527,"Speech, Speech, Predict, Detect, Detect","0.449535, 0.452054, 0.068512, 0.051818, 0.051884","32.978, 32.205, 47.311, 32.735, 32.782","54, 54, 500, 500, 500",286720,112640,/home/jyoti/Desktop/heterogeneous_edge/datasets/coco/images/val2017,/home/jyoti/Desktop/heterogeneous_edge/test-clean/LibriSpeech/test-clean/1580/141083,5873.65625,"41.7, 69.5, 42.4, 44.4, 47.7, 36.7, 58.3, 57.6, 47.6, 19.7, 51.4, 52.4, 42.3, 53.0, 31.5, 32.5",16,87.3,2.5290059218036527,15.366962432861328,16,11th Gen Intel(R) Core(TM) i7-11700 @ 2.50GHz,CPU
1,sspdp,1.0869108379259258,192.69624710083008,"Speech, Speech, Predict, Detect, Predict","0.449935, 0.448261, 0.068570, 0.051258, 0.068886","32.199, 33.139, 47.418, 32.437, 47.504","54, 54, 500, 500, 500",286720,112640,/home/jyoti/Desktop/heterogeneous_edge/datasets/coco/images/val2017,/home/jyoti/Desktop/heterogeneous_edge/test-clean/LibriSpeech/test-clean/1580/141083,5863.98046875,"29.5, 79.8, 59.3, 45.0, 57.4, 45.9, 54.6, 51.8, 61.4, 11.5, 39.0, 49.2, 34.4, 45.5, 36.0, 39.9",16,90.5,2.5270312170010563,15.366962432861328,16,11th Gen Intel(R) Core(TM) i7-11700 @ 2.50GHz,CPU
1,sspps,1.4901816405185184,192.37322783470154,"Speech, Speech, Predict, Predict, Speech","0.452951, 0.448151, 0.068592, 0.068766, 0.451721","32.517, 32.813, 47.332, 47.561, 32.150","54, 54, 500, 500, 54",286720,112640,/home/jyoti/Desktop/heterogeneous_edge/datasets/coco/images/val2017,/home/jyoti/Desktop/heterogeneous_edge/test-clean/LibriSpeech/test-clean/1580/141083,5906.26953125,"43.7, 70.1, 57.7, 54.0, 63.8, 49.6, 68.9, 42.3, 45.4, 18.5, 39.2, 40.4, 25.2, 39.1, 19.9, 46.9",16,98.8,2.493599867724868,15.366962432861328,16,11th Gen Intel(R) Core(TM) i7-11700 @ 2.50GHz,CPU
1,ssppd,1.0906247182962963,191.39413905143738,"Speech, Speech, Predict, Predict, Detect","0.449856, 0.451401, 0.068905, 0.068781, 0.051682","31.835, 31.877, 47.547, 47.470, 32.665","54, 54, 500, 500, 500",286720,112640,/home/jyoti/Desktop/heterogeneous_edge/datasets/coco/images/val2017,/home/jyoti/Desktop/heterogeneous_edge/test-clean/LibriSpeech/test-clean/1580/141083,5913.09765625,"44.8, 78.3, 39.8, 53.8, 60.3, 54.4, 63.3, 75.3, 47.7, 14.6, 58.5, 42.4, 31.8, 38.0, 28.8, 16.8",16,91.5,2.546144261424017,15.366962432861328,16,11th Gen Intel(R) Core(TM) i7-11700 @ 2.50GHz,CPU
1,ssppp,1.1092099028888889,206.09978532791138,"Speech, Speech, Predict, Predict, Predict","0.452260, 0.450467, 0.068648, 0.069034, 0.068801","31.921, 31.796, 47.356, 47.561, 47.465","54, 54, 500, 500, 500",286720,112640,/home/jyoti/Desktop/heterogeneous_edge/datasets/coco/images/val2017,/home/jyoti/Desktop/heterogeneous_edge/test-clean/LibriSpeech/test-clean/1580/141083,5857.109375,"39.0, 76.1, 49.2, 43.0, 64.8, 68.5, 63.2, 64.8, 54.7, 17.4, 48.8, 54.6, 28.1, 24.7, 30.3, 28.1",16,77.1,2.5570540390316205,15.366962432861328,16,11th Gen Intel(R) Core(TM) i7-11700 @ 2.50GHz,CPU
1,sdsss,1.8490810156296296,164.0003161430359,"Speech, Detect, Speech, Speech, Speech","0.452417, 0.051692, 0.446524, 0.448342, 0.450105","31.984, 32.659, 34.767, 32.281, 32.310","54, 500, 54, 54, 54",286720,112640,/home/jyoti/Desktop/heterogeneous_edge/datasets/coco/images/val2017,/home/jyoti/Desktop/heterogeneous_edge/test-clean/LibriSpeech/test-clean/1580/141083,5867.015625,"42.3, 69.5, 50.5, 51.8, 47.3, 62.0, 54.4, 62.3, 41.1, 12.4, 39.7, 38.2, 34.8, 20.4, 27.8, 19.9",16,88.0,2.4310745192307692,15.366962432861328,16,11th Gen Intel(R) Core(TM) i7-11700 @ 2.50GHz,CPU
1,sdssd,1.456260263037037,160.71538090705872,"Speech, Detect, Speech, Speech, Detect","0.451122, 0.050749, 0.451360, 0.452026, 0.051004","32.257, 32.174, 32.196, 31.789, 32.300","54, 500, 54, 54, 500",286720,112640,/home/jyoti/Desktop/heterogeneous_edge/datasets/coco/images/val2017,/home/jyoti/Desktop/heterogeneous_edge/test-clean/LibriSpeech/test-clean/1580/141083,5882.94140625,"40.3, 71.4, 48.4, 49.5, 64.2, 58.4, 51.0, 65.7, 46.3, 14.5, 42.4, 45.9, 22.0, 27.5, 35.8, 21.4",16,91.5,2.4390459070796457,15.366962432861328,16,11th Gen Intel(R) Core(TM) i7-11700 @ 2.50GHz,CPU
1,sdssp,1.47164043,175.51156568527222,"Speech, Detect, Speech, Speech, Predict","0.449922, 0.051028, 0.452349, 0.449724, 0.068617","32.329, 32.298, 31.817, 31.752, 47.316","54, 500, 54, 54, 500",286720,112640,/home/jyoti/Desktop/heterogeneous_edge/datasets/coco/images/val2017,/home/jyoti/Desktop/heterogeneous_edge/test-clean/LibriSpeech/test-clean/1580/141083,5891.140625,"42.8, 73.0, 55.1, 49.6, 48.5, 60.3, 62.2, 66.3, 45.1, 15.0, 42.3, 41.3, 38.6, 27.9, 25.5, 22.3",16,96.3,2.4935777809965236,15.366962432861328,16,11th Gen Intel(R) Core(TM) i7-11700 @ 2.50GHz,CPU
1,sdsds,1.4591268181481483,160.55355739593506,"Speech, Detect, Speech, Detect, Speech","0.452457, 0.051063, 0.453176, 0.051201, 0.451230","32.017, 32.341, 31.832, 32.393, 31.971","54, 500, 54, 500, 54",286720,112640,/home/jyoti/Desktop/heterogeneous_edge/datasets/coco/images/val2017,/home/jyoti/Desktop/heterogeneous_edge/test-clean/LibriSpeech/test-clean/1580/141083,5879.328125,"44.9, 75.7, 57.6, 68.5, 56.8, 53.2, 61.3, 55.0, 42.6, 10.9, 33.1, 29.7, 30.0, 34.6, 26.0, 32.8",16,88.9,2.469732990506329,15.366962432861328,16,11th Gen Intel(R) Core(TM) i7-11700 @ 2.50GHz,CPU
1,sdsdd,1.0628621834814815,161.94685912132263,"Speech, Detect, Speech, Detect, Detect","0.454259, 0.051963, 0.453461, 0.051699, 0.051481","32.067, 32.819, 31.854, 32.654, 32.554","54, 500, 54, 500, 500",286720,112640,/home/jyoti/Desktop/heterogeneous_edge/datasets/coco/images/val2017,/home/jyoti/Desktop/heterogeneous_edge/test-clean/LibriSpeech/test-clean/1580/141083,6028.30859375,"59.6, 76.1, 51.5, 56.2, 55.9, 51.1, 58.9, 58.5, 32.5, 14.8, 48.1, 41.2, 36.4, 39.8, 32.2, 33.7",16,79.0,2.5680952007528233,15.366962432861328,16,11th Gen Intel(R) Core(TM) i7-11700 @ 2.50GHz,CPU
1,sdsdp,1.074696752814815,176.33531546592712,"Speech, Detect, Speech, Detect, Predict","0.451037, 0.051182, 0.452771, 0.050853, 0.068854","32.146, 32.405, 32.082, 32.223, 47.479","54, 500, 54, 500, 500",286720,112640,/home/jyoti/Desktop/heterogeneous_edge/datasets/coco/images/val2017,/home/jyoti/Desktop/heterogeneous_edge/test-clean/LibriSpeech/test-clean/1580/141083,6013.0859375,"49.2, 76.9, 53.8, 48.9, 75.4, 55.1, 55.3, 60.5, 41.4, 12.9, 43.5, 46.1, 14.0, 35.1, 35.3, 29.9",16,90.1,2.5431431660899655,15.366962432861328,16,11th Gen Intel(R) Core(TM) i7-11700 @ 2.50GHz,CPU
1,sdsps,1.4744675552592592,176.98107147216797,"Speech, Detect, Speech, Predict, Speech","0.451986, 0.051458, 0.450853, 0.068769, 0.451400","32.634, 32.534, 31.994, 47.428, 32.391","54, 500, 54, 500, 54",286720,112640,/home/jyoti/Desktop/heterogeneous_edge/datasets/coco/images/val2017,/home/jyoti/Desktop/heterogeneous_edge/test-clean/LibriSpeech/test-clean/1580/141083,5873.91015625,"43.5, 71.7, 64.8, 43.7, 44.5, 56.8, 52.3, 55.2, 44.0, 15.4, 31.7, 47.5, 43.6, 31.7, 35.4, 31.9",16,73.2,2.520113074712644,15.366962432861328,16,11th Gen Intel(R) Core(TM) i7-11700 @ 2.50GHz,CPU
1,sdspd,1.0740363131851853,176.23601841926575,"Speech, Detect, Speech, Predict, Detect","0.450774, 0.051778, 0.451598, 0.068712, 0.051174","31.959, 32.716, 31.808, 47.351, 32.402","54, 500, 54, 500, 500",286720,112640,/home/jyoti/Desktop/heterogeneous_edge/datasets/coco/images/val2017,/home/jyoti/Desktop/heterogeneous_edge/test-clean/LibriSpeech/test-clean/1580/141083,5912.453125,"45.2, 74.8, 61.5, 57.4, 48.5, 64.3, 56.3, 66.4, 45.8, 15.5, 34.9, 38.3, 42.0, 26.1, 34.0, 24.0",16,91.4,2.541232626874279,15.366962432861328,16,11th Gen Intel(R) Core(TM) i7-11700 @ 2.50GHz,CPU
1,sdspp,1.0889249394074074,192.37766098976135,"Speech, Detect, Speech, Predict, Predict","0.449440, 0.051166, 0.450528, 0.068882, 0.068909","32.656, 32.395, 32.420, 47.432, 47.474","54, 500, 54, 500, 500",286720,112640,/home/jyoti/Desktop/heterogeneous_edge/datasets/coco/images/val2017,/home/jyoti/Desktop/heterogeneous_edge/test-clean/LibriSpeech/test-clean/1580/141083,5903.5859375,"45.3, 75.7, 36.7, 54.4, 40.4, 43.8, 65.8, 68.1, 46.8, 15.5, 57.6, 43.5, 51.5, 47.8, 26.0, 24.0",16,88.8,2.5316484126984125,15.366962432861328,16,11th Gen Intel(R) Core(TM) i7-11700 @ 2.50GHz,CPU
1,sddss,1.4558473911111112,161.77630233764648,"Speech, Detect, Detect, Speech, Speech","0.451444, 0.051670, 0.051347, 0.449718, 0.451669","32.310, 32.674, 32.521, 31.820, 32.451","54, 500, 500, 54, 54",286720,112640,/home/jyoti/Desktop/heterogeneous_edge/datasets/coco/images/val2017,/home/jyoti/Desktop/heterogeneous_edge/test-clean/LibriSpeech/test-clean/1580/141083,5945.44921875,"51.8, 73.0, 21.9, 60.5, 50.2, 40.4, 57.5, 56.0, 34.9, 13.4, 71.2, 32.7, 36.1, 45.5, 28.9, 30.9",16,80.2,2.483683417085427,15.366962432861328,16,11th Gen Intel(R) Core(TM) i7-11700 @ 2.50GHz,CPU
1,sddsd,1.055073179777778,161.70591568946838,"Speech, Detect, Detect, Speech, Detect","0.450364, 0.051544, 0.050815, 0.450746, 0.051604","32.098, 32.576, 32.234, 32.163, 32.634","54, 500, 500, 54, 500",286720,112640,/home/jyoti/Desktop/heterogeneous_edge/datasets/coco/images/val2017,/home/jyoti/Desktop/heterogeneous_edge/test-clean/LibriSpeech/test-clean/1580/141083,5864.234375,"43.6, 68.2, 40.0, 59.4, 56.2, 57.8, 64.7, 48.7, 46.0, 22.3, 55.6, 36.6, 34.1, 31.3, 24.7, 40.5",16,78.3,2.513207129396985,15.366962432861328,16,11th Gen Intel(R) Core(TM) i7-11700 @ 2.50GHz,CPU
1,sddsp,1.0671132453333334,179.2998402118683,"Speech, Detect, Detect, Speech, Predict","0.445603, 0.051415, 0.051105, 0.450515, 0.068474","35.286, 32.514, 32.387, 31.888, 47.223","54, 500, 500, 54, 500",286720,112640,/home/jyoti/Desktop/heterogeneous_edge/datasets/coco/images/val2017,/home/jyoti/Desktop/heterogeneous_edge/test-clean/LibriSpeech/test-clean/1580/141083,5896.21875,"40.1, 75.5, 50.5, 49.8, 40.6, 47.4, 71.1, 45.7, 49.9, 13.9, 46.7, 42.8, 48.8, 41.7, 18.6, 44.7",16,81.3,2.4942250566893422,15.366962432861328,16,11th Gen Intel(R) Core(TM) i7-11700 @ 2.50GHz,CPU
1,sddds,1.0584471012592593,162.33602118492126,"Speech, Detect, Detect, Detect, Speech","0.452759, 0.051823, 0.051496, 0.051405, 0.450965","31.976, 32.704, 32.567, 32.536, 32.553","54, 500, 500, 500, 54",286720,112640,/home/jyoti/Desktop/heterogeneous_edge/datasets/coco/images/val2017,/home/jyoti/Desktop/heterogeneous_edge/test-clean/LibriSpeech/test-clean/1580/141083,5938.96484375,"47.6, 75.6, 37.2, 55.7, 52.0, 49.7, 63.8, 46.5, 41.4, 13.2, 57.7, 38.5, 36.7, 38.7, 25.8, 42.5",16,91.2,2.5291185857321654,15.366962432861328,16,11th Gen Intel(R) Core(TM) i7-11700 @ 2.50GHz,CPU
1,sdddd,0.654695897037037,163.21562218666077,"Speech, Detect, Detect, Detect, Detect","0.448599, 0.051435, 0.051431, 0.051636, 0.051595","32.880, 32.539, 32.530, 32.653, 32.613","54, 500, 500, 500, 500",286720,112640,/home/jyoti/Desktop/heterogeneous_edge/datasets/coco/images/val2017,/home/jyoti/Desktop/heterogeneous_edge/test-clean/LibriSpeech/test-clean/1580/141083,5804.69921875,"51.9, 76.6, 51.8, 63.2, 63.4, 56.1, 69.6, 48.2, 38.8, 14.3, 44.9, 32.6, 27.9, 34.5, 22.3, 42.6",16,91.6,2.572264303482587,15.366962432861328,16,11th Gen Intel(R) Core(TM) i7-11700 @ 2.50GHz,CPU
1,sdddp,0.6748548005925926,177.14731812477112,"Speech, Detect, Detect, Detect, Predict","0.451816, 0.051460, 0.051249, 0.051378, 0.068952","32.189, 32.536, 32.460, 32.481, 47.481","54, 500, 500, 500, 500",286720,112640,/home/jyoti/Desktop/heterogeneous_edge/datasets/coco/images/val2017,/home/jyoti/Desktop/heterogeneous_edge/test-clean/LibriSpeech/test-clean/1580/141083,5840.6015625,"56.2, 79.7, 40.7, 48.4, 68.1, 50.1, 67.5, 45.4, 38.0, 14.2, 59.6, 49.3, 25.9, 44.1, 26.5, 49.1",16,81.0,2.574131952408257,15.366962432861328,16,11th Gen Intel(R) Core(TM) i7-11700 @ 2.50GHz,CPU
1,sddps,1.0697520782962964,178.39424991607666,"Speech, Detect, Detect, Predict, Speech","0.449215, 0.051632, 0.051328, 0.068709, 0.448868","32.778, 32.648, 32.468, 47.481, 33.019","54, 500, 500, 500, 54",286720,112640,/home/jyoti/Desktop/heterogeneous_edge/datasets/coco/images/val2017,/home/jyoti/Desktop/heterogeneous_edge/test-clean/LibriSpeech/test-clean/1580/141083,5868.8125,"56.7, 76.2, 50.4, 65.6, 71.6, 47.5, 53.0, 67.3, 34.5, 14.7, 46.4, 30.4, 19.1, 42.1, 37.3, 23.3",16,79.8,2.5415300028506276,15.366962432861328,16,11th Gen Intel(R) Core(TM) i7-11700 @ 2.50GHz,CPU
1,sddpd,0.6701953879259259,177.83811283111572,"Speech, Detect, Detect, Predict, Detect","0.447256, 0.050834, 0.051675, 0.068917, 0.051512","32.910, 32.270, 32.680, 47.419, 32.559","54, 500, 500, 500, 500",286720,112640,/home/jyoti/Desktop/heterogeneous_edge/datasets/coco/images/val2017,/home/jyoti/Desktop/heterogeneous_edge/test-clean/LibriSpeech/test-clean/1580/141083,5812.23828125,"48.8, 77.7, 52.8, 69.1, 48.9, 66.7, 70.3, 58.8, 44.3, 15.9, 46.1, 28.1, 44.8, 27.2, 24.1, 34.3",16,93.7,2.5622578571428574,15.366962432861328,16,11th Gen Intel(R) Core(TM) i7-11700 @ 2.50GHz,CPU
1,sddpp,0.6927798429629629,192.75992822647095,"Speech, Detect, Detect, Predict, Predict","0.452396, 0.051328, 0.051558, 0.068760, 0.068738","32.921, 32.487, 32.603, 47.374, 47.375","54, 500, 500, 500, 500",286720,112640,/home/jyoti/Desktop/heterogeneous_edge/datasets/coco/images/val2017,/home/jyoti/Desktop/heterogeneous_edge/test-clean/LibriSpeech/test-clean/1580/141083,5866.9375,"44.9, 75.5, 60.9, 60.4, 53.2, 65.5, 69.8, 61.1, 49.4, 17.9, 38.1, 37.8, 41.0, 27.9, 24.3, 32.9",16,97.5,2.575228045886076,15.366962432861328,16,11th Gen Intel(R) Core(TM) i7-11700 @ 2.50GHz,CPU
1,sdpss,1.4743751626666668,175.41443061828613,"Speech, Detect, Predict, Speech, Speech","0.451511, 0.051310, 0.068595, 0.451322, 0.451637","31.872, 32.464, 47.413, 31.824, 31.842","54, 500, 500, 54, 54",286720,112640,/home/jyoti/Desktop/heterogeneous_edge/datasets/coco/images/val2017,/home/jyoti/Desktop/heterogeneous_edge/test-clean/LibriSpeech/test-clean/1580/141083,5854.1015625,"44.9, 70.4, 41.3, 55.2, 50.9, 66.8, 52.9, 61.7, 44.0, 18.5, 54.0, 39.4, 37.5, 22.2, 35.7, 26.9",16,67.5,2.4810278422273786,15.366962432861328,16,11th Gen Intel(R) Core(TM) i7-11700 @ 2.50GHz,CPU
1,sdpsd,1.074986047111111,177.01694750785828,"Speech, Detect, Predict, Speech, Detect","0.450780, 0.051452, 0.068881, 0.452317, 0.051556","32.180, 32.533, 47.438, 32.267, 32.599","54, 500, 500, 54, 500",286720,112640,/home/jyoti/Desktop/heterogeneous_edge/datasets/coco/images/val2017,/home/jyoti/Desktop/heterogeneous_edge/test-clean/LibriSpeech/test-clean/1580/141083,5854.046875,"46.6, 78.9, 43.2, 60.0, 62.0, 61.8, 62.3, 65.0, 44.7, 11.3, 54.6, 35.4, 29.6, 29.0, 28.6, 26.9",16,88.6,2.532055890804598,15.366962432861328,16,11th Gen Intel(R) Core(TM) i7-11700 @ 2.50GHz,CPU
1,sdpsp,1.088866248074074,190.5067012310028,"Speech, Detect, Predict, Speech, Predict","0.450771, 0.050944, 0.068666, 0.449894, 0.068592","31.765, 32.281, 47.366, 31.785, 47.310","54, 500, 500, 54, 500",286720,112640,/home/jyoti/Desktop/heterogeneous_edge/datasets/coco/images/val2017,/home/jyoti/Desktop/heterogeneous_edge/test-clean/LibriSpeech/test-clean/1580/141083,5955.27734375,"40.0, 76.6, 47.2, 62.9, 58.3, 39.0, 56.3, 60.2, 52.5, 15.6, 50.5, 34.2, 34.5, 53.6, 35.8, 32.1",16,68.7,2.5306479700854703,15.366962432861328,16,11th Gen Intel(R) Core(TM) i7-11700 @ 2.50GHz,CPU
1,sdpds,1.074447653037037,176.18375301361084,"Speech, Detect, Predict, Detect, Speech","0.450962, 0.050982, 0.068674, 0.051598, 0.452232","31.836, 32.303, 47.401, 32.624, 32.020","54, 500, 500, 500, 54",286720,112640,/home/jyoti/Desktop/heterogeneous_edge/datasets/coco/images/val2017,/home/jyoti/Desktop/heterogeneous_edge/test-clean/LibriSpeech/test-clean/1580/141083,5855.5078125,"50.5, 71.1, 48.3, 54.6, 51.5, 60.1, 59.3, 50.0, 40.0, 19.1, 47.5, 40.8, 39.2, 30.6, 31.7, 40.9",16,79.0,2.5141180074971166,15.366962432861328,16,11th Gen Intel(R) Core(TM) i7-11700 @ 2.50GHz,CPU
1,sdpdd,0.6708440488148147,177.01817321777344,"Speech, Detect, Predict, Detect, Detect","0.447995, 0.051457, 0.068725, 0.051525, 0.051142","32.042, 32.562, 47.437, 32.579, 32.398","54, 500, 500, 500, 500",286720,112640,/home/jyoti/Desktop/heterogeneous_edge/datasets/coco/images/val2017,/home/jyoti/Desktop/heterogeneous_edge/test-clean/LibriSpeech/test-clean/1580/141083,5808.95703125,"46.3, 75.7, 53.5, 64.9, 62.0, 60.1, 59.1, 74.9, 47.4, 17.3, 46.1, 31.9, 31.7, 33.7, 33.6, 17.9",16,87.3,2.552081371986223,15.366962432861328,16,11th Gen Intel(R) Core(TM) i7-11700 @ 2.50GHz,CPU
1,sdpdp,0.6918635973333332,191.98381209373474,"Speech, Detect, Predict, Detect, Predict","0.451315, 0.051261, 0.068743, 0.051775, 0.068769","32.066, 32.479, 47.318, 32.708, 47.413","54, 500, 500, 500, 500",286720,112640,/home/jyoti/Desktop/heterogeneous_edge/datasets/coco/images/val2017,/home/jyoti/Desktop/heterogeneous_edge/test-clean/LibriSpeech/test-clean/1580/141083,5843.484375,"59.5, 75.7, 59.3, 66.3, 62.8, 38.0, 52.8, 73.8, 35.4, 18.1, 39.7, 31.9, 31.1, 56.2, 41.1, 22.1",16,85.4,2.5725665386652548,15.366962432861328,16,11th Gen Intel(R) Core(TM) i7-11700 @ 2.50GHz,CPU
1,sdpps,1.0920688873333333,191.02133631706238,"Speech, Detect, Predict, Predict, Speech","0.451056, 0.051133, 0.068825, 0.068725, 0.452330","31.927, 32.363, 47.450, 47.351, 31.931","54, 500, 500, 500, 54",286720,112640,/home/jyoti/Desktop/heterogeneous_edge/datasets/coco/images/val2017,/home/jyoti/Desktop/heterogeneous_edge/test-clean/LibriSpeech/test-clean/1580/141083,5931.33203125,"26.3, 67.8, 59.1, 62.0, 66.9, 38.5, 52.0, 66.1, 65.5, 23.9, 38.1, 35.2, 24.6, 53.0, 39.6, 26.3",16,90.1,2.50752369542066,15.366962432861328,16,11th Gen Intel(R) Core(TM) i7-11700 @ 2.50GHz,CPU
1,sdppd,0.6874456482962962,192.10441088676453,"Speech, Detect, Predict, Predict, Detect","0.447015, 0.051371, 0.068777, 0.068921, 0.051361","32.029, 32.501, 47.488, 47.577, 32.510","54, 500, 500, 500, 500",286720,112640,/home/jyoti/Desktop/heterogeneous_edge/datasets/coco/images/val2017,/home/jyoti/Desktop/heterogeneous_edge/test-clean/LibriSpeech/test-clean/1580/141083,5901.2734375,"54.4, 75.6, 48.0, 57.9, 68.8, 61.4, 68.3, 70.7, 40.5, 17.9, 51.4, 41.7, 25.4, 32.8, 26.5, 23.6",16,96.3,2.566756819385593,15.366962432861328,16,11th Gen Intel(R) Core(TM) i7-11700 @ 2.50GHz,CPU
1,sdppp,0.707938843037037,206.76901197433472,"Speech, Detect, Predict, Predict, Predict","0.450719, 0.050938, 0.068657, 0.068733, 0.068892","32.222, 32.265, 47.389, 47.396, 47.496","54, 500, 500, 500, 500",286720,112640,/home/jyoti/Desktop/heterogeneous_edge/datasets/coco/images/val2017,/home/jyoti/Desktop/heterogeneous_edge/test-clean/LibriSpeech/test-clean/1580/141083,5943.6953125,"39.6, 78.3, 58.5, 60.2, 60.1, 65.3, 57.0, 75.4, 54.8, 16.3, 40.9, 38.3, 34.7, 29.4, 38.3, 19.4",16,94.3,2.577593380905512,15.366962432861328,16,11th Gen Intel(R) Core(TM) i7-11700 @ 2.50GHz,CPU
1,spsss,1.8712805988148147,175.4599847793579,"Speech, Predict, Speech, Speech, Speech","0.451441, 0.068939, 0.451710, 0.449911, 0.449280","31.945, 47.559, 32.225, 31.689, 32.042","54, 500, 54, 54, 54",286720,112640,/home/jyoti/Desktop/heterogeneous_edge/datasets/coco/images/val2017,/home/jyoti/Desktop/heterogeneous_edge/test-clean/LibriSpeech/test-clean/1580/141083,5996.87890625,"31.2, 62.3, 62.8, 74.4, 60.4, 56.3, 61.3, 52.2, 55.5, 23.9, 30.6, 17.2, 25.6, 29.2, 25.4, 33.9",16,89.8,2.456875145011601,15.366962432861328,16,11th Gen Intel(R) Core(TM) i7-11700 @ 2.50GHz,CPU
1,spssd,1.4710918804444444,176.19662618637085,"Speech, Predict, Speech, Speech, Detect","0.450806, 0.068790, 0.450576, 0.449762, 0.051158","32.126, 47.451, 32.167, 32.073, 32.380","54, 500, 54, 54, 500",286720,112640,/home/jyoti/Desktop/heterogeneous_edge/datasets/coco/images/val2017,/home/jyoti/Desktop/heterogeneous_edge/test-clean/LibriSpeech/test-clean/1580/141083,5847.00390625,"56.4, 75.2, 48.2, 59.6, 53.7, 56.8, 59.5, 64.7, 31.8, 13.5, 48.7, 30.8, 34.2, 31.3, 28.4, 23.2",16,84.1,2.481172344110855,15.366962432861328,16,11th Gen Intel(R) Core(TM) i7-11700 @ 2.50GHz,CPU
1,spssp,1.4942470300000001,190.24602389335632,"Speech, Predict, Speech, Speech, Predict","0.452776, 0.068563, 0.451731, 0.452547, 0.068631","31.882, 47.321, 31.896, 31.835, 47.312","54, 500, 54, 54, 500",286720,112640,/home/jyoti/Desktop/heterogeneous_edge/datasets/coco/images/val2017,/home/jyoti/Desktop/heterogeneous_edge/test-clean/LibriSpeech/test-clean/1580/141083,5870.703125,"59.8, 74.3, 67.9, 58.4, 51.3, 42.9, 66.9, 71.2, 30.0, 15.5, 31.7, 34.1, 38.0, 47.4, 23.9, 19.1",16,88.9,2.5038827540106956,15.366962432861328,16,11th Gen Intel(R) Core(TM) i7-11700 @ 2.50GHz,CPU
1,spsds,1.4700389622962964,176.4224762916565,"Speech, Predict, Speech, Detect, Speech","0.449617, 0.068549, 0.451083, 0.051261, 0.449529","32.234, 47.304, 31.825, 32.444, 32.616","54, 500, 54, 500, 54",286720,112640,/home/jyoti/Desktop/heterogeneous_edge/datasets/coco/images/val2017,/home/jyoti/Desktop/heterogeneous_edge/test-clean/LibriSpeech/test-clean/1580/141083,5871.39453125,"53.7, 69.9, 46.9, 53.5, 68.3, 47.4, 64.5, 68.9, 35.0, 17.8, 51.4, 37.2, 19.3, 41.2, 23.9, 18.8",16,68.4,2.4934103229527103,15.366962432861328,16,11th Gen Intel(R) Core(TM) i7-11700 @ 2.50GHz,CPU
1,spsdd,1.0707841108148148,176.77925777435303,"Speech, Predict, Speech, Detect, Detect","0.449405, 0.068861, 0.449270, 0.051500, 0.051748","31.990, 47.428, 32.084, 32.567, 32.711","54, 500, 54, 500, 500",286720,112640,/home/jyoti/Desktop/heterogeneous_edge/datasets/coco/images/val2017,/home/jyoti/Desktop/heterogeneous_edge/test-clean/LibriSpeech/test-clean/1580/141083,5985.1328125,"50.3, 75.9, 55.1, 73.2, 48.9, 60.8, 58.4, 69.2, 41.4, 15.8, 44.4, 22.8, 42.3, 30.3, 33.9, 22.3",16,75.0,2.5169079401611048,15.366962432861328,16,11th Gen Intel(R) Core(TM) i7-11700 @ 2.50GHz,CPU
1,spsdp,1.0884637286666665,192.41739058494568,"Speech, Predict, Speech, Detect, Predict","0.449456, 0.068551, 0.449886, 0.051560, 0.069012","32.160, 47.240, 32.822, 32.615, 47.581","54, 500, 54, 500, 500",286720,112640,/home/jyoti/Desktop/heterogeneous_edge/datasets/coco/images/val2017,/home/jyoti/Desktop/heterogeneous_edge/test-clean/LibriSpeech/test-clean/1580/141083,5861.25,"47.6, 66.9, 60.0, 66.8, 64.2, 52.8, 50.3, 63.6, 43.9, 24.9, 37.1, 28.2, 28.1, 37.7, 40.3, 27.1",16,87.7,2.5328370110993657,15.366962432861328,16,11th Gen Intel(R) Core(TM) i7-11700 @ 2.50GHz,CPU
1,spsps,1.4892888302222222,192.3419337272644,"Speech, Predict, Speech, Predict, Speech","0.452135, 0.068645, 0.450250, 0.068651, 0.449608","31.842, 47.363, 32.948, 47.289, 32.900","54, 500, 54, 500, 54",286720,112640,/home/jyoti/Desktop/heterogeneous_edge/datasets/coco/images/val2017,/home/jyoti/Desktop/heterogeneous_edge/test-clean/LibriSpeech/test-clean/1580/141083,5917.546875,"49.4, 64.8, 59.7, 64.6, 68.3, 51.2, 76.0, 64.3, 39.6, 24.7, 31.4, 34.1, 20.4, 37.3, 12.7, 24.1",16,79.0,2.484821164021164,15.366962432861328,16,11th Gen Intel(R) Core(TM) i7-11700 @ 2.50GHz,CPU
1,spspd,1.089234915851852,193.27617764472961,"Speech, Predict, Speech, Predict, Detect","0.447909, 0.068850, 0.452379, 0.068584, 0.051513","34.072, 47.491, 31.848, 47.255, 32.611","54, 500, 54, 500, 500",286720,112640,/home/jyoti/Desktop/heterogeneous_edge/datasets/coco/images/val2017,/home/jyoti/Desktop/heterogeneous_edge/test-clean/LibriSpeech/test-clean/1580/141083,5902.046875,"56.6, 74.0, 59.9, 55.5, 50.1, 60.6, 52.6, 59.7, 34.8, 16.3, 35.0, 42.6, 41.1, 30.8, 38.1, 31.7",16,70.9,2.5422021710526312,15.366962432861328,16,11th Gen Intel(R) Core(TM) i7-11700 @ 2.50GHz,CPU
1,spspp,1.1119589554074074,206.33036589622498,"Speech, Predict, Speech, Predict, Predict","0.451455, 0.068933, 0.454064, 0.068629, 0.068878","31.948, 47.509, 32.015, 47.334, 47.525","54, 500, 54, 500, 500",286720,112640,/home/jyoti/Desktop/heterogeneous_edge/datasets/coco/images/val2017,/home/jyoti/Desktop/heterogeneous_edge/test-clean/LibriSpeech/test-clean/1580/141083,5939.38671875,"50.9, 73.2, 56.7, 54.7, 48.7, 50.7, 65.1, 56.7, 41.9, 19.1, 44.1, 41.2, 43.7, 42.9, 28.2, 36.4",16,80.5,2.5498034393491125,15.366962432861328,16,11th Gen Intel(R) Core(TM) i7-11700 @ 2.50GHz,CPU
1,spdss,1.472990408074074,176.57667803764343,"Speech, Predict, Detect, Speech, Speech","0.452747, 0.068819, 0.051458, 0.450741, 0.449225","32.135, 47.426, 32.544, 32.686, 31.785","54, 500, 500, 54, 54",286720,112640,/home/jyoti/Desktop/heterogeneous_edge/datasets/coco/images/val2017,/home/jyoti/Desktop/heterogeneous_edge/test-clean/LibriSpeech/test-clean/1580/141083,5900.33984375,"58.3, 68.9, 46.8, 60.1, 53.5, 63.7, 55.0, 55.9, 30.5, 18.8, 49.2, 33.6, 35.1, 23.8, 33.6, 32.7",16,84.6,2.4803501584101384,15.366962432861328,16,11th Gen Intel(R) Core(TM) i7-11700 @ 2.50GHz,CPU
1,spdsd,1.0771229232592594,177.5326910018921,"Speech, Predict, Detect, Speech, Detect","0.448408, 0.069059, 0.051224, 0.457439, 0.050993","33.034, 47.446, 32.442, 32.307, 32.304","54, 500, 500, 54, 500",286720,112640,/home/jyoti/Desktop/heterogeneous_edge/datasets/coco/images/val2017,/home/jyoti/Desktop/heterogeneous_edge/test-clean/LibriSpeech/test-clean/1580/141083,6139.9375,"48.6, 76.3, 52.8, 40.4, 50.2, 52.4, 62.0, 68.5, 43.0, 15.4, 45.6, 56.0, 41.2, 39.6, 29.2, 23.3",16,90.1,2.507167740549828,15.366962432861328,16,11th Gen Intel(R) Core(TM) i7-11700 @ 2.50GHz,CPU
1,spdsp,1.0917220425185186,190.7695972919464,"Speech, Predict, Detect, Speech, Predict","0.452838, 0.068561, 0.051605, 0.450108, 0.068610","31.865, 47.258, 32.594, 31.739, 47.314","54, 500, 500, 54, 500",286720,112640,/home/jyoti/Desktop/heterogeneous_edge/datasets/coco/images/val2017,/home/jyoti/Desktop/heterogeneous_edge/test-clean/LibriSpeech/test-clean/1580/141083,5914.30078125,"40.1, 75.5, 60.2, 49.7, 65.7, 56.9, 50.3, 58.4, 52.8, 17.2, 40.0, 45.7, 27.4, 34.9, 42.6, 34.1",16,92.5,2.5307953091684436,15.366962432861328,16,11th Gen Intel(R) Core(TM) i7-11700 @ 2.50GHz,CPU
1,spdds,1.0749335942222222,176.24778604507446,"Speech, Predict, Detect, Detect, Speech","0.452006, 0.068533, 0.051298, 0.051284, 0.451813","31.844, 47.232, 32.499, 32.452, 32.220","54, 500, 500, 500, 54",286720,112640,/home/jyoti/Desktop/heterogeneous_edge/datasets/coco/images/val2017,/home/jyoti/Desktop/heterogeneous_edge/test-clean/LibriSpeech/test-clean/1580/141083,5955.24609375,"44.0, 69.1, 60.6, 58.5, 57.9, 60.6, 59.1, 71.4, 46.4, 21.1, 35.1, 37.2, 32.7, 29.6, 31.4, 19.6",16,86.6,2.5332558391003457,15.366962432861328,16,11th Gen Intel(R) Core(TM) i7-11700 @ 2.50GHz,CPU
1,spddd,0.6714597794074074,177.65429186820984,"Speech, Predict, Detect, Detect, Detect","0.448092, 0.068978, 0.051441, 0.051729, 0.051220","32.434, 47.508, 32.553, 32.697, 32.462","54, 500, 500, 500, 500",286720,112640,/home/jyoti/Desktop/heterogeneous_edge/datasets/coco/images/val2017,/home/jyoti/Desktop/heterogeneous_edge/test-clean/LibriSpeech/test-clean/1580/141083,5859.0703125,"45.2, 68.9, 52.9, 46.4, 52.1, 66.1, 66.4, 78.7, 48.9, 25.2, 43.8, 53.1, 41.5, 27.7, 27.3, 16.1",16,90.0,2.563318220823799,15.366962432861328,16,11th Gen Intel(R) Core(TM) i7-11700 @ 2.50GHz,CPU
1,spddp,0.6918841760000001,191.59969806671143,"Speech, Predict, Detect, Detect, Predict","0.451804, 0.068567, 0.051414, 0.051422, 0.068677","31.801, 47.307, 32.583, 32.533, 47.375","54, 500, 500, 500, 500",286720,112640,/home/jyoti/Desktop/heterogeneous_edge/datasets/coco/images/val2017,/home/jyoti/Desktop/heterogeneous_edge/test-clean/LibriSpeech/test-clean/1580/141083,5930.39453125,"56.6, 71.7, 57.7, 44.1, 65.3, 71.3, 59.5, 74.9, 37.1, 22.3, 40.3, 54.8, 27.7, 21.8, 34.1, 18.4",16,88.9,2.5727190153927815,15.366962432861328,16,11th Gen Intel(R) Core(TM) i7-11700 @ 2.50GHz,CPU
1,spdps,1.0944459973333334,191.14811754226685,"Speech, Predict, Detect, Predict, Speech","0.452499, 0.068748, 0.051241, 0.068746, 0.453213","31.826, 47.396, 32.428, 47.541, 31.958","54, 500, 500, 500, 54",286720,112640,/home/jyoti/Desktop/heterogeneous_edge/datasets/coco/images/val2017,/home/jyoti/Desktop/heterogeneous_edge/test-clean/LibriSpeech/test-clean/1580/141083,5911.1875,"47.3, 70.5, 52.6, 48.7, 57.2, 72.7, 63.5, 71.9, 45.5, 22.4, 45.9, 48.4, 36.0, 19.2, 29.4, 20.6",16,82.3,2.551427260638298,15.366962432861328,16,11th Gen Intel(R) Core(TM) i7-11700 @ 2.50GHz,CPU
1,spdpd,0.6916847360740741,192.04759645462036,"Speech, Predict, Detect, Predict, Detect","0.451190, 0.068858, 0.051647, 0.068892, 0.051098","32.140, 47.395, 32.666, 47.482, 32.364","54, 500, 500, 500, 500",286720,112640,/home/jyoti/Desktop/heterogeneous_edge/datasets/coco/images/val2017,/home/jyoti/Desktop/heterogeneous_edge/test-clean/LibriSpeech/test-clean/1580/141083,5838.08203125,"54.4, 75.8, 60.4, 39.7, 59.8, 71.4, 58.1, 64.1, 39.5, 17.3, 38.5, 57.9, 33.8, 22.2, 35.3, 29.8",16,89.5,2.572615002648305,15.366962432861328,16,11th Gen Intel(R) Core(TM) i7-11700 @ 2.50GHz,CPU
1,spdpp,0.7077334077037036,207.22909212112427,"Speech, Predict, Detect, Predict, Predict","0.450046, 0.068485, 0.051342, 0.068977, 0.068883","32.306, 47.266, 32.508, 47.663, 47.485","54, 500, 500, 500, 500",286720,112640,/home/jyoti/Desktop/heterogeneous_edge/datasets/coco/images/val2017,/home/jyoti/Desktop/heterogeneous_edge/test-clean/LibriSpeech/test-clean/1580/141083,5854.92578125,"63.2, 84.7, 61.1, 35.9, 65.8, 61.2, 61.8, 67.2, 31.2, 9.1, 37.6, 63.1, 28.6, 33.5, 32.6, 26.6",16,93.7,2.59017202848723,15.366962432861328,16,11th Gen Intel(R) Core(TM) i7-11700 @ 2.50GHz,CPU
1,sppss,1.4946530185185187,190.22760653495789,"Speech, Predict, Predict, Speech, Speech","0.453204, 0.068614, 0.068925, 0.453364, 0.450545","31.881, 47.339, 47.472, 31.829, 31.706","54, 500, 500, 54, 54",286720,112640,/home/jyoti/Desktop/heterogeneous_edge/datasets/coco/images/val2017,/home/jyoti/Desktop/heterogeneous_edge/test-clean/LibriSpeech/test-clean/1580/141083,5929.01953125,"49.0, 70.9, 43.0, 48.4, 45.3, 58.0, 64.1, 55.4, 41.6, 19.1, 54.7, 46.1, 45.0, 32.2, 26.2, 34.7",16,67.9,2.502033489304813,15.366962432861328,16,11th Gen Intel(R) Core(TM) i7-11700 @ 2.50GHz,CPU
1,sppsd,1.0914957533333334,190.92356729507446,"Speech, Predict, Predict, Speech, Detect","0.451451, 0.068937, 0.068625, 0.451245, 0.051238","31.941, 47.474, 47.305, 31.776, 32.427","54, 500, 500, 54, 500",286720,112640,/home/jyoti/Desktop/heterogeneous_edge/datasets/coco/images/val2017,/home/jyoti/Desktop/heterogeneous_edge/test-clean/LibriSpeech/test-clean/1580/141083,5909.6953125,"58.6, 70.5, 49.7, 45.8, 48.3, 58.0, 64.4, 58.8, 33.5, 21.3, 50.0, 50.6, 43.8, 34.5, 27.9, 33.8",16,95.1,2.556830157249467,15.366962432861328,16,11th Gen Intel(R) Core(TM) i7-11700 @ 2.50GHz,CPU
1,sppsp,1.1076391461481483,205.76602792739868,"Speech, Predict, Predict, Speech, Predict","0.449862, 0.068689, 0.068762, 0.451585, 0.068742","31.739, 47.341, 47.367, 31.839, 47.481","54, 500, 500, 54, 500",286720,112640,/home/jyoti/Desktop/heterogeneous_edge/datasets/coco/images/val2017,/home/jyoti/Desktop/heterogeneous_edge/test-clean/LibriSpeech/test-clean/1580/141083,5933.20703125,"51.3, 69.1, 67.9, 50.8, 62.0, 63.8, 56.7, 55.2, 42.0, 24.1, 31.3, 45.1, 30.5, 28.9, 36.2, 37.6",16,98.8,2.554751112759644,15.366962432861328,16,11th Gen Intel(R) Core(TM) i7-11700 @ 2.50GHz,CPU
1,sppds,1.090621008888889,192.43625044822693,"Speech, Predict, Predict, Detect, Speech","0.451631, 0.069395, 0.068661, 0.051466, 0.449469","32.184, 47.834, 47.410, 32.562, 32.446","54, 500, 500, 500, 54",286720,112640,/home/jyoti/Desktop/heterogeneous_edge/datasets/coco/images/val2017,/home/jyoti/Desktop/heterogeneous_edge/test-clean/LibriSpeech/test-clean/1580/141083,5987.6484375,"46.0, 67.3, 59.7, 51.2, 36.3, 55.7, 54.7, 52.0, 46.3, 25.0, 35.7, 48.5, 56.0, 36.3, 37.6, 40.5",16,82.5,2.5234752906976743,15.366962432861328,16,11th Gen Intel(R) Core(TM) i7-11700 @ 2.50GHz,CPU
1,sppdd,0.6889111498518519,191.22540926933289,"Speech, Predict, Predict, Detect, Detect","0.449306, 0.068700, 0.068635, 0.050501, 0.051769","31.747, 47.350, 47.374, 32.040, 32.714","54, 500, 500, 500, 500",286720,112640,/home/jyoti/Desktop/heterogeneous_edge/datasets/coco/images/val2017,/home/jyoti/Desktop/heterogeneous_edge/test-clean/LibriSpeech/test-clean/1580/141083,5886.0234375,"37.0, 74.7, 47.9, 55.4, 64.5, 51.6, 61.5, 59.2, 57.4, 20.4, 53.1, 43.1, 29.8, 43.5, 33.2, 36.1",16,91.8,2.583197805851064,15.366962432861328,16,11th Gen Intel(R) Core(TM) i7-11700 @ 2.50GHz,CPU
1,sppdp,0.7107791697777777,206.6937439441681,"Speech, Predict, Predict, Detect, Predict","0.453218, 0.068315, 0.068963, 0.051551, 0.068732","31.996, 47.132, 47.571, 32.584, 47.411","54, 500, 500, 500, 500",286720,112640,/home/jyoti/Desktop/heterogeneous_edge/datasets/coco/images/val2017,/home/jyoti/Desktop/heterogeneous_edge/test-clean/LibriSpeech/test-clean/1580/141083,5874.4140625,"49.1, 65.2, 60.0, 57.4, 64.9, 60.0, 51.7, 69.4, 46.3, 30.3, 39.3, 42.4, 30.0, 34.7, 43.4, 25.1",16,92.5,2.5661310900590553,15.366962432861328,16,11th Gen Intel(R) Core(TM) i7-11700 @ 2.50GHz,CPU
1,sppps,1.1065592975555556,206.24309659004211,"Speech, Predict, Predict, Predict, Speech","0.448704, 0.068604, 0.068874, 0.068735, 0.451642","32.237, 47.323, 47.419, 47.383, 31.880","54, 500, 500, 500, 54",286720,112640,/home/jyoti/Desktop/heterogeneous_edge/datasets/coco/images/val2017,/home/jyoti/Desktop/heterogeneous_edge/test-clean/LibriSpeech/test-clean/1580/141083,5913.109375,"37.6, 63.4, 49.8, 51.1, 65.4, 58.3, 48.6, 73.9, 55.2, 29.9, 47.2, 47.4, 27.5, 34.6, 44.4, 18.9",16,87.3,2.5383980750246793,15.366962432861328,16,11th Gen Intel(R) Core(TM) i7-11700 @ 2.50GHz,CPU
1,spppd,0.7083807382222221,207.030846118927,"Speech, Predict, Predict, Predict, Detect","0.450381, 0.068629, 0.068968, 0.068752, 0.051651","32.168, 47.298, 47.528, 47.401, 32.635","54, 500, 500, 500, 500",286720,112640,/home/jyoti/Desktop/heterogeneous_edge/datasets/coco/images/val2017,/home/jyoti/Desktop/heterogeneous_edge/test-clean/LibriSpeech/test-clean/1580/141083,5908.3828125,"30.0, 69.9, 50.6, 53.1, 59.7, 64.5, 63.0, 62.6, 65.6, 25.9, 50.7, 44.9, 36.1, 30.2, 32.7, 32.8",16,89.4,2.5706567109144545,15.366962432861328,16,11th Gen Intel(R) Core(TM) i7-11700 @ 2.50GHz,CPU
1,spppp,0.7250567182222223,221.9656617641449,"Speech, Predict, Predict, Predict, Predict","0.450297, 0.068576, 0.068879, 0.068686, 0.068619","32.226, 47.405, 47.515, 47.378, 47.442","54, 500, 500, 500, 500",286720,112640,/home/jyoti/Desktop/heterogeneous_edge/datasets/coco/images/val2017,/home/jyoti/Desktop/heterogeneous_edge/test-clean/LibriSpeech/test-clean/1580/141083,5895.7890625,"45.0, 70.2, 60.0, 64.0, 67.3, 59.7, 65.7, 70.8, 51.3, 25.3, 40.7, 34.4, 28.8, 36.0, 30.6, 25.3",16,98.8,2.5685221903669726,15.366962432861328,16,11th Gen Intel(R) Core(TM) i7-11700 @ 2.50GHz,CPU
1,dssss,1.855679507925926,159.24767780303955,"Detect, Speech, Speech, Speech, Speech","0.050757, 0.451579, 0.451312, 0.449970, 0.452062","32.185, 31.760, 31.811, 31.650, 31.841","500, 54, 54, 54, 54",286720,112640,/home/jyoti/Desktop/heterogeneous_edge/datasets/coco/images/val2017,/home/jyoti/Desktop/heterogeneous_edge/test-clean/LibriSpeech/test-clean/1580/141083,5991.2109375,"46.9, 64.3, 58.0, 48.6, 47.7, 49.3, 61.6, 45.5, 36.9, 19.6, 34.4, 42.3, 36.7, 35.1, 22.3, 39.1",16,95.0,2.4386661877394635,15.366962432861328,16,11th Gen Intel(R) Core(TM) i7-11700 @ 2.50GHz,CPU
1,dsssd,1.456207257925926,161.08354926109314,"Detect, Speech, Speech, Speech, Detect","0.051103, 0.452188, 0.449873, 0.451608, 0.051436","32.415, 32.237, 32.075, 31.820, 32.537","500, 54, 54, 54, 500",286720,112640,/home/jyoti/Desktop/heterogeneous_edge/datasets/coco/images/val2017,/home/jyoti/Desktop/heterogeneous_edge/test-clean/LibriSpeech/test-clean/1580/141083,5943.55859375,"55.1, 69.0, 46.2, 54.8, 47.7, 49.4, 58.9, 60.8, 31.9, 17.0, 46.8, 40.1, 39.4, 36.5, 27.6, 25.7",16,88.9,2.4698840636822195,15.366962432861328,16,11th Gen Intel(R) Core(TM) i7-11700 @ 2.50GHz,CPU
1,dsssp,1.4729365863703703,175.5821259021759,"Detect, Speech, Speech, Speech, Predict","0.051484, 0.453405, 0.450306, 0.449063, 0.068680","32.551, 31.865, 32.161, 31.670, 47.335","500, 54, 54, 54, 500",286720,112640,/home/jyoti/Desktop/heterogeneous_edge/datasets/coco/images/val2017,/home/jyoti/Desktop/heterogeneous_edge/test-clean/LibriSpeech/test-clean/1580/141083,5897.46875,"41.6, 66.6, 56.7, 46.4, 50.1, 56.2, 55.7, 69.2, 46.8, 21.4, 40.1, 45.2, 38.7, 32.3, 32.9, 19.6",16,93.9,2.4705764774044034,15.366962432861328,16,11th Gen Intel(R) Core(TM) i7-11700 @ 2.50GHz,CPU
1,dssds,1.4536410631851853,161.68073344230652,"Detect, Speech, Speech, Detect, Speech","0.051562, 0.450355, 0.447643, 0.051529, 0.452552","32.619, 31.767, 32.844, 32.594, 31.857","500, 54, 54, 500, 54",286720,112640,/home/jyoti/Desktop/heterogeneous_edge/datasets/coco/images/val2017,/home/jyoti/Desktop/heterogeneous_edge/test-clean/LibriSpeech/test-clean/1580/141083,5920.31640625,"51.7, 63.0, 65.4, 57.7, 56.4, 39.8, 68.2, 59.7, 34.7, 23.9, 29.5, 33.0, 29.7, 46.8, 17.4, 25.8",16,88.6,2.464857468553459,15.366962432861328,16,11th Gen Intel(R) Core(TM) i7-11700 @ 2.50GHz,CPU
1,dssdd,1.0550214751111109,161.8073525428772,"Detect, Speech, Speech, Detect, Detect","0.051786, 0.450093, 0.450848, 0.050810, 0.051484","32.735, 32.142, 32.187, 32.207, 32.537","500, 54, 54, 500, 500",286720,112640,/home/jyoti/Desktop/heterogeneous_edge/datasets/coco/images/val2017,/home/jyoti/Desktop/heterogeneous_edge/test-clean/LibriSpeech/test-clean/1580/141083,5901.65234375,"42.8, 66.7, 58.7, 47.4, 66.5, 61.1, 67.2, 56.5, 47.0, 22.5, 39.5, 46.0, 22.9, 28.2, 22.1, 33.4",16,81.7,2.5222547110552767,15.366962432861328,16,11th Gen Intel(R) Core(TM) i7-11700 @ 2.50GHz,CPU
1,dssdp,1.0810239434074074,176.67406702041626,"Detect, Speech, Speech, Detect, Predict","0.051686, 0.458929, 0.450138, 0.051581, 0.068690","32.690, 32.250, 31.705, 32.616, 47.412","500, 54, 54, 500, 500",286720,112640,/home/jyoti/Desktop/heterogeneous_edge/datasets/coco/images/val2017,/home/jyoti/Desktop/heterogeneous_edge/test-clean/LibriSpeech/test-clean/1580/141083,6227.83203125,"47.6, 76.6, 55.3, 54.8, 67.1, 40.2, 65.8, 66.1, 46.9, 15.9, 44.2, 41.6, 24.5, 52.1, 26.6, 26.3",16,89.7,2.536450373993096,15.366962432861328,16,11th Gen Intel(R) Core(TM) i7-11700 @ 2.50GHz,CPU
1,dssps,1.4724820592592593,175.57929396629333,"Detect, Speech, Speech, Predict, Speech","0.051430, 0.451598, 0.450258, 0.068570, 0.450625","32.552, 31.802, 31.754, 47.298, 32.174","500, 54, 54, 500, 54",286720,112640,/home/jyoti/Desktop/heterogeneous_edge/datasets/coco/images/val2017,/home/jyoti/Desktop/heterogeneous_edge/test-clean/LibriSpeech/test-clean/1580/141083,5909.59375,"45.4, 67.0, 63.1, 62.3, 62.4, 43.3, 55.5, 51.2, 43.0, 21.8, 32.5, 30.1, 25.6, 44.0, 33.1, 37.7",16,88.9,2.4887568076477407,15.366962432861328,16,11th Gen Intel(R) Core(TM) i7-11700 @ 2.50GHz,CPU
1,dsspd,1.074739007037037,176.1208794116974,"Detect, Speech, Speech, Predict, Detect","0.051316, 0.453241, 0.450085, 0.068954, 0.051143","32.490, 32.017, 31.726, 47.492, 32.395","500, 54, 54, 500, 500",286720,112640,/home/jyoti/Desktop/heterogeneous_edge/datasets/coco/images/val2017,/home/jyoti/Desktop/heterogeneous_edge/test-clean/LibriSpeech/test-clean/1580/141083,5905.40234375,"39.7, 77.2, 55.6, 43.6, 56.7, 49.5, 61.3, 55.7, 51.2, 13.1, 42.2, 50.0, 34.5, 41.6, 29.7, 35.5",16,93.8,2.5261719110854504,15.366962432861328,16,11th Gen Intel(R) Core(TM) i7-11700 @ 2.50GHz,CPU
1,dsspp,1.0907392926666668,191.59989523887634,"Detect, Speech, Speech, Predict, Predict","0.051976, 0.452719, 0.448560, 0.068655, 0.068830","32.853, 31.874, 31.991, 47.429, 47.452","500, 54, 54, 500, 500",286720,112640,/home/jyoti/Desktop/heterogeneous_edge/datasets/coco/images/val2017,/home/jyoti/Desktop/heterogeneous_edge/test-clean/LibriSpeech/test-clean/1580/141083,5893.65234375,"50.5, 78.5, 57.6, 61.8, 60.3, 61.3, 68.8, 73.0, 41.3, 13.7, 39.8, 34.9, 31.9, 31.3, 23.4, 19.2",16,97.6,2.5535341029723995,15.366962432861328,16,11th Gen Intel(R) Core(TM) i7-11700 @ 2.50GHz,CPU
1,dsdss,1.4672883368888887,162.0410475730896,"Detect, Speech, Detect, Speech, Speech","0.051407, 0.451965, 0.051724, 0.452940, 0.459252","32.542, 31.853, 32.667, 31.885, 33.094","500, 54, 500, 54, 54",286720,112640,/home/jyoti/Desktop/heterogeneous_edge/datasets/coco/images/val2017,/home/jyoti/Desktop/heterogeneous_edge/test-clean/LibriSpeech/test-clean/1580/141083,6073.484375,"47.2, 73.3, 53.9, 62.2, 57.4, 62.3, 58.8, 61.2, 40.2, 16.5, 42.6, 31.8, 30.2, 26.3, 30.2, 25.7",16,88.9,2.4831435853199495,15.366962432861328,16,11th Gen Intel(R) Core(TM) i7-11700 @ 2.50GHz,CPU
1,dsdsd,1.058656304074074,163.22308611869812,"Detect, Speech, Detect, Speech, Detect","0.051560, 0.450227, 0.052332, 0.453013, 0.051524","32.713, 32.599, 33.007, 32.306, 32.598","500, 54, 500, 54, 500",286720,112640,/home/jyoti/Desktop/heterogeneous_edge/datasets/coco/images/val2017,/home/jyoti/Desktop/heterogeneous_edge/test-clean/LibriSpeech/test-clean/1580/141083,5914.36328125,"50.5, 75.8, 61.2, 57.3, 47.6, 65.1, 58.4, 54.2, 39.0, 14.6, 33.2, 39.8, 43.1, 26.3, 31.4, 35.4",16,75.9,2.513204701120797,15.366962432861328,16,11th Gen Intel(R) Core(TM) i7-11700 @ 2.50GHz,CPU
1,dsdsp,1.080798051925926,177.06369042396545,"Detect, Speech, Detect, Speech, Predict","0.051574, 0.453107, 0.051461, 0.455864, 0.068792","32.625, 31.878, 32.560, 32.623, 47.379","500, 54, 500, 54, 500",286720,112640,/home/jyoti/Desktop/heterogeneous_edge/datasets/coco/images/val2017,/home/jyoti/Desktop/heterogeneous_edge/test-clean/LibriSpeech/test-clean/1580/141083,6158.26953125,"55.2, 73.8, 57.8, 54.0, 56.4, 65.4, 60.8, 64.1, 36.5, 17.4, 39.7, 42.1, 34.7, 25.3, 30.3, 28.0",16,82.1,2.5036548507462686,15.366962432861328,16,11th Gen Intel(R) Core(TM) i7-11700 @ 2.50GHz,CPU
1,dsdds,1.0545906912592593,161.24143147468567,"Detect, Speech, Detect, Detect, Speech","0.051427, 0.451157, 0.051228, 0.051158, 0.449620","32.561, 31.741, 32.430, 32.412, 32.098","500, 54, 500, 500, 54",286720,112640,/home/jyoti/Desktop/heterogeneous_edge/datasets/coco/images/val2017,/home/jyoti/Desktop/heterogeneous_edge/test-clean/LibriSpeech/test-clean/1580/141083,6031.375,"43.9, 69.8, 53.0, 52.0, 41.4, 74.2, 65.1, 65.2, 46.1, 19.7, 41.6, 45.3, 48.1, 15.2, 24.3, 23.7",16,79.5,2.516530069269521,15.366962432861328,16,11th Gen Intel(R) Core(TM) i7-11700 @ 2.50GHz,CPU
1,dsddd,0.656785219925926,161.62510299682617,"Detect, Speech, Detect, Detect, Detect","0.051147, 0.451611, 0.051178, 0.051194, 0.051656","32.414, 31.773, 32.401, 32.408, 32.629","500, 54, 500, 500, 500",286720,112640,/home/jyoti/Desktop/heterogeneous_edge/datasets/coco/images/val2017,/home/jyoti/Desktop/heterogeneous_edge/test-clean/LibriSpeech/test-clean/1580/141083,5858.09765625,"52.4, 78.3, 56.4, 46.2, 38.5, 77.2, 71.6, 68.0, 39.3, 12.8, 40.9, 49.7, 52.9, 13.9, 19.2, 22.8",16,83.5,2.5517078360552765,15.366962432861328,16,11th Gen Intel(R) Core(TM) i7-11700 @ 2.50GHz,CPU
1,dsddp,0.674682706,176.41653537750244,"Detect, Speech, Detect, Detect, Predict","0.050809, 0.452470, 0.051201, 0.051536, 0.068667","32.257, 31.802, 32.410, 32.584, 47.364","500, 54, 500, 500, 500",286720,112640,/home/jyoti/Desktop/heterogeneous_edge/datasets/coco/images/val2017,/home/jyoti/Desktop/heterogeneous_edge/test-clean/LibriSpeech/test-clean/1580/141083,5888.34765625,"42.9, 74.3, 58.5, 43.1, 45.9, 58.0, 65.6, 69.6, 51.3, 19.5, 41.0, 54.5, 47.4, 35.0, 29.3, 23.8",16,65.4,2.5449486607142857,15.366962432861328,16,11th Gen Intel(R) Core(TM) i7-11700 @ 2.50GHz,CPU
1,dsdps,1.0700321274074074,176.13870787620544,"Detect, Speech, Detect, Predict, Speech","0.051503, 0.450058, 0.050552, 0.068831, 0.449088","32.623, 32.058, 32.059, 47.362, 32.037","500, 54, 500, 500, 54",286720,112640,/home/jyoti/Desktop/heterogeneous_edge/datasets/coco/images/val2017,/home/jyoti/Desktop/heterogeneous_edge/test-clean/LibriSpeech/test-clean/1580/141083,5898.33203125,"36.8, 69.7, 60.7, 58.4, 45.8, 51.2, 63.8, 60.8, 53.9, 20.9, 38.4, 36.5, 44.7, 40.2, 27.1, 30.1",16,93.8,2.511373628752887,15.366962432861328,16,11th Gen Intel(R) Core(TM) i7-11700 @ 2.50GHz,CPU
1,dsdpd,0.673256461111111,176.95783686637878,"Detect, Speech, Detect, Predict, Detect","0.051538, 0.450125, 0.050835, 0.068827, 0.051931","32.615, 31.845, 32.257, 47.462, 32.780","500, 54, 500, 500, 500",286720,112640,/home/jyoti/Desktop/heterogeneous_edge/datasets/coco/images/val2017,/home/jyoti/Desktop/heterogeneous_edge/test-clean/LibriSpeech/test-clean/1580/141083,5930.28125,"34.6, 77.2, 56.1, 51.0, 52.2, 47.9, 62.2, 62.6, 58.9, 17.5, 43.6, 46.4, 41.7, 45.8, 31.0, 31.1",16,86.1,2.5568493111366246,15.366962432861328,16,11th Gen Intel(R) Core(TM) i7-11700 @ 2.50GHz,CPU
1,dsdpp,0.6912505574814813,191.8455469608307,"Detect, Speech, Detect, Predict, Predict","0.051626, 0.450661, 0.051266, 0.068985, 0.068712","32.689, 31.696, 32.454, 47.594, 47.413","500, 54, 500, 500, 500",286720,112640,/home/jyoti/Desktop/heterogeneous_edge/datasets/coco/images/val2017,/home/jyoti/Desktop/heterogeneous_edge/test-clean/LibriSpeech/test-clean/1580/141083,5871.015625,"49.1, 80.0, 51.3, 58.6, 54.5, 43.9, 68.4, 73.7, 46.5, 15.0, 50.8, 39.2, 40.6, 50.7, 27.0, 20.7",16,94.9,2.5748447110286325,15.366962432861328,16,11th Gen Intel(R) Core(TM) i7-11700 @ 2.50GHz,CPU
1,dspss,1.4734348597037035,176.4045114517212,"Detect, Speech, Predict, Speech, Speech","0.051199, 0.451652, 0.068682, 0.451599, 0.450302","32.440, 32.279, 47.338, 32.601, 31.746","500, 54, 500, 54, 54",286720,112640,/home/jyoti/Desktop/heterogeneous_edge/datasets/coco/images/val2017,/home/jyoti/Desktop/heterogeneous_edge/test-clean/LibriSpeech/test-clean/1580/141083,5932.3125,"44.3, 76.5, 51.1, 52.8, 55.6, 44.9, 50.3, 75.7, 44.5, 11.4, 41.4, 43.4, 32.9, 42.8, 37.5, 12.5",16,98.9,2.479892301038062,15.366962432861328,16,11th Gen Intel(R) Core(TM) i7-11700 @ 2.50GHz,CPU
1,dspsd,1.0760103600000002,176.14673852920532,"Detect, Speech, Predict, Speech, Detect","0.051279, 0.452216, 0.068663, 0.452434, 0.051419","32.488, 31.960, 47.303, 31.855, 32.541","500, 54, 500, 54, 500",286720,112640,/home/jyoti/Desktop/heterogeneous_edge/datasets/coco/images/val2017,/home/jyoti/Desktop/heterogeneous_edge/test-clean/LibriSpeech/test-clean/1580/141083,5929.0625,"38.3, 71.4, 61.6, 47.4, 57.7, 49.9, 61.2, 70.8, 53.8, 18.9, 35.8, 49.3, 32.9, 41.6, 30.3, 20.7",16,75.3,2.534823686489607,15.366962432861328,16,11th Gen Intel(R) Core(TM) i7-11700 @ 2.50GHz,CPU
1,dspsp,1.0912904252592595,191.12532472610474,"Detect, Speech, Predict, Speech, Predict","0.051366, 0.450716, 0.068865, 0.451740, 0.068604","32.527, 31.894, 47.542, 31.900, 47.262","500, 54, 500, 54, 500",286720,112640,/home/jyoti/Desktop/heterogeneous_edge/datasets/coco/images/val2017,/home/jyoti/Desktop/heterogeneous_edge/test-clean/LibriSpeech/test-clean/1580/141083,5942.453125,"44.8, 69.2, 58.9, 43.8, 62.0, 48.5, 68.1, 76.8, 48.3, 23.1, 38.9, 52.6, 30.2, 43.5, 23.6, 14.6",16,87.5,2.536933572949947,15.366962432861328,16,11th Gen Intel(R) Core(TM) i7-11700 @ 2.50GHz,CPU
1,dspds,1.0749182765185186,176.235271692276,"Detect, Speech, Predict, Detect, Speech","0.051647, 0.451346, 0.068711, 0.051607, 0.451607","32.667, 31.805, 47.300, 32.617, 31.846","500, 54, 500, 500, 54",286720,112640,/home/jyoti/Desktop/heterogeneous_edge/datasets/coco/images/val2017,/home/jyoti/Desktop/heterogeneous_edge/test-clean/LibriSpeech/test-clean/1580/141083,5988.1328125,"49.5, 70.8, 53.6, 54.9, 62.2, 26.8, 55.5, 73.6, 42.4, 20.3, 43.3, 42.7, 29.5, 63.9, 36.7, 17.9",16,82.3,2.547708261245675,15.366962432861328,16,11th Gen Intel(R) Core(TM) i7-11700 @ 2.50GHz,CPU
1,dspdd,0.6727550977037037,175.85040092468262,"Detect, Speech, Predict, Detect, Detect","0.050370, 0.451472, 0.068617, 0.050832, 0.051464","31.982, 31.781, 47.307, 32.228, 32.553","500, 54, 500, 500, 500",286720,112640,/home/jyoti/Desktop/heterogeneous_edge/datasets/coco/images/val2017,/home/jyoti/Desktop/heterogeneous_edge/test-clean/LibriSpeech/test-clean/1580/141083,5915.140625,"49.9, 81.0, 57.8, 52.8, 64.7, 52.8, 67.9, 68.4, 44.3, 12.8, 39.7, 48.0, 29.7, 41.3, 26.6, 26.0",16,91.5,2.5351014450867053,15.366962432861328,16,11th Gen Intel(R) Core(TM) i7-11700 @ 2.50GHz,CPU
1,dspdp,0.6923196328148149,191.34088611602783,"Detect, Speech, Predict, Detect, Predict","0.050854, 0.452832, 0.068561, 0.051267, 0.068806","32.267, 31.938, 47.293, 32.456, 47.387","500, 54, 500, 500, 500",286720,112640,/home/jyoti/Desktop/heterogeneous_edge/datasets/coco/images/val2017,/home/jyoti/Desktop/heterogeneous_edge/test-clean/LibriSpeech/test-clean/1580/141083,5902.375,"61.4, 75.7, 60.1, 46.0, 57.0, 60.0, 65.1, 53.3, 32.4, 18.2, 39.0, 53.6, 36.7, 34.7, 29.1, 40.6",16,75.3,2.581624202975558,15.366962432861328,16,11th Gen Intel(R) Core(TM) i7-11700 @ 2.50GHz,CPU
1,dspps,1.0933893831851853,191.19977283477783,"Detect, Speech, Predict, Predict, Speech","0.050861, 0.453382, 0.069149, 0.068598, 0.451399","32.276, 31.837, 47.594, 47.372, 32.120","500, 54, 500, 500, 54",286720,112640,/home/jyoti/Desktop/heterogeneous_edge/datasets/coco/images/val2017,/home/jyoti/Desktop/heterogeneous_edge/test-clean/LibriSpeech/test-clean/1580/141083,5942.5546875,"56.4, 72.7, 71.2, 60.3, 53.1, 49.5, 63.0, 58.2, 35.9, 19.1, 25.4, 36.3, 38.6, 42.2, 28.6, 33.7",16,96.3,2.535637566489362,15.366962432861328,16,11th Gen Intel(R) Core(TM) i7-11700 @ 2.50GHz,CPU
1,dsppd,0.6927534741481481,191.7777554988861,"Detect, Speech, Predict, Predict, Detect","0.051556, 0.452111, 0.068639, 0.068972, 0.051475","32.631, 31.846, 47.245, 47.496, 32.561","500, 54, 500, 500, 500",286720,112640,/home/jyoti/Desktop/heterogeneous_edge/datasets/coco/images/val2017,/home/jyoti/Desktop/heterogeneous_edge/test-clean/LibriSpeech/test-clean/1580/141083,5963.26953125,"49.3, 79.3, 63.3, 51.3, 68.6, 47.3, 79.1, 53.7, 44.6, 14.9, 36.0, 46.9, 26.6, 47.7, 15.5, 40.8",16,96.3,2.579078804347826,15.366962432861328,16,11th Gen Intel(R) Core(TM) i7-11700 @ 2.50GHz,CPU
1,dsppp,0.7079805674814815,207.0455391407013,"Detect, Speech, Predict, Predict, Predict","0.051473, 0.450107, 0.068729, 0.068883, 0.068788","32.594, 32.157, 47.389, 47.483, 47.423","500, 54, 500, 500, 500",286720,112640,/home/jyoti/Desktop/heterogeneous_edge/datasets/coco/images/val2017,/home/jyoti/Desktop/heterogeneous_edge/test-clean/LibriSpeech/test-clean/1580/141083,5904.7890625,"42.8, 74.3, 59.5, 53.7, 61.9, 51.8, 76.2, 58.9, 51.7, 20.5, 40.9, 44.0, 32.9, 43.5, 18.4, 35.6",16,78.0,2.5742217583497053,15.366962432861328,16,11th Gen Intel(R) Core(TM) i7-11700 @ 2.50GHz,CPU
1,ddsss,1.460621049037037,162.03421783447266,"Detect, Detect, Speech, Speech, Speech","0.051411, 0.051301, 0.449204, 0.458147, 0.450558","32.546, 32.458, 32.624, 32.565, 31.841","500, 500, 54, 54, 54",286720,112640,/home/jyoti/Desktop/heterogeneous_edge/datasets/coco/images/val2017,/home/jyoti/Desktop/heterogeneous_edge/test-clean/LibriSpeech/test-clean/1580/141083,6220.43359375,"42.1, 70.1, 53.8, 45.4, 62.4, 61.6, 64.5, 56.1, 45.2, 16.9, 41.1, 47.1, 24.5, 25.2, 23.2, 30.7",16,85.2,2.479113001882058,15.366962432861328,16,11th Gen Intel(R) Core(TM) i7-11700 @ 2.50GHz,CPU
1,ddssd,1.0562522937777776,160.97155928611755,"Detect, Detect, Speech, Speech, Detect","0.051436, 0.051483, 0.451898, 0.450335, 0.051099","32.572, 32.551, 31.773, 31.716, 32.360","500, 500, 54, 54, 500",286720,112640,/home/jyoti/Desktop/heterogeneous_edge/datasets/coco/images/val2017,/home/jyoti/Desktop/heterogeneous_edge/test-clean/LibriSpeech/test-clean/1580/141083,5877.96484375,"44.4, 70.7, 54.5, 48.7, 60.8, 56.4, 74.6, 57.9, 46.0, 19.7, 41.8, 47.4, 29.7, 33.9, 15.5, 33.9",16,77.2,2.4914591224747475,15.366962432861328,16,11th Gen Intel(R) Core(TM) i7-11700 @ 2.50GHz,CPU
1,ddssp,1.0712476937037037,176.65866613388062,"Detect, Detect, Speech, Speech, Predict","0.051103, 0.051493, 0.450661, 0.449297, 0.068694","32.405, 32.579, 32.198, 32.087, 47.390","500, 500, 54, 54, 500",286720,112640,/home/jyoti/Desktop/heterogeneous_edge/datasets/coco/images/val2017,/home/jyoti/Desktop/heterogeneous_edge/test-clean/LibriSpeech/test-clean/1580/141083,5902.67578125,"46.8, 69.6, 35.8, 53.0, 61.1, 61.8, 56.9, 67.4, 44.5, 21.2, 60.9, 43.5, 29.4, 29.3, 34.8, 24.5",16,90.1,2.487119318181818,15.366962432861328,16,11th Gen Intel(R) Core(TM) i7-11700 @ 2.50GHz,CPU
1,ddsds,1.0580590148888889,162.40213298797607,"Detect, Detect, Speech, Detect, Speech","0.051988, 0.051561, 0.452260, 0.051498, 0.450752","32.869, 32.612, 32.220, 32.579, 32.122","500, 500, 54, 500, 54",286720,112640,/home/jyoti/Desktop/heterogeneous_edge/datasets/coco/images/val2017,/home/jyoti/Desktop/heterogeneous_edge/test-clean/LibriSpeech/test-clean/1580/141083,5947.33203125,"33.8, 70.4, 52.8, 50.8, 63.0, 50.7, 67.2, 68.5, 56.4, 19.5, 47.1, 42.4, 28.3, 39.8, 23.2, 23.4",16,77.8,2.510836357947434,15.366962432861328,16,11th Gen Intel(R) Core(TM) i7-11700 @ 2.50GHz,CPU
1,ddsdd,0.656164964,161.55165100097656,"Detect, Detect, Speech, Detect, Detect","0.051152, 0.050690, 0.451407, 0.051289, 0.051627","32.478, 32.171, 31.816, 32.452, 32.634","500, 500, 54, 500, 500",286720,112640,/home/jyoti/Desktop/heterogeneous_edge/datasets/coco/images/val2017,/home/jyoti/Desktop/heterogeneous_edge/test-clean/LibriSpeech/test-clean/1580/141083,5849.15625,"49.2, 70.4, 62.6, 39.8, 65.2, 60.7, 73.3, 66.3, 43.7, 22.6, 35.2, 57.1, 28.3, 32.1, 18.8, 26.6",16,88.9,2.5579318396226416,15.366962432861328,16,11th Gen Intel(R) Core(TM) i7-11700 @ 2.50GHz,CPU
1,ddsdp,0.6733529067407407,176.82705640792847,"Detect, Detect, Speech, Detect, Predict","0.051316, 0.051476, 0.450147, 0.051482, 0.068932","32.492, 32.566, 31.767, 32.548, 47.454","500, 500, 54, 500, 500",286720,112640,/home/jyoti/Desktop/heterogeneous_edge/datasets/coco/images/val2017,/home/jyoti/Desktop/heterogeneous_edge/test-clean/LibriSpeech/test-clean/1580/141083,5886.109375,"59.5, 76.2, 57.2, 70.1, 73.2, 54.0, 72.0, 61.1, 34.9, 17.4, 42.4, 27.5, 20.7, 39.9, 21.0, 32.8",16,85.2,2.5856517241379313,15.366962432861328,16,11th Gen Intel(R) Core(TM) i7-11700 @ 2.50GHz,CPU
1,ddsps,1.0711778715555555,175.7151231765747,"Detect, Detect, Speech, Predict, Speech","0.050781, 0.050849, 0.450118, 0.068713, 0.450718","32.257, 32.224, 32.185, 47.248, 31.801","500, 500, 54, 500, 54",286720,112640,/home/jyoti/Desktop/heterogeneous_edge/datasets/coco/images/val2017,/home/jyoti/Desktop/heterogeneous_edge/test-clean/LibriSpeech/test-clean/1580/141083,5885.359375,"49.7, 70.0, 70.6, 58.1, 62.8, 47.2, 74.2, 51.5, 41.3, 20.3, 25.4, 38.0, 27.6, 43.8, 16.0, 39.1",16,88.7,2.5199242621527778,15.366962432861328,16,11th Gen Intel(R) Core(TM) i7-11700 @ 2.50GHz,CPU
1,ddspd,0.6742516269629629,177.31114506721497,"Detect, Detect, Speech, Predict, Detect","0.051745, 0.051460, 0.450303, 0.068811, 0.051932","32.739, 32.559, 31.773, 47.442, 32.798","500, 500, 54, 500, 500",286720,112640,/home/jyoti/Desktop/heterogeneous_edge/datasets/coco/images/val2017,/home/jyoti/Desktop/heterogeneous_edge/test-clean/LibriSpeech/test-clean/1580/141083,5867.578125,"50.8, 77.9, 65.7, 59.1, 76.8, 63.3, 75.2, 67.6, 43.2, 16.2, 31.2, 41.6, 16.8, 31.6, 18.9, 27.5",16,91.4,2.5657384736540663,15.366962432861328,16,11th Gen Intel(R) Core(TM) i7-11700 @ 2.50GHz,CPU
1,ddspp,0.6889594301481482,191.56753730773926,"Detect, Detect, Speech, Predict, Predict","0.051236, 0.050517, 0.449987, 0.068501, 0.068719","32.491, 32.063, 32.354, 47.238, 47.422","500, 500, 54, 500, 500",286720,112640,/home/jyoti/Desktop/heterogeneous_edge/datasets/coco/images/val2017,/home/jyoti/Desktop/heterogeneous_edge/test-clean/LibriSpeech/test-clean/1580/141083,5890.6953125,"41.4, 72.4, 61.6, 46.9, 69.6, 72.7, 75.2, 75.2, 53.7, 22.6, 40.1, 50.7, 24.9, 21.1, 18.4, 19.3",16,75.9,2.57075099522293,15.366962432861328,16,11th Gen Intel(R) Core(TM) i7-11700 @ 2.50GHz,CPU
1,dddss,1.0581585360740742,161.2957878112793,"Detect, Detect, Detect, Speech, Speech","0.051680, 0.051208, 0.051312, 0.452356, 0.451602","32.673, 32.450, 32.500, 31.830, 31.842","500, 500, 500, 54, 54",286720,112640,/home/jyoti/Desktop/heterogeneous_edge/datasets/coco/images/val2017,/home/jyoti/Desktop/heterogeneous_edge/test-clean/LibriSpeech/test-clean/1580/141083,5893.2890625,"57.0, 65.9, 40.1, 58.4, 65.1, 51.5, 68.9, 72.8, 33.5, 23.1, 58.0, 36.7, 24.3, 39.1, 21.3, 17.1",16,93.0,2.5563628778337533,15.366962432861328,16,11th Gen Intel(R) Core(TM) i7-11700 @ 2.50GHz,CPU
1,dddsd,0.6573014279999999,162.11469340324402,"Detect, Detect, Detect, Speech, Detect","0.051350, 0.051522, 0.051473, 0.452097, 0.050859","32.515, 32.591, 32.534, 32.249, 32.225","500, 500, 500, 54, 500",286720,112640,/home/jyoti/Desktop/heterogeneous_edge/datasets/coco/images/val2017,/home/jyoti/Desktop/heterogeneous_edge/test-clean/LibriSpeech/test-clean/1580/141083,5994.625,"49.5, 71.6, 52.6, 49.4, 72.2, 60.1, 75.1, 72.6, 41.7, 19.8, 47.3, 43.3, 18.4, 31.0, 16.3, 18.9",16,83.5,2.562885025062657,15.366962432861328,16,11th Gen Intel(R) Core(TM) i7-11700 @ 2.50GHz,CPU
1,dddsp,0.6751184857777779,177.21275329589844,"Detect, Detect, Detect, Speech, Predict","0.051412, 0.051494, 0.051801, 0.451706, 0.068706","32.566, 32.615, 32.739, 31.836, 47.457","500, 500, 500, 54, 500",286720,112640,/home/jyoti/Desktop/heterogeneous_edge/datasets/coco/images/val2017,/home/jyoti/Desktop/heterogeneous_edge/test-clean/LibriSpeech/test-clean/1580/141083,5924.515625,"59.7, 75.0, 35.8, 57.5, 74.7, 59.1, 68.0, 59.5, 34.8, 19.4, 63.7, 41.7, 20.2, 35.6, 26.2, 35.2",16,93.8,2.5464000860091747,15.366962432861328,16,11th Gen Intel(R) Core(TM) i7-11700 @ 2.50GHz,CPU
1,dddds,0.6566457453333333,162.28335881233215,"Detect, Detect, Detect, Detect, Speech","0.051866, 0.051337, 0.051708, 0.051294, 0.450441","32.823, 32.508, 32.710, 32.519, 31.724","500, 500, 500, 500, 54",286720,112640,/home/jyoti/Desktop/heterogeneous_edge/datasets/coco/images/val2017,/home/jyoti/Desktop/heterogeneous_edge/test-clean/LibriSpeech/test-clean/1580/141083,5900.03125,"48.9, 74.7, 45.5, 54.8, 74.3, 59.1, 71.3, 69.6, 43.1, 17.7, 54.9, 40.5, 18.3, 32.9, 21.1, 22.5",16,90.2,2.604996636420526,15.366962432861328,16,11th Gen Intel(R) Core(TM) i7-11700 @ 2.50GHz,CPU
1,ddddd,0.256620748,162.37583112716675,"Detect, Detect, Detect, Detect, Detect","0.051225, 0.051509, 0.050972, 0.051687, 0.051227","32.439, 32.549, 32.305, 32.657, 32.426","500, 500, 500, 500, 500",286720,,/home/jyoti/Desktop/heterogeneous_edge/datasets/coco/images/val2017,/home/jyoti/Desktop/heterogeneous_edge/test-clean/LibriSpeech/test-clean/1580/141083,4420.09375,"52.0, 76.4, 40.4, 67.0, 73.6, 49.8, 64.3, 67.1, 46.0, 19.4, 61.1, 33.0, 22.6, 46.7, 31.3, 28.4",16,87.3,2.62086,15.366962432861328,16,11th Gen Intel(R) Core(TM) i7-11700 @ 2.50GHz,CPU
1,ddddp,0.274569316,177.6073899269104,"Detect, Detect, Detect, Detect, Predict","0.051490, 0.051311, 0.051416, 0.051230, 0.069123","32.600, 32.481, 32.516, 32.432, 47.578","500, 500, 500, 500, 500",286720,,/home/jyoti/Desktop/heterogeneous_edge/datasets/coco/images/val2017,/home/jyoti/Desktop/heterogeneous_edge/test-clean/LibriSpeech/test-clean/1580/141083,4525.6796875,"40.0, 73.2, 63.9, 53.0, 65.8, 52.8, 65.9, 71.8, 57.9, 24.4, 38.0, 49.3, 32.1, 44.3, 30.5, 25.2",16,93.8,2.6084219107551485,15.366962432861328,16,11th Gen Intel(R) Core(TM) i7-11700 @ 2.50GHz,CPU
1,dddps,0.6739377085185185,176.48999452590942,"Detect, Detect, Detect, Predict, Speech","0.051513, 0.051300, 0.050979, 0.068670, 0.451475","32.594, 32.461, 32.302, 47.335, 31.797","500, 500, 500, 500, 54",286720,112640,/home/jyoti/Desktop/heterogeneous_edge/datasets/coco/images/val2017,/home/jyoti/Desktop/heterogeneous_edge/test-clean/LibriSpeech/test-clean/1580/141083,5970.16796875,"30.4, 81.9, 54.8, 55.6, 66.5, 70.4, 70.4, 68.2, 62.9, 11.2, 43.9, 42.9, 27.2, 23.4, 23.3, 26.1",16,87.5,2.5915731566820277,15.366962432861328,16,11th Gen Intel(R) Core(TM) i7-11700 @ 2.50GHz,CPU
1,dddpd,0.274418708,177.48319482803345,"Detect, Detect, Detect, Predict, Detect","0.051403, 0.051500, 0.051377, 0.068686, 0.051453","32.546, 32.609, 32.494, 47.292, 32.542","500, 500, 500, 500, 500",286720,,/home/jyoti/Desktop/heterogeneous_edge/datasets/coco/images/val2017,/home/jyoti/Desktop/heterogeneous_edge/test-clean/LibriSpeech/test-clean/1580/141083,4503.19921875,"45.9, 76.5, 54.4, 58.0, 55.1, 53.7, 59.3, 70.2, 50.4, 19.7, 45.8, 43.2, 41.0, 42.6, 37.0, 26.1",16,92.6,2.605847540045767,15.366962432861328,16,11th Gen Intel(R) Core(TM) i7-11700 @ 2.50GHz,CPU
1,dddpp,0.2906256,191.94771766662598,"Detect, Detect, Detect, Predict, Predict","0.050492, 0.051207, 0.051420, 0.068814, 0.068693","32.075, 32.408, 32.529, 47.483, 47.453","500, 500, 500, 500, 500",286720,,/home/jyoti/Desktop/heterogeneous_edge/datasets/coco/images/val2017,/home/jyoti/Desktop/heterogeneous_edge/test-clean/LibriSpeech/test-clean/1580/141083,4660.22265625,"44.7, 77.1, 63.6, 51.2, 63.8, 64.8, 58.6, 74.5, 52.6, 20.0, 36.9, 49.9, 33.1, 31.7, 40.2, 22.3",16,95.2,2.6213144862288136,15.366962432861328,16,11th Gen Intel(R) Core(TM) i7-11700 @ 2.50GHz,CPU
1,ddpss,1.0749978064444445,176.4915587902069,"Detect, Detect, Predict, Speech, Speech","0.051602, 0.051456, 0.068525, 0.452575, 0.450839","32.628, 32.560, 47.261, 32.321, 31.722","500, 500, 500, 54, 54",286720,112640,/home/jyoti/Desktop/heterogeneous_edge/datasets/coco/images/val2017,/home/jyoti/Desktop/heterogeneous_edge/test-clean/LibriSpeech/test-clean/1580/141083,5977.83203125,"34.0, 69.2, 51.3, 50.1, 70.5, 57.7, 50.7, 64.4, 56.7, 21.7, 45.6, 47.0, 21.0, 33.6, 40.7, 27.4",16,74.1,2.531029737903226,15.366962432861328,16,11th Gen Intel(R) Core(TM) i7-11700 @ 2.50GHz,CPU
1,ddpsd,0.6704810786666666,176.1085832118988,"Detect, Detect, Predict, Speech, Detect","0.050324, 0.050854, 0.068662, 0.449547, 0.051093","31.972, 32.215, 47.331, 32.269, 32.321","500, 500, 500, 54, 500",286720,112640,/home/jyoti/Desktop/heterogeneous_edge/datasets/coco/images/val2017,/home/jyoti/Desktop/heterogeneous_edge/test-clean/LibriSpeech/test-clean/1580/141083,5855.1171875,"43.6, 74.1, 53.7, 53.5, 68.9, 63.6, 70.3, 62.6, 49.6, 20.0, 45.5, 42.7, 24.7, 29.7, 23.1, 30.6",16,93.9,2.5738737009237878,15.366962432861328,16,11th Gen Intel(R) Core(TM) i7-11700 @ 2.50GHz,CPU
1,ddpsp,0.6919151518518518,191.71593022346497,"Detect, Detect, Predict, Speech, Predict","0.051476, 0.051204, 0.068925, 0.451515, 0.068795","32.572, 32.418, 47.466, 31.794, 47.466","500, 500, 500, 54, 500",286720,112640,/home/jyoti/Desktop/heterogeneous_edge/datasets/coco/images/val2017,/home/jyoti/Desktop/heterogeneous_edge/test-clean/LibriSpeech/test-clean/1580/141083,6028.32421875,"37.2, 63.5, 55.2, 40.9, 65.0, 60.2, 76.1, 59.5, 57.0, 30.9, 44.0, 57.6, 30.4, 34.0, 18.1, 35.1",16,92.8,2.5497597428419936,15.366962432861328,16,11th Gen Intel(R) Core(TM) i7-11700 @ 2.50GHz,CPU
1,ddpds,0.6752242342222223,176.84778022766113,"Detect, Detect, Predict, Detect, Speech","0.051022, 0.051315, 0.068633, 0.051524, 0.452730","32.348, 32.507, 47.388, 32.620, 31.985","500, 500, 500, 500, 54",286720,112640,/home/jyoti/Desktop/heterogeneous_edge/datasets/coco/images/val2017,/home/jyoti/Desktop/heterogeneous_edge/test-clean/LibriSpeech/test-clean/1580/141083,5835.6328125,"37.0, 64.7, 55.0, 38.3, 56.9, 67.1, 68.3, 61.9, 56.6, 28.4, 43.3, 59.8, 36.2, 26.5, 24.8, 31.1",16,89.0,2.5492334051724135,15.366962432861328,16,11th Gen Intel(R) Core(TM) i7-11700 @ 2.50GHz,CPU
1,ddpdd,0.27396412,177.41847944259644,"Detect, Detect, Predict, Detect, Detect","0.051481, 0.051554, 0.068637, 0.051379, 0.050912","32.582, 32.581, 47.450, 32.526, 32.279","500, 500, 500, 500, 500",286720,,/home/jyoti/Desktop/heterogeneous_edge/datasets/coco/images/val2017,/home/jyoti/Desktop/heterogeneous_edge/test-clean/LibriSpeech/test-clean/1580/141083,4472.015625,"44.0, 71.9, 63.0, 44.9, 55.1, 75.2, 70.5, 70.0, 51.1, 23.1, 35.6, 54.6, 40.8, 19.4, 24.6, 25.0",16,90.0,2.6087933132875145,15.366962432861328,16,11th Gen Intel(R) Core(TM) i7-11700 @ 2.50GHz,CPU
1,ddpdp,0.292639966,192.98264598846436,"Detect, Detect, Predict, Detect, Predict","0.051554, 0.051538, 0.068523, 0.051602, 0.069424","32.647, 32.607, 47.235, 32.659, 47.834","500, 500, 500, 500, 500",286720,,/home/jyoti/Desktop/heterogeneous_edge/datasets/coco/images/val2017,/home/jyoti/Desktop/heterogeneous_edge/test-clean/LibriSpeech/test-clean/1580/141083,4859.7890625,"47.7, 71.5, 59.0, 55.5, 68.3, 64.7, 79.6, 68.5, 49.1, 24.1, 42.0, 44.0, 28.1, 31.5, 16.5, 28.6",16,95.1,2.619775553213909,15.366962432861328,16,11th Gen Intel(R) Core(TM) i7-11700 @ 2.50GHz,CPU
1,ddpps,0.6941648218518519,192.28196239471436,"Detect, Detect, Predict, Predict, Speech","0.051593, 0.051149, 0.068689, 0.069667, 0.453067","32.623, 32.407, 47.429, 47.927, 31.897","500, 500, 500, 500, 54",286720,112640,/home/jyoti/Desktop/heterogeneous_edge/datasets/coco/images/val2017,/home/jyoti/Desktop/heterogeneous_edge/test-clean/LibriSpeech/test-clean/1580/141083,5905.02734375,"50.2, 69.6, 54.6, 54.1, 75.7, 63.4, 72.4, 67.0, 45.7, 25.6, 47.1, 43.8, 19.2, 30.6, 22.1, 28.6",16,93.8,2.582039814814815,15.366962432861328,16,11th Gen Intel(R) Core(TM) i7-11700 @ 2.50GHz,CPU
1,ddppd,0.2922853,192.62002325057983,"Detect, Detect, Predict, Predict, Detect","0.051601, 0.051607, 0.068981, 0.068488, 0.051609","32.644, 32.623, 47.442, 47.289, 32.621","500, 500, 500, 500, 500",286720,,/home/jyoti/Desktop/heterogeneous_edge/datasets/coco/images/val2017,/home/jyoti/Desktop/heterogeneous_edge/test-clean/LibriSpeech/test-clean/1580/141083,4549.90234375,"55.5, 78.7, 75.8, 53.2, 53.7, 64.8, 75.3, 61.0, 41.5, 17.2, 26.3, 45.8, 43.0, 32.6, 21.7, 35.7",16,91.9,2.621478220696938,15.366962432861328,16,11th Gen Intel(R) Core(TM) i7-11700 @ 2.50GHz,CPU
1,ddppp,0.309887626,207.92662906646729,"Detect, Detect, Predict, Predict, Predict","0.051364, 0.051617, 0.068735, 0.069176, 0.068995","32.545, 32.617, 47.444, 47.850, 47.471","500, 500, 500, 500, 500",286720,,/home/jyoti/Desktop/heterogeneous_edge/datasets/coco/images/val2017,/home/jyoti/Desktop/heterogeneous_edge/test-clean/LibriSpeech/test-clean/1580/141083,4807.62890625,"49.6, 73.6, 56.4, 58.4, 65.1, 43.0, 74.9, 63.4, 47.9, 23.5, 45.8, 42.0, 32.4, 54.1, 22.4, 33.8",16,83.7,2.6175623776908026,15.366962432861328,16,11th Gen Intel(R) Core(TM) i7-11700 @ 2.50GHz,CPU
1,dpsss,1.4679688347407407,175.7427716255188,"Detect, Predict, Speech, Speech, Speech","0.051060, 0.068979, 0.449864, 0.449024, 0.449043","32.385, 47.459, 31.675, 32.570, 31.653","500, 500, 54, 54, 54",286720,112640,/home/jyoti/Desktop/heterogeneous_edge/datasets/coco/images/val2017,/home/jyoti/Desktop/heterogeneous_edge/test-clean/LibriSpeech/test-clean/1580/141083,6025.97265625,"42.6, 60.6, 57.2, 52.7, 64.5, 35.4, 53.6, 64.1, 47.5, 28.6, 39.5, 40.6, 23.7, 53.9, 35.4, 24.7",16,87.7,2.5010046296296298,15.366962432861328,16,11th Gen Intel(R) Core(TM) i7-11700 @ 2.50GHz,CPU
1,dpssd,1.0724863516296297,176.12540197372437,"Detect, Predict, Speech, Speech, Detect","0.051327, 0.068745, 0.450596, 0.450691, 0.051128","32.503, 47.406, 32.142, 31.730, 32.344","500, 500, 54, 54, 500",286720,112640,/home/jyoti/Desktop/heterogeneous_edge/datasets/coco/images/val2017,/home/jyoti/Desktop/heterogeneous_edge/test-clean/LibriSpeech/test-clean/1580/141083,5944.8359375,"36.6, 71.1, 52.5, 64.7, 75.4, 45.5, 68.3, 53.3, 56.2, 19.4, 44.7, 32.2, 15.2, 46.4, 23.1, 37.9",16,90.2,2.5053029012702077,15.366962432861328,16,11th Gen Intel(R) Core(TM) i7-11700 @ 2.50GHz,CPU
1,dpssp,1.0895585295555554,191.38818264007568,"Detect, Predict, Speech, Speech, Predict","0.050889, 0.068765, 0.450709, 0.450570, 0.068626","32.293, 47.441, 32.121, 32.191, 47.342","500, 500, 54, 54, 500",286720,112640,/home/jyoti/Desktop/heterogeneous_edge/datasets/coco/images/val2017,/home/jyoti/Desktop/heterogeneous_edge/test-clean/LibriSpeech/test-clean/1580/141083,5935.1015625,"39.4, 69.7, 40.4, 46.0, 71.4, 46.9, 72.0, 73.7, 52.6, 22.0, 58.1, 50.4, 19.6, 44.8, 19.2, 17.4",16,86.0,2.5240073060573858,15.366962432861328,16,11th Gen Intel(R) Core(TM) i7-11700 @ 2.50GHz,CPU
1,dpsds,1.0737464215555554,176.13257932662964,"Detect, Predict, Speech, Detect, Speech","0.051734, 0.069057, 0.451154, 0.051040, 0.450761","32.709, 47.567, 31.712, 32.377, 31.768","500, 500, 54, 500, 54",286720,112640,/home/jyoti/Desktop/heterogeneous_edge/datasets/coco/images/val2017,/home/jyoti/Desktop/heterogeneous_edge/test-clean/LibriSpeech/test-clean/1580/141083,5931.2109375,"37.4, 72.4, 48.7, 42.2, 72.0, 56.0, 69.5, 63.2, 53.9, 18.8, 46.8, 56.5, 18.8, 34.6, 21.4, 28.9",16,94.0,2.501733112009238,15.366962432861328,16,11th Gen Intel(R) Core(TM) i7-11700 @ 2.50GHz,CPU
1,dpsdd,0.672896326962963,176.1052598953247,"Detect, Predict, Speech, Detect, Detect","0.051061, 0.068853, 0.450943, 0.051255, 0.050785","32.345, 47.380, 31.709, 32.461, 32.210","500, 500, 54, 500, 500",286720,112640,/home/jyoti/Desktop/heterogeneous_edge/datasets/coco/images/val2017,/home/jyoti/Desktop/heterogeneous_edge/test-clean/LibriSpeech/test-clean/1580/141083,5896.39453125,"50.7, 65.1, 65.0, 46.7, 72.2, 54.8, 78.8, 58.4, 43.6, 29.1, 36.9, 49.5, 22.0, 39.1, 14.8, 35.1",16,90.0,2.535293324682814,15.366962432861328,16,11th Gen Intel(R) Core(TM) i7-11700 @ 2.50GHz,CPU
1,dpsdp,0.6907771202222223,191.48961925506592,"Detect, Predict, Speech, Detect, Predict","0.051321, 0.068735, 0.450672, 0.051309, 0.068740","32.506, 47.417, 31.722, 32.465, 47.379","500, 500, 54, 500, 500",286720,112640,/home/jyoti/Desktop/heterogeneous_edge/datasets/coco/images/val2017,/home/jyoti/Desktop/heterogeneous_edge/test-clean/LibriSpeech/test-clean/1580/141083,5884.7265625,"45.0, 73.5, 54.1, 44.4, 74.0, 60.7, 63.6, 52.9, 49.5, 21.9, 44.1, 55.7, 20.3, 34.0, 31.1, 42.1",16,94.0,2.55483877388535,15.366962432861328,16,11th Gen Intel(R) Core(TM) i7-11700 @ 2.50GHz,CPU
1,dpsps,1.0951987727407408,191.77838802337646,"Detect, Predict, Speech, Predict, Speech","0.051467, 0.068630, 0.450989, 0.069460, 0.454652","32.571, 47.356, 32.108, 47.841, 31.902","500, 500, 54, 500, 54",286720,112640,/home/jyoti/Desktop/heterogeneous_edge/datasets/coco/images/val2017,/home/jyoti/Desktop/heterogeneous_edge/test-clean/LibriSpeech/test-clean/1580/141083,5995.5,"46.6, 71.6, 67.3, 59.4, 75.8, 43.5, 63.3, 67.7, 46.7, 21.0, 30.9, 38.7, 16.6, 49.7, 29.0, 24.5",16,91.1,2.563764846235419,15.366962432861328,16,11th Gen Intel(R) Core(TM) i7-11700 @ 2.50GHz,CPU
1,dpspd,0.6894457341481481,191.26381468772888,"Detect, Predict, Speech, Predict, Detect","0.050805, 0.068436, 0.450014, 0.068836, 0.051355","32.229, 47.207, 31.924, 47.397, 32.507","500, 500, 54, 500, 500",286720,112640,/home/jyoti/Desktop/heterogeneous_edge/datasets/coco/images/val2017,/home/jyoti/Desktop/heterogeneous_edge/test-clean/LibriSpeech/test-clean/1580/141083,5962.7578125,"50.4, 74.2, 56.6, 53.8, 65.2, 49.4, 66.0, 61.8, 44.3, 20.7, 43.4, 43.3, 29.3, 45.2, 29.2, 33.0",16,87.5,2.5666871014877795,15.366962432861328,16,11th Gen Intel(R) Core(TM) i7-11700 @ 2.50GHz,CPU
1,dpspp,0.7101829537037037,206.8440945148468,"Detect, Predict, Speech, Predict, Predict","0.051090, 0.068917, 0.452149, 0.069091, 0.068936","32.393, 47.534, 31.796, 47.591, 47.530","500, 500, 54, 500, 500",286720,112640,/home/jyoti/Desktop/heterogeneous_edge/datasets/coco/images/val2017,/home/jyoti/Desktop/heterogeneous_edge/test-clean/LibriSpeech/test-clean/1580/141083,5908.4609375,"55.0, 77.6, 47.8, 47.5, 54.9, 70.1, 69.3, 69.2, 41.1, 18.3, 50.7, 53.0, 41.0, 25.2, 26.9, 26.8",16,88.5,2.5762200712881027,15.366962432861328,16,11th Gen Intel(R) Core(TM) i7-11700 @ 2.50GHz,CPU
1,dpdss,1.0731554625185185,176.4293234348297,"Detect, Predict, Detect, Speech, Speech","0.051175, 0.068927, 0.051582, 0.451762, 0.449709","32.434, 47.479, 32.639, 32.213, 31.664","500, 500, 500, 54, 54",286720,112640,/home/jyoti/Desktop/heterogeneous_edge/datasets/coco/images/val2017,/home/jyoti/Desktop/heterogeneous_edge/test-clean/LibriSpeech/test-clean/1580/141083,5915.078125,"45.0, 72.7, 53.6, 47.8, 45.1, 53.9, 69.7, 71.7, 45.4, 17.9, 40.7, 51.2, 45.6, 37.3, 20.5, 19.0",16,89.9,2.527984951036866,15.366962432861328,16,11th Gen Intel(R) Core(TM) i7-11700 @ 2.50GHz,CPU
1,dpdsd,0.674044460074074,176.64069771766663,"Detect, Predict, Detect, Speech, Detect","0.051498, 0.068611, 0.051296, 0.451353, 0.051287","32.615, 47.354, 32.463, 31.760, 32.448","500, 500, 500, 54, 500",286720,112640,/home/jyoti/Desktop/heterogeneous_edge/datasets/coco/images/val2017,/home/jyoti/Desktop/heterogeneous_edge/test-clean/LibriSpeech/test-clean/1580/141083,5916.37890625,"38.6, 78.9, 59.8, 57.6, 55.5, 58.3, 62.9, 71.4, 54.1, 15.0, 37.9, 41.3, 37.3, 35.1, 30.6, 22.0",16,91.2,2.5617302215189874,15.366962432861328,16,11th Gen Intel(R) Core(TM) i7-11700 @ 2.50GHz,CPU
1,dpdsp,0.6923168071851852,191.71768617630005,"Detect, Predict, Detect, Speech, Predict","0.051404, 0.068857, 0.051493, 0.451630, 0.068933","32.532, 47.441, 32.565, 31.735, 47.445","500, 500, 500, 54, 500",286720,112640,/home/jyoti/Desktop/heterogeneous_edge/datasets/coco/images/val2017,/home/jyoti/Desktop/heterogeneous_edge/test-clean/LibriSpeech/test-clean/1580/141083,6013.7421875,"44.3, 72.4, 45.7, 54.1, 48.6, 58.2, 75.3, 72.8, 50.9, 22.2, 54.7, 45.5, 46.2, 36.6, 19.8, 22.2",16,95.1,2.5543040164369035,15.366962432861328,16,11th Gen Intel(R) Core(TM) i7-11700 @ 2.50GHz,CPU
1,dpdds,0.6721233031111111,177.0683572292328,"Detect, Predict, Detect, Detect, Speech","0.051534, 0.068549, 0.051678, 0.050966, 0.449397","32.591, 47.275, 32.678, 32.318, 32.206","500, 500, 500, 500, 54",286720,112640,/home/jyoti/Desktop/heterogeneous_edge/datasets/coco/images/val2017,/home/jyoti/Desktop/heterogeneous_edge/test-clean/LibriSpeech/test-clean/1580/141083,5850.11328125,"39.1, 79.3, 63.6, 51.8, 34.1, 65.1, 73.6, 69.6, 55.3, 14.7, 36.6, 45.1, 59.3, 28.5, 19.8, 24.3",16,91.3,2.5322446900114812,15.366962432861328,16,11th Gen Intel(R) Core(TM) i7-11700 @ 2.50GHz,CPU
1,dpddd,0.274659758,177.63173127174377,"Detect, Predict, Detect, Detect, Detect","0.051674, 0.068769, 0.051245, 0.051361, 0.051611","32.702, 47.387, 32.425, 32.494, 32.623","500, 500, 500, 500, 500",286720,,/home/jyoti/Desktop/heterogeneous_edge/datasets/coco/images/val2017,/home/jyoti/Desktop/heterogeneous_edge/test-clean/LibriSpeech/test-clean/1580/141083,4591.46484375,"60.1, 68.8, 48.4, 54.9, 57.5, 62.1, 71.7, 77.3, 35.1, 25.9, 53.0, 41.4, 37.4, 32.4, 22.9, 17.4",16,88.9,2.604676642857143,15.366962432861328,16,11th Gen Intel(R) Core(TM) i7-11700 @ 2.50GHz,CPU
1,dpddp,0.29095413800000003,191.8978374004364,"Detect, Predict, Detect, Detect, Predict","0.051379, 0.068881, 0.050899, 0.051234, 0.068562","32.521, 47.441, 32.267, 32.450, 47.218","500, 500, 500, 500, 500",286720,,/home/jyoti/Desktop/heterogeneous_edge/datasets/coco/images/val2017,/home/jyoti/Desktop/heterogeneous_edge/test-clean/LibriSpeech/test-clean/1580/141083,4579.85546875,"53.8, 75.5, 44.4, 54.8, 45.3, 69.4, 68.4, 68.2, 43.1, 21.1, 57.4, 44.8, 51.5, 27.3, 28.1, 28.3",16,88.9,2.5901773040254237,15.366962432861328,16,11th Gen Intel(R) Core(TM) i7-11700 @ 2.50GHz,CPU
1,dpdps,0.6927992254074073,192.2796652317047,"Detect, Predict, Detect, Predict, Speech","0.052147, 0.068985, 0.051667, 0.068630, 0.451370","32.962, 47.579, 32.622, 47.310, 31.807","500, 500, 500, 500, 54",286720,112640,/home/jyoti/Desktop/heterogeneous_edge/datasets/coco/images/val2017,/home/jyoti/Desktop/heterogeneous_edge/test-clean/LibriSpeech/test-clean/1580/141083,5952.44921875,"44.7, 74.1, 50.8, 45.5, 34.3, 64.0, 65.4, 60.4, 50.5, 20.1, 49.4, 52.5, 60.5, 30.9, 28.8, 35.2",16,92.6,2.5629448412698412,15.366962432861328,16,11th Gen Intel(R) Core(TM) i7-11700 @ 2.50GHz,CPU
1,dpdpd,0.292191386,192.71469974517822,"Detect, Predict, Detect, Predict, Detect","0.051123, 0.069047, 0.052020, 0.068898, 0.051104","32.401, 47.538, 32.867, 47.533, 32.375","500, 500, 500, 500, 500",286720,,/home/jyoti/Desktop/heterogeneous_edge/datasets/coco/images/val2017,/home/jyoti/Desktop/heterogeneous_edge/test-clean/LibriSpeech/test-clean/1580/141083,4645.87890625,"62.1, 74.5, 63.1, 42.3, 65.1, 45.0, 78.2, 58.3, 34.8, 22.3, 37.7, 59.7, 31.0, 51.7, 18.2, 38.5",16,93.9,2.599845266350211,15.366962432861328,16,11th Gen Intel(R) Core(TM) i7-11700 @ 2.50GHz,CPU
1,dpdpp,0.31027814,207.93659281730652,"Detect, Predict, Detect, Predict, Predict","0.051917, 0.069584, 0.051639, 0.068536, 0.068603","32.800, 47.872, 32.653, 47.305, 47.307","500, 500, 500, 500, 500",286720,,/home/jyoti/Desktop/heterogeneous_edge/datasets/coco/images/val2017,/home/jyoti/Desktop/heterogeneous_edge/test-clean/LibriSpeech/test-clean/1580/141083,4892.78515625,"55.1, 73.8, 46.5, 44.7, 54.0, 55.4, 79.7, 49.4, 42.8, 24.5, 54.5, 56.2, 43.3, 42.7, 16.9, 48.2",16,95.1,2.614792747064579,15.366962432861328,16,11th Gen Intel(R) Core(TM) i7-11700 @ 2.50GHz,CPU
1,dppss,1.0898606604444445,190.95877027511597,"Detect, Predict, Predict, Speech, Speech","0.051434, 0.068890, 0.068732, 0.451012, 0.449793","32.543, 47.599, 47.418, 31.731, 31.667","500, 500, 500, 54, 54",286720,112640,/home/jyoti/Desktop/heterogeneous_edge/datasets/coco/images/val2017,/home/jyoti/Desktop/heterogeneous_edge/test-clean/LibriSpeech/test-clean/1580/141083,6000.0078125,"66.9, 74.7, 49.1, 48.5, 50.3, 51.3, 78.1, 53.8, 25.0, 17.5, 46.6, 50.5, 42.1, 41.7, 13.8, 39.5",16,92.4,2.5322986554845586,15.366962432861328,16,11th Gen Intel(R) Core(TM) i7-11700 @ 2.50GHz,CPU
1,dppsd,0.6927730251111112,191.57223892211914,"Detect, Predict, Predict, Speech, Detect","0.051528, 0.068886, 0.068480, 0.452446, 0.051432","32.602, 47.419, 47.264, 31.763, 32.523","500, 500, 500, 54, 500",286720,112640,/home/jyoti/Desktop/heterogeneous_edge/datasets/coco/images/val2017,/home/jyoti/Desktop/heterogeneous_edge/test-clean/LibriSpeech/test-clean/1580/141083,5942.4765625,"57.0, 72.6, 59.0, 58.9, 38.6, 59.3, 68.0, 62.9, 37.2, 22.3, 41.6, 37.6, 55.6, 35.3, 26.7, 31.8",16,87.5,2.599508492569002,15.366962432861328,16,11th Gen Intel(R) Core(TM) i7-11700 @ 2.50GHz,CPU
1,dppsp,0.7103675387407408,207.15524697303772,"Detect, Predict, Predict, Speech, Predict","0.051409, 0.069118, 0.068883, 0.452330, 0.068627","32.538, 47.614, 47.482, 32.212, 47.309","500, 500, 500, 54, 500",286720,112640,/home/jyoti/Desktop/heterogeneous_edge/datasets/coco/images/val2017,/home/jyoti/Desktop/heterogeneous_edge/test-clean/LibriSpeech/test-clean/1580/141083,5970.12890625,"58.6, 79.1, 60.7, 60.1, 38.5, 48.5, 69.5, 61.0, 36.9, 15.7, 40.8, 37.5, 57.5, 47.5, 26.2, 34.5",16,93.8,2.5757607441060903,15.366962432861328,16,11th Gen Intel(R) Core(TM) i7-11700 @ 2.50GHz,CPU
1,dppds,0.6913603184444445,191.90489053726196,"Detect, Predict, Predict, Detect, Speech","0.051154, 0.068907, 0.068790, 0.051357, 0.451152","32.416, 47.481, 47.374, 32.520, 32.115","500, 500, 500, 500, 54",286720,112640,/home/jyoti/Desktop/heterogeneous_edge/datasets/coco/images/val2017,/home/jyoti/Desktop/heterogeneous_edge/test-clean/LibriSpeech/test-clean/1580/141083,5894.9921875,"58.1, 76.2, 63.9, 78.9, 39.3, 53.4, 79.5, 68.4, 36.6, 18.5, 34.3, 20.7, 54.8, 41.2, 14.9, 25.8",16,85.1,2.5549197563559325,15.366962432861328,16,11th Gen Intel(R) Core(TM) i7-11700 @ 2.50GHz,CPU
1,dppdd,0.291136352,192.14197850227356,"Detect, Predict, Predict, Detect, Detect","0.050352, 0.068792, 0.068948, 0.051739, 0.051305","31.990, 47.440, 47.518, 32.721, 32.472","500, 500, 500, 500, 500",286720,,/home/jyoti/Desktop/heterogeneous_edge/datasets/coco/images/val2017,/home/jyoti/Desktop/heterogeneous_edge/test-clean/LibriSpeech/test-clean/1580/141083,4570.63671875,"60.9, 75.3, 46.6, 67.7, 23.7, 47.4, 74.2, 71.4, 36.4, 22.3, 56.6, 32.4, 74.2, 49.9, 23.0, 26.5",16,92.6,2.614799867724868,15.366962432861328,16,11th Gen Intel(R) Core(TM) i7-11700 @ 2.50GHz,CPU
1,dppdp,0.30876350799999996,207.081533908844,"Detect, Predict, Predict, Detect, Predict","0.051152, 0.068697, 0.068938, 0.051028, 0.068949","32.439, 47.325, 47.485, 32.324, 47.508","500, 500, 500, 500, 500",286720,,/home/jyoti/Desktop/heterogeneous_edge/datasets/coco/images/val2017,/home/jyoti/Desktop/heterogeneous_edge/test-clean/LibriSpeech/test-clean/1580/141083,4587.23046875,"54.8, 81.6, 58.9, 66.9, 38.5, 49.8, 65.4, 60.3, 43.6, 16.4, 42.3, 35.1, 59.8, 47.7, 32.2, 37.0",16,96.3,2.6037018050098233,15.366962432861328,16,11th Gen Intel(R) Core(TM) i7-11700 @ 2.50GHz,CPU
1,dppps,0.7074235356296296,206.81411814689636,"Detect, Predict, Predict, Predict, Speech","0.051449, 0.068692, 0.068676, 0.068850, 0.449757","32.586, 47.379, 47.388, 47.415, 32.046","500, 500, 500, 500, 54",286720,112640,/home/jyoti/Desktop/heterogeneous_edge/datasets/coco/images/val2017,/home/jyoti/Desktop/heterogeneous_edge/test-clean/LibriSpeech/test-clean/1580/141083,5955.65625,"61.6, 78.1, 62.9, 60.1, 44.3, 33.3, 55.5, 59.3, 33.1, 16.9, 35.4, 40.4, 51.6, 61.4, 39.3, 35.8",16,93.9,2.5717356668307088,15.366962432861328,16,11th Gen Intel(R) Core(TM) i7-11700 @ 2.50GHz,CPU
1,dpppd,0.309295046,207.53689861297607,"Detect, Predict, Predict, Predict, Detect","0.051530, 0.068730, 0.069068, 0.068727, 0.051241","32.582, 47.374, 47.741, 47.400, 32.440","500, 500, 500, 500, 500",286720,,/home/jyoti/Desktop/heterogeneous_edge/datasets/coco/images/val2017,/home/jyoti/Desktop/heterogeneous_edge/test-clean/LibriSpeech/test-clean/1580/141083,4849.92578125,"64.0, 78.7, 64.2, 70.7, 50.6, 39.5, 67.0, 68.9, 33.1, 19.0, 37.6, 29.5, 46.5, 57.7, 29.6, 28.4",16,93.8,2.6105530637254906,15.366962432861328,16,11th Gen Intel(R) Core(TM) i7-11700 @ 2.50GHz,CPU
1,dpppp,0.326015132,221.99607110023499,"Detect, Predict, Predict, Predict, Predict","0.051144, 0.068893, 0.068692, 0.068650, 0.068637","32.394, 47.521, 47.393, 47.365, 47.323","500, 500, 500, 500, 500",286720,,/home/jyoti/Desktop/heterogeneous_edge/datasets/coco/images/val2017,/home/jyoti/Desktop/heterogeneous_edge/test-clean/LibriSpeech/test-clean/1580/141083,4617.73046875,"70.3, 74.2, 62.7, 67.2, 63.4, 48.9, 68.7, 65.5, 27.3, 22.8, 39.5, 32.2, 34.0, 48.6, 28.0, 31.7",16,98.7,2.610456290100825,15.366962432861328,16,11th Gen Intel(R) Core(TM) i7-11700 @ 2.50GHz,CPU
1,pssss,1.871013657111111,174.4142496585846,"Predict, Speech, Speech, Speech, Speech","0.068863, 0.451934, 0.450266, 0.451295, 0.448655","47.451, 31.811, 31.714, 31.693, 31.745","500, 54, 54, 54, 54",286720,112640,/home/jyoti/Desktop/heterogeneous_edge/datasets/coco/images/val2017,/home/jyoti/Desktop/heterogeneous_edge/test-clean/LibriSpeech/test-clean/1580/141083,5942.03515625,"61.7, 69.1, 62.7, 58.8, 55.8, 42.5, 67.1, 61.1, 24.9, 17.6, 31.1, 34.2, 29.6, 43.1, 19.8, 26.1",16,86.7,2.451161464410735,15.366962432861328,16,11th Gen Intel(R) Core(TM) i7-11700 @ 2.50GHz,CPU
1,psssd,1.4713499392592593,175.3571240901947,"Predict, Speech, Speech, Speech, Detect","0.068855, 0.449980, 0.449720, 0.451435, 0.051359","47.424, 32.067, 31.652, 31.740, 32.474","500, 54, 54, 54, 500",286720,112640,/home/jyoti/Desktop/heterogeneous_edge/datasets/coco/images/val2017,/home/jyoti/Desktop/heterogeneous_edge/test-clean/LibriSpeech/test-clean/1580/141083,5925.53515625,"50.9, 67.4, 51.1, 64.0, 65.9, 49.5, 55.6, 76.2, 37.5, 20.2, 43.5, 31.3, 22.6, 38.2, 33.2, 12.5",16,94.2,2.47124376450116,15.366962432861328,16,11th Gen Intel(R) Core(TM) i7-11700 @ 2.50GHz,CPU
1,psssp,1.487102526,189.78519296646118,"Predict, Speech, Speech, Speech, Predict","0.068791, 0.449127, 0.450997, 0.449828, 0.068360","47.473, 31.632, 31.743, 31.655, 47.282","500, 54, 54, 54, 500",286720,112640,/home/jyoti/Desktop/heterogeneous_edge/datasets/coco/images/val2017,/home/jyoti/Desktop/heterogeneous_edge/test-clean/LibriSpeech/test-clean/1580/141083,5955.1484375,"46.3, 73.8, 39.8, 58.6, 53.6, 64.6, 65.8, 61.2, 43.4, 16.6, 55.1, 37.2, 36.2, 25.2, 24.4, 29.3",16,83.5,2.5020326582618027,15.366962432861328,16,11th Gen Intel(R) Core(TM) i7-11700 @ 2.50GHz,CPU
1,pssds,1.4729820248148149,175.80998301506042,"Predict, Speech, Speech, Detect, Speech","0.069045, 0.451651, 0.448936, 0.051654, 0.451696","47.579, 31.862, 31.558, 32.660, 32.151","500, 54, 54, 500, 54",286720,112640,/home/jyoti/Desktop/heterogeneous_edge/datasets/coco/images/val2017,/home/jyoti/Desktop/heterogeneous_edge/test-clean/LibriSpeech/test-clean/1580/141083,5990.72265625,"40.8, 64.5, 55.0, 64.4, 54.2, 64.5, 68.1, 60.2, 48.4, 24.7, 39.5, 31.5, 34.6, 24.3, 21.2, 28.5",16,65.8,2.479935763888889,15.366962432861328,16,11th Gen Intel(R) Core(TM) i7-11700 @ 2.50GHz,CPU
1,pssdd,1.0710597021481483,175.77232193946838,"Predict, Speech, Speech, Detect, Detect","0.068746, 0.449466, 0.450021, 0.051378, 0.051449","47.359, 31.686, 31.633, 32.524, 32.571","500, 54, 54, 500, 500",286720,112640,/home/jyoti/Desktop/heterogeneous_edge/datasets/coco/images/val2017,/home/jyoti/Desktop/heterogeneous_edge/test-clean/LibriSpeech/test-clean/1580/141083,5964.24609375,"41.9, 70.0, 67.2, 40.6, 45.2, 70.1, 68.3, 59.7, 49.3, 20.9, 31.0, 54.5, 45.5, 20.3, 22.0, 31.0",16,90.1,2.521255563583815,15.366962432861328,16,11th Gen Intel(R) Core(TM) i7-11700 @ 2.50GHz,CPU
1,pssdp,1.0901079743703703,190.6199197769165,"Predict, Speech, Speech, Detect, Predict","0.068854, 0.450906, 0.450485, 0.050871, 0.068992","47.470, 31.668, 31.718, 32.234, 47.530","500, 54, 54, 500, 500",286720,112640,/home/jyoti/Desktop/heterogeneous_edge/datasets/coco/images/val2017,/home/jyoti/Desktop/heterogeneous_edge/test-clean/LibriSpeech/test-clean/1580/141083,5948.01171875,"51.9, 75.5, 52.7, 64.2, 61.9, 65.0, 73.7, 58.0, 41.5, 16.8, 45.8, 31.4, 30.9, 27.1, 19.1, 34.7",16,86.3,2.554213780683031,15.366962432861328,16,11th Gen Intel(R) Core(TM) i7-11700 @ 2.50GHz,CPU
1,pssps,1.4872216797777777,192.23179864883423,"Predict, Speech, Speech, Predict, Speech","0.068716, 0.451911, 0.451919, 0.068701, 0.445975","47.447, 31.880, 31.770, 47.365, 33.769","500, 54, 54, 500, 54",286720,112640,/home/jyoti/Desktop/heterogeneous_edge/datasets/coco/images/val2017,/home/jyoti/Desktop/heterogeneous_edge/test-clean/LibriSpeech/test-clean/1580/141083,5933.79296875,"52.8, 74.9, 38.5, 50.4, 49.6, 60.8, 55.7, 58.8, 36.4, 14.2, 54.6, 46.5, 39.9, 28.0, 33.4, 30.9",16,91.5,2.4880813691737287,15.366962432861328,16,11th Gen Intel(R) Core(TM) i7-11700 @ 2.50GHz,CPU
1,psspd,1.0915453043703705,191.21848130226135,"Predict, Speech, Speech, Predict, Detect","0.068526, 0.451261, 0.451410, 0.068623, 0.051724","47.315, 32.127, 31.714, 47.380, 32.683","500, 54, 54, 500, 500",286720,112640,/home/jyoti/Desktop/heterogeneous_edge/datasets/coco/images/val2017,/home/jyoti/Desktop/heterogeneous_edge/test-clean/LibriSpeech/test-clean/1580/141083,5975.53515625,"41.2, 75.2, 46.4, 53.9, 67.1, 64.1, 61.4, 62.7, 50.2, 16.7, 51.8, 40.7, 23.9, 26.7, 29.7, 28.3",16,82.9,2.526532845744681,15.366962432861328,16,11th Gen Intel(R) Core(TM) i7-11700 @ 2.50GHz,CPU
1,psspp,1.1025551345185185,207.92614936828613,"Predict, Speech, Speech, Predict, Predict","0.068984, 0.450416, 0.445796, 0.068450, 0.068909","47.577, 31.672, 33.960, 47.182, 47.535","500, 54, 54, 500, 500",286720,112640,/home/jyoti/Desktop/heterogeneous_edge/datasets/coco/images/val2017,/home/jyoti/Desktop/heterogeneous_edge/test-clean/LibriSpeech/test-clean/1580/141083,5987.11328125,"47.9, 73.7, 46.6, 51.0, 60.9, 67.1, 65.0, 65.5, 44.3, 18.7, 49.9, 46.3, 31.6, 25.3, 26.7, 26.2",16,93.9,2.522460210577865,15.366962432861328,16,11th Gen Intel(R) Core(TM) i7-11700 @ 2.50GHz,CPU
1,psdss,1.4767650140000002,175.85512399673462,"Predict, Speech, Detect, Speech, Speech","0.069256, 0.451933, 0.051166, 0.453023, 0.451387","47.718, 32.110, 32.390, 31.865, 31.772","500, 54, 500, 54, 54",286720,112640,/home/jyoti/Desktop/heterogeneous_edge/datasets/coco/images/val2017,/home/jyoti/Desktop/heterogeneous_edge/test-clean/LibriSpeech/test-clean/1580/141083,6164.78125,"50.9, 71.6, 47.1, 56.5, 36.4, 57.9, 74.2, 62.7, 38.3, 17.4, 45.7, 41.0, 52.8, 31.3, 14.8, 26.4",16,89.2,2.503508959537572,15.366962432861328,16,11th Gen Intel(R) Core(TM) i7-11700 @ 2.50GHz,CPU
1,psdsd,1.0715017008148147,177.89945030212402,"Predict, Speech, Detect, Speech, Detect","0.068543, 0.451475, 0.051351, 0.448693, 0.051439","47.272, 32.151, 32.478, 33.434, 32.564","500, 54, 500, 54, 500",286720,112640,/home/jyoti/Desktop/heterogeneous_edge/datasets/coco/images/val2017,/home/jyoti/Desktop/heterogeneous_edge/test-clean/LibriSpeech/test-clean/1580/141083,6172.09375,"41.4, 67.7, 45.1, 63.7, 56.8, 42.7, 74.7, 65.2, 48.2, 22.0, 51.4, 29.9, 32.5, 46.2, 14.2, 24.6",16,80.0,2.514666214285714,15.366962432861328,16,11th Gen Intel(R) Core(TM) i7-11700 @ 2.50GHz,CPU
1,psdsp,1.0882315968148146,191.42232608795166,"Predict, Speech, Detect, Speech, Predict","0.068802, 0.449284, 0.051716, 0.449829, 0.068600","47.389, 32.479, 32.687, 31.653, 47.215","500, 54, 500, 54, 500",286720,112640,/home/jyoti/Desktop/heterogeneous_edge/datasets/coco/images/val2017,/home/jyoti/Desktop/heterogeneous_edge/test-clean/LibriSpeech/test-clean/1580/141083,6018.9609375,"50.1, 67.3, 52.9, 54.7, 42.3, 37.5, 76.4, 66.9, 41.7, 24.6, 46.8, 39.4, 49.1, 54.5, 15.3, 24.4",16,81.7,2.536450451647184,15.366962432861328,16,11th Gen Intel(R) Core(TM) i7-11700 @ 2.50GHz,CPU
1,psdds,1.0723874988888888,176.8394968509674,"Predict, Speech, Detect, Detect, Speech","0.068759, 0.451175, 0.050726, 0.051423, 0.450306","47.469, 32.182, 32.149, 32.535, 32.505","500, 54, 500, 500, 54",286720,112640,/home/jyoti/Desktop/heterogeneous_edge/datasets/coco/images/val2017,/home/jyoti/Desktop/heterogeneous_edge/test-clean/LibriSpeech/test-clean/1580/141083,5971.421875,"53.2, 68.8, 46.2, 40.4, 55.4, 46.0, 76.5, 55.7, 36.7, 21.2, 48.4, 55.9, 34.3, 44.0, 12.6, 34.6",16,87.8,2.5137056752873566,15.366962432861328,16,11th Gen Intel(R) Core(TM) i7-11700 @ 2.50GHz,CPU
1,psddd,0.6745246917777777,176.92398071289062,"Predict, Speech, Detect, Detect, Detect","0.069089, 0.451168, 0.051451, 0.051370, 0.051446","47.663, 31.700, 32.493, 32.537, 32.532","500, 54, 500, 500, 500",286720,112640,/home/jyoti/Desktop/heterogeneous_edge/datasets/coco/images/val2017,/home/jyoti/Desktop/heterogeneous_edge/test-clean/LibriSpeech/test-clean/1580/141083,5916.5,"48.7, 64.0, 57.2, 56.7, 50.7, 43.5, 76.1, 71.4, 47.3, 31.6, 42.1, 44.3, 44.0, 52.3, 19.0, 23.3",16,88.6,2.5665827353616537,15.366962432861328,16,11th Gen Intel(R) Core(TM) i7-11700 @ 2.50GHz,CPU
1,psddp,0.6915274736296296,191.53008127212524,"Predict, Speech, Detect, Detect, Predict","0.068824, 0.451340, 0.051292, 0.051190, 0.068882","47.425, 31.779, 32.458, 32.395, 47.472","500, 54, 500, 500, 500",286720,112640,/home/jyoti/Desktop/heterogeneous_edge/datasets/coco/images/val2017,/home/jyoti/Desktop/heterogeneous_edge/test-clean/LibriSpeech/test-clean/1580/141083,5949.7578125,"52.1, 67.5, 51.2, 61.5, 52.3, 58.5, 81.4, 69.3, 43.1, 26.9, 48.2, 37.8, 42.3, 36.5, 13.2, 24.8",16,87.5,2.579462048832272,15.366962432861328,16,11th Gen Intel(R) Core(TM) i7-11700 @ 2.50GHz,CPU
1,psdps,1.092229186962963,190.92217636108398,"Predict, Speech, Detect, Predict, Speech","0.068598, 0.452216, 0.051300, 0.068788, 0.451327","47.353, 31.846, 32.456, 47.489, 31.777","500, 54, 500, 500, 54",286720,112640,/home/jyoti/Desktop/heterogeneous_edge/datasets/coco/images/val2017,/home/jyoti/Desktop/heterogeneous_edge/test-clean/LibriSpeech/test-clean/1580/141083,5990.765625,"46.9, 72.8, 57.4, 50.4, 51.2, 50.0, 70.9, 62.9, 44.9, 19.6, 41.4, 45.9, 40.6, 42.2, 20.9, 29.3",16,91.4,2.5277173855165067,15.366962432861328,16,11th Gen Intel(R) Core(TM) i7-11700 @ 2.50GHz,CPU
1,psdpd,0.6890171177037037,191.91239380836487,"Predict, Speech, Detect, Predict, Detect","0.068438, 0.448850, 0.051326, 0.069015, 0.051387","47.302, 31.999, 32.475, 47.606, 32.530","500, 54, 500, 500, 500",286720,112640,/home/jyoti/Desktop/heterogeneous_edge/datasets/coco/images/val2017,/home/jyoti/Desktop/heterogeneous_edge/test-clean/LibriSpeech/test-clean/1580/141083,5928.98828125,"46.1, 74.7, 61.0, 54.7, 43.8, 58.1, 67.1, 66.7, 48.7, 20.2, 39.6, 43.0, 51.1, 36.3, 27.6, 28.3",16,87.5,2.5428712923728813,15.366962432861328,16,11th Gen Intel(R) Core(TM) i7-11700 @ 2.50GHz,CPU
1,psdpp,0.7116639751111111,206.68758845329285,"Predict, Speech, Detect, Predict, Predict","0.069035, 0.453852, 0.051317, 0.068797, 0.068662","47.554, 31.909, 32.485, 47.351, 47.388","500, 54, 500, 500, 500",286720,112640,/home/jyoti/Desktop/heterogeneous_edge/datasets/coco/images/val2017,/home/jyoti/Desktop/heterogeneous_edge/test-clean/LibriSpeech/test-clean/1580/141083,6004.2421875,"38.6, 74.6, 55.9, 58.5, 40.5, 65.0, 66.6, 66.5, 57.8, 20.9, 44.9, 41.5, 55.4, 30.1, 28.9, 29.3",16,95.1,2.5845471210629922,15.366962432861328,16,11th Gen Intel(R) Core(TM) i7-11700 @ 2.50GHz,CPU
1,pspss,1.4897253051851853,190.4588496685028,"Predict, Speech, Predict, Speech, Speech","0.068769, 0.452032, 0.068773, 0.450487, 0.449664","47.420, 32.160, 47.358, 31.848, 31.673","500, 54, 500, 54, 54",286720,112640,/home/jyoti/Desktop/heterogeneous_edge/datasets/coco/images/val2017,/home/jyoti/Desktop/heterogeneous_edge/test-clean/LibriSpeech/test-clean/1580/141083,5960.7109375,"37.8, 76.9, 50.9, 41.6, 47.7, 44.4, 69.3, 60.0, 52.1, 12.1, 46.9, 52.2, 42.3, 44.8, 20.3, 29.7",16,84.5,2.484046607905983,15.366962432861328,16,11th Gen Intel(R) Core(TM) i7-11700 @ 2.50GHz,CPU
1,pspsd,1.0932531665925926,191.18321251869202,"Predict, Speech, Predict, Speech, Detect","0.068718, 0.452995, 0.068716, 0.451454, 0.051370","47.368, 32.208, 47.296, 31.804, 32.507","500, 54, 500, 54, 500",286720,112640,/home/jyoti/Desktop/heterogeneous_edge/datasets/coco/images/val2017,/home/jyoti/Desktop/heterogeneous_edge/test-clean/LibriSpeech/test-clean/1580/141083,5967.71484375,"34.9, 71.9, 56.4, 49.9, 42.4, 43.3, 68.4, 59.3, 57.1, 20.6, 42.0, 46.1, 49.8, 49.6, 23.8, 32.6",16,90.1,2.5419382978723406,15.366962432861328,16,11th Gen Intel(R) Core(TM) i7-11700 @ 2.50GHz,CPU
1,pspsp,1.1160534145185186,206.03974628448486,"Predict, Speech, Predict, Speech, Predict","0.068396, 0.458394, 0.068952, 0.451594, 0.068716","47.337, 32.108, 47.528, 31.798, 47.269","500, 54, 500, 54, 500",286720,112640,/home/jyoti/Desktop/heterogeneous_edge/datasets/coco/images/val2017,/home/jyoti/Desktop/heterogeneous_edge/test-clean/LibriSpeech/test-clean/1580/141083,6275.19140625,"47.8, 79.7, 51.6, 52.0, 57.7, 67.3, 69.0, 55.9, 45.5, 13.9, 46.2, 47.7, 36.0, 26.4, 24.9, 38.0",16,91.5,2.5398985918972334,15.366962432861328,16,11th Gen Intel(R) Core(TM) i7-11700 @ 2.50GHz,CPU
1,pspds,1.092255341111111,191.0922875404358,"Predict, Speech, Predict, Detect, Speech","0.068783, 0.451497, 0.068580, 0.051592, 0.451804","47.430, 31.741, 47.370, 32.636, 31.916","500, 54, 500, 500, 54",286720,112640,/home/jyoti/Desktop/heterogeneous_edge/datasets/coco/images/val2017,/home/jyoti/Desktop/heterogeneous_edge/test-clean/LibriSpeech/test-clean/1580/141083,5922.9609375,"44.9, 76.6, 56.6, 46.3, 55.7, 47.3, 72.0, 50.7, 47.1, 14.9, 43.6, 47.6, 36.2, 44.5, 19.9, 41.0",16,90.2,2.54034631256656,15.366962432861328,16,11th Gen Intel(R) Core(TM) i7-11700 @ 2.50GHz,CPU
1,pspdd,0.6919067116296296,191.26406335830688,"Predict, Speech, Predict, Detect, Detect","0.068558, 0.452248, 0.068687, 0.051345, 0.051070","47.275, 31.759, 47.356, 32.513, 32.360","500, 54, 500, 500, 500",286720,112640,/home/jyoti/Desktop/heterogeneous_edge/datasets/coco/images/val2017,/home/jyoti/Desktop/heterogeneous_edge/test-clean/LibriSpeech/test-clean/1580/141083,5949.3515625,"52.0, 72.3, 44.8, 44.2, 58.5, 57.9, 71.2, 49.2, 41.9, 22.5, 56.2, 52.3, 36.1, 36.5, 22.2, 45.2",16,86.6,2.5764286663124336,15.366962432861328,16,11th Gen Intel(R) Core(TM) i7-11700 @ 2.50GHz,CPU
1,pspdp,0.7093131559999999,207.24040627479553,"Predict, Speech, Predict, Detect, Predict","0.069498, 0.451037, 0.068740, 0.051460, 0.068578","47.805, 32.184, 47.429, 32.555, 47.268","500, 54, 500, 500, 500",286720,112640,/home/jyoti/Desktop/heterogeneous_edge/datasets/coco/images/val2017,/home/jyoti/Desktop/heterogeneous_edge/test-clean/LibriSpeech/test-clean/1580/141083,5898.46484375,"52.0, 74.9, 52.3, 49.9, 57.3, 45.2, 58.1, 55.7, 43.5, 19.8, 46.0, 50.9, 38.3, 49.4, 36.9, 38.9",16,88.0,2.5770645240431795,15.366962432861328,16,11th Gen Intel(R) Core(TM) i7-11700 @ 2.50GHz,CPU
1,pspps,1.1074555744444443,206.18004703521729,"Predict, Speech, Predict, Predict, Speech","0.068935, 0.451021, 0.068951, 0.068551, 0.449998","47.502, 32.113, 47.513, 47.340, 31.713","500, 54, 500, 500, 54",286720,112640,/home/jyoti/Desktop/heterogeneous_edge/datasets/coco/images/val2017,/home/jyoti/Desktop/heterogeneous_edge/test-clean/LibriSpeech/test-clean/1580/141083,5963.57421875,"43.7, 74.0, 43.8, 41.0, 61.8, 54.4, 62.0, 60.0, 49.8, 18.3, 52.5, 58.6, 31.2, 39.0, 31.5, 32.3",16,91.2,2.535916584402764,15.366962432861328,16,11th Gen Intel(R) Core(TM) i7-11700 @ 2.50GHz,CPU
1,psppd,0.7031693982222222,210.512060880661,"Predict, Speech, Predict, Predict, Detect","0.068473, 0.445768, 0.068533, 0.068852, 0.051544","47.328, 35.995, 47.221, 47.377, 32.591","500, 54, 500, 500, 500",286720,112640,/home/jyoti/Desktop/heterogeneous_edge/datasets/coco/images/val2017,/home/jyoti/Desktop/heterogeneous_edge/test-clean/LibriSpeech/test-clean/1580/141083,5986.58984375,"44.2, 69.9, 62.2, 43.5, 58.4, 56.4, 66.7, 52.6, 49.3, 23.1, 36.6, 53.4, 34.9, 36.3, 27.5, 40.7",16,92.9,2.5465980072463767,15.366962432861328,16,11th Gen Intel(R) Core(TM) i7-11700 @ 2.50GHz,CPU
1,psppp,0.7271389727407408,221.44199895858765,"Predict, Speech, Predict, Predict, Predict","0.068834, 0.452500, 0.068601, 0.068540, 0.068664","47.459, 31.799, 47.438, 47.342, 47.405","500, 54, 500, 500, 500",286720,112640,/home/jyoti/Desktop/heterogeneous_edge/datasets/coco/images/val2017,/home/jyoti/Desktop/heterogeneous_edge/test-clean/LibriSpeech/test-clean/1580/141083,5967.3671875,"47.0, 73.3, 57.5, 45.3, 52.8, 45.1, 62.8, 67.2, 48.7, 22.2, 41.7, 55.2, 43.4, 50.4, 32.9, 28.4",16,90.1,2.5781461397058827,15.366962432861328,16,11th Gen Intel(R) Core(TM) i7-11700 @ 2.50GHz,CPU
1,pdsss,1.476694207925926,176.14592289924622,"Predict, Detect, Speech, Speech, Speech","0.068765, 0.051786, 0.451613, 0.449664, 0.454866","47.389, 32.735, 31.910, 32.131, 31.982","500, 500, 54, 54, 54",286720,112640,/home/jyoti/Desktop/heterogeneous_edge/datasets/coco/images/val2017,/home/jyoti/Desktop/heterogeneous_edge/test-clean/LibriSpeech/test-clean/1580/141083,6314.90625,"49.3, 63.4, 46.1, 39.2, 50.0, 60.7, 63.2, 61.5, 39.6, 25.9, 51.0, 53.7, 39.4, 28.5, 25.3, 27.9",16,70.4,2.494388784642032,15.366962432861328,16,11th Gen Intel(R) Core(TM) i7-11700 @ 2.50GHz,CPU
1,pdssd,1.0727784957037036,176.0691273212433,"Predict, Detect, Speech, Speech, Detect","0.068456, 0.051730, 0.451066, 0.449921, 0.051606","47.268, 32.720, 31.687, 31.780, 32.614","500, 500, 54, 54, 500",286720,112640,/home/jyoti/Desktop/heterogeneous_edge/datasets/coco/images/val2017,/home/jyoti/Desktop/heterogeneous_edge/test-clean/LibriSpeech/test-clean/1580/141083,6040.1875,"48.6, 68.4, 53.8, 39.0, 61.2, 68.1, 62.9, 66.6, 44.8, 23.7, 45.5, 57.6, 30.8, 23.7, 29.2, 24.8",16,87.5,2.527653363163972,15.366962432861328,16,11th Gen Intel(R) Core(TM) i7-11700 @ 2.50GHz,CPU
1,pdssp,1.096703560962963,191.30633020401,"Predict, Detect, Speech, Speech, Predict","0.068954, 0.051446, 0.456311, 0.451284, 0.068708","47.495, 32.575, 32.096, 31.733, 47.408","500, 500, 54, 54, 500",286720,112640,/home/jyoti/Desktop/heterogeneous_edge/datasets/coco/images/val2017,/home/jyoti/Desktop/heterogeneous_edge/test-clean/LibriSpeech/test-clean/1580/141083,6180.73828125,"51.1, 73.3, 54.5, 41.9, 70.2, 63.5, 57.6, 63.7, 42.1, 19.4, 44.0, 56.3, 21.9, 28.6, 35.5, 29.8",16,98.8,2.5409073138297873,15.366962432861328,16,11th Gen Intel(R) Core(TM) i7-11700 @ 2.50GHz,CPU
1,pdsds,1.0730532318518518,176.39857125282288,"Predict, Detect, Speech, Detect, Speech","0.068797, 0.051652, 0.450678, 0.050890, 0.451037","47.509, 32.660, 31.778, 32.243, 32.209","500, 500, 54, 500, 54",286720,112640,/home/jyoti/Desktop/heterogeneous_edge/datasets/coco/images/val2017,/home/jyoti/Desktop/heterogeneous_edge/test-clean/LibriSpeech/test-clean/1580/141083,6056.48828125,"46.8, 67.0, 51.5, 56.0, 59.7, 69.9, 65.3, 63.9, 43.9, 23.5, 45.4, 39.3, 30.5, 20.3, 24.5, 26.0",16,70.5,2.5249130184331796,15.366962432861328,16,11th Gen Intel(R) Core(TM) i7-11700 @ 2.50GHz,CPU
1,pdsdd,0.673205139925926,176.75533604621887,"Predict, Detect, Speech, Detect, Detect","0.068600, 0.051461, 0.450868, 0.051231, 0.051044","47.310, 32.531, 32.138, 32.419, 32.357","500, 500, 54, 500, 500",286720,112640,/home/jyoti/Desktop/heterogeneous_edge/datasets/coco/images/val2017,/home/jyoti/Desktop/heterogeneous_edge/test-clean/LibriSpeech/test-clean/1580/141083,5976.9453125,"32.7, 75.1, 59.7, 55.1, 42.9, 60.2, 71.5, 69.2, 60.1, 17.2, 40.4, 39.1, 49.3, 31.8, 21.3, 23.2",16,92.6,2.5443443247126436,15.366962432861328,16,11th Gen Intel(R) Core(TM) i7-11700 @ 2.50GHz,CPU
1,pdsdp,0.6913384998518519,191.23578715324402,"Predict, Detect, Speech, Detect, Predict","0.068455, 0.051443, 0.451892, 0.050932, 0.068616","47.298, 32.526, 31.767, 32.266, 47.378","500, 500, 54, 500, 500",286720,112640,/home/jyoti/Desktop/heterogeneous_edge/datasets/coco/images/val2017,/home/jyoti/Desktop/heterogeneous_edge/test-clean/LibriSpeech/test-clean/1580/141083,5958.97265625,"54.6, 69.7, 58.2, 50.6, 56.3, 47.0, 75.8, 50.3, 39.0, 24.2, 39.4, 47.5, 37.7, 46.8, 18.1, 43.7",16,87.7,2.56737539893617,15.366962432861328,16,11th Gen Intel(R) Core(TM) i7-11700 @ 2.50GHz,CPU
1,pdsps,1.093025710962963,190.7388710975647,"Predict, Detect, Speech, Predict, Speech","0.068838, 0.050767, 0.453389, 0.068639, 0.451393","47.541, 32.205, 31.899, 47.322, 31.772","500, 500, 54, 500, 54",286720,112640,/home/jyoti/Desktop/heterogeneous_edge/datasets/coco/images/val2017,/home/jyoti/Desktop/heterogeneous_edge/test-clean/LibriSpeech/test-clean/1580/141083,5988.921875,"48.6, 65.4, 65.9, 58.0, 67.4, 64.0, 74.3, 52.9, 43.1, 26.6, 28.0, 41.9, 24.3, 27.7, 17.6, 39.3",16,93.8,2.540970584311633,15.366962432861328,16,11th Gen Intel(R) Core(TM) i7-11700 @ 2.50GHz,CPU
1,pdspd,0.6905740517777776,191.61852383613586,"Predict, Detect, Speech, Predict, Detect","0.068587, 0.051561, 0.450189, 0.068896, 0.051341","47.334, 32.614, 31.676, 47.489, 32.504","500, 500, 54, 500, 500",286720,112640,/home/jyoti/Desktop/heterogeneous_edge/datasets/coco/images/val2017,/home/jyoti/Desktop/heterogeneous_edge/test-clean/LibriSpeech/test-clean/1580/141083,5904.17578125,"53.0, 72.2, 57.1, 52.8, 59.0, 60.9, 70.5, 72.6, 40.5, 21.4, 39.7, 46.3, 35.1, 33.0, 22.7, 21.0",16,80.7,2.5877069400212314,15.366962432861328,16,11th Gen Intel(R) Core(TM) i7-11700 @ 2.50GHz,CPU
1,pdspp,0.709349365037037,206.09584784507751,"Predict, Detect, Speech, Predict, Predict","0.068777, 0.050914, 0.452369, 0.068585, 0.068705","47.412, 32.253, 31.802, 47.268, 47.361","500, 500, 54, 500, 500",286720,112640,/home/jyoti/Desktop/heterogeneous_edge/datasets/coco/images/val2017,/home/jyoti/Desktop/heterogeneous_edge/test-clean/LibriSpeech/test-clean/1580/141083,5921.546875,"42.6, 68.0, 43.2, 70.3, 56.3, 47.5, 63.3, 65.5, 52.3, 26.4, 55.7, 28.6, 38.7, 47.2, 31.2, 29.2",16,94.1,2.579814782823297,15.366962432861328,16,11th Gen Intel(R) Core(TM) i7-11700 @ 2.50GHz,CPU
1,pddss,1.0725815253333335,177.2155680656433,"Predict, Detect, Detect, Speech, Speech","0.068726, 0.051541, 0.051929, 0.451147, 0.449239","47.438, 32.590, 32.822, 32.335, 32.030","500, 500, 500, 54, 54",286720,112640,/home/jyoti/Desktop/heterogeneous_edge/datasets/coco/images/val2017,/home/jyoti/Desktop/heterogeneous_edge/test-clean/LibriSpeech/test-clean/1580/141083,6018.8515625,"26.9, 66.6, 52.5, 57.5, 55.6, 72.8, 78.8, 60.4, 64.1, 25.1, 45.3, 38.1, 36.1, 17.8, 11.4, 30.7",16,86.9,2.5178393061926605,15.366962432861328,16,11th Gen Intel(R) Core(TM) i7-11700 @ 2.50GHz,CPU
1,pddsd,0.6743544288148148,176.74150562286377,"Predict, Detect, Detect, Speech, Detect","0.068653, 0.051621, 0.051691, 0.451101, 0.051289","47.347, 32.612, 32.662, 31.694, 32.427","500, 500, 500, 54, 500",286720,112640,/home/jyoti/Desktop/heterogeneous_edge/datasets/coco/images/val2017,/home/jyoti/Desktop/heterogeneous_edge/test-clean/LibriSpeech/test-clean/1580/141083,5929.85546875,"47.7, 65.5, 56.9, 58.1, 53.6, 52.5, 77.9, 61.4, 45.2, 27.7, 40.5, 40.2, 39.2, 40.2, 15.1, 33.3",16,97.5,2.5176824712643677,15.366962432861328,16,11th Gen Intel(R) Core(TM) i7-11700 @ 2.50GHz,CPU
1,pddsp,0.6902692394814816,191.51812601089478,"Predict, Detect, Detect, Speech, Predict","0.068620, 0.051194, 0.051116, 0.450550, 0.068789","47.385, 32.412, 32.393, 31.908, 47.420","500, 500, 500, 54, 500",286720,112640,/home/jyoti/Desktop/heterogeneous_edge/datasets/coco/images/val2017,/home/jyoti/Desktop/heterogeneous_edge/test-clean/LibriSpeech/test-clean/1580/141083,5950.62109375,"52.6, 66.3, 50.9, 50.3, 44.2, 66.8, 61.6, 62.0, 43.2, 29.0, 50.6, 47.5, 50.1, 28.0, 33.2, 33.2",16,93.8,2.559580812101911,15.366962432861328,16,11th Gen Intel(R) Core(TM) i7-11700 @ 2.50GHz,CPU
1,pddds,0.6790125348888889,177.141695022583,"Predict, Detect, Detect, Detect, Speech","0.068713, 0.051518, 0.051373, 0.051314, 0.456094","47.471, 32.586, 32.519, 32.480, 32.086","500, 500, 500, 500, 54",286720,112640,/home/jyoti/Desktop/heterogeneous_edge/datasets/coco/images/val2017,/home/jyoti/Desktop/heterogeneous_edge/test-clean/LibriSpeech/test-clean/1580/141083,6097.9375,"52.8, 68.2, 47.0, 55.2, 62.5, 74.4, 74.1, 68.4, 40.2, 24.7, 52.8, 39.7, 29.8, 17.9, 18.5, 24.3",16,86.7,2.545224483944954,15.366962432861328,16,11th Gen Intel(R) Core(TM) i7-11700 @ 2.50GHz,CPU
1,pdddd,0.274144856,177.46357488632202,"Predict, Detect, Detect, Detect, Detect","0.068971, 0.051106, 0.051062, 0.051532, 0.051473","47.561, 32.396, 32.356, 32.593, 32.558","500, 500, 500, 500, 500",286720,,/home/jyoti/Desktop/heterogeneous_edge/datasets/coco/images/val2017,/home/jyoti/Desktop/heterogeneous_edge/test-clean/LibriSpeech/test-clean/1580/141083,4607.56640625,"49.2, 72.8, 44.6, 55.5, 58.7, 64.5, 69.7, 61.7, 47.6, 24.8, 55.6, 46.1, 38.4, 33.0, 26.8, 34.4",16,82.5,2.5659891304347826,15.366962432861328,16,11th Gen Intel(R) Core(TM) i7-11700 @ 2.50GHz,CPU
1,pdddp,0.291972852,192.44119000434875,"Predict, Detect, Detect, Detect, Predict","0.068764, 0.051030, 0.051763, 0.051595, 0.068821","47.454, 32.315, 32.708, 32.613, 47.352","500, 500, 500, 500, 500",286720,,/home/jyoti/Desktop/heterogeneous_edge/datasets/coco/images/val2017,/home/jyoti/Desktop/heterogeneous_edge/test-clean/LibriSpeech/test-clean/1580/141083,4601.80859375,"59.3, 74.2, 50.7, 54.2, 72.9, 63.0, 61.9, 59.7, 38.1, 23.2, 52.0, 45.4, 24.2, 34.4, 34.7, 37.5",16,88.9,2.57449967001056,15.366962432861328,16,11th Gen Intel(R) Core(TM) i7-11700 @ 2.50GHz,CPU
1,pddps,0.6923063870370371,191.8516800403595,"Predict, Detect, Detect, Predict, Speech","0.068923, 0.051351, 0.051340, 0.068802, 0.451890","47.455, 32.499, 32.452, 47.433, 32.013","500, 500, 500, 500, 54",286720,112640,/home/jyoti/Desktop/heterogeneous_edge/datasets/coco/images/val2017,/home/jyoti/Desktop/heterogeneous_edge/test-clean/LibriSpeech/test-clean/1580/141083,5914.39453125,"63.7, 73.6, 47.9, 47.9, 59.9, 66.7, 57.3, 59.1, 29.7, 19.3, 52.2, 47.2, 32.6, 26.2, 36.0, 34.0",16,88.9,2.559318663838812,15.366962432861328,16,11th Gen Intel(R) Core(TM) i7-11700 @ 2.50GHz,CPU
1,pddpd,0.291287956,192.1818664073944,"Predict, Detect, Detect, Predict, Detect","0.068487, 0.051356, 0.051697, 0.068817, 0.050931","47.358, 32.484, 32.689, 47.359, 32.292","500, 500, 500, 500, 500",286720,,/home/jyoti/Desktop/heterogeneous_edge/datasets/coco/images/val2017,/home/jyoti/Desktop/heterogeneous_edge/test-clean/LibriSpeech/test-clean/1580/141083,4592.3125,"67.7, 78.7, 55.8, 49.6, 61.8, 52.2, 71.1, 69.5, 29.9, 18.3, 45.8, 49.5, 35.0, 44.2, 25.3, 27.5",16,85.0,2.603332208994709,15.366962432861328,16,11th Gen Intel(R) Core(TM) i7-11700 @ 2.50GHz,CPU
1,pddpp,0.30888024799999997,207.2525086402893,"Predict, Detect, Detect, Predict, Predict","0.068769, 0.051565, 0.051400, 0.068472, 0.068674","47.476, 32.599, 32.545, 47.275, 47.357","500, 500, 500, 500, 500",286720,,/home/jyoti/Desktop/heterogeneous_edge/datasets/coco/images/val2017,/home/jyoti/Desktop/heterogeneous_edge/test-clean/LibriSpeech/test-clean/1580/141083,4648.96875,"57.5, 76.2, 40.9, 63.0, 71.8, 59.5, 74.0, 62.7, 38.7, 20.4, 60.1, 35.4, 24.9, 37.0, 21.8, 33.4",16,94.9,2.582267480372915,15.366962432861328,16,11th Gen Intel(R) Core(TM) i7-11700 @ 2.50GHz,CPU
1,pdpss,1.0893280771851852,192.8897488117218,"Predict, Detect, Predict, Speech, Speech","0.068686, 0.051518, 0.068767, 0.449147, 0.451211","47.375, 32.571, 47.385, 33.433, 32.126","500, 500, 500, 54, 54",286720,112640,/home/jyoti/Desktop/heterogeneous_edge/datasets/coco/images/val2017,/home/jyoti/Desktop/heterogeneous_edge/test-clean/LibriSpeech/test-clean/1580/141083,5948.078125,"47.3, 73.2, 58.1, 66.0, 65.1, 68.0, 60.5, 61.4, 43.7, 17.8, 37.5, 29.9, 25.3, 22.6, 30.5, 29.8",16,87.7,2.5256597441983124,15.366962432861328,16,11th Gen Intel(R) Core(TM) i7-11700 @ 2.50GHz,CPU
1,pdpsd,0.6935421434814815,191.75957918167114,"Predict, Detect, Predict, Speech, Detect","0.068821, 0.051626, 0.068493, 0.453318, 0.051283","47.476, 32.630, 47.358, 31.864, 32.432","500, 500, 500, 54, 500",286720,112640,/home/jyoti/Desktop/heterogeneous_edge/datasets/coco/images/val2017,/home/jyoti/Desktop/heterogeneous_edge/test-clean/LibriSpeech/test-clean/1580/141083,5994.38671875,"52.8, 81.1, 48.7, 78.7, 59.8, 72.2, 67.5, 66.3, 42.1, 13.1, 52.3, 19.4, 35.1, 22.6, 27.1, 28.7",16,89.2,2.556234689819725,15.366962432861328,16,11th Gen Intel(R) Core(TM) i7-11700 @ 2.50GHz,CPU
1,pdpsp,0.7073458723703704,206.2109203338623,"Predict, Detect, Predict, Speech, Predict","0.068651, 0.050647, 0.068754, 0.450748, 0.068546","47.367, 32.136, 47.533, 31.861, 47.314","500, 500, 500, 54, 500",286720,112640,/home/jyoti/Desktop/heterogeneous_edge/datasets/coco/images/val2017,/home/jyoti/Desktop/heterogeneous_edge/test-clean/LibriSpeech/test-clean/1580/141083,5904.69921875,"50.7, 77.8, 57.9, 50.2, 63.4, 72.4, 58.8, 63.6, 45.3, 17.3, 43.2, 48.2, 31.8, 22.4, 36.0, 30.6",16,89.0,2.5703157051282055,15.366962432861328,16,11th Gen Intel(R) Core(TM) i7-11700 @ 2.50GHz,CPU
1,pdpds,0.6903061877037037,191.4178454875946,"Predict, Detect, Predict, Detect, Speech","0.068520, 0.051613, 0.068742, 0.051301, 0.450130","47.322, 32.615, 47.351, 32.447, 31.683","500, 500, 500, 500, 54",286720,112640,/home/jyoti/Desktop/heterogeneous_edge/datasets/coco/images/val2017,/home/jyoti/Desktop/heterogeneous_edge/test-clean/LibriSpeech/test-clean/1580/141083,5923.19140625,"65.1, 75.7, 64.0, 59.8, 55.5, 59.8, 72.5, 62.0, 28.8, 18.3, 34.8, 38.9, 38.0, 34.1, 21.4, 31.9",16,84.8,2.5663790515409137,15.366962432861328,16,11th Gen Intel(R) Core(TM) i7-11700 @ 2.50GHz,CPU
1,pdpdd,0.28897332200000003,190.9372537136078,"Predict, Detect, Predict, Detect, Detect","0.068552, 0.050468, 0.068647, 0.050614, 0.050692","47.305, 32.062, 47.311, 32.110, 32.150","500, 500, 500, 500, 500",286720,,/home/jyoti/Desktop/heterogeneous_edge/datasets/coco/images/val2017,/home/jyoti/Desktop/heterogeneous_edge/test-clean/LibriSpeech/test-clean/1580/141083,4695.921875,"67.2, 77.4, 55.5, 46.4, 62.3, 58.4, 83.4, 74.4, 29.5, 19.2, 46.3, 52.5, 34.6, 38.9, 13.2, 22.1",16,92.6,2.6120089856230035,15.366962432861328,16,11th Gen Intel(R) Core(TM) i7-11700 @ 2.50GHz,CPU
1,pdpdp,0.309897388,207.78312063217163,"Predict, Detect, Predict, Detect, Predict","0.069017, 0.051934, 0.068838, 0.051480, 0.068629","47.591, 32.801, 47.504, 32.580, 47.307","500, 500, 500, 500, 500",286720,,/home/jyoti/Desktop/heterogeneous_edge/datasets/coco/images/val2017,/home/jyoti/Desktop/heterogeneous_edge/test-clean/LibriSpeech/test-clean/1580/141083,4760.15234375,"48.4, 78.1, 54.7, 56.1, 52.3, 50.0, 76.3, 58.7, 49.3, 19.8, 46.6, 45.7, 45.8, 48.0, 21.3, 40.6",16,91.5,2.590508998530852,15.366962432861328,16,11th Gen Intel(R) Core(TM) i7-11700 @ 2.50GHz,CPU
1,pdpps,0.7090551680740741,206.58285069465637,"Predict, Detect, Predict, Predict, Speech","0.068870, 0.051310, 0.068645, 0.068600, 0.451630","47.492, 32.475, 47.421, 47.444, 31.752","500, 500, 500, 500, 54",286720,112640,/home/jyoti/Desktop/heterogeneous_edge/datasets/coco/images/val2017,/home/jyoti/Desktop/heterogeneous_edge/test-clean/LibriSpeech/test-clean/1580/141083,5900.50390625,"48.6, 75.8, 57.6, 38.6, 57.1, 71.1, 73.5, 62.9, 46.2, 19.2, 41.8, 60.4, 37.9, 24.3, 21.1, 32.3",16,90.5,2.5628289408866998,15.366962432861328,16,11th Gen Intel(R) Core(TM) i7-11700 @ 2.50GHz,CPU
1,pdppd,0.30838848800000007,206.69917678833008,"Predict, Detect, Predict, Predict, Detect","0.068754, 0.050819, 0.068653, 0.068573, 0.051590","47.316, 32.194, 47.293, 47.270, 32.625","500, 500, 500, 500, 500",286720,,/home/jyoti/Desktop/heterogeneous_edge/datasets/coco/images/val2017,/home/jyoti/Desktop/heterogeneous_edge/test-clean/LibriSpeech/test-clean/1580/141083,4652.77734375,"41.2, 69.4, 52.9, 41.0, 54.1, 75.1, 67.8, 61.7, 55.9, 27.2, 49.4, 57.8, 42.5, 20.9, 29.0, 35.0",16,97.6,2.6156614173228347,15.366962432861328,16,11th Gen Intel(R) Core(TM) i7-11700 @ 2.50GHz,CPU
1,pdppp,0.326983126,222.38393926620483,"Predict, Detect, Predict, Predict, Predict","0.068668, 0.051782, 0.068663, 0.068853, 0.069017","47.376, 32.759, 47.316, 47.415, 47.518","500, 500, 500, 500, 500",286720,,/home/jyoti/Desktop/heterogeneous_edge/datasets/coco/images/val2017,/home/jyoti/Desktop/heterogeneous_edge/test-clean/LibriSpeech/test-clean/1580/141083,4656.54296875,"67.5, 73.1, 61.3, 49.1, 58.6, 69.5, 78.6, 47.1, 30.2, 24.7, 42.0, 50.5, 38.7, 27.9, 19.1, 50.1",16,88.0,2.58852315873742,15.366962432861328,16,11th Gen Intel(R) Core(TM) i7-11700 @ 2.50GHz,CPU
1,ppsss,1.489709413851852,190.6514594554901,"Predict, Predict, Speech, Speech, Speech","0.068647, 0.068997, 0.449781, 0.452218, 0.450066","47.376, 47.536, 31.736, 31.778, 32.225","500, 500, 54, 54, 54",286720,112640,/home/jyoti/Desktop/heterogeneous_edge/datasets/coco/images/val2017,/home/jyoti/Desktop/heterogeneous_edge/test-clean/LibriSpeech/test-clean/1580/141083,6044.80859375,"49.4, 60.5, 64.3, 50.5, 62.5, 66.2, 64.6, 55.8, 40.7, 29.9, 34.5, 42.8, 26.5, 22.9, 24.7, 34.3",16,77.9,2.4901556830309497,15.366962432861328,16,11th Gen Intel(R) Core(TM) i7-11700 @ 2.50GHz,CPU
1,ppssd,1.089466032814815,191.51972770690918,"Predict, Predict, Speech, Speech, Detect","0.068531, 0.068937, 0.450349, 0.450250, 0.051399","47.299, 47.583, 32.326, 31.800, 32.513","500, 500, 54, 54, 500",286720,112640,/home/jyoti/Desktop/heterogeneous_edge/datasets/coco/images/val2017,/home/jyoti/Desktop/heterogeneous_edge/test-clean/LibriSpeech/test-clean/1580/141083,5978.48828125,"51.7, 65.8, 57.3, 36.4, 71.5, 62.1, 65.9, 63.8, 40.6, 26.4, 42.7, 58.0, 20.5, 29.5, 25.8, 28.3",16,90.5,2.5297192481402764,15.366962432861328,16,11th Gen Intel(R) Core(TM) i7-11700 @ 2.50GHz,CPU
1,ppssp,1.1084972715555557,205.68839025497437,"Predict, Predict, Speech, Speech, Predict","0.068795, 0.068688, 0.451643, 0.450852, 0.068519","47.475, 47.398, 31.800, 31.716, 47.299","500, 500, 54, 54, 500",286720,112640,/home/jyoti/Desktop/heterogeneous_edge/datasets/coco/images/val2017,/home/jyoti/Desktop/heterogeneous_edge/test-clean/LibriSpeech/test-clean/1580/141083,6041.27734375,"55.2, 67.7, 65.7, 50.9, 55.4, 58.3, 82.9, 43.5, 38.8, 25.5, 32.4, 46.7, 37.3, 34.4, 9.5, 49.6",16,95.1,2.5210636127596437,15.366962432861328,16,11th Gen Intel(R) Core(TM) i7-11700 @ 2.50GHz,CPU
1,ppsds,1.0906250351851852,190.74717354774475,"Predict, Predict, Speech, Detect, Speech","0.068940, 0.068794, 0.451313, 0.051033, 0.450545","47.529, 47.429, 31.801, 32.308, 31.680","500, 500, 54, 500, 54",286720,112640,/home/jyoti/Desktop/heterogeneous_edge/datasets/coco/images/val2017,/home/jyoti/Desktop/heterogeneous_edge/test-clean/LibriSpeech/test-clean/1580/141083,6042.1796875,"50.8, 66.9, 61.3, 28.8, 57.5, 54.0, 59.7, 47.9, 41.1, 25.0, 35.3, 69.6, 34.0, 37.9, 32.7, 43.9",16,75.3,2.535231123265742,15.366962432861328,16,11th Gen Intel(R) Core(TM) i7-11700 @ 2.50GHz,CPU
1,ppsdd,0.6918655098518518,191.54878449440002,"Predict, Predict, Speech, Detect, Detect","0.068898, 0.068785, 0.451473, 0.051150, 0.051558","47.402, 47.466, 31.713, 32.369, 32.599","500, 500, 54, 500, 500",286720,112640,/home/jyoti/Desktop/heterogeneous_edge/datasets/coco/images/val2017,/home/jyoti/Desktop/heterogeneous_edge/test-clean/LibriSpeech/test-clean/1580/141083,5988.7265625,"54.6, 67.8, 49.9, 57.0, 61.5, 64.0, 66.3, 48.0, 40.1, 26.6, 48.2, 42.1, 32.4, 30.1, 27.8, 46.8",16,93.9,2.57175398089172,15.366962432861328,16,11th Gen Intel(R) Core(TM) i7-11700 @ 2.50GHz,CPU
1,ppsdp,0.712412549925926,207.2734456062317,"Predict, Predict, Speech, Detect, Predict","0.068510, 0.069941, 0.453692, 0.051384, 0.068885","47.332, 48.150, 31.829, 32.511, 47.451","500, 500, 54, 500, 500",286720,112640,/home/jyoti/Desktop/heterogeneous_edge/datasets/coco/images/val2017,/home/jyoti/Desktop/heterogeneous_edge/test-clean/LibriSpeech/test-clean/1580/141083,5972.203125,"58.5, 68.2, 43.7, 35.8, 50.4, 65.1, 65.4, 53.1, 36.9, 28.0, 58.0, 62.8, 44.6, 30.5, 30.6, 43.6",16,93.9,2.578119842829077,15.366962432861328,16,11th Gen Intel(R) Core(TM) i7-11700 @ 2.50GHz,CPU
1,ppsps,1.1074491796296297,205.79929399490356,"Predict, Predict, Speech, Predict, Speech","0.068389, 0.068889, 0.451780, 0.068710, 0.449681","47.275, 47.440, 31.917, 47.425, 31.743","500, 500, 54, 500, 54",286720,112640,/home/jyoti/Desktop/heterogeneous_edge/datasets/coco/images/val2017,/home/jyoti/Desktop/heterogeneous_edge/test-clean/LibriSpeech/test-clean/1580/141083,5941.01953125,"56.9, 70.2, 51.9, 51.6, 52.7, 54.4, 70.2, 70.4, 36.8, 22.6, 46.3, 45.7, 39.7, 38.9, 21.8, 22.4",16,86.7,2.532151397131553,15.366962432861328,16,11th Gen Intel(R) Core(TM) i7-11700 @ 2.50GHz,CPU
1,ppspd,0.711576627037037,206.66522598266602,"Predict, Predict, Speech, Predict, Detect","0.068614, 0.068873, 0.453767, 0.068775, 0.051547","47.360, 47.461, 31.860, 47.393, 32.590","500, 500, 54, 500, 500",286720,112640,/home/jyoti/Desktop/heterogeneous_edge/datasets/coco/images/val2017,/home/jyoti/Desktop/heterogeneous_edge/test-clean/LibriSpeech/test-clean/1580/141083,6136.984375,"48.0, 75.5, 39.7, 59.2, 58.4, 63.0, 54.9, 67.8, 47.4, 20.2, 61.1, 38.6, 36.7, 31.7, 40.4, 26.6",16,87.8,2.580006766732284,15.366962432861328,16,11th Gen Intel(R) Core(TM) i7-11700 @ 2.50GHz,CPU
1,ppspp,0.7272550637777777,221.2206585407257,"Predict, Predict, Speech, Predict, Predict","0.068691, 0.068838, 0.452394, 0.068611, 0.068721","47.366, 47.402, 31.811, 47.301, 47.342","500, 500, 54, 500, 500",286720,112640,/home/jyoti/Desktop/heterogeneous_edge/datasets/coco/images/val2017,/home/jyoti/Desktop/heterogeneous_edge/test-clean/LibriSpeech/test-clean/1580/141083,6177.97265625,"53.7, 73.7, 47.7, 52.0, 58.6, 70.4, 65.2, 48.9, 42.5, 22.0, 54.2, 45.4, 37.1, 25.9, 30.7, 47.0",16,85.5,2.569770066697332,15.366962432861328,16,11th Gen Intel(R) Core(TM) i7-11700 @ 2.50GHz,CPU
1,ppdss,1.0952790971111113,191.08256793022156,"Predict, Predict, Detect, Speech, Speech","0.068735, 0.068534, 0.051463, 0.455715, 0.450833","47.401, 47.273, 32.568, 32.081, 31.759","500, 500, 500, 54, 54",286720,112640,/home/jyoti/Desktop/heterogeneous_edge/datasets/coco/images/val2017,/home/jyoti/Desktop/heterogeneous_edge/test-clean/LibriSpeech/test-clean/1580/141083,6213.44140625,"61.6, 74.8, 38.1, 56.5, 73.7, 69.1, 62.7, 67.0, 31.6, 17.4, 62.4, 40.9, 17.7, 22.7, 29.6, 24.9",16,91.4,2.5238369941427052,15.366962432861328,16,11th Gen Intel(R) Core(TM) i7-11700 @ 2.50GHz,CPU
1,ppdsd,0.6927938767407408,192.016663312912,"Predict, Predict, Detect, Speech, Detect","0.068525, 0.068921, 0.050908, 0.452562, 0.051877","47.252, 47.524, 32.282, 32.209, 32.750","500, 500, 500, 54, 500",286720,112640,/home/jyoti/Desktop/heterogeneous_edge/datasets/coco/images/val2017,/home/jyoti/Desktop/heterogeneous_edge/test-clean/LibriSpeech/test-clean/1580/141083,6179.34765625,"56.0, 71.8, 44.9, 62.8, 54.2, 54.7, 69.7, 59.2, 38.5, 22.1, 55.1, 35.1, 40.4, 39.1, 24.9, 35.6",16,89.8,2.529526615466102,15.366962432861328,16,11th Gen Intel(R) Core(TM) i7-11700 @ 2.50GHz,CPU
1,ppdsp,0.7083235103703704,207.3688144683838,"Predict, Predict, Detect, Speech, Predict","0.068773, 0.068670, 0.052474, 0.449636, 0.068770","47.427, 47.319, 33.122, 32.151, 47.350","500, 500, 500, 54, 500",286720,112640,/home/jyoti/Desktop/heterogeneous_edge/datasets/coco/images/val2017,/home/jyoti/Desktop/heterogeneous_edge/test-clean/LibriSpeech/test-clean/1580/141083,6197.8359375,"45.9, 73.9, 43.8, 50.2, 51.8, 65.4, 60.9, 57.4, 49.9, 21.1, 56.3, 48.7, 43.1, 30.2, 35.9, 37.3",16,92.6,2.5539552870461235,15.366962432861328,16,11th Gen Intel(R) Core(TM) i7-11700 @ 2.50GHz,CPU
1,ppdds,0.6906976103703704,191.3467195034027,"Predict, Predict, Detect, Detect, Speech","0.068607, 0.068947, 0.051515, 0.050397, 0.451232","47.321, 47.545, 32.571, 32.003, 31.906","500, 500, 500, 500, 54",286720,112640,/home/jyoti/Desktop/heterogeneous_edge/datasets/coco/images/val2017,/home/jyoti/Desktop/heterogeneous_edge/test-clean/LibriSpeech/test-clean/1580/141083,6132.609375,"45.5, 74.3, 39.8, 42.3, 71.5, 71.1, 54.5, 56.8, 49.5, 21.0, 59.3, 55.9, 22.7, 23.0, 40.5, 37.7",16,93.8,2.5798210680127522,15.366962432861328,16,11th Gen Intel(R) Core(TM) i7-11700 @ 2.50GHz,CPU
1,ppddd,0.291756328,192.36365962028503,"Predict, Predict, Detect, Detect, Detect","0.068444, 0.068539, 0.051766, 0.051471, 0.051535","47.239, 47.310, 32.688, 32.540, 32.587","500, 500, 500, 500, 500",286720,,/home/jyoti/Desktop/heterogeneous_edge/datasets/coco/images/val2017,/home/jyoti/Desktop/heterogeneous_edge/test-clean/LibriSpeech/test-clean/1580/141083,4777.4765625,"36.1, 71.1, 57.0, 49.2, 66.6, 67.1, 70.4, 40.1, 61.1, 25.9, 45.5, 49.9, 29.6, 29.3, 26.1, 56.6",16,91.4,2.5725255021141646,15.366962432861328,16,11th Gen Intel(R) Core(TM) i7-11700 @ 2.50GHz,CPU
1,ppddp,0.30913506999999996,207.27778339385986,"Predict, Predict, Detect, Detect, Predict","0.068595, 0.068859, 0.051524, 0.051427, 0.068730","47.356, 47.468, 32.591, 32.546, 47.317","500, 500, 500, 500, 500",286720,,/home/jyoti/Desktop/heterogeneous_edge/datasets/coco/images/val2017,/home/jyoti/Desktop/heterogeneous_edge/test-clean/LibriSpeech/test-clean/1580/141083,4781.7265625,"33.2, 73.8, 59.1, 63.8, 65.4, 68.6, 72.9, 59.3, 64.1, 23.3, 43.0, 35.3, 31.5, 27.3, 23.0, 37.0",16,95.1,2.6137417811579984,15.366962432861328,16,11th Gen Intel(R) Core(TM) i7-11700 @ 2.50GHz,CPU
1,ppdps,0.7076383607407406,206.63859605789185,"Predict, Predict, Detect, Predict, Speech","0.069389, 0.068638, 0.050858, 0.068990, 0.449764","47.870, 47.384, 32.221, 47.552, 31.611","500, 500, 500, 500, 54",286720,112640,/home/jyoti/Desktop/heterogeneous_edge/datasets/coco/images/val2017,/home/jyoti/Desktop/heterogeneous_edge/test-clean/LibriSpeech/test-clean/1580/141083,6018.41796875,"40.2, 65.6, 61.6, 51.3, 66.2, 72.4, 65.6, 61.4, 56.1, 30.2, 38.8, 48.4, 30.1, 23.9, 30.2, 34.1",16,93.8,2.5708189591535433,15.366962432861328,16,11th Gen Intel(R) Core(TM) i7-11700 @ 2.50GHz,CPU
1,ppdpd,0.308530474,207.1498737335205,"Predict, Predict, Detect, Predict, Detect","0.068910, 0.068739, 0.051241, 0.068522, 0.051118","47.554, 47.447, 32.445, 47.342, 32.362","500, 500, 500, 500, 500",286720,,/home/jyoti/Desktop/heterogeneous_edge/datasets/coco/images/val2017,/home/jyoti/Desktop/heterogeneous_edge/test-clean/LibriSpeech/test-clean/1580/141083,4688.81640625,"38.9, 74.8, 57.6, 30.0, 48.5, 71.7, 72.1, 49.4, 58.0, 22.2, 43.2, 71.0, 49.4, 25.0, 26.6, 47.1",16,83.1,2.605518952404318,15.366962432861328,16,11th Gen Intel(R) Core(TM) i7-11700 @ 2.50GHz,CPU
1,ppdpp,0.32560879,221.825035572052,"Predict, Predict, Detect, Predict, Predict","0.068459, 0.068546, 0.051224, 0.068866, 0.068514","47.251, 47.259, 32.447, 47.500, 47.369","500, 500, 500, 500, 500",286720,,/home/jyoti/Desktop/heterogeneous_edge/datasets/coco/images/val2017,/home/jyoti/Desktop/heterogeneous_edge/test-clean/LibriSpeech/test-clean/1580/141083,4716.12109375,"50.4, 73.7, 53.4, 37.6, 58.0, 72.1, 62.7, 65.5, 47.3, 23.9, 49.4, 61.8, 39.6, 25.7, 35.0, 32.6",16,86.6,2.5870510894495413,15.366962432861328,16,11th Gen Intel(R) Core(TM) i7-11700 @ 2.50GHz,CPU
1,pppss,1.110909020814815,208.3113934993744,"Predict, Predict, Predict, Speech, Speech","0.071666, 0.069820, 0.068736, 0.450215, 0.450471","49.370, 48.094, 47.400, 31.693, 31.754","500, 500, 500, 54, 54",286720,112640,/home/jyoti/Desktop/heterogeneous_edge/datasets/coco/images/val2017,/home/jyoti/Desktop/heterogeneous_edge/test-clean/LibriSpeech/test-clean/1580/141083,6147.05078125,"45.9, 76.1, 46.4, 46.0, 61.7, 58.5, 72.5, 61.5, 53.7, 20.4, 55.1, 52.3, 34.0, 35.3, 24.3, 34.5",16,89.3,2.5806523704789837,15.366962432861328,16,11th Gen Intel(R) Core(TM) i7-11700 @ 2.50GHz,CPU
1,pppsd,0.7089371744444445,206.75044679641724,"Predict, Predict, Predict, Speech, Detect","0.068766, 0.068808, 0.068546, 0.451540, 0.051278","47.412, 47.417, 47.305, 32.162, 32.455","500, 500, 500, 54, 500",286720,112640,/home/jyoti/Desktop/heterogeneous_edge/datasets/coco/images/val2017,/home/jyoti/Desktop/heterogeneous_edge/test-clean/LibriSpeech/test-clean/1580/141083,6075.3359375,"44.0, 77.5, 53.5, 37.6, 56.1, 69.2, 61.3, 57.2, 51.4, 17.4, 45.2, 62.0, 38.5, 25.4, 34.0, 38.0",16,85.0,2.581904958169291,15.366962432861328,16,11th Gen Intel(R) Core(TM) i7-11700 @ 2.50GHz,CPU
1,pppsp,0.7255848762222222,222.02830410003662,"Predict, Predict, Predict, Speech, Predict","0.068753, 0.068941, 0.068722, 0.450182, 0.068987","47.392, 47.482, 47.494, 32.122, 47.539","500, 500, 500, 54, 500",286720,112640,/home/jyoti/Desktop/heterogeneous_edge/datasets/coco/images/val2017,/home/jyoti/Desktop/heterogeneous_edge/test-clean/LibriSpeech/test-clean/1580/141083,6109.56640625,"63.3, 82.1, 50.6, 46.8, 55.2, 68.5, 67.0, 63.5, 32.1, 13.0, 50.1, 52.0, 40.3, 27.0, 28.6, 32.5",16,86.0,2.5700223418881762,15.366962432861328,16,11th Gen Intel(R) Core(TM) i7-11700 @ 2.50GHz,CPU
1,pppds,0.7102446568148149,206.97575283050537,"Predict, Predict, Predict, Detect, Speech","0.068758, 0.068770, 0.068686, 0.051814, 0.452216","47.592, 47.442, 47.382, 32.746, 31.814","500, 500, 500, 500, 54",286720,112640,/home/jyoti/Desktop/heterogeneous_edge/datasets/coco/images/val2017,/home/jyoti/Desktop/heterogeneous_edge/test-clean/LibriSpeech/test-clean/1580/141083,6071.7734375,"56.9, 82.7, 50.8, 40.1, 58.8, 66.9, 70.2, 56.1, 38.8, 13.1, 49.1, 59.4, 36.5, 28.9, 25.1, 40.1",16,92.0,2.5770566002949855,15.366962432861328,16,11th Gen Intel(R) Core(TM) i7-11700 @ 2.50GHz,CPU
1,pppdd,0.30888918,207.2360019683838,"Predict, Predict, Predict, Detect, Detect","0.068539, 0.068807, 0.068439, 0.051589, 0.051515","47.433, 47.399, 47.230, 32.582, 32.592","500, 500, 500, 500, 500",286720,,/home/jyoti/Desktop/heterogeneous_edge/datasets/coco/images/val2017,/home/jyoti/Desktop/heterogeneous_edge/test-clean/LibriSpeech/test-clean/1580/141083,4782.93359375,"51.3, 81.4, 56.9, 46.2, 51.9, 74.7, 77.0, 52.3, 45.6, 15.5, 42.3, 55.5, 44.9, 22.0, 19.5, 43.8",16,88.8,2.6030041707556433,15.366962432861328,16,11th Gen Intel(R) Core(TM) i7-11700 @ 2.50GHz,CPU
1,pppdp,0.329932624,224.4730668067932,"Predict, Predict, Predict, Detect, Predict","0.070595, 0.068983, 0.069090, 0.051624, 0.069641","48.580, 47.534, 47.670, 32.623, 48.067","500, 500, 500, 500, 500",286720,,/home/jyoti/Desktop/heterogeneous_edge/datasets/coco/images/val2017,/home/jyoti/Desktop/heterogeneous_edge/test-clean/LibriSpeech/test-clean/1580/141083,5103.15234375,"43.4, 67.3, 52.2, 51.5, 69.6, 59.1, 74.5, 63.3, 55.2, 30.4, 51.0, 49.6, 27.8, 39.4, 24.6, 35.9",16,92.6,2.652700249320036,15.366962432861328,16,11th Gen Intel(R) Core(TM) i7-11700 @ 2.50GHz,CPU
1,pppps,0.7285626245185186,222.17569637298584,"Predict, Predict, Predict, Predict, Speech","0.068824, 0.068772, 0.068932, 0.069080, 0.452954","47.471, 47.474, 47.413, 47.587, 32.231","500, 500, 500, 500, 54",286720,112640,/home/jyoti/Desktop/heterogeneous_edge/datasets/coco/images/val2017,/home/jyoti/Desktop/heterogeneous_edge/test-clean/LibriSpeech/test-clean/1580/141083,6105.89453125,"49.7, 69.2, 62.9, 52.3, 60.2, 57.7, 69.0, 68.0, 46.2, 26.5, 37.8, 47.0, 35.9, 39.1, 26.8, 28.0",16,88.7,2.6111553047662697,15.366962432861328,16,11th Gen Intel(R) Core(TM) i7-11700 @ 2.50GHz,CPU
1,ppppd,0.327872154,223.11770296096802,"Predict, Predict, Predict, Predict, Detect","0.068995, 0.069294, 0.068857, 0.068773, 0.051952","47.627, 47.759, 47.547, 47.377, 32.807","500, 500, 500, 500, 500",286720,,/home/jyoti/Desktop/heterogeneous_edge/datasets/coco/images/val2017,/home/jyoti/Desktop/heterogeneous_edge/test-clean/LibriSpeech/test-clean/1580/141083,4855.55859375,"50.7, 70.2, 47.3, 60.0, 64.8, 57.1, 46.4, 72.9, 47.2, 28.7, 54.9, 40.7, 33.8, 40.8, 51.8, 25.7",16,91.4,2.6108099908759126,15.366962432861328,16,11th Gen Intel(R) Core(TM) i7-11700 @ 2.50GHz,CPU
1,ppppp,0.343839188,237.03125166893005,"Predict, Predict, Predict, Predict, Predict","0.068921, 0.068462, 0.068914, 0.068828, 0.068714","47.487, 47.206, 47.474, 47.427, 47.437","500, 500, 500, 500, 500",286720,,/home/jyoti/Desktop/heterogeneous_edge/datasets/coco/images/val2017,/home/jyoti/Desktop/heterogeneous_edge/test-clean/LibriSpeech/test-clean/1580/141083,4864.69921875,"48.3, 66.4, 46.9, 65.8, 69.1, 70.9, 76.8, 70.7, 50.9, 32.4, 54.9, 34.9, 28.2, 27.1, 21.0, 28.3",16,90.1,2.6058788122852237,15.366962432861328,16,11th Gen Intel(R) Core(TM) i7-11700 @ 2.50GHz,CPU
