request_id,request_type,computation_delay,propagation_delay,transmission_delay,queueing_delay,total_latency
0,s,0.023128,0.005500,0.019200,37.846680,47.828351
1,s,0.023128,0.005600,0.022000,44.675293,50.728351
2,s,0.023128,0.020000,0.018500,51.381348,61.628351
3,s,0.023128,0.071400,0.019200,58.018799,113.728351
8,p,0.003780,0.006750,0.020000,35.890381,30.529849
9,d,0.002385,0.016350,0.021500,46.352783,40.235393
10,s,0.023128,0.015900,0.020000,53.763184,59.028351
11,s,0.023128,0.058700,0.022000,60.885254,103.828351
4,s,0.023128,0.006150,0.022000,23.167236,51.278351
5,s,0.023128,0.007150,0.018500,30.792969,48.778351
6,d,0.002385,0.054550,0.021500,38.055664,78.435393
7,s,0.023128,0.107150,0.018500,44.917236,148.778351
12,p,0.003780,0.004150,0.022000,35.442627,29.929849
13,s,0.023128,0.006800,0.022000,45.770264,51.928351
14,s,0.023128,0.011750,0.022000,54.177246,56.878351
15,d,0.002385,0.112250,0.022000,62.912842,136.635393
16,d,0.002385,0.004550,0.018500,10.013428,25.435393
17,s,0.023128,0.004450,0.020000,16.732910,47.578351
18,d,0.002385,0.041950,0.020000,23.653076,64.335393
19,s,0.023128,0.136000,0.020000,30.347900,179.128351
20,s,0.023128,0.006000,0.019200,22.815918,48.328351
21,d,0.002385,0.010800,0.018500,31.510498,31.685393
22,p,0.003780,0.011100,0.018500,52.439697,33.379849
23,s,0.023128,0.040200,0.019200,62.577393,82.528351
24,p,0.003780,0.004500,0.021500,36.700928,29.779849
25,s,0.023128,0.025500,0.019200,45.717529,67.828351
26,p,0.003780,0.003800,0.022000,63.917969,29.579849
27,d,0.002385,0.004500,0.022000,73.196045,28.885393
28,p,0.003780,0.005150,0.020000,20.376953,28.929849
29,p,0.003780,0.017000,0.018500,41.562744,39.279849
30,s,0.023128,0.070650,0.021500,50.826904,115.278351
31,d,0.002385,0.003850,0.021500,58.128906,27.735393
36,p,0.003780,0.004550,0.022000,34.238037,30.329849
37,d,0.002385,0.011000,0.021500,43.658203,34.885393
38,p,0.003780,0.093350,0.022000,61.586914,119.129849
39,d,0.002385,0.005100,0.022000,70.844482,29.485393
32,d,0.002385,0.004850,0.020000,23.753662,27.235393
33,d,0.002385,0.015150,0.021500,31.767334,39.035393
34,s,0.023128,0.105550,0.022000,38.568359,150.678351
35,d,0.002385,0.119500,0.021500,45.509277,143.385393
40,p,0.003780,0.012450,0.021500,35.288086,37.729849
41,p,0.003780,0.018250,0.018500,55.465820,40.529849
42,p,0.003780,0.074300,0.022000,75.677734,100.079849
43,d,0.002385,0.004450,0.018500,85.328613,25.335393
44,p,0.003780,0.006050,0.022000,18.585693,31.829849
45,p,0.003780,0.013050,0.018500,39.071533,35.329849
46,s,0.023128,0.017700,0.021500,48.059814,62.328351
47,d,0.002385,0.033400,0.021500,55.178955,57.285393
48,d,0.002385,0.004600,0.018500,22.967529,25.485393
49,d,0.002385,0.019750,0.021500,30.918457,43.635393
50,s,0.023128,0.038450,0.019200,37.675781,80.778351
51,d,0.002385,0.153000,0.020000,44.636230,175.385393
52,s,0.023128,0.004600,0.018500,22.794678,46.228351
53,d,0.002385,0.008400,0.020000,30.700684,30.785393
54,d,0.002385,0.045800,0.020000,38.102295,68.185393
55,d,0.002385,0.040100,0.019200,45.477539,61.685393
60,s,0.023128,0.005350,0.022000,23.376953,50.478351
61,p,0.003780,0.018850,0.022000,42.463379,44.629849
62,s,0.023128,0.077550,0.021500,51.568604,122.178351
63,p,0.003780,0.112800,0.021500,69.641846,138.079849
56,d,0.002385,0.010900,0.018500,23.652832,31.785393
57,s,0.023128,0.017250,0.022000,31.092285,62.378351
58,s,0.023128,0.039300,0.019200,37.785645,81.628351
59,s,0.023128,0.045950,0.020000,44.613037,89.078351
64,d,0.002385,0.022500,0.018500,22.785889,43.385393
65,s,0.023128,0.008650,0.021500,30.083252,53.278351
66,d,0.002385,0.027000,0.021500,37.167480,50.885393
67,p,0.003780,0.100800,0.020000,55.400635,124.579849
68,d,0.002385,0.004250,0.022000,18.858887,28.635393
69,s,0.023128,0.005050,0.020000,27.442627,48.178351
70,p,0.003780,0.018750,0.018500,47.796387,41.029849
71,s,0.023128,0.006000,0.021500,57.648926,50.628351
72,s,0.023128,0.005100,0.020000,23.204346,48.228351
73,s,0.023128,0.011500,0.020000,30.803223,54.628351
74,p,0.003780,0.098500,0.019200,49.005615,121.479849
75,p,0.003780,0.015300,0.022000,69.239014,41.079849
76,p,0.003780,0.005300,0.021500,34.883057,30.579849
77,d,0.002385,0.011450,0.022000,44.207275,35.835393
78,s,0.023128,0.027000,0.018500,50.928223,68.628351
79,p,0.003780,0.023250,0.021500,69.171631,48.529849
80,p,0.003780,0.004800,0.022000,35.627686,30.579849
81,s,0.023128,0.008800,0.018500,44.699707,50.428351
82,s,0.023128,0.028950,0.019200,51.431641,71.278351
83,p,0.003780,0.047150,0.018500,69.395264,69.429849
84,p,0.003780,0.004400,0.022000,34.979492,30.179849
85,s,0.023128,0.013550,0.021500,44.000488,58.178351
86,p,0.003780,0.060200,0.022000,62.001953,85.979849
87,s,0.023128,0.004950,0.018500,71.291016,46.578351
88,d,0.002385,0.010350,0.021500,23.386719,34.235393
89,d,0.002385,0.020150,0.022000,31.153809,44.535393
90,s,0.023128,0.071100,0.022000,37.894531,116.228351
91,p,0.003780,0.040200,0.019200,56.227295,63.179849
96,p,0.003780,0.004950,0.022000,20.368408,30.729849
97,p,0.003780,0.019800,0.019200,42.697510,42.779849
98,p,0.003780,0.092450,0.018500,64.328613,114.729849
99,s,0.023128,0.005200,0.019200,73.725830,47.528351
92,p,0.003780,0.004850,0.020000,37.619873,28.629849
93,s,0.023128,0.015450,0.019200,46.624023,57.778351
94,s,0.023128,0.061250,0.018500,53.370361,102.878351
95,d,0.002385,0.047150,0.020000,60.489258,69.535393
104,d,0.002385,0.006250,0.021500,9.821289,30.135393
105,s,0.023128,0.012500,0.019200,16.614014,54.828351
106,s,0.023128,0.043600,0.020000,23.273926,86.728351
107,p,0.003780,0.109500,0.020000,41.740723,133.279849
108,p,0.003780,0.004850,0.021500,33.849854,30.129849
109,p,0.003780,0.025050,0.022000,54.317871,50.829849
110,p,0.003780,0.036300,0.019200,74.486084,59.279849
111,d,0.002385,0.004450,0.022000,83.932861,28.835393
100,s,0.023128,0.004750,0.018500,22.874756,46.378351
101,d,0.002385,0.018450,0.022000,30.741455,42.835393
102,p,0.003780,0.086700,0.022000,49.473633,112.479849
103,s,0.023128,0.100250,0.018500,58.508545,141.878351
116,d,0.002385,0.004400,0.018500,23.439453,25.285393
117,p,0.003780,0.007550,0.018500,42.294434,29.829849
118,p,0.003780,0.081050,0.018500,62.449463,103.329849
119,d,0.002385,0.004450,0.021500,71.723145,28.335393
112,p,0.003780,0.006450,0.022000,35.076904,32.229849
113,d,0.002385,0.018300,0.022000,44.366699,42.685393
114,d,0.002385,0.027950,0.019200,51.412354,49.535393
115,d,0.002385,0.057100,0.019200,58.671875,78.685393
120,s,0.023128,0.004250,0.022000,13.112549,49.378351
121,d,0.002385,0.014150,0.021500,21.259277,38.035393
122,d,0.002385,0.018750,0.020000,29.145752,41.135393
123,d,0.002385,0.095050,0.020000,36.919678,117.435393
124,s,0.023128,0.005000,0.019200,22.949463,47.328351
125,s,0.023128,0.006500,0.020000,30.512695,49.628351
126,d,0.002385,0.070150,0.020000,37.911865,92.535393
127,p,0.003780,0.045150,0.019200,56.598633,68.129849
132,d,0.002385,0.006300,0.020000,9.627441,28.685393
133,d,0.002385,0.008200,0.021500,17.048828,32.085393
134,s,0.023128,0.061950,0.018500,24.023193,103.578351
135,d,0.002385,0.084250,0.018500,30.954346,105.135393
128,s,0.023128,0.005550,0.020000,22.380859,48.678351
129,s,0.023128,0.018150,0.022000,29.773193,63.278351
130,p,0.003780,0.092450,0.022000,48.372559,118.229849
131,p,0.003780,0.080000,0.022000,68.534424,105.779849
136,d,0.002385,0.006400,0.018500,9.866943,27.285393
137,p,0.003780,0.015500,0.022000,28.151855,41.279849
138,p,0.003780,0.099050,0.021500,48.286621,124.329849
139,p,0.003780,0.005100,0.020000,68.556152,28.879849
140,p,0.003780,0.005550,0.018500,35.351074,27.829849
141,s,0.023128,0.009550,0.019200,44.418701,51.878351
142,s,0.023128,0.030050,0.021500,51.113770,74.678351
143,p,0.003780,0.053700,0.022000,69.171631,79.479849
144,s,0.023128,0.004600,0.022000,7.322754,49.728351
145,s,0.023128,0.008400,0.022000,14.548340,53.528351
146,s,0.023128,0.114600,0.018500,22.165283,156.228351
147,d,0.002385,0.029350,0.021500,29.817139,53.235393
148,d,0.002385,0.005800,0.018500,23.627930,26.685393
149,d,0.002385,0.026400,0.022000,31.358398,50.785393
150,d,0.002385,0.027500,0.021500,39.383789,51.385393
151,p,0.003780,0.101400,0.018500,57.522217,123.679849
152,d,0.002385,0.005200,0.022000,21.134277,29.585393
153,s,0.023128,0.009050,0.019200,28.362793,51.378351
154,d,0.002385,0.015350,0.018500,35.294922,36.235393
155,p,0.003780,0.042550,0.022000,53.446045,68.329849
160,d,0.002385,0.007900,0.022000,23.717041,32.285393
161,p,0.003780,0.013450,0.020000,42.674316,37.229849
162,p,0.003780,0.020850,0.022000,62.964600,46.629849
163,s,0.023128,0.005650,0.018500,71.926270,47.278351
156,p,0.003780,0.004400,0.020000,35.009521,28.179849
157,s,0.023128,0.010650,0.018500,45.144043,52.278351
158,p,0.003780,0.135050,0.021500,65.034424,160.329849
159,p,0.003780,0.004400,0.021500,86.779541,29.679849
164,p,0.003780,0.006000,0.019200,23.789551,28.979849
165,p,0.003780,0.005150,0.020000,43.931641,28.929849
166,p,0.003780,0.022950,0.018500,64.226074,45.229849
167,d,0.002385,0.005150,0.018500,73.755127,26.035393
168,p,0.003780,0.004600,0.021500,26.366699,29.879849
169,s,0.023128,0.011000,0.021500,35.677979,55.628351
170,d,0.002385,0.017800,0.021500,42.701904,41.685393
171,s,0.023128,0.046050,0.021500,49.458740,90.678351
172,s,0.023128,0.008450,0.019200,22.674072,50.778351
173,p,0.003780,0.012650,0.018500,41.781006,34.929849
174,d,0.002385,0.036550,0.022000,51.210938,60.935393
175,p,0.003780,0.073450,0.019200,69.146729,96.429849
176,s,0.023128,0.004300,0.020000,23.366211,47.428351
177,d,0.002385,0.011850,0.018500,31.237549,32.735393
178,p,0.003780,0.039000,0.019200,49.325928,61.979849
179,d,0.002385,0.051400,0.019200,58.604004,72.985393
184,p,0.003780,0.004600,0.021500,20.769043,29.879849
185,s,0.023128,0.009150,0.018500,29.811035,50.778351
186,d,0.002385,0.089600,0.020000,37.229248,111.985393
187,d,0.002385,0.171950,0.022000,44.291748,196.335393
180,d,0.002385,0.005700,0.020000,20.647217,28.085393
181,d,0.002385,0.019800,0.020000,28.500732,42.185393
182,d,0.002385,0.083600,0.020000,36.287109,105.985393
183,s,0.023128,0.073150,0.021500,43.795654,117.778351
188,d,0.002385,0.004950,0.018500,23.171631,25.835393
189,d,0.002385,0.032600,0.020000,31.215088,54.985393
190,d,0.002385,0.097050,0.021500,38.394775,120.935393
191,s,0.023128,0.016400,0.018500,45.145264,58.028351
192,s,0.023128,0.010550,0.018500,10.551758,52.178351
193,d,0.002385,0.009200,0.022000,20.943848,33.585393
194,s,0.023128,0.070650,0.021500,28.524414,115.278351
195,d,0.002385,0.085800,0.021500,36.024414,109.685393
196,s,0.023128,0.005450,0.019200,21.237549,47.778351
197,d,0.002385,0.009900,0.021500,28.915527,33.785393
198,p,0.003780,0.014350,0.020000,46.953125,38.129849
199,p,0.003780,0.055900,0.018500,67.504395,78.179849
200,d,0.002385,0.012050,0.021500,9.240967,35.935393
201,p,0.003780,0.013850,0.022000,27.380615,39.629849
202,s,0.023128,0.031550,0.021500,36.542236,76.178351
203,p,0.003780,0.086450,0.022000,54.330078,112.229849
204,s,0.023128,0.004450,0.020000,22.976807,47.578351
205,d,0.002385,0.035000,0.021500,30.851807,58.885393
206,p,0.003780,0.079550,0.021500,48.905273,104.829849
207,s,0.023128,0.083300,0.018500,57.850342,124.928351
208,p,0.003780,0.006550,0.022000,32.138672,32.329849
209,p,0.003780,0.065300,0.020000,52.294922,89.079849
210,p,0.003780,0.099600,0.019200,72.386230,122.579849
211,s,0.023128,0.006450,0.019200,81.346191,48.778351
212,p,0.003780,0.005750,0.022000,20.897217,31.529849
213,d,0.002385,0.010950,0.021500,30.259766,34.835393
214,d,0.002385,0.063150,0.018500,37.685791,84.035393
215,d,0.002385,0.049650,0.021500,44.856201,73.535393
216,d,0.002385,0.004900,0.018500,14.168213,25.785393
217,s,0.023128,0.031450,0.019200,28.696777,73.778351
218,p,0.003780,0.096800,0.018500,48.393311,119.079849
219,p,0.003780,0.004350,0.020000,69.421143,28.129849
220,s,0.023128,0.004350,0.021500,22.709961,48.978351
221,s,0.023128,0.011400,0.020000,30.354004,54.528351
222,p,0.003780,0.027350,0.018500,48.438232,49.629849
223,s,0.023128,0.068100,0.019200,57.367920,110.428351
224,p,0.003780,0.004900,0.022000,34.773682,30.679849
225,d,0.002385,0.013700,0.020000,44.316650,36.085393
226,d,0.002385,0.071100,0.021500,51.327881,94.985393
227,d,0.002385,0.103800,0.021500,58.445801,127.685393
228,d,0.002385,0.004750,0.019200,22.088623,26.335393
229,p,0.003780,0.013250,0.021500,40.996094,38.529849
230,d,0.002385,0.091650,0.020000,50.590576,114.035393
231,s,0.023128,0.005750,0.022000,57.424805,50.878351
232,p,0.003780,0.005350,0.021500,17.640137,30.629849
233,p,0.003780,0.016950,0.019200,37.967529,39.929849
234,p,0.003780,0.025700,0.021500,58.458252,50.979849
235,d,0.002385,0.004850,0.019200,68.188721,26.435393
236,s,0.023128,0.005700,0.022000,22.801270,50.828351
237,p,0.003780,0.015500,0.022000,41.699219,41.279849
238,d,0.002385,0.019650,0.019200,51.314453,41.235393
239,p,0.003780,0.062100,0.019200,70.390137,85.079849
240,p,0.003780,0.004650,0.019200,34.451172,27.629849
241,p,0.003780,0.070050,0.020000,54.927979,93.829849
242,p,0.003780,0.081850,0.020000,75.518799,105.629849
243,p,0.003780,0.005500,0.019200,95.702637,28.479849
248,p,0.003780,0.004750,0.020000,20.821777,28.529849
249,d,0.002385,0.017250,0.022000,30.187012,41.635393
250,p,0.003780,0.118100,0.018500,48.271729,140.379849
251,s,0.023128,0.004000,0.019200,57.336182,46.328351
244,s,0.023128,0.004600,0.020000,11.493896,47.728351
245,p,0.003780,0.013100,0.021500,31.618164,38.379849
246,s,0.023128,0.111100,0.018500,41.130859,152.728351
247,s,0.023128,0.131650,0.019200,48.179688,173.978351
252,p,0.003780,0.004700,0.020000,30.340576,28.479849
253,s,0.023128,0.031850,0.018500,40.612061,73.478351
254,d,0.002385,0.025700,0.019200,48.296387,47.285393
255,p,0.003780,0.079300,0.020000,67.519775,103.079849
256,d,0.002385,0.005500,0.020000,23.687988,27.885393
257,s,0.023128,0.017250,0.022000,31.089600,62.378351
258,s,0.023128,0.071450,0.019200,37.838623,113.778351
259,p,0.003780,0.123900,0.018500,56.080811,146.179849
260,s,0.023128,0.004800,0.020000,23.083008,47.928351
261,d,0.002385,0.009050,0.019200,30.927734,30.635393
262,d,0.002385,0.083700,0.022000,37.976074,108.085393
263,p,0.003780,0.071750,0.019200,56.096191,94.729849
264,s,0.023128,0.004700,0.020000,23.107666,47.828351
265,s,0.023128,0.013450,0.019200,30.847900,55.778351
266,s,0.023128,0.121800,0.020000,37.563721,164.928351
267,s,0.023128,0.020350,0.020000,44.224854,63.478351
268,d,0.002385,0.004900,0.020000,23.189941,27.285393
269,d,0.002385,0.016950,0.021500,31.346924,40.835393
270,s,0.023128,0.045450,0.021500,38.321045,90.078351
271,p,0.003780,0.074050,0.022000,56.849121,99.829849
272,p,0.003780,0.004400,0.019200,21.930176,27.379849
273,d,0.002385,0.009500,0.018500,32.545898,30.385393
274,s,0.023128,0.085950,0.018500,40.319580,127.578351
275,p,0.003780,0.066950,0.022000,59.057129,92.729849
280,d,0.002385,0.005850,0.021500,23.868652,29.735393
281,d,0.002385,0.009300,0.022000,31.909668,33.685393
282,d,0.002385,0.054650,0.018500,39.018555,75.535393
283,s,0.023128,0.080000,0.020000,45.883545,123.128351
276,d,0.002385,0.005200,0.018500,22.849365,26.085393
277,p,0.003780,0.010900,0.018500,42.052490,33.179849
278,p,0.003780,0.029450,0.020000,62.283203,53.229849
279,s,0.023128,0.006300,0.021500,71.275146,50.928351
284,s,0.023128,0.005200,0.021500,21.219482,49.828351
285,s,0.023128,0.012050,0.021500,28.777344,56.678351
286,d,0.002385,0.020850,0.018500,35.829590,41.735393
287,d,0.002385,0.071400,0.020000,43.069824,93.785393
288,d,0.002385,0.005050,0.022000,23.684814,29.435393
289,p,0.003780,0.006650,0.018500,42.813721,28.929849
290,p,0.003780,0.065700,0.022000,63.035645,91.479849
291,p,0.003780,0.004900,0.018500,83.598877,27.179849
292,s,0.023128,0.004750,0.021500,22.981445,49.378351
293,p,0.003780,0.013000,0.021500,42.145752,38.279849
294,p,0.003780,0.009300,0.018500,62.731689,31.579849
295,p,0.003780,0.088200,0.018500,84.919922,110.479849
296,s,0.023128,0.007850,0.019200,23.261719,50.178351
297,p,0.003780,0.009150,0.021500,45.957031,34.429849
298,d,0.002385,0.040900,0.018500,55.743408,61.785393
299,d,0.002385,0.031100,0.022000,62.925537,55.485393
300,p,0.003780,0.007300,0.018500,21.425049,29.579849
301,p,0.003780,0.027300,0.020000,42.339355,51.079849
302,s,0.023128,0.099350,0.019200,51.455811,141.678351
303,p,0.003780,0.005650,0.020000,69.680908,29.429849
304,d,0.002385,0.004900,0.021500,23.840820,28.785393
305,p,0.003780,0.017900,0.020000,42.616943,41.679849
306,s,0.023128,0.011850,0.018500,51.739502,53.478351
307,s,0.023128,0.012450,0.019200,58.480225,54.778351
308,d,0.002385,0.004900,0.021500,22.560303,28.785393
309,s,0.023128,0.012800,0.022000,30.042725,57.928351
310,s,0.023128,0.023250,0.019200,36.793701,65.578351
311,d,0.002385,0.051900,0.021500,43.861816,75.785393
312,s,0.023128,0.005750,0.019200,23.465088,48.078351
313,s,0.023128,0.008950,0.019200,31.117432,51.278351
314,p,0.003780,0.038600,0.021500,49.289062,63.879849
315,d,0.002385,0.103800,0.019200,58.987793,125.385393
320,d,0.002385,0.004700,0.022000,23.464355,29.085393
321,s,0.023128,0.009150,0.020000,30.913574,52.278351
322,d,0.002385,0.097050,0.021500,37.912598,120.935393
323,p,0.003780,0.131700,0.020000,56.306396,155.479849
316,d,0.002385,0.004450,0.020000,22.832031,26.835393
317,p,0.003780,0.019800,0.022000,41.713867,45.579849
318,d,0.002385,0.039500,0.021500,51.009033,63.385393
319,s,0.023128,0.005550,0.022000,57.907227,50.678351
324,p,0.003780,0.016150,0.020000,32.711914,39.929849
325,p,0.003780,0.007950,0.021500,54.820801,33.229849
326,s,0.023128,0.025700,0.022000,64.406982,70.828351
327,s,0.023128,0.071150,0.022000,71.543457,116.278351
328,p,0.003780,0.004550,0.019200,35.300049,27.529849
329,s,0.023128,0.011600,0.021500,44.398438,56.228351
330,s,0.023128,0.098500,0.022000,51.138672,143.628351
331,s,0.023128,0.103100,0.020000,57.886719,146.228351
332,s,0.023128,0.005050,0.022000,23.163818,50.178351
333,p,0.003780,0.038150,0.020000,42.140869,61.929849
334,p,0.003780,0.017850,0.022000,62.485107,43.629849
335,d,0.002385,0.140250,0.018500,71.768066,161.135393
336,p,0.003780,0.004750,0.019200,35.485840,27.729849
337,d,0.002385,0.015450,0.022000,45.185059,39.835393
338,d,0.002385,0.106600,0.022000,52.417725,130.985393
339,d,0.002385,0.115850,0.019200,60.049316,137.435393
344,d,0.002385,0.004550,0.018500,12.187500,25.435393
345,p,0.003780,0.020350,0.021500,30.348633,45.629849
346,d,0.002385,0.071800,0.018500,39.892578,92.685393
347,d,0.002385,0.005400,0.019200,47.051514,26.985393
340,p,0.003780,0.005800,0.022000,31.666016,31.579849
341,s,0.023128,0.010500,0.020000,40.962891,53.628351
342,p,0.003780,0.057000,0.020000,58.993408,80.779849
343,s,0.023128,0.096600,0.022000,67.990967,141.728351
348,d,0.002385,0.005250,0.019200,23.423584,26.835393
349,d,0.002385,0.021150,0.022000,31.376709,45.535393
350,p,0.003780,0.054400,0.018500,49.814697,76.679849
351,d,0.002385,0.004500,0.021500,59.196289,28.385393
352,p,0.003780,0.006650,0.019200,42.360596,29.629849
353,s,0.023128,0.020900,0.018500,52.014404,62.528351
354,p,0.003780,0.031900,0.020000,70.113037,55.679849
355,d,0.002385,0.004450,0.021500,79.413330,28.335393
356,s,0.023128,0.004550,0.020000,24.206299,47.678351
357,d,0.002385,0.014350,0.020000,33.435059,36.735393
358,s,0.023128,0.070150,0.018500,40.234619,111.778351
359,p,0.003780,0.063100,0.018500,58.646240,85.379849
364,d,0.002385,0.005950,0.018500,9.904053,26.835393
365,s,0.023128,0.011350,0.018500,17.474365,52.978351
366,s,0.023128,0.018750,0.018500,24.654297,60.378351
367,s,0.023128,0.052250,0.020000,31.789795,95.378351
360,d,0.002385,0.005000,0.022000,23.451416,29.385393
361,d,0.002385,0.014350,0.020000,31.307129,36.735393
362,d,0.002385,0.013650,0.019200,38.524658,35.235393
363,s,0.023128,0.128600,0.018500,45.444824,170.228351
368,p,0.003780,0.005150,0.019200,20.353760,28.129849
369,s,0.023128,0.011800,0.021500,29.444580,56.428351
370,p,0.003780,0.120250,0.021500,47.839111,145.529849
371,p,0.003780,0.007250,0.021500,68.053711,32.529849
372,p,0.003780,0.004900,0.019200,35.697754,27.879849
373,d,0.002385,0.011450,0.018500,46.137939,32.335393
374,s,0.023128,0.036300,0.018500,53.767334,77.928351
375,s,0.023128,0.094750,0.022000,61.314209,139.878351
376,d,0.002385,0.007900,0.021500,23.656982,31.785393
377,s,0.023128,0.008800,0.021500,31.281250,53.428351
378,p,0.003780,0.071000,0.018500,49.484619,93.279849
379,s,0.023128,0.097300,0.019200,58.517334,139.628351
388,s,0.023128,0.004700,0.018500,9.123291,46.328351
389,s,0.023128,0.020700,0.019200,15.932861,63.028351
390,s,0.023128,0.070650,0.018500,22.691406,112.278351
391,p,0.003780,0.098150,0.019200,41.021484,121.129849
384,p,0.003780,0.009200,0.018500,35.317627,31.479849
385,d,0.002385,0.011950,0.019200,44.844482,33.535393
386,s,0.023128,0.018200,0.018500,51.680664,59.828351
387,s,0.023128,0.104800,0.020000,58.416504,147.928351
380,s,0.023128,0.009500,0.018500,22.481445,51.128351
381,s,0.023128,0.016200,0.021500,29.835938,60.828351
382,p,0.003780,0.043950,0.018500,48.087158,66.229849
383,s,0.023128,0.037100,0.020000,57.488770,80.228351
392,p,0.003780,0.003650,0.022000,27.468750,29.429849
393,p,0.003780,0.045550,0.022000,48.645752,71.329849
394,p,0.003780,0.059200,0.019200,69.078369,82.179849
395,s,0.023128,0.004800,0.018500,78.147949,46.428351
396,s,0.023128,0.004450,0.018500,9.049805,46.078351
397,s,0.023128,0.011700,0.021500,15.789307,56.328351
398,s,0.023128,0.026400,0.022000,22.471680,71.528351
399,s,0.023128,0.053250,0.022000,29.588379,98.378351
400,s,0.023128,0.004550,0.022000,22.368408,49.678351
401,d,0.002385,0.015600,0.018500,30.187988,36.485393
402,d,0.002385,0.026150,0.019200,37.201416,47.735393
403,d,0.002385,0.016300,0.022000,44.228027,40.685393
404,p,0.003780,0.004950,0.021500,46.627930,30.229849
405,s,0.023128,0.025850,0.021500,55.611816,70.478351
406,p,0.003780,0.044800,0.019200,73.767090,67.779849
407,p,0.003780,0.004300,0.022000,93.906494,30.079849
412,p,0.003780,0.004650,0.019200,19.864258,27.629849
413,d,0.002385,0.013850,0.022000,29.996826,38.235393
414,d,0.002385,0.075050,0.019200,37.416260,96.635393
415,d,0.002385,0.038750,0.021500,44.563721,62.635393
416,s,0.023128,0.004650,0.020000,22.545654,47.778351
417,d,0.002385,0.008200,0.021500,30.448242,32.085393
418,d,0.002385,0.034250,0.019200,37.703369,55.835393
419,p,0.003780,0.009400,0.018500,56.995117,31.679849
420,p,0.003780,0.007850,0.022000,42.135254,33.629849
421,d,0.002385,0.006500,0.019200,51.485840,28.085393
422,p,0.003780,0.041800,0.022000,70.032471,67.579849
423,d,0.002385,0.039650,0.019200,79.327637,61.235393
408,p,0.003780,0.003500,0.018500,35.200684,25.779849
409,s,0.023128,0.006800,0.022000,44.443604,51.928351
410,p,0.003780,0.025250,0.020000,62.687012,49.029849
411,p,0.003780,0.004750,0.019200,82.959473,27.729849
424,p,0.003780,0.004650,0.020000,21.946289,28.429849
425,p,0.003780,0.012000,0.018500,44.180664,34.279849
426,s,0.023128,0.020750,0.022000,53.815186,65.878351
427,d,0.002385,0.004850,0.022000,61.206543,29.235393
428,s,0.023128,0.005100,0.022000,22.926270,50.228351
429,s,0.023128,0.007100,0.020000,30.606201,50.228351
430,d,0.002385,0.047400,0.019200,37.821045,68.985393
431,p,0.003780,0.054300,0.018500,55.997314,76.579849
432,s,0.023128,0.005200,0.019200,9.025635,47.528351
433,s,0.023128,0.011700,0.021500,15.789795,56.328351
434,d,0.002385,0.109450,0.020000,23.069824,131.835393
435,s,0.023128,0.076250,0.018500,29.921875,117.878351
436,s,0.023128,0.003900,0.022000,22.473145,49.028351
437,d,0.002385,0.011450,0.018500,30.258301,32.335393
438,s,0.023128,0.047100,0.021500,37.039795,91.728351
439,p,0.003780,0.044300,0.019200,55.201416,67.279849
440,s,0.023128,0.004850,0.022000,19.082520,49.978351
441,p,0.003780,0.010900,0.019200,37.768311,33.879849
442,d,0.002385,0.051500,0.020000,47.128662,73.885393
443,d,0.002385,0.090600,0.021500,54.340332,114.485393
444,d,0.002385,0.004350,0.018500,23.665039,25.235393
445,d,0.002385,0.018150,0.022000,31.711426,42.535393
446,s,0.023128,0.063150,0.021500,38.524170,107.778351
447,d,0.002385,0.076550,0.020000,45.525391,98.935393
448,s,0.023128,0.009550,0.020000,23.220947,52.678351
449,p,0.003780,0.008950,0.022000,42.246338,34.729849
450,p,0.003780,0.030050,0.022000,62.751953,55.829849
451,p,0.003780,0.029550,0.020000,84.696533,53.329849
452,d,0.002385,0.014300,0.021500,22.249512,38.185393
453,s,0.023128,0.017350,0.022000,29.592041,62.478351
454,d,0.002385,0.036550,0.019200,36.684570,58.135393
455,d,0.002385,0.051150,0.021500,43.811035,75.035393
460,s,0.023128,0.004350,0.018500,22.945557,45.978351
461,d,0.002385,0.009550,0.018500,30.843506,30.435393
462,s,0.023128,0.128250,0.021500,37.635010,172.878351
463,s,0.023128,0.054300,0.021500,44.491699,98.928351
456,s,0.023128,0.006000,0.019200,7.243896,48.328351
457,d,0.002385,0.017650,0.019200,15.572754,39.235393
458,d,0.002385,0.015850,0.021500,23.213867,39.735393
459,p,0.003780,0.049250,0.022000,42.255371,75.029849
464,p,0.003780,0.004750,0.018500,35.045166,27.029849
465,d,0.002385,0.029600,0.022000,44.970947,53.985393
466,p,0.003780,0.027450,0.020000,63.126709,51.229849
467,d,0.002385,0.004800,0.018500,72.493408,25.685393
468,p,0.003780,0.004750,0.018500,20.076172,27.029849
469,s,0.023128,0.016950,0.018500,29.181396,58.578351
470,d,0.002385,0.054650,0.020000,36.206055,77.035393
471,d,0.002385,0.153000,0.021500,43.313477,176.885393
472,d,0.002385,0.012900,0.018500,22.643311,33.785393
473,s,0.023128,0.020200,0.022000,30.163818,65.328351
474,s,0.023128,0.038850,0.018500,36.965088,80.478351
475,p,0.003780,0.017850,0.022000,55.055176,43.629849
476,p,0.003780,0.006000,0.022000,35.777588,31.779849
477,p,0.003780,0.032400,0.021500,56.054443,57.679849
478,s,0.023128,0.080400,0.022000,65.020996,125.528351
479,d,0.002385,0.015200,0.019200,72.038086,36.785393
480,s,0.023128,0.004300,0.020000,22.997070,47.428351
481,d,0.002385,0.018150,0.018500,31.116699,39.035393
482,d,0.002385,0.029150,0.020000,38.308105,51.535393
483,p,0.003780,0.137200,0.019200,56.752930,160.179849
488,s,0.023128,0.005550,0.020000,23.141113,48.678351
489,d,0.002385,0.018850,0.018500,31.058838,39.735393
490,s,0.023128,0.059850,0.019200,38.263184,102.178351
491,d,0.002385,0.100450,0.021500,45.335449,124.335393
484,p,0.003780,0.004900,0.020000,21.429688,28.679849
485,p,0.003780,0.011350,0.019200,42.946533,34.329849
486,p,0.003780,0.069450,0.021500,65.634766,94.729849
487,d,0.002385,0.004200,0.020000,75.680908,26.585393
492,s,0.023128,0.004350,0.019200,23.343262,46.678351
493,p,0.003780,0.027550,0.019200,42.386475,50.529849
494,p,0.003780,0.038750,0.021500,62.756348,64.029849
495,s,0.023128,0.083300,0.019200,71.835205,125.628351
496,p,0.003780,0.004850,0.019200,35.289062,27.829849
497,s,0.023128,0.014100,0.020000,44.395020,57.228351
498,s,0.023128,0.096150,0.020000,51.206299,139.278351
499,s,0.023128,0.054300,0.018500,57.930420,95.928351
500,s,0.023128,0.004900,0.018500,17.962646,46.528351
501,s,0.023128,0.006100,0.021500,25.729980,50.728351
502,d,0.002385,0.012750,0.022000,32.958496,37.135393
503,d,0.002385,0.075150,0.019200,40.087891,96.735393
504,p,0.003780,0.005100,0.018500,35.126221,27.379849
505,p,0.003780,0.013250,0.020000,55.579346,37.029849
506,d,0.002385,0.045450,0.022000,64.902344,69.835393
507,d,0.002385,0.005700,0.020000,71.941895,28.085393
508,p,0.003780,0.008950,0.022000,35.253418,34.729849
509,p,0.003780,0.007150,0.020000,55.874512,30.929849
510,p,0.003780,0.026400,0.022000,76.095459,52.179849
511,p,0.003780,0.004750,0.019200,96.472656,27.729849
512,s,0.023128,0.004800,0.018500,23.088623,46.428351
513,d,0.002385,0.015550,0.021500,31.026367,39.435393
514,p,0.003780,0.024300,0.018500,49.351074,46.579849
515,s,0.023128,0.021650,0.022000,58.290283,66.778351
516,d,0.002385,0.005200,0.021500,9.015625,29.085393
517,p,0.003780,0.024450,0.020000,30.104248,48.229849
518,p,0.003780,0.062100,0.019200,51.115967,85.079849
519,s,0.023128,0.005100,0.022000,60.393066,50.228351
520,d,0.002385,0.005400,0.022000,9.686523,29.785393
521,s,0.023128,0.058650,0.018500,16.473633,100.278351
522,d,0.002385,0.108650,0.021500,23.610840,132.535393
523,d,0.002385,0.125150,0.022000,30.704834,149.535393
528,s,0.023128,0.005000,0.021500,8.141602,49.628351
529,s,0.023128,0.014100,0.019200,17.945557,56.428351
530,d,0.002385,0.018750,0.018500,31.509277,39.635393
531,p,0.003780,0.120700,0.018500,51.095459,142.979849
524,d,0.002385,0.004950,0.022000,23.793213,29.335393
525,p,0.003780,0.012150,0.021500,42.340332,37.429849
526,s,0.023128,0.043950,0.018500,51.346191,85.578351
527,d,0.002385,0.112850,0.020000,58.424805,135.235393
536,d,0.002385,0.003700,0.022000,7.892822,28.085393
537,p,0.003780,0.016500,0.019200,27.312744,39.479849
538,s,0.023128,0.061950,0.021500,36.666992,106.578351
539,d,0.002385,0.012450,0.022000,43.665283,36.835393
532,d,0.002385,0.007850,0.022000,23.756348,32.235393
533,d,0.002385,0.017900,0.019200,31.400635,39.485393
534,s,0.023128,0.098650,0.019200,38.111084,140.978351
535,p,0.003780,0.041100,0.021500,56.591064,66.379849
540,p,0.003780,0.006300,0.018500,35.346436,28.579849
541,p,0.003780,0.013600,0.020000,56.272461,37.379849
542,s,0.023128,0.031350,0.019200,65.377197,73.678351
543,s,0.023128,0.009450,0.018500,72.188965,51.078351
544,p,0.003780,0.005550,0.020000,20.989258,29.329849
545,s,0.023128,0.019000,0.022000,30.160889,64.128351
546,p,0.003780,0.026350,0.019200,48.284912,49.329849
547,s,0.023128,0.004550,0.020000,57.840332,47.678351
552,p,0.003780,0.004750,0.020000,34.666016,28.529849
553,s,0.023128,0.015450,0.020000,43.736084,58.578351
554,d,0.002385,0.024300,0.022000,50.778564,48.685393
555,s,0.023128,0.044900,0.022000,57.636719,90.028351
548,s,0.023128,0.004950,0.019200,22.878906,47.278351
549,s,0.023128,0.015150,0.020000,30.368652,58.278351
550,d,0.002385,0.073500,0.020000,37.420410,95.885393
551,s,0.023128,0.105950,0.021500,44.193848,150.578351
556,d,0.002385,0.004950,0.018500,10.465332,25.835393
557,s,0.023128,0.010800,0.018500,18.321777,52.428351
558,p,0.003780,0.016550,0.022000,38.593262,42.329849
559,d,0.002385,0.005000,0.019200,48.378418,26.585393
560,s,0.023128,0.005600,0.019200,9.485596,47.928351
561,p,0.003780,0.008100,0.021500,27.914307,33.379849
562,p,0.003780,0.021750,0.021500,50.931885,47.029849
563,p,0.003780,0.086200,0.021500,72.847168,111.479849
564,d,0.002385,0.004950,0.018500,23.443604,25.835393
565,p,0.003780,0.007950,0.021500,42.584229,33.229849
566,s,0.023128,0.043600,0.020000,51.575195,86.728351
567,p,0.003780,0.004250,0.020000,70.289795,28.029849
568,d,0.002385,0.004250,0.020000,23.567139,26.635393
569,d,0.002385,0.009100,0.020000,32.847656,31.485393
570,s,0.023128,0.086500,0.022000,39.598633,131.628351
571,s,0.023128,0.071050,0.019200,46.325439,113.378351
572,s,0.023128,0.004300,0.022000,21.839844,49.428351
573,p,0.003780,0.010950,0.018500,40.510010,33.229849
574,d,0.002385,0.017800,0.019200,49.767334,39.385393
575,s,0.023128,0.089700,0.019200,56.478760,132.028351
576,p,0.003780,0.005500,0.018500,22.515381,27.779849
577,d,0.002385,0.017450,0.021500,33.328613,41.335393
578,s,0.023128,0.026650,0.018500,40.890381,68.278351
579,s,0.023128,0.057550,0.021500,48.151367,102.178351
580,p,0.003780,0.004900,0.020000,34.858398,28.679849
581,d,0.002385,0.013650,0.020000,44.348145,36.035393
582,p,0.003780,0.050300,0.019200,62.685059,73.279849
583,d,0.002385,0.004350,0.021500,72.052002,28.235393
584,d,0.002385,0.007850,0.018500,23.427734,28.735393
585,s,0.023128,0.009200,0.019200,30.957520,51.528351
586,p,0.003780,0.058350,0.022000,49.037598,84.129849
587,s,0.023128,0.004700,0.021500,58.199463,49.328351
588,s,0.023128,0.005000,0.019200,22.204834,47.328351
589,d,0.002385,0.027300,0.018500,29.942627,48.185393
590,s,0.023128,0.098650,0.019200,36.649658,140.978351
591,s,0.023128,0.107600,0.018500,43.410400,149.228351
592,d,0.002385,0.006050,0.018500,23.625488,26.935393
593,s,0.023128,0.017400,0.020000,31.164551,60.528351
594,p,0.003780,0.024300,0.021500,49.308594,49.579849
595,p,0.003780,0.007850,0.021500,69.517090,33.129849
596,s,0.023128,0.005000,0.022000,23.105957,50.128351
597,p,0.003780,0.010400,0.020000,42.350830,34.179849
598,p,0.003780,0.018950,0.018500,62.797852,41.229849
599,s,0.023128,0.104000,0.022000,71.908203,149.128351
600,p,0.003780,0.004750,0.018500,34.594238,27.029849
601,s,0.023128,0.010350,0.018500,43.634277,51.978351
602,p,0.003780,0.092300,0.018500,61.797852,114.579849
603,d,0.002385,0.004200,0.020000,71.073975,26.585393
604,s,0.023128,0.009450,0.019200,23.159180,51.778351
605,p,0.003780,0.012350,0.020000,43.451660,36.129849
606,s,0.023128,0.044550,0.019200,53.556641,86.878351
607,s,0.023128,0.100250,0.018500,60.916992,141.878351
608,p,0.003780,0.006300,0.020000,35.053711,30.079849
609,d,0.002385,0.011250,0.019200,44.441406,32.835393
610,p,0.003780,0.025500,0.022000,62.481689,51.279849
611,p,0.003780,0.012150,0.018500,82.701172,34.429849
616,s,0.023128,0.004750,0.021500,20.138672,49.378351
617,d,0.002385,0.031450,0.021500,27.697510,55.335393
618,p,0.003780,0.025700,0.020000,45.874512,49.479849
619,p,0.003780,0.081550,0.019200,66.564209,104.529849
612,d,0.002385,0.004850,0.022000,23.591797,29.235393
613,d,0.002385,0.012100,0.018500,31.920166,32.985393
614,s,0.023128,0.022900,0.018500,38.796875,64.528351
615,s,0.023128,0.042550,0.022000,45.855713,87.678351
624,d,0.002385,0.005200,0.019200,9.278320,26.785393
625,p,0.003780,0.007500,0.021500,27.423828,32.779849
626,d,0.002385,0.061450,0.021500,36.609375,85.335393
627,d,0.002385,0.006750,0.019200,43.727051,28.335393
620,s,0.023128,0.006450,0.021500,9.176270,51.078351
621,p,0.003780,0.010650,0.019200,33.328369,33.629849
622,p,0.003780,0.018950,0.018500,54.698242,41.229849
623,d,0.002385,0.067950,0.022000,64.578613,92.335393
628,s,0.023128,0.014000,0.022000,23.807617,59.128351
629,p,0.003780,0.023550,0.022000,42.761230,49.329849
630,s,0.023128,0.096800,0.020000,51.921875,139.928351
631,d,0.002385,0.044900,0.020000,58.963623,67.285393
632,p,0.003780,0.012900,0.022000,34.964600,38.679849
633,d,0.002385,0.013450,0.022000,44.478271,37.835393
634,d,0.002385,0.020400,0.019200,51.521484,41.985393
635,d,0.002385,0.110900,0.022000,58.593750,135.285393
636,p,0.003780,0.004200,0.021500,35.173584,29.479849
637,s,0.023128,0.064900,0.022000,44.242188,110.028351
638,s,0.023128,0.011100,0.018500,51.007568,52.728351
639,d,0.002385,0.085200,0.020000,58.099365,107.585393
640,p,0.003780,0.008450,0.020000,34.934082,32.229849
641,d,0.002385,0.012800,0.022000,44.365723,37.185393
642,d,0.002385,0.008050,0.022000,51.463135,32.435393
643,p,0.003780,0.097050,0.020000,69.482422,120.829849
644,p,0.003780,0.005550,0.021500,29.279785,30.829849
645,p,0.003780,0.008150,0.022000,51.028320,33.929849
646,s,0.023128,0.099800,0.020000,60.417969,142.928351
647,d,0.002385,0.004500,0.020000,67.800781,26.885393
648,p,0.003780,0.005750,0.022000,35.781006,31.529849
649,p,0.003780,0.013850,0.019200,56.066650,36.829849
650,d,0.002385,0.007650,0.022000,65.858398,32.035393
651,s,0.023128,0.032200,0.021500,72.664062,76.828351
652,s,0.023128,0.005750,0.019200,23.180420,48.078351
653,s,0.023128,0.020100,0.019200,30.818604,62.428351
654,d,0.002385,0.029250,0.019200,38.056641,50.835393
655,s,0.023128,0.069600,0.018500,44.842529,111.228351
660,s,0.023128,0.005600,0.018500,22.135010,47.228351
661,p,0.003780,0.017450,0.020000,40.964844,41.229849
662,p,0.003780,0.091650,0.018500,60.968262,113.929849
663,s,0.023128,0.086450,0.018500,70.011719,128.078351
656,s,0.023128,0.004500,0.018500,23.176758,46.128351
657,p,0.003780,0.028300,0.018500,42.063477,50.579849
658,p,0.003780,0.084600,0.021500,62.209229,109.879849
659,p,0.003780,0.074500,0.019200,82.702393,97.479849
664,d,0.002385,0.005300,0.022000,24.003662,29.685393
665,p,0.003780,0.011500,0.022000,42.996826,37.279849
666,d,0.002385,0.103750,0.022000,52.285645,128.135393
667,d,0.002385,0.039650,0.018500,59.383057,60.535393
668,p,0.003780,0.010000,0.018500,40.980469,32.279849
669,s,0.023128,0.005700,0.018500,51.075439,47.328351
670,d,0.002385,0.033950,0.018500,58.925781,54.835393
671,d,0.002385,0.028800,0.018500,66.749512,49.685393
672,p,0.003780,0.005300,0.020000,24.334229,29.079849
673,s,0.023128,0.008800,0.018500,34.674072,50.428351
674,d,0.002385,0.061450,0.022000,42.575928,85.835393
675,d,0.002385,0.035850,0.021500,50.191406,59.735393
676,d,0.002385,0.004450,0.021500,23.968262,28.335393
677,p,0.003780,0.011500,0.019200,42.841553,34.479849
678,p,0.003780,0.044550,0.021500,62.982910,69.829849
679,s,0.023128,0.006000,0.022000,72.030762,51.128351
680,s,0.023128,0.010900,0.022000,23.283691,56.028351
681,d,0.002385,0.013600,0.019200,31.137207,35.185393
682,d,0.002385,0.077550,0.021500,38.363037,101.435393
683,s,0.023128,0.100350,0.020000,45.315430,143.478351
688,p,0.003780,0.004150,0.019200,24.458740,27.129849
689,p,0.003780,0.034600,0.020000,48.090088,58.379849
690,d,0.002385,0.004800,0.022000,57.941650,29.185393
691,s,0.023128,0.033700,0.019200,65.121826,76.028351
684,d,0.002385,0.012900,0.021500,18.903809,36.785393
685,d,0.002385,0.017400,0.018500,26.280518,38.285393
686,p,0.003780,0.024300,0.021500,45.186768,49.579849
687,p,0.003780,0.120700,0.018500,65.538086,142.979849
696,d,0.002385,0.004900,0.018500,23.505859,25.785393
697,s,0.023128,0.014800,0.020000,31.083984,57.928351
698,d,0.002385,0.039000,0.019200,38.062988,60.585393
699,s,0.023128,0.061750,0.022000,44.854492,106.878351
692,d,0.002385,0.005900,0.020000,23.598389,28.285393
693,p,0.003780,0.007550,0.022000,42.484375,33.329849
694,d,0.002385,0.026750,0.020000,51.901367,49.135393
695,s,0.023128,0.005000,0.018500,59.015625,46.628351
700,d,0.002385,0.005100,0.019200,7.489014,26.685393
701,d,0.002385,0.014450,0.018500,15.421631,35.335393
702,d,0.002385,0.035150,0.018500,23.266113,56.035393
703,d,0.002385,0.102750,0.018500,30.927002,123.635393
708,s,0.023128,0.006000,0.020000,23.314697,49.128351
709,s,0.023128,0.016600,0.020000,30.993408,59.728351
710,s,0.023128,0.120250,0.018500,37.644043,161.878351
711,s,0.023128,0.066950,0.018500,44.512695,108.578351
704,p,0.003780,0.004800,0.020000,35.568359,28.579849
705,s,0.023128,0.008800,0.020000,44.733398,51.928351
706,p,0.003780,0.066500,0.020000,63.312256,90.279849
707,d,0.002385,0.004450,0.021500,72.575684,28.335393
712,p,0.003780,0.004800,0.020000,33.733398,28.579849
713,s,0.023128,0.035550,0.018500,42.689697,77.178351
714,s,0.023128,0.066250,0.022000,49.385498,111.378351
715,p,0.003780,0.056750,0.018500,67.261963,79.029849
716,s,0.023128,0.005100,0.022000,9.160889,50.228351
717,p,0.003780,0.013900,0.021500,28.393799,39.179849
718,p,0.003780,0.060500,0.021500,49.197510,85.779849
719,s,0.023128,0.071150,0.021500,58.381592,115.778351
724,s,0.023128,0.005600,0.020000,22.438477,48.728351
725,s,0.023128,0.011900,0.022000,29.918945,57.028351
726,s,0.023128,0.043950,0.022000,36.630859,89.078351
727,d,0.002385,0.090250,0.018500,43.623535,111.135393
720,d,0.002385,0.007350,0.018500,23.543213,28.235393
721,d,0.002385,0.015950,0.019200,31.380371,37.535393
722,d,0.002385,0.022500,0.020000,38.489258,44.885393
723,s,0.023128,0.021650,0.019200,45.359375,63.978351
728,s,0.023128,0.004050,0.019200,12.698486,46.378351
729,d,0.002385,0.016750,0.019200,19.811035,38.335393
730,s,0.023128,0.036550,0.018500,26.538086,78.178351
731,s,0.023128,0.032250,0.019200,33.319824,74.578351
736,s,0.023128,0.004000,0.020000,23.341309,47.128351
737,p,0.003780,0.007600,0.019200,42.530518,30.579849
738,p,0.003780,0.039000,0.021500,62.797363,64.279849
739,d,0.002385,0.051850,0.019200,72.129150,73.435393
732,p,0.003780,0.004600,0.018500,35.302246,26.879849
733,d,0.002385,0.012050,0.018500,45.154297,32.935393
734,p,0.003780,0.015250,0.021500,65.286865,40.529849
735,d,0.002385,0.006250,0.018500,75.560791,27.135393
740,s,0.023128,0.006050,0.021500,22.639893,50.678351
741,s,0.023128,0.013550,0.021500,29.990967,58.178351
742,d,0.002385,0.045450,0.018500,37.339355,66.335393
743,d,0.002385,0.089650,0.019200,44.352783,111.235393
744,d,0.002385,0.005050,0.020000,23.723877,27.435393
745,p,0.003780,0.005150,0.021500,43.274902,30.429849
746,p,0.003780,0.043150,0.018500,63.792236,65.429849
747,p,0.003780,0.008000,0.022000,84.135498,33.779849
748,d,0.002385,0.004550,0.019200,23.530029,26.135393
749,d,0.002385,0.012750,0.018500,31.353271,33.635393
750,p,0.003780,0.072650,0.022000,50.256592,98.429849
751,s,0.023128,0.004400,0.020000,60.393066,47.528351
752,p,0.003780,0.004300,0.020000,35.111572,28.079849
753,p,0.003780,0.007500,0.018500,55.383545,29.779849
754,d,0.002385,0.021800,0.018500,64.703613,42.685393
755,p,0.003780,0.003650,0.021500,83.119873,28.929849
756,s,0.023128,0.017350,0.022000,23.275879,62.478351
757,p,0.003780,0.010150,0.020000,42.543701,33.929849
758,d,0.002385,0.011750,0.018500,51.894775,32.635393
759,s,0.023128,0.024150,0.022000,58.679932,69.278351
760,p,0.003780,0.004400,0.019200,34.779297,27.379849
761,d,0.002385,0.015450,0.018500,44.237549,36.335393
762,d,0.002385,0.065250,0.020000,51.302734,87.635393
763,p,0.003780,0.086450,0.019200,69.910889,109.429849
764,p,0.003780,0.008150,0.018500,27.595703,30.429849
765,p,0.003780,0.018050,0.021500,47.902588,43.329849
766,p,0.003780,0.064400,0.019200,68.410889,87.379849
767,d,0.002385,0.004550,0.018500,77.846436,25.435393
768,s,0.023128,0.004050,0.020000,24.817139,47.178351
769,p,0.003780,0.007500,0.022000,44.414795,33.279849
770,d,0.002385,0.145150,0.018500,53.786133,166.035393
771,p,0.003780,0.020400,0.020000,71.997803,44.179849
772,p,0.003780,0.005400,0.022000,35.456787,31.179849
773,s,0.023128,0.021150,0.022000,44.485107,66.278351
774,s,0.023128,0.088250,0.019200,51.484131,130.578351
775,p,0.003780,0.022350,0.020000,69.550537,46.129849
776,d,0.002385,0.005100,0.019200,23.809082,26.685393
777,p,0.003780,0.015350,0.020000,42.666016,39.129849
778,p,0.003780,0.019850,0.020000,63.080566,43.629849
779,s,0.023128,0.004500,0.018500,72.069336,46.128351
780,s,0.023128,0.006000,0.019200,22.463623,48.328351
781,p,0.003780,0.010400,0.022000,41.220459,36.179849
782,p,0.003780,0.136350,0.020000,62.049072,160.129849
783,s,0.023128,0.033400,0.021500,71.053467,78.028351
784,s,0.023128,0.003950,0.018500,9.178467,45.578351
785,d,0.002385,0.018700,0.018500,16.368164,39.585393
786,p,0.003780,0.030100,0.022000,34.680176,55.879849
787,d,0.002385,0.047150,0.018500,44.039551,68.035393
788,d,0.002385,0.005050,0.020000,20.877930,27.435393
789,p,0.003780,0.011450,0.022000,39.595703,37.229849
790,p,0.003780,0.125500,0.021500,59.972168,150.779849
791,d,0.002385,0.004100,0.019200,69.395264,25.685393
792,d,0.002385,0.004400,0.019200,23.680908,25.985393
793,d,0.002385,0.007900,0.021500,31.519531,31.785393
794,d,0.002385,0.038450,0.022000,38.874756,62.835393
795,p,0.003780,0.091550,0.019200,57.058350,114.529849
800,d,0.002385,0.005200,0.022000,9.273926,29.585393
801,d,0.002385,0.011500,0.018500,16.535889,32.385393
802,d,0.002385,0.012850,0.021500,23.657471,36.735393
803,d,0.002385,0.135250,0.020000,30.701660,157.635393
796,d,0.002385,0.004600,0.021500,23.645508,28.485393
797,p,0.003780,0.003700,0.018500,42.807129,25.979849
798,d,0.002385,0.044550,0.019200,52.164551,66.135393
799,p,0.003780,0.004950,0.021500,70.083252,30.229849
804,s,0.023128,0.004450,0.022000,22.665283,49.578351
805,s,0.023128,0.013650,0.018500,30.197510,55.278351
806,d,0.002385,0.069000,0.018500,37.211670,89.885393
807,p,0.003780,0.056150,0.022000,55.318604,81.929849
808,d,0.002385,0.004850,0.021500,20.582520,28.735393
809,d,0.002385,0.019750,0.018500,28.047119,40.635393
810,s,0.023128,0.043350,0.018500,34.800537,84.978351
811,d,0.002385,0.052750,0.022000,41.736084,77.135393
816,p,0.003780,0.004900,0.019200,34.909180,27.879849
817,p,0.003780,0.008750,0.022000,54.960938,34.529849
818,p,0.003780,0.070650,0.022000,75.112061,96.429849
819,d,0.002385,0.004350,0.022000,84.461426,28.735393
812,d,0.002385,0.005050,0.018500,22.574951,25.935393
813,s,0.023128,0.017450,0.022000,30.062500,62.578351
814,p,0.003780,0.048150,0.018500,50.037842,70.429849
815,p,0.003780,0.005300,0.019200,72.944092,28.279849
824,d,0.002385,0.012450,0.021500,23.758545,36.335393
825,s,0.023128,0.010950,0.020000,31.308594,54.078351
826,s,0.023128,0.025700,0.018500,38.084961,67.328351
827,p,0.003780,0.024150,0.021500,56.687012,49.429849
820,d,0.002385,0.007400,0.019200,22.633057,28.985393
821,s,0.023128,0.012950,0.021500,30.217529,57.578351
822,s,0.023128,0.071000,0.020000,37.050537,114.128351
823,d,0.002385,0.032250,0.020000,44.013916,54.635393
828,p,0.003780,0.004300,0.020000,35.067871,28.079849
829,s,0.023128,0.027300,0.018500,44.284668,68.928351
830,d,0.002385,0.035500,0.021500,51.329102,59.385393
831,d,0.002385,0.009400,0.022000,58.384521,33.785393
832,s,0.023128,0.004450,0.022000,23.257812,49.578351
833,d,0.002385,0.007100,0.020000,31.118408,29.485393
834,s,0.023128,0.027050,0.020000,37.944580,70.178351
835,s,0.023128,0.025100,0.022000,44.792480,70.228351
836,p,0.003780,0.004600,0.022000,39.114746,30.379849
837,s,0.023128,0.008200,0.018500,49.199463,49.828351
838,s,0.023128,0.070700,0.019200,56.583008,113.028351
839,s,0.023128,0.118100,0.020000,63.883301,161.228351
840,d,0.002385,0.005150,0.020000,23.891602,27.535393
841,d,0.002385,0.014700,0.019200,31.582764,36.285393
842,d,0.002385,0.061150,0.021500,38.604736,85.035393
843,s,0.023128,0.016600,0.019200,45.410889,58.928351
848,p,0.003780,0.009550,0.018500,36.372559,31.829849
849,d,0.002385,0.010600,0.018500,45.681152,31.485393
850,p,0.003780,0.057000,0.022000,63.599609,82.779849
851,p,0.003780,0.020400,0.020000,83.790283,44.179849
844,p,0.003780,0.005150,0.019200,34.427246,28.129849
845,d,0.002385,0.014200,0.020000,43.779053,36.585393
846,d,0.002385,0.076300,0.018500,51.186035,97.185393
847,p,0.003780,0.027400,0.022000,69.359619,53.179849
852,p,0.003780,0.004850,0.018500,35.180176,27.129849
853,d,0.002385,0.011800,0.021500,44.590332,35.685393
854,d,0.002385,0.096800,0.022000,51.782959,121.185393
855,p,0.003780,0.016300,0.020000,69.834229,40.079849
856,s,0.023128,0.017750,0.022000,23.238525,62.878351
857,p,0.003780,0.009600,0.020000,42.334961,33.379849
858,p,0.003780,0.018300,0.022000,62.449951,44.079849
859,d,0.002385,0.091550,0.019200,71.645508,113.135393
860,p,0.003780,0.005300,0.018500,35.093994,27.579849
861,p,0.003780,0.014950,0.021500,55.269043,40.229849
862,d,0.002385,0.128450,0.018500,64.531250,149.335393
863,s,0.023128,0.004950,0.020000,71.334473,48.078351
868,p,0.003780,0.006700,0.018500,33.281250,28.979849
869,d,0.002385,0.007750,0.018500,42.744385,28.635393
870,d,0.002385,0.019550,0.019200,50.033691,41.135393
871,d,0.002385,0.037350,0.021500,57.542725,61.235393
864,p,0.003780,0.017350,0.021500,33.664062,42.629849
865,s,0.023128,0.019750,0.018500,42.748047,61.378351
866,d,0.002385,0.054650,0.022000,49.992676,79.035393
867,p,0.003780,0.047150,0.020000,68.483154,70.929849
872,d,0.002385,0.004250,0.021500,23.876709,28.135393
873,d,0.002385,0.013050,0.020000,31.715088,35.435393
874,s,0.023128,0.054850,0.018500,39.124023,96.478351
875,p,0.003780,0.027700,0.018500,59.109863,49.979849
876,d,0.002385,0.006300,0.020000,23.410156,28.685393
877,d,0.002385,0.009600,0.022000,31.084717,33.985393
878,p,0.003780,0.019200,0.019200,49.204346,42.179849
879,s,0.023128,0.004950,0.021500,58.132568,49.578351
880,p,0.003780,0.005750,0.022000,36.198730,31.529849
881,s,0.023128,0.008950,0.019200,45.301758,51.278351
882,d,0.002385,0.026300,0.022000,52.588379,50.685393
883,d,0.002385,0.083650,0.019200,59.736816,105.235393
884,p,0.003780,0.005200,0.022000,34.645996,30.979849
885,d,0.002385,0.013400,0.018500,44.067383,34.285393
886,d,0.002385,0.067400,0.018500,51.152344,88.285393
887,p,0.003780,0.117300,0.020000,69.234375,141.079849
888,d,0.002385,0.005200,0.020000,23.617676,27.585393
889,d,0.002385,0.005050,0.020000,31.103760,27.435393
890,d,0.002385,0.024100,0.018500,38.133789,44.985393
891,s,0.023128,0.099400,0.021500,44.867188,144.028351
892,p,0.003780,0.012150,0.021500,30.382324,37.429849
893,d,0.002385,0.012450,0.019200,40.848633,34.035393
894,d,0.002385,0.027250,0.019200,48.738525,48.835393
895,s,0.023128,0.102100,0.022000,56.103027,147.228351
896,d,0.002385,0.005450,0.021500,23.268311,29.335393
897,s,0.023128,0.009950,0.021500,31.031738,54.578351
898,s,0.023128,0.088250,0.019200,38.059570,130.578351
899,p,0.003780,0.115000,0.021500,56.205811,140.279849
900,d,0.002385,0.005050,0.018500,9.368896,25.935393
901,s,0.023128,0.018800,0.022000,16.142822,63.928351
902,s,0.023128,0.084500,0.021500,22.768311,129.128351
903,s,0.023128,0.040200,0.018500,29.421387,81.828351
904,s,0.023128,0.004850,0.018500,9.391113,46.478351
905,s,0.023128,0.026400,0.019200,16.359131,68.728351
906,p,0.003780,0.027750,0.019200,34.726562,50.729849
907,d,0.002385,0.029400,0.022000,43.981201,53.785393
908,d,0.002385,0.004250,0.021500,9.343262,28.135393
909,p,0.003780,0.011050,0.019200,28.542236,34.029849
910,s,0.023128,0.018950,0.019200,37.666748,61.278351
911,p,0.003780,0.011700,0.018500,55.870605,33.979849
912,s,0.023128,0.004450,0.020000,22.947754,47.578351
913,d,0.002385,0.031850,0.021500,31.167725,55.735393
914,p,0.003780,0.024400,0.022000,49.322754,50.179849
915,d,0.002385,0.007300,0.018500,58.615967,28.185393
916,d,0.002385,0.009150,0.018500,10.333252,30.035393
917,s,0.023128,0.015450,0.021500,17.210205,60.078351
918,p,0.003780,0.081850,0.020000,35.305664,105.629849
919,s,0.023128,0.093250,0.020000,44.249756,136.378351
920,s,0.023128,0.005600,0.020000,23.245117,48.728351
921,s,0.023128,0.012050,0.018500,30.985596,53.678351
922,s,0.023128,0.114600,0.019200,37.739502,156.928351
923,s,0.023128,0.016800,0.019200,44.451904,59.128351
924,d,0.002385,0.004950,0.022000,23.690918,29.335393
925,s,0.023128,0.025650,0.021500,31.265625,70.278351
926,s,0.023128,0.070250,0.018500,37.946289,111.878351
927,d,0.002385,0.022850,0.021500,44.940430,46.735393
928,d,0.002385,0.004500,0.022000,23.600586,28.885393
929,d,0.002385,0.015500,0.021500,31.233887,39.385393
930,d,0.002385,0.125500,0.020000,38.253418,147.885393
931,p,0.003780,0.088500,0.018500,56.388672,110.779849
932,p,0.003780,0.004450,0.020000,21.639404,28.229849
933,s,0.023128,0.016600,0.020000,31.895996,59.728351
934,p,0.003780,0.020950,0.018500,51.441162,43.229849
935,s,0.023128,0.004850,0.020000,60.966064,47.978351
936,s,0.023128,0.004600,0.019200,23.287598,46.928351
937,d,0.002385,0.012950,0.018500,31.259033,33.835393
938,d,0.002385,0.052150,0.022000,38.337646,76.535393
939,p,0.003780,0.029650,0.018500,56.752686,51.929849
940,p,0.003780,0.005850,0.018500,27.144043,28.129849
941,p,0.003780,0.012550,0.020000,48.101074,36.329849
942,p,0.003780,0.080400,0.019200,69.055420,103.379849
943,d,0.002385,0.003950,0.021500,78.433105,27.835393
944,s,0.023128,0.006150,0.019200,22.818848,48.478351
945,d,0.002385,0.020200,0.020000,32.529785,42.585393
946,s,0.023128,0.024300,0.019200,39.438477,66.628351
947,s,0.023128,0.090100,0.019200,46.276123,132.428351
948,p,0.003780,0.004750,0.020000,34.722656,28.529849
949,d,0.002385,0.007900,0.021500,44.078369,31.785393
950,s,0.023128,0.109850,0.018500,50.825928,151.478351
951,p,0.003780,0.027700,0.022000,68.960693,53.479849
956,p,0.003780,0.017350,0.021500,20.599609,42.629849
957,d,0.002385,0.006200,0.020000,29.803467,28.585393
958,p,0.003780,0.136350,0.021500,47.970215,161.629849
959,d,0.002385,0.058500,0.022000,57.137695,82.885393
952,p,0.003780,0.003950,0.021500,43.903320,29.229849
953,s,0.023128,0.009150,0.021500,52.963623,53.778351
954,s,0.023128,0.080550,0.021500,59.945801,125.178351
955,d,0.002385,0.021650,0.019200,67.183594,43.235393
960,d,0.002385,0.004400,0.019200,23.503174,25.985393
961,d,0.002385,0.014800,0.021500,31.286377,38.685393
962,d,0.002385,0.044800,0.018500,38.359863,65.685393
963,d,0.002385,0.095650,0.021500,45.443848,119.535393
964,d,0.002385,0.006000,0.020000,14.605469,28.385393
965,s,0.023128,0.052150,0.022000,22.254395,97.278351
966,d,0.002385,0.110300,0.018500,30.198242,131.185393
967,p,0.003780,0.096200,0.019200,50.261963,119.179849
968,s,0.023128,0.005200,0.022000,9.488525,50.328351
969,p,0.003780,0.016600,0.021500,27.845215,41.879849
970,s,0.023128,0.024100,0.018500,36.846924,65.728351
971,p,0.003780,0.109850,0.020000,55.020508,133.629849
972,p,0.003780,0.005650,0.022000,34.794434,31.429849
973,s,0.023128,0.009200,0.018500,43.961426,50.828351
974,p,0.003780,0.103750,0.022000,63.104736,129.529849
975,d,0.002385,0.005300,0.018500,73.389893,26.185393
976,d,0.002385,0.007000,0.019200,23.668945,28.585393
977,p,0.003780,0.012400,0.020000,42.401611,36.179849
978,s,0.023128,0.019550,0.022000,51.347656,64.678351
979,d,0.002385,0.016150,0.018500,58.337158,37.035393
984,d,0.002385,0.004400,0.018500,23.836914,25.285393
985,d,0.002385,0.031450,0.021500,31.609131,55.335393
986,p,0.003780,0.067400,0.019200,50.249268,90.379849
987,p,0.003780,0.003850,0.020000,70.641113,27.629849
980,d,0.002385,0.004750,0.021500,23.492676,28.635393
981,s,0.023128,0.021550,0.022000,31.626953,66.678351
982,p,0.003780,0.061450,0.019200,50.210205,84.429849
983,p,0.003780,0.017750,0.022000,72.702637,43.529849
988,p,0.003780,0.005000,0.022000,35.497070,30.779849
989,d,0.002385,0.007900,0.022000,44.945557,32.285393
990,d,0.002385,0.031900,0.021500,52.009521,55.785393
991,d,0.002385,0.086950,0.022000,59.054199,111.335393
992,d,0.002385,0.004850,0.020000,8.544678,27.235393
993,p,0.003780,0.011150,0.019200,29.574951,34.129849
994,d,0.002385,0.044550,0.021500,40.191162,68.435393
995,p,0.003780,0.005000,0.022000,59.190918,30.779849
996,p,0.003780,0.003900,0.022000,34.837646,29.679849
997,p,0.003780,0.031450,0.021500,55.479980,56.729849
998,d,0.002385,0.084600,0.022000,65.006592,108.985393
999,p,0.003780,0.004550,0.018500,83.056152,26.829849
1004,p,0.003780,0.004850,0.018500,33.922363,27.129849
1005,p,0.003780,0.010050,0.018500,54.052979,32.329849
1006,d,0.002385,0.118100,0.019200,63.677246,139.685393
1007,s,0.023128,0.015550,0.020000,70.678467,58.678351
1000,s,0.023128,0.004900,0.022000,22.854004,50.028351
1001,s,0.023128,0.012900,0.019200,30.525635,55.228351
1002,s,0.023128,0.057850,0.021500,37.255859,102.478351
1003,d,0.002385,0.026700,0.019200,44.302979,48.285393
1012,d,0.002385,0.004650,0.018500,10.441650,25.535393
1013,p,0.003780,0.014050,0.021500,32.867432,39.329849
1014,d,0.002385,0.004300,0.019200,43.194580,25.885393
1015,d,0.002385,0.093350,0.022000,50.755371,117.735393
1008,d,0.002385,0.005600,0.022000,23.267334,29.985393
1009,d,0.002385,0.016300,0.020000,31.036133,38.685393
1010,d,0.002385,0.018050,0.020000,38.104248,40.435393
1011,s,0.023128,0.162000,0.022000,44.889160,207.128351
1016,d,0.002385,0.007850,0.020000,24.009521,30.235393
1017,p,0.003780,0.011150,0.021500,43.112793,36.429849
1018,p,0.003780,0.046450,0.021500,63.387451,71.729849
1019,d,0.002385,0.008000,0.021500,73.016846,31.885393
1020,s,0.023128,0.004650,0.019200,7.240723,46.978351
1021,s,0.023128,0.017700,0.019200,14.793701,60.028351
1022,d,0.002385,0.063200,0.018500,22.445557,84.085393
1023,d,0.002385,0.029350,0.021500,30.270508,53.235393
1024,p,0.003780,0.004900,0.018500,35.397461,27.179849
1025,s,0.023128,0.020600,0.021500,44.468262,65.228351
1026,p,0.003780,0.039500,0.019200,62.364502,62.479849
1027,p,0.003780,0.012050,0.022000,82.694580,37.829849
1028,p,0.003780,0.005250,0.022000,20.318115,31.029849
1029,d,0.002385,0.011050,0.020000,29.641113,33.435393
1030,s,0.023128,0.017800,0.019200,36.481934,60.128351
1031,p,0.003780,0.013300,0.020000,54.363281,37.079849
1032,d,0.002385,0.005000,0.020000,7.886475,27.385393
1033,p,0.003780,0.009200,0.018500,27.716553,31.479849
1034,p,0.003780,0.019850,0.021500,48.957031,45.129849
1035,p,0.003780,0.003950,0.019200,69.320312,26.929849
1036,s,0.023128,0.006050,0.021500,23.218262,50.678351
1037,s,0.023128,0.058750,0.022000,30.779541,103.878351
1038,s,0.023128,0.059300,0.021500,37.742188,103.928351
1039,d,0.002385,0.093250,0.020000,44.907715,115.635393
1040,p,0.003780,0.004150,0.022000,22.990723,29.929849
1041,s,0.023128,0.032400,0.022000,31.913574,77.528351
1042,p,0.003780,0.100850,0.018500,50.239990,123.129849
1043,d,0.002385,0.005600,0.019200,59.576660,27.185393
1044,p,0.003780,0.004450,0.019200,21.332275,27.429849
1045,s,0.023128,0.014300,0.018500,30.901367,55.928351
1046,s,0.023128,0.095200,0.020000,37.948975,138.328351
1047,s,0.023128,0.041100,0.020000,44.821289,84.228351
1048,d,0.002385,0.004700,0.021500,23.612549,28.585393
1049,s,0.023128,0.010400,0.019200,31.148682,52.728351
1050,s,0.023128,0.026750,0.020000,37.829102,69.878351
1051,p,0.003780,0.027700,0.018500,55.914307,49.979849
1052,d,0.002385,0.004950,0.021500,23.563477,28.835393
1053,p,0.003780,0.022550,0.019200,42.414795,45.529849
1054,d,0.002385,0.025500,0.021500,51.740479,49.385393
1055,s,0.023128,0.013500,0.020000,58.525391,56.628351
1056,s,0.023128,0.006400,0.020000,9.336914,49.528351
1057,s,0.023128,0.018300,0.020000,16.363525,61.428351
1058,d,0.002385,0.044800,0.021500,23.634766,68.685393
1059,d,0.002385,0.051900,0.022000,30.759766,76.285393
1060,s,0.023128,0.005100,0.018500,23.127930,46.728351
1061,s,0.023128,0.013700,0.021500,31.141113,58.328351
1062,d,0.002385,0.054650,0.019200,38.290771,76.235393
1063,s,0.023128,0.120400,0.019200,45.104004,162.728351
1064,d,0.002385,0.004300,0.019200,20.416748,25.885393
1065,p,0.003780,0.010350,0.022000,41.795654,36.129849
1066,s,0.023128,0.011750,0.018500,51.970703,53.378351
1067,s,0.023128,0.004600,0.021500,59.214111,49.228351
1068,d,0.002385,0.005200,0.021500,23.656250,29.085393
1069,s,0.023128,0.025500,0.021500,31.299561,70.128351
1070,p,0.003780,0.013650,0.022000,49.618896,39.429849
1071,p,0.003780,0.004850,0.022000,70.017090,30.629849
1076,p,0.003780,0.005150,0.018500,20.811523,27.429849
1077,p,0.003780,0.015450,0.019200,41.159424,38.429849
1078,s,0.023128,0.082150,0.018500,50.213623,123.778351
1079,d,0.002385,0.004500,0.019200,57.268799,26.085393
1080,p,0.003780,0.005150,0.019200,22.214844,28.129849
1081,d,0.002385,0.009100,0.021500,32.531494,32.985393
1082,d,0.002385,0.093300,0.021500,40.147949,117.185393
1083,s,0.023128,0.107950,0.018500,47.292480,149.578351
1072,d,0.002385,0.005600,0.021500,22.984863,29.485393
1073,s,0.023128,0.008750,0.019200,31.882812,51.078351
1074,d,0.002385,0.060600,0.018500,40.614014,81.485393
1075,d,0.002385,0.085800,0.022000,49.365723,110.185393
1084,p,0.003780,0.004350,0.018500,40.313965,26.629849
1085,d,0.002385,0.012650,0.021500,49.741455,36.535393
1086,s,0.023128,0.083700,0.021500,56.528564,128.328351
1087,s,0.023128,0.087600,0.019200,63.171631,129.928351
1088,p,0.003780,0.004850,0.018500,35.290527,27.129849
1089,p,0.003780,0.017850,0.022000,55.689453,43.629849
1090,d,0.002385,0.022500,0.022000,65.060791,46.885393
1091,s,0.023128,0.011000,0.022000,71.873047,56.128351
1092,p,0.003780,0.004450,0.022000,35.708496,30.229849
1093,d,0.002385,0.011800,0.020000,45.228271,34.185393
1094,p,0.003780,0.058950,0.022000,63.909180,84.729849
1095,s,0.023128,0.004750,0.020000,73.077148,47.878351
1100,s,0.023128,0.006950,0.021500,23.206543,51.578351
1101,p,0.003780,0.009100,0.020000,42.215332,32.879849
1102,s,0.023128,0.095050,0.018500,51.190430,136.678351
1103,s,0.023128,0.040350,0.019200,57.925293,82.678351
1096,d,0.002385,0.005650,0.020000,23.519775,28.035393
1097,d,0.002385,0.014350,0.019200,31.272949,35.935393
1098,p,0.003780,0.025250,0.021500,49.665283,50.529849
1099,p,0.003780,0.005800,0.022000,69.850830,31.579849
1104,d,0.002385,0.005600,0.022000,9.263184,29.985393
1105,p,0.003780,0.013650,0.021500,27.462646,38.929849
1106,s,0.023128,0.032000,0.019200,36.552979,74.328351
1107,p,0.003780,0.091600,0.020000,54.501953,115.379849
1108,p,0.003780,0.004750,0.022000,34.924561,30.529849
1109,p,0.003780,0.013850,0.020000,55.234863,37.629849
1110,d,0.002385,0.028950,0.021500,64.571533,52.835393
1111,p,0.003780,0.004350,0.020000,82.828613,28.129849
1112,s,0.023128,0.003800,0.022000,23.176025,48.928351
1113,d,0.002385,0.009600,0.021500,31.062012,33.485393
1114,d,0.002385,0.034050,0.019200,38.084229,55.635393
1115,s,0.023128,0.015650,0.020000,45.036377,58.778351
1116,p,0.003780,0.004700,0.020000,35.276611,28.479849
1117,d,0.002385,0.011900,0.019200,44.737305,33.485393
1118,d,0.002385,0.071450,0.021500,51.844482,95.335393
1119,s,0.023128,0.091950,0.018500,58.647705,133.578351
1120,p,0.003780,0.004700,0.019200,18.426270,27.679849
1121,s,0.023128,0.016700,0.020000,28.054199,59.828351
1122,p,0.003780,0.063200,0.022000,46.689209,88.979849
1123,d,0.002385,0.008250,0.021500,56.026367,32.135393
1124,d,0.002385,0.004900,0.019200,22.033203,26.485393
1125,p,0.003780,0.021500,0.022000,40.578125,47.279849
1126,s,0.023128,0.057800,0.021500,49.563721,102.428351
1127,p,0.003780,0.004850,0.022000,68.003906,30.629849
1128,s,0.023128,0.004800,0.019200,9.652588,47.128351
1129,p,0.003780,0.010650,0.020000,27.958008,34.429849
1130,d,0.002385,0.020850,0.022000,37.354736,45.235393
1131,p,0.003780,0.056400,0.022000,55.342285,82.179849
1132,s,0.023128,0.006400,0.022000,21.308105,51.528351
1133,s,0.023128,0.058650,0.021500,28.657227,103.278351
1134,s,0.023128,0.103400,0.020000,35.688477,146.528351
1135,p,0.003780,0.074750,0.021500,53.928711,100.029849
1140,s,0.023128,0.005150,0.018500,22.638672,46.778351
1141,d,0.002385,0.015950,0.021500,30.445557,39.835393
1142,d,0.002385,0.019050,0.021500,37.541992,42.935393
1143,p,0.003780,0.045000,0.018500,55.846924,67.279849
1136,p,0.003780,0.005250,0.020000,34.953369,29.029849
1137,d,0.002385,0.008200,0.018500,44.427002,29.085393
1138,p,0.003780,0.069450,0.020000,62.578857,93.229849
1139,d,0.002385,0.003850,0.019200,72.243408,25.435393
1144,d,0.002385,0.006300,0.020000,18.508057,28.685393
1145,s,0.023128,0.014100,0.018500,26.532471,55.728351
1146,p,0.003780,0.096450,0.019200,46.327393,119.429849
1147,d,0.002385,0.005600,0.021500,56.342529,29.485393
1148,d,0.002385,0.004800,0.020000,22.429688,27.185393
1149,d,0.002385,0.011050,0.020000,30.256348,33.435393
1150,d,0.002385,0.043150,0.018500,37.355225,64.035393
1151,s,0.023128,0.023350,0.018500,44.470947,64.978351
1152,p,0.003780,0.005850,0.021500,36.009766,31.129849
1153,p,0.003780,0.019750,0.019200,58.722412,42.729849
1154,s,0.023128,0.099050,0.022000,68.479492,144.178351
1155,d,0.002385,0.004750,0.022000,75.949951,29.135393
1156,p,0.003780,0.004200,0.022000,34.216309,29.979849
1157,d,0.002385,0.013600,0.022000,43.497559,37.985393
1158,s,0.023128,0.014000,0.021500,50.302979,58.628351
1159,p,0.003780,0.019350,0.022000,68.973633,45.129849
1160,d,0.002385,0.006200,0.020000,10.157227,28.585393
1161,s,0.023128,0.009300,0.022000,18.328857,54.428351
1162,s,0.023128,0.096350,0.021500,25.688477,140.978351
1163,s,0.023128,0.026000,0.018500,32.654053,67.628351
1164,d,0.002385,0.008050,0.018500,23.293945,28.935393
1165,s,0.023128,0.013100,0.018500,30.859375,54.728351
1166,p,0.003780,0.020850,0.022000,48.906250,46.629849
1167,s,0.023128,0.096450,0.021500,57.818359,141.078351
1172,s,0.023128,0.006050,0.020000,10.269775,49.178351
1173,p,0.003780,0.008950,0.022000,29.809082,34.729849
1174,p,0.003780,0.086500,0.018500,50.687744,108.779849
1175,s,0.023128,0.117350,0.021500,59.698486,161.978351
1168,d,0.002385,0.005700,0.018500,23.924072,26.585393
1169,p,0.003780,0.015350,0.019200,42.964844,38.329849
1170,d,0.002385,0.026150,0.018500,52.534180,47.035393
1171,p,0.003780,0.005000,0.019200,70.677490,27.979849
1180,s,0.023128,0.010000,0.018500,9.778564,51.628351
1181,s,0.023128,0.015350,0.021500,16.689209,59.978351
1182,d,0.002385,0.051500,0.019200,23.783203,73.085393
1183,d,0.002385,0.083650,0.020000,30.802490,106.035393
1176,s,0.023128,0.005300,0.018500,23.011230,46.928351
1177,p,0.003780,0.029250,0.020000,43.325195,53.029849
1178,p,0.003780,0.019200,0.021500,66.232666,44.479849
1179,p,0.003780,0.138300,0.019200,87.644531,161.279849
1184,s,0.023128,0.004350,0.022000,8.844971,49.478351
1185,s,0.023128,0.023650,0.020000,15.636230,66.778351
1186,p,0.003780,0.078500,0.022000,33.969727,104.279849
1187,d,0.002385,0.051850,0.022000,43.685547,76.235393
1188,s,0.023128,0.005400,0.021500,8.817627,50.028351
1189,d,0.002385,0.014150,0.018500,15.933838,35.035393
1190,p,0.003780,0.025250,0.019200,34.237305,48.229849
1191,s,0.023128,0.106250,0.022000,43.235107,151.378351
1192,d,0.002385,0.006350,0.018500,17.696533,27.235393
1193,p,0.003780,0.005050,0.022000,36.138672,30.829849
1194,s,0.023128,0.018450,0.020000,45.371826,61.578351
1195,d,0.002385,0.004600,0.021500,52.408691,28.485393
1196,d,0.002385,0.004950,0.022000,23.186768,29.335393
1197,p,0.003780,0.009300,0.021500,42.100586,34.579849
1198,s,0.023128,0.031900,0.019200,51.159424,74.228351
1199,s,0.023128,0.122950,0.021500,58.259521,167.578351
1200,s,0.023128,0.004450,0.018500,8.902100,46.078351
1201,p,0.003780,0.020600,0.018500,27.122803,42.879849
1202,p,0.003780,0.018950,0.018500,48.168457,41.229849
1203,p,0.003780,0.072450,0.022000,70.679443,98.229849
1204,s,0.023128,0.004150,0.022000,23.172363,49.278351
1205,p,0.003780,0.013900,0.020000,42.443848,37.679849
1206,s,0.023128,0.014900,0.020000,51.584717,58.028351
1207,d,0.002385,0.158900,0.022000,58.671387,183.285393
1212,d,0.002385,0.003900,0.021500,21.970459,27.785393
1213,s,0.023128,0.010400,0.022000,29.453369,55.528351
1214,p,0.003780,0.030250,0.020000,47.621338,54.029849
1215,p,0.003780,0.010250,0.020000,68.545410,34.029849
1208,p,0.003780,0.006000,0.022000,27.516602,31.779849
1209,d,0.002385,0.010550,0.019200,37.142578,32.135393
1210,d,0.002385,0.088250,0.021500,44.260010,112.135393
1211,d,0.002385,0.072950,0.019200,51.276123,94.535393
1216,d,0.002385,0.009150,0.019200,23.418701,30.735393
1217,p,0.003780,0.019150,0.022000,42.190186,44.929849
1218,d,0.002385,0.069100,0.019200,51.506836,90.685393
1219,d,0.002385,0.050550,0.021500,58.625732,74.435393
1220,p,0.003780,0.004450,0.022000,33.757324,30.229849
1221,d,0.002385,0.020800,0.022000,43.106934,45.185393
1222,d,0.002385,0.028050,0.019200,50.115234,49.635393
1223,d,0.002385,0.112250,0.022000,57.154053,136.635393
1224,s,0.023128,0.003500,0.020000,8.968018,46.628351
1225,d,0.002385,0.015050,0.021500,18.317871,38.935393
1226,p,0.003780,0.065700,0.019200,37.359375,88.679849
1227,d,0.002385,0.104000,0.021500,46.855225,127.885393
1228,p,0.003780,0.005700,0.020000,35.454590,29.479849
1229,s,0.023128,0.013450,0.022000,44.507568,58.578351
1230,s,0.023128,0.023200,0.019200,51.177979,65.528351
1231,d,0.002385,0.025100,0.020000,58.565918,47.485393
1232,d,0.002385,0.006000,0.020000,23.421631,28.385393
1233,s,0.023128,0.008200,0.021500,31.305420,52.828351
1234,d,0.002385,0.081850,0.020000,38.284668,104.235393
1235,d,0.002385,0.024400,0.020000,45.299072,46.785393
1236,p,0.003780,0.004900,0.019200,32.934082,27.879849
1237,p,0.003780,0.012100,0.018500,53.017578,34.379849
1238,p,0.003780,0.060600,0.020000,73.216553,84.379849
1239,s,0.023128,0.008600,0.022000,82.214844,53.728351
1240,d,0.002385,0.005450,0.018500,9.268311,26.335393
1241,s,0.023128,0.010400,0.019200,16.016357,52.728351
1242,d,0.002385,0.027000,0.018500,23.031006,47.885393
1243,p,0.003780,0.083850,0.020000,41.209961,107.629849
1244,s,0.023128,0.005200,0.019200,10.621094,47.528351
1245,s,0.023128,0.007800,0.020000,17.914551,50.928351
1246,d,0.002385,0.018050,0.018500,25.233154,38.935393
1247,d,0.002385,0.105100,0.019200,32.321533,126.685393
1248,d,0.002385,0.012150,0.019200,23.141113,33.735393
1249,s,0.023128,0.007050,0.018500,30.617432,48.678351
1250,s,0.023128,0.071000,0.021500,37.339600,115.628351
1251,d,0.002385,0.035350,0.022000,44.446533,59.735393
1252,d,0.002385,0.004850,0.022000,22.511719,29.235393
1253,s,0.023128,0.006500,0.022000,29.917969,51.628351
1254,p,0.003780,0.051500,0.022000,47.971436,77.279849
1255,d,0.002385,0.076100,0.020000,57.172119,98.485393
1256,p,0.003780,0.004300,0.018500,35.243896,26.579849
1257,s,0.023128,0.028250,0.019200,44.350342,70.578351
1258,d,0.002385,0.070750,0.018500,51.403320,91.635393
1259,p,0.003780,0.061750,0.020000,69.926270,85.529849
1260,d,0.002385,0.004500,0.022000,23.452881,28.885393
1261,d,0.002385,0.015350,0.020000,31.437744,37.735393
1262,p,0.003780,0.071250,0.021500,50.004395,96.529849
1263,s,0.023128,0.005100,0.020000,59.039307,48.228351
1264,p,0.003780,0.005000,0.021500,21.906250,30.279849
1265,d,0.002385,0.011450,0.021500,31.368652,35.335393
1266,d,0.002385,0.027000,0.019200,38.561035,48.585393
1267,p,0.003780,0.016300,0.021500,56.617676,41.579849
1268,p,0.003780,0.004750,0.018500,27.310303,27.029849
1269,d,0.002385,0.022400,0.020000,36.593262,44.785393
1270,p,0.003780,0.035400,0.018500,54.512939,57.679849
1271,s,0.023128,0.005200,0.019200,63.566406,47.528351
1272,d,0.002385,0.005400,0.019200,23.349854,26.985393
1273,d,0.002385,0.008550,0.021500,31.039795,32.435393
1274,d,0.002385,0.037700,0.020000,38.450684,60.085393
1275,p,0.003780,0.024500,0.020000,56.621338,48.279849
1276,p,0.003780,0.006950,0.022000,20.271484,32.729849
1277,d,0.002385,0.012150,0.018500,29.647949,33.035393
1278,d,0.002385,0.053800,0.021500,36.690186,77.685393
1279,d,0.002385,0.083800,0.019200,43.915283,105.385393
1280,p,0.003780,0.006150,0.019200,35.115234,29.129849
1281,p,0.003780,0.015700,0.022000,55.418457,41.479849
1282,p,0.003780,0.098150,0.019200,75.770752,121.129849
1283,s,0.023128,0.021000,0.022000,84.896484,66.128351
1284,d,0.002385,0.008600,0.022000,9.984131,32.985393
1285,p,0.003780,0.011350,0.019200,38.934082,34.329849
1286,s,0.023128,0.066250,0.022000,49.677490,111.378351
1287,p,0.003780,0.005100,0.021500,68.773438,30.379849
1288,s,0.023128,0.006000,0.021500,6.811279,50.628351
1289,d,0.002385,0.005500,0.022000,14.191650,29.885393
1290,p,0.003780,0.050300,0.021500,32.766846,75.579849
1291,s,0.023128,0.017850,0.021500,41.730469,62.478351
1292,s,0.023128,0.004900,0.019200,9.232910,47.228351
1293,p,0.003780,0.020900,0.022000,27.368896,46.679849
1294,s,0.023128,0.125500,0.018500,36.290039,167.128351
1295,d,0.002385,0.065150,0.022000,43.424072,89.535393
1296,s,0.023128,0.003650,0.018500,21.739014,45.278351
1297,p,0.003780,0.052150,0.021500,40.564697,77.429849
1298,p,0.003780,0.045800,0.020000,60.990967,69.579849
1299,s,0.023128,0.020400,0.021500,70.001221,65.028351
1304,d,0.002385,0.004550,0.021500,22.891357,28.435393
1305,d,0.002385,0.012900,0.021500,30.643311,36.785393
1306,s,0.023128,0.022900,0.021500,37.494873,67.528351
1307,s,0.023128,0.036100,0.022000,44.213867,81.228351
1300,p,0.003780,0.003950,0.022000,35.082764,29.729849
1301,p,0.003780,0.007250,0.018500,57.126709,29.529849
1302,d,0.002385,0.071600,0.021500,67.699219,95.485393
1303,p,0.003780,0.004650,0.021500,87.307129,29.929849
1308,d,0.002385,0.004450,0.020000,23.864502,26.835393
1309,d,0.002385,0.010350,0.021500,31.589355,34.235393
1310,d,0.002385,0.046450,0.020000,38.673340,68.835393
1311,s,0.023128,0.035550,0.019200,45.452148,77.878351
1312,p,0.003780,0.006050,0.020000,34.434082,29.829849
1313,p,0.003780,0.005200,0.019200,54.782715,28.179849
1314,p,0.003780,0.007950,0.019200,75.058838,30.929849
1315,p,0.003780,0.005200,0.020000,95.132080,28.979849
1316,s,0.023128,0.005600,0.020000,22.584961,48.728351
1317,p,0.003780,0.011050,0.018500,41.880615,33.329849
1318,d,0.002385,0.017850,0.019200,51.154297,39.435393
1319,p,0.003780,0.085200,0.022000,69.439453,110.979849
1320,p,0.003780,0.005100,0.021500,20.452148,30.379849
1321,s,0.023128,0.013250,0.019200,29.534668,55.578351
1322,s,0.023128,0.070150,0.019200,36.290283,112.478351
1323,s,0.023128,0.088500,0.021500,43.050537,133.128351
1324,s,0.023128,0.006000,0.018500,23.012207,47.628351
1325,s,0.023128,0.008200,0.021500,30.547607,52.828351
1326,p,0.003780,0.017000,0.021500,49.272949,42.279849
1327,p,0.003780,0.119100,0.019200,72.057617,142.079849
1328,s,0.023128,0.004900,0.021500,23.847168,49.528351
1329,d,0.002385,0.010950,0.021500,31.659424,34.835393
1330,s,0.023128,0.008800,0.022000,38.603760,53.928351
1331,s,0.023128,0.086200,0.019200,45.586670,128.528351
1336,d,0.002385,0.007850,0.021500,6.961914,31.735393
1337,p,0.003780,0.012100,0.019200,26.380615,35.079849
1338,d,0.002385,0.018450,0.022000,36.181641,42.835393
1339,s,0.023128,0.143650,0.022000,43.241211,188.778351
1332,s,0.023128,0.004200,0.018500,22.894775,45.828351
1333,s,0.023128,0.007850,0.020000,30.475098,50.978351
1334,d,0.002385,0.030100,0.020000,37.475342,52.485393
1335,d,0.002385,0.090100,0.019200,44.477051,111.685393
1340,s,0.023128,0.005200,0.020000,22.872314,48.328351
1341,d,0.002385,0.010500,0.020000,30.719971,32.885393
1342,p,0.003780,0.061150,0.019200,48.802246,84.129849
1343,d,0.002385,0.132500,0.018500,58.057617,153.385393
1348,p,0.003780,0.004950,0.020000,20.205811,28.729849
1349,d,0.002385,0.009850,0.021500,29.513428,33.735393
1350,s,0.023128,0.086500,0.018500,36.276611,128.128351
1351,s,0.023128,0.085200,0.018500,42.998779,126.828351
1344,s,0.023128,0.005050,0.018500,23.166016,46.678351
1345,d,0.002385,0.009800,0.019200,31.091309,31.385393
1346,d,0.002385,0.014900,0.021500,38.510010,38.785393
1347,s,0.023128,0.044750,0.018500,45.314453,86.378351
1352,s,0.023128,0.006050,0.019200,15.824219,48.378351
1353,d,0.002385,0.011400,0.022000,24.444336,35.785393
1354,s,0.023128,0.038450,0.021500,32.111328,83.078351
1355,s,0.023128,0.115750,0.018500,39.933105,157.378351
1356,p,0.003780,0.004150,0.019200,20.312012,27.129849
1357,p,0.003780,0.011300,0.022000,40.552002,37.079849
1358,p,0.003780,0.020750,0.018500,60.725830,43.029849
1359,s,0.023128,0.006350,0.018500,69.797119,47.978351
1360,s,0.023128,0.004650,0.022000,20.915527,49.778351
1361,p,0.003780,0.014200,0.019200,39.578125,37.179849
1362,p,0.003780,0.098650,0.019200,59.863770,121.629849
1363,d,0.002385,0.049050,0.022000,69.260010,73.435393
1364,p,0.003780,0.009200,0.018500,28.999268,31.479849
1365,p,0.003780,0.007000,0.020000,49.538574,30.779849
1366,s,0.023128,0.059850,0.018500,58.544434,101.478351
1367,s,0.023128,0.123250,0.021500,65.303223,167.878351
1368,d,0.002385,0.007300,0.021500,9.339600,31.185393
1369,p,0.003780,0.095550,0.020000,27.838867,119.329849
1370,d,0.002385,0.034050,0.020000,37.995605,56.435393
1371,d,0.002385,0.016400,0.018500,45.105225,37.285393
1372,s,0.023128,0.005700,0.022000,22.895752,50.828351
1373,p,0.003780,0.011000,0.022000,41.803711,36.779849
1374,s,0.023128,0.061150,0.019200,50.736084,103.478351
1375,d,0.002385,0.067450,0.022000,57.735107,91.835393
1380,s,0.023128,0.004400,0.021500,9.199951,49.028351
1381,d,0.002385,0.052150,0.022000,16.238770,76.535393
1382,s,0.023128,0.107650,0.018500,23.010986,149.278351
1383,p,0.003780,0.115350,0.021500,41.121582,140.629849
1376,s,0.023128,0.009550,0.018500,17.748779,51.178351
1377,s,0.023128,0.011750,0.018500,24.925537,53.378351
1378,p,0.003780,0.070850,0.020000,43.237793,94.629849
1379,p,0.003780,0.039250,0.022000,63.499268,65.029849
1384,d,0.002385,0.004250,0.020000,23.758545,26.635393
1385,d,0.002385,0.011750,0.020000,31.486084,34.135393
1386,s,0.023128,0.026750,0.022000,38.261963,71.878351
1387,d,0.002385,0.122600,0.018500,45.418457,143.485393
1388,d,0.002385,0.005250,0.019200,23.632324,26.835393
1389,d,0.002385,0.023350,0.018500,31.600098,44.235393
1390,d,0.002385,0.059150,0.018500,38.659668,80.035393
1391,d,0.002385,0.013300,0.022000,45.722900,37.685393
1392,d,0.002385,0.005150,0.022000,23.780029,29.535393
1393,s,0.023128,0.028000,0.021500,31.260254,72.628351
1394,d,0.002385,0.091650,0.021500,38.249512,115.535393
1395,s,0.023128,0.061100,0.020000,44.976074,104.228351
1396,s,0.023128,0.015550,0.018500,23.377686,57.178351
1397,p,0.003780,0.009600,0.018500,42.651123,31.879849
1398,p,0.003780,0.008550,0.018500,63.045654,30.829849
1399,s,0.023128,0.052250,0.020000,71.977539,95.378351
1400,p,0.003780,0.005250,0.018500,19.343750,27.529849
1401,s,0.023128,0.013450,0.022000,29.119141,58.578351
1402,p,0.003780,0.079550,0.022000,48.044922,105.329849
1403,d,0.002385,0.004650,0.022000,57.481445,29.035393
1404,s,0.023128,0.010350,0.019200,10.763916,52.678351
1405,s,0.023128,0.008700,0.019200,17.744873,51.028351
1406,p,0.003780,0.051500,0.021500,37.030518,76.779849
1407,d,0.002385,0.083650,0.020000,47.552002,106.035393
1408,s,0.023128,0.005200,0.020000,23.210205,48.328351
1409,p,0.003780,0.016050,0.018500,42.161865,38.329849
1410,p,0.003780,0.027250,0.020000,62.235840,51.029849
1411,d,0.002385,0.086450,0.022000,71.569580,110.835393
1412,p,0.003780,0.005450,0.019200,35.113037,28.429849
1413,p,0.003780,0.017100,0.021500,55.288086,42.379849
1414,p,0.003780,0.077550,0.019200,75.485840,100.529849
1415,p,0.003780,0.006700,0.021500,95.577637,31.979849
1416,d,0.002385,0.005300,0.022000,21.596924,29.685393
1417,s,0.023128,0.007800,0.020000,28.875977,50.928351
1418,s,0.023128,0.024400,0.020000,35.587646,67.528351
1419,p,0.003780,0.096500,0.021500,53.658447,121.779849
1420,p,0.003780,0.004350,0.019200,35.797607,27.329849
1421,d,0.002385,0.009850,0.022000,45.135498,34.235393
1422,p,0.003780,0.065700,0.020000,63.786621,89.479849
1423,p,0.003780,0.004700,0.020000,84.161377,28.479849
1424,p,0.003780,0.005100,0.020000,35.502930,28.879849
1425,d,0.002385,0.011000,0.020000,44.916260,33.385393
1426,s,0.023128,0.066900,0.020000,51.637695,110.028351
1427,p,0.003780,0.091950,0.018500,69.504883,114.229849
1428,p,0.003780,0.004550,0.019200,30.046143,27.529849
1429,d,0.002385,0.018250,0.021500,39.453369,42.135393
1430,d,0.002385,0.056950,0.022000,46.629395,81.335393
1431,p,0.003780,0.091550,0.018500,64.806885,113.829849
1436,d,0.002385,0.005550,0.019200,9.310547,27.135393
1437,d,0.002385,0.011800,0.020000,16.382324,34.185393
1438,p,0.003780,0.135050,0.018500,34.498047,157.329849
1439,s,0.023128,0.005550,0.021500,43.714355,50.178351
1432,d,0.002385,0.004350,0.018500,23.893066,25.235393
1433,d,0.002385,0.012350,0.021500,31.776855,36.235393
1434,p,0.003780,0.025550,0.022000,49.769043,51.329849
1435,s,0.023128,0.004700,0.020000,58.784424,47.828351
1448,d,0.002385,0.004700,0.022000,9.862549,29.085393
1449,p,0.003780,0.010350,0.022000,28.158203,36.129849
1450,s,0.023128,0.017900,0.022000,37.245117,63.028351
1451,p,0.003780,0.038150,0.020000,55.109375,61.929849
1440,s,0.023128,0.005200,0.020000,23.262451,48.328351
1441,p,0.003780,0.015950,0.022000,42.369385,41.729849
1442,p,0.003780,0.071000,0.022000,63.097900,96.779849
1443,p,0.003780,0.086200,0.022000,85.835449,111.979849
1444,s,0.023128,0.016750,0.020000,23.237549,59.878351
1445,p,0.003780,0.016750,0.018500,42.373047,39.029849
1446,d,0.002385,0.096050,0.022000,51.741699,120.435393
1447,s,0.023128,0.054950,0.020000,58.465088,98.078351
1452,d,0.002385,0.004300,0.021500,9.963623,28.185393
1453,p,0.003780,0.005850,0.021500,28.309570,31.129849
1454,p,0.003780,0.030050,0.019200,48.414062,53.029849
1455,p,0.003780,0.004850,0.020000,68.571045,28.629849
1456,s,0.023128,0.005250,0.022000,7.113770,50.378351
1457,d,0.002385,0.008950,0.022000,15.295898,33.335393
1458,s,0.023128,0.027350,0.022000,22.897461,72.478351
1459,d,0.002385,0.061100,0.021500,30.554199,84.985393
1460,d,0.002385,0.004900,0.018500,23.815430,25.785393
1461,s,0.023128,0.011350,0.021500,31.249023,55.978351
1462,s,0.023128,0.038150,0.022000,37.970215,83.278351
1463,s,0.023128,0.015000,0.021500,44.812500,59.628351
1464,p,0.003780,0.004500,0.018500,35.495117,26.779849
1465,p,0.003780,0.008750,0.021500,55.687988,34.029849
1466,p,0.003780,0.070700,0.020000,76.035645,94.479849
1467,p,0.003780,0.004150,0.019200,96.497559,27.129849
1468,d,0.002385,0.005150,0.022000,23.578857,29.535393
1469,d,0.002385,0.006100,0.019200,31.304932,27.685393
1470,s,0.023128,0.025550,0.019200,38.550781,67.878351
1471,d,0.002385,0.084250,0.022000,46.253906,108.635393
1472,s,0.023128,0.004450,0.022000,23.213623,49.578351
1473,s,0.023128,0.014350,0.019200,31.050293,56.678351
1474,p,0.003780,0.086350,0.022000,49.291748,112.129849
1475,d,0.002385,0.101000,0.020000,58.613525,123.385393
1476,d,0.002385,0.004500,0.019200,23.344238,26.085393
1477,p,0.003780,0.013550,0.022000,44.425049,39.329849
1478,s,0.023128,0.021700,0.019200,53.526611,64.028351
1479,p,0.003780,0.004400,0.019200,71.635986,27.379849
1484,s,0.023128,0.004900,0.018500,9.706787,46.528351
1485,s,0.023128,0.014350,0.021500,16.511230,58.978351
1486,s,0.023128,0.030050,0.020000,23.381592,73.178351
1487,p,0.003780,0.083750,0.021500,41.742188,109.029849
1480,s,0.023128,0.004750,0.022000,10.422363,49.878351
1481,d,0.002385,0.038150,0.018500,18.387451,59.035393
1482,s,0.023128,0.069000,0.021500,25.783203,113.628351
1483,s,0.023128,0.140250,0.021500,32.965088,184.878351
1488,p,0.003780,0.004400,0.020000,35.505859,28.179849
1489,p,0.003780,0.012300,0.019200,55.891602,35.279849
1490,d,0.002385,0.035150,0.019200,65.513672,56.735393
1491,s,0.023128,0.004500,0.022000,72.465576,49.628351
1492,d,0.002385,0.009550,0.021500,16.590576,33.435393
1493,s,0.023128,0.020800,0.021500,24.122314,65.428351
1494,p,0.003780,0.125500,0.022000,44.436768,151.279849
1495,p,0.003780,0.110100,0.022000,65.749023,135.879849
1500,d,0.002385,0.005500,0.020000,24.023682,27.885393
1501,s,0.023128,0.014350,0.018500,31.673584,55.978351
1502,p,0.003780,0.021600,0.021500,49.815674,46.879849
1503,d,0.002385,0.004900,0.020000,59.597412,27.285393
1504,d,0.002385,0.012150,0.019200,14.294434,33.735393
1505,d,0.002385,0.012150,0.018500,22.175049,33.035393
1506,p,0.003780,0.045800,0.021500,42.083984,71.079849
1507,d,0.002385,0.094250,0.018500,52.789795,115.135393
1496,d,0.002385,0.004600,0.022000,23.593506,28.985393
1497,s,0.023128,0.020900,0.018500,31.109375,62.528351
1498,s,0.023128,0.074300,0.020000,37.815674,117.428351
1499,s,0.023128,0.020350,0.022000,44.573975,65.478351
1508,s,0.023128,0.007050,0.020000,21.483887,50.178351
1509,d,0.002385,0.012350,0.020000,29.336426,34.735393
1510,d,0.002385,0.020700,0.018500,36.337402,41.585393
1511,p,0.003780,0.102750,0.020000,54.399902,126.529849
1512,p,0.003780,0.012050,0.022000,35.118896,37.829849
1513,s,0.023128,0.008100,0.020000,44.186035,51.228351
1514,p,0.003780,0.081650,0.022000,62.130859,107.429849
1515,p,0.003780,0.090100,0.022000,82.258545,115.879849
1516,d,0.002385,0.003950,0.022000,7.273193,28.335393
1517,d,0.002385,0.013000,0.018500,15.312744,33.885393
1518,s,0.023128,0.011750,0.022000,22.450684,56.878351
1519,d,0.002385,0.100350,0.018500,29.945312,121.235393
1520,s,0.023128,0.005900,0.020000,22.704834,49.028351
1521,d,0.002385,0.035450,0.018500,30.590576,56.335393
1522,p,0.003780,0.047100,0.020000,48.754883,70.879849
1523,d,0.002385,0.044300,0.021500,57.975586,68.185393
1524,p,0.003780,0.005400,0.021500,35.312256,30.679849
1525,p,0.003780,0.035550,0.018500,55.446289,57.829849
1526,s,0.023128,0.089600,0.021500,64.465332,134.228351
1527,d,0.002385,0.142450,0.022000,71.829346,166.835393
1528,p,0.003780,0.004150,0.022000,35.587891,29.929849
1529,p,0.003780,0.006200,0.019200,55.945557,29.179849
1530,p,0.003780,0.050300,0.019200,76.273193,73.279849
1531,p,0.003780,0.007100,0.022000,96.474854,32.879849
1532,d,0.002385,0.004700,0.021500,20.755127,28.585393
1533,d,0.002385,0.010300,0.021500,29.012939,34.185393
1534,d,0.002385,0.089600,0.022000,36.894531,113.985393
1535,d,0.002385,0.107950,0.020000,44.808105,130.335393
1536,d,0.002385,0.005350,0.021500,10.371582,29.235393
1537,d,0.002385,0.014600,0.020000,18.477051,36.985393
1538,s,0.023128,0.061450,0.020000,26.275635,104.578351
1539,s,0.023128,0.086200,0.020000,34.045410,129.328351
1540,d,0.002385,0.007250,0.019200,23.741455,28.835393
1541,p,0.003780,0.005750,0.021500,42.520996,31.029849
1542,s,0.023128,0.082350,0.019200,51.692139,124.678351
1543,p,0.003780,0.008950,0.022000,69.596436,34.729849
1544,s,0.023128,0.004900,0.019200,8.999023,47.228351
1545,d,0.002385,0.009150,0.020000,16.058105,31.535393
1546,d,0.002385,0.049250,0.022000,23.065918,73.635393
1547,s,0.023128,0.131650,0.021500,29.886230,176.278351
1548,s,0.023128,0.010450,0.020000,20.546143,53.578351
1549,s,0.023128,0.016400,0.019200,28.199951,58.728351
1550,p,0.003780,0.026600,0.020000,46.628662,50.379849
1551,p,0.003780,0.137200,0.019200,67.017334,160.179849
1552,s,0.023128,0.004750,0.021500,23.319092,49.378351
1553,p,0.003780,0.008200,0.018500,42.474854,30.479849
1554,d,0.002385,0.094100,0.018500,51.755615,114.985393
1555,s,0.023128,0.026700,0.021500,58.504639,71.328351
1556,s,0.023128,0.005350,0.019200,11.632812,47.678351
1557,d,0.002385,0.009600,0.022000,18.697754,33.985393
1558,p,0.003780,0.046150,0.021500,36.952393,71.429849
1559,d,0.002385,0.068100,0.020000,46.172852,90.485393
1568,s,0.023128,0.004100,0.019200,22.709473,46.428351
1569,d,0.002385,0.013450,0.022000,30.543457,37.835393
1570,d,0.002385,0.110500,0.019200,37.603027,132.085393
1571,d,0.002385,0.078550,0.021500,44.666992,102.435393
1564,d,0.002385,0.005450,0.022000,10.171631,29.835393
1565,p,0.003780,0.006100,0.019200,30.814941,29.079849
1566,d,0.002385,0.022950,0.018500,41.181885,43.835393
1567,d,0.002385,0.005100,0.021500,48.654785,28.985393
1560,p,0.003780,0.005150,0.021500,35.166992,30.429849
1561,d,0.002385,0.013900,0.020000,44.466064,36.285393
1562,s,0.023128,0.029250,0.018500,51.197510,70.878351
1563,s,0.023128,0.038050,0.022000,57.843750,83.178351
1572,p,0.003780,0.004300,0.021500,20.497314,29.579849
1573,p,0.003780,0.012100,0.018500,41.166504,34.379849
1574,s,0.023128,0.025700,0.018500,50.435791,67.328351
1575,s,0.023128,0.004150,0.019200,57.253174,46.478351
1576,p,0.003780,0.004500,0.019200,34.903076,27.479849
1577,d,0.002385,0.014300,0.022000,44.318604,38.685393
1578,p,0.003780,0.021750,0.022000,62.452637,47.529849
1579,d,0.002385,0.004250,0.018500,71.730469,25.135393
1580,p,0.003780,0.004700,0.019200,20.128418,27.679849
1581,p,0.003780,0.009100,0.022000,40.264648,34.879849
1582,s,0.023128,0.029450,0.018500,49.282715,71.078351
1583,d,0.002385,0.005550,0.022000,56.395752,29.935393
1584,p,0.003780,0.004900,0.021500,35.134033,30.179849
1585,s,0.023128,0.011850,0.020000,44.738770,54.978351
1586,p,0.003780,0.096050,0.022000,64.590576,121.829849
1587,s,0.023128,0.004850,0.018500,74.660889,46.478351
1588,p,0.003780,0.006000,0.019200,35.261719,28.979849
1589,s,0.023128,0.013850,0.021500,44.389893,58.478351
1590,d,0.002385,0.017850,0.020000,51.410400,40.235393
1591,d,0.002385,0.064950,0.021500,58.830078,88.835393
1592,d,0.002385,0.005200,0.019200,8.177979,26.785393
1593,d,0.002385,0.016850,0.020000,16.191895,39.235393
1594,s,0.023128,0.044800,0.022000,24.001221,89.928351
1595,d,0.002385,0.016800,0.021500,31.778809,40.685393
1596,s,0.023128,0.006050,0.020000,23.071533,49.178351
1597,d,0.002385,0.018300,0.022000,31.202393,42.685393
1598,p,0.003780,0.054000,0.018500,49.840820,76.279849
1599,s,0.023128,0.056800,0.021500,58.959961,101.428351
1600,s,0.023128,0.004300,0.019200,23.169922,46.628351
1601,d,0.002385,0.017400,0.021500,31.135986,41.285393
1602,s,0.023128,0.021800,0.018500,37.912109,63.428351
1603,s,0.023128,0.023250,0.019200,44.607422,65.578351
1608,d,0.002385,0.007450,0.022000,9.697998,31.835393
1609,s,0.023128,0.008800,0.019200,16.696045,51.128351
1610,d,0.002385,0.028050,0.019200,23.771729,49.635393
1611,p,0.003780,0.033550,0.021500,42.019287,58.829849
1604,d,0.002385,0.005200,0.020000,9.412842,27.585393
1605,p,0.003780,0.011900,0.021500,29.964844,37.179849
1606,p,0.003780,0.095050,0.022000,51.389893,120.829849
1607,d,0.002385,0.004450,0.021500,61.002441,28.335393
1612,p,0.003780,0.006300,0.022000,34.919678,32.079849
1613,s,0.023128,0.034600,0.019200,44.029297,76.928351
1614,s,0.023128,0.102150,0.021500,50.783691,146.778351
1615,s,0.023128,0.089650,0.018500,57.684814,131.278351
1616,s,0.023128,0.004250,0.020000,22.919434,47.378351
1617,p,0.003780,0.013600,0.020000,41.757080,37.379849
1618,d,0.002385,0.071100,0.021500,51.021484,94.985393
1619,s,0.023128,0.056650,0.022000,57.771484,101.778351
1620,d,0.002385,0.005650,0.020000,9.770020,28.035393
1621,p,0.003780,0.042650,0.022000,27.878662,68.429849
1622,s,0.023128,0.012400,0.019200,36.807861,54.728351
1623,d,0.002385,0.005050,0.020000,44.054199,27.435393
1624,d,0.002385,0.004750,0.019200,21.555176,26.335393
1625,p,0.003780,0.009000,0.019200,41.710205,31.979849
1626,d,0.002385,0.035500,0.021500,52.351562,59.385393
1627,p,0.003780,0.004900,0.022000,71.535156,30.679849
1628,s,0.023128,0.004500,0.018500,23.176025,46.128351
1629,s,0.023128,0.012450,0.019200,31.009277,54.778351
1630,p,0.003780,0.116850,0.019200,49.087158,139.829849
1631,d,0.002385,0.041650,0.022000,58.401123,66.035393
1632,d,0.002385,0.004800,0.018500,9.366699,25.685393
1633,s,0.023128,0.020100,0.021500,16.208984,64.728351
1634,d,0.002385,0.059300,0.020000,23.195068,81.685393
1635,s,0.023128,0.061750,0.019200,29.987549,104.078351
1636,s,0.023128,0.004850,0.021500,23.156006,49.478351
1637,d,0.002385,0.017850,0.020000,30.998535,40.235393
1638,p,0.003780,0.027250,0.018500,49.473877,49.529849
1639,s,0.023128,0.030700,0.019200,58.513184,73.028351
1640,d,0.002385,0.012450,0.022000,8.924072,36.835393
1641,s,0.023128,0.011700,0.020000,16.442139,54.828351
1642,p,0.003780,0.096450,0.021500,35.490479,121.729849
1643,p,0.003780,0.042800,0.020000,56.204590,66.579849
1644,s,0.023128,0.004500,0.020000,9.277100,47.628351
1645,p,0.003780,0.011100,0.021500,27.343750,36.379849
1646,s,0.023128,0.089600,0.019200,36.294922,131.928351
1647,d,0.002385,0.097550,0.018500,43.305420,118.435393
1648,d,0.002385,0.005650,0.021500,15.537598,29.535393
1649,p,0.003780,0.011950,0.020000,36.089844,35.729849
1650,p,0.003780,0.059150,0.018500,57.891357,81.429849
1651,p,0.003780,0.005400,0.018500,78.769043,27.679849
1652,d,0.002385,0.006350,0.018500,23.891113,27.235393
1653,s,0.023128,0.008750,0.019200,31.478027,51.078351
1654,p,0.003780,0.091550,0.021500,49.723389,116.829849
1655,p,0.003780,0.008450,0.022000,70.134766,34.229849
1660,s,0.023128,0.004650,0.021500,9.141357,49.278351
1661,s,0.023128,0.005150,0.022000,16.160645,50.278351
1662,d,0.002385,0.012750,0.022000,23.334473,37.135393
1663,s,0.023128,0.017200,0.022000,30.541748,62.328351
1656,p,0.003780,0.005300,0.019200,35.052002,28.279849
1657,p,0.003780,0.006650,0.019200,55.125488,29.629849
1658,d,0.002385,0.111100,0.020000,64.642090,133.485393
1659,s,0.023128,0.005800,0.022000,71.539307,50.928351
1664,p,0.003780,0.005650,0.022000,23.634033,31.429849
1665,s,0.023128,0.008800,0.019200,32.669922,51.128351
1666,d,0.002385,0.105550,0.022000,39.647949,129.935393
1667,d,0.002385,0.027500,0.020000,46.661621,49.885393
1668,d,0.002385,0.010350,0.022000,23.473389,34.735393
1669,p,0.003780,0.012000,0.022000,42.258789,37.779849
1670,p,0.003780,0.040900,0.021500,64.432861,66.179849
1671,d,0.002385,0.007900,0.022000,74.912842,32.285393
1672,d,0.002385,0.004650,0.022000,23.366699,29.035393
1673,p,0.003780,0.008400,0.018500,42.081787,30.679849
1674,p,0.003780,0.078500,0.019200,62.235107,101.479849
1675,s,0.023128,0.005050,0.018500,71.233398,46.678351
1676,p,0.003780,0.008600,0.019200,33.510742,31.579849
1677,s,0.023128,0.005750,0.019200,42.559326,48.078351
1678,d,0.002385,0.016800,0.020000,49.574463,39.185393
1679,d,0.002385,0.023000,0.021500,56.655518,46.885393
1680,p,0.003780,0.006650,0.019200,34.953857,29.629849
1681,d,0.002385,0.016400,0.020000,44.283203,38.785393
1682,s,0.023128,0.017650,0.022000,51.089355,62.778351
1683,p,0.003780,0.096500,0.018500,69.170410,118.779849
1684,d,0.002385,0.004950,0.019200,23.620605,26.535393
1685,d,0.002385,0.012750,0.020000,31.752197,35.135393
1686,s,0.023128,0.078500,0.022000,39.139160,123.628351
1687,d,0.002385,0.062750,0.020000,46.949463,85.135393
1688,d,0.002385,0.004700,0.018500,9.511963,25.585393
1689,p,0.003780,0.031850,0.018500,30.173828,54.129849
1690,d,0.002385,0.033250,0.019200,40.572510,54.835393
1691,s,0.023128,0.004350,0.021500,47.403320,48.978351
1692,d,0.002385,0.007850,0.018500,23.593994,28.735393
1693,s,0.023128,0.014750,0.021500,31.045166,59.378351
1694,s,0.023128,0.129250,0.019200,37.738281,171.578351
1695,s,0.023128,0.115000,0.022000,44.465088,160.128351
1696,p,0.003780,0.004750,0.022000,24.645264,30.529849
1697,s,0.023128,0.017400,0.018500,33.825928,59.028351
1698,d,0.002385,0.081850,0.020000,40.816162,104.235393
1699,p,0.003780,0.028700,0.022000,58.959229,54.479849
1700,p,0.003780,0.005200,0.022000,20.992188,30.979849
1701,d,0.002385,0.011550,0.019200,30.381836,33.135393
1702,s,0.023128,0.098650,0.018500,37.127686,140.278351
1703,s,0.023128,0.026300,0.021500,43.877441,70.928351
1704,p,0.003780,0.004400,0.019200,38.246338,27.379849
1705,s,0.023128,0.012400,0.021500,47.281982,57.028351
1706,d,0.002385,0.025250,0.019200,54.363281,46.835393
1707,p,0.003780,0.054100,0.020000,72.259521,77.879849
1716,p,0.003780,0.004350,0.019200,20.802734,27.329849
1717,d,0.002385,0.011100,0.022000,30.174561,35.485393
1718,d,0.002385,0.099350,0.019200,37.214600,120.935393
1719,p,0.003780,0.081550,0.018500,55.121826,103.829849
1708,p,0.003780,0.006400,0.022000,35.883301,32.179849
1709,d,0.002385,0.004450,0.020000,46.201660,26.835393
1710,d,0.002385,0.101700,0.022000,54.095947,126.085393
1711,s,0.023128,0.084350,0.022000,61.486816,129.478351
1712,d,0.002385,0.005050,0.021500,23.501465,28.935393
1713,d,0.002385,0.010450,0.022000,31.148926,34.835393
1714,s,0.023128,0.075050,0.018500,37.921631,116.678351
1715,s,0.023128,0.049350,0.020000,44.713867,92.478351
1724,s,0.023128,0.004250,0.020000,19.605469,47.378351
1725,d,0.002385,0.045550,0.020000,27.074707,67.935393
1726,d,0.002385,0.086700,0.022000,34.124268,111.085393
1727,s,0.023128,0.067550,0.018500,40.819580,109.178351
1720,d,0.002385,0.012450,0.020000,23.689209,34.835393
1721,p,0.003780,0.011000,0.022000,42.589844,36.779849
1722,p,0.003780,0.063050,0.022000,62.677002,88.829849
1723,d,0.002385,0.016150,0.018500,71.946289,37.035393
1732,s,0.023128,0.005700,0.022000,22.992676,50.828351
1733,s,0.023128,0.007500,0.022000,30.587158,52.628351
1734,p,0.003780,0.046900,0.020000,48.858887,70.679849
1735,s,0.023128,0.110100,0.018500,57.786133,151.728351
1728,s,0.023128,0.005400,0.018500,23.070068,47.028351
1729,p,0.003780,0.011950,0.021500,42.670166,37.229849
1730,p,0.003780,0.038750,0.019200,62.895020,61.729849
1731,p,0.003780,0.079400,0.019200,83.273926,102.379849
1736,p,0.003780,0.005300,0.019200,20.278809,28.279849
1737,s,0.023128,0.010150,0.020000,30.008789,53.278351
1738,p,0.003780,0.047400,0.019200,48.971191,70.379849
1739,p,0.003780,0.004750,0.021500,69.522949,30.029849
1740,p,0.003780,0.004550,0.020000,35.109863,28.329849
1741,p,0.003780,0.010900,0.019200,55.487061,33.879849
1742,d,0.002385,0.045800,0.018500,64.896973,66.685393
1743,d,0.002385,0.004300,0.022000,71.936768,28.685393
1744,s,0.023128,0.005550,0.020000,15.593750,48.678351
1745,p,0.003780,0.013600,0.022000,33.722168,39.379849
1746,s,0.023128,0.020250,0.021500,42.670166,64.878351
1747,s,0.023128,0.071150,0.021500,49.394531,115.778351
1748,d,0.002385,0.004750,0.022000,22.311279,29.135393
1749,p,0.003780,0.013550,0.022000,40.982910,39.329849
1750,d,0.002385,0.024800,0.020000,50.296631,47.185393
1751,d,0.002385,0.004450,0.021500,57.357910,28.335393
1752,s,0.023128,0.005100,0.020000,10.525879,48.228351
1753,s,0.023128,0.015400,0.020000,17.350830,58.528351
1754,d,0.002385,0.059150,0.018500,24.404053,80.035393
1755,s,0.023128,0.075150,0.022000,31.124268,120.278351
1756,s,0.023128,0.005200,0.021500,20.380859,49.828351
1757,d,0.002385,0.047850,0.019200,27.500244,69.435393
1758,d,0.002385,0.024300,0.022000,34.619873,48.685393
1759,p,0.003780,0.089700,0.021500,52.813965,114.979849
1760,p,0.003780,0.004400,0.019200,34.971924,27.379849
1761,p,0.003780,0.009600,0.021500,55.239014,34.879849
1762,s,0.023128,0.012450,0.022000,64.265381,57.578351
1763,s,0.023128,0.005750,0.021500,70.999268,50.378351
1764,s,0.023128,0.004300,0.022000,23.431152,49.428351
1765,p,0.003780,0.013850,0.018500,43.903564,36.129849
1766,d,0.002385,0.045800,0.019200,54.420166,67.385393
1767,p,0.003780,0.079400,0.018500,73.624023,101.679849
1768,d,0.002385,0.004500,0.019200,9.296875,26.085393
1769,p,0.003780,0.008100,0.018500,27.441650,30.379849
1770,p,0.003780,0.009300,0.018500,47.448730,31.579849
1771,p,0.003780,0.006350,0.022000,67.550049,32.129849
1772,d,0.002385,0.006400,0.019200,23.921875,27.985393
1773,s,0.023128,0.005750,0.018500,31.468994,47.378351
1774,d,0.002385,0.022950,0.020000,38.416748,45.335393
1775,d,0.002385,0.097050,0.020000,45.445801,119.435393
1776,s,0.023128,0.004350,0.018500,13.077393,45.978351
1777,d,0.002385,0.013050,0.020000,20.833984,35.435393
1778,d,0.002385,0.092300,0.019200,28.604492,113.885393
1779,s,0.023128,0.056100,0.018500,36.658447,97.728351
1780,d,0.002385,0.003650,0.020000,10.522461,26.035393
1781,s,0.023128,0.010000,0.022000,20.016602,55.128351
1782,d,0.002385,0.062800,0.022000,26.964111,87.185393
1783,p,0.003780,0.041100,0.020000,45.014404,64.879849
1784,d,0.002385,0.004950,0.019200,23.314941,26.535393
1785,p,0.003780,0.009100,0.018500,42.368652,31.379849
1786,p,0.003780,0.045800,0.018500,62.563965,68.079849
1787,s,0.023128,0.004700,0.021500,71.514404,49.328351
1788,p,0.003780,0.004700,0.021500,29.565674,29.979849
1789,p,0.003780,0.009550,0.020000,51.591309,33.329849
1790,p,0.003780,0.056450,0.022000,72.860840,82.229849
1791,d,0.002385,0.005250,0.021500,82.712646,29.135393
1792,p,0.003780,0.004350,0.018500,35.368652,26.629849
1793,d,0.002385,0.010000,0.022000,44.887207,34.385393
1794,s,0.023128,0.027450,0.018500,51.742188,69.078351
1795,s,0.023128,0.063250,0.022000,58.420166,108.378351
1796,d,0.002385,0.005150,0.019200,23.416504,26.735393
1797,p,0.003780,0.009900,0.021500,42.280762,35.179849
1798,d,0.002385,0.011000,0.021500,51.929932,34.885393
1799,p,0.003780,0.004150,0.018500,70.036133,26.429849
1800,s,0.023128,0.004800,0.019200,9.214844,47.128351
1801,s,0.023128,0.025650,0.019200,15.894043,67.978351
1802,p,0.003780,0.027000,0.021500,34.079346,52.279849
1803,p,0.003780,0.097900,0.022000,54.470703,123.679849
1804,d,0.002385,0.007300,0.020000,23.397949,29.685393
1805,p,0.003780,0.005900,0.021500,42.524658,31.179849
1806,d,0.002385,0.028200,0.020000,51.799316,50.585393
1807,d,0.002385,0.033050,0.019200,58.849609,54.635393
1808,p,0.003780,0.005900,0.018500,26.041016,28.179849
1809,s,0.023128,0.011100,0.022000,35.103760,56.228351
1810,p,0.003780,0.035500,0.022000,53.019287,61.279849
1811,s,0.023128,0.005200,0.021500,61.978516,49.828351
1816,d,0.002385,0.005850,0.022000,9.966797,30.235393
1817,s,0.023128,0.011000,0.022000,16.840088,56.128351
1818,p,0.003780,0.121800,0.021500,34.968018,147.079849
1819,s,0.023128,0.013850,0.021500,43.963379,58.478351
1812,p,0.003780,0.004250,0.018500,35.486084,26.529849
1813,d,0.002385,0.017850,0.018500,44.901855,38.735393
1814,p,0.003780,0.084000,0.021500,63.210693,109.279849
1815,s,0.023128,0.004750,0.019200,72.555176,47.078351
1820,s,0.023128,0.005750,0.022000,11.045166,50.878351
1821,p,0.003780,0.011550,0.018500,29.984619,33.829849
1822,s,0.023128,0.023500,0.021500,39.091553,68.128351
1823,p,0.003780,0.098850,0.021500,57.251709,124.129849
1824,s,0.023128,0.016900,0.022000,7.482178,62.028351
1825,s,0.023128,0.006650,0.020000,14.886475,49.778351
1826,d,0.002385,0.026850,0.018500,22.436523,47.735393
1827,s,0.023128,0.105150,0.022000,29.566650,150.278351
1828,s,0.023128,0.006250,0.019200,23.404541,48.578351
1829,p,0.003780,0.008900,0.022000,42.233887,34.679849
1830,s,0.023128,0.069450,0.018500,51.139648,111.078351
1831,s,0.023128,0.065150,0.018500,57.773438,106.778351
1832,p,0.003780,0.004250,0.019200,35.283447,27.229849
1833,d,0.002385,0.015650,0.020000,44.572510,38.035393
1834,s,0.023128,0.028050,0.019200,51.372070,70.378351
1835,d,0.002385,0.040700,0.021500,58.842529,64.585393
1836,d,0.002385,0.009000,0.020000,23.544678,31.385393
1837,p,0.003780,0.007250,0.020000,42.381592,31.029849
1838,p,0.003780,0.047100,0.020000,62.656006,70.879849
1839,s,0.023128,0.006450,0.019200,71.631836,48.778351
1840,p,0.003780,0.004600,0.022000,31.481934,30.379849
1841,d,0.002385,0.009800,0.022000,41.809814,34.185393
1842,s,0.023128,0.066000,0.020000,49.221436,109.128351
1843,s,0.023128,0.131100,0.019200,56.488770,173.428351
1844,p,0.003780,0.005150,0.020000,19.537598,28.929849
1845,d,0.002385,0.027300,0.021500,29.548828,51.185393
1846,p,0.003780,0.077550,0.018500,48.750244,99.829849
1847,d,0.002385,0.004400,0.018500,58.180176,25.285393
1852,d,0.002385,0.007900,0.019200,23.409668,29.485393
1853,p,0.003780,0.007250,0.018500,42.190674,29.529849
1854,s,0.023128,0.043600,0.018500,51.185303,85.228351
1855,d,0.002385,0.053700,0.021500,58.598633,77.585393
1848,p,0.003780,0.005450,0.020000,34.794678,29.229849
1849,d,0.002385,0.013700,0.018500,44.150146,34.585393
1850,d,0.002385,0.108650,0.018500,51.185547,129.535393
1851,d,0.002385,0.102100,0.019200,58.236328,123.685393
1856,s,0.023128,0.007300,0.020000,22.399414,50.428351
1857,p,0.003780,0.008950,0.018500,41.372314,31.229849
1858,p,0.003780,0.084500,0.020000,61.551758,108.279849
1859,p,0.003780,0.024400,0.018500,81.721924,46.679849
1860,p,0.003780,0.004450,0.020000,25.918945,28.229849
1861,s,0.023128,0.012400,0.022000,35.582520,57.528351
1862,p,0.003780,0.107000,0.018500,54.143555,129.279849
1863,s,0.023128,0.004500,0.018500,63.928711,46.128351
1864,s,0.023128,0.004600,0.021500,22.221680,49.228351
1865,d,0.002385,0.007900,0.021500,30.532715,31.785393
1866,d,0.002385,0.039200,0.020000,38.738281,61.585393
1867,s,0.023128,0.123550,0.021500,46.194092,168.178351
1868,p,0.003780,0.004450,0.022000,40.142578,30.229849
1869,p,0.003780,0.028250,0.019200,61.916748,51.229849
1870,p,0.003780,0.036550,0.019200,82.524658,59.529849
1871,s,0.023128,0.006350,0.020000,91.627197,49.478351
1872,d,0.002385,0.004750,0.022000,20.948975,29.135393
1873,d,0.002385,0.014750,0.020000,29.384521,37.135393
1874,s,0.023128,0.027050,0.020000,36.818359,70.178351
1875,s,0.023128,0.058700,0.021500,44.368652,103.328351
1880,s,0.023128,0.005250,0.021500,22.341309,49.878351
1881,d,0.002385,0.011100,0.021500,30.129883,34.985393
1882,s,0.023128,0.007950,0.021500,36.931396,52.578351
1883,p,0.003780,0.036050,0.021500,55.096191,61.329849
1876,s,0.023128,0.005300,0.022000,22.579590,50.428351
1877,d,0.002385,0.012250,0.019200,30.363770,33.835393
1878,d,0.002385,0.102050,0.021500,37.731445,125.935393
1879,d,0.002385,0.083650,0.022000,44.802490,108.035393
1884,p,0.003780,0.003800,0.021500,21.442627,29.079849
1885,d,0.002385,0.015050,0.019200,30.938965,36.635393
1886,p,0.003780,0.070650,0.022000,49.331787,96.429849
1887,s,0.023128,0.009550,0.019200,58.300049,51.878351
1892,p,0.003780,0.005150,0.021500,29.697754,30.429849
1893,d,0.002385,0.023350,0.021500,39.582031,47.235393
1894,d,0.002385,0.019850,0.019200,46.736328,41.435393
1895,s,0.023128,0.042800,0.022000,53.727539,87.928351
1888,d,0.002385,0.004500,0.021500,23.521484,28.385393
1889,d,0.002385,0.015550,0.018500,31.742676,36.435393
1890,d,0.002385,0.070900,0.022000,38.820068,95.285393
1891,p,0.003780,0.035850,0.021500,56.911865,61.129849
1896,p,0.003780,0.004400,0.022000,35.195801,30.179849
1897,s,0.023128,0.009600,0.019200,44.312744,51.928351
1898,d,0.002385,0.085550,0.021500,51.292725,109.435393
1899,d,0.002385,0.029350,0.018500,58.571289,50.235393
1904,p,0.003780,0.004550,0.018500,18.181152,26.829849
1905,p,0.003780,0.019150,0.021500,39.230713,44.429849
1906,s,0.023128,0.054850,0.020000,48.802490,97.978351
1907,p,0.003780,0.005200,0.018500,67.749756,27.479849
1900,s,0.023128,0.006350,0.019200,23.490234,48.678351
1901,s,0.023128,0.011050,0.022000,31.352051,56.178351
1902,p,0.003780,0.038850,0.022000,51.475342,64.629849
1903,d,0.002385,0.071650,0.021500,62.058838,95.535393
1908,s,0.023128,0.004750,0.018500,22.697266,46.378351
1909,p,0.003780,0.012500,0.020000,41.839600,36.279849
1910,s,0.023128,0.019200,0.021500,50.910400,63.828351
1911,p,0.003780,0.024800,0.018500,69.157959,47.079849
1916,s,0.023128,0.005500,0.021500,23.012695,50.128351
1917,p,0.003780,0.008400,0.021500,41.989990,33.679849
1918,s,0.023128,0.025500,0.021500,51.006836,70.128351
1919,s,0.023128,0.085800,0.021500,57.700195,130.428351
1912,d,0.002385,0.004700,0.020000,22.201660,27.085393
1913,p,0.003780,0.017450,0.022000,41.522217,43.229849
1914,s,0.023128,0.026650,0.022000,50.731445,71.778351
1915,d,0.002385,0.006700,0.019200,57.733398,28.285393
1920,p,0.003780,0.004700,0.018500,17.979492,26.979849
1921,d,0.002385,0.023350,0.022000,27.974854,47.735393
1922,s,0.023128,0.026800,0.021500,34.901855,71.428351
1923,p,0.003780,0.096500,0.022000,53.464844,122.279849
1924,p,0.003780,0.004900,0.020000,35.093506,28.679849
1925,d,0.002385,0.019800,0.022000,44.392578,44.185393
1926,d,0.002385,0.073500,0.020000,51.395996,95.885393
1927,d,0.002385,0.037900,0.019200,58.413574,59.485393
1928,s,0.023128,0.006950,0.020000,20.380615,50.078351
1929,s,0.023128,0.020800,0.022000,27.346680,65.928351
1930,d,0.002385,0.018950,0.019200,34.370117,40.535393
1931,s,0.023128,0.144400,0.021500,41.272705,189.028351
1936,p,0.003780,0.005250,0.019200,35.167480,28.229849
1937,s,0.023128,0.010550,0.018500,44.215820,52.178351
1938,s,0.023128,0.088250,0.018500,51.224121,129.878351
1939,s,0.023128,0.032250,0.018500,58.070801,73.878351
1932,p,0.003780,0.007650,0.021500,35.920410,32.929849
1933,d,0.002385,0.010150,0.021500,45.283936,34.035393
1934,s,0.023128,0.061250,0.019200,52.073975,103.578351
1935,d,0.002385,0.102750,0.022000,59.325439,127.135393
1940,d,0.002385,0.005500,0.018500,16.194580,26.385393
1941,d,0.002385,0.016650,0.020000,24.174561,39.035393
1942,d,0.002385,0.021150,0.022000,32.125732,45.535393
1943,d,0.002385,0.066300,0.018500,39.991455,87.185393
1944,d,0.002385,0.004500,0.020000,23.288330,26.885393
1945,s,0.023128,0.009100,0.022000,30.855713,54.228351
1946,p,0.003780,0.114600,0.019200,48.955078,137.579849
1947,d,0.002385,0.005400,0.019200,58.256836,26.985393
1948,p,0.003780,0.005550,0.018500,23.309570,27.829849
1949,p,0.003780,0.009950,0.022000,46.203369,35.729849
1950,p,0.003780,0.106800,0.021500,67.672852,132.079849
1951,p,0.003780,0.005050,0.020000,88.283203,28.829849
1952,s,0.023128,0.007050,0.020000,23.787109,50.178351
1953,p,0.003780,0.018150,0.019200,43.022949,41.129849
1954,d,0.002385,0.008800,0.022000,52.601318,33.185393
1955,d,0.002385,0.060250,0.022000,59.918945,84.635393
1956,d,0.002385,0.006700,0.022000,10.345459,31.085393
1957,d,0.002385,0.012900,0.022000,17.598633,37.285393
1958,p,0.003780,0.058350,0.019200,35.869141,81.329849
1959,s,0.023128,0.024150,0.019200,44.891357,66.478351
1960,p,0.003780,0.004050,0.022000,25.275879,29.829849
1961,s,0.023128,0.011100,0.020000,35.566162,54.228351
1962,d,0.002385,0.098650,0.019200,43.378174,120.235393
1963,s,0.023128,0.143900,0.018500,50.691406,185.528351
1964,s,0.023128,0.004400,0.018500,9.288818,46.028351
1965,s,0.023128,0.014100,0.019200,16.067139,56.428351
1966,s,0.023128,0.060600,0.020000,22.784912,103.728351
1967,p,0.003780,0.090250,0.022000,41.558594,116.029849
1968,p,0.003780,0.006000,0.019200,35.458008,28.979849
1969,s,0.023128,0.015850,0.018500,44.572754,57.478351
1970,s,0.023128,0.086700,0.019200,51.279541,129.028351
1971,p,0.003780,0.083650,0.019200,69.614014,106.629849
1972,s,0.023128,0.004450,0.018500,23.423828,46.078351
1973,d,0.002385,0.016650,0.019200,31.237305,38.235393
1974,p,0.003780,0.070050,0.022000,49.569580,95.829849
1975,s,0.023128,0.125000,0.019200,58.620605,167.328351
1976,d,0.002385,0.004350,0.022000,12.535156,28.735393
1977,s,0.023128,0.016500,0.020000,21.246338,59.628351
1978,p,0.003780,0.106600,0.019200,39.721191,129.579849
1979,d,0.002385,0.005300,0.018500,49.798340,26.185393
1980,s,0.023128,0.005200,0.019200,16.668213,47.528351
1981,d,0.002385,0.011850,0.018500,24.028320,32.735393
1982,s,0.023128,0.057350,0.020000,30.801758,100.478351
1983,p,0.003780,0.067450,0.021500,48.889404,92.729849
1984,p,0.003780,0.004500,0.020000,35.496094,28.279849
1985,d,0.002385,0.054550,0.019200,44.864746,76.135393
1986,p,0.003780,0.021150,0.019200,63.284424,44.129849
1987,p,0.003780,0.004450,0.019200,83.719727,27.429849
1988,p,0.003780,0.004450,0.021500,20.302246,29.729849
1989,d,0.002385,0.017400,0.020000,29.809082,39.785393
1990,d,0.002385,0.013700,0.020000,37.027344,36.085393
1991,p,0.003780,0.022850,0.021500,55.353760,48.129849
1992,d,0.002385,0.004550,0.020000,7.695068,26.935393
1993,d,0.002385,0.010950,0.021500,16.534912,34.835393
1994,d,0.002385,0.078350,0.022000,24.164062,102.735393
1995,s,0.023128,0.074050,0.018500,31.342529,115.678351
1996,d,0.002385,0.004450,0.022000,9.331055,28.835393
1997,p,0.003780,0.013100,0.019200,27.476074,36.079849
1998,d,0.002385,0.109000,0.022000,37.154785,133.385393
1999,p,0.003780,0.005300,0.021500,55.437744,30.579849
2000,d,0.002385,0.004950,0.021500,27.284180,28.835393
2001,s,0.023128,0.013250,0.019200,35.542236,55.578351
2002,s,0.023128,0.013700,0.022000,42.179443,58.828351
2003,p,0.003780,0.025950,0.018500,60.360352,48.229849
2004,s,0.023128,0.005000,0.019200,23.148438,47.328351
2005,d,0.002385,0.029600,0.021500,31.079590,53.485393
2006,p,0.003780,0.018300,0.019200,49.211426,41.279849
2007,d,0.002385,0.076250,0.022000,58.407715,100.635393
2008,d,0.002385,0.010900,0.020000,9.348633,33.285393
2009,p,0.003780,0.008150,0.022000,27.610352,33.929849
2010,s,0.023128,0.058850,0.022000,36.673340,103.978351
2011,p,0.003780,0.098200,0.019200,54.736328,121.179849
2012,s,0.023128,0.007650,0.022000,23.337158,52.778351
2013,d,0.002385,0.014150,0.019200,31.606445,35.735393
2014,s,0.023128,0.081850,0.020000,38.665039,124.978351
2015,d,0.002385,0.101400,0.020000,45.680420,123.785393
2016,p,0.003780,0.004850,0.020000,19.895508,28.629849
2017,s,0.023128,0.035450,0.021500,29.328369,80.078351
2018,s,0.023128,0.017000,0.019200,36.262451,59.328351
2019,p,0.003780,0.063250,0.018500,54.578125,85.529849
2020,s,0.023128,0.005350,0.018500,19.765137,46.978351
2021,p,0.003780,0.007000,0.021500,39.462402,32.279849
2022,d,0.002385,0.096450,0.020000,48.975586,118.835393
2023,d,0.002385,0.028650,0.020000,57.625244,51.035393
2024,p,0.003780,0.004550,0.019200,34.814453,27.529849
2025,d,0.002385,0.016950,0.020000,44.184326,39.335393
2026,s,0.023128,0.118250,0.020000,51.200439,161.378351
2027,d,0.002385,0.090100,0.019200,58.344238,111.685393
2032,s,0.023128,0.004300,0.019200,23.465332,46.628351
2033,s,0.023128,0.020200,0.021500,31.095459,64.828351
2034,s,0.023128,0.096050,0.019200,37.883301,138.378351
2035,p,0.003780,0.016300,0.018500,56.233398,38.579849
2028,d,0.002385,0.005600,0.019200,16.187256,27.185393
2029,d,0.002385,0.012800,0.020000,24.097656,35.185393
2030,p,0.003780,0.060100,0.020000,44.437988,83.879849
2031,p,0.003780,0.004400,0.022000,66.339844,30.179849
2036,s,0.023128,0.003900,0.021500,24.094238,48.528351
2037,d,0.002385,0.016950,0.018500,32.210449,37.835393
2038,p,0.003780,0.084800,0.018500,51.069824,107.079849
2039,p,0.003780,0.058500,0.018500,71.490723,80.779849
2044,s,0.023128,0.005500,0.022000,22.877197,50.628351
2045,s,0.023128,0.043250,0.018500,30.534180,84.878351
2046,p,0.003780,0.099750,0.018500,48.707764,122.029849
2047,p,0.003780,0.171950,0.019200,69.496582,194.929849
2040,s,0.023128,0.004300,0.018500,22.978516,45.928351
2041,d,0.002385,0.007000,0.019200,30.795898,28.585393
2042,d,0.002385,0.019700,0.018500,38.161621,40.585393
2043,p,0.003780,0.086150,0.021500,56.749023,111.429849
2048,d,0.002385,0.004750,0.021500,9.767822,28.635393
2049,s,0.023128,0.013650,0.019200,16.588623,55.978351
2050,p,0.003780,0.020950,0.019200,34.863525,43.929849
2051,d,0.002385,0.058450,0.018500,44.145020,79.335393
2052,s,0.023128,0.021000,0.020000,21.287598,64.128351
2053,p,0.003780,0.005750,0.020000,40.154785,29.529849
2054,p,0.003780,0.046450,0.021500,60.609131,71.729849
2055,d,0.002385,0.072450,0.021500,69.969971,96.335393
2056,s,0.023128,0.016900,0.022000,22.860840,62.028351
2057,s,0.023128,0.007900,0.020000,30.367188,51.028351
2058,p,0.003780,0.020850,0.019200,48.568115,43.829849
2059,s,0.023128,0.101000,0.019200,57.848877,143.328351
2064,d,0.002385,0.004000,0.020000,9.514893,26.385393
2065,d,0.002385,0.017400,0.022000,16.620361,41.785393
2066,d,0.002385,0.081850,0.022000,24.087402,106.235393
2067,s,0.023128,0.044300,0.018500,31.095703,85.928351
2060,s,0.023128,0.014300,0.021500,23.006592,58.928351
2061,d,0.002385,0.015650,0.020000,30.811035,38.035393
2062,s,0.023128,0.048350,0.021500,37.595703,92.978351
2063,p,0.003780,0.066300,0.019200,56.945312,89.279849
2068,s,0.023128,0.005500,0.019200,20.534668,47.828351
2069,d,0.002385,0.013850,0.019200,28.222168,35.435393
2070,p,0.003780,0.031750,0.022000,46.464355,57.529849
2071,d,0.002385,0.066950,0.022000,55.764160,91.335393
2072,d,0.002385,0.014300,0.020000,23.308105,36.685393
2073,p,0.003780,0.043250,0.020000,42.156738,67.029849
2074,s,0.023128,0.041800,0.018500,51.108398,83.428351
2075,s,0.023128,0.025950,0.019200,57.931885,68.278351
2076,d,0.002385,0.011700,0.020000,23.412598,34.085393
2077,d,0.002385,0.006200,0.019200,31.095703,27.785393
2078,p,0.003780,0.130950,0.018500,50.201904,153.229849
2079,p,0.003780,0.052650,0.020000,72.843994,76.429849
2080,p,0.003780,0.004700,0.019200,20.740479,27.679849
2081,d,0.002385,0.010950,0.020000,30.116699,33.335393
2082,d,0.002385,0.091750,0.018500,37.170166,112.635393
2083,s,0.023128,0.091600,0.022000,43.927979,136.728351
2084,p,0.003780,0.004550,0.018500,35.172852,26.829849
2085,s,0.023128,0.014700,0.019200,44.254639,57.028351
2086,p,0.003780,0.025050,0.020000,62.433594,48.829849
2087,p,0.003780,0.004100,0.021500,82.684082,29.379849
2088,d,0.002385,0.004600,0.019200,23.285889,26.185393
2089,s,0.023128,0.015050,0.022000,30.723145,60.178351
2090,s,0.023128,0.073500,0.021500,37.460693,118.128351
2091,s,0.023128,0.059800,0.020000,44.182373,102.928351
2092,p,0.003780,0.004950,0.020000,23.662598,28.729849
2093,s,0.023128,0.052150,0.020000,32.801025,95.278351
2094,d,0.002385,0.039350,0.020000,40.059082,61.735393
2095,s,0.023128,0.131650,0.022000,46.810791,176.778351
2096,d,0.002385,0.006000,0.022000,24.201416,30.385393
2097,d,0.002385,0.011100,0.018500,31.834717,31.985393
2098,p,0.003780,0.027000,0.022000,50.139404,52.779849
2099,s,0.023128,0.030300,0.018500,59.114014,71.928351
2100,d,0.002385,0.004500,0.022000,8.692627,28.885393
2101,s,0.023128,0.013000,0.019200,17.206543,55.328351
2102,p,0.003780,0.058850,0.018500,37.485352,81.129849
2103,p,0.003780,0.005200,0.018500,58.812744,27.479849
2104,s,0.023128,0.004850,0.019200,10.423584,47.178351
2105,d,0.002385,0.016150,0.020000,17.516846,38.535393
2106,d,0.002385,0.036550,0.021500,24.858643,60.435393
2107,d,0.002385,0.076550,0.020000,32.577148,98.935393
2108,d,0.002385,0.004150,0.020000,22.891357,26.535393
2109,d,0.002385,0.010900,0.018500,30.588379,31.785393
2110,p,0.003780,0.061050,0.019200,48.808594,84.029849
2111,d,0.002385,0.005450,0.022000,58.104980,29.835393
2112,p,0.003780,0.006300,0.018500,35.286133,28.579849
2113,d,0.002385,0.013100,0.020000,44.622070,35.485393
2114,p,0.003780,0.116850,0.018500,63.719238,139.129849
2115,p,0.003780,0.008000,0.022000,86.354248,33.779849
2116,d,0.002385,0.007200,0.018500,23.239502,28.085393
2117,s,0.023128,0.011050,0.019200,30.834717,53.378351
2118,s,0.023128,0.011850,0.021500,37.556885,56.478351
2119,d,0.002385,0.093250,0.018500,44.515869,114.135393
2120,p,0.003780,0.005400,0.018500,21.306641,27.679849
2121,d,0.002385,0.009200,0.019200,30.842285,30.785393
2122,p,0.003780,0.086500,0.018500,48.937256,108.779849
2123,s,0.023128,0.004850,0.018500,58.115967,46.478351
2124,s,0.023128,0.006650,0.018500,22.908936,48.278351
2125,d,0.002385,0.007900,0.022000,31.070312,32.285393
2126,d,0.002385,0.100750,0.022000,38.277344,125.135393
2127,d,0.002385,0.115350,0.022000,45.390137,139.735393
2128,s,0.023128,0.004400,0.021500,22.941895,49.028351
2129,p,0.003780,0.012750,0.019200,42.024170,35.729849
2130,d,0.002385,0.100750,0.022000,51.479004,125.135393
2131,p,0.003780,0.018600,0.020000,69.981445,42.379849
2132,p,0.003780,0.011100,0.018500,20.758057,33.379849
2133,s,0.023128,0.015250,0.019200,30.126221,57.578351
2134,p,0.003780,0.039200,0.022000,48.219727,64.979849
2135,p,0.003780,0.072650,0.019200,68.450195,95.629849
2136,d,0.002385,0.005550,0.019200,8.655273,27.135393
2137,p,0.003780,0.007550,0.020000,27.927734,31.329849
2138,s,0.023128,0.011000,0.021500,37.036377,55.628351
2139,s,0.023128,0.007850,0.020000,43.760498,50.978351
2148,p,0.003780,0.008150,0.018500,20.676025,30.429849
2149,d,0.002385,0.011500,0.021500,30.766357,35.385393
2150,s,0.023128,0.120250,0.022000,38.015869,165.378351
2151,d,0.002385,0.050550,0.022000,45.313965,74.935393
2144,s,0.023128,0.005100,0.019200,23.280029,47.428351
2145,d,0.002385,0.007850,0.022000,31.055664,32.235393
2146,d,0.002385,0.103400,0.021500,38.299072,127.285393
2147,d,0.002385,0.136450,0.021500,45.378418,160.335393
2140,d,0.002385,0.004450,0.019200,23.009521,26.035393
2141,p,0.003780,0.010400,0.020000,41.818115,34.179849
2142,p,0.003780,0.010800,0.018500,62.477051,33.079849
2143,d,0.002385,0.004200,0.020000,71.857666,26.585393
2152,s,0.023128,0.005550,0.022000,22.079834,50.678351
2153,p,0.003780,0.013100,0.021500,41.030518,38.379849
2154,d,0.002385,0.046150,0.019200,50.594971,67.735393
2155,p,0.003780,0.031100,0.020000,69.112793,54.879849
2156,s,0.023128,0.005750,0.022000,22.780518,50.878351
2157,d,0.002385,0.010550,0.021500,31.297119,34.435393
2158,p,0.003780,0.034050,0.019200,49.952148,57.029849
2159,d,0.002385,0.051900,0.018500,59.194824,72.785393
2160,s,0.023128,0.006400,0.018500,23.079590,48.028351
2161,d,0.002385,0.011500,0.020000,31.327393,33.885393
2162,p,0.003780,0.031900,0.019200,51.680664,54.879849
2163,p,0.003780,0.041650,0.021500,73.637207,66.929849
2168,p,0.003780,0.004450,0.022000,34.760010,30.229849
2169,s,0.023128,0.005850,0.022000,43.743408,50.978351
2170,s,0.023128,0.129300,0.020000,50.417236,172.428351
2171,s,0.023128,0.090600,0.019200,57.120850,132.928351
2164,s,0.023128,0.005550,0.022000,23.854980,50.678351
2165,s,0.023128,0.009500,0.022000,32.400146,54.628351
2166,s,0.023128,0.050300,0.020000,44.438232,93.428351
2167,d,0.002385,0.123900,0.020000,52.096191,146.285393
2176,p,0.003780,0.004450,0.020000,27.254883,28.229849
2177,s,0.023128,0.009600,0.020000,37.063477,52.728351
2178,s,0.023128,0.026850,0.019200,44.209717,69.178351
2179,d,0.002385,0.024500,0.018500,51.748291,45.385393
2172,s,0.023128,0.006450,0.021500,23.270264,51.078351
2173,s,0.023128,0.018300,0.020000,30.817627,61.428351
2174,p,0.003780,0.036700,0.021500,48.808105,61.979849
2175,p,0.003780,0.032250,0.020000,69.071045,56.029849
2180,p,0.003780,0.004000,0.019200,35.269287,26.979849
2181,s,0.023128,0.012550,0.018500,44.359375,54.178351
2182,s,0.023128,0.018500,0.019200,51.014160,60.828351
2183,p,0.003780,0.057100,0.020000,68.900879,80.879849
2184,p,0.003780,0.004150,0.022000,34.732422,29.929849
2185,d,0.002385,0.035550,0.021500,44.031006,59.435393
2186,s,0.023128,0.117350,0.019200,51.044189,159.678351
2187,s,0.023128,0.100800,0.020000,58.228516,143.928351
2188,s,0.023128,0.012150,0.018500,9.338623,53.778351
2189,s,0.023128,0.011550,0.020000,16.038330,54.678351
2190,d,0.002385,0.041800,0.022000,23.037842,66.185393
2191,d,0.002385,0.048550,0.022000,30.079102,72.935393
2192,p,0.003780,0.005700,0.021500,34.896484,30.979849
2193,p,0.003780,0.005850,0.020000,55.067139,29.629849
2194,p,0.003780,0.093450,0.022000,75.748047,119.229849
2195,s,0.023128,0.005450,0.019200,84.909424,47.778351
2196,s,0.023128,0.005200,0.018500,7.436035,46.828351
2197,d,0.002385,0.013550,0.022000,15.524414,37.935393
2198,d,0.002385,0.018950,0.021500,23.083252,42.835393
2199,s,0.023128,0.096600,0.020000,30.294189,139.728351
2200,p,0.003780,0.007300,0.022000,34.977051,33.079849
2201,p,0.003780,0.012150,0.022000,55.782959,37.929849
2202,d,0.002385,0.082150,0.021500,65.708496,106.035393
2203,s,0.023128,0.096200,0.022000,72.816895,141.328351
2208,p,0.003780,0.005850,0.022000,20.362061,31.629849
2209,s,0.023128,0.014150,0.022000,29.403320,59.278351
2210,d,0.002385,0.106600,0.022000,36.410889,130.985393
2211,s,0.023128,0.045150,0.021500,43.180908,89.778351
2204,d,0.002385,0.011000,0.021500,23.098633,34.885393
2205,d,0.002385,0.006200,0.018500,30.850586,27.085393
2206,p,0.003780,0.054600,0.021500,48.977783,79.879849
2207,d,0.002385,0.094350,0.020000,58.306396,116.735393
2212,p,0.003780,0.010150,0.021500,34.984131,35.429849
2213,p,0.003780,0.017850,0.019200,55.190430,40.829849
2214,p,0.003780,0.024300,0.018500,75.512939,46.579849
2215,s,0.023128,0.004500,0.018500,84.495361,46.128351
2216,s,0.023128,0.004000,0.022000,23.247314,49.128351
2217,p,0.003780,0.017350,0.021500,42.765625,42.629849
2218,s,0.023128,0.100850,0.018500,51.854980,142.478351
2219,s,0.023128,0.086550,0.021500,58.792969,131.178351
2220,d,0.002385,0.004600,0.022000,9.731934,28.985393
2221,p,0.003780,0.011050,0.018500,28.000244,33.329849
2222,p,0.003780,0.092300,0.021500,48.077148,117.579849
2223,p,0.003780,0.004750,0.022000,68.406250,30.529849
2224,s,0.023128,0.007350,0.022000,22.981201,52.478351
2225,d,0.002385,0.016050,0.022000,30.972656,40.435393
2226,d,0.002385,0.035500,0.018500,38.256348,56.385393
2227,p,0.003780,0.047250,0.020000,56.482910,71.029849
2228,p,0.003780,0.004150,0.019200,35.093994,27.129849
2229,p,0.003780,0.012000,0.019200,55.205078,34.979849
2230,s,0.023128,0.057000,0.018500,64.162598,98.628351
2231,p,0.003780,0.005100,0.021500,82.160156,30.379849
2232,d,0.002385,0.005100,0.019200,23.935303,26.685393
2233,p,0.003780,0.007650,0.021500,42.683105,32.929849
2234,s,0.023128,0.022500,0.018500,51.650635,64.128351
2235,s,0.023128,0.005050,0.018500,58.584961,46.678351
2240,p,0.003780,0.006350,0.019200,34.940430,29.329849
2241,s,0.023128,0.005850,0.018500,43.966553,47.478351
2242,d,0.002385,0.014350,0.019200,51.192627,35.935393
2243,s,0.023128,0.060400,0.018500,57.951904,102.028351
2236,s,0.023128,0.005350,0.020000,23.068359,48.478351
2237,d,0.002385,0.018800,0.019200,31.353027,40.385393
2238,d,0.002385,0.075250,0.021500,38.442627,99.135393
2239,s,0.023128,0.038050,0.020000,45.286377,81.178351
2244,s,0.023128,0.005100,0.018500,22.973145,46.728351
2245,d,0.002385,0.009550,0.020000,30.908936,31.935393
2246,s,0.023128,0.051250,0.022000,38.950684,96.378351
2247,s,0.023128,0.056150,0.019200,47.083252,98.478351
2248,d,0.002385,0.004550,0.021500,9.583008,28.435393
2249,s,0.023128,0.011050,0.019200,17.005127,53.378351
2250,d,0.002385,0.054850,0.022000,24.025879,79.235393
2251,s,0.023128,0.056200,0.019200,30.829346,98.528351
2252,p,0.003780,0.006700,0.020000,34.702393,30.479849
2253,p,0.003780,0.014200,0.020000,54.821533,37.979849
2254,p,0.003780,0.150300,0.020000,74.987305,174.079849
2255,p,0.003780,0.005700,0.019200,95.026367,28.679849
2256,p,0.003780,0.004250,0.019200,20.118896,27.229849
2257,s,0.023128,0.012700,0.019200,29.103271,55.028351
2258,d,0.002385,0.098500,0.021500,36.324951,122.385393
2259,p,0.003780,0.131700,0.019200,54.263428,154.679849
2260,s,0.023128,0.004500,0.021500,22.695312,49.128351
2261,d,0.002385,0.016750,0.022000,31.204590,41.135393
2262,s,0.023128,0.058350,0.021500,38.088379,102.978351
2263,p,0.003780,0.033050,0.021500,56.241943,58.329849
2264,p,0.003780,0.003400,0.018500,35.281738,25.679849
2265,d,0.002385,0.010900,0.019200,44.692627,32.485393
2266,p,0.003780,0.057550,0.022000,63.347656,83.329849
2267,p,0.003780,0.006750,0.018500,83.748047,29.029849
2268,d,0.002385,0.005200,0.019200,23.565918,26.785393
2269,p,0.003780,0.006950,0.021500,42.695068,32.229849
2270,d,0.002385,0.018750,0.022000,51.981445,43.135393
2271,s,0.023128,0.004850,0.018500,59.074951,46.478351
2272,d,0.002385,0.004500,0.019200,26.602783,26.085393
2273,s,0.023128,0.090350,0.018500,34.411377,131.978351
2274,p,0.003780,0.063150,0.018500,52.665771,85.429849
2275,d,0.002385,0.004900,0.019200,61.983887,26.485393
2276,d,0.002385,0.008550,0.022000,21.383789,32.935393
2277,s,0.023128,0.029250,0.020000,28.610352,72.378351
2278,p,0.003780,0.052150,0.020000,46.726074,75.929849
2279,d,0.002385,0.076250,0.022000,56.017334,100.635393
2284,s,0.023128,0.006750,0.018500,23.370361,48.378351
2285,p,0.003780,0.016950,0.019200,42.334961,39.929849
2286,s,0.023128,0.015850,0.019200,51.309326,58.178351
2287,d,0.002385,0.014900,0.019200,58.347900,36.485393
2280,p,0.003780,0.004500,0.019200,35.315674,27.479849
2281,s,0.023128,0.009950,0.020000,44.906982,53.078351
2282,p,0.003780,0.113600,0.018500,65.394043,135.879849
2283,d,0.002385,0.008450,0.022000,76.014648,32.835393
2288,d,0.002385,0.005600,0.022000,11.053467,29.985393
2289,p,0.003780,0.012450,0.019200,39.553467,35.429849
2290,p,0.003780,0.005150,0.018500,59.910889,27.429849
2291,s,0.023128,0.121800,0.020000,69.134766,164.928351
2292,s,0.023128,0.004050,0.018500,20.951660,45.678351
2293,s,0.023128,0.012950,0.022000,28.274414,58.078351
2294,s,0.023128,0.059300,0.020000,35.077393,102.428351
2295,d,0.002385,0.024100,0.022000,42.135498,48.485393
2296,p,0.003780,0.005100,0.020000,35.386963,28.879849
2297,d,0.002385,0.015050,0.019200,44.970947,36.635393
2298,d,0.002385,0.086700,0.021500,52.136719,110.585393
2299,p,0.003780,0.036100,0.021500,70.093750,61.379849
2300,p,0.003780,0.005000,0.019200,35.427002,27.979849
2301,d,0.002385,0.009200,0.022000,44.825439,33.585393
2302,p,0.003780,0.069850,0.021500,62.988770,95.129849
2303,p,0.003780,0.005300,0.019200,83.094238,28.279849
2304,d,0.002385,0.006000,0.018500,19.017090,26.885393
2305,d,0.002385,0.005750,0.020000,27.100098,28.135393
2306,p,0.003780,0.059150,0.019200,45.214111,82.129849
2307,p,0.003780,0.005400,0.019200,67.013916,28.379849
2308,d,0.002385,0.004650,0.020000,21.536377,27.035393
2309,p,0.003780,0.011400,0.022000,40.669434,37.179849
2310,s,0.023128,0.093350,0.021500,49.694580,137.978351
2311,s,0.023128,0.005200,0.018500,56.449463,46.828351
2312,p,0.003780,0.014300,0.018500,34.292236,36.579849
2313,d,0.002385,0.012700,0.019200,43.700195,34.285393
2314,d,0.002385,0.036550,0.021500,50.761230,60.435393
2315,d,0.002385,0.123900,0.021500,57.887451,147.785393
2316,s,0.023128,0.005450,0.021500,18.332764,50.078351
2317,d,0.002385,0.035550,0.021500,29.450195,59.435393
2318,d,0.002385,0.072050,0.021500,36.780273,95.935393
2319,d,0.002385,0.088500,0.021500,43.949707,112.385393
2320,s,0.023128,0.004850,0.022000,24.021240,49.978351
2321,p,0.003780,0.008400,0.020000,43.290527,32.179849
2322,s,0.023128,0.009300,0.022000,52.281738,54.428351
2323,p,0.003780,0.084850,0.019200,70.322998,107.829849
2324,d,0.002385,0.005350,0.019200,9.662598,26.935393
2325,p,0.003780,0.007600,0.018500,27.986328,29.879849
2326,p,0.003780,0.030250,0.018500,48.062500,52.529849
2327,d,0.002385,0.006150,0.022000,57.344971,30.535393
2328,p,0.003780,0.005750,0.019200,30.025391,28.729849
2329,p,0.003780,0.011500,0.019200,52.175293,34.479849
2330,s,0.023128,0.045800,0.022000,61.595947,90.928351
2331,d,0.002385,0.004150,0.018500,68.908203,25.035393
2332,p,0.003780,0.005550,0.018500,35.295166,27.829849
2333,s,0.023128,0.009150,0.020000,44.348633,52.278351
2334,p,0.003780,0.067350,0.022000,62.464111,93.129849
2335,s,0.023128,0.003950,0.022000,71.427979,49.078351
2336,s,0.023128,0.004800,0.020000,7.076660,47.928351
2337,s,0.023128,0.012450,0.018500,14.499756,54.078351
2338,d,0.002385,0.086500,0.021500,22.106689,110.385393
2339,p,0.003780,0.083150,0.018500,41.234131,105.429849
2340,p,0.003780,0.004400,0.018500,35.327881,26.679849
2341,p,0.003780,0.020700,0.019200,55.776123,43.679849
2342,s,0.023128,0.094100,0.019200,64.823730,136.428351
2343,p,0.003780,0.005850,0.022000,83.253418,31.629849
2344,p,0.003780,0.006450,0.020000,32.205078,30.229849
2345,p,0.003780,0.029600,0.018500,52.730957,51.879849
2346,p,0.003780,0.024000,0.022000,72.884766,49.779849
2347,d,0.002385,0.014000,0.022000,82.229248,38.385393
2348,p,0.003780,0.006000,0.020000,35.610107,29.779849
2349,s,0.023128,0.017650,0.020000,44.700439,60.778351
2350,s,0.023128,0.023500,0.022000,51.611572,68.628351
2351,d,0.002385,0.074650,0.020000,58.803711,97.035393
2352,p,0.003780,0.006000,0.021500,24.492432,31.279849
2353,p,0.003780,0.017850,0.019200,46.936279,40.829849
2354,p,0.003780,0.034350,0.022000,68.018555,60.129849
2355,p,0.003780,0.005500,0.018500,88.532471,27.779849
2356,s,0.023128,0.009450,0.021500,22.996338,54.078351
2357,d,0.002385,0.009550,0.019200,30.784180,31.135393
2358,d,0.002385,0.044800,0.020000,37.803223,67.185393
2359,s,0.023128,0.127700,0.019200,44.599609,170.028351
2364,s,0.023128,0.004800,0.021500,9.455322,49.428351
2365,s,0.023128,0.011500,0.020000,17.573730,54.628351
2366,s,0.023128,0.086850,0.019200,24.639160,129.178351
2367,p,0.003780,0.026300,0.020000,43.791748,50.079849
2360,s,0.023128,0.008550,0.018500,20.319580,50.178351
2361,p,0.003780,0.008100,0.018500,38.943115,30.379849
2362,d,0.002385,0.081850,0.022000,48.466064,106.235393
2363,p,0.003780,0.052250,0.021500,66.477783,77.529849
2368,d,0.002385,0.004250,0.020000,23.458008,26.635393
2369,d,0.002385,0.028900,0.019200,31.213623,50.485393
2370,d,0.002385,0.090650,0.022000,38.251709,115.035393
2371,s,0.023128,0.024800,0.018500,45.164062,66.428351
2372,s,0.023128,0.005250,0.019200,9.727295,47.578351
2373,p,0.003780,0.025050,0.022000,29.796143,50.829849
2374,s,0.023128,0.023650,0.021500,39.868164,68.278351
2375,p,0.003780,0.087500,0.018500,59.349609,109.779849
2376,d,0.002385,0.005300,0.020000,23.608887,27.685393
2377,s,0.023128,0.014350,0.018500,31.356934,55.978351
2378,s,0.023128,0.070050,0.019200,38.080811,112.378351
2379,s,0.023128,0.117300,0.020000,44.814941,160.428351
2380,p,0.003780,0.004250,0.021500,35.299072,29.529849
2381,s,0.023128,0.007600,0.018500,44.444580,49.228351
2382,s,0.023128,0.060200,0.018500,51.280273,101.828351
2383,p,0.003780,0.100350,0.020000,70.981934,124.129849
2388,p,0.003780,0.005050,0.019200,21.165771,28.029849
2389,s,0.023128,0.009850,0.021500,30.234131,54.478351
2390,p,0.003780,0.062100,0.022000,48.285156,87.879849
2391,d,0.002385,0.003400,0.018500,57.884521,24.285393
2384,s,0.023128,0.022500,0.019200,23.068359,64.828351
2385,d,0.002385,0.011200,0.021500,30.987549,35.085393
2386,s,0.023128,0.030250,0.019200,37.848145,72.578351
2387,p,0.003780,0.098200,0.020000,56.151611,121.979849
2392,p,0.003780,0.005850,0.020000,20.339844,29.629849
2393,p,0.003780,0.011100,0.022000,40.713135,36.879849
2394,d,0.002385,0.024150,0.019200,50.032227,45.735393
2395,d,0.002385,0.006000,0.022000,57.198975,30.385393
2396,p,0.003780,0.005150,0.021500,26.975098,30.429849
2397,d,0.002385,0.015450,0.018500,37.815918,36.335393
2398,s,0.023128,0.057800,0.020000,45.231689,100.928351
2399,s,0.023128,0.028700,0.020000,52.225586,71.828351
2400,d,0.002385,0.005400,0.019200,23.701660,26.985393
2401,d,0.002385,0.014450,0.021500,31.479980,38.335393
2402,d,0.002385,0.016800,0.022000,38.513184,41.185393
2403,d,0.002385,0.106250,0.022000,45.536133,130.635393
2404,d,0.002385,0.004550,0.022000,23.691406,28.935393
2405,p,0.003780,0.009150,0.020000,42.479736,32.929849
2406,s,0.023128,0.020750,0.018500,51.460693,62.378351
2407,s,0.023128,0.017450,0.018500,58.259766,59.078351
2408,s,0.023128,0.004400,0.020000,9.194336,47.528351
2409,p,0.003780,0.012550,0.021500,27.416748,37.829849
2410,p,0.003780,0.035150,0.018500,47.574951,57.429849
2411,d,0.002385,0.056650,0.018500,57.574463,77.535393
2412,d,0.002385,0.004900,0.022000,12.404785,29.285393
2413,d,0.002385,0.014150,0.018500,20.964600,35.035393
2414,p,0.003780,0.060500,0.019200,41.056396,83.479849
2415,p,0.003780,0.009500,0.022000,62.764404,35.279849
2416,p,0.003780,0.005750,0.021500,24.199463,31.029849
2417,d,0.002385,0.013250,0.021500,33.601562,37.135393
2418,d,0.002385,0.070250,0.019200,40.920898,91.835393
2419,p,0.003780,0.101000,0.018500,58.814453,123.279849
2420,p,0.003780,0.006050,0.018500,41.652832,28.329849
2421,d,0.002385,0.035450,0.018500,51.063965,56.335393
2422,d,0.002385,0.035850,0.020000,58.481689,58.235393
2423,p,0.003780,0.066300,0.022000,76.694336,92.079849
2424,s,0.023128,0.005650,0.022000,23.095215,50.778351
2425,p,0.003780,0.016000,0.019200,42.083496,38.979849
2426,s,0.023128,0.100750,0.019200,51.078613,143.078351
2427,p,0.003780,0.051900,0.021500,69.158691,77.179849
2428,p,0.003780,0.004150,0.018500,35.275635,26.429849
2429,d,0.002385,0.012000,0.021500,44.609619,35.885393
2430,p,0.003780,0.039200,0.019200,62.742188,62.179849
2431,p,0.003780,0.005550,0.019200,83.065186,28.529849
2432,d,0.002385,0.005200,0.018500,22.606201,26.085393
2433,d,0.002385,0.014150,0.022000,30.286133,38.535393
2434,s,0.023128,0.018050,0.018500,37.195801,59.678351
2435,s,0.023128,0.074050,0.019200,43.889648,116.378351
2436,s,0.023128,0.004350,0.021500,13.150391,48.978351
2437,s,0.023128,0.006500,0.022000,21.650635,51.628351
2438,p,0.003780,0.075250,0.021500,42.151611,100.529849
2439,s,0.023128,0.040200,0.022000,51.898438,85.328351
2440,s,0.023128,0.004800,0.018500,22.729492,46.428351
2441,s,0.023128,0.010050,0.021500,30.349121,54.678351
2442,d,0.002385,0.045800,0.018500,37.375732,66.685393
2443,p,0.003780,0.105600,0.019200,55.565674,128.579849
2444,d,0.002385,0.009050,0.022000,23.838379,33.435393
2445,p,0.003780,0.007800,0.021500,42.489990,33.079849
2446,d,0.002385,0.043350,0.018500,51.833252,64.235393
2447,s,0.023128,0.086200,0.021500,58.692383,130.828351
2448,p,0.003780,0.004750,0.019200,35.697510,27.729849
2449,s,0.023128,0.064900,0.021500,45.703369,109.528351
2450,p,0.003780,0.007950,0.020000,65.487793,31.729849
2451,p,0.003780,0.006450,0.019200,86.905762,29.429849
2452,p,0.003780,0.005500,0.019200,35.257080,28.479849
2453,p,0.003780,0.009300,0.022000,55.486328,35.079849
2454,d,0.002385,0.086700,0.018500,64.803467,107.585393
2455,p,0.003780,0.004000,0.020000,82.743408,27.779849
2456,p,0.003780,0.007250,0.021500,20.477539,32.529849
2457,p,0.003780,0.020400,0.022000,42.832275,46.179849
2458,d,0.002385,0.047100,0.022000,52.201172,71.485393
2459,p,0.003780,0.004350,0.021500,70.230957,29.629849
2460,s,0.023128,0.005300,0.022000,23.171387,50.428351
2461,p,0.003780,0.007850,0.022000,42.188477,33.629849
2462,s,0.023128,0.104550,0.021500,51.492188,149.178351
2463,p,0.003780,0.024400,0.020000,69.838379,48.179849
2464,d,0.002385,0.005550,0.022000,23.712402,29.935393
2465,p,0.003780,0.013900,0.021500,42.571289,39.179849
2466,d,0.002385,0.070150,0.022000,51.843262,94.535393
2467,d,0.002385,0.012750,0.022000,58.974854,37.135393
2468,s,0.023128,0.006650,0.019200,21.801758,48.978351
2469,p,0.003780,0.015950,0.021500,40.659912,41.229849
2470,p,0.003780,0.098150,0.021500,60.958740,123.429849
2471,p,0.003780,0.033050,0.022000,81.201172,58.829849
2472,s,0.023128,0.004500,0.018500,23.154541,46.128351
2473,p,0.003780,0.029600,0.022000,42.107666,55.379849
2474,s,0.023128,0.019200,0.022000,51.202881,64.328351
2475,s,0.023128,0.035950,0.021500,58.077637,80.578351
2480,p,0.003780,0.004950,0.019200,34.910645,27.929849
2481,s,0.023128,0.010800,0.022000,43.977051,55.928351
2482,d,0.002385,0.082300,0.021500,51.067139,106.185393
2483,p,0.003780,0.040200,0.020000,69.118164,63.979849
2476,p,0.003780,0.005550,0.021500,34.952881,30.829849
2477,p,0.003780,0.012350,0.022000,55.212402,38.129849
2478,p,0.003780,0.008550,0.021500,76.062012,33.829849
2479,p,0.003780,0.005100,0.020000,96.767334,28.879849
2484,d,0.002385,0.004700,0.019200,23.800537,26.285393
2485,d,0.002385,0.012550,0.019200,31.526123,34.135393
2486,s,0.023128,0.059300,0.022000,38.584717,104.428351
2487,s,0.023128,0.020350,0.019200,45.362061,62.678351
2488,s,0.023128,0.003950,0.018500,23.153809,45.578351
2489,d,0.002385,0.005150,0.019200,30.978760,26.735393
2490,p,0.003780,0.053150,0.020000,49.771729,76.929849
2491,d,0.002385,0.099350,0.018500,59.085449,120.235393
2492,s,0.023128,0.004450,0.022000,9.549072,49.578351
2493,d,0.002385,0.015550,0.021500,16.550049,39.435393
2494,p,0.003780,0.071250,0.018500,34.968994,93.529849
2495,d,0.002385,0.076100,0.022000,44.277832,100.485393
2496,d,0.002385,0.005350,0.018500,10.277100,26.235393
2497,p,0.003780,0.022400,0.020000,30.293701,46.179849
2498,s,0.023128,0.101700,0.019200,40.310791,144.028351
2499,s,0.023128,0.006000,0.019200,47.541748,48.328351
2500,s,0.023128,0.004500,0.019200,23.284180,46.828351
2501,p,0.003780,0.008900,0.018500,42.635498,31.179849
2502,p,0.003780,0.058350,0.019200,63.115479,81.329849
2503,s,0.023128,0.015250,0.022000,72.144775,60.378351
2504,s,0.023128,0.004000,0.022000,22.858154,49.128351
2505,d,0.002385,0.007800,0.019200,30.644287,29.385393
2506,s,0.023128,0.019950,0.022000,37.438477,65.078351
2507,s,0.023128,0.042550,0.021500,44.407715,87.178351
2508,p,0.003780,0.005150,0.020000,34.558838,28.929849
2509,d,0.002385,0.007550,0.022000,44.433838,31.935393
2510,p,0.003780,0.043950,0.020000,62.531982,67.729849
2511,d,0.002385,0.012050,0.021500,71.793701,35.935393
2512,p,0.003780,0.004100,0.021500,20.561768,29.379849
2513,p,0.003780,0.018050,0.020000,40.716553,41.829849
2514,d,0.002385,0.039200,0.020000,50.196777,61.585393
2515,s,0.023128,0.006050,0.022000,57.161621,51.178351
2516,s,0.023128,0.005500,0.022000,23.050537,50.628351
2517,p,0.003780,0.013650,0.018500,41.883301,35.929849
2518,s,0.023128,0.034350,0.019200,50.848633,76.678351
2519,d,0.002385,0.060400,0.019200,57.864014,81.985393
2524,d,0.002385,0.004000,0.020000,23.525146,26.385393
2525,d,0.002385,0.008200,0.020000,31.295654,30.585393
2526,p,0.003780,0.020850,0.020000,49.476074,44.629849
2527,p,0.003780,0.004750,0.022000,69.797363,30.529849
2520,p,0.003780,0.006050,0.021500,26.082764,31.329849
2521,s,0.023128,0.011100,0.022000,36.146973,56.228351
2522,d,0.002385,0.095400,0.020000,44.039307,117.785393
2523,s,0.023128,0.030300,0.021500,51.419434,74.928351
2528,d,0.002385,0.004650,0.022000,23.607422,29.035393
2529,s,0.023128,0.009600,0.018500,31.106689,51.228351
2530,p,0.003780,0.026150,0.018500,49.702637,48.429849
2531,s,0.023128,0.008250,0.022000,58.771240,53.378351
2532,d,0.002385,0.006650,0.021500,23.668701,30.535393
2533,d,0.002385,0.010500,0.020000,31.427002,32.885393
2534,s,0.023128,0.023000,0.018500,38.205566,64.628351
2535,p,0.003780,0.109850,0.022000,56.781494,135.629849
2536,s,0.023128,0.005500,0.018500,23.061768,47.128351
2537,s,0.023128,0.013250,0.022000,30.620361,58.378351
2538,s,0.023128,0.027000,0.019200,37.316650,69.328351
2539,s,0.023128,0.071750,0.022000,43.971191,116.878351
2540,p,0.003780,0.005900,0.022000,34.598145,31.679849
2541,p,0.003780,0.012100,0.018500,54.815918,34.379849
2542,s,0.023128,0.074650,0.021500,63.853271,119.278351
2543,p,0.003780,0.104000,0.018500,81.894287,126.279849
2544,s,0.023128,0.004400,0.021500,23.082520,49.028351
2545,p,0.003780,0.011500,0.019200,41.942139,34.479849
2546,d,0.002385,0.052150,0.022000,51.217285,76.535393
2547,s,0.023128,0.027050,0.020000,58.111572,70.178351
2548,d,0.002385,0.003950,0.021500,23.585205,27.835393
2549,s,0.023128,0.028300,0.022000,31.196045,73.428351
2550,d,0.002385,0.035850,0.019200,38.180420,57.435393
2551,p,0.003780,0.105850,0.018500,56.583740,128.129849
2552,p,0.003780,0.004350,0.020000,20.605713,28.129849
2553,p,0.003780,0.011450,0.020000,40.910889,35.229849
2554,s,0.023128,0.019700,0.020000,49.926514,62.828351
2555,p,0.003780,0.005400,0.021500,67.933350,30.679849
2556,s,0.023128,0.007300,0.021500,16.222412,51.928351
2557,p,0.003780,0.011600,0.019200,38.264404,34.579849
2558,p,0.003780,0.018300,0.022000,60.079834,44.079849
2559,d,0.002385,0.098200,0.022000,69.807861,122.585393
2564,s,0.023128,0.017750,0.022000,23.336914,62.878351
2565,s,0.023128,0.009050,0.020000,31.063477,52.178351
2566,p,0.003780,0.056950,0.019200,49.335693,79.929849
2567,d,0.002385,0.028800,0.019200,58.616211,50.385393
2560,d,0.002385,0.007100,0.019200,23.727051,28.685393
2561,s,0.023128,0.013550,0.018500,31.204590,55.178351
2562,d,0.002385,0.027000,0.021500,38.413574,50.885393
2563,s,0.023128,0.013300,0.020000,45.282471,56.428351
2572,p,0.003780,0.003900,0.020000,20.041016,27.679849
2573,s,0.023128,0.047750,0.022000,29.309570,92.878351
2574,s,0.023128,0.035000,0.020000,35.968262,78.128351
2575,s,0.023128,0.142500,0.022000,42.615723,187.628351
2568,p,0.003780,0.004750,0.019200,22.018799,27.729849
2569,s,0.023128,0.011150,0.018500,31.303223,52.778351
2570,d,0.002385,0.048550,0.018500,38.527588,69.435393
2571,d,0.002385,0.042550,0.020000,45.788574,64.935393
2576,p,0.003780,0.004350,0.020000,35.169678,28.129849
2577,s,0.023128,0.005050,0.018500,44.194092,46.678351
2578,s,0.023128,0.019650,0.022000,50.854492,64.778351
2579,p,0.003780,0.044900,0.022000,69.131104,70.679849
2584,p,0.003780,0.005150,0.018500,33.753174,27.429849
2585,d,0.002385,0.022550,0.018500,43.142090,43.435393
2586,d,0.002385,0.093350,0.021500,50.216309,117.235393
2587,d,0.002385,0.065150,0.020000,58.164062,87.535393
2580,s,0.023128,0.005200,0.021500,23.431396,49.828351
2581,s,0.023128,0.011900,0.020000,31.010010,55.028351
2582,d,0.002385,0.105550,0.019200,38.072998,127.135393
2583,p,0.003780,0.118100,0.022000,56.192383,143.879849
2592,d,0.002385,0.005200,0.021500,9.666748,29.085393
2593,d,0.002385,0.006600,0.020000,16.778564,28.985393
2594,d,0.002385,0.011850,0.022000,23.920410,36.235393
2595,s,0.023128,0.051700,0.018500,30.766602,93.328351
2588,p,0.003780,0.004400,0.021500,34.642822,29.679849
2589,d,0.002385,0.005200,0.019200,44.022217,26.785393
2590,s,0.023128,0.020000,0.018500,51.071777,61.628351
2591,s,0.023128,0.029350,0.022000,57.819336,74.478351
2596,d,0.002385,0.005950,0.020000,22.544678,28.335393
2597,d,0.002385,0.011050,0.022000,30.346680,35.435393
2598,d,0.002385,0.118100,0.022000,37.423096,142.485393
2599,s,0.023128,0.090600,0.022000,44.451904,135.728351
2604,d,0.002385,0.004350,0.020000,24.122314,26.735393
2605,s,0.023128,0.035000,0.022000,31.729980,80.128351
2606,s,0.023128,0.110500,0.019200,38.458740,152.828351
2607,p,0.003780,0.079500,0.021500,56.553467,104.779849
2608,d,0.002385,0.006400,0.019200,22.909180,27.985393
2609,p,0.003780,0.016950,0.021500,41.676758,42.229849
2610,d,0.002385,0.043150,0.019200,50.958740,64.735393
2611,s,0.023128,0.004150,0.022000,57.791504,49.278351
2600,p,0.003780,0.004250,0.020000,33.342529,28.029849
2601,d,0.002385,0.007200,0.020000,43.015137,29.585393
2602,d,0.002385,0.011250,0.019200,50.098877,32.835393
2603,d,0.002385,0.043650,0.020000,57.188477,66.035393
2612,p,0.003780,0.014100,0.019200,35.378906,37.079849
2613,d,0.002385,0.020000,0.021500,44.960449,43.885393
2614,d,0.002385,0.116850,0.018500,52.184326,137.735393
2615,s,0.023128,0.083750,0.018500,59.230225,125.378351
2616,d,0.002385,0.004550,0.021500,24.008057,28.435393
2617,p,0.003780,0.012050,0.018500,42.781738,34.329849
2618,d,0.002385,0.098950,0.018500,52.101562,119.835393
2619,d,0.002385,0.005300,0.018500,59.332764,26.185393
2620,p,0.003780,0.005000,0.020000,25.756592,28.779849
2621,s,0.023128,0.011700,0.022000,36.318604,56.828351
2622,s,0.023128,0.020850,0.022000,43.846436,65.978351
2623,s,0.023128,0.014150,0.019200,51.709473,56.478351
2624,d,0.002385,0.005450,0.018500,23.837891,26.335393
2625,d,0.002385,0.007700,0.020000,31.626221,30.085393
2626,d,0.002385,0.122000,0.021500,38.858154,145.885393
2627,s,0.023128,0.062100,0.020000,45.738770,105.228351
2628,p,0.003780,0.006950,0.022000,21.389648,32.729849
2629,d,0.002385,0.025850,0.021500,30.693604,49.735393
2630,p,0.003780,0.041300,0.019200,48.624512,64.279849
2631,s,0.023128,0.101400,0.022000,57.675781,146.528351
2632,d,0.002385,0.005900,0.019200,23.840332,27.485393
2633,p,0.003780,0.011150,0.022000,42.576416,36.929849
2634,d,0.002385,0.045450,0.020000,52.005127,67.835393
2635,s,0.023128,0.004700,0.018500,58.787598,46.328351
2636,d,0.002385,0.004950,0.019200,15.988281,26.535393
2637,s,0.023128,0.019750,0.018500,23.256592,61.378351
2638,d,0.002385,0.066250,0.022000,30.459473,90.635393
2639,s,0.023128,0.097300,0.022000,37.331543,142.428351
2640,p,0.003780,0.005300,0.019200,28.984619,28.279849
2641,s,0.023128,0.007500,0.020000,38.250000,50.628351
2642,p,0.003780,0.076300,0.022000,56.209717,102.079849
2643,d,0.002385,0.005250,0.018500,65.525391,26.135393
2648,s,0.023128,0.004150,0.019200,9.710449,46.478351
2649,p,0.003780,0.033400,0.022000,28.121338,59.179849
2650,s,0.023128,0.134700,0.022000,37.208008,179.828351
2651,s,0.023128,0.074800,0.022000,43.899170,119.928351
2644,d,0.002385,0.004850,0.020000,11.433838,27.235393
2645,s,0.023128,0.008150,0.018500,20.270996,49.778351
2646,d,0.002385,0.064500,0.020000,28.952393,86.885393
2647,s,0.023128,0.023000,0.022000,37.373047,68.128351
2652,p,0.003780,0.005850,0.019200,20.245117,28.829849
2653,p,0.003780,0.008100,0.022000,40.998291,33.879849
2654,s,0.023128,0.017200,0.018500,50.176514,58.828351
2655,d,0.002385,0.009000,0.020000,57.231689,31.385393
2656,p,0.003780,0.004950,0.019200,35.333496,27.929849
2657,s,0.023128,0.007850,0.022000,44.396973,52.978351
2658,s,0.023128,0.026400,0.022000,51.105225,71.528351
2659,p,0.003780,0.115000,0.021500,69.078857,140.279849
2660,s,0.023128,0.004900,0.018500,23.475830,46.528351
2661,p,0.003780,0.028300,0.022000,42.691650,54.079849
2662,s,0.023128,0.099350,0.021500,51.696045,143.978351
2663,s,0.023128,0.042800,0.022000,58.421387,87.928351
2668,d,0.002385,0.005600,0.018500,23.740234,26.485393
2669,s,0.023128,0.010550,0.018500,31.534180,52.178351
2670,p,0.003780,0.012850,0.020000,50.042236,36.629849
2671,p,0.003780,0.005250,0.022000,70.605957,31.029849
2672,d,0.002385,0.005500,0.018500,8.613770,26.385393
2673,d,0.002385,0.007500,0.021500,17.012939,31.385393
2674,s,0.023128,0.058650,0.018500,24.801270,100.278351
2675,s,0.023128,0.131100,0.022000,32.372559,176.228351
2676,s,0.023128,0.007650,0.020000,22.214844,50.778351
2677,d,0.002385,0.018300,0.018500,29.842041,39.185393
2678,s,0.023128,0.075250,0.022000,36.769775,120.378351
2679,s,0.023128,0.017200,0.019200,43.772217,59.528351
2664,s,0.023128,0.005300,0.020000,23.199463,48.428351
2665,p,0.003780,0.011150,0.022000,42.098145,36.929849
2666,d,0.002385,0.095050,0.022000,51.481689,119.435393
2667,d,0.002385,0.024400,0.019200,59.092041,45.985393
2684,s,0.023128,0.004850,0.021500,23.321777,49.478351
2685,s,0.023128,0.013900,0.022000,30.855469,59.028351
2686,d,0.002385,0.033300,0.022000,37.909424,57.685393
2687,d,0.002385,0.015250,0.020000,44.942383,37.635393
2680,s,0.023128,0.008150,0.021500,23.162109,52.778351
2681,d,0.002385,0.011200,0.020000,31.006836,33.585393
2682,p,0.003780,0.030100,0.018500,49.050293,52.379849
2683,p,0.003780,0.115750,0.022000,69.470947,141.529849
2688,d,0.002385,0.004950,0.018500,22.108154,25.835393
2689,s,0.023128,0.012450,0.018500,29.390137,54.078351
2690,p,0.003780,0.023250,0.018500,47.443848,45.529849
2691,d,0.002385,0.004600,0.021500,57.099609,28.485393
2692,d,0.002385,0.006400,0.021500,23.738770,30.285393
2693,s,0.023128,0.014350,0.018500,31.210205,55.978351
2694,p,0.003780,0.053150,0.019200,49.322510,76.129849
2695,s,0.023128,0.054950,0.020000,58.272461,98.078351
2700,s,0.023128,0.005100,0.019200,9.611572,47.428351
2701,d,0.002385,0.009550,0.020000,16.675293,31.935393
2702,s,0.023128,0.064500,0.022000,23.420410,109.628351
2703,d,0.002385,0.027450,0.022000,30.432617,51.835393
2696,s,0.023128,0.004900,0.021500,14.526855,49.528351
2697,d,0.002385,0.007950,0.022000,21.695801,32.335393
2698,p,0.003780,0.028950,0.019200,39.850342,51.929849
2699,s,0.023128,0.073450,0.021500,48.795654,118.078351
2708,s,0.023128,0.004250,0.022000,9.211914,49.378351
2709,s,0.023128,0.018800,0.018500,15.980225,60.428351
2710,p,0.003780,0.022300,0.020000,34.062744,46.079849
2711,p,0.003780,0.080450,0.018500,55.814453,102.729849
2704,p,0.003780,0.003950,0.020000,35.461670,27.729849
2705,d,0.002385,0.007900,0.021500,44.898682,31.785393
2706,s,0.023128,0.044450,0.022000,51.657227,89.578351
2707,p,0.003780,0.097050,0.020000,69.575928,120.829849
2712,d,0.002385,0.004150,0.020000,7.549072,26.535393
2713,p,0.003780,0.024200,0.022000,26.520020,49.979849
2714,s,0.023128,0.033950,0.020000,35.681396,77.078351
2715,d,0.002385,0.006350,0.021500,42.718018,30.235393
2716,s,0.023128,0.005800,0.020000,23.299316,48.928351
2717,p,0.003780,0.005050,0.019200,42.470459,28.029849
2718,p,0.003780,0.011000,0.020000,63.246094,34.779849
2719,p,0.003780,0.016300,0.020000,83.597412,40.079849
2720,s,0.023128,0.009050,0.022000,9.747070,54.178351
2721,s,0.023128,0.011150,0.018500,16.718018,52.778351
2722,p,0.003780,0.019950,0.021500,36.319824,45.229849
2723,p,0.003780,0.045150,0.021500,58.633057,70.429849
2724,d,0.002385,0.004500,0.020000,23.026855,26.885393
2725,d,0.002385,0.018150,0.019200,30.734619,39.735393
2726,d,0.002385,0.118850,0.022000,37.982910,143.235393
2727,d,0.002385,0.087250,0.019200,45.026123,108.835393
2732,s,0.023128,0.004750,0.022000,8.365234,49.878351
2733,s,0.023128,0.009000,0.022000,17.630615,54.128351
2734,p,0.003780,0.071800,0.020000,37.868408,95.579849
2735,s,0.023128,0.090100,0.021500,47.540039,134.728351
2728,d,0.002385,0.008950,0.020000,23.374756,31.335393
2729,d,0.002385,0.012700,0.020000,31.263428,35.085393
2730,d,0.002385,0.010800,0.021500,38.312500,34.685393
2731,d,0.002385,0.052650,0.019200,45.540527,74.235393
2736,p,0.003780,0.004900,0.021500,34.661133,30.179849
2737,d,0.002385,0.009950,0.020000,44.048584,32.335393
2738,s,0.023128,0.025550,0.018500,50.964111,67.178351
2739,d,0.002385,0.049900,0.021500,58.199219,73.785393
2740,d,0.002385,0.005850,0.018500,20.495361,26.735393
2741,d,0.002385,0.015050,0.020000,29.469238,37.435393
2742,s,0.023128,0.011750,0.021500,36.470215,56.378351
2743,d,0.002385,0.098200,0.019200,43.511475,119.785393
2748,d,0.002385,0.004100,0.022000,12.439453,28.485393
2749,s,0.023128,0.011500,0.018500,19.239502,53.128351
2750,p,0.003780,0.032150,0.020000,37.529297,55.929849
2751,s,0.023128,0.115000,0.022000,46.471191,160.128351
2744,d,0.002385,0.004950,0.022000,23.790771,29.335393
2745,d,0.002385,0.006800,0.018500,31.515625,27.685393
2746,p,0.003780,0.014350,0.018500,49.675293,36.629849
2747,s,0.023128,0.088200,0.021500,58.684814,132.828351
2756,d,0.002385,0.004150,0.021500,23.002686,28.035393
2757,d,0.002385,0.035000,0.021500,30.752930,58.885393
2758,s,0.023128,0.070650,0.022000,37.529541,115.778351
2759,p,0.003780,0.040100,0.020000,55.797852,63.879849
2752,s,0.023128,0.005050,0.019200,22.867188,47.378351
2753,d,0.002385,0.007250,0.020000,30.848633,29.635393
2754,d,0.002385,0.017800,0.022000,37.931152,42.185393
2755,s,0.023128,0.099250,0.020000,44.655273,142.378351
2764,s,0.023128,0.005800,0.018500,18.619141,47.428351
2765,p,0.003780,0.005900,0.022000,40.520752,31.679849
2766,s,0.023128,0.052650,0.022000,50.749756,97.778351
2767,d,0.002385,0.066950,0.018500,58.388428,87.835393
2760,s,0.023128,0.004450,0.019200,27.045410,46.778351
2761,s,0.023128,0.012050,0.019200,39.020020,54.378351
2762,s,0.023128,0.024400,0.021500,49.624268,69.028351
2763,s,0.023128,0.029400,0.019200,56.369629,71.728351
2772,p,0.003780,0.005250,0.021500,24.693359,30.529849
2773,s,0.023128,0.011550,0.019200,33.766357,53.878351
2774,s,0.023128,0.103750,0.020000,40.449951,146.878351
2775,d,0.002385,0.041850,0.019200,47.389648,63.435393
2768,s,0.023128,0.005600,0.019200,23.297852,47.928351
2769,d,0.002385,0.016600,0.020000,31.574219,38.985393
2770,p,0.003780,0.117750,0.019200,49.876953,140.729849
2771,d,0.002385,0.049650,0.020000,59.158936,72.035393
2776,p,0.003780,0.004550,0.018500,34.159180,26.829849
2777,s,0.023128,0.008100,0.019200,43.391357,50.428351
2778,p,0.003780,0.071800,0.021500,61.390137,97.079849
2779,p,0.003780,0.004400,0.022000,81.878174,30.179849
2780,p,0.003780,0.004450,0.018500,31.974854,26.729849
2781,p,0.003780,0.020000,0.020000,52.645752,43.779849
2782,s,0.023128,0.022900,0.019200,61.728760,65.228351
2783,p,0.003780,0.004300,0.022000,79.778320,30.079849
2784,p,0.003780,0.004200,0.019200,25.874756,27.179849
2785,s,0.023128,0.015700,0.022000,36.804932,60.828351
2786,d,0.002385,0.023500,0.022000,43.858643,47.885393
2787,d,0.002385,0.053750,0.018500,50.942139,74.635393
2788,p,0.003780,0.003800,0.021500,34.504150,29.079849
2789,p,0.003780,0.014150,0.019200,54.711914,37.129849
2790,s,0.023128,0.071600,0.018500,63.800781,113.228351
2791,s,0.023128,0.004500,0.019200,71.131104,46.828351
2796,s,0.023128,0.004250,0.019200,8.944092,46.578351
2797,d,0.002385,0.014350,0.020000,16.809326,36.735393
2798,d,0.002385,0.114600,0.022000,24.331299,138.985393
2799,s,0.023128,0.020200,0.019200,31.232910,62.528351
2792,d,0.002385,0.004400,0.019200,28.284180,25.985393
2793,s,0.023128,0.009100,0.019200,38.517822,51.428351
2794,p,0.003780,0.021700,0.018500,56.694092,43.979849
2795,p,0.003780,0.006000,0.018500,77.049316,28.279849
2804,s,0.023128,0.004650,0.021500,22.546143,49.278351
2805,s,0.023128,0.008950,0.018500,29.958984,50.578351
2806,s,0.023128,0.040200,0.020000,36.603271,83.328351
2807,s,0.023128,0.024150,0.022000,43.303467,69.278351
2800,s,0.023128,0.005550,0.018500,8.867432,47.178351
2801,d,0.002385,0.015600,0.018500,16.790527,36.485393
2802,d,0.002385,0.056150,0.019200,24.277100,77.735393
2803,s,0.023128,0.022850,0.019200,31.248291,65.178351
2812,s,0.023128,0.004500,0.020000,23.213623,47.628351
2813,d,0.002385,0.007800,0.018500,31.016846,28.685393
2814,s,0.023128,0.020000,0.021500,37.779785,64.628351
2815,s,0.023128,0.084000,0.021500,44.626465,128.628351
2808,p,0.003780,0.011800,0.018500,35.393311,34.079849
2809,s,0.023128,0.013050,0.022000,44.379883,58.178351
2810,d,0.002385,0.099600,0.018500,51.503906,120.485393
2811,d,0.002385,0.035850,0.021500,58.663086,59.735393
2816,d,0.002385,0.007250,0.018500,10.080322,28.135393
2817,p,0.003780,0.008200,0.018500,30.322754,30.479849
2818,p,0.003780,0.081450,0.021500,51.536865,106.729849
2819,p,0.003780,0.004700,0.019200,71.886230,27.679849
2820,p,0.003780,0.004200,0.021500,35.174805,29.479849
2821,s,0.023128,0.013050,0.021500,44.523438,57.678351
2822,d,0.002385,0.038750,0.018500,51.834229,59.635393
2823,p,0.003780,0.069200,0.021500,70.234863,94.479849
2828,d,0.002385,0.007850,0.018500,23.691406,28.735393
2829,s,0.023128,0.012050,0.021500,31.721436,56.678351
2830,d,0.002385,0.024000,0.021500,38.726074,47.885393
2831,s,0.023128,0.094300,0.020000,45.470703,137.428351
2824,s,0.023128,0.005650,0.019200,23.020264,47.978351
2825,s,0.023128,0.011400,0.018500,30.917725,53.028351
2826,d,0.002385,0.059300,0.020000,37.975830,81.685393
2827,s,0.023128,0.087650,0.019200,44.744873,129.978351
2832,s,0.023128,0.008250,0.018500,19.406494,49.878351
2833,s,0.023128,0.042450,0.020000,27.263672,85.578351
2834,s,0.023128,0.061050,0.019200,35.062012,103.378351
2835,d,0.002385,0.036100,0.021500,42.874268,59.985393
2836,p,0.003780,0.005350,0.022000,42.006348,31.129849
2837,d,0.002385,0.014600,0.021500,52.315430,38.485393
2838,p,0.003780,0.052150,0.022000,70.738281,77.929849
2839,d,0.002385,0.004750,0.020000,79.972168,27.135393
2840,p,0.003780,0.005100,0.018500,22.440918,27.379849
2841,s,0.023128,0.014700,0.022000,32.155273,59.828351
2842,d,0.002385,0.047100,0.021500,39.603027,70.985393
2843,p,0.003780,0.034550,0.020000,57.973633,58.329849
2844,d,0.002385,0.005100,0.018500,23.011475,25.985393
2845,s,0.023128,0.007650,0.021500,30.510986,52.278351
2846,p,0.003780,0.088700,0.021500,48.854492,113.979849
2847,d,0.002385,0.005500,0.018500,58.114258,26.385393
2848,d,0.002385,0.005600,0.022000,9.785156,29.985393
2849,p,0.003780,0.004550,0.019200,28.031982,27.529849
2850,d,0.002385,0.007650,0.018500,37.833252,28.535393
2851,p,0.003780,0.104200,0.020000,57.718994,127.979849
2852,s,0.023128,0.005400,0.019200,22.469971,47.728351
2853,d,0.002385,0.014950,0.020000,30.343018,37.335393
2854,d,0.002385,0.016800,0.018500,37.543701,37.685393
2855,p,0.003780,0.007300,0.021500,55.833252,32.579849
2856,s,0.023128,0.009500,0.020000,15.517822,52.628351
2857,p,0.003780,0.012800,0.020000,35.412842,36.579849
2858,p,0.003780,0.082150,0.019200,55.736328,105.129849
2859,s,0.023128,0.059400,0.021500,64.713379,104.028351
2860,d,0.002385,0.004550,0.019200,23.845947,26.135393
2861,d,0.002385,0.010900,0.021500,31.535889,34.785393
2862,s,0.023128,0.018050,0.020000,38.267822,61.178351
2863,s,0.023128,0.033750,0.021500,44.967041,78.378351
2864,p,0.003780,0.011000,0.019200,34.590820,33.979849
2865,d,0.002385,0.008800,0.018500,43.958008,29.685393
2866,s,0.023128,0.063200,0.022000,51.243408,108.328351
2867,s,0.023128,0.029350,0.020000,58.129150,72.478351
2872,d,0.002385,0.004850,0.018500,23.548584,25.735393
2873,p,0.003780,0.020950,0.021500,42.567383,46.229849
2874,d,0.002385,0.129300,0.022000,51.956055,153.685393
2875,s,0.023128,0.004900,0.021500,58.816895,49.528351
2868,d,0.002385,0.004750,0.019200,18.836182,26.335393
2869,d,0.002385,0.019100,0.020000,27.216064,41.485393
2870,p,0.003780,0.045800,0.022000,47.703613,71.579849
2871,d,0.002385,0.005000,0.020000,61.249756,27.385393
2876,p,0.003780,0.004650,0.020000,35.226562,28.429849
2877,d,0.002385,0.012900,0.019200,44.487549,34.485393
2878,d,0.002385,0.026800,0.019200,51.524658,48.385393
2879,s,0.023128,0.059400,0.020000,58.335693,102.528351
2880,d,0.002385,0.004850,0.021500,19.065918,28.735393
2881,p,0.003780,0.009550,0.018500,38.143799,31.829849
2882,d,0.002385,0.008800,0.021500,47.377441,32.685393
2883,s,0.023128,0.006600,0.022000,54.216064,51.728351
2884,s,0.023128,0.004250,0.018500,16.196045,45.878351
2885,p,0.003780,0.014500,0.020000,35.669434,38.279849
2886,d,0.002385,0.069450,0.018500,45.338623,90.335393
2887,p,0.003780,0.096450,0.020000,63.636475,120.229849
2888,s,0.023128,0.005700,0.019200,23.489990,48.028351
2889,p,0.003780,0.008100,0.018500,42.452637,30.379849
2890,d,0.002385,0.025700,0.019200,51.713379,47.285393
2891,s,0.023128,0.074650,0.022000,58.600830,119.778351
2892,p,0.003780,0.005600,0.022000,35.020020,31.379849
2893,p,0.003780,0.015150,0.018500,55.240967,37.429849
2894,s,0.023128,0.043250,0.018500,64.389893,84.878351
2895,p,0.003780,0.075150,0.019200,82.542969,98.129849
2900,p,0.003780,0.004550,0.020000,22.341553,28.329849
2901,p,0.003780,0.019750,0.021500,44.367432,45.029849
2902,d,0.002385,0.107000,0.020000,56.354980,129.385393
2903,s,0.023128,0.005600,0.018500,63.557373,47.228351
2896,d,0.002385,0.011800,0.022000,23.394043,36.185393
2897,d,0.002385,0.012200,0.018500,31.239014,33.085393
2898,d,0.002385,0.045450,0.018500,38.284912,66.335393
2899,p,0.003780,0.112100,0.020000,56.580566,135.879849
2904,d,0.002385,0.004600,0.018500,9.616943,25.485393
2905,s,0.023128,0.007600,0.020000,16.450195,50.728351
2906,s,0.023128,0.038750,0.018500,23.158447,80.378351
2907,s,0.023128,0.070400,0.019200,29.824219,112.728351
2908,p,0.003780,0.005650,0.021500,33.041504,30.929849
2909,d,0.002385,0.013050,0.022000,42.494629,37.435393
2910,d,0.002385,0.036300,0.019200,49.687744,57.885393
2911,s,0.023128,0.085700,0.020000,56.695068,128.828351
2912,d,0.002385,0.004600,0.020000,23.511475,26.985393
2913,d,0.002385,0.006500,0.021500,31.260498,30.385393
2914,d,0.002385,0.086700,0.019200,38.271484,108.285393
2915,s,0.023128,0.122950,0.021500,45.052979,167.578351
2920,d,0.002385,0.005500,0.021500,9.392090,29.385393
2921,p,0.003780,0.017450,0.019200,486.634033,40.429849
2922,p,0.003780,0.010250,0.019200,506.943848,33.229849
2923,s,0.023128,0.098950,0.018500,515.988037,140.578351
2924,p,0.003780,0.006000,0.019200,22.484863,28.979849
2925,p,0.003780,0.013650,0.020000,43.936279,37.429849
2926,p,0.003780,0.081650,0.020000,64.790039,105.429849
2927,s,0.023128,0.005400,0.022000,73.854736,50.528351
2916,p,0.003780,0.005050,0.018500,35.245361,27.329849
2917,d,0.002385,0.012000,0.020000,44.458496,34.385393
2918,p,0.003780,0.033300,0.020000,62.441650,57.079849
2919,d,0.002385,0.004850,0.020000,71.667236,27.235393
2928,s,0.023128,0.004950,0.018500,23.191406,46.578351
2929,d,0.002385,0.012800,0.022000,31.042725,37.185393
2930,d,0.002385,0.027750,0.018500,38.255371,48.635393
2931,d,0.002385,0.040100,0.019200,45.314453,61.685393
2932,p,0.003780,0.005400,0.018500,20.203125,27.679849
2933,d,0.002385,0.006650,0.019200,29.534668,28.235393
2934,s,0.023128,0.093450,0.022000,36.384521,138.578351
2935,p,0.003780,0.093250,0.020000,54.854492,117.029849
2936,s,0.023128,0.004550,0.019200,23.016602,46.878351
2937,d,0.002385,0.016200,0.022000,30.989502,40.585393
2938,d,0.002385,0.010500,0.018500,38.049316,31.385393
2939,p,0.003780,0.122950,0.019200,56.162109,145.929849
2944,p,0.003780,0.009450,0.022000,35.667725,35.229849
2945,d,0.002385,0.070050,0.018500,44.929443,90.935393
2946,d,0.002385,0.024300,0.020000,51.967773,46.685393
2947,p,0.003780,0.157100,0.018500,70.083984,179.379849
2940,d,0.002385,0.005650,0.018500,7.412354,26.535393
2941,d,0.002385,0.021150,0.020000,15.078369,43.535393
2942,d,0.002385,0.081850,0.022000,22.520996,106.235393
2943,d,0.002385,0.059750,0.020000,29.879150,82.135393
2952,d,0.002385,0.005500,0.020000,9.919189,27.885393
2953,p,0.003780,0.042650,0.021500,28.269531,67.929849
2954,p,0.003780,0.077550,0.021500,48.382568,102.829849
2955,d,0.002385,0.006000,0.018500,57.720703,26.885393
2948,d,0.002385,0.005750,0.022000,22.510498,30.135393
2949,s,0.023128,0.015450,0.019200,30.040283,57.778351
2950,s,0.023128,0.084800,0.022000,36.772217,129.928351
2951,d,0.002385,0.119700,0.020000,43.679199,142.085393
2956,d,0.002385,0.005300,0.019200,11.953857,26.885393
2957,s,0.023128,0.019150,0.019200,20.473145,61.478351
2958,s,0.023128,0.064400,0.019200,27.171387,106.728351
2959,s,0.023128,0.030300,0.020000,33.767578,73.428351
2960,d,0.002385,0.008450,0.018500,23.295654,29.335393
2961,s,0.023128,0.011350,0.020000,30.852295,54.478351
2962,d,0.002385,0.104550,0.022000,37.975830,128.935393
2963,p,0.003780,0.092400,0.022000,56.916260,118.179849
2964,s,0.023128,0.005600,0.019200,8.857422,47.928351
2965,p,0.003780,0.015600,0.019200,27.067139,38.579849
2966,s,0.023128,0.095200,0.022000,35.972900,140.328351
2967,s,0.023128,0.112250,0.021500,42.645996,156.878351
2968,s,0.023128,0.007850,0.019200,17.099854,50.178351
2969,p,0.003780,0.023650,0.021500,36.370605,48.929849
2970,p,0.003780,0.026400,0.019200,56.648926,49.379849
2971,d,0.002385,0.037250,0.021500,66.030029,61.135393
2972,s,0.023128,0.007050,0.022000,12.479492,52.178351
2973,p,0.003780,0.009150,0.020000,31.287842,32.929849
2974,d,0.002385,0.063200,0.022000,40.618896,87.585393
2975,d,0.002385,0.095650,0.018500,47.632568,116.535393
2976,s,0.023128,0.003850,0.022000,23.045898,48.978351
2977,p,0.003780,0.015850,0.020000,42.192627,39.629849
2978,s,0.023128,0.076300,0.020000,51.114258,119.428351
2979,d,0.002385,0.040700,0.019200,58.351318,62.285393
2980,d,0.002385,0.003650,0.019200,23.514648,25.235393
2981,p,0.003780,0.023100,0.019200,42.541504,46.079849
2982,p,0.003780,0.061450,0.018500,63.579102,83.729849
2983,p,0.003780,0.004700,0.021500,84.018066,29.979849
2984,p,0.003780,0.006600,0.022000,35.258789,32.379849
2985,p,0.003780,0.006800,0.018500,55.414795,29.079849
2986,s,0.023128,0.016950,0.019200,64.286865,59.278351
2987,d,0.002385,0.022350,0.020000,71.262695,44.735393
2988,d,0.002385,0.005400,0.018500,23.668701,26.285393
2989,s,0.023128,0.018850,0.020000,31.412354,61.978351
2990,s,0.023128,0.039300,0.021500,38.760986,83.928351
2991,d,0.002385,0.060400,0.018500,46.802734,81.285393
2992,s,0.023128,0.004750,0.020000,23.208496,47.878351
2993,p,0.003780,0.008100,0.021500,42.375000,33.379849
2994,d,0.002385,0.047400,0.020000,51.651367,69.785393
2995,s,0.023128,0.033150,0.018500,58.348633,74.778351
2996,p,0.003780,0.005400,0.021500,27.810059,30.679849
2997,d,0.002385,0.012700,0.018500,37.451660,33.585393
2998,d,0.002385,0.114600,0.020000,44.662842,136.985393
2999,p,0.003780,0.140250,0.019200,62.705322,163.229849
3000,s,0.023128,0.005400,0.019200,13.340088,47.728351
3001,d,0.002385,0.012650,0.019200,22.502930,34.235393
3002,s,0.023128,0.047100,0.019200,29.966064,89.428351
3003,p,0.003780,0.053250,0.018500,49.206543,75.529849
3008,d,0.002385,0.009100,0.022000,22.868164,33.485393
3009,p,0.003780,0.005200,0.022000,41.923584,30.979849
3010,d,0.002385,0.070900,0.021500,51.176270,94.785393
3011,d,0.002385,0.049350,0.019200,58.207520,70.935393
3004,d,0.002385,0.014100,0.018500,21.676025,34.985393
3005,d,0.002385,0.012050,0.022000,29.159424,36.435393
3006,s,0.023128,0.056150,0.018500,35.878906,97.778351
3007,s,0.023128,0.051500,0.019200,42.517334,93.828351
3012,p,0.003780,0.004800,0.021500,35.504395,30.079849
3013,d,0.002385,0.012050,0.019200,45.073730,33.635393
3014,p,0.003780,0.031550,0.019200,63.075684,54.529849
3015,p,0.003780,0.006300,0.020000,83.411377,30.079849
3016,d,0.002385,0.004900,0.018500,23.777588,25.785393
3017,s,0.023128,0.007250,0.020000,31.147705,50.378351
3018,p,0.003780,0.020950,0.019200,49.125000,43.929849
3019,s,0.023128,0.003650,0.018500,58.035889,45.278351
3020,s,0.023128,0.004050,0.020000,8.911377,47.178351
3021,s,0.023128,0.020200,0.018500,16.001953,61.828351
3022,p,0.003780,0.105250,0.021500,34.871582,130.529849
3023,p,0.003780,0.157100,0.018500,55.185303,179.379849
3024,d,0.002385,0.004750,0.021500,29.517578,28.635393
3025,s,0.023128,0.012000,0.020000,43.806641,55.128351
3026,p,0.003780,0.039300,0.020000,62.089600,63.079849
3027,s,0.023128,0.004450,0.018500,71.190430,46.078351
3028,p,0.003780,0.009550,0.020000,20.354004,33.329849
3029,d,0.002385,0.013450,0.021500,29.887207,37.335393
3030,p,0.003780,0.099050,0.018500,47.789062,121.329849
3031,s,0.023128,0.024700,0.020000,56.709717,67.828351
3032,s,0.023128,0.007450,0.019200,11.859131,49.778351
3033,s,0.023128,0.021150,0.021500,19.056396,65.778351
3034,d,0.002385,0.018200,0.022000,26.252441,42.585393
3035,d,0.002385,0.058500,0.018500,33.340820,79.385393
3036,d,0.002385,0.014100,0.020000,23.151855,36.485393
3037,s,0.023128,0.022800,0.018500,30.568115,64.428351
3038,d,0.002385,0.016950,0.018500,37.499756,37.835393
3039,d,0.002385,0.061100,0.020000,44.486084,83.485393
3040,s,0.023128,0.005450,0.022000,25.302979,50.578351
3041,p,0.003780,0.013400,0.020000,44.792480,37.179849
3042,s,0.023128,0.071200,0.019200,53.709473,113.528351
3043,s,0.023128,0.041650,0.021500,60.385010,86.278351
3048,d,0.002385,0.005450,0.022000,20.732666,29.835393
3049,d,0.002385,0.014700,0.018500,29.076660,35.585393
3050,d,0.002385,0.015400,0.021500,36.819824,39.285393
3051,p,0.003780,0.129600,0.020000,56.507324,153.379849
3044,s,0.023128,0.005550,0.018500,23.113281,47.178351
3045,d,0.002385,0.015050,0.020000,31.159424,37.435393
3046,d,0.002385,0.030100,0.019200,38.272705,51.685393
3047,d,0.002385,0.086300,0.018500,45.261963,107.185393
3052,s,0.023128,0.021000,0.021500,18.897705,65.628351
3053,d,0.002385,0.020150,0.019200,26.661377,41.735393
3054,d,0.002385,0.077550,0.021500,33.976562,101.435393
3055,d,0.002385,0.041850,0.021500,40.992432,65.735393
3056,d,0.002385,0.004600,0.021500,24.101318,28.485393
3057,p,0.003780,0.016350,0.022000,42.791748,42.129849
3058,p,0.003780,0.029300,0.018500,62.843506,51.579849
3059,s,0.023128,0.009550,0.021500,71.886230,54.178351
3060,s,0.023128,0.009050,0.022000,23.566895,54.178351
3061,d,0.002385,0.015250,0.018500,31.947998,36.135393
3062,s,0.023128,0.023600,0.018500,38.822754,65.228351
3063,s,0.023128,0.132500,0.019200,45.541016,174.828351
3068,s,0.023128,0.004650,0.021500,22.446533,49.278351
3069,d,0.002385,0.042650,0.019200,30.516357,64.235393
3070,s,0.023128,0.092450,0.022000,37.254639,137.578351
3071,s,0.023128,0.117150,0.021500,43.877441,161.778351
3064,d,0.002385,0.004700,0.018500,23.216553,25.585393
3065,s,0.023128,0.018850,0.020000,30.633789,61.978351
3066,s,0.023128,0.017900,0.021500,37.253662,62.528351
3067,p,0.003780,0.051850,0.022000,55.330566,77.629849
3072,s,0.023128,0.004250,0.020000,23.137695,47.378351
3073,p,0.003780,0.011050,0.021500,42.019043,36.329849
3074,d,0.002385,0.086350,0.019200,51.295410,107.935393
3075,d,0.002385,0.020350,0.020000,58.407715,42.735393
3076,p,0.003780,0.007350,0.018500,20.684814,29.629849
3077,s,0.023128,0.008100,0.022000,29.711914,53.228351
3078,d,0.002385,0.110500,0.019200,36.781006,132.085393
3079,p,0.003780,0.022300,0.018500,54.651367,44.579849
3080,s,0.023128,0.005000,0.021500,20.092041,49.628351
3081,d,0.002385,0.012450,0.022000,27.678711,36.835393
3082,s,0.023128,0.128450,0.019200,34.387207,170.778351
3083,p,0.003780,0.118100,0.019200,52.653809,141.079849
3084,p,0.003780,0.006750,0.021500,22.769775,32.029849
3085,p,0.003780,0.014350,0.018500,42.740479,36.629849
3086,s,0.023128,0.059500,0.022000,51.800781,104.628351
3087,s,0.023128,0.112800,0.019200,58.776123,155.128351
3088,p,0.003780,0.005650,0.019200,34.924805,28.629849
3089,p,0.003780,0.012650,0.020000,54.948242,36.429849
3090,p,0.003780,0.129250,0.020000,75.236816,153.029849
3091,d,0.002385,0.004750,0.021500,84.542480,28.635393
3096,d,0.002385,0.007350,0.021500,23.697021,31.235393
3097,d,0.002385,0.007800,0.021500,31.481689,31.685393
3098,p,0.003780,0.117350,0.021500,49.517334,142.629849
3099,s,0.023128,0.021250,0.019200,58.576660,63.578351
3092,d,0.002385,0.006300,0.020000,23.428711,28.685393
3093,d,0.002385,0.011350,0.021500,31.274170,35.235393
3094,s,0.023128,0.075250,0.018500,38.026367,116.878351
3095,s,0.023128,0.136000,0.019200,44.660889,178.328351
3100,d,0.002385,0.004700,0.020000,8.398682,27.085393
3101,s,0.023128,0.013600,0.022000,15.673828,58.728351
3102,p,0.003780,0.085950,0.018500,35.916504,108.229849
3103,s,0.023128,0.005650,0.021500,45.091309,50.278351
3104,d,0.002385,0.006000,0.019200,23.474854,27.585393
3105,s,0.023128,0.009950,0.019200,30.947754,52.278351
3106,d,0.002385,0.081050,0.019200,37.866943,102.635393
3107,p,0.003780,0.093950,0.018500,56.025635,116.229849
3112,p,0.003780,0.005550,0.019200,35.025146,28.529849
3113,s,0.023128,0.027600,0.019200,44.132568,69.928351
3114,p,0.003780,0.066350,0.020000,62.369629,90.129849
3115,s,0.023128,0.004300,0.021500,71.361572,48.928351
3108,d,0.002385,0.004250,0.018500,23.462158,25.135393
3109,p,0.003780,0.013950,0.019200,42.210693,36.929849
3110,p,0.003780,0.064450,0.022000,62.264893,90.229849
3111,s,0.023128,0.004600,0.018500,71.195068,46.228351
3116,s,0.023128,0.008950,0.019200,18.257568,51.278351
3117,s,0.023128,0.012750,0.020000,26.410156,55.878351
3118,p,0.003780,0.056450,0.022000,46.195068,82.229849
3119,p,0.003780,0.036200,0.020000,67.582275,59.979849
3120,d,0.002385,0.005800,0.020000,18.920166,28.185393
3121,s,0.023128,0.028550,0.021500,26.194824,73.178351
3122,p,0.003780,0.018050,0.019200,44.204834,41.029849
3123,d,0.002385,0.005550,0.020000,53.369629,27.935393
3124,p,0.003780,0.004250,0.018500,35.042725,26.529849
3125,p,0.003780,0.008350,0.021500,55.302246,33.629849
3126,p,0.003780,0.093350,0.019200,75.402588,116.329849
3127,p,0.003780,0.004800,0.019200,95.658203,27.779849
3128,p,0.003780,0.004500,0.019200,22.893311,27.479849
3129,s,0.023128,0.020000,0.018500,33.336914,61.628351
3130,d,0.002385,0.054550,0.019200,41.002686,76.135393
3131,s,0.023128,0.075400,0.020000,48.237305,118.528351
3132,s,0.023128,0.005550,0.018500,19.930664,47.178351
3133,s,0.023128,0.054550,0.022000,27.396729,99.678351
3134,d,0.002385,0.094100,0.020000,34.574707,116.485393
3135,p,0.003780,0.051700,0.018500,52.984375,73.979849
3140,p,0.003780,0.004900,0.019200,35.289795,27.879849
3141,s,0.023128,0.014450,0.020000,44.237061,57.578351
3142,s,0.023128,0.081050,0.021500,50.922363,125.678351
3143,s,0.023128,0.057100,0.018500,57.524658,98.728351
3136,d,0.002385,0.005150,0.018500,23.557129,26.035393
3137,p,0.003780,0.009950,0.022000,42.417969,35.729849
3138,s,0.023128,0.024300,0.021500,51.419189,68.928351
3139,d,0.002385,0.005150,0.022000,58.453613,29.535393
3144,s,0.023128,0.004450,0.018500,23.149414,46.078351
3145,p,0.003780,0.013550,0.020000,42.217529,37.329849
3146,s,0.023128,0.027050,0.019200,51.603271,69.378351
3147,p,0.003780,0.123550,0.020000,69.916260,147.329849
3148,d,0.002385,0.005450,0.019200,23.423340,27.035393
3149,d,0.002385,0.022800,0.022000,31.134033,47.185393
3150,s,0.023128,0.067600,0.020000,37.923584,110.728351
3151,s,0.023128,0.018600,0.019200,44.649902,60.928351
3152,p,0.003780,0.004450,0.018500,21.788086,26.729849
3153,s,0.023128,0.028550,0.018500,30.825439,70.178351
3154,p,0.003780,0.022500,0.022000,48.950928,48.279849
3155,s,0.023128,0.004450,0.020000,57.925049,47.578351
3156,p,0.003780,0.005800,0.022000,34.989258,31.579849
3157,p,0.003780,0.014800,0.020000,55.285156,38.579849
3158,s,0.023128,0.083700,0.020000,64.296387,126.828351
3159,s,0.023128,0.142450,0.018500,71.196045,184.078351
3160,s,0.023128,0.006200,0.022000,22.970215,51.328351
3161,p,0.003780,0.010900,0.020000,42.058350,34.679849
3162,p,0.003780,0.024300,0.019200,62.347168,47.279849
3163,p,0.003780,0.074650,0.020000,82.526855,98.429849
3164,d,0.002385,0.004750,0.020000,22.804199,27.135393
3165,d,0.002385,0.024200,0.019200,30.368652,45.785393
3166,d,0.002385,0.008800,0.020000,37.375977,31.185393
3167,p,0.003780,0.118100,0.022000,55.481445,143.879849
3168,d,0.002385,0.004700,0.022000,23.123779,29.085393
3169,p,0.003780,0.009500,0.021500,42.114746,34.779849
3170,d,0.002385,0.018450,0.020000,51.477051,40.835393
3171,d,0.002385,0.004350,0.018500,58.593018,25.235393
3172,d,0.002385,0.008450,0.021500,23.474609,32.335393
3173,p,0.003780,0.035550,0.020000,43.686035,59.329849
3174,d,0.002385,0.026600,0.022000,54.130615,50.985393
3175,d,0.002385,0.075150,0.021500,62.041260,99.035393
3176,d,0.002385,0.008950,0.021500,23.344482,32.835393
3177,s,0.023128,0.025150,0.020000,30.863525,68.278351
3178,d,0.002385,0.105550,0.021500,37.956543,129.435393
3179,d,0.002385,0.102650,0.020000,45.130371,125.035393
3180,s,0.023128,0.005550,0.018500,22.836182,47.178351
3181,s,0.023128,0.017100,0.022000,30.549561,62.228351
3182,s,0.023128,0.026300,0.020000,37.405518,69.428351
3183,p,0.003780,0.076250,0.021500,55.902588,101.529849
3184,p,0.003780,0.004100,0.022000,33.437988,29.879849
3185,d,0.002385,0.012750,0.021500,42.746826,36.635393
3186,p,0.003780,0.064000,0.022000,60.802490,89.779849
3187,p,0.003780,0.006050,0.020000,80.989990,29.829849
3188,s,0.023128,0.004350,0.018500,22.168213,45.978351
3189,p,0.003780,0.018350,0.018500,41.332031,40.629849
3190,d,0.002385,0.020850,0.022000,50.876465,45.235393
3191,p,0.003780,0.077100,0.022000,69.166748,102.879849
3200,d,0.002385,0.005000,0.022000,9.417480,29.385393
3201,d,0.002385,0.012450,0.021500,16.476074,36.335393
3202,p,0.003780,0.069150,0.021500,34.621338,94.429849
3203,d,0.002385,0.041650,0.018500,43.814697,62.535393
3192,s,0.023128,0.005100,0.022000,12.655029,50.228351
3193,s,0.023128,0.010550,0.018500,20.713135,52.178351
3194,d,0.002385,0.036700,0.021500,28.271973,60.585393
3195,d,0.002385,0.057100,0.022000,35.703613,81.485393
3196,d,0.002385,0.004650,0.021500,28.179443,28.535393
3197,d,0.002385,0.015350,0.019200,44.657715,36.935393
3198,p,0.003780,0.017800,0.021500,62.733887,43.079849
3199,p,0.003780,0.004650,0.020000,82.922607,28.429849
3204,d,0.002385,0.003950,0.021500,9.143555,27.835393
3205,d,0.002385,0.017500,0.019200,16.325195,39.085393
3206,d,0.002385,0.065250,0.019200,23.603271,86.835393
3207,s,0.023128,0.061800,0.020000,30.455566,104.928351
3208,d,0.002385,0.006600,0.018500,23.538330,27.485393
3209,s,0.023128,0.012000,0.022000,31.027588,57.128351
3210,s,0.023128,0.054450,0.018500,37.693115,96.078351
3211,d,0.002385,0.071400,0.019200,45.422119,92.985393
3212,p,0.003780,0.005200,0.019200,35.757568,28.179849
3213,p,0.003780,0.012750,0.022000,55.934082,38.529849
3214,p,0.003780,0.061150,0.020000,76.199463,84.929849
3215,d,0.002385,0.005200,0.020000,85.499268,27.585393
3216,p,0.003780,0.004350,0.022000,35.017822,30.129849
3217,d,0.002385,0.015050,0.020000,44.357422,37.435393
3218,d,0.002385,0.029450,0.022000,51.382080,53.835393
3219,d,0.002385,0.024400,0.019200,58.432373,45.985393
3220,d,0.002385,0.012450,0.022000,9.624268,36.835393
3221,d,0.002385,0.018650,0.022000,16.670410,43.035393
3222,s,0.023128,0.070050,0.020000,23.532471,113.178351
3223,p,0.003780,0.024550,0.022000,41.668457,50.329849
3224,p,0.003780,0.005750,0.022000,35.760498,31.529849
3225,d,0.002385,0.011000,0.021500,46.102539,34.885393
3226,d,0.002385,0.093350,0.018500,53.957031,114.235393
3227,p,0.003780,0.102900,0.019200,73.616211,125.879849
3228,s,0.023128,0.006350,0.018500,23.112549,47.978351
3229,d,0.002385,0.018350,0.018500,31.004883,39.235393
3230,d,0.002385,0.071000,0.021500,38.455566,94.885393
3231,p,0.003780,0.101700,0.020000,56.736084,125.479849
3232,p,0.003780,0.021000,0.019200,35.499268,43.979849
3233,d,0.002385,0.006650,0.022000,44.890625,31.035393
3234,s,0.023128,0.019200,0.019200,51.933350,61.528351
3235,d,0.002385,0.076550,0.018500,58.862793,97.435393
3240,d,0.002385,0.004500,0.021500,11.898438,28.385393
3241,s,0.023128,0.013900,0.020000,20.220215,57.028351
3242,d,0.002385,0.016550,0.019200,27.864014,38.135393
3243,p,0.003780,0.045000,0.020000,47.003906,68.779849
3236,d,0.002385,0.004850,0.019200,23.324951,26.435393
3237,d,0.002385,0.014950,0.022000,31.018066,39.335393
3238,d,0.002385,0.121800,0.019200,38.042969,143.385393
3239,d,0.002385,0.076050,0.021500,45.047363,99.935393
3244,s,0.023128,0.005550,0.021500,8.990479,50.178351
3245,s,0.023128,0.014100,0.019200,15.729004,56.428351
3246,s,0.023128,0.027750,0.021500,22.471191,72.378351
3247,p,0.003780,0.097300,0.018500,40.786621,119.579849
3248,s,0.023128,0.008450,0.021500,16.180908,53.078351
3249,d,0.002385,0.010650,0.018500,23.510986,31.535393
3250,s,0.023128,0.020750,0.018500,30.510498,62.378351
3251,p,0.003780,0.107150,0.018500,48.832031,129.429849
3252,s,0.023128,0.005500,0.018500,22.838379,47.128351
3253,d,0.002385,0.016950,0.020000,30.618164,39.335393
3254,d,0.002385,0.052650,0.022000,37.602051,77.035393
3255,s,0.023128,0.090100,0.019200,44.359131,132.428351
3256,d,0.002385,0.004650,0.018500,23.763428,25.535393
3257,p,0.003780,0.011500,0.020000,42.557861,35.279849
3258,p,0.003780,0.026300,0.019200,63.101807,49.279849
3259,d,0.002385,0.006050,0.019200,72.468506,27.635393
3260,s,0.023128,0.004250,0.021500,14.442871,48.878351
3261,p,0.003780,0.007100,0.020000,33.865723,30.879849
3262,p,0.003780,0.041300,0.019200,53.930420,64.279849
3263,p,0.003780,0.083300,0.020000,74.110352,107.079849
3264,d,0.002385,0.004850,0.020000,23.648438,27.235393
3265,d,0.002385,0.007650,0.022000,31.512451,32.035393
3266,d,0.002385,0.101700,0.022000,38.568604,126.085393
3267,s,0.023128,0.127700,0.018500,45.697510,169.328351
3276,d,0.002385,0.004350,0.020000,23.534180,26.735393
3277,p,0.003780,0.021550,0.021500,42.404541,46.829849
3278,s,0.023128,0.128450,0.020000,51.625488,171.578351
3279,d,0.002385,0.004550,0.018500,58.687744,25.435393
3268,p,0.003780,0.004900,0.019200,34.976562,27.879849
3269,d,0.002385,0.014750,0.020000,44.396973,37.135393
3270,p,0.003780,0.021700,0.019200,63.913086,44.679849
3271,s,0.023128,0.004500,0.022000,73.842285,49.628351
3272,s,0.023128,0.006750,0.021500,23.083740,51.378351
3273,s,0.023128,0.014500,0.021500,30.784912,59.128351
3274,p,0.003780,0.073500,0.022000,49.272705,99.279849
3275,s,0.023128,0.087500,0.020000,58.271484,130.628351
3280,d,0.002385,0.004550,0.021500,9.618652,28.435393
3281,s,0.023128,0.019750,0.022000,16.662842,64.878351
3282,s,0.023128,0.084000,0.022000,23.358154,129.128351
3283,p,0.003780,0.084250,0.022000,41.440430,110.029849
3284,s,0.023128,0.007250,0.021500,23.058350,51.878351
3285,s,0.023128,0.012100,0.019200,30.716309,54.428351
3286,s,0.023128,0.093450,0.022000,37.747070,138.578351
3287,d,0.002385,0.131650,0.022000,45.266602,156.035393
3288,s,0.023128,0.004200,0.022000,23.219727,49.328351
3289,p,0.003780,0.020700,0.019200,42.153809,43.679849
3290,s,0.023128,0.066250,0.022000,51.151855,111.378351
3291,s,0.023128,0.140250,0.019200,57.910645,182.578351
3292,s,0.023128,0.004900,0.019200,22.998291,47.228351
3293,p,0.003780,0.020500,0.018500,41.963379,42.779849
3294,s,0.023128,0.018950,0.021500,51.027588,63.578351
3295,d,0.002385,0.035950,0.022000,58.310547,60.335393
3300,p,0.003780,0.004700,0.022000,20.591797,30.479849
3301,d,0.002385,0.018700,0.021500,30.167969,42.585393
3302,d,0.002385,0.100850,0.021500,37.255859,124.735393
3303,p,0.003780,0.084350,0.020000,55.126709,108.129849
3296,s,0.023128,0.004550,0.022000,22.423828,49.678351
3297,p,0.003780,0.015950,0.019200,41.239746,38.929849
3298,p,0.003780,0.020750,0.020000,61.336670,44.529849
3299,d,0.002385,0.064950,0.022000,70.628418,89.335393
3308,d,0.002385,0.009450,0.019200,12.026367,31.035393
3309,p,0.003780,0.015450,0.018500,30.792969,37.729849
3310,s,0.023128,0.072050,0.022000,39.799561,117.178351
3311,p,0.003780,0.052750,0.019200,57.785400,75.729849
3312,s,0.023128,0.005000,0.022000,22.811768,50.128351
3313,d,0.002385,0.007600,0.019200,30.571777,29.185393
3314,s,0.023128,0.064400,0.018500,37.333252,106.028351
3315,d,0.002385,0.052250,0.020000,44.383545,74.635393
3304,d,0.002385,0.004350,0.018500,23.692383,25.235393
3305,p,0.003780,0.011050,0.019200,42.824463,34.029849
3306,s,0.023128,0.064000,0.020000,51.896729,107.128351
3307,p,0.003780,0.005600,0.022000,70.017334,31.379849
3316,p,0.003780,0.003650,0.019200,20.355469,26.629849
3317,d,0.002385,0.023100,0.022000,29.631104,47.485393
3318,d,0.002385,0.015250,0.022000,36.667236,39.635393
3319,p,0.003780,0.084850,0.020000,54.908936,108.629849
3320,s,0.023128,0.004150,0.022000,10.273438,49.278351
3321,s,0.023128,0.012050,0.021500,17.178955,56.678351
3322,s,0.023128,0.096350,0.019200,24.110352,138.678351
3323,p,0.003780,0.016400,0.022000,42.211182,42.179849
3324,s,0.023128,0.005100,0.020000,9.368652,48.228351
3325,d,0.002385,0.007500,0.021500,16.414551,31.385393
3326,s,0.023128,0.070050,0.019200,23.135498,112.378351
3327,p,0.003780,0.019350,0.018500,41.194336,41.629849
3332,d,0.002385,0.005300,0.022000,20.841553,29.685393
3333,d,0.002385,0.012500,0.018500,28.685547,33.385393
3334,s,0.023128,0.043950,0.022000,35.489502,89.078351
3335,p,0.003780,0.090900,0.019200,54.139404,113.879849
3328,s,0.023128,0.016900,0.022000,23.000000,62.028351
3329,s,0.023128,0.013650,0.019200,30.675293,55.978351
3330,p,0.003780,0.025500,0.018500,48.940430,47.779849
3331,p,0.003780,0.107350,0.022000,69.235107,133.129849
3336,d,0.002385,0.009850,0.019200,24.541504,31.435393
3337,d,0.002385,0.007450,0.018500,31.644531,28.335393
3338,d,0.002385,0.056450,0.018500,38.743652,77.335393
3339,d,0.002385,0.058500,0.020000,45.880127,80.885393
3340,s,0.023128,0.008000,0.021500,20.873535,52.628351
3341,s,0.023128,0.016850,0.018500,28.415039,58.478351
3342,p,0.003780,0.062800,0.022000,46.557617,88.579849
3343,p,0.003780,0.045150,0.022000,66.764893,70.929849
3344,p,0.003780,0.005900,0.019200,35.363037,28.879849
3345,d,0.002385,0.012650,0.019200,44.634766,34.235393
3346,d,0.002385,0.028950,0.018500,51.705566,49.835393
3347,s,0.023128,0.029650,0.019200,58.669922,71.978351
3348,p,0.003780,0.004950,0.019200,35.042969,27.929849
3349,p,0.003780,0.028900,0.019200,56.356934,51.879849
3350,s,0.023128,0.031750,0.018500,66.255859,73.378351
3351,p,0.003780,0.004900,0.019200,86.053711,27.879849
3356,p,0.003780,0.009750,0.020000,35.872559,33.529849
3357,d,0.002385,0.009100,0.020000,45.292969,31.485393
3358,p,0.003780,0.074300,0.021500,63.440674,99.579849
3359,s,0.023128,0.067450,0.019200,72.422119,109.778351
3360,d,0.002385,0.004050,0.018500,8.399902,24.935393
3361,s,0.023128,0.014100,0.019200,15.999023,56.428351
3362,d,0.002385,0.081450,0.019200,23.745117,103.035393
3363,d,0.002385,0.047250,0.018500,31.533447,68.135393
3352,p,0.003780,0.005450,0.019200,35.652588,28.429849
3353,s,0.023128,0.012000,0.020000,44.765137,55.128351
3354,p,0.003780,0.117350,0.019200,62.862061,140.329849
3355,s,0.023128,0.004000,0.022000,72.062988,49.128351
3368,s,0.023128,0.006050,0.019200,8.933838,48.378351
3369,p,0.003780,0.016950,0.019200,27.846191,39.929849
3370,s,0.023128,0.088250,0.018500,38.011963,129.878351
3371,d,0.002385,0.079300,0.022000,45.926270,103.685393
3364,d,0.002385,0.004550,0.022000,23.354004,28.935393
3365,p,0.003780,0.010700,0.018500,42.465576,32.979849
3366,p,0.003780,0.082200,0.019200,62.599609,105.179849
3367,d,0.002385,0.004750,0.020000,71.814209,27.135393
3372,s,0.023128,0.005350,0.019200,8.812256,47.678351
3373,s,0.023128,0.014350,0.018500,15.531250,55.978351
3374,p,0.003780,0.008800,0.019200,34.325928,31.779849
3375,s,0.023128,0.025100,0.020000,43.423584,68.228351
3376,d,0.002385,0.009050,0.021500,22.856689,32.935393
3377,s,0.023128,0.011650,0.018500,30.451904,53.278351
3378,d,0.002385,0.048350,0.019200,37.482178,69.935393
3379,p,0.003780,0.071150,0.018500,55.797852,93.429849
3380,s,0.023128,0.004600,0.022000,23.329102,49.728351
3381,d,0.002385,0.014450,0.021500,31.196045,38.335393
3382,s,0.023128,0.014000,0.021500,37.906494,58.628351
3383,d,0.002385,0.024700,0.022000,44.837891,49.085393
3384,d,0.002385,0.004400,0.022000,18.524902,28.785393
3385,p,0.003780,0.008400,0.019200,37.019775,31.379849
3386,p,0.003780,0.033300,0.021500,57.620850,58.579849
3387,p,0.003780,0.004600,0.019200,78.014160,27.579849
3388,s,0.023128,0.009200,0.020000,23.212402,52.328351
3389,d,0.002385,0.012000,0.020000,31.069580,34.385393
3390,d,0.002385,0.111100,0.022000,38.129883,135.485393
3391,d,0.002385,0.057100,0.020000,45.238037,79.485393
3392,d,0.002385,0.003800,0.020000,9.511475,26.185393
3393,d,0.002385,0.008800,0.020000,17.510986,31.185393
3394,p,0.003780,0.054000,0.022000,37.839111,79.779849
3395,p,0.003780,0.004750,0.021500,59.283203,30.029849
3396,d,0.002385,0.010450,0.019200,19.801025,32.035393
3397,p,0.003780,0.015250,0.018500,39.160889,37.529849
3398,s,0.023128,0.024150,0.020000,48.170898,67.278351
3399,d,0.002385,0.032250,0.019200,55.225586,53.835393
3400,s,0.023128,0.008250,0.018500,23.505127,49.878351
3401,p,0.003780,0.007000,0.020000,42.543701,30.779849
3402,d,0.002385,0.030050,0.018500,51.868408,50.935393
3403,d,0.002385,0.024800,0.020000,58.952637,47.185393
3404,s,0.023128,0.004800,0.019200,20.903564,47.128351
3405,d,0.002385,0.007000,0.022000,28.733154,31.385393
3406,p,0.003780,0.090650,0.020000,46.882324,114.429849
3407,s,0.023128,0.105600,0.020000,56.631836,148.728351
3408,p,0.003780,0.004450,0.018500,35.207520,26.729849
3409,p,0.003780,0.035550,0.020000,55.554443,59.329849
3410,p,0.003780,0.093850,0.022000,75.748779,119.629849
3411,p,0.003780,0.005100,0.020000,96.075684,28.879849
3416,s,0.023128,0.006750,0.022000,23.299316,51.878351
3417,s,0.023128,0.010650,0.020000,31.132080,53.778351
3418,s,0.023128,0.060600,0.021500,38.122070,105.228351
3419,d,0.002385,0.119700,0.022000,45.218994,144.085393
3412,p,0.003780,0.009200,0.020000,33.521240,32.979849
3413,d,0.002385,0.016400,0.022000,42.846436,40.785393
3414,d,0.002385,0.031550,0.020000,49.892578,53.935393
3415,p,0.003780,0.103300,0.020000,68.070312,127.079849
3420,d,0.002385,0.008600,0.021500,10.187256,32.485393
3421,s,0.023128,0.012150,0.022000,18.158447,57.278351
3422,p,0.003780,0.114600,0.019200,38.199219,137.579849
3423,d,0.002385,0.064850,0.018500,48.135986,85.735393
3424,d,0.002385,0.006050,0.021500,24.329346,29.935393
3425,p,0.003780,0.020500,0.019200,43.447754,43.479849
3426,d,0.002385,0.053800,0.022000,52.736572,78.185393
3427,d,0.002385,0.125150,0.021500,61.840576,149.035393
3428,p,0.003780,0.008000,0.019200,20.189453,30.979849
3429,p,0.003780,0.013550,0.020000,40.362549,37.329849
3430,p,0.003780,0.017000,0.021500,60.680664,42.279849
3431,s,0.023128,0.005600,0.020000,69.658447,48.728351
3432,d,0.002385,0.006000,0.020000,23.708008,28.385393
3433,s,0.023128,0.020700,0.020000,31.429443,63.828351
3434,p,0.003780,0.066250,0.020000,49.439453,90.029849
3435,s,0.023128,0.004850,0.020000,58.748291,47.978351
3436,d,0.002385,0.004450,0.022000,23.357422,28.835393
3437,d,0.002385,0.006750,0.021500,31.104492,30.635393
3438,d,0.002385,0.031750,0.019200,38.123535,53.335393
3439,p,0.003780,0.056200,0.018500,56.411865,78.479849
3440,p,0.003780,0.009450,0.021500,35.184082,34.729849
3441,p,0.003780,0.031850,0.019200,55.394531,54.829849
3442,d,0.002385,0.093450,0.021500,65.043213,117.335393
3443,p,0.003780,0.065600,0.019200,83.146240,88.579849
3448,s,0.023128,0.005250,0.018500,9.618164,46.878351
3449,s,0.023128,0.003700,0.022000,16.347900,48.828351
3450,s,0.023128,0.046900,0.022000,23.013916,92.028351
3451,s,0.023128,0.112150,0.022000,29.703857,157.278351
3444,p,0.003780,0.004750,0.020000,36.450439,28.529849
3445,s,0.023128,0.008600,0.020000,46.939697,51.728351
3446,s,0.023128,0.022300,0.018500,54.843262,63.928351
3447,s,0.023128,0.018600,0.018500,62.947754,60.228351
3452,s,0.023128,0.004050,0.022000,23.732178,49.178351
3453,s,0.023128,0.012900,0.018500,32.070068,54.528351
3454,p,0.003780,0.030250,0.020000,50.316895,54.029849
3455,p,0.003780,0.043500,0.021500,70.697021,68.779849
3456,s,0.023128,0.009450,0.019200,9.640137,51.778351
3457,s,0.023128,0.007950,0.020000,16.371094,51.078351
3458,p,0.003780,0.066500,0.018500,34.517822,88.779849
3459,d,0.002385,0.158900,0.022000,43.820801,183.285393
3460,d,0.002385,0.005000,0.022000,8.505615,29.385393
3461,d,0.002385,0.009150,0.020000,16.369385,31.535393
3462,d,0.002385,0.081850,0.021500,24.017822,105.735393
3463,s,0.023128,0.068050,0.022000,31.236572,113.178351
3468,d,0.002385,0.004750,0.019200,23.689941,26.335393
3469,d,0.002385,0.064900,0.019200,31.590088,86.485393
3470,d,0.002385,0.074650,0.018500,38.620117,95.535393
3471,d,0.002385,0.033550,0.019200,45.677490,55.135393
3464,d,0.002385,0.004250,0.019200,23.653320,25.835393
3465,p,0.003780,0.013650,0.022000,42.712158,39.429849
3466,d,0.002385,0.071450,0.019200,51.981201,93.035393
3467,s,0.023128,0.004850,0.020000,58.791504,47.978351
3472,p,0.003780,0.004850,0.019200,20.766846,27.829849
3473,d,0.002385,0.011650,0.021500,30.121582,35.535393
3474,p,0.003780,0.050300,0.021500,48.677979,75.579849
3475,d,0.002385,0.008150,0.018500,58.044922,29.035393
3476,s,0.023128,0.005700,0.021500,23.170898,50.328351
3477,d,0.002385,0.014350,0.020000,31.037598,36.735393
3478,p,0.003780,0.054550,0.019200,49.462402,77.529849
3479,d,0.002385,0.087500,0.022000,58.788086,111.885393
3484,d,0.002385,0.004900,0.022000,11.438721,29.285393
3485,p,0.003780,0.016350,0.018500,32.139404,38.629849
3486,p,0.003780,0.038150,0.022000,52.790771,63.929849
3487,s,0.023128,0.006300,0.019200,61.856201,48.628351
3480,d,0.002385,0.006450,0.019200,23.550781,28.035393
3481,p,0.003780,0.011050,0.022000,42.457031,36.829849
3482,s,0.023128,0.069450,0.019200,51.506836,111.778351
3483,p,0.003780,0.005400,0.019200,69.613770,28.379849
3488,d,0.002385,0.004150,0.019200,23.591553,25.735393
3489,s,0.023128,0.022800,0.022000,31.063232,67.928351
3490,p,0.003780,0.020850,0.021500,49.228271,46.129849
3491,s,0.023128,0.006000,0.020000,58.352295,49.128351
3492,d,0.002385,0.005250,0.021500,6.603271,29.135393
3493,s,0.023128,0.008250,0.021500,13.423584,52.878351
3494,p,0.003780,0.019950,0.020000,31.661865,43.729849
3495,p,0.003780,0.039650,0.021500,52.008301,64.929849
3496,p,0.003780,0.005450,0.020000,24.019287,29.229849
3497,p,0.003780,0.018050,0.022000,45.121826,43.829849
3498,s,0.023128,0.114600,0.022000,54.351807,159.728351
3499,p,0.003780,0.014100,0.021500,72.569336,39.379849
3500,d,0.002385,0.011800,0.021500,23.616699,35.685393
3501,d,0.002385,0.015450,0.022000,31.348877,39.835393
3502,s,0.023128,0.018500,0.022000,38.212402,63.628351
3503,s,0.023128,0.061800,0.019200,45.405762,104.128351
3504,d,0.002385,0.004400,0.019200,24.289062,25.985393
3505,p,0.003780,0.008800,0.021500,43.970947,34.079849
3506,d,0.002385,0.023000,0.019200,53.479004,44.585393
3507,s,0.023128,0.004400,0.021500,60.383545,49.028351
3508,p,0.003780,0.004600,0.019200,35.386230,27.579849
3509,p,0.003780,0.012800,0.018500,55.712891,35.079849
3510,s,0.023128,0.020750,0.022000,64.750488,65.878351
3511,s,0.023128,0.005800,0.022000,71.507324,50.928351
3512,d,0.002385,0.004650,0.019200,11.606445,26.235393
3513,d,0.002385,0.010300,0.022000,19.454590,34.685393
3514,p,0.003780,0.023250,0.019200,38.467773,46.229849
3515,d,0.002385,0.006000,0.018500,48.038086,26.885393
3516,s,0.023128,0.005550,0.019200,22.746826,47.878351
3517,d,0.002385,0.008400,0.022000,30.605225,32.785393
3518,p,0.003780,0.020950,0.019200,48.791016,43.929849
3519,p,0.003780,0.017850,0.018500,69.411865,40.129849
3528,s,0.023128,0.005650,0.021500,22.674561,50.278351
3529,p,0.003780,0.011750,0.019200,41.673096,34.729849
3530,s,0.023128,0.061150,0.020000,50.672363,104.278351
3531,s,0.023128,0.053750,0.022000,57.533936,98.878351
3524,s,0.023128,0.004750,0.019200,23.309326,47.078351
3525,p,0.003780,0.008750,0.022000,42.413086,34.529849
3526,p,0.003780,0.086850,0.018500,62.841553,109.129849
3527,p,0.003780,0.042800,0.018500,82.938232,65.079849
3520,p,0.003780,0.004500,0.018500,21.856689,26.779849
3521,d,0.002385,0.013900,0.018500,32.169678,34.785393
3522,s,0.023128,0.049550,0.020000,39.451660,92.678351
3523,s,0.023128,0.103300,0.019200,46.633301,145.628351
3532,s,0.023128,0.009550,0.018500,9.422119,51.178351
3533,s,0.023128,0.005850,0.018500,16.229980,47.478351
3534,s,0.023128,0.047100,0.020000,22.915039,90.228351
3535,d,0.002385,0.140100,0.022000,29.913330,164.485393
3536,s,0.023128,0.005150,0.019200,23.322266,47.478351
3537,s,0.023128,0.018650,0.022000,30.968750,63.778351
3538,s,0.023128,0.057550,0.018500,37.625977,99.178351
3539,d,0.002385,0.143100,0.020000,44.609131,165.485393
3540,s,0.023128,0.012900,0.019200,23.329346,55.228351
3541,s,0.023128,0.028550,0.020000,31.007324,71.678351
3542,p,0.003780,0.059150,0.020000,49.278076,82.929849
3543,s,0.023128,0.138300,0.022000,58.482422,183.428351
3544,p,0.003780,0.004050,0.022000,34.668213,29.829849
3545,d,0.002385,0.010500,0.022000,44.110352,34.885393
3546,d,0.002385,0.016550,0.018500,51.184570,37.435393
3547,d,0.002385,0.093250,0.018500,58.238281,114.135393
3548,s,0.023128,0.009100,0.019200,22.725586,51.428351
3549,d,0.002385,0.017450,0.018500,30.599854,38.335393
3550,p,0.003780,0.025900,0.018500,49.444824,48.179849
3551,p,0.003780,0.058550,0.018500,69.760742,80.829849
3552,d,0.002385,0.006350,0.022000,23.553223,30.735393
3553,d,0.002385,0.009850,0.022000,31.326172,34.235393
3554,s,0.023128,0.116750,0.020000,38.084961,159.878351
3555,p,0.003780,0.025350,0.020000,56.320557,49.129849
3556,p,0.003780,0.004850,0.018500,35.239990,27.129849
3557,p,0.003780,0.012800,0.019200,55.610596,35.779849
3558,s,0.023128,0.022650,0.022000,64.615234,67.778351
3559,s,0.023128,0.006350,0.022000,71.329834,51.478351
3560,s,0.023128,0.004600,0.021500,23.309814,49.228351
3561,p,0.003780,0.012700,0.022000,42.305420,38.479849
3562,s,0.023128,0.023000,0.021500,51.305908,67.628351
3563,d,0.002385,0.042950,0.019200,58.348389,64.535393
3564,p,0.003780,0.016900,0.020000,35.063721,40.679849
3565,s,0.023128,0.009200,0.021500,44.168701,53.828351
3566,s,0.023128,0.047100,0.022000,50.953369,92.228351
3567,d,0.002385,0.122600,0.020000,58.243164,144.985393
3568,d,0.002385,0.003800,0.022000,6.920898,28.185393
3569,s,0.023128,0.017600,0.020000,15.189453,60.728351
3570,p,0.003780,0.059200,0.022000,34.010010,84.979849
3571,p,0.003780,0.004550,0.018500,54.468018,26.829849
3572,p,0.003780,0.004600,0.022000,35.120361,30.379849
3573,d,0.002385,0.014500,0.020000,45.146729,36.885393
3574,p,0.003780,0.082200,0.018500,63.203613,104.479849
3575,d,0.002385,0.004550,0.018500,72.450684,25.435393
3580,d,0.002385,0.004500,0.022000,9.488281,28.885393
3581,p,0.003780,0.007500,0.018500,27.729248,29.779849
3582,s,0.023128,0.041300,0.021500,36.739502,85.928351
3583,d,0.002385,0.024400,0.018500,43.727539,45.285393
3576,p,0.003780,0.004900,0.021500,35.355225,30.179849
3577,d,0.002385,0.009500,0.021500,44.717773,33.385393
3578,d,0.002385,0.039300,0.021500,51.809082,63.185393
3579,d,0.002385,0.070800,0.020000,59.075195,93.185393
3584,d,0.002385,0.004450,0.018500,23.440430,25.335393
3585,s,0.023128,0.013250,0.020000,30.879883,56.378351
3586,d,0.002385,0.025250,0.019200,37.873779,46.835393
3587,s,0.023128,0.056200,0.018500,44.582031,97.828351
3588,p,0.003780,0.006350,0.019200,35.178711,29.329849
3589,d,0.002385,0.007500,0.021500,44.516113,31.385393
3590,p,0.003780,0.067400,0.022000,62.528564,93.179849
3591,p,0.003780,0.004150,0.022000,82.721924,29.929849
3592,d,0.002385,0.004900,0.021500,18.938965,28.785393
3593,d,0.002385,0.015250,0.020000,26.706299,37.635393
3594,s,0.023128,0.062100,0.022000,33.446289,107.228351
3595,s,0.023128,0.032250,0.022000,40.153809,77.378351
3596,s,0.023128,0.006450,0.019200,23.405029,48.778351
3597,s,0.023128,0.016200,0.018500,31.028076,57.828351
3598,s,0.023128,0.099350,0.022000,37.981934,144.478351
3599,p,0.003780,0.131100,0.020000,56.483643,154.879849
3604,p,0.003780,0.004750,0.022000,20.856689,30.529849
3605,s,0.023128,0.042450,0.021500,30.140381,87.078351
3606,s,0.023128,0.059150,0.020000,36.878906,102.278351
3607,s,0.023128,0.081800,0.018500,43.627686,123.428351
3600,d,0.002385,0.007350,0.022000,23.517090,31.735393
3601,s,0.023128,0.024650,0.021500,31.033203,69.278351
3602,p,0.003780,0.109850,0.018500,49.139648,132.129849
3603,s,0.023128,0.096500,0.019200,58.152100,138.828351
3612,p,0.003780,0.004800,0.019200,33.957764,27.779849
3613,d,0.002385,0.005600,0.018500,43.272705,26.485393
3614,p,0.003780,0.064500,0.020000,61.315918,88.279849
3615,s,0.023128,0.005650,0.020000,70.290283,48.778351
3608,s,0.023128,0.004800,0.022000,23.396484,49.928351
3609,d,0.002385,0.015550,0.022000,31.294189,39.935393
3610,d,0.002385,0.035500,0.019200,38.567139,57.085393
3611,d,0.002385,0.120400,0.020000,45.672852,142.785393
3616,d,0.002385,0.004400,0.020000,18.681885,26.785393
3617,d,0.002385,0.010500,0.019200,26.230957,32.085393
3618,d,0.002385,0.090100,0.022000,33.455078,114.485393
3619,d,0.002385,0.024800,0.020000,40.659668,47.185393
3624,d,0.002385,0.009200,0.019200,12.705811,30.785393
3625,s,0.023128,0.012000,0.020000,21.931641,55.128351
3626,s,0.023128,0.053800,0.019200,29.795898,96.128351
3627,p,0.003780,0.072450,0.020000,48.833008,96.229849
3620,d,0.002385,0.005300,0.019200,13.732666,26.885393
3621,p,0.003780,0.021150,0.021500,43.218262,46.429849
3622,s,0.023128,0.010150,0.020000,52.265381,53.278351
3623,p,0.003780,0.114600,0.021500,70.334717,139.879849
3632,d,0.002385,0.004900,0.021500,9.362305,28.785393
3633,s,0.023128,0.016400,0.018500,16.156494,58.028351
3634,p,0.003780,0.077550,0.019200,34.635742,100.529849
3635,d,0.002385,0.013850,0.019200,43.987305,35.435393
3628,s,0.023128,0.004650,0.021500,21.354980,49.278351
3629,p,0.003780,0.019750,0.020000,40.323975,43.529849
3630,d,0.002385,0.027050,0.019200,50.667969,48.635393
3631,s,0.023128,0.034950,0.018500,58.296143,76.578351
3636,s,0.023128,0.004950,0.019200,23.274902,47.278351
3637,p,0.003780,0.035550,0.022000,42.426758,61.329849
3638,s,0.023128,0.071200,0.022000,51.403320,116.328351
3639,s,0.023128,0.022350,0.022000,58.311768,67.478351
3640,s,0.023128,0.005200,0.019200,23.002197,47.528351
3641,p,0.003780,0.012050,0.018500,42.071289,34.329849
3642,d,0.002385,0.058350,0.022000,51.545898,82.735393
3643,p,0.003780,0.072950,0.021500,69.596680,98.229849
3644,d,0.002385,0.005550,0.020000,9.814941,27.935393
3645,d,0.002385,0.012300,0.020000,18.813232,34.685393
3646,s,0.023128,0.093850,0.019200,26.840332,136.178351
3647,s,0.023128,0.086300,0.021500,34.665527,130.928351
3648,s,0.023128,0.004500,0.019200,23.145508,46.828351
3649,d,0.002385,0.006200,0.019200,31.085938,27.785393
3650,d,0.002385,0.019950,0.021500,38.190918,43.835393
3651,s,0.023128,0.024950,0.019200,45.015625,67.278351
3656,p,0.003780,0.004300,0.019200,34.560791,27.279849
3657,s,0.023128,0.017350,0.021500,43.591553,61.978351
3658,s,0.023128,0.026100,0.020000,50.269531,69.228351
3659,s,0.023128,0.140250,0.021500,56.948730,184.878351
3652,p,0.003780,0.006650,0.020000,24.811279,30.429849
3653,p,0.003780,0.006650,0.019200,46.104004,29.629849
3654,p,0.003780,0.021600,0.018500,66.678711,43.879849
3655,p,0.003780,0.005200,0.019200,87.585205,28.179849
3664,s,0.023128,0.004800,0.022000,23.225098,49.928351
3665,p,0.003780,0.016550,0.019200,42.411377,39.529849
3666,d,0.002385,0.046900,0.018500,51.706299,67.785393
3667,s,0.023128,0.103100,0.020000,58.503906,146.228351
3660,d,0.002385,0.004450,0.022000,23.474121,28.835393
3661,s,0.023128,0.011150,0.018500,31.453125,52.778351
3662,s,0.023128,0.022500,0.020000,38.870605,65.628351
3663,s,0.023128,0.112250,0.022000,46.393799,157.378351
3672,p,0.003780,0.005200,0.020000,35.274658,28.979849
3673,s,0.023128,0.010100,0.022000,44.467285,55.228351
3674,p,0.003780,0.090300,0.018500,64.391846,112.579849
3675,p,0.003780,0.008600,0.019200,86.609375,31.579849
3668,d,0.002385,0.004650,0.022000,23.439209,29.035393
3669,p,0.003780,0.010350,0.019200,42.491699,33.329849
3670,d,0.002385,0.036750,0.018500,51.763428,57.635393
3671,d,0.002385,0.004150,0.019200,58.809326,25.735393
3676,s,0.023128,0.004350,0.021500,8.725098,48.978351
3677,d,0.002385,0.007550,0.018500,15.903320,28.435393
3678,d,0.002385,0.022950,0.018500,23.002930,43.835393
3679,p,0.003780,0.084800,0.020000,41.357910,108.579849
3680,d,0.002385,0.005050,0.018500,10.072998,25.935393
3681,p,0.003780,0.007200,0.020000,31.576660,30.979849
3682,d,0.002385,0.027500,0.019200,42.906250,49.085393
3683,s,0.023128,0.005200,0.021500,50.281982,49.828351
3684,s,0.023128,0.005750,0.019200,23.302734,48.078351
3685,p,0.003780,0.058750,0.022000,42.567871,84.529849
3686,p,0.003780,0.054550,0.021500,62.992432,79.829849
3687,p,0.003780,0.051700,0.020000,83.424805,75.479849
3688,p,0.003780,0.008750,0.019200,22.947510,31.729849
3689,s,0.023128,0.020650,0.018500,32.690918,62.278351
3690,p,0.003780,0.022800,0.020000,51.177490,46.579849
3691,p,0.003780,0.051700,0.020000,71.509277,75.479849
3692,p,0.003780,0.013950,0.021500,35.412842,39.229849
3693,s,0.023128,0.025150,0.019200,44.662354,67.478351
3694,d,0.002385,0.043350,0.020000,51.722412,65.735393
3695,d,0.002385,0.109500,0.019200,58.772461,131.085393
3696,p,0.003780,0.005150,0.019200,35.112061,28.129849
3697,p,0.003780,0.023550,0.020000,55.731445,47.329849
3698,d,0.002385,0.079200,0.018500,65.400879,100.085393
3699,p,0.003780,0.004600,0.021500,84.892822,29.879849
3700,p,0.003780,0.004450,0.021500,20.753418,29.729849
3701,s,0.023128,0.007650,0.021500,29.948486,52.278351
3702,d,0.002385,0.102150,0.021500,37.007568,126.035393
3703,s,0.023128,0.034550,0.019200,43.776611,76.878351
3704,s,0.023128,0.006400,0.020000,21.535156,49.528351
3705,s,0.023128,0.016400,0.020000,29.051514,59.528351
3706,d,0.002385,0.054350,0.020000,36.065430,76.735393
3707,d,0.002385,0.122600,0.019200,43.099121,144.185393
3708,p,0.003780,0.004200,0.021500,21.739014,29.479849
3709,d,0.002385,0.047750,0.021500,31.100098,71.635393
3710,d,0.002385,0.048600,0.019200,38.141113,70.185393
3711,d,0.002385,0.023200,0.022000,45.163330,47.585393
3712,p,0.003780,0.004250,0.020000,19.177979,28.029849
3713,d,0.002385,0.011950,0.019200,29.253418,33.535393
3714,s,0.023128,0.021600,0.022000,36.575928,66.728351
3715,s,0.023128,0.121800,0.022000,43.557617,166.928351
3716,d,0.002385,0.005350,0.022000,19.968018,29.735393
3717,s,0.023128,0.005850,0.020000,28.161133,48.978351
3718,p,0.003780,0.092300,0.021500,46.792480,117.579849
3719,d,0.002385,0.004750,0.018500,56.107422,25.635393
3720,p,0.003780,0.004950,0.018500,34.529053,27.229849
3721,d,0.002385,0.009550,0.019200,43.894287,31.135393
3722,p,0.003780,0.075050,0.022000,61.873535,100.829849
3723,p,0.003780,0.005850,0.021500,82.078125,31.129849
3724,d,0.002385,0.004850,0.018500,23.699951,25.735393
3725,d,0.002385,0.011500,0.021500,31.222900,35.385393
3726,s,0.023128,0.022650,0.020000,38.046387,65.778351
3727,d,0.002385,0.057100,0.020000,45.016602,79.485393
3728,p,0.003780,0.004150,0.019200,33.688477,27.129849
3729,s,0.023128,0.011500,0.018500,43.973389,53.128351
3730,s,0.023128,0.017050,0.019200,50.852295,59.378351
3731,d,0.002385,0.050000,0.019200,58.077148,71.585393
3732,d,0.002385,0.004950,0.020000,10.124512,27.335393
3733,s,0.023128,0.015250,0.021500,16.942139,59.878351
3734,s,0.023128,0.091750,0.018500,23.605957,133.378351
3735,d,0.002385,0.087600,0.019200,30.551270,109.185393
3736,p,0.003780,0.004200,0.019200,18.306885,27.179849
3737,s,0.023128,0.007650,0.021500,27.620850,52.278351
3738,s,0.023128,0.081900,0.021500,34.528809,126.528351
3739,s,0.023128,0.093500,0.021500,41.587158,138.128351
3740,s,0.023128,0.005250,0.021500,23.362061,49.878351
3741,s,0.023128,0.007650,0.020000,31.198975,50.778351
3742,d,0.002385,0.039500,0.019200,38.291504,61.085393
3743,d,0.002385,0.022300,0.019200,45.414551,43.885393
3744,p,0.003780,0.004750,0.021500,22.394775,30.029849
3745,p,0.003780,0.010000,0.019200,42.783691,32.979849
3746,p,0.003780,0.048950,0.019200,63.271484,71.929849
3747,p,0.003780,0.005150,0.019200,83.535645,28.129849
3748,s,0.023128,0.007200,0.020000,9.640381,50.328351
3749,s,0.023128,0.015950,0.022000,16.436768,61.078351
3750,s,0.023128,0.086350,0.018500,23.334961,127.978351
3751,d,0.002385,0.010650,0.020000,30.395996,33.035393
3752,s,0.023128,0.006400,0.019200,21.723633,48.728351
3753,d,0.002385,0.020650,0.022000,29.895020,45.035393
3754,s,0.023128,0.095400,0.022000,37.222900,140.528351
3755,p,0.003780,0.051700,0.020000,57.605225,75.479849
3756,d,0.002385,0.004900,0.020000,23.799072,27.285393
3757,d,0.002385,0.011450,0.022000,31.563477,35.835393
3758,s,0.023128,0.039500,0.018500,38.343018,81.128351
3759,d,0.002385,0.117350,0.018500,45.369873,138.235393
3760,p,0.003780,0.005000,0.018500,34.691895,27.279849
3761,p,0.003780,0.015250,0.020000,55.062012,39.029849
3762,s,0.023128,0.017650,0.022000,64.093506,62.778351
3763,s,0.023128,0.005550,0.019200,70.784424,47.878351
3764,p,0.003780,0.004650,0.021500,34.407471,29.929849
3765,d,0.002385,0.007600,0.022000,43.783936,31.985393
3766,d,0.002385,0.058850,0.020000,50.851562,81.235393
3767,p,0.003780,0.086450,0.022000,68.942139,112.229849
3768,d,0.002385,0.005050,0.018500,23.616943,25.935393
3769,s,0.023128,0.011150,0.018500,31.187256,52.778351
3770,d,0.002385,0.030100,0.018500,38.263428,50.985393
3771,p,0.003780,0.027100,0.022000,56.537354,52.879849
3772,d,0.002385,0.008000,0.022000,23.526611,32.385393
3773,d,0.002385,0.011000,0.018500,31.575195,31.885393
3774,p,0.003780,0.114500,0.019200,49.767090,137.479849
3775,d,0.002385,0.088500,0.020000,58.937500,110.885393
3776,s,0.023128,0.005800,0.019200,9.166504,48.128351
3777,d,0.002385,0.016550,0.019200,16.326416,38.135393
3778,d,0.002385,0.081850,0.018500,23.442383,102.735393
3779,p,0.003780,0.096600,0.021500,41.552979,121.879849
3784,p,0.003780,0.005800,0.019200,34.886230,28.779849
3785,s,0.023128,0.010150,0.020000,44.044678,53.278351
3786,d,0.002385,0.044800,0.018500,51.269775,65.685393
3787,p,0.003780,0.117300,0.021500,69.250244,142.579849
3780,d,0.002385,0.005100,0.022000,23.544189,29.485393
3781,p,0.003780,0.013650,0.022000,42.845703,39.429849
3782,s,0.023128,0.048150,0.020000,51.856689,91.278351
3783,p,0.003780,0.082700,0.020000,70.218994,106.479849
3788,p,0.003780,0.005750,0.019200,22.307861,28.729849
3789,s,0.023128,0.009950,0.022000,32.071777,55.078351
3790,s,0.023128,0.015350,0.021500,39.134766,59.978351
3791,d,0.002385,0.084800,0.019200,46.764404,106.385393
3796,s,0.023128,0.007250,0.018500,9.789062,48.878351
3797,p,0.003780,0.011000,0.019200,28.140137,33.979849
3798,d,0.002385,0.071450,0.019200,37.491211,93.035393
3799,d,0.002385,0.090900,0.020000,44.580811,113.285393
3792,d,0.002385,0.004500,0.021500,11.755859,28.385393
3793,s,0.023128,0.010600,0.022000,19.678223,55.728351
3794,d,0.002385,0.086350,0.019200,26.779541,107.935393
3795,s,0.023128,0.143100,0.019200,33.496338,185.428351
3804,d,0.002385,0.004550,0.021500,9.731445,28.435393
3805,s,0.023128,0.010400,0.020000,16.614014,53.528351
3806,p,0.003780,0.025500,0.022000,34.763916,51.279849
3807,d,0.002385,0.112250,0.019200,44.242676,133.835393
3800,s,0.023128,0.007550,0.021500,12.819092,52.178351
3801,s,0.023128,0.007600,0.022000,19.773193,52.728351
3802,s,0.023128,0.033700,0.019200,26.529053,76.028351
3803,d,0.002385,0.030700,0.019200,33.541260,52.285393
3808,s,0.023128,0.009850,0.022000,23.301270,54.978351
3809,p,0.003780,0.015050,0.018500,42.405762,37.329849
3810,d,0.002385,0.060200,0.019200,51.728760,81.785393
3811,d,0.002385,0.059400,0.020000,58.761475,81.785393
3812,s,0.023128,0.004750,0.021500,22.757812,49.378351
3813,d,0.002385,0.016300,0.018500,30.735352,37.185393
3814,d,0.002385,0.072650,0.020000,38.112061,95.035393
3815,p,0.003780,0.023000,0.020000,56.368896,46.779849
3816,s,0.023128,0.004850,0.019200,23.041504,47.178351
3817,d,0.002385,0.005750,0.020000,30.981445,28.135393
3818,s,0.023128,0.019700,0.019200,37.695068,62.028351
3819,s,0.023128,0.054100,0.020000,44.605713,97.228351
3820,p,0.003780,0.005500,0.018500,33.704346,27.779849
3821,s,0.023128,0.011200,0.020000,44.201416,54.328351
3822,s,0.023128,0.018500,0.020000,51.734375,61.628351
3823,s,0.023128,0.067950,0.018500,59.097412,109.578351
3828,p,0.003780,0.004550,0.019200,25.014893,27.529849
3829,d,0.002385,0.007700,0.020000,34.896973,30.085393
3830,s,0.023128,0.048600,0.022000,42.001221,93.728351
3831,d,0.002385,0.080000,0.020000,49.221924,102.385393
3824,s,0.023128,0.005150,0.022000,23.235840,50.278351
3825,p,0.003780,0.007850,0.019200,42.486328,30.829849
3826,s,0.023128,0.065250,0.018500,51.525146,106.878351
3827,d,0.002385,0.047150,0.018500,58.866699,68.035393
3832,p,0.003780,0.004900,0.022000,35.506348,30.679849
3833,s,0.023128,0.018050,0.021500,44.790283,62.678351
3834,p,0.003780,0.070150,0.018500,63.058594,92.429849
3835,s,0.023128,0.004800,0.019200,72.133301,47.128351
3836,s,0.023128,0.007050,0.019200,22.237549,49.378351
3837,s,0.023128,0.016850,0.020000,29.940430,59.978351
3838,d,0.002385,0.099600,0.020000,37.191162,121.985393
3839,d,0.002385,0.033400,0.018500,44.267822,54.285393
3840,p,0.003780,0.004650,0.019200,20.583252,27.629849
3841,d,0.002385,0.011950,0.019200,29.923828,33.535393
3842,d,0.002385,0.018750,0.018500,36.936279,39.635393
3843,s,0.023128,0.043500,0.022000,43.692139,88.628351
3848,s,0.023128,0.005350,0.021500,18.175781,49.978351
3849,s,0.023128,0.014450,0.022000,26.394531,59.578351
3850,d,0.002385,0.033300,0.020000,34.254883,55.685393
3851,p,0.003780,0.031100,0.020000,54.415283,54.879849
3844,d,0.002385,0.006550,0.022000,23.663574,30.935393
3845,p,0.003780,0.021000,0.021500,42.512451,46.279849
3846,s,0.023128,0.086700,0.022000,51.662109,131.828351
3847,d,0.002385,0.102750,0.019200,58.724609,124.335393
3852,s,0.023128,0.005150,0.020000,24.139648,48.278351
3853,p,0.003780,0.010600,0.022000,47.809814,36.379849
3854,p,0.003780,0.095500,0.020000,76.276367,119.279849
3855,d,0.002385,0.004650,0.018500,90.524414,25.535393
3856,s,0.023128,0.004950,0.021500,21.091797,49.578351
3857,p,0.003780,0.011500,0.021500,39.941406,36.779849
3858,p,0.003780,0.007650,0.020000,60.459473,31.429849
3859,p,0.003780,0.040100,0.018500,80.645752,62.379849
3860,s,0.023128,0.004850,0.021500,7.036865,49.478351
3861,p,0.003780,0.016300,0.020000,26.767090,40.079849
3862,s,0.023128,0.043150,0.021500,36.394775,87.778351
3863,s,0.023128,0.016800,0.022000,43.318604,61.928351
3864,s,0.023128,0.007000,0.021500,25.626465,51.628351
3865,s,0.023128,0.007000,0.020000,34.049072,50.128351
3866,s,0.023128,0.075050,0.018500,40.688721,116.678351
3867,p,0.003780,0.136000,0.019200,58.917969,158.979849
3868,s,0.023128,0.005650,0.019200,22.978516,47.978351
3869,p,0.003780,0.031450,0.019200,42.071533,54.429849
3870,d,0.002385,0.026150,0.022000,51.401123,50.535393
3871,p,0.003780,0.080850,0.020000,71.440186,104.629849
3872,d,0.002385,0.005850,0.018500,23.923828,26.735393
3873,s,0.023128,0.010400,0.020000,30.805908,53.528351
3874,p,0.003780,0.047400,0.022000,49.826416,73.179849
3875,d,0.002385,0.004650,0.022000,59.385742,29.035393
3876,d,0.002385,0.006000,0.022000,23.423828,30.385393
3877,s,0.023128,0.007600,0.021500,31.053955,52.228351
3878,p,0.003780,0.024300,0.022000,49.250000,50.079849
3879,s,0.023128,0.062100,0.022000,58.495605,107.228351
3880,s,0.023128,0.005850,0.020000,9.672119,48.978351
3881,p,0.003780,0.012650,0.018500,27.915527,34.929849
3882,d,0.002385,0.051300,0.022000,37.212891,75.685393
3883,d,0.002385,0.052250,0.020000,44.228516,74.635393
3884,s,0.023128,0.004900,0.020000,22.440430,48.028351
3885,d,0.002385,0.021400,0.019200,30.188965,42.985393
3886,d,0.002385,0.010800,0.019200,37.242432,32.385393
3887,d,0.002385,0.037300,0.021500,44.349609,61.185393
3888,p,0.003780,0.011700,0.019200,35.133789,34.679849
3889,p,0.003780,0.007500,0.021500,55.815674,32.779849
3890,s,0.023128,0.023000,0.021500,64.851318,67.628351
3891,d,0.002385,0.052250,0.022000,71.861328,76.635393
3892,p,0.003780,0.004800,0.021500,36.327393,30.079849
3893,s,0.023128,0.011300,0.020000,46.533447,54.428351
3894,s,0.023128,0.084500,0.022000,54.032471,129.628351
3895,s,0.023128,0.102650,0.018500,61.625000,144.278351
3904,s,0.023128,0.005750,0.020000,9.228027,48.878351
3905,s,0.023128,0.006150,0.018500,16.204102,47.778351
3906,p,0.003780,0.035150,0.018500,34.375244,57.429849
3907,d,0.002385,0.065150,0.022000,43.605469,89.535393
3896,d,0.002385,0.004450,0.021500,21.753418,28.335393
3897,d,0.002385,0.017350,0.018500,29.474121,38.235393
3898,d,0.002385,0.084000,0.022000,36.710693,108.385393
3899,p,0.003780,0.084850,0.018500,54.868652,107.129849
3900,p,0.003780,0.005550,0.018500,35.082520,27.829849
3901,s,0.023128,0.012300,0.021500,44.389893,56.928351
3902,s,0.023128,0.026600,0.022000,51.148926,71.728351
3903,s,0.023128,0.079500,0.022000,57.862549,124.628351
3908,d,0.002385,0.006400,0.022000,9.817139,30.785393
3909,s,0.023128,0.010400,0.020000,28.346680,53.528351
3910,d,0.002385,0.054550,0.018500,35.705566,75.435393
3911,d,0.002385,0.100350,0.019200,42.743164,121.935393
3912,s,0.023128,0.006400,0.021500,9.505859,51.028351
3913,d,0.002385,0.035550,0.021500,16.559814,59.435393
3914,p,0.003780,0.085950,0.021500,34.817139,111.229849
3915,p,0.003780,0.076550,0.018500,55.096436,98.829849
3916,s,0.023128,0.005550,0.022000,21.217285,50.678351
3917,p,0.003780,0.009750,0.018500,39.845459,32.029849
3918,p,0.003780,0.047250,0.021500,60.490234,72.529849
3919,s,0.023128,0.105700,0.021500,69.499756,150.328351
3920,d,0.002385,0.005550,0.022000,22.758057,29.935393
3921,s,0.023128,0.007050,0.019200,30.579346,49.378351
3922,s,0.023128,0.093450,0.018500,37.618896,135.078351
3923,s,0.023128,0.068250,0.018500,44.590332,109.878351
3924,d,0.002385,0.004400,0.022000,22.835938,28.785393
3925,d,0.002385,0.011900,0.020000,32.307129,34.285393
3926,d,0.002385,0.018050,0.022000,40.107178,42.435393
3927,p,0.003780,0.087250,0.021500,60.064697,112.529849
3928,p,0.003780,0.004550,0.022000,20.107422,30.329849
3929,p,0.003780,0.010100,0.019200,40.307617,33.079849
3930,s,0.023128,0.024100,0.018500,49.471436,65.728351
3931,s,0.023128,0.004950,0.018500,56.210938,46.578351
3932,d,0.002385,0.004500,0.022000,23.025146,28.885393
3933,d,0.002385,0.019150,0.020000,30.735840,41.535393
3934,p,0.003780,0.084500,0.022000,48.987549,110.279849
3935,d,0.002385,0.005450,0.021500,59.395020,29.335393
3940,d,0.002385,0.004850,0.020000,18.714600,27.235393
3941,p,0.003780,0.017400,0.021500,37.206299,42.679849
3942,s,0.023128,0.070650,0.022000,46.212158,115.778351
3943,p,0.003780,0.007350,0.018500,64.284668,29.629849
3944,s,0.023128,0.044000,0.021500,23.147217,88.628351
3945,p,0.003780,0.015050,0.020000,42.070312,38.829849
3946,d,0.002385,0.016950,0.020000,51.375732,39.335393
3947,d,0.002385,0.052250,0.020000,58.657959,74.635393
3936,s,0.023128,0.005950,0.022000,14.468750,51.078351
3937,s,0.023128,0.008100,0.020000,22.387207,51.228351
3938,s,0.023128,0.091550,0.021500,29.858154,136.178351
3939,p,0.003780,0.069200,0.022000,49.782715,94.979849
3952,d,0.002385,0.004750,0.022000,9.833008,29.135393
3953,s,0.023128,0.019000,0.021500,17.503174,63.628351
3954,d,0.002385,0.043950,0.021500,25.541260,67.835393
3955,p,0.003780,0.067550,0.018500,45.676514,89.829849
3948,d,0.002385,0.004250,0.020000,23.157715,26.635393
3949,s,0.023128,0.007700,0.020000,30.741699,50.828351
3950,d,0.002385,0.086150,0.019200,37.675781,107.735393
3951,p,0.003780,0.047250,0.022000,56.187988,73.029849
3956,p,0.003780,0.005850,0.021500,43.631592,31.129849
3957,s,0.023128,0.019100,0.020000,52.986328,62.228351
3958,d,0.002385,0.054350,0.021500,60.266113,78.235393
3959,s,0.023128,0.056750,0.021500,67.103027,101.378351
3960,d,0.002385,0.009750,0.021500,8.975098,33.635393
3961,s,0.023128,0.012800,0.021500,15.736572,57.428351
3962,s,0.023128,0.036450,0.020000,22.676514,79.578351
3963,d,0.002385,0.086950,0.019200,29.705566,108.535393
3964,s,0.023128,0.004750,0.022000,22.933838,49.878351
3965,p,0.003780,0.013700,0.018500,42.105957,35.979849
3966,p,0.003780,0.054350,0.022000,64.308350,80.129849
3967,p,0.003780,0.028650,0.018500,86.349121,50.929849
3968,s,0.023128,0.007350,0.021500,23.055420,51.978351
3969,p,0.003780,0.007000,0.019200,42.370361,29.979849
3970,s,0.023128,0.025500,0.020000,51.476807,68.628351
3971,d,0.002385,0.046350,0.020000,58.538574,68.735393
3972,d,0.002385,0.004850,0.020000,23.336182,27.235393
3973,d,0.002385,0.005850,0.019200,31.385010,27.435393
3974,s,0.023128,0.129250,0.021500,38.186035,173.878351
3975,d,0.002385,0.099350,0.019200,45.161377,120.935393
3976,d,0.002385,0.004200,0.021500,23.636475,28.085393
3977,s,0.023128,0.007550,0.018500,31.261719,49.178351
3978,s,0.023128,0.059500,0.020000,38.474365,102.628351
3979,s,0.023128,0.097050,0.019200,46.273193,139.378351
3980,s,0.023128,0.009550,0.020000,20.179688,52.678351
3981,p,0.003780,0.007500,0.019200,39.209717,30.479849
3982,s,0.023128,0.071000,0.018500,48.419678,112.628351
3983,d,0.002385,0.122950,0.021500,55.484619,146.835393
3984,p,0.003780,0.004550,0.022000,20.378418,30.329849
3985,s,0.023128,0.012050,0.022000,29.503174,57.178351
3986,p,0.003780,0.114600,0.020000,47.397705,138.379849
3987,s,0.023128,0.034450,0.020000,56.439453,77.578351
3988,s,0.023128,0.004700,0.022000,9.307373,49.828351
3989,s,0.023128,0.026400,0.022000,17.159180,71.528351
3990,s,0.023128,0.045450,0.022000,24.599121,90.578351
3991,d,0.002385,0.143650,0.019200,32.210938,165.235393
3992,p,0.003780,0.004600,0.018500,33.652344,26.879849
3993,d,0.002385,0.016500,0.018500,43.090820,37.385393
3994,s,0.023128,0.129250,0.022000,50.214111,174.378351
3995,s,0.023128,0.088500,0.022000,57.269531,133.628351
3996,d,0.002385,0.006550,0.019200,17.790771,28.135393
3997,d,0.002385,0.013400,0.021500,25.956299,37.285393
3998,s,0.023128,0.026100,0.018500,32.791992,67.728351
3999,s,0.023128,0.079400,0.020000,39.532715,122.528351
4000,p,0.003780,0.007450,0.021500,35.309570,32.729849
4001,s,0.023128,0.014350,0.022000,44.381836,59.478351
4002,s,0.023128,0.044100,0.022000,51.397705,89.228351
4003,s,0.023128,0.067900,0.020000,58.352539,111.028351
4004,s,0.023128,0.006450,0.019200,23.005615,48.778351
4005,s,0.023128,0.013250,0.022000,30.620117,58.378351
4006,p,0.003780,0.063200,0.018500,48.727783,85.479849
4007,p,0.003780,0.086550,0.021500,71.512695,111.829849
4008,p,0.003780,0.004500,0.019200,35.181885,27.479849
4009,p,0.003780,0.012750,0.018500,55.736328,35.029849
4010,p,0.003780,0.034350,0.021500,76.001709,59.629849
4011,p,0.003780,0.004300,0.022000,96.389648,30.079849
4016,s,0.023128,0.004350,0.018500,9.442139,45.978351
4017,s,0.023128,0.010150,0.022000,16.180176,55.278351
4018,d,0.002385,0.039000,0.018500,23.238037,59.885393
4019,d,0.002385,0.056700,0.018500,30.281982,77.585393
4012,d,0.002385,0.007850,0.022000,23.104980,32.235393
4013,p,0.003780,0.010100,0.022000,43.895508,35.879849
4014,s,0.023128,0.073500,0.020000,54.098145,116.628351
4015,d,0.002385,0.099400,0.018500,61.749512,120.285393
4020,s,0.023128,0.004400,0.018500,22.529297,46.028351
4021,p,0.003780,0.016600,0.019200,41.541748,39.579849
4022,d,0.002385,0.091350,0.020000,50.791016,113.735393
4023,s,0.023128,0.076100,0.018500,57.567139,117.728351
4024,d,0.002385,0.004750,0.019200,23.720703,26.335393
4025,p,0.003780,0.012500,0.021500,43.587646,37.779849
4026,d,0.002385,0.086700,0.021500,52.925293,110.585393
4027,d,0.002385,0.005300,0.021500,60.384766,29.185393
4028,d,0.002385,0.005050,0.019200,13.546387,26.635393
4029,s,0.023128,0.010100,0.021500,21.282471,54.728351
4030,p,0.003780,0.074650,0.019200,41.164307,97.629849
4031,d,0.002385,0.008000,0.018500,51.021973,28.885393
4032,s,0.023128,0.004700,0.021500,22.380371,49.328351
4033,p,0.003780,0.017250,0.020000,41.334473,41.029849
4034,p,0.003780,0.038750,0.022000,61.738281,64.529849
4035,s,0.023128,0.106800,0.019200,70.743652,149.128351
4036,s,0.023128,0.004800,0.018500,22.427979,46.428351
4037,d,0.002385,0.012400,0.019200,30.155518,33.985393
4038,p,0.003780,0.045800,0.018500,48.208008,68.079849
4039,s,0.023128,0.019350,0.020000,57.173828,62.478351
4040,s,0.023128,0.005350,0.018500,11.412598,46.978351
4041,s,0.023128,0.035450,0.019200,21.696533,77.778351
4042,d,0.002385,0.072050,0.021500,28.968262,95.935393
4043,p,0.003780,0.056800,0.022000,47.335449,82.579849
4048,d,0.002385,0.005800,0.021500,10.331787,29.685393
4049,d,0.002385,0.003700,0.022000,19.045898,28.085393
4050,s,0.023128,0.050300,0.020000,27.253662,93.428351
4051,d,0.002385,0.128600,0.018500,34.481689,149.485393
4044,d,0.002385,0.011100,0.019200,22.645264,32.685393
4045,s,0.023128,0.010100,0.018500,31.460449,51.728351
4046,p,0.003780,0.045450,0.020000,52.917725,69.229849
4047,s,0.023128,0.009150,0.019200,61.912598,51.478351
4056,d,0.002385,0.004200,0.022000,9.432129,28.585393
4057,d,0.002385,0.010700,0.021500,16.512451,34.585393
4058,d,0.002385,0.018050,0.022000,23.927490,42.435393
4059,p,0.003780,0.131100,0.018500,42.140869,153.379849
4052,p,0.003780,0.004750,0.020000,20.860352,28.529849
4053,s,0.023128,0.010300,0.019200,30.804688,52.628351
4054,s,0.023128,0.059200,0.022000,37.803467,104.328351
4055,d,0.002385,0.031100,0.022000,44.916504,55.485393
4060,d,0.002385,0.004550,0.021500,12.556885,28.435393
4061,p,0.003780,0.027600,0.018500,33.442139,49.879849
4062,p,0.003780,0.082300,0.021500,53.739502,107.579849
4063,d,0.002385,0.004550,0.018500,62.979248,25.435393
4064,p,0.003780,0.005250,0.018500,35.255371,27.529849
4065,d,0.002385,0.035450,0.021500,44.547119,59.335393
4066,p,0.003780,0.014000,0.018500,62.503906,36.279849
4067,s,0.023128,0.005150,0.020000,71.450684,48.278351
4068,p,0.003780,0.004950,0.020000,35.470947,28.729849
4069,s,0.023128,0.042450,0.022000,44.511230,87.578351
4070,s,0.023128,0.018750,0.020000,51.204590,61.878351
4071,d,0.002385,0.077100,0.022000,58.260498,101.485393
4072,p,0.003780,0.009450,0.021500,24.602783,34.729849
4073,p,0.003780,0.011100,0.018500,46.457031,33.379849
4074,p,0.003780,0.034050,0.021500,67.951172,59.329849
4075,d,0.002385,0.004300,0.020000,77.602051,26.685393
4080,s,0.023128,0.007250,0.018500,23.364502,48.878351
4081,s,0.023128,0.015700,0.021500,30.969482,60.328351
4082,d,0.002385,0.074300,0.020000,37.968750,96.685393
4083,s,0.023128,0.023200,0.021500,44.707764,67.828351
4076,s,0.023128,0.005300,0.020000,20.187744,48.428351
4077,s,0.023128,0.019750,0.019200,27.427490,62.078351
4078,d,0.002385,0.093450,0.019200,34.434082,115.035393
4079,d,0.002385,0.127700,0.021500,41.475342,151.585393
4084,p,0.003780,0.005700,0.020000,35.469727,29.479849
4085,p,0.003780,0.012950,0.022000,55.610107,38.729849
4086,d,0.002385,0.041950,0.021500,64.921387,65.835393
4087,s,0.023128,0.005000,0.018500,71.675049,46.628351
4088,d,0.002385,0.004900,0.019200,28.017090,26.485393
4089,d,0.002385,0.012700,0.018500,40.768799,33.585393
4090,s,0.023128,0.128450,0.021500,51.078369,173.078351
4091,p,0.003780,0.106800,0.019200,69.472168,129.779849
4092,p,0.003780,0.004650,0.021500,18.009521,29.929849
4093,d,0.002385,0.015250,0.018500,27.567627,36.135393
4094,s,0.023128,0.069150,0.018500,34.478760,110.778351
4095,d,0.002385,0.024800,0.019200,41.515137,46.385393
4096,s,0.023128,0.004400,0.020000,13.291016,47.528351
4097,s,0.023128,0.010650,0.018500,21.006348,52.278351
4098,p,0.003780,0.036300,0.019200,40.128906,59.279849
4099,p,0.003780,0.093950,0.018500,61.049072,116.229849
4104,s,0.023128,0.004800,0.021500,9.292725,49.428351
4105,p,0.003780,0.012250,0.019200,27.533447,35.229849
4106,s,0.023128,0.125500,0.021500,36.467041,170.128351
4107,s,0.023128,0.051900,0.018500,43.128906,93.528351
4100,p,0.003780,0.004450,0.018500,35.357910,26.729849
4101,d,0.002385,0.018050,0.020000,44.842041,40.435393
4102,d,0.002385,0.048550,0.021500,52.371826,72.435393
4103,p,0.003780,0.023350,0.022000,70.988037,49.129849
4108,s,0.023128,0.005500,0.019200,23.948975,47.828351
4109,p,0.003780,0.009900,0.022000,43.096191,35.679849
4110,p,0.003780,0.099600,0.020000,63.576660,123.379849
4111,d,0.002385,0.087600,0.020000,72.860840,109.985393
4112,p,0.003780,0.004800,0.021500,20.787109,30.079849
4113,s,0.023128,0.009550,0.021500,29.772705,54.178351
4114,s,0.023128,0.086350,0.020000,36.484863,129.478351
4115,s,0.023128,0.066950,0.022000,43.168457,112.078351
4120,s,0.023128,0.005100,0.018500,11.686768,46.728351
4121,s,0.023128,0.015750,0.020000,19.267090,58.878351
4122,s,0.023128,0.017850,0.018500,26.212646,59.478351
4123,d,0.002385,0.085700,0.019200,33.313477,107.285393
4116,p,0.003780,0.005400,0.019200,34.556152,28.379849
4117,s,0.023128,0.005850,0.018500,43.822998,47.478351
4118,d,0.002385,0.101200,0.022000,50.864014,125.585393
4119,d,0.002385,0.061750,0.020000,58.095947,84.135393
4124,p,0.003780,0.006200,0.021500,35.337646,31.479849
4125,p,0.003780,0.006950,0.019200,55.604980,29.929849
4126,d,0.002385,0.035000,0.022000,65.135742,59.385393
4127,s,0.023128,0.022850,0.019200,71.937988,65.178351
4128,d,0.002385,0.004100,0.018500,9.166260,24.985393
4129,s,0.023128,0.007500,0.020000,16.189453,50.628351
4130,d,0.002385,0.040900,0.018500,23.511963,61.785393
4131,s,0.023128,0.063250,0.022000,30.245605,108.378351
4136,s,0.023128,0.004950,0.019200,22.981201,47.278351
4137,s,0.023128,0.012100,0.019200,30.524414,54.428351
4138,s,0.023128,0.070150,0.018500,37.219238,111.778351
4139,d,0.002385,0.071050,0.022000,44.287109,95.435393
4132,p,0.003780,0.004500,0.022000,24.418213,30.279849
4133,d,0.002385,0.011050,0.019200,34.368408,32.635393
4134,d,0.002385,0.018200,0.022000,41.707520,42.585393
4135,p,0.003780,0.054950,0.020000,60.179199,78.729849
4140,d,0.002385,0.005000,0.019200,23.589600,26.585393
4141,s,0.023128,0.008200,0.021500,31.113281,52.828351
4142,p,0.003780,0.048600,0.022000,49.363770,74.379849
4143,p,0.003780,0.005350,0.021500,69.561768,30.629849
4144,d,0.002385,0.005000,0.019200,23.979980,26.585393
4145,s,0.023128,0.042450,0.018500,31.428711,84.078351
4146,p,0.003780,0.034050,0.020000,49.361084,57.829849
4147,s,0.023128,0.005100,0.019200,58.315674,47.428351
4148,p,0.003780,0.004800,0.019200,35.327881,27.779849
4149,s,0.023128,0.013700,0.022000,44.426514,58.828351
4150,p,0.003780,0.012750,0.021500,62.400391,38.029849
4151,p,0.003780,0.004300,0.018500,82.679932,26.579849
4156,s,0.023128,0.005250,0.021500,22.922119,49.878351
4157,s,0.023128,0.011050,0.021500,30.458984,55.678351
4158,d,0.002385,0.134700,0.020000,37.450195,157.085393
4159,p,0.003780,0.023750,0.021500,55.776855,49.029849
4152,s,0.023128,0.004400,0.019200,15.906738,46.728351
4153,d,0.002385,0.016050,0.019200,31.196045,37.635393
4154,p,0.003780,0.011750,0.021500,49.586426,37.029849
4155,d,0.002385,0.115000,0.020000,58.990234,137.385393
4160,p,0.003780,0.010250,0.018500,35.625977,32.529849
4161,s,0.023128,0.011950,0.021500,44.701172,56.578351
4162,s,0.023128,0.043950,0.022000,51.420898,89.078351
4163,p,0.003780,0.100250,0.021500,69.416992,125.529849
4164,s,0.023128,0.005000,0.018500,23.404541,46.628351
4165,d,0.002385,0.035350,0.019200,31.257080,56.935393
4166,s,0.023128,0.022900,0.020000,37.990967,66.028351
4167,s,0.023128,0.138300,0.020000,44.647949,181.428351
4172,s,0.023128,0.005950,0.022000,23.777588,51.078351
4173,s,0.023128,0.009550,0.021500,31.601562,54.178351
4174,s,0.023128,0.114850,0.018500,38.276367,156.478351
4175,s,0.023128,0.075900,0.021500,44.989502,120.528351
4168,d,0.002385,0.005200,0.019200,9.922607,26.785393
4169,d,0.002385,0.016500,0.022000,19.843018,40.885393
4170,s,0.023128,0.026800,0.021500,27.809082,71.428351
4171,s,0.023128,0.090100,0.021500,35.536621,134.728351
4176,s,0.023128,0.014100,0.020000,23.961182,57.228351
4177,p,0.003780,0.015550,0.018500,44.371338,37.829849
4178,s,0.023128,0.078350,0.018500,53.376465,119.978351
4179,p,0.003780,0.123250,0.018500,71.623779,145.529849
4180,p,0.003780,0.004650,0.022000,35.407471,30.429849
4181,s,0.023128,0.016600,0.019200,44.415039,58.928351
4182,s,0.023128,0.021800,0.018500,51.470703,63.428351
4183,p,0.003780,0.045800,0.022000,69.650879,71.579849
4184,p,0.003780,0.005200,0.021500,35.027588,30.479849
4185,s,0.023128,0.015150,0.018500,43.977295,56.778351
4186,p,0.003780,0.071000,0.021500,62.065918,96.279849
4187,p,0.003780,0.105100,0.018500,82.641846,127.379849
4188,s,0.023128,0.004900,0.021500,23.081787,49.528351
4189,d,0.002385,0.009150,0.019200,31.032959,30.735393
4190,s,0.023128,0.096350,0.021500,37.799805,140.978351
4191,d,0.002385,0.093500,0.018500,44.800293,114.385393
4192,p,0.003780,0.007050,0.018500,33.931885,29.329849
4193,d,0.002385,0.021000,0.021500,43.349121,44.885393
4194,d,0.002385,0.128250,0.021500,50.399414,152.135393
4195,d,0.002385,0.025950,0.020000,57.408691,48.335393
4196,p,0.003780,0.004250,0.021500,35.180908,29.529849
4197,p,0.003780,0.015550,0.020000,55.406250,39.329849
4198,s,0.023128,0.029150,0.018500,64.554932,70.778351
4199,d,0.002385,0.004150,0.021500,71.566406,28.035393
4200,d,0.002385,0.004300,0.018500,23.691162,25.185393
4201,d,0.002385,0.042650,0.019200,31.437256,64.235393
4202,d,0.002385,0.075050,0.019200,38.488770,96.635393
4203,p,0.003780,0.013850,0.020000,56.651123,37.629849
4204,s,0.023128,0.004900,0.020000,23.205078,48.028351
4205,p,0.003780,0.006500,0.018500,42.340820,28.779849
4206,d,0.002385,0.025550,0.019200,51.573975,47.135393
4207,d,0.002385,0.062100,0.022000,58.573975,86.485393
4212,p,0.003780,0.010350,0.022000,20.626953,36.129849
4213,d,0.002385,0.006800,0.019200,29.941895,28.385393
4214,s,0.023128,0.062100,0.019200,36.662354,104.428351
4215,s,0.023128,0.084250,0.018500,43.379150,125.878351
4208,s,0.023128,0.004900,0.019200,23.070801,47.228351
4209,d,0.002385,0.014350,0.022000,31.014893,38.735393
4210,d,0.002385,0.090100,0.019200,38.118896,111.685393
4211,d,0.002385,0.071150,0.020000,45.305176,93.535393
4216,d,0.002385,0.006350,0.022000,24.059814,30.735393
4217,p,0.003780,0.027550,0.020000,43.020264,51.329849
4218,s,0.023128,0.061950,0.020000,52.203857,105.078351
4219,p,0.003780,0.077150,0.022000,70.306641,102.929849
4220,s,0.023128,0.008950,0.022000,19.320068,54.078351
4221,p,0.003780,0.024450,0.021500,38.305908,49.729849
4222,s,0.023128,0.066000,0.018500,47.251709,107.628351
4223,d,0.002385,0.080000,0.021500,54.290039,103.885393
4224,s,0.023128,0.004500,0.019200,23.214844,46.828351
4225,s,0.023128,0.014600,0.020000,30.695557,57.728351
4226,s,0.023128,0.033700,0.022000,37.413574,78.828351
4227,d,0.002385,0.135250,0.019200,44.425537,156.835393
4228,p,0.003780,0.005150,0.021500,35.768066,30.429849
4229,s,0.023128,0.024250,0.020000,44.996094,67.378351
4230,p,0.003780,0.066350,0.019200,63.403564,89.329849
4231,d,0.002385,0.004750,0.018500,72.794189,25.635393
4236,p,0.003780,0.008400,0.019200,20.834961,31.379849
4237,d,0.002385,0.012900,0.020000,30.395508,35.285393
4238,s,0.023128,0.082350,0.018500,37.186035,123.978351
4239,p,0.003780,0.049350,0.018500,56.722656,71.629849
4232,d,0.002385,0.005700,0.019200,23.129395,27.285393
4233,s,0.023128,0.011550,0.020000,30.657959,54.678351
4234,d,0.002385,0.026400,0.021500,38.564453,50.285393
4235,d,0.002385,0.076550,0.020000,46.032227,98.935393
4240,s,0.023128,0.005650,0.021500,13.878174,50.278351
4241,p,0.003780,0.035000,0.022000,34.631836,60.779849
4242,p,0.003780,0.081900,0.020000,56.051514,105.679849
4243,d,0.002385,0.025100,0.018500,65.883545,45.985393
4244,s,0.023128,0.004400,0.020000,22.211182,47.528351
4245,d,0.002385,0.007200,0.022000,29.982910,31.585393
4246,p,0.003780,0.059200,0.020000,48.089355,82.979849
4247,p,0.003780,0.082000,0.018500,68.275146,104.279849
4248,p,0.003780,0.004500,0.019200,20.417236,27.479849
4249,p,0.003780,0.020200,0.020000,40.462158,43.979849
4250,d,0.002385,0.047100,0.018500,49.763428,67.985393
4251,s,0.023128,0.007350,0.019200,56.613525,49.678351
4252,d,0.002385,0.004200,0.020000,16.694580,26.585393
4253,p,0.003780,0.012500,0.020000,35.197998,36.279849
4254,d,0.002385,0.027250,0.020000,44.658691,49.635393
4255,d,0.002385,0.004700,0.021500,51.883301,28.585393
4256,d,0.002385,0.007300,0.019200,23.576660,28.885393
4257,d,0.002385,0.012550,0.020000,31.460449,34.935393
4258,s,0.023128,0.045450,0.020000,38.286621,88.578351
4259,p,0.003780,0.066950,0.018500,56.332275,89.229849
4260,p,0.003780,0.004650,0.018500,23.867920,26.929849
4261,s,0.023128,0.019150,0.020000,33.227051,62.278351
4262,d,0.002385,0.064850,0.018500,40.438965,85.735393
4263,d,0.002385,0.088500,0.019200,47.540771,110.085393
4264,s,0.023128,0.005400,0.022000,22.872803,50.528351
4265,p,0.003780,0.009550,0.022000,41.766846,35.329849
4266,d,0.002385,0.060600,0.020000,51.074463,82.985393
4267,d,0.002385,0.051150,0.018500,58.101074,72.035393
4268,p,0.003780,0.007300,0.020000,35.197021,31.079849
4269,s,0.023128,0.013250,0.022000,44.279785,58.378351
4270,p,0.003780,0.017150,0.018500,62.571533,39.429849
4271,s,0.023128,0.107350,0.018500,71.558350,148.978351
4272,s,0.023128,0.004450,0.021500,27.261475,49.078351
4273,s,0.023128,0.006650,0.020000,44.648193,49.778351
4274,p,0.003780,0.067400,0.021500,62.966064,92.679849
4275,s,0.023128,0.081800,0.020000,71.905518,124.928351
4276,s,0.023128,0.004600,0.021500,22.853027,49.228351
4277,s,0.023128,0.009100,0.020000,30.507568,52.228351
4278,d,0.002385,0.067350,0.022000,37.857178,91.735393
4279,p,0.003780,0.029650,0.021500,56.080566,54.929849
4280,s,0.023128,0.010900,0.020000,22.249756,54.028351
4281,s,0.023128,0.006750,0.021500,29.827393,51.378351
4282,d,0.002385,0.020700,0.022000,36.861328,45.085393
4283,d,0.002385,0.015650,0.022000,44.552246,40.035393
4284,s,0.023128,0.005050,0.019200,22.694092,47.378351
4285,s,0.023128,0.042650,0.019200,30.120361,84.978351
4286,p,0.003780,0.048250,0.020000,48.744141,72.029849
4287,d,0.002385,0.083850,0.021500,58.112305,107.735393
4288,d,0.002385,0.005650,0.022000,23.130371,30.035393
4289,s,0.023128,0.007200,0.022000,30.595703,52.328351
4290,p,0.003780,0.011500,0.018500,48.940186,33.779849
4291,d,0.002385,0.035400,0.021500,58.904053,59.285393
4292,p,0.003780,0.005700,0.021500,35.235107,30.979849
4293,p,0.003780,0.012450,0.020000,55.510010,36.229849
4294,d,0.002385,0.015250,0.018500,65.055908,36.135393
4295,p,0.003780,0.059500,0.020000,83.008545,83.279849
4296,s,0.023128,0.005850,0.021500,10.811279,50.478351
4297,d,0.002385,0.010200,0.018500,18.789307,31.085393
4298,d,0.002385,0.027050,0.022000,26.966797,51.435393
4299,s,0.023128,0.027450,0.018500,34.521729,69.078351
4304,d,0.002385,0.006400,0.021500,23.655762,30.285393
4305,d,0.002385,0.011200,0.021500,31.369629,35.085393
4306,p,0.003780,0.066000,0.022000,49.524658,91.779849
4307,d,0.002385,0.038800,0.020000,58.734863,61.185393
4308,s,0.023128,0.004750,0.020000,23.152344,47.878351
4309,p,0.003780,0.013100,0.020000,42.947021,36.879849
4310,s,0.023128,0.057850,0.021500,52.078125,102.478351
4311,d,0.002385,0.096450,0.020000,59.116943,118.835393
4300,s,0.023128,0.004000,0.022000,8.300781,49.128351
4301,p,0.003780,0.005500,0.022000,27.038330,31.279849
4302,p,0.003780,0.030100,0.018500,47.644043,52.379849
4303,d,0.002385,0.053250,0.022000,57.053955,77.635393
4312,p,0.003780,0.005300,0.021500,28.536865,30.579849
4313,d,0.002385,0.090350,0.019200,38.554688,111.935393
4314,p,0.003780,0.016950,0.021500,57.512939,42.229849
4315,p,0.003780,0.003650,0.020000,77.702148,27.429849
4316,s,0.023128,0.003400,0.018500,23.420410,45.028351
4317,s,0.023128,0.005700,0.021500,31.010742,50.328351
4318,p,0.003780,0.081450,0.019200,49.093506,104.429849
4319,p,0.003780,0.158900,0.019200,69.313721,181.879849
4320,s,0.023128,0.016150,0.019200,22.744385,58.478351
4321,d,0.002385,0.013900,0.021500,30.589600,37.785393
4322,p,0.003780,0.103400,0.020000,49.165527,127.179849
4323,p,0.003780,0.128600,0.022000,69.316406,154.379849
4324,d,0.002385,0.005500,0.021500,9.620850,29.385393
4325,d,0.002385,0.020000,0.020000,17.067627,42.385393
4326,d,0.002385,0.026750,0.021500,24.140869,50.635393
4327,p,0.003780,0.117300,0.018500,42.410156,139.579849
4328,s,0.023128,0.004400,0.020000,22.889160,47.528351
4329,s,0.023128,0.014700,0.020000,30.574707,57.828351
4330,d,0.002385,0.047100,0.020000,37.656738,69.485393
4331,s,0.023128,0.083650,0.022000,44.611572,128.778351
4332,d,0.002385,0.013950,0.020000,23.380859,36.335393
4333,s,0.023128,0.006450,0.022000,30.713867,51.578351
4334,p,0.003780,0.117350,0.021500,49.152100,142.629849
4335,d,0.002385,0.069600,0.018500,58.401123,90.485393
4336,s,0.023128,0.005600,0.021500,23.227051,50.228351
4337,s,0.023128,0.020200,0.018500,30.762939,61.828351
4338,d,0.002385,0.095400,0.018500,37.789551,116.285393
4339,d,0.002385,0.025100,0.022000,44.801514,49.485393
4344,p,0.003780,0.017350,0.020000,35.181641,41.129849
4345,p,0.003780,0.009200,0.019200,55.238037,32.179849
4346,p,0.003780,0.062850,0.021500,75.490967,88.129849
4347,d,0.002385,0.007250,0.021500,84.851807,31.135393
4340,s,0.023128,0.003700,0.019200,24.559082,46.028351
4341,s,0.023128,0.017450,0.019200,32.471924,59.778351
4342,p,0.003780,0.105550,0.019200,50.576172,128.529849
4343,s,0.023128,0.132500,0.022000,60.384033,177.628351
4348,s,0.023128,0.004650,0.022000,22.945801,49.778351
4349,s,0.023128,0.008100,0.020000,30.621582,51.228351
4350,s,0.023128,0.103400,0.020000,37.535156,146.528351
4351,d,0.002385,0.117150,0.020000,44.596436,139.535393
4352,p,0.003780,0.005150,0.021500,34.728027,30.429849
4353,d,0.002385,0.009300,0.018500,44.097412,30.185393
4354,d,0.002385,0.018750,0.018500,51.157471,39.635393
4355,s,0.023128,0.094350,0.022000,57.963379,139.478351
4356,d,0.002385,0.003950,0.021500,17.725586,27.835393
4357,s,0.023128,0.009200,0.020000,24.675781,52.328351
4358,p,0.003780,0.025250,0.018500,42.786621,47.529849
4359,p,0.003780,0.004750,0.022000,63.312500,30.529849
4360,s,0.023128,0.004300,0.018500,17.693604,45.928351
4361,d,0.002385,0.016600,0.018500,26.097900,37.485393
4362,s,0.023128,0.063200,0.019200,32.853027,105.528351
4363,p,0.003780,0.074800,0.022000,51.015137,100.579849
4364,d,0.002385,0.005750,0.022000,9.368896,30.135393
4365,d,0.002385,0.018850,0.019200,16.408203,40.435393
4366,d,0.002385,0.110300,0.021500,23.464111,134.185393
4367,p,0.003780,0.048550,0.019200,41.577393,71.529849
4368,p,0.003780,0.005500,0.018500,35.195068,27.779849
4369,d,0.002385,0.015600,0.020000,44.478516,37.985393
4370,p,0.003780,0.099050,0.022000,62.700684,124.829849
4371,d,0.002385,0.004700,0.018500,72.015381,25.585393
4372,p,0.003780,0.005450,0.018500,32.832764,27.729849
4373,s,0.023128,0.012400,0.022000,41.818604,57.528351
4374,p,0.003780,0.067350,0.022000,59.848145,93.129849
4375,s,0.023128,0.005400,0.019200,68.844971,47.728351
4376,s,0.023128,0.008050,0.021500,11.321289,52.678351
4377,p,0.003780,0.015950,0.018500,29.346436,38.229849
4378,p,0.003780,0.036700,0.018500,49.932617,58.979849
4379,p,0.003780,0.123550,0.020000,70.400635,147.329849
4380,p,0.003780,0.010150,0.020000,35.461914,33.929849
4381,d,0.002385,0.010350,0.018500,45.100586,31.235393
4382,p,0.003780,0.058350,0.022000,63.143799,84.129849
4383,d,0.002385,0.072650,0.019200,72.531494,94.235393
4384,s,0.023128,0.004950,0.020000,9.161621,48.078351
4385,p,0.003780,0.011500,0.022000,27.195801,37.279849
4386,s,0.023128,0.039300,0.021500,36.159912,83.928351
4387,s,0.023128,0.044300,0.020000,42.796387,87.428351
4388,s,0.023128,0.005550,0.022000,22.816162,50.678351
4389,p,0.003780,0.008200,0.021500,42.758301,33.479849
4390,s,0.023128,0.088850,0.018500,52.810059,130.478351
4391,s,0.023128,0.045950,0.022000,60.315430,91.078351
4392,p,0.003780,0.005350,0.019200,21.358643,28.329849
4393,d,0.002385,0.010100,0.019200,30.768799,31.685393
4394,p,0.003780,0.020850,0.021500,48.808838,46.129849
4395,s,0.023128,0.009450,0.022000,57.850342,54.578351
4396,p,0.003780,0.005300,0.020000,23.492676,29.079849
4397,p,0.003780,0.008950,0.020000,44.736084,32.729849
4398,s,0.023128,0.092300,0.020000,53.795898,135.428351
4399,d,0.002385,0.004250,0.022000,60.870361,28.635393
4400,d,0.002385,0.005850,0.019200,24.095459,27.435393
4401,p,0.003780,0.014900,0.022000,42.937500,40.679849
4402,d,0.002385,0.057550,0.021500,52.265381,81.435393
4403,d,0.002385,0.004650,0.020000,59.364014,27.035393
4404,s,0.023128,0.004400,0.019200,23.328125,46.728351
4405,d,0.002385,0.007800,0.019200,31.395996,29.385393
4406,d,0.002385,0.093400,0.018500,38.449463,114.285393
4407,d,0.002385,0.052650,0.022000,45.670898,77.035393
4412,s,0.023128,0.004300,0.021500,23.475586,48.928351
4413,s,0.023128,0.014450,0.018500,31.312500,56.078351
4414,s,0.023128,0.034850,0.022000,38.058594,79.978351
4415,s,0.023128,0.086300,0.019200,44.789551,128.628351
4408,s,0.023128,0.005300,0.021500,23.492676,49.928351
4409,p,0.003780,0.012750,0.021500,42.501221,38.029849
4410,s,0.023128,0.025250,0.019200,51.587646,67.578351
4411,s,0.023128,0.085050,0.021500,58.717285,129.678351
4416,d,0.002385,0.005400,0.019200,23.539795,26.985393
4417,p,0.003780,0.011300,0.021500,42.436279,36.579849
4418,d,0.002385,0.072050,0.020000,51.753418,94.435393
4419,d,0.002385,0.005000,0.019200,58.928711,26.585393
4420,s,0.023128,0.004650,0.020000,23.407715,47.778351
4421,p,0.003780,0.007150,0.022000,42.434814,32.929849
4422,p,0.003780,0.092450,0.020000,62.507080,116.229849
4423,d,0.002385,0.067900,0.022000,71.734863,92.285393
4428,d,0.002385,0.005200,0.019200,9.607666,26.785393
4429,s,0.023128,0.017850,0.019200,16.420898,60.178351
4430,p,0.003780,0.070750,0.018500,34.684570,93.029849
4431,d,0.002385,0.004650,0.020000,44.314697,27.035393
4424,p,0.003780,0.004900,0.022000,35.188965,30.679849
4425,p,0.003780,0.016950,0.019200,56.545410,39.929849
4426,d,0.002385,0.084800,0.018500,66.319824,105.685393
4427,d,0.002385,0.008550,0.020000,73.601807,30.935393
4432,s,0.023128,0.011000,0.019200,11.393311,53.328351
4433,s,0.023128,0.020950,0.021500,18.157471,65.578351
4434,p,0.003780,0.014000,0.019200,36.653809,36.979849
4435,d,0.002385,0.066750,0.018500,46.192871,87.635393
4436,s,0.023128,0.004300,0.019200,20.663086,46.628351
4437,p,0.003780,0.006600,0.019200,39.553711,29.579849
4438,p,0.003780,0.065250,0.022000,59.850342,91.029849
4439,p,0.003780,0.117150,0.018500,79.924072,139.429849
4444,p,0.003780,0.004800,0.021500,34.879395,30.079849
4445,s,0.023128,0.008200,0.018500,44.508789,49.828351
4446,s,0.023128,0.033300,0.019200,51.200439,75.628351
4447,p,0.003780,0.075900,0.018500,69.258789,98.179849
4440,d,0.002385,0.004700,0.022000,23.494385,29.085393
4441,s,0.023128,0.013550,0.018500,31.036133,55.178351
4442,s,0.023128,0.070050,0.022000,37.786621,115.178351
4443,d,0.002385,0.029100,0.019200,44.769775,50.685393
4448,p,0.003780,0.006900,0.022000,37.302246,32.679849
4449,p,0.003780,0.023350,0.018500,60.286621,45.629849
4450,s,0.023128,0.029150,0.020000,70.150879,72.278351
4451,s,0.023128,0.005500,0.018500,77.284912,47.128351
4452,p,0.003780,0.005750,0.022000,23.022217,31.529849
4453,p,0.003780,0.019800,0.019200,44.864990,42.779849
4454,d,0.002385,0.047250,0.020000,54.729248,69.635393
4455,d,0.002385,0.010550,0.020000,62.092285,32.935393
4456,p,0.003780,0.003850,0.020000,37.255371,27.629849
4457,s,0.023128,0.011100,0.018500,46.306152,52.728351
4458,p,0.003780,0.029300,0.018500,64.167969,51.579849
4459,p,0.003780,0.006750,0.020000,84.260010,30.529849
4460,d,0.002385,0.004050,0.021500,11.959229,27.935393
4461,s,0.023128,0.024450,0.021500,19.265381,69.078351
4462,s,0.023128,0.118250,0.018500,26.248291,159.878351
4463,s,0.023128,0.082700,0.022000,33.079834,127.828351
4468,s,0.023128,0.004550,0.021500,23.163818,49.178351
4469,d,0.002385,0.020800,0.018500,31.090332,41.685393
4470,d,0.002385,0.048350,0.018500,38.199219,69.235393
4471,d,0.002385,0.032700,0.022000,45.212158,57.085393
4464,d,0.002385,0.004450,0.021500,23.536377,28.335393
4465,s,0.023128,0.011000,0.019200,31.024902,53.328351
4466,d,0.002385,0.024300,0.019200,37.964844,45.885393
4467,d,0.002385,0.038750,0.022000,44.990723,63.135393
4472,p,0.003780,0.004250,0.021500,21.857178,29.529849
4473,s,0.023128,0.012000,0.019200,31.384766,54.328351
4474,p,0.003780,0.032150,0.021500,50.650146,57.429849
4475,s,0.023128,0.009550,0.021500,60.286377,54.178351
4480,s,0.023128,0.005150,0.020000,9.779297,48.278351
4481,d,0.002385,0.020700,0.019200,18.770020,42.285393
4482,d,0.002385,0.057800,0.022000,25.874268,82.185393
4483,d,0.002385,0.041650,0.022000,33.160156,66.035393
4484,d,0.002385,0.006750,0.019200,7.306396,28.335393
4485,p,0.003780,0.014600,0.020000,25.767090,38.379849
4486,s,0.023128,0.028050,0.020000,34.835449,71.178351
4487,s,0.023128,0.005650,0.020000,41.522217,48.778351
4476,p,0.003780,0.003400,0.019200,35.145508,26.379849
4477,s,0.023128,0.024650,0.020000,44.418213,67.778351
4478,s,0.023128,0.024300,0.020000,51.134766,67.428351
4479,s,0.023128,0.049250,0.022000,57.822998,94.378351
4488,p,0.003780,0.004500,0.021500,19.477539,29.779849
4489,p,0.003780,0.012650,0.018500,39.688965,34.929849
4490,s,0.023128,0.058650,0.019200,48.730713,100.978351
4491,p,0.003780,0.005150,0.020000,66.929932,28.929849
4492,d,0.002385,0.004750,0.022000,7.670898,29.135393
4493,d,0.002385,0.017350,0.020000,15.532959,39.735393
4494,d,0.002385,0.029300,0.021500,22.931396,53.185393
4495,s,0.023128,0.090250,0.019200,29.932129,132.578351
4496,p,0.003780,0.007850,0.020000,35.341797,31.629849
4497,s,0.023128,0.020150,0.021500,44.483398,64.778351
4498,s,0.023128,0.017800,0.018500,51.213867,59.428351
4499,d,0.002385,0.074750,0.019200,58.218750,96.335393
4500,s,0.023128,0.010000,0.018500,23.140137,51.628351
4501,d,0.002385,0.012350,0.022000,31.134277,36.735393
4502,s,0.023128,0.023200,0.018500,37.902832,64.828351
4503,d,0.002385,0.085750,0.020000,45.225586,108.135393
4504,s,0.023128,0.004850,0.020000,23.078125,47.978351
4505,s,0.023128,0.007750,0.021500,30.658203,52.378351
4506,d,0.002385,0.040200,0.022000,37.913330,64.585393
4507,d,0.002385,0.083850,0.022000,44.975098,108.235393
4512,d,0.002385,0.007000,0.018500,12.681641,27.885393
4513,p,0.003780,0.013350,0.018500,31.188232,35.629849
4514,s,0.023128,0.041950,0.022000,40.276123,87.078351
4515,s,0.023128,0.004350,0.019200,46.981445,46.678351
4508,d,0.002385,0.005850,0.022000,17.771240,30.235393
4509,s,0.023128,0.018350,0.022000,26.179199,63.478351
4510,s,0.023128,0.038850,0.021500,33.658936,83.478351
4511,d,0.002385,0.024500,0.018500,41.457520,45.385393
4516,s,0.023128,0.005400,0.020000,8.608398,48.528351
4517,d,0.002385,0.016050,0.018500,16.509766,36.935393
4518,p,0.003780,0.096800,0.021500,36.546631,122.079849
4519,d,0.002385,0.140100,0.018500,46.493652,160.985393
4520,s,0.023128,0.005900,0.018500,23.531494,47.528351
4521,p,0.003780,0.015550,0.020000,42.447754,39.329849
4522,s,0.023128,0.066250,0.021500,51.570312,110.878351
4523,s,0.023128,0.026950,0.019200,58.417236,69.278351
4524,d,0.002385,0.005300,0.021500,23.896729,29.185393
4525,s,0.023128,0.015400,0.020000,31.378662,58.528351
4526,p,0.003780,0.086350,0.021500,49.687256,111.629849
4527,s,0.023128,0.131100,0.022000,58.715088,176.228351
4528,d,0.002385,0.005950,0.018500,23.508545,26.835393
4529,p,0.003780,0.016400,0.019200,42.565430,39.379849
4530,p,0.003780,0.046450,0.021500,62.803711,71.729849
4531,p,0.003780,0.004900,0.020000,83.448975,28.679849
4532,p,0.003780,0.004150,0.021500,35.620117,29.429849
4533,p,0.003780,0.011750,0.018500,55.989502,34.029849
4534,d,0.002385,0.099800,0.018500,65.507812,120.685393
4535,p,0.003780,0.004550,0.021500,83.895508,29.829849
4536,p,0.003780,0.005750,0.018500,35.257324,28.029849
4537,p,0.003780,0.012050,0.022000,55.380615,37.829849
4538,p,0.003780,0.047450,0.021500,75.644531,72.729849
4539,d,0.002385,0.004050,0.021500,84.955566,27.935393
4540,d,0.002385,0.005550,0.021500,23.571289,29.435393
4541,s,0.023128,0.006800,0.021500,31.395264,51.428351
4542,s,0.023128,0.102150,0.018500,38.218506,143.778351
4543,s,0.023128,0.040050,0.021500,45.075684,84.678351
4544,d,0.002385,0.005100,0.020000,8.840820,27.485393
4545,p,0.003780,0.011150,0.019200,29.387939,34.129849
4546,d,0.002385,0.117750,0.021500,39.277832,141.635393
4547,s,0.023128,0.004400,0.022000,46.558350,49.528351
4548,d,0.002385,0.004400,0.018500,23.536865,25.285393
4549,s,0.023128,0.014350,0.018500,31.135254,55.978351
4550,d,0.002385,0.054400,0.019200,38.121582,75.985393
4551,d,0.002385,0.022300,0.019200,45.138672,43.885393
4552,s,0.023128,0.004250,0.020000,23.668213,47.378351
4553,s,0.023128,0.008700,0.021500,31.108643,53.328351
4554,s,0.023128,0.045450,0.018500,37.844971,87.078351
4555,p,0.003780,0.029400,0.021500,56.261719,54.679849
4560,s,0.023128,0.004700,0.021500,23.998779,49.328351
4561,p,0.003780,0.016500,0.022000,43.430420,42.279849
4562,p,0.003780,0.128450,0.018500,63.917236,150.729849
4563,d,0.002385,0.143100,0.018500,73.392090,163.985393
4556,d,0.002385,0.005850,0.022000,17.690674,30.235393
4557,d,0.002385,0.014450,0.022000,24.904053,38.835393
4558,p,0.003780,0.085950,0.019200,43.257324,108.929849
4559,p,0.003780,0.015300,0.018500,63.559814,37.579849
4564,p,0.003780,0.007350,0.021500,35.075439,32.629849
4565,d,0.002385,0.016000,0.019200,44.469727,37.585393
4566,s,0.023128,0.008550,0.022000,51.296875,53.678351
4567,s,0.023128,0.091750,0.021500,58.004150,136.378351
4568,s,0.023128,0.005150,0.022000,22.700195,50.278351
4569,s,0.023128,0.014950,0.021500,30.395752,59.578351
4570,s,0.023128,0.015400,0.021500,37.240967,60.028351
4571,d,0.002385,0.014900,0.019200,44.316406,36.485393
4572,s,0.023128,0.005300,0.020000,23.393555,48.428351
4573,d,0.002385,0.015600,0.022000,31.296875,39.985393
4574,d,0.002385,0.021600,0.020000,38.350098,43.985393
4575,d,0.002385,0.070400,0.021500,45.377930,94.285393
4576,d,0.002385,0.006450,0.021500,23.550293,30.335393
4577,d,0.002385,0.006500,0.018500,31.442871,27.385393
4578,s,0.023128,0.072050,0.020000,38.241455,115.178351
4579,p,0.003780,0.088500,0.022000,57.272217,114.279849
4580,s,0.023128,0.005000,0.021500,9.125488,49.628351
4581,d,0.002385,0.012900,0.022000,16.452881,37.285393
4582,s,0.023128,0.026350,0.019200,23.243164,68.678351
4583,p,0.003780,0.056800,0.018500,41.389160,79.079849
4584,p,0.003780,0.004500,0.019200,35.513672,27.479849
4585,s,0.023128,0.014150,0.018500,44.677979,55.778351
4586,s,0.023128,0.049550,0.018500,51.595459,91.178351
4587,d,0.002385,0.158900,0.019200,58.673584,180.485393
4588,d,0.002385,0.003900,0.021500,23.257080,27.785393
4589,p,0.003780,0.014350,0.018500,42.398682,36.629849
4590,d,0.002385,0.017850,0.021500,51.724365,41.735393
4591,p,0.003780,0.005450,0.022000,69.749023,31.229849
4592,p,0.003780,0.005000,0.019200,34.912354,27.979849
4593,p,0.003780,0.014350,0.020000,55.209229,38.129849
4594,p,0.003780,0.072050,0.019200,75.423096,95.029849
4595,p,0.003780,0.004450,0.019200,95.468506,27.429849
4596,s,0.023128,0.004900,0.018500,7.387939,46.528351
4597,d,0.002385,0.019800,0.020000,15.326416,42.185393
4598,d,0.002385,0.081650,0.020000,23.156006,104.035393
4599,d,0.002385,0.016400,0.021500,30.618652,40.285393
4600,p,0.003780,0.005500,0.021500,37.740967,30.779849
4601,s,0.023128,0.009750,0.022000,46.715088,54.878351
4602,s,0.023128,0.027000,0.018500,53.373535,68.628351
4603,s,0.023128,0.107150,0.020000,60.383545,150.278351
4604,p,0.003780,0.004850,0.022000,41.867188,30.629849
4605,p,0.003780,0.010650,0.020000,62.255127,34.429849
4606,d,0.002385,0.059200,0.021500,71.646973,83.085393
4607,p,0.003780,0.004750,0.022000,89.884766,30.529849
4608,p,0.003780,0.003950,0.020000,35.317871,27.729849
4609,s,0.023128,0.007100,0.021500,44.370850,51.728351
4610,s,0.023128,0.075050,0.019200,51.159180,117.378351
4611,s,0.023128,0.047150,0.022000,58.042725,92.278351
4612,p,0.003780,0.005300,0.021500,28.509277,30.579849
4613,p,0.003780,0.005900,0.022000,48.818604,31.679849
4614,d,0.002385,0.017800,0.021500,58.311279,41.685393
4615,d,0.002385,0.005550,0.020000,65.522949,27.935393
4616,d,0.002385,0.005100,0.018500,9.303955,25.985393
4617,p,0.003780,0.008600,0.022000,27.562012,34.379849
4618,d,0.002385,0.054400,0.019200,36.955566,75.985393
4619,p,0.003780,0.004550,0.018500,56.314209,26.829849
4620,d,0.002385,0.005150,0.018500,23.323486,26.035393
4621,d,0.002385,0.013600,0.019200,31.064453,35.185393
4622,s,0.023128,0.096550,0.022000,37.873291,141.678351
4623,p,0.003780,0.143650,0.018500,55.991211,165.929849
4624,p,0.003780,0.005650,0.018500,35.906494,27.929849
4625,p,0.003780,0.014350,0.020000,56.352295,38.129849
4626,p,0.003780,0.125500,0.020000,76.507568,149.279849
4627,d,0.002385,0.006700,0.018500,85.904297,27.585393
4628,s,0.023128,0.004850,0.020000,22.014160,47.978351
4629,s,0.023128,0.010600,0.018500,29.684814,52.228351
4630,s,0.023128,0.011950,0.020000,37.249512,55.078351
4631,s,0.023128,0.062750,0.021500,44.865967,107.378351
4632,p,0.003780,0.008250,0.022000,31.891846,34.029849
4633,d,0.002385,0.013000,0.018500,41.239502,33.885393
4634,d,0.002385,0.038850,0.020000,48.356934,61.235393
4635,p,0.003780,0.118250,0.020000,66.499756,142.029849
4636,s,0.023128,0.004950,0.020000,9.016602,48.078351
4637,d,0.002385,0.014300,0.019200,16.180908,35.885393
4638,p,0.003780,0.037700,0.022000,34.401123,63.479849
4639,s,0.023128,0.071150,0.022000,43.377930,116.278351
4640,p,0.003780,0.006400,0.018500,35.164795,28.679849
4641,d,0.002385,0.012950,0.018500,44.523926,33.835393
4642,d,0.002385,0.150300,0.022000,51.706787,174.685393
4643,s,0.023128,0.099350,0.022000,58.498291,144.478351
4644,d,0.002385,0.004650,0.021500,21.344238,28.535393
4645,p,0.003780,0.020900,0.019200,40.261963,43.879849
4646,s,0.023128,0.036700,0.021500,49.305420,81.328351
4647,d,0.002385,0.004850,0.020000,57.012207,27.235393
4652,s,0.023128,0.005200,0.022000,23.217529,50.328351
4653,s,0.023128,0.012900,0.022000,31.177979,58.028351
4654,d,0.002385,0.057200,0.018500,38.343750,78.085393
4655,d,0.002385,0.013850,0.022000,45.595703,38.235393
4648,s,0.023128,0.004050,0.018500,23.410645,45.678351
4649,p,0.003780,0.014700,0.019200,42.287598,37.679849
4650,s,0.023128,0.041950,0.019200,51.336182,84.278351
4651,p,0.003780,0.038750,0.019200,69.257568,61.729849
4656,p,0.003780,0.005650,0.018500,35.384521,27.929849
4657,d,0.002385,0.011400,0.018500,44.770264,32.285393
4658,d,0.002385,0.081450,0.020000,52.008545,103.835393
4659,s,0.023128,0.081800,0.022000,58.975342,126.928351
4660,d,0.002385,0.004500,0.018500,23.593994,25.385393
4661,s,0.023128,0.024400,0.021500,31.725098,69.028351
4662,d,0.002385,0.029250,0.020000,39.451904,51.635393
4663,s,0.023128,0.032200,0.018500,47.004395,73.828351
4664,d,0.002385,0.008600,0.020000,24.485107,30.985393
4665,d,0.002385,0.023550,0.021500,32.627930,47.435393
4666,s,0.023128,0.016950,0.022000,39.625732,62.078351
4667,s,0.023128,0.099750,0.018500,46.348389,141.378351
4668,d,0.002385,0.004550,0.018500,11.212158,25.435393
4669,p,0.003780,0.017600,0.018500,35.356934,39.879849
4670,d,0.002385,0.017350,0.019200,45.562988,38.935393
4671,s,0.023128,0.012850,0.019200,52.948242,55.178351
4672,p,0.003780,0.011800,0.018500,35.043213,34.079849
4673,p,0.003780,0.015750,0.019200,55.245117,38.729849
4674,s,0.023128,0.082350,0.019200,64.603760,124.678351
4675,s,0.023128,0.103300,0.020000,71.425293,146.428351
4676,p,0.003780,0.005600,0.021500,35.067871,30.879849
4677,p,0.003780,0.017850,0.021500,55.540771,43.129849
4678,p,0.003780,0.013700,0.020000,75.833252,37.479849
4679,p,0.003780,0.007350,0.021500,96.227783,32.629849
4680,p,0.003780,0.004750,0.021500,20.799072,30.029849
4681,p,0.003780,0.010900,0.018500,41.169922,33.179849
4682,p,0.003780,0.093400,0.018500,61.551270,115.679849
4683,s,0.023128,0.004500,0.022000,70.806152,49.628351
4684,d,0.002385,0.004300,0.018500,20.202881,25.185393
4685,d,0.002385,0.014150,0.021500,27.764893,38.035393
4686,s,0.023128,0.017150,0.021500,34.596436,61.778351
4687,p,0.003780,0.099250,0.019200,52.848633,122.229849
4696,s,0.023128,0.004350,0.020000,23.099854,47.478351
4697,d,0.002385,0.042450,0.018500,30.946045,63.335393
4698,d,0.002385,0.025700,0.022000,37.979004,50.085393
4699,s,0.023128,0.070400,0.019200,44.753662,112.728351
4688,d,0.002385,0.004500,0.020000,8.999268,26.885393
4689,s,0.023128,0.065300,0.018500,17.115723,106.928351
4690,s,0.023128,0.088700,0.022000,24.921631,133.828351
4691,p,0.003780,0.109550,0.020000,44.308594,133.329849
4692,p,0.003780,0.005450,0.022000,35.759766,31.229849
4693,s,0.023128,0.007100,0.021500,45.100830,51.728351
4694,s,0.023128,0.053150,0.019200,52.127930,95.478351
4695,p,0.003780,0.074750,0.020000,70.447266,98.529849
4700,d,0.002385,0.005150,0.018500,22.853271,26.035393
4701,p,0.003780,0.019750,0.019200,41.609375,42.729849
4702,d,0.002385,0.060750,0.021500,51.265869,84.635393
4703,d,0.002385,0.012900,0.018500,58.389648,33.785393
4704,s,0.023128,0.005750,0.019200,23.264893,48.078351
4705,s,0.023128,0.019800,0.020000,30.821533,62.928351
4706,p,0.003780,0.007950,0.019200,48.982666,30.929849
4707,d,0.002385,0.025100,0.020000,58.555908,47.485393
4708,p,0.003780,0.004200,0.019200,22.322998,27.179849
4709,s,0.023128,0.019350,0.018500,31.622070,60.978351
4710,p,0.003780,0.064400,0.021500,49.881104,89.679849
4711,s,0.023128,0.004550,0.019200,58.948975,46.878351
4712,d,0.002385,0.004250,0.020000,23.395996,26.635393
4713,d,0.002385,0.011950,0.020000,31.261963,34.335393
4714,d,0.002385,0.084800,0.018500,38.362305,105.685393
4715,p,0.003780,0.102900,0.022000,56.461426,128.679849
4716,p,0.003780,0.013100,0.022000,21.560791,38.879849
4717,s,0.023128,0.007000,0.021500,31.512939,51.628351
4718,p,0.003780,0.040200,0.019200,51.398438,63.179849
4719,d,0.002385,0.138300,0.020000,61.702881,160.685393
4720,p,0.003780,0.007400,0.018500,35.625488,29.679849
4721,s,0.023128,0.015550,0.021500,44.882568,60.178351
4722,p,0.003780,0.019850,0.021500,63.201660,45.129849
4723,d,0.002385,0.004450,0.022000,72.738037,28.835393
4724,d,0.002385,0.004050,0.022000,23.187012,28.435393
4725,d,0.002385,0.006450,0.021500,30.975830,30.335393
4726,d,0.002385,0.128450,0.021500,38.111572,152.335393
4727,p,0.003780,0.032250,0.019200,56.531250,55.229849
4728,d,0.002385,0.004900,0.019200,23.447754,26.485393
4729,d,0.002385,0.012350,0.019200,31.221436,33.935393
4730,s,0.023128,0.017050,0.022000,38.046875,62.178351
4731,s,0.023128,0.022300,0.020000,44.741455,65.428351
4732,d,0.002385,0.004750,0.021500,20.263428,28.635393
4733,p,0.003780,0.019000,0.022000,40.973389,44.779849
4734,p,0.003780,0.071450,0.019200,63.340088,94.429849
4735,p,0.003780,0.005200,0.021500,83.901855,30.479849
4736,d,0.002385,0.013000,0.018500,23.577393,33.885393
4737,p,0.003780,0.032400,0.021500,42.611084,57.679849
4738,d,0.002385,0.033700,0.021500,52.206299,57.585393
4739,d,0.002385,0.026300,0.019200,59.306396,47.885393
4740,d,0.002385,0.009450,0.018500,9.881104,30.335393
4741,s,0.023128,0.009200,0.018500,16.693848,50.828351
4742,s,0.023128,0.012400,0.021500,23.412109,57.028351
4743,d,0.002385,0.017500,0.019200,30.400146,39.085393
4744,d,0.002385,0.010350,0.018500,13.592041,31.235393
4745,d,0.002385,0.016750,0.022000,21.426025,41.135393
4746,p,0.003780,0.047400,0.020000,39.890625,71.179849
4747,d,0.002385,0.117150,0.021500,49.235352,141.035393
4748,d,0.002385,0.005150,0.020000,23.848145,27.535393
4749,p,0.003780,0.035000,0.021500,42.746826,60.279849
4750,p,0.003780,0.092300,0.020000,62.903076,116.079849
4751,s,0.023128,0.005200,0.020000,71.923828,48.328351
4752,s,0.023128,0.004550,0.018500,23.154785,46.178351
4753,s,0.023128,0.023100,0.021500,30.644531,67.728351
4754,d,0.002385,0.102150,0.018500,37.698242,123.035393
4755,s,0.023128,0.074750,0.018500,44.493652,116.378351
4756,s,0.023128,0.004600,0.021500,21.243408,49.228351
4757,s,0.023128,0.017600,0.021500,28.585449,62.228351
4758,s,0.023128,0.026400,0.021500,35.275635,71.028351
4759,p,0.003780,0.028700,0.022000,53.680664,54.479849
4760,p,0.003780,0.010250,0.022000,38.107178,36.029849
4761,s,0.023128,0.009100,0.022000,48.356201,54.228351
4762,s,0.023128,0.099050,0.020000,55.846436,142.178351
4763,p,0.003780,0.128600,0.018500,75.396729,150.879849
4764,s,0.023128,0.010900,0.021500,23.190430,55.528351
4765,d,0.002385,0.007100,0.019200,31.055176,28.685393
4766,d,0.002385,0.090100,0.020000,38.142578,112.485393
4767,s,0.023128,0.074050,0.021500,44.899170,118.678351
4768,d,0.002385,0.004550,0.020000,15.203125,26.935393
4769,d,0.002385,0.013550,0.021500,22.632812,37.435393
4770,d,0.002385,0.020750,0.021500,29.692871,44.635393
4771,d,0.002385,0.112250,0.020000,36.754883,134.635393
4772,d,0.002385,0.004900,0.022000,24.292236,29.285393
4773,s,0.023128,0.020000,0.018500,31.945068,61.628351
4774,p,0.003780,0.023250,0.019200,50.184082,46.229849
4775,d,0.002385,0.076950,0.020000,59.645020,99.335393
4780,d,0.002385,0.006050,0.020000,23.769043,28.435393
4781,s,0.023128,0.007950,0.022000,31.289795,53.078351
4782,d,0.002385,0.018200,0.020000,38.290771,40.585393
4783,s,0.023128,0.125150,0.020000,45.021240,168.278351
4784,p,0.003780,0.005000,0.022000,35.147217,30.779849
4785,s,0.023128,0.017350,0.020000,44.245605,60.478351
4786,d,0.002385,0.110300,0.020000,51.392822,132.685393
4787,s,0.023128,0.028650,0.018500,58.120850,70.278351
4776,d,0.002385,0.004900,0.018500,20.584961,25.785393
4777,p,0.003780,0.010050,0.018500,41.064941,32.329849
4778,p,0.003780,0.100400,0.021500,63.220703,125.679849
4779,d,0.002385,0.004200,0.018500,73.155029,25.085393
4788,d,0.002385,0.004500,0.018500,9.657227,25.385393
4789,p,0.003780,0.014300,0.018500,30.481934,36.579849
4790,p,0.003780,0.011250,0.021500,53.816895,36.529849
4791,p,0.003780,0.004250,0.018500,75.352051,26.529849
4792,p,0.003780,0.006350,0.020000,35.290039,30.129849
4793,d,0.002385,0.011050,0.018500,44.719971,31.935393
4794,p,0.003780,0.080400,0.021500,62.716553,105.679849
4795,d,0.002385,0.005050,0.018500,72.094238,25.935393
4796,p,0.003780,0.004350,0.022000,20.853271,30.129849
4797,p,0.003780,0.015950,0.020000,41.146729,39.729849
4798,s,0.023128,0.025250,0.019200,50.141846,67.578351
4799,d,0.002385,0.005050,0.021500,57.171143,28.935393
4800,s,0.023128,0.004850,0.019200,22.831299,47.178351
4801,p,0.003780,0.006150,0.018500,41.855957,28.429849
4802,s,0.023128,0.043350,0.022000,50.848389,88.478351
4803,s,0.023128,0.029400,0.020000,57.596680,72.528351
4804,s,0.023128,0.004350,0.019200,17.009033,46.678351
4805,d,0.002385,0.012450,0.020000,24.474365,34.835393
4806,d,0.002385,0.021600,0.020000,31.600586,43.985393
4807,p,0.003780,0.097750,0.021500,49.889648,123.029849
4808,d,0.002385,0.005800,0.021500,23.503906,29.685393
4809,p,0.003780,0.024450,0.022000,42.274414,50.229849
4810,p,0.003780,0.096550,0.021500,62.436768,121.829849
4811,d,0.002385,0.005500,0.019200,72.862793,27.085393
4812,d,0.002385,0.008450,0.022000,23.816406,32.835393
4813,s,0.023128,0.016950,0.019200,31.286377,59.278351
4814,p,0.003780,0.122000,0.019200,49.760254,144.979849
4815,p,0.003780,0.075150,0.018500,70.493164,97.429849
4816,s,0.023128,0.007100,0.018500,9.189209,48.728351
4817,s,0.023128,0.008650,0.021500,16.817871,53.278351
4818,d,0.002385,0.086500,0.018500,24.067871,107.385393
4819,p,0.003780,0.030300,0.022000,42.280029,56.079849
4820,p,0.003780,0.005750,0.019200,34.493164,28.729849
4821,d,0.002385,0.011550,0.020000,43.755615,33.935393
4822,s,0.023128,0.040200,0.020000,50.527344,83.328351
4823,p,0.003780,0.029550,0.019200,68.823975,52.529849
4824,d,0.002385,0.003800,0.019200,9.456299,25.385393
4825,d,0.002385,0.016850,0.019200,17.370117,38.435393
4826,d,0.002385,0.079550,0.020000,25.146973,101.935393
4827,p,0.003780,0.129600,0.020000,45.357910,153.379849
4828,p,0.003780,0.005600,0.019200,37.414551,28.579849
4829,d,0.002385,0.012400,0.018500,46.982910,33.285393
4830,p,0.003780,0.091350,0.018500,65.687256,113.629849
4831,p,0.003780,0.004750,0.019200,86.192627,27.729849
4832,p,0.003780,0.003850,0.022000,20.976807,29.629849
4833,d,0.002385,0.009200,0.019200,30.340820,30.785393
4834,p,0.003780,0.017200,0.021500,48.424805,42.479849
4835,d,0.002385,0.004950,0.018500,57.707764,25.835393
4836,d,0.002385,0.004150,0.020000,23.065186,26.535393
4837,p,0.003780,0.014750,0.018500,42.506836,37.029849
4838,p,0.003780,0.024100,0.020000,64.733643,47.879849
4839,p,0.003780,0.004500,0.022000,86.535889,30.279849
4840,d,0.002385,0.004550,0.019200,9.358154,26.135393
4841,p,0.003780,0.012000,0.019200,27.815430,34.979849
4842,p,0.003780,0.078500,0.020000,48.113525,102.279849
4843,p,0.003780,0.044000,0.021500,68.231201,69.279849
4844,d,0.002385,0.006050,0.018500,23.961426,26.935393
4845,p,0.003780,0.011650,0.022000,43.202393,37.429849
4846,p,0.003780,0.117350,0.022000,63.949463,143.129849
4847,p,0.003780,0.005200,0.018500,84.574463,27.479849
4856,d,0.002385,0.004700,0.019200,23.446777,26.285393
4857,s,0.023128,0.009550,0.022000,30.860352,54.678351
4858,p,0.003780,0.026800,0.022000,49.200928,52.579849
4859,s,0.023128,0.004400,0.022000,58.508789,49.528351
4852,d,0.002385,0.004550,0.022000,13.175293,28.935393
4853,d,0.002385,0.023650,0.022000,20.977539,48.035393
4854,p,0.003780,0.054450,0.020000,39.340088,78.229849
4855,p,0.003780,0.003950,0.022000,59.685303,29.729849
4848,s,0.023128,0.003850,0.018500,23.405029,45.478351
4849,p,0.003780,0.019750,0.021500,42.283447,45.029849
4850,s,0.023128,0.017900,0.022000,51.314209,63.028351
4851,p,0.003780,0.080850,0.020000,69.375244,104.629849
4864,d,0.002385,0.006000,0.018500,9.780029,26.885393
4865,d,0.002385,0.009600,0.021500,17.063477,33.485393
4866,d,0.002385,0.026750,0.020000,24.139160,49.135393
4867,p,0.003780,0.053250,0.022000,42.556396,79.029849
4860,p,0.003780,0.004950,0.018500,29.928955,27.229849
4861,p,0.003780,0.034600,0.022000,51.625000,60.379849
4862,s,0.023128,0.092300,0.021500,61.182617,136.928351
4863,d,0.002385,0.006550,0.022000,68.359131,30.935393
4868,s,0.023128,0.004500,0.018500,23.286621,46.128351
4869,p,0.003780,0.006200,0.022000,42.502441,31.979849
4870,p,0.003780,0.013700,0.021500,62.832031,38.979849
4871,p,0.003780,0.024150,0.019200,83.199951,47.129849
4872,d,0.002385,0.009500,0.022000,9.578125,33.885393
4873,p,0.003780,0.006950,0.022000,28.050537,32.729849
4874,p,0.003780,0.020000,0.022000,48.127686,45.779849
4875,d,0.002385,0.016900,0.022000,57.385498,41.285393
4876,d,0.002385,0.004700,0.020000,14.340820,27.085393
4877,s,0.023128,0.010650,0.021500,21.790527,55.278351
4878,p,0.003780,0.098500,0.019200,40.196289,121.479849
4879,s,0.023128,0.004400,0.018500,49.436279,46.028351
4880,s,0.023128,0.006000,0.018500,23.183105,47.628351
4881,d,0.002385,0.015650,0.022000,31.099365,40.035393
4882,p,0.003780,0.017800,0.018500,49.327393,40.079849
4883,p,0.003780,0.040050,0.022000,70.764893,65.829849
4884,p,0.003780,0.006050,0.019200,23.967041,29.029849
4885,d,0.002385,0.008100,0.018500,33.523438,28.985393
4886,p,0.003780,0.066250,0.021500,51.757812,91.529849
4887,p,0.003780,0.004400,0.018500,72.019287,26.679849
4892,p,0.003780,0.005700,0.020000,35.043457,29.479849
4893,d,0.002385,0.007000,0.018500,44.483398,27.885393
4894,s,0.023128,0.025750,0.021500,51.328613,70.378351
4895,s,0.023128,0.097300,0.020000,58.145020,140.428351
4888,s,0.023128,0.005600,0.021500,23.183105,50.228351
4889,p,0.003780,0.007350,0.022000,41.969971,33.129849
4890,s,0.023128,0.036700,0.021500,50.986816,81.328351
4891,p,0.003780,0.095550,0.018500,70.855225,117.829849
4896,p,0.003780,0.004500,0.019200,20.276611,27.479849
4897,s,0.023128,0.014600,0.020000,29.415283,57.728351
4898,d,0.002385,0.033300,0.021500,36.468262,57.185393
4899,p,0.003780,0.056550,0.020000,54.424805,80.329849
4900,d,0.002385,0.004150,0.022000,8.777588,28.535393
4901,p,0.003780,0.013350,0.022000,28.123291,39.129849
4902,p,0.003780,0.007650,0.019200,49.091309,30.629849
4903,d,0.002385,0.004650,0.022000,58.417480,29.035393
4908,d,0.002385,0.005750,0.020000,16.446533,28.135393
4909,s,0.023128,0.004450,0.022000,24.516602,49.578351
4910,s,0.023128,0.118850,0.018500,31.443848,160.478351
4911,d,0.002385,0.015300,0.020000,38.524902,37.685393
4904,s,0.023128,0.004750,0.018500,22.839600,46.378351
4905,d,0.002385,0.020150,0.020000,30.680664,42.535393
4906,p,0.003780,0.103400,0.019200,48.815918,126.379849
4907,s,0.023128,0.033550,0.021500,57.755615,78.178351
4912,s,0.023128,0.005100,0.020000,9.014648,48.228351
4913,p,0.003780,0.047750,0.022000,27.217773,73.529849
4914,d,0.002385,0.081450,0.022000,36.510010,105.835393
4915,p,0.003780,0.112150,0.018500,54.512939,134.429849
4916,s,0.023128,0.003800,0.020000,21.878174,46.928351
4917,d,0.002385,0.033200,0.022000,29.716797,57.585393
4918,p,0.003780,0.116850,0.022000,48.016357,142.629849
4919,d,0.002385,0.052750,0.022000,57.311768,77.135393
4920,d,0.002385,0.005000,0.022000,10.454102,29.385393
4921,p,0.003780,0.010400,0.018500,28.744873,32.679849
4922,p,0.003780,0.016550,0.020000,49.202393,40.329849
4923,p,0.003780,0.004600,0.021500,69.482910,29.879849
4932,p,0.003780,0.004850,0.018500,34.260498,27.129849
4933,p,0.003780,0.011400,0.018500,54.878906,33.679849
4934,p,0.003780,0.019050,0.021500,75.449219,44.329849
4935,p,0.003780,0.005750,0.019200,95.811279,28.729849
4924,s,0.023128,0.010550,0.022000,23.179932,55.678351
4925,d,0.002385,0.007150,0.019200,31.130371,28.735393
4926,d,0.002385,0.071450,0.021500,38.291748,95.335393
4927,s,0.023128,0.048550,0.022000,45.082520,93.678351
4928,d,0.002385,0.004600,0.021500,16.902588,28.485393
4929,s,0.023128,0.011350,0.021500,24.931152,55.978351
4930,s,0.023128,0.095500,0.020000,32.338135,138.628351
4931,s,0.023128,0.045400,0.019200,39.730469,87.728351
4936,d,0.002385,0.005600,0.020000,23.672607,27.985393
4937,s,0.023128,0.012250,0.021500,31.185791,56.878351
4938,p,0.003780,0.051250,0.018500,49.483154,73.529849
4939,s,0.023128,0.004350,0.022000,58.606201,49.478351
4940,p,0.003780,0.005550,0.019200,35.347168,28.529849
4941,p,0.003780,0.014900,0.019200,55.713135,37.879849
4942,d,0.002385,0.098650,0.018500,65.022949,119.535393
4943,s,0.023128,0.004800,0.022000,71.825684,49.928351
4944,d,0.002385,0.006200,0.021500,10.846680,30.085393
4945,s,0.023128,0.021550,0.019200,18.596191,63.878351
4946,p,0.003780,0.046150,0.020000,38.584717,69.929849
4947,p,0.003780,0.004450,0.018500,59.737793,26.729849
4948,s,0.023128,0.004200,0.020000,22.500488,47.328351
4949,s,0.023128,0.007000,0.019200,30.095703,49.328351
4950,d,0.002385,0.041300,0.021500,37.246338,65.185393
4951,s,0.023128,0.080850,0.019200,44.301758,123.178351
4952,p,0.003780,0.004650,0.019200,33.928711,27.629849
4953,p,0.003780,0.009300,0.019200,54.758301,32.279849
4954,d,0.002385,0.069150,0.020000,64.177734,91.535393
4955,d,0.002385,0.009050,0.020000,71.330322,31.435393
4956,s,0.023128,0.004550,0.021500,23.200928,49.178351
4957,s,0.023128,0.015450,0.021500,30.896973,60.078351
4958,p,0.003780,0.070900,0.020000,49.060303,94.679849
4959,s,0.023128,0.078300,0.020000,58.331299,121.428351
4960,p,0.003780,0.009500,0.019200,20.410645,32.479849
4961,p,0.003780,0.009300,0.018500,40.560059,31.579849
4962,s,0.023128,0.011750,0.018500,49.545410,53.378351
4963,p,0.003780,0.016300,0.021500,67.546387,41.579849
4964,d,0.002385,0.005300,0.018500,23.418457,26.185393
4965,d,0.002385,0.023350,0.021500,31.207764,47.235393
4966,s,0.023128,0.026400,0.022000,37.961670,71.528351
4967,d,0.002385,0.083850,0.022000,44.933838,108.235393
4968,s,0.023128,0.005400,0.019200,9.425537,47.728351
4969,p,0.003780,0.025650,0.022000,27.612549,51.429849
4970,p,0.003780,0.095200,0.020000,47.979248,118.979849
4971,s,0.023128,0.065600,0.022000,56.953613,110.728351
4972,d,0.002385,0.004650,0.018500,25.517578,25.535393
4973,s,0.023128,0.023100,0.018500,34.024902,64.728351
4974,p,0.003780,0.091650,0.020000,54.311279,115.429849
4975,d,0.002385,0.004850,0.021500,64.706055,28.735393
4976,p,0.003780,0.005900,0.022000,36.251709,31.679849
4977,p,0.003780,0.012000,0.018500,58.522461,34.279849
4978,s,0.023128,0.047450,0.020000,67.654541,90.578351
4979,p,0.003780,0.005600,0.019200,85.775146,28.579849
4980,p,0.003780,0.005500,0.022000,35.596191,31.279849
4981,d,0.002385,0.047850,0.018500,45.101562,68.735393
4982,s,0.023128,0.045450,0.020000,51.953369,88.578351
4983,p,0.003780,0.135250,0.019200,69.980225,158.229849
4984,p,0.003780,0.005550,0.019200,35.134277,28.529849
4985,p,0.003780,0.018800,0.022000,55.337891,44.579849
4986,s,0.023128,0.011900,0.019200,64.449219,54.228351
4987,p,0.003780,0.006650,0.018500,82.427002,28.929849
4988,s,0.023128,0.006000,0.019200,17.738281,48.328351
4989,d,0.002385,0.009750,0.022000,25.561035,34.135393
4990,p,0.003780,0.022650,0.018500,43.754150,44.929849
4991,d,0.002385,0.017450,0.018500,53.054199,38.335393
4996,p,0.003780,0.005850,0.022000,20.665283,31.629849
4997,p,0.003780,0.004450,0.022000,40.967773,30.229849
4998,p,0.003780,0.070650,0.022000,61.331543,96.429849
4999,d,0.002385,0.005850,0.020000,71.032471,28.235393
4992,p,0.003780,0.004750,0.021500,34.004395,30.029849
4993,p,0.003780,0.012250,0.021500,54.282227,37.529849
4994,s,0.023128,0.093850,0.022000,63.626221,138.978351
4995,p,0.003780,0.004600,0.021500,82.524902,29.879849
5000,p,0.003780,0.004850,0.022000,35.427490,30.629849
5001,d,0.002385,0.015600,0.022000,44.764404,39.985393
5002,s,0.023128,0.029450,0.022000,51.529541,74.578351
5003,s,0.023128,0.119700,0.018500,58.187744,161.328351
5004,p,0.003780,0.008950,0.021500,32.731934,34.229849
5005,p,0.003780,0.009200,0.022000,54.908936,34.979849
5006,d,0.002385,0.023500,0.019200,64.811035,45.085393
5007,s,0.023128,0.153000,0.022000,71.996582,198.128351
5012,d,0.002385,0.004500,0.021500,9.591064,28.385393
5013,d,0.002385,0.015500,0.018500,16.748535,36.385393
5014,s,0.023128,0.059500,0.021500,23.518311,104.128351
5015,p,0.003780,0.029550,0.018500,41.753418,51.829849
5008,p,0.003780,0.007300,0.020000,44.491455,31.079849
5009,d,0.002385,0.024250,0.020000,53.822510,46.635393
5010,d,0.002385,0.036450,0.018500,60.856445,57.335393
5011,p,0.003780,0.117350,0.019200,79.263428,140.329849
5016,d,0.002385,0.004550,0.018500,23.868164,25.435393
5017,p,0.003780,0.013900,0.022000,42.711182,39.679849
5018,s,0.023128,0.084500,0.020000,51.688477,127.628351
5019,s,0.023128,0.008450,0.019200,58.461182,50.778351
5020,s,0.023128,0.005550,0.022000,8.942871,50.678351
5021,p,0.003780,0.009300,0.018500,27.264648,31.579849
5022,s,0.023128,0.058350,0.020000,36.318115,101.478351
5023,s,0.023128,0.069200,0.022000,43.074951,114.328351
5024,d,0.002385,0.006750,0.019200,9.649170,28.335393
5025,d,0.002385,0.035550,0.018500,17.438477,56.435393
5026,s,0.023128,0.037700,0.018500,25.194336,79.328351
5027,p,0.003780,0.016800,0.018500,44.875000,39.079849
5028,p,0.003780,0.007900,0.019200,35.903076,30.879849
5029,d,0.002385,0.011500,0.019200,45.233643,33.085393
5030,s,0.023128,0.023050,0.020000,52.090576,66.178351
5031,s,0.023128,0.079300,0.021500,58.903809,123.928351
5036,s,0.023128,0.005800,0.019200,9.548340,48.128351
5037,d,0.002385,0.023650,0.022000,16.614502,48.035393
5038,s,0.023128,0.059300,0.018500,23.641357,100.928351
5039,p,0.003780,0.153000,0.020000,41.860107,176.779849
5032,d,0.002385,0.005600,0.021500,23.462158,29.485393
5033,d,0.002385,0.007650,0.020000,31.240723,30.035393
5034,p,0.003780,0.018950,0.019200,49.988037,41.929849
5035,d,0.002385,0.009450,0.019200,60.199707,31.035393
5040,p,0.003780,0.006500,0.018500,35.266357,28.779849
5041,s,0.023128,0.013900,0.022000,44.342773,59.028351
5042,d,0.002385,0.091550,0.018500,51.786621,112.435393
5043,p,0.003780,0.140250,0.022000,70.238770,166.029849
5044,s,0.023128,0.004900,0.020000,22.445312,48.028351
5045,p,0.003780,0.013250,0.019200,41.875244,36.229849
5046,p,0.003780,0.059300,0.019200,62.229492,82.279849
5047,p,0.003780,0.140250,0.019200,82.934082,163.229849
5048,s,0.023128,0.004450,0.019200,8.959961,46.778351
5049,s,0.023128,0.010000,0.020000,15.753662,53.128351
5050,s,0.023128,0.014500,0.018500,22.555176,56.128351
5051,p,0.003780,0.024950,0.020000,40.851562,48.729849
5056,p,0.003780,0.010150,0.019200,35.384521,33.129849
5057,s,0.023128,0.006150,0.022000,44.656250,51.278351
5058,s,0.023128,0.022950,0.022000,51.425293,68.078351
5059,p,0.003780,0.080200,0.022000,69.503906,105.979849
5052,s,0.023128,0.007100,0.020000,22.387939,50.228351
5053,s,0.023128,0.007500,0.019200,30.108154,49.828351
5054,d,0.002385,0.045450,0.021500,37.203125,69.335393
5055,p,0.003780,0.086550,0.019200,55.366455,109.529849
5060,d,0.002385,0.003950,0.022000,11.703857,28.335393
5061,s,0.023128,0.009050,0.019200,19.666016,51.378351
5062,s,0.023128,0.013650,0.018500,27.120850,55.278351
5063,p,0.003780,0.118250,0.021500,46.517090,143.529849
5068,p,0.003780,0.004850,0.019200,22.363037,27.829849
5069,d,0.002385,0.011400,0.019200,33.269287,32.985393
5070,d,0.002385,0.054350,0.021500,41.010010,78.235393
5071,s,0.023128,0.076450,0.022000,48.429199,121.578351
5064,d,0.002385,0.003800,0.020000,23.684082,26.185393
5065,s,0.023128,0.014350,0.018500,31.143555,55.978351
5066,s,0.023128,0.043350,0.020000,38.266846,86.478351
5067,s,0.023128,0.063250,0.022000,45.256836,108.378351
5072,s,0.023128,0.005000,0.020000,23.309814,48.128351
5073,s,0.023128,0.008700,0.021500,30.811523,53.328351
5074,p,0.003780,0.011100,0.019200,49.007080,34.079849
5075,s,0.023128,0.032150,0.019200,58.129150,74.478351
5076,d,0.002385,0.006700,0.020000,9.807617,29.085393
5077,p,0.003780,0.011000,0.020000,32.098633,34.779849
5078,p,0.003780,0.034350,0.020000,57.124268,58.129849
5079,d,0.002385,0.009200,0.022000,67.948730,33.585393
5080,s,0.023128,0.006150,0.021500,23.391846,50.778351
5081,p,0.003780,0.003700,0.022000,44.093750,29.479849
5082,d,0.002385,0.023050,0.022000,54.456299,47.435393
5083,p,0.003780,0.051400,0.020000,73.614014,75.179849
5088,s,0.023128,0.004200,0.019200,23.294922,46.528351
5089,s,0.023128,0.011550,0.019200,31.145264,53.878351
5090,d,0.002385,0.082300,0.021500,38.331787,106.185393
5091,d,0.002385,0.051150,0.021500,45.552979,75.035393
5084,p,0.003780,0.004100,0.022000,35.395508,29.879849
5085,p,0.003780,0.009850,0.021500,55.731934,35.129849
5086,s,0.023128,0.048150,0.018500,64.979980,89.778351
5087,s,0.023128,0.009200,0.018500,71.984619,50.828351
5092,p,0.003780,0.005450,0.019200,35.333252,28.429849
5093,p,0.003780,0.013350,0.018500,55.953613,35.629849
5094,d,0.002385,0.118100,0.018500,65.402344,138.985393
5095,s,0.023128,0.007200,0.022000,72.230469,52.328351
5100,s,0.023128,0.005500,0.021500,23.132324,50.128351
5101,p,0.003780,0.007700,0.019200,42.108643,30.679849
5102,d,0.002385,0.114600,0.019200,51.339111,136.185393
5103,p,0.003780,0.107950,0.018500,70.356201,130.229849
5096,p,0.003780,0.005700,0.022000,35.062500,31.479849
5097,d,0.002385,0.014300,0.020000,44.448242,36.685393
5098,s,0.023128,0.011950,0.020000,51.299805,55.078351
5099,s,0.023128,0.009400,0.018500,58.006348,51.028351
5104,s,0.023128,0.004250,0.018500,9.299072,45.878351
5105,s,0.023128,0.019150,0.018500,16.056885,60.778351
5106,s,0.023128,0.099800,0.019200,22.836182,142.128351
5107,p,0.003780,0.059800,0.020000,41.042725,83.579849
5108,d,0.002385,0.005950,0.018500,23.788086,26.835393
5109,p,0.003780,0.042450,0.022000,42.619629,68.229849
5110,d,0.002385,0.052150,0.022000,51.905273,76.535393
5111,d,0.002385,0.004400,0.022000,59.015381,28.785393
5112,d,0.002385,0.005800,0.021500,18.132080,29.685393
5113,d,0.002385,0.012300,0.020000,25.414551,34.685393
5114,d,0.002385,0.044800,0.019200,32.593750,66.385393
5115,p,0.003780,0.127700,0.022000,50.862793,153.479849
5116,d,0.002385,0.004850,0.021500,9.787842,28.735393
5117,p,0.003780,0.090350,0.020000,30.381592,114.129849
5118,p,0.003780,0.071250,0.019200,52.144043,94.229849
5119,s,0.023128,0.006050,0.019200,61.693115,48.378351
5120,p,0.003780,0.005150,0.021500,35.133301,30.429849
5121,s,0.023128,0.013700,0.019200,44.305664,56.028351
5122,s,0.023128,0.054650,0.019200,51.046387,96.978351
5123,s,0.023128,0.103800,0.022000,57.831787,148.928351
5124,d,0.002385,0.005450,0.022000,20.509521,29.835393
5125,s,0.023128,0.042450,0.019200,28.124023,84.778351
5126,p,0.003780,0.035500,0.020000,46.348389,59.279849
5127,s,0.023128,0.112250,0.020000,55.483154,155.378351
5132,p,0.003780,0.004100,0.019200,35.323730,27.079849
5133,d,0.002385,0.005900,0.022000,44.639648,30.285393
5134,d,0.002385,0.043500,0.020000,51.727295,65.885393
5135,s,0.023128,0.085750,0.019200,58.578857,128.078351
5128,s,0.023128,0.005600,0.018500,24.405273,47.228351
5129,p,0.003780,0.007500,0.019200,42.641846,30.479849
5130,s,0.023128,0.038150,0.020000,51.690918,81.278351
5131,p,0.003780,0.056700,0.022000,69.707520,82.479849
5140,p,0.003780,0.004400,0.019200,20.789551,27.379849
5141,d,0.002385,0.021150,0.018500,30.254639,42.035393
5142,p,0.003780,0.030100,0.020000,48.658447,53.879849
5143,p,0.003780,0.006550,0.021500,68.930664,31.829849
5136,p,0.003780,0.005150,0.022000,35.398193,30.929849
5137,s,0.023128,0.025850,0.018500,45.989014,67.478351
5138,s,0.023128,0.046300,0.022000,53.013428,91.428351
5139,p,0.003780,0.040200,0.018500,71.212646,62.479849
5148,p,0.003780,0.006300,0.018500,20.667480,28.579849
5149,s,0.023128,0.014700,0.020000,29.816650,57.828351
5150,s,0.023128,0.051250,0.018500,36.643066,92.878351
5151,s,0.023128,0.045950,0.018500,43.525391,87.578351
5144,d,0.002385,0.004750,0.021500,23.673340,28.635393
5145,s,0.023128,0.042450,0.022000,31.185791,87.578351
5146,p,0.003780,0.038750,0.021500,49.358643,64.029849
5147,s,0.023128,0.005200,0.020000,58.483643,48.328351
5152,d,0.002385,0.004900,0.019200,16.898682,26.485393
5153,p,0.003780,0.012700,0.018500,35.678955,34.979849
5154,s,0.023128,0.075200,0.018500,44.706055,116.828351
5155,d,0.002385,0.006350,0.019200,52.378174,27.935393
5156,d,0.002385,0.005150,0.019200,23.704590,26.735393
5157,d,0.002385,0.015050,0.021500,31.366211,38.935393
5158,p,0.003780,0.008550,0.021500,49.552734,33.829849
5159,s,0.023128,0.004550,0.022000,58.669922,49.678351
5160,p,0.003780,0.014100,0.018500,21.541748,36.379849
5161,s,0.023128,0.012800,0.020000,30.775879,55.928351
5162,s,0.023128,0.041900,0.018500,37.527344,83.528351
5163,d,0.002385,0.016400,0.019200,44.874512,37.985393
5164,p,0.003780,0.004450,0.019200,34.823975,27.429849
5165,d,0.002385,0.012400,0.020000,44.229248,34.785393
5166,d,0.002385,0.051300,0.022000,51.334229,75.685393
5167,p,0.003780,0.100800,0.022000,70.053711,126.579849
5168,d,0.002385,0.004400,0.019200,23.806641,25.985393
5169,s,0.023128,0.015600,0.019200,31.327637,57.928351
5170,s,0.023128,0.007950,0.020000,38.084961,51.078351
5171,p,0.003780,0.027450,0.019200,56.252197,50.429849
5172,p,0.003780,0.010150,0.022000,17.894531,35.929849
5173,s,0.023128,0.012000,0.019200,27.033936,54.328351
5174,p,0.003780,0.012450,0.021500,45.065430,37.729849
5175,p,0.003780,0.153000,0.018500,65.896240,175.279849
5176,d,0.002385,0.004300,0.018500,8.988281,25.185393
5177,p,0.003780,0.016050,0.022000,28.485352,41.829849
5178,s,0.023128,0.017900,0.019200,38.076172,60.228351
5179,d,0.002385,0.004450,0.022000,45.393799,28.835393
5180,p,0.003780,0.005000,0.018500,22.225830,27.279849
5181,d,0.002385,0.070050,0.018500,31.639648,90.935393
5182,d,0.002385,0.029450,0.022000,38.705322,53.835393
5183,s,0.023128,0.143100,0.021500,45.552246,187.728351
5184,p,0.003780,0.004400,0.021500,35.645508,29.679849
5185,d,0.002385,0.006800,0.018500,45.090820,27.685393
5186,p,0.003780,0.041900,0.021500,63.215088,67.179849
5187,s,0.023128,0.007200,0.020000,72.479980,50.328351
5188,p,0.003780,0.005000,0.020000,20.924561,28.779849
5189,s,0.023128,0.015650,0.018500,30.047363,57.278351
5190,p,0.003780,0.064450,0.021500,48.694580,89.729849
5191,p,0.003780,0.004500,0.021500,71.312012,29.779849
5192,d,0.002385,0.003700,0.022000,24.112549,28.085393
5193,s,0.023128,0.018800,0.018500,31.624023,60.428351
5194,d,0.002385,0.023650,0.022000,38.628906,48.035393
5195,s,0.023128,0.037900,0.022000,45.472168,83.028351
5196,d,0.002385,0.004750,0.022000,23.596191,29.135393
5197,s,0.023128,0.020800,0.021500,31.162598,65.428351
5198,s,0.023128,0.016800,0.022000,37.859863,61.928351
5199,s,0.023128,0.128600,0.020000,44.562500,171.728351
5200,s,0.023128,0.007350,0.020000,9.615234,50.478351
5201,p,0.003780,0.032400,0.018500,27.980713,54.679849
5202,s,0.023128,0.019700,0.020000,37.107422,62.828351
5203,s,0.023128,0.086950,0.018500,43.877930,128.578351
5204,p,0.003780,0.003950,0.018500,35.118164,26.229849
5205,p,0.003780,0.017450,0.020000,55.390869,41.229849
5206,d,0.002385,0.075200,0.018500,64.828857,96.085393
5207,d,0.002385,0.012000,0.022000,72.337646,36.385393
5208,p,0.003780,0.006450,0.022000,20.923096,32.229849
5209,d,0.002385,0.028250,0.021500,30.355225,52.135393
5210,d,0.002385,0.107650,0.019200,37.500244,129.235393
5211,s,0.023128,0.039250,0.021500,44.331543,83.878351
5212,p,0.003780,0.004350,0.021500,29.040527,29.629849
5213,d,0.002385,0.003700,0.018500,38.519775,24.585393
5214,d,0.002385,0.070250,0.021500,45.631348,94.135393
5215,s,0.023128,0.091750,0.020000,52.450928,134.878351
5216,p,0.003780,0.005050,0.018500,35.610107,27.329849
5217,d,0.002385,0.006200,0.019200,44.995850,27.785393
5218,s,0.023128,0.100850,0.021500,51.746582,145.478351
5219,s,0.023128,0.052350,0.019200,58.501465,94.678351
5220,d,0.002385,0.004400,0.022000,23.668701,28.785393
5221,d,0.002385,0.007550,0.020000,31.503906,29.935393
5222,p,0.003780,0.064450,0.020000,49.706543,88.229849
5223,p,0.003780,0.005400,0.022000,70.023926,31.179849
5224,s,0.023128,0.012000,0.020000,9.443115,55.128351
5225,s,0.023128,0.023550,0.019200,17.007080,65.878351
5226,p,0.003780,0.020600,0.018500,36.423584,42.879849
5227,p,0.003780,0.105950,0.018500,57.792236,128.229849
5228,d,0.002385,0.004700,0.020000,23.726807,27.085393
5229,d,0.002385,0.015350,0.022000,31.572266,39.735393
5230,s,0.023128,0.057800,0.022000,38.419434,102.928351
5231,s,0.023128,0.129600,0.021500,45.254150,174.228351
5236,p,0.003780,0.006700,0.020000,35.253418,30.479849
5237,s,0.023128,0.011400,0.022000,44.386230,56.528351
5238,s,0.023128,0.071250,0.021500,51.146973,115.878351
5239,d,0.002385,0.138300,0.019200,58.298096,159.885393
5232,p,0.003780,0.004950,0.021500,35.270752,30.229849
5233,s,0.023128,0.007000,0.021500,44.374756,51.628351
5234,d,0.002385,0.071000,0.019200,51.651367,92.585393
5235,d,0.002385,0.086450,0.019200,58.757324,108.035393
5240,s,0.023128,0.007050,0.019200,8.473145,49.378351
5241,d,0.002385,0.014900,0.018500,17.723633,35.785393
5242,s,0.023128,0.041800,0.020000,25.283691,84.928351
5243,s,0.023128,0.117300,0.021500,32.559326,161.928351
5244,s,0.023128,0.006750,0.021500,23.220947,51.378351
5245,s,0.023128,0.007100,0.020000,30.824707,50.228351
5246,d,0.002385,0.018200,0.019200,38.330566,39.785393
5247,d,0.002385,0.027050,0.022000,45.762207,51.435393
5256,s,0.023128,0.004150,0.018500,17.038330,45.778351
5257,p,0.003780,0.008750,0.022000,36.007812,34.529849
5258,s,0.023128,0.034250,0.022000,45.037109,79.378351
5259,p,0.003780,0.057100,0.022000,63.098633,82.879849
5248,p,0.003780,0.012050,0.019200,35.146484,35.029849
5249,d,0.002385,0.010500,0.021500,44.497070,34.385393
5250,p,0.003780,0.057850,0.018500,62.716797,80.129849
5251,d,0.002385,0.056750,0.022000,72.266846,81.135393
5252,p,0.003780,0.005850,0.018500,35.439941,28.129849
5253,p,0.003780,0.009750,0.022000,56.479492,35.529849
5254,s,0.023128,0.051250,0.020000,66.616943,94.378351
5255,d,0.002385,0.005100,0.021500,74.491699,28.985393
5260,p,0.003780,0.004950,0.018500,21.685303,27.229849
5261,p,0.003780,0.009850,0.020000,44.451172,33.629849
5262,s,0.023128,0.071450,0.019200,54.266113,113.778351
5263,p,0.003780,0.005100,0.020000,73.185791,28.879849
5264,p,0.003780,0.004550,0.020000,35.620850,28.329849
5265,p,0.003780,0.024650,0.022000,55.997803,50.429849
5266,s,0.023128,0.026650,0.022000,65.088135,71.778351
5267,s,0.023128,0.005150,0.021500,71.822510,49.778351
5272,d,0.002385,0.005200,0.020000,23.901367,27.585393
5273,s,0.023128,0.016200,0.018500,31.351807,57.828351
5274,d,0.002385,0.026750,0.021500,38.671387,50.635393
5275,s,0.023128,0.026000,0.021500,46.047119,70.628351
5268,s,0.023128,0.009550,0.021500,21.846680,54.178351
5269,d,0.002385,0.011200,0.018500,29.636963,32.085393
5270,p,0.003780,0.090300,0.021500,47.926758,115.579849
5271,d,0.002385,0.088200,0.018500,57.259766,109.085393
5276,d,0.002385,0.004950,0.018500,10.117188,25.835393
5277,p,0.003780,0.007250,0.018500,28.509521,29.529849
5278,d,0.002385,0.025500,0.018500,37.852783,46.385393
5279,s,0.023128,0.009750,0.019200,44.723633,52.078351
5280,d,0.002385,0.004450,0.022000,23.667969,28.835393
5281,s,0.023128,0.016000,0.019200,31.334473,58.328351
5282,s,0.023128,0.019050,0.020000,38.055420,62.178351
5283,p,0.003780,0.143100,0.019200,56.259766,166.079849
5284,p,0.003780,0.005350,0.021500,20.762451,30.629849
5285,d,0.002385,0.017500,0.018500,30.110840,38.385393
5286,p,0.003780,0.071800,0.018500,48.296875,94.079849
5287,s,0.023128,0.003800,0.021500,57.325439,48.428351
5288,s,0.023128,0.005550,0.021500,16.299805,50.178351
5289,d,0.002385,0.029600,0.019200,24.250488,51.185393
5290,p,0.003780,0.035150,0.022000,43.816162,60.929849
5291,d,0.002385,0.040900,0.018500,53.864502,61.785393
5292,p,0.003780,0.005000,0.018500,34.946777,27.279849
5293,s,0.023128,0.007000,0.022000,44.089600,52.128351
5294,s,0.023128,0.043950,0.018500,51.035156,85.578351
5295,p,0.003780,0.112700,0.020000,69.022705,136.479849
5296,p,0.003780,0.006050,0.019200,23.110840,29.029849
5297,p,0.003780,0.010100,0.020000,43.549561,33.879849
5298,d,0.002385,0.117350,0.020000,52.820801,139.735393
5299,s,0.023128,0.004450,0.018500,59.570801,46.078351
5300,d,0.002385,0.005400,0.022000,9.249023,29.785393
5301,d,0.002385,0.005850,0.020000,17.423096,28.235393
5302,p,0.003780,0.059850,0.022000,36.762695,85.629849
5303,s,0.023128,0.004400,0.018500,45.976562,46.028351
5304,d,0.002385,0.005700,0.018500,23.759033,26.585393
5305,d,0.002385,0.008250,0.022000,31.430176,32.635393
5306,p,0.003780,0.027500,0.022000,49.647705,53.279849
5307,p,0.003780,0.003900,0.019200,70.208496,26.879849
5308,d,0.002385,0.004250,0.020000,21.967285,26.635393
5309,p,0.003780,0.011550,0.020000,40.792236,35.329849
5310,p,0.003780,0.098650,0.020000,61.330078,122.429849
5311,d,0.002385,0.005750,0.018500,70.919189,26.635393
5312,d,0.002385,0.004150,0.018500,9.887207,25.035393
5313,p,0.003780,0.008950,0.018500,27.989014,31.229849
5314,p,0.003780,0.050300,0.021500,48.175293,75.579849
5315,s,0.023128,0.004500,0.021500,58.909180,49.128351
5320,d,0.002385,0.005400,0.018500,8.541504,26.285393
5321,s,0.023128,0.016400,0.018500,16.206787,58.028351
5322,s,0.023128,0.045800,0.019200,23.870605,88.128351
5323,p,0.003780,0.052350,0.020000,43.099365,76.129849
5324,s,0.023128,0.004350,0.018500,23.437988,45.978351
5325,p,0.003780,0.016950,0.021500,42.676514,42.229849
5326,d,0.002385,0.062850,0.019200,52.123535,84.435393
5327,p,0.003780,0.061800,0.021500,70.306396,87.079849
5316,d,0.002385,0.004050,0.020000,23.941406,26.435393
5317,d,0.002385,0.010900,0.018500,31.791748,31.785393
5318,d,0.002385,0.046150,0.022000,38.858887,70.535393
5319,d,0.002385,0.137200,0.018500,46.079346,158.085393
5328,d,0.002385,0.004050,0.019200,23.047363,25.635393
5329,p,0.003780,0.026400,0.022000,41.733154,52.179849
5330,s,0.023128,0.053150,0.020000,50.720703,96.278351
5331,p,0.003780,0.004350,0.019200,68.594482,27.329849
5332,d,0.002385,0.005000,0.021500,23.989746,28.885393
5333,p,0.003780,0.035350,0.020000,42.787842,59.129849
5334,d,0.002385,0.074650,0.019200,52.087646,96.235393
5335,s,0.023128,0.005400,0.021500,58.978516,50.028351
5336,d,0.002385,0.004850,0.021500,23.665527,28.735393
5337,s,0.023128,0.008650,0.021500,31.220215,53.278351
5338,d,0.002385,0.081850,0.021500,38.259277,105.735393
5339,s,0.023128,0.044750,0.018500,45.054932,86.378351
5340,s,0.023128,0.005400,0.018500,22.991211,47.028351
5341,s,0.023128,0.007150,0.019200,30.669678,49.478351
5342,s,0.023128,0.109850,0.018500,37.406250,151.478351
5343,d,0.002385,0.022850,0.019200,44.582031,44.435393
5344,s,0.023128,0.005000,0.019200,18.918213,47.328351
5345,s,0.023128,0.007650,0.020000,27.344971,50.778351
5346,d,0.002385,0.026150,0.021500,35.200684,50.035393
5347,d,0.002385,0.056400,0.020000,43.309570,78.785393
5348,s,0.023128,0.004800,0.021500,21.737793,49.428351
5349,p,0.003780,0.013100,0.022000,49.915283,38.879849
5350,s,0.023128,0.061700,0.022000,58.989258,106.828351
5351,d,0.002385,0.026750,0.018500,66.143311,47.635393
5352,p,0.003780,0.004500,0.019200,34.799561,27.479849
5353,p,0.003780,0.008400,0.018500,55.076416,30.679849
5354,d,0.002385,0.062850,0.021500,64.445557,86.735393
5355,p,0.003780,0.005850,0.022000,83.383789,31.629849
5360,s,0.023128,0.006400,0.019200,23.357178,48.728351
5361,p,0.003780,0.013650,0.018500,43.381836,35.929849
5362,p,0.003780,0.081450,0.018500,65.407715,103.729849
5363,s,0.023128,0.037150,0.020000,75.346191,80.278351
5356,p,0.003780,0.004700,0.018500,35.440430,26.979849
5357,d,0.002385,0.017350,0.022000,44.904297,41.735393
5358,d,0.002385,0.109000,0.021500,52.047852,132.885393
5359,p,0.003780,0.014900,0.020000,70.360352,38.679849
5364,s,0.023128,0.005750,0.022000,9.461670,50.878351
5365,p,0.003780,0.012100,0.021500,30.591553,37.379849
5366,d,0.002385,0.059300,0.022000,41.385498,83.685393
5367,d,0.002385,0.018750,0.021500,49.507324,42.635393
5368,s,0.023128,0.004700,0.019200,23.296143,47.028351
5369,p,0.003780,0.016350,0.019200,42.573975,39.329849
5370,p,0.003780,0.043250,0.022000,63.101807,69.029849
5371,s,0.023128,0.018600,0.018500,72.116699,60.228351
5384,d,0.002385,0.007350,0.020000,27.175781,29.735393
5385,d,0.002385,0.013550,0.020000,35.744141,35.935393
5386,s,0.023128,0.057550,0.021500,42.561279,102.178351
5387,p,0.003780,0.096500,0.021500,60.727783,121.779849
5372,p,0.003780,0.006350,0.019200,29.361328,29.329849
5373,p,0.003780,0.007500,0.018500,50.030273,29.779849
5374,p,0.003780,0.036550,0.020000,70.944092,60.329849
5375,d,0.002385,0.004650,0.021500,80.420166,28.535393
5376,d,0.002385,0.003400,0.021500,23.137939,27.285393
5377,d,0.002385,0.024650,0.022000,30.875732,49.035393
5378,s,0.023128,0.018050,0.018500,37.732910,59.678351
5379,p,0.003780,0.079500,0.018500,55.876709,101.779849
5380,s,0.023128,0.004850,0.018500,23.030518,46.478351
5381,s,0.023128,0.014350,0.019200,30.765137,56.678351
5382,s,0.023128,0.027900,0.022000,37.464844,73.028351
5383,s,0.023128,0.106800,0.022000,44.725830,151.928351
5388,s,0.023128,0.004300,0.020000,9.331055,47.428351
5389,d,0.002385,0.013900,0.018500,16.390625,34.785393
5390,s,0.023128,0.081250,0.022000,23.177734,126.378351
5391,d,0.002385,0.128600,0.019200,30.255859,150.185393
5392,s,0.023128,0.004650,0.020000,10.654541,47.778351
5393,s,0.023128,0.012100,0.022000,18.704102,57.228351
5394,s,0.023128,0.084000,0.022000,26.283936,129.128351
5395,d,0.002385,0.080250,0.020000,33.992188,102.635393
5396,d,0.002385,0.005300,0.020000,17.749756,27.685393
5397,p,0.003780,0.014750,0.020000,44.551514,38.529849
5398,p,0.003780,0.004900,0.020000,64.780273,28.679849
5399,s,0.023128,0.018950,0.018500,73.980225,60.578351
5400,p,0.003780,0.004700,0.022000,36.159424,30.479849
5401,d,0.002385,0.012950,0.020000,45.787109,35.335393
5402,d,0.002385,0.023050,0.020000,52.904297,45.435393
5403,d,0.002385,0.026000,0.019200,60.120605,47.585393
5404,p,0.003780,0.004600,0.021500,27.587646,29.879849
5405,s,0.023128,0.006800,0.019200,37.213379,49.128351
5406,d,0.002385,0.035400,0.020000,44.737793,57.785393
5407,s,0.023128,0.162000,0.022000,51.866455,207.128351
5408,s,0.023128,0.011800,0.018500,23.393066,53.428351
5409,d,0.002385,0.017100,0.019200,31.855469,38.685393
5410,s,0.023128,0.010800,0.020000,38.725586,53.928351
5411,s,0.023128,0.127850,0.022000,45.498779,172.978351
5412,p,0.003780,0.004950,0.020000,20.764160,28.729849
5413,s,0.023128,0.016000,0.020000,30.033691,59.128351
5414,p,0.003780,0.064400,0.018500,49.175293,86.679849
5415,d,0.002385,0.005150,0.019200,59.712646,26.735393
5416,s,0.023128,0.009550,0.020000,23.345459,52.678351
5417,s,0.023128,0.012100,0.020000,30.991699,55.228351
5418,s,0.023128,0.022500,0.018500,37.747803,64.128351
5419,s,0.023128,0.041850,0.021500,44.487305,86.478351
5424,p,0.003780,0.005000,0.021500,35.279785,30.279849
5425,p,0.003780,0.008750,0.020000,55.616211,32.529849
5426,d,0.002385,0.030050,0.020000,65.038330,52.435393
5427,s,0.023128,0.005250,0.020000,72.015137,48.378351
5420,s,0.023128,0.005250,0.022000,23.024414,50.378351
5421,s,0.023128,0.018250,0.018500,30.677979,59.878351
5422,s,0.023128,0.057350,0.020000,37.411865,100.478351
5423,d,0.002385,0.053700,0.022000,44.463623,78.085393
5428,p,0.003780,0.008950,0.021500,34.532471,34.229849
5429,d,0.002385,0.010350,0.022000,44.027344,34.735393
5430,d,0.002385,0.033950,0.020000,51.129883,56.335393
5431,d,0.002385,0.053100,0.020000,58.224365,75.485393
5432,p,0.003780,0.014300,0.022000,35.125732,40.079849
5433,p,0.003780,0.010050,0.018500,55.449219,32.329849
5434,p,0.003780,0.061150,0.020000,75.854736,84.929849
5435,p,0.003780,0.004550,0.019200,97.149170,27.529849
5436,d,0.002385,0.005400,0.020000,9.318604,27.785393
5437,s,0.023128,0.016350,0.020000,16.161377,59.478351
5438,d,0.002385,0.081850,0.019200,23.122559,103.435393
5439,s,0.023128,0.043500,0.021500,29.887695,88.128351
5440,s,0.023128,0.004650,0.021500,22.732910,49.278351
5441,d,0.002385,0.022800,0.020000,30.682861,45.185393
5442,p,0.003780,0.017900,0.021500,48.934814,43.179849
5443,d,0.002385,0.053750,0.019200,58.193604,75.335393
5444,p,0.003780,0.007300,0.021500,35.278564,32.579849
5445,s,0.023128,0.018300,0.020000,44.294678,61.428351
5446,p,0.003780,0.022500,0.019200,62.299072,45.479849
5447,s,0.023128,0.053250,0.019200,71.359619,95.578351
5448,p,0.003780,0.005450,0.018500,34.095215,27.729849
5449,d,0.002385,0.014300,0.020000,43.679199,36.685393
5450,s,0.023128,0.022950,0.022000,50.783447,68.078351
5451,p,0.003780,0.109500,0.022000,68.812500,135.279849
5452,s,0.023128,0.004750,0.022000,25.098389,49.878351
5453,d,0.002385,0.010000,0.018500,33.551758,30.885393
5454,s,0.023128,0.047250,0.019200,40.332275,89.578351
5455,d,0.002385,0.102650,0.018500,47.381348,123.535393
5456,p,0.003780,0.007550,0.019200,32.295410,30.529849
5457,s,0.023128,0.011400,0.020000,42.507080,54.528351
5458,d,0.002385,0.045800,0.018500,50.577881,66.685393
5459,s,0.023128,0.112150,0.022000,58.582520,157.278351
5460,p,0.003780,0.004600,0.020000,35.296143,28.379849
5461,s,0.023128,0.008200,0.021500,46.328369,52.828351
5462,p,0.003780,0.020950,0.020000,65.949707,44.729849
5463,s,0.023128,0.005150,0.022000,75.596191,50.278351
5464,d,0.002385,0.004950,0.020000,23.191162,27.335393
5465,s,0.023128,0.010300,0.019200,30.564697,52.628351
5466,d,0.002385,0.028200,0.021500,37.554199,52.085393
5467,p,0.003780,0.053250,0.019200,55.784668,76.229849
5468,p,0.003780,0.005600,0.018500,35.614502,27.879849
5469,p,0.003780,0.009550,0.022000,55.729248,35.329849
5470,s,0.023128,0.090650,0.019200,64.738770,132.978351
5471,d,0.002385,0.004850,0.019200,71.789062,26.435393
5472,s,0.023128,0.004550,0.018500,9.694336,46.178351
5473,p,0.003780,0.015150,0.018500,28.937500,37.429849
5474,p,0.003780,0.017800,0.021500,50.058350,43.079849
5475,p,0.003780,0.131100,0.021500,70.601807,156.379849
5476,p,0.003780,0.005950,0.019200,35.097900,28.929849
5477,p,0.003780,0.008250,0.020000,55.348389,32.029849
5478,s,0.023128,0.024100,0.018500,64.422852,65.728351
5479,p,0.003780,0.009050,0.020000,82.366455,32.829849
5480,p,0.003780,0.009450,0.020000,35.338623,33.229849
5481,s,0.023128,0.031850,0.021500,44.416992,76.478351
5482,s,0.023128,0.048950,0.019200,51.218018,91.278351
5483,p,0.003780,0.098200,0.021500,69.619629,123.479849
5484,s,0.023128,0.004750,0.022000,22.958740,49.878351
5485,s,0.023128,0.017750,0.022000,30.781250,62.878351
5486,p,0.003780,0.096150,0.022000,49.165039,121.929849
5487,p,0.003780,0.068100,0.021500,69.500977,93.379849
5492,s,0.023128,0.004800,0.018500,9.329102,46.428351
5493,s,0.023128,0.014150,0.022000,16.161133,59.278351
5494,s,0.023128,0.018950,0.018500,22.958008,60.578351
5495,d,0.002385,0.080850,0.019200,30.079102,102.435393
5488,d,0.002385,0.004150,0.018500,23.584961,25.035393
5489,d,0.002385,0.006200,0.020000,31.537109,28.585393
5490,s,0.023128,0.111100,0.019200,38.317871,153.428351
5491,s,0.023128,0.029100,0.019200,45.103516,71.428351
5496,d,0.002385,0.005300,0.021500,23.649170,29.185393
5497,d,0.002385,0.014200,0.019200,31.402100,35.785393
5498,s,0.023128,0.036550,0.022000,38.195068,81.678351
5499,p,0.003780,0.140250,0.021500,56.281250,165.529849
5500,d,0.002385,0.005200,0.020000,23.483643,27.585393
5501,d,0.002385,0.012450,0.019200,31.184326,34.035393
5502,p,0.003780,0.104550,0.018500,49.278809,126.829849
5503,d,0.002385,0.010250,0.019200,58.654785,31.835393
5504,d,0.002385,0.004350,0.020000,22.448242,26.735393
5505,d,0.002385,0.027600,0.022000,30.154541,51.985393
5506,d,0.002385,0.013700,0.020000,37.211182,36.085393
5507,s,0.023128,0.029650,0.021500,44.035400,74.278351
5508,d,0.002385,0.004550,0.019200,23.613525,26.135393
5509,d,0.002385,0.021150,0.019200,31.748047,42.735393
5510,p,0.003780,0.111100,0.018500,50.086426,133.379849
5511,p,0.003780,0.005550,0.020000,70.339600,29.329849
5516,d,0.002385,0.004300,0.022000,9.859619,28.685393
5517,p,0.003780,0.018850,0.020000,28.159912,42.629849
5518,d,0.002385,0.038600,0.018500,37.531982,59.485393
5519,d,0.002385,0.005900,0.020000,44.679688,28.285393
5512,p,0.003780,0.005550,0.018500,35.128906,27.829849
5513,d,0.002385,0.012550,0.020000,44.504395,34.935393
5514,p,0.003780,0.054350,0.022000,62.523438,80.129849
5515,s,0.023128,0.005100,0.020000,71.477295,48.228351
5520,d,0.002385,0.003900,0.021500,13.357422,27.785393
5521,d,0.002385,0.004550,0.020000,21.237793,26.935393
5522,s,0.023128,0.128450,0.021500,28.122070,173.078351
5523,p,0.003780,0.015950,0.020000,46.316895,39.729849
5528,d,0.002385,0.004700,0.020000,23.661621,27.085393
5529,s,0.023128,0.010900,0.021500,31.194336,55.528351
5530,p,0.003780,0.009300,0.020000,49.280518,33.079849
5531,p,0.003780,0.004350,0.021500,69.454590,29.629849
5524,s,0.023128,0.004750,0.020000,23.763916,47.878351
5525,p,0.003780,0.033400,0.018500,42.586914,55.679849
5526,s,0.023128,0.012400,0.021500,51.693604,57.028351
5527,s,0.023128,0.104800,0.021500,58.542969,149.428351
5532,p,0.003780,0.005450,0.020000,24.333252,29.229849
5533,d,0.002385,0.013900,0.021500,34.362793,37.785393
5534,s,0.023128,0.043250,0.022000,41.516602,88.378351
5535,s,0.023128,0.038350,0.022000,48.663330,83.478351
5536,s,0.023128,0.004800,0.021500,9.807373,49.428351
5537,d,0.002385,0.014500,0.022000,18.131104,38.885393
5538,p,0.003780,0.021700,0.022000,38.681885,47.479849
5539,p,0.003780,0.121450,0.021500,59.989502,146.729849
5540,d,0.002385,0.006350,0.021500,23.105713,30.235393
5541,d,0.002385,0.058750,0.019200,30.782471,80.335393
5542,s,0.023128,0.027000,0.020000,37.574951,70.128351
5543,s,0.023128,0.123550,0.021500,44.287842,168.178351
5544,d,0.002385,0.004150,0.019200,22.722412,25.735393
5545,s,0.023128,0.005050,0.019200,30.301025,47.378351
5546,s,0.023128,0.107650,0.021500,37.125488,152.278351
5547,d,0.002385,0.046050,0.021500,44.176270,69.935393
5548,p,0.003780,0.005950,0.022000,20.617920,31.729849
5549,s,0.023128,0.008250,0.022000,29.699463,53.378351
5550,s,0.023128,0.050300,0.020000,36.441162,93.428351
5551,s,0.023128,0.096450,0.021500,43.129395,141.078351
5552,s,0.023128,0.005450,0.020000,19.116455,48.578351
5553,d,0.002385,0.035450,0.021500,26.919678,59.335393
5554,p,0.003780,0.090100,0.021500,45.015869,115.379849
5555,d,0.002385,0.076550,0.022000,54.214111,100.935393
5556,p,0.003780,0.011700,0.022000,34.067871,37.479849
5557,p,0.003780,0.012900,0.018500,54.510742,35.179849
5558,p,0.003780,0.063150,0.022000,74.956787,88.929849
5559,s,0.023128,0.008500,0.019200,84.046387,50.828351
5560,s,0.023128,0.006350,0.019200,24.265381,48.678351
5561,s,0.023128,0.021000,0.022000,43.499023,66.128351
5562,s,0.023128,0.025700,0.018500,50.708008,67.328351
5563,p,0.003780,0.072650,0.020000,69.019287,96.429849
5564,d,0.002385,0.005750,0.022000,23.758789,30.135393
5565,s,0.023128,0.007500,0.022000,31.253174,52.628351
5566,p,0.003780,0.128250,0.019200,49.538330,151.229849
5567,p,0.003780,0.029350,0.021500,69.817871,54.629849
5568,p,0.003780,0.008950,0.022000,30.762939,34.729849
5569,d,0.002385,0.017600,0.019200,40.421387,39.185393
5570,s,0.023128,0.030250,0.020000,47.332764,73.378351
5571,d,0.002385,0.054950,0.021500,54.399170,78.835393
5576,p,0.003780,0.006400,0.018500,20.457275,28.679849
5577,p,0.003780,0.006100,0.020000,41.937500,29.879849
5578,s,0.023128,0.035150,0.020000,51.073730,78.278351
5579,p,0.003780,0.004650,0.020000,69.265625,28.429849
5572,p,0.003780,0.004850,0.019200,34.996582,27.829849
5573,p,0.003780,0.042650,0.019200,55.337158,65.629849
5574,p,0.003780,0.080400,0.022000,76.031494,106.179849
5575,s,0.023128,0.004800,0.020000,85.127930,47.928351
5580,d,0.002385,0.016750,0.020000,23.355713,39.135393
5581,p,0.003780,0.014300,0.020000,42.408691,38.079849
5582,s,0.023128,0.011100,0.021500,51.557617,55.728351
5583,s,0.023128,0.096450,0.022000,58.245117,141.578351
5584,p,0.003780,0.006400,0.019200,36.240723,29.379849
5585,s,0.023128,0.018950,0.019200,46.489258,61.278351
5586,d,0.002385,0.043500,0.019200,54.307617,65.085393
5587,s,0.023128,0.018250,0.019200,61.803955,60.578351
5588,d,0.002385,0.016150,0.018500,23.702393,37.035393
5589,s,0.023128,0.013900,0.020000,31.259521,57.028351
5590,d,0.002385,0.084550,0.022000,38.222412,108.935393
5591,p,0.003780,0.044750,0.020000,56.526611,68.529849
5592,p,0.003780,0.003850,0.020000,35.418213,27.629849
5593,d,0.002385,0.013550,0.018500,44.904297,34.435393
5594,p,0.003780,0.099600,0.020000,63.238281,123.379849
5595,d,0.002385,0.005750,0.022000,73.258789,30.135393
5596,d,0.002385,0.003850,0.018500,23.643799,24.735393
5597,d,0.002385,0.012450,0.021500,31.461670,36.335393
5598,p,0.003780,0.092300,0.022000,49.722168,118.079849
5599,d,0.002385,0.004450,0.018500,58.961426,25.335393
5600,d,0.002385,0.004150,0.020000,23.541504,26.535393
5601,s,0.023128,0.007750,0.018500,31.013916,49.378351
5602,d,0.002385,0.050300,0.018500,38.349609,71.185393
5603,p,0.003780,0.080000,0.020000,56.506592,103.779849
5604,p,0.003780,0.006000,0.020000,35.048340,29.779849
5605,s,0.023128,0.012000,0.019200,44.093994,54.328351
5606,d,0.002385,0.054650,0.021500,51.123291,78.535393
5607,p,0.003780,0.044100,0.018500,69.148438,66.379849
5608,p,0.003780,0.005000,0.019200,20.935059,27.979849
5609,s,0.023128,0.009100,0.020000,30.014893,52.228351
5610,s,0.023128,0.086850,0.020000,36.721436,129.978351
5611,s,0.023128,0.040900,0.022000,43.464355,86.028351
5612,p,0.003780,0.007650,0.022000,34.993408,33.429849
5613,d,0.002385,0.019000,0.018500,44.365234,39.885393
5614,s,0.023128,0.046450,0.021500,51.147461,91.078351
5615,s,0.023128,0.046050,0.020000,57.830322,89.178351
5620,d,0.002385,0.004250,0.018500,23.360352,25.135393
5621,s,0.023128,0.012150,0.020000,30.904541,55.278351
5622,d,0.002385,0.059150,0.021500,38.164551,83.035393
5623,p,0.003780,0.027950,0.019200,56.549316,50.929849
5616,p,0.003780,0.004500,0.020000,25.139404,28.279849
5617,d,0.002385,0.010350,0.019200,35.567139,31.935393
5618,s,0.023128,0.008800,0.018500,43.171631,50.428351
5619,d,0.002385,0.085200,0.020000,50.678467,107.585393
5628,s,0.023128,0.004850,0.021500,24.081055,49.478351
5629,s,0.023128,0.014600,0.020000,31.917480,57.728351
5630,p,0.003780,0.099850,0.019200,50.011719,122.829849
5631,d,0.002385,0.103300,0.020000,59.327393,125.685393
5624,p,0.003780,0.004700,0.019200,36.354980,27.679849
5625,d,0.002385,0.018850,0.020000,46.857178,41.235393
5626,p,0.003780,0.041800,0.018500,66.776855,64.079849
5627,p,0.003780,0.005450,0.020000,87.835205,29.229849
5632,p,0.003780,0.004500,0.022000,34.630127,30.279849
5633,p,0.003780,0.034600,0.019200,54.806152,57.579849
5634,s,0.023128,0.019550,0.020000,63.877197,62.678351
5635,d,0.002385,0.005350,0.018500,70.921143,26.235393
5636,s,0.023128,0.005650,0.020000,22.998779,48.778351
5637,p,0.003780,0.007500,0.022000,42.274414,33.279849
5638,d,0.002385,0.026350,0.019200,52.436523,47.935393
5639,d,0.002385,0.048550,0.020000,60.260254,70.935393
5640,p,0.003780,0.005100,0.020000,35.192139,28.879849
5641,s,0.023128,0.025150,0.018500,44.469482,66.778351
5642,s,0.023128,0.038150,0.021500,51.429688,82.778351
5643,p,0.003780,0.027700,0.022000,69.290039,53.479849
5644,p,0.003780,0.004950,0.018500,35.079590,27.229849
5645,d,0.002385,0.015450,0.021500,44.425293,39.335393
5646,d,0.002385,0.020700,0.020000,51.470703,43.085393
5647,p,0.003780,0.059500,0.021500,69.949707,84.779849
5652,d,0.002385,0.005700,0.018500,23.469238,26.585393
5653,s,0.023128,0.008800,0.020000,30.964844,51.928351
5654,s,0.023128,0.081050,0.022000,37.662842,126.178351
5655,p,0.003780,0.123550,0.022000,56.187256,149.329849
5648,d,0.002385,0.004550,0.022000,10.111328,28.935393
5649,d,0.002385,0.015250,0.021500,19.004395,39.135393
5650,d,0.002385,0.070150,0.019200,26.783203,91.735393
5651,s,0.023128,0.027050,0.018500,34.164551,68.678351
5656,s,0.023128,0.004850,0.021500,22.965576,49.478351
5657,p,0.003780,0.038150,0.020000,42.250000,61.929849
5658,p,0.003780,0.105250,0.021500,62.532227,130.529849
5659,d,0.002385,0.065350,0.020000,71.854492,87.735393
5660,s,0.023128,0.004900,0.021500,9.685791,49.528351
5661,d,0.002385,0.015450,0.019200,16.792236,37.035393
5662,p,0.003780,0.065700,0.019200,35.004150,88.679849
5663,p,0.003780,0.057100,0.019200,55.250244,80.079849
5668,d,0.002385,0.004800,0.020000,23.082764,27.185393
5669,p,0.003780,0.010000,0.018500,42.076416,32.279849
5670,d,0.002385,0.017000,0.019200,51.331055,38.585393
5671,d,0.002385,0.005100,0.022000,58.445312,29.485393
5664,p,0.003780,0.005000,0.021500,34.954346,30.279849
5665,d,0.002385,0.011050,0.019200,44.695312,32.635393
5666,d,0.002385,0.047400,0.018500,51.780518,68.285393
5667,p,0.003780,0.053750,0.019200,69.708252,76.729849
5676,s,0.023128,0.004650,0.018500,9.542236,46.278351
5677,s,0.023128,0.015500,0.020000,16.332520,58.628351
5678,p,0.003780,0.047100,0.022000,34.899658,72.879849
5679,s,0.023128,0.121800,0.018500,43.932129,163.428351
5684,d,0.002385,0.004300,0.020000,23.253174,26.685393
5685,s,0.023128,0.006500,0.021500,30.855713,51.128351
5686,s,0.023128,0.026650,0.020000,37.594727,69.778351
5687,p,0.003780,0.036200,0.021500,55.739746,61.479849
5672,d,0.002385,0.009050,0.019200,23.352051,30.635393
5673,d,0.002385,0.012650,0.018500,31.078613,33.535393
5674,p,0.003780,0.117750,0.019200,49.699951,140.729849
5675,d,0.002385,0.029550,0.021500,58.929443,53.435393
5680,p,0.003780,0.004300,0.020000,35.844238,28.079849
5681,d,0.002385,0.012350,0.022000,46.332275,36.735393
5682,p,0.003780,0.021600,0.022000,65.993408,47.379849
5683,d,0.002385,0.004550,0.021500,75.943604,28.435393
5692,d,0.002385,0.004700,0.020000,11.105957,27.085393
5693,p,0.003780,0.043250,0.018500,30.647461,65.529849
5694,s,0.023128,0.056000,0.021500,39.808105,100.628351
5695,d,0.002385,0.006150,0.019200,47.256348,27.735393
5688,s,0.023128,0.004500,0.021500,23.104736,49.128351
5689,s,0.023128,0.011950,0.022000,30.714844,57.078351
5690,p,0.003780,0.019650,0.018500,48.810791,41.929849
5691,p,0.003780,0.080450,0.019200,69.145508,103.429849
5700,p,0.003780,0.004800,0.021500,20.454590,30.079849
5701,p,0.003780,0.016750,0.019200,40.687500,39.729849
5702,d,0.002385,0.055100,0.022000,49.976318,79.485393
5703,s,0.023128,0.004550,0.019200,56.867676,46.878351
5696,d,0.002385,0.004050,0.022000,23.215820,28.435393
5697,d,0.002385,0.020000,0.021500,30.986572,43.885393
5698,d,0.002385,0.021800,0.018500,38.078125,42.685393
5699,s,0.023128,0.095150,0.020000,44.923828,138.278351
5704,s,0.023128,0.016150,0.018500,23.032471,57.778351
5705,p,0.003780,0.007650,0.018500,41.992676,29.929849
5706,d,0.002385,0.120250,0.021500,51.278564,144.135393
5707,p,0.003780,0.125150,0.018500,69.256348,147.429849
5708,p,0.003780,0.004850,0.018500,20.885498,27.129849
5709,p,0.003780,0.017750,0.018500,42.901123,40.029849
5710,s,0.023128,0.020000,0.022000,52.983398,65.128351
5711,p,0.003780,0.007050,0.019200,72.329590,30.029849
5712,s,0.023128,0.004500,0.021500,22.970703,49.128351
5713,d,0.002385,0.016700,0.018500,31.813232,37.585393
5714,s,0.023128,0.054550,0.021500,38.648193,99.178351
5715,p,0.003780,0.041100,0.021500,56.789307,66.379849
5716,d,0.002385,0.005650,0.022000,23.401123,30.035393
5717,d,0.002385,0.014500,0.021500,31.243408,38.385393
5718,d,0.002385,0.059300,0.018500,38.334473,80.185393
5719,p,0.003780,0.107950,0.021500,56.506348,133.229849
5720,p,0.003780,0.004750,0.019200,23.218262,27.729849
5721,d,0.002385,0.042650,0.021500,32.721436,66.535393
5722,p,0.003780,0.038150,0.021500,50.700928,63.429849
5723,p,0.003780,0.029550,0.022000,70.990234,55.329849
5724,d,0.002385,0.004850,0.021500,23.531494,28.735393
5725,d,0.002385,0.007750,0.019200,31.434570,29.335393
5726,s,0.023128,0.070650,0.018500,38.279785,112.278351
5727,p,0.003780,0.085150,0.019200,56.439209,108.129849
5728,d,0.002385,0.007200,0.022000,23.816406,31.585393
5729,s,0.023128,0.013600,0.022000,31.282959,58.728351
5730,p,0.003780,0.102050,0.019200,49.508545,125.029849
5731,s,0.023128,0.048300,0.019200,58.959961,90.628351
5732,d,0.002385,0.003650,0.022000,9.617920,28.035393
5733,p,0.003780,0.011800,0.020000,39.150146,35.579849
5734,d,0.002385,0.008450,0.022000,48.446289,32.835393
5735,s,0.023128,0.035850,0.020000,55.289551,78.978351
5736,d,0.002385,0.004800,0.021500,8.838623,28.685393
5737,p,0.003780,0.017900,0.020000,34.213867,41.679849
5738,p,0.003780,0.004400,0.020000,55.496826,28.179849
5739,p,0.003780,0.012750,0.021500,75.950928,38.029849
5740,d,0.002385,0.005200,0.018500,23.806885,26.085393
5741,p,0.003780,0.020950,0.018500,42.806152,43.229849
5742,s,0.023128,0.007950,0.018500,51.864258,49.578351
5743,s,0.023128,0.004950,0.020000,58.581055,48.078351
5744,s,0.023128,0.004650,0.019200,23.070312,46.978351
5745,s,0.023128,0.058650,0.022000,30.614258,103.778351
5746,d,0.002385,0.108650,0.018500,37.688721,129.535393
5747,p,0.003780,0.105100,0.018500,55.876953,127.379849
5752,d,0.002385,0.004850,0.018500,9.549072,25.735393
5753,d,0.002385,0.011550,0.018500,16.743896,32.435393
5754,s,0.023128,0.039000,0.021500,23.588135,83.628351
5755,s,0.023128,0.131650,0.022000,30.358887,176.778351
5748,s,0.023128,0.007900,0.021500,23.165039,52.528351
5749,p,0.003780,0.016400,0.018500,42.231445,38.679849
5750,d,0.002385,0.024400,0.018500,51.507324,45.285393
5751,s,0.023128,0.095150,0.022000,58.303955,140.278351
5756,d,0.002385,0.004450,0.019200,23.651123,26.035393
5757,d,0.002385,0.019000,0.021500,31.344482,42.885393
5758,d,0.002385,0.060100,0.019200,38.849365,81.685393
5759,p,0.003780,0.119100,0.020000,57.292236,142.879849
5760,d,0.002385,0.005700,0.018500,21.885254,26.585393
5761,d,0.002385,0.005200,0.020000,29.423828,27.585393
5762,p,0.003780,0.075250,0.020000,47.956787,99.029849
5763,s,0.023128,0.004700,0.022000,57.237061,49.828351
5764,d,0.002385,0.005350,0.021500,9.375000,29.235393
5765,s,0.023128,0.008750,0.019200,16.782471,51.078351
5766,s,0.023128,0.065700,0.019200,24.621338,108.028351
5767,d,0.002385,0.054100,0.020000,32.782959,76.485393
5768,p,0.003780,0.008950,0.022000,35.051270,34.729849
5769,p,0.003780,0.008200,0.019200,55.117920,31.179849
5770,s,0.023128,0.038850,0.019200,64.173828,81.178351
5771,d,0.002385,0.069650,0.018500,71.228516,90.535393
5772,p,0.003780,0.005350,0.021500,21.140869,30.629849
5773,p,0.003780,0.012800,0.018500,42.381348,35.079849
5774,s,0.023128,0.020700,0.022000,51.761475,65.828351
5775,d,0.002385,0.004950,0.019200,59.340332,26.535393
5776,p,0.003780,0.005100,0.020000,18.542969,28.879849
5777,p,0.003780,0.011400,0.019200,39.688477,34.379849
5778,d,0.002385,0.027750,0.019200,49.425049,49.335393
5779,d,0.002385,0.005300,0.018500,56.884033,26.185393
5780,s,0.023128,0.005150,0.021500,22.266357,49.778351
5781,p,0.003780,0.016000,0.019200,43.098389,38.979849
5782,s,0.023128,0.015350,0.022000,53.291260,60.478351
5783,d,0.002385,0.066300,0.022000,61.341553,90.685393
5784,p,0.003780,0.005200,0.021500,35.136475,30.479849
5785,d,0.002385,0.015150,0.021500,44.452637,39.035393
5786,d,0.002385,0.066000,0.018500,51.432861,86.885393
5787,d,0.002385,0.089700,0.021500,58.873535,113.585393
5788,d,0.002385,0.008000,0.018500,23.870850,28.885393
5789,d,0.002385,0.017850,0.019200,31.924316,39.435393
5790,p,0.003780,0.057000,0.020000,50.108643,80.779849
5791,d,0.002385,0.005000,0.022000,59.402100,29.385393
5792,d,0.002385,0.005500,0.018500,23.507568,26.385393
5793,d,0.002385,0.013550,0.018500,31.217773,34.435393
5794,p,0.003780,0.035150,0.020000,49.336670,58.929849
5795,d,0.002385,0.007550,0.020000,58.919678,29.935393
5796,s,0.023128,0.005650,0.022000,22.329346,50.778351
5797,d,0.002385,0.006500,0.018500,30.111572,27.385393
5798,p,0.003780,0.070650,0.020000,48.804199,94.429849
5799,s,0.023128,0.072450,0.018500,57.948975,114.078351
5800,s,0.023128,0.004550,0.021500,23.032715,49.178351
5801,p,0.003780,0.012750,0.019200,42.494385,35.729849
5802,d,0.002385,0.071450,0.020000,51.845703,93.835393
5803,d,0.002385,0.063250,0.021500,58.899170,87.135393
5804,s,0.023128,0.005000,0.021500,23.251221,49.628351
5805,s,0.023128,0.011800,0.019200,30.877197,54.128351
5806,d,0.002385,0.065700,0.018500,37.936768,86.585393
5807,d,0.002385,0.097900,0.019200,44.995361,119.485393
5808,s,0.023128,0.007350,0.018500,24.672119,48.978351
5809,p,0.003780,0.012050,0.020000,44.019287,35.829849
5810,s,0.023128,0.019700,0.020000,53.310547,62.828351
5811,s,0.023128,0.099750,0.021500,60.208252,144.378351
5812,d,0.002385,0.004300,0.018500,7.123779,25.185393
5813,s,0.023128,0.008400,0.021500,14.655518,53.028351
5814,p,0.003780,0.047400,0.022000,33.520264,73.179849
5815,s,0.023128,0.009000,0.018500,42.823975,50.628351
5816,p,0.003780,0.004950,0.021500,34.934082,30.229849
5817,d,0.002385,0.020500,0.022000,44.285156,44.885393
5818,s,0.023128,0.032000,0.022000,51.214844,77.128351
5819,p,0.003780,0.023750,0.021500,69.303711,49.029849
5824,p,0.003780,0.006350,0.020000,35.389404,30.129849
5825,d,0.002385,0.004450,0.022000,44.843994,28.835393
5826,p,0.003780,0.031550,0.018500,63.115479,53.829849
5827,d,0.002385,0.004800,0.018500,72.613037,25.685393
5820,d,0.002385,0.005900,0.022000,24.462891,30.285393
5821,d,0.002385,0.006200,0.021500,32.487305,30.085393
5822,p,0.003780,0.100000,0.020000,52.518799,123.779849
5823,s,0.023128,0.004350,0.019200,62.582275,46.678351
5828,d,0.002385,0.006500,0.021500,22.138428,30.385393
5829,d,0.002385,0.013700,0.022000,30.073730,38.085393
5830,s,0.023128,0.025750,0.018500,37.049561,67.378351
5831,p,0.003780,0.093800,0.020000,55.454590,117.579849
5832,s,0.023128,0.005700,0.018500,23.537109,47.328351
5833,d,0.002385,0.011000,0.019200,31.585938,32.585393
5834,s,0.023128,0.113600,0.019200,38.487305,155.928351
5835,p,0.003780,0.074800,0.021500,56.758057,100.079849
5836,s,0.023128,0.003700,0.021500,23.256592,48.328351
5837,d,0.002385,0.015550,0.019200,31.106934,37.135393
5838,d,0.002385,0.064400,0.021500,38.146484,88.285393
5839,s,0.023128,0.071650,0.022000,44.894287,116.778351
5840,s,0.023128,0.006600,0.019200,21.802490,48.928351
5841,s,0.023128,0.007600,0.021500,29.483887,52.228351
5842,p,0.003780,0.111100,0.022000,49.805176,136.879849
5843,d,0.002385,0.106800,0.018500,59.855225,127.685393
5844,d,0.002385,0.007350,0.018500,8.622559,28.235393
5845,s,0.023128,0.016400,0.018500,16.474609,58.028351
5846,p,0.003780,0.118250,0.019200,36.634033,141.229849
5847,d,0.002385,0.005400,0.022000,46.572510,29.785393
5848,s,0.023128,0.008750,0.019200,26.191895,51.078351
5849,s,0.023128,0.005900,0.020000,34.178711,49.028351
5850,s,0.023128,0.039300,0.021500,40.866211,83.928351
5851,p,0.003780,0.070400,0.018500,59.089844,92.679849
5852,d,0.002385,0.004950,0.021500,17.026123,28.835393
5853,p,0.003780,0.005200,0.022000,36.717529,30.979849
5854,s,0.023128,0.018300,0.020000,45.839844,61.428351
5855,s,0.023128,0.004350,0.020000,52.717529,47.478351
5860,p,0.003780,0.004250,0.022000,20.445557,30.029849
5861,s,0.023128,0.011550,0.022000,29.593262,56.678351
5862,d,0.002385,0.010800,0.021500,36.611328,34.685393
5863,d,0.002385,0.049500,0.018500,43.951416,70.385393
5856,p,0.003780,0.029550,0.019200,24.309570,52.529849
5857,p,0.003780,0.012450,0.020000,46.948486,36.229849
5858,s,0.023128,0.059500,0.019200,56.611816,101.828351
5859,s,0.023128,0.093950,0.019200,63.779297,136.278351
5864,s,0.023128,0.005600,0.022000,22.907959,50.728351
5865,d,0.002385,0.011450,0.019200,30.735107,33.035393
5866,p,0.003780,0.069850,0.019200,48.911621,92.829849
5867,s,0.023128,0.060250,0.022000,57.878418,105.378351
5868,s,0.023128,0.007550,0.020000,22.726318,50.678351
5869,s,0.023128,0.028900,0.018500,30.451172,70.528351
5870,d,0.002385,0.110300,0.021500,37.558105,134.185393
5871,d,0.002385,0.075400,0.021500,44.587402,99.285393
5872,d,0.002385,0.004500,0.022000,7.733154,28.885393
5873,p,0.003780,0.014350,0.022000,28.225586,40.129849
5874,p,0.003780,0.026300,0.022000,49.443359,52.079849
5875,p,0.003780,0.006650,0.020000,69.964355,30.429849
5876,p,0.003780,0.004950,0.021500,29.053711,30.229849
5877,d,0.002385,0.011250,0.022000,39.205322,35.635393
5878,s,0.023128,0.019200,0.021500,46.489258,63.828351
5879,s,0.023128,0.057550,0.021500,53.346680,102.178351
5880,d,0.002385,0.006000,0.018500,9.601807,26.885393
5881,d,0.002385,0.016950,0.020000,16.638672,39.335393
5882,p,0.003780,0.093350,0.018500,34.825928,115.629849
5883,p,0.003780,0.005650,0.020000,56.434082,29.429849
5884,s,0.023128,0.005850,0.018500,23.384277,47.478351
5885,p,0.003780,0.012750,0.021500,42.675781,38.029849
5886,p,0.003780,0.023000,0.019200,63.215576,45.979849
5887,s,0.023128,0.070400,0.018500,72.230469,112.028351
5888,p,0.003780,0.004900,0.019200,34.971191,27.879849
5889,p,0.003780,0.017400,0.020000,55.528564,41.179849
5890,d,0.002385,0.011100,0.022000,65.227783,35.485393
5891,s,0.023128,0.008950,0.021500,71.994873,53.578351
5892,d,0.002385,0.005100,0.022000,23.039307,29.485393
5893,p,0.003780,0.007750,0.019200,42.125977,30.729849
5894,p,0.003780,0.118100,0.018500,62.459961,140.379849
5895,p,0.003780,0.004900,0.020000,82.852539,28.679849
5896,s,0.023128,0.004550,0.022000,22.365234,49.678351
5897,s,0.023128,0.010350,0.018500,30.054932,51.978351
5898,p,0.003780,0.015350,0.021500,48.638916,40.629849
5899,p,0.003780,0.122600,0.022000,69.379639,148.379849
5900,d,0.002385,0.007450,0.021500,23.606689,31.335393
5901,d,0.002385,0.070050,0.020000,31.344971,92.435393
5902,d,0.002385,0.084000,0.018500,38.845215,104.885393
5903,d,0.002385,0.053450,0.018500,46.635498,74.335393
5904,p,0.003780,0.006050,0.019200,35.393555,29.029849
5905,d,0.002385,0.017900,0.021500,44.784180,41.785393
5906,p,0.003780,0.088850,0.021500,63.061523,114.129849
5907,s,0.023128,0.014000,0.018500,72.055664,55.628351
5908,d,0.002385,0.005650,0.019200,23.849609,27.235393
5909,d,0.002385,0.012950,0.022000,31.738281,37.335393
5910,d,0.002385,0.025250,0.020000,38.953125,47.635393
5911,d,0.002385,0.040200,0.020000,45.978027,62.585393
5912,s,0.023128,0.005550,0.022000,27.103271,50.678351
5913,p,0.003780,0.011050,0.020000,47.139648,34.829849
5914,s,0.023128,0.019550,0.019200,56.368408,61.878351
5915,d,0.002385,0.047100,0.020000,63.399414,69.485393
5916,p,0.003780,0.004000,0.019200,35.390625,26.979849
5917,p,0.003780,0.018250,0.020000,55.694580,42.029849
5918,s,0.023128,0.027000,0.020000,64.788574,70.128351
5919,p,0.003780,0.005850,0.020000,83.219238,29.629849
5920,s,0.023128,0.004850,0.020000,14.631348,47.978351
5921,p,0.003780,0.008200,0.022000,35.018555,33.979849
5922,s,0.023128,0.092300,0.022000,45.406006,137.428351
5923,d,0.002385,0.038350,0.022000,52.997559,62.735393
5924,d,0.002385,0.007250,0.020000,23.103027,29.635393
5925,s,0.023128,0.007850,0.022000,30.602783,52.978351
5926,d,0.002385,0.077550,0.019200,37.831787,99.135393
5927,d,0.002385,0.035550,0.021500,44.884277,59.435393
5928,p,0.003780,0.005600,0.020000,20.616943,29.379849
5929,s,0.023128,0.009150,0.019200,29.578369,51.478351
5930,p,0.003780,0.035000,0.019200,47.506592,57.979849
5931,s,0.023128,0.004700,0.022000,56.577148,49.828351
5932,s,0.023128,0.004450,0.018500,10.327881,46.078351
5933,p,0.003780,0.012400,0.019200,30.197266,35.379849
5934,d,0.002385,0.024800,0.021500,39.962891,48.685393
5935,s,0.023128,0.082000,0.022000,46.938965,127.128351
5936,p,0.003780,0.004900,0.018500,34.553955,27.179849
5937,d,0.002385,0.010050,0.022000,43.993164,34.435393
5938,d,0.002385,0.086700,0.018500,51.159180,107.585393
5939,s,0.023128,0.024950,0.018500,58.109619,66.578351
5940,d,0.002385,0.004750,0.022000,23.488525,29.135393
5941,p,0.003780,0.012250,0.021500,42.498291,37.529849
5942,d,0.002385,0.071100,0.019200,52.057129,92.685393
5943,p,0.003780,0.014300,0.018500,70.471680,36.579849
5944,s,0.023128,0.004600,0.021500,23.427246,49.228351
5945,p,0.003780,0.013050,0.020000,44.257568,36.829849
5946,s,0.023128,0.065250,0.022000,54.428711,110.378351
5947,s,0.023128,0.071650,0.019200,61.777100,113.978351
5948,p,0.003780,0.004500,0.018500,35.025146,26.779849
5949,d,0.002385,0.011050,0.020000,44.621826,33.435393
5950,p,0.003780,0.032150,0.022000,62.942871,57.929849
5951,d,0.002385,0.004900,0.019200,72.211426,26.485393
5952,d,0.002385,0.010550,0.019200,9.867676,32.135393
5953,p,0.003780,0.006600,0.019200,28.436768,29.579849
5954,s,0.023128,0.098650,0.018500,37.467285,140.278351
5955,s,0.023128,0.074850,0.020000,44.156738,117.978351
5956,p,0.003780,0.004250,0.020000,34.138916,28.029849
5957,s,0.023128,0.021000,0.019200,44.227295,63.328351
5958,p,0.003780,0.035850,0.018500,64.525391,58.129849
5959,d,0.002385,0.005350,0.020000,74.560791,27.735393
5960,s,0.023128,0.006900,0.018500,23.254395,48.528351
5961,s,0.023128,0.022550,0.022000,31.189453,67.678351
5962,d,0.002385,0.076300,0.021500,38.197754,100.185393
5963,s,0.023128,0.088500,0.020000,44.879639,131.628351
5964,s,0.023128,0.005850,0.019200,23.380127,48.178351
5965,p,0.003780,0.008100,0.022000,42.634521,33.879849
5966,p,0.003780,0.058850,0.021500,63.044678,84.129849
5967,d,0.002385,0.054100,0.018500,72.477051,74.985393
5968,d,0.002385,0.005700,0.019200,23.198975,27.285393
5969,p,0.003780,0.006600,0.022000,42.453857,32.379849
5970,d,0.002385,0.011250,0.021500,52.058350,35.135393
5971,p,0.003780,0.005650,0.021500,71.194580,30.929849
5972,s,0.023128,0.004350,0.019200,22.795410,46.678351
5973,s,0.023128,0.027550,0.022000,30.377197,72.678351
5974,s,0.023128,0.020750,0.020000,37.177490,63.878351
5975,p,0.003780,0.064950,0.020000,55.306885,88.729849
5980,p,0.003780,0.004550,0.018500,36.141357,26.829849
5981,s,0.023128,0.042450,0.022000,46.517334,87.578351
5982,p,0.003780,0.085950,0.021500,66.135254,111.229849
5983,d,0.002385,0.005200,0.020000,76.052246,27.585393
5976,p,0.003780,0.004200,0.021500,35.390381,29.479849
5977,d,0.002385,0.007650,0.022000,44.824951,32.035393
5978,p,0.003780,0.041800,0.020000,62.910156,65.579849
5979,d,0.002385,0.017750,0.018500,72.211182,38.635393
5984,s,0.023128,0.005050,0.021500,24.596191,49.678351
5985,s,0.023128,0.012750,0.019200,31.848877,55.078351
5986,s,0.023128,0.019050,0.022000,42.128418,64.178351
5987,p,0.003780,0.086450,0.021500,60.938232,111.729849
5988,s,0.023128,0.003950,0.018500,9.768311,45.578351
5989,d,0.002385,0.021000,0.018500,16.859863,41.885393
5990,d,0.002385,0.099050,0.019200,23.886475,120.635393
5991,d,0.002385,0.070250,0.020000,31.041260,92.635393
5992,s,0.023128,0.007400,0.020000,7.281494,50.528351
5993,d,0.002385,0.013100,0.020000,17.526123,35.485393
5994,s,0.023128,0.045650,0.022000,25.081299,90.778351
5995,d,0.002385,0.063250,0.021500,33.624756,87.135393
5996,d,0.002385,0.005250,0.019200,23.295654,26.835393
5997,s,0.023128,0.017000,0.021500,30.827881,61.628351
5998,s,0.023128,0.048250,0.018500,37.544678,89.878351
5999,p,0.003780,0.157100,0.018500,56.227051,179.379849
6000,p,0.003780,0.005200,0.020000,35.072266,28.979849
6001,s,0.023128,0.007800,0.022000,44.086914,52.928351
6002,d,0.002385,0.012450,0.020000,51.085693,34.835393
6003,p,0.003780,0.079500,0.018500,69.222168,101.779849
6004,p,0.003780,0.013950,0.021500,28.177246,39.229849
6005,p,0.003780,0.008800,0.018500,49.247314,31.079849
6006,s,0.023128,0.064000,0.018500,58.291260,105.628351
6007,s,0.023128,0.058700,0.019200,65.166260,101.028351
6008,d,0.002385,0.005000,0.021500,23.825439,28.885393
6009,p,0.003780,0.007000,0.019200,42.576416,29.979849
6010,s,0.023128,0.089600,0.018500,51.547363,131.228351
6011,d,0.002385,0.095050,0.019200,58.689209,116.635393
6012,s,0.023128,0.006500,0.022000,23.544678,51.628351
6013,d,0.002385,0.008900,0.022000,31.501221,33.285393
6014,d,0.002385,0.080400,0.021500,38.527344,104.285393
6015,s,0.023128,0.143650,0.021500,45.388184,188.278351
6016,d,0.002385,0.013100,0.022000,23.565430,37.485393
6017,d,0.002385,0.033200,0.019200,31.325439,54.785393
6018,s,0.023128,0.063150,0.018500,38.104980,104.778351
6019,p,0.003780,0.026000,0.022000,56.235352,51.779849
6020,p,0.003780,0.013000,0.018500,24.354980,35.279849
6021,s,0.023128,0.009150,0.022000,34.401367,54.278351
6022,s,0.023128,0.032150,0.018500,41.430420,73.778351
6023,s,0.023128,0.059500,0.019200,48.364258,101.828351
6024,p,0.003780,0.008050,0.021500,34.743652,33.329849
6025,d,0.002385,0.007200,0.021500,44.063232,31.085393
6026,p,0.003780,0.020400,0.021500,61.970947,45.679849
6027,d,0.002385,0.075400,0.019200,71.635742,96.985393
6028,d,0.002385,0.004300,0.019200,9.552734,25.885393
6029,p,0.003780,0.025150,0.022000,27.988525,50.929849
6030,s,0.023128,0.034050,0.021500,37.098877,78.678351
6031,p,0.003780,0.005500,0.018500,55.066406,27.779849
6032,d,0.002385,0.008250,0.022000,22.837402,32.635393
6033,d,0.002385,0.010900,0.019200,30.790039,32.485393
6034,p,0.003780,0.071100,0.021500,49.151611,96.379849
6035,s,0.023128,0.104000,0.018500,58.171875,145.628351
6036,d,0.002385,0.005000,0.022000,10.288086,29.385393
6037,p,0.003780,0.058750,0.018500,28.475830,81.029849
6038,d,0.002385,0.111100,0.021500,37.729248,134.985393
6039,d,0.002385,0.078300,0.022000,44.750488,102.685393
6040,s,0.023128,0.004300,0.018500,13.399902,45.928351
6041,p,0.003780,0.006800,0.022000,33.110840,32.579849
6042,d,0.002385,0.031900,0.018500,42.465576,52.785393
6043,s,0.023128,0.091100,0.021500,49.265381,135.728351
6044,p,0.003780,0.003950,0.021500,34.805664,29.229849
6045,d,0.002385,0.011500,0.018500,44.240723,32.385393
6046,p,0.003780,0.023600,0.019200,62.339844,46.579849
6047,s,0.023128,0.006550,0.022000,71.329102,51.678351
6048,d,0.002385,0.008250,0.019200,9.457764,29.835393
6049,s,0.023128,0.010700,0.020000,16.240234,53.828351
6050,s,0.023128,0.099800,0.018500,22.928223,141.428351
6051,s,0.023128,0.030700,0.019200,29.627197,73.028351
6056,s,0.023128,0.007900,0.021500,8.585449,52.528351
6057,d,0.002385,0.010100,0.020000,18.293457,32.485393
6058,s,0.023128,0.064850,0.022000,25.651123,109.978351
6059,d,0.002385,0.103650,0.018500,33.150879,124.535393
6052,s,0.023128,0.004350,0.022000,23.144287,49.478351
6053,d,0.002385,0.007000,0.019200,30.910156,28.585393
6054,s,0.023128,0.067850,0.020000,37.675537,110.978351
6055,p,0.003780,0.112250,0.020000,55.905518,136.029849
6060,p,0.003780,0.004700,0.021500,21.157959,29.979849
6061,s,0.023128,0.008700,0.020000,30.286377,51.828351
6062,d,0.002385,0.079200,0.020000,37.479004,101.585393
6063,s,0.023128,0.014150,0.018500,44.206055,55.778351
6064,s,0.023128,0.009750,0.021500,22.514893,54.378351
6065,d,0.002385,0.015150,0.021500,30.580322,39.035393
6066,s,0.023128,0.046900,0.022000,37.382080,92.028351
6067,d,0.002385,0.037900,0.022000,44.383301,62.285393
6068,s,0.023128,0.004000,0.018500,16.453369,45.628351
6069,p,0.003780,0.018650,0.018500,34.993164,40.929849
6070,d,0.002385,0.011100,0.019200,44.307129,32.685393
6071,p,0.003780,0.052650,0.018500,62.959473,74.929849
6072,d,0.002385,0.005700,0.020000,23.219727,28.085393
6073,s,0.023128,0.012100,0.019200,30.645996,54.428351
6074,s,0.023128,0.015900,0.021500,37.447754,60.528351
6075,d,0.002385,0.033900,0.018500,44.718262,54.785393
6080,p,0.003780,0.004700,0.018500,20.481201,26.979849
6081,p,0.003780,0.014300,0.019200,43.236328,37.279849
6082,d,0.002385,0.065250,0.020000,53.615234,87.635393
6083,p,0.003780,0.006700,0.022000,72.762207,32.479849
6076,d,0.002385,0.007450,0.022000,23.421143,31.835393
6077,p,0.003780,0.012450,0.019200,42.206299,35.429849
6078,d,0.002385,0.060100,0.022000,51.423584,84.485393
6079,s,0.023128,0.070250,0.021500,58.409912,114.878351
6084,s,0.023128,0.006350,0.021500,24.025635,50.978351
6085,d,0.002385,0.007150,0.021500,32.065918,31.035393
6086,s,0.023128,0.018950,0.021500,38.793701,63.578351
6087,p,0.003780,0.090900,0.018500,56.877197,113.179849
6088,s,0.023128,0.006750,0.019200,14.541016,49.078351
6089,s,0.023128,0.007000,0.019200,23.578125,49.328351
6090,d,0.002385,0.118100,0.021500,31.067871,141.985393
6091,p,0.003780,0.131700,0.019200,49.563232,154.679849
6092,d,0.002385,0.004700,0.018500,23.801758,25.585393
6093,p,0.003780,0.010800,0.019200,42.673584,33.779849
6094,s,0.023128,0.019550,0.018500,51.664062,61.178351
6095,d,0.002385,0.006550,0.020000,59.246338,28.935393
6096,d,0.002385,0.005800,0.019200,9.753906,27.385393
6097,s,0.023128,0.012250,0.021500,16.579834,56.878351
6098,s,0.023128,0.054400,0.022000,23.305664,99.528351
6099,p,0.003780,0.069600,0.018500,41.409668,91.879849
6100,d,0.002385,0.005750,0.018500,23.708984,26.635393
6101,s,0.023128,0.020100,0.019200,31.717773,62.428351
6102,s,0.023128,0.067400,0.022000,39.035889,112.528351
6103,p,0.003780,0.027500,0.021500,59.285889,52.779849
6104,d,0.002385,0.005000,0.020000,23.324951,27.385393
6105,s,0.023128,0.016950,0.018500,30.815430,58.578351
6106,s,0.023128,0.014000,0.019200,37.495117,56.328351
6107,d,0.002385,0.017850,0.019200,44.477539,39.435393
6112,p,0.003780,0.005550,0.020000,20.443604,29.329849
6113,s,0.023128,0.014900,0.018500,29.480225,56.528351
6114,s,0.023128,0.010500,0.019200,36.162354,52.828351
6115,s,0.023128,0.023350,0.018500,42.847168,64.978351
6108,d,0.002385,0.004150,0.022000,16.600830,28.535393
6109,p,0.003780,0.007950,0.019200,36.116699,30.929849
6110,s,0.023128,0.011500,0.018500,45.191162,53.128351
6111,d,0.002385,0.006350,0.019200,52.170166,27.935393
6120,d,0.002385,0.012150,0.019200,9.832031,33.735393
6121,s,0.023128,0.011100,0.022000,17.531250,56.228351
6122,s,0.023128,0.064400,0.021500,25.007812,109.028351
6123,d,0.002385,0.097300,0.022000,33.216797,121.685393
6124,s,0.023128,0.005100,0.020000,23.785400,48.228351
6125,d,0.002385,0.008100,0.021500,31.909424,31.985393
6126,p,0.003780,0.071450,0.020000,50.229980,95.229849
6127,p,0.003780,0.110900,0.022000,70.452637,136.679849
6116,s,0.023128,0.004000,0.022000,22.769775,49.128351
6117,s,0.023128,0.047850,0.018500,30.333008,89.478351
6118,s,0.023128,0.105550,0.021500,36.991943,150.178351
6119,p,0.003780,0.047600,0.021500,55.730469,72.879849
6128,p,0.003780,0.004900,0.022000,46.267578,30.679849
6129,d,0.002385,0.017250,0.022000,55.726074,41.635393
6130,s,0.023128,0.092450,0.018500,62.534912,134.078351
6131,p,0.003780,0.082700,0.019200,80.627686,105.679849
6132,s,0.023128,0.008600,0.021500,23.571533,53.228351
6133,d,0.002385,0.070050,0.020000,31.476807,92.435393
6134,s,0.023128,0.085950,0.022000,38.174316,131.078351
6135,p,0.003780,0.066300,0.021500,56.456055,91.579849
6136,d,0.002385,0.005700,0.018500,10.044678,26.585393
6137,p,0.003780,0.014200,0.018500,30.021484,36.479849
6138,d,0.002385,0.067850,0.018500,40.351318,88.735393
6139,s,0.023128,0.006050,0.022000,47.618896,51.178351
6144,s,0.023128,0.005050,0.019200,23.337891,47.378351
6145,d,0.002385,0.008100,0.020000,31.180908,30.485393
6146,d,0.002385,0.056000,0.022000,38.303223,80.385393
6147,p,0.003780,0.020750,0.019200,56.479736,43.729849
6140,d,0.002385,0.003650,0.020000,21.388184,26.035393
6141,p,0.003780,0.006200,0.020000,40.010010,29.979849
6142,p,0.003780,0.024150,0.022000,60.275635,49.929849
6143,s,0.023128,0.004850,0.022000,69.420166,49.978351
6148,p,0.003780,0.004350,0.018500,35.405762,26.629849
6149,p,0.003780,0.009300,0.021500,56.038330,34.579849
6150,s,0.023128,0.020600,0.020000,65.102051,63.728351
6151,d,0.002385,0.005800,0.022000,72.102783,30.185393
6152,p,0.003780,0.004600,0.020000,20.337891,28.379849
6153,s,0.023128,0.008250,0.018500,29.347412,49.878351
6154,d,0.002385,0.024800,0.022000,36.352783,49.185393
6155,s,0.023128,0.023250,0.020000,43.064941,66.378351
6156,d,0.002385,0.005700,0.021500,23.596436,29.585393
6157,d,0.002385,0.023350,0.021500,31.461670,47.235393
6158,p,0.003780,0.072650,0.021500,50.874512,97.929849
6159,d,0.002385,0.005050,0.020000,61.321777,27.435393
6164,d,0.002385,0.004950,0.020000,21.935547,27.335393
6165,s,0.023128,0.010450,0.022000,29.196777,55.578351
6166,d,0.002385,0.066500,0.019200,36.107178,88.085393
6167,s,0.023128,0.075150,0.019200,42.782959,117.478351
6160,p,0.003780,0.003650,0.022000,35.104248,29.429849
6161,d,0.002385,0.047750,0.020000,44.540039,70.135393
6162,d,0.002385,0.122000,0.022000,51.601562,146.385393
6163,d,0.002385,0.089800,0.020000,58.568359,112.185393
6168,d,0.002385,0.004650,0.021500,9.333496,28.535393
6169,p,0.003780,0.033200,0.020000,27.409912,56.979849
6170,p,0.003780,0.024100,0.018500,47.902588,46.379849
6171,s,0.023128,0.003950,0.022000,56.913818,49.078351
6172,s,0.023128,0.005100,0.021500,14.856934,49.728351
6173,p,0.003780,0.014750,0.020000,34.633789,38.529849
6174,p,0.003780,0.010500,0.019200,54.913818,33.479849
6175,s,0.023128,0.038750,0.018500,63.860840,80.378351
6176,d,0.002385,0.005200,0.019200,23.642822,26.785393
6177,d,0.002385,0.006200,0.022000,31.447510,30.585393
6178,p,0.003780,0.036700,0.020000,49.514160,60.479849
6179,p,0.003780,0.004850,0.018500,69.699951,27.129849
6180,d,0.002385,0.005050,0.018500,22.900146,25.935393
6181,s,0.023128,0.021150,0.022000,30.680420,66.278351
6182,d,0.002385,0.020400,0.019200,37.715088,41.985393
6183,s,0.023128,0.096200,0.021500,44.592285,140.828351
6188,s,0.023128,0.006500,0.019200,22.702148,48.828351
6189,s,0.023128,0.017250,0.022000,30.297852,62.378351
6190,p,0.003780,0.016550,0.021500,48.466309,41.829849
6191,d,0.002385,0.085200,0.022000,57.766846,109.585393
6184,p,0.003780,0.004600,0.020000,34.893799,28.379849
6185,d,0.002385,0.015500,0.022000,44.185303,39.885393
6186,d,0.002385,0.071450,0.019200,51.182861,93.035393
6187,s,0.023128,0.061750,0.020000,57.958252,104.878351
6196,p,0.003780,0.005000,0.019200,20.757812,27.979849
6197,d,0.002385,0.010950,0.019200,30.143311,32.535393
6198,p,0.003780,0.019200,0.020000,48.680176,42.979849
6199,s,0.023128,0.008450,0.021500,57.740967,53.078351
6200,s,0.023128,0.005100,0.020000,7.749023,48.228351
6201,s,0.023128,0.021000,0.020000,16.499023,64.128351
6202,s,0.023128,0.098150,0.018500,23.776855,139.778351
6203,p,0.003780,0.015950,0.020000,42.834961,39.729849
6192,s,0.023128,0.016750,0.022000,23.167725,61.878351
6193,p,0.003780,0.020700,0.018500,42.467529,42.979849
6194,p,0.003780,0.025250,0.020000,63.190918,49.029849
6195,p,0.003780,0.157100,0.022000,83.647705,182.879849
6204,p,0.003780,0.005650,0.021500,35.201172,30.929849
6205,p,0.003780,0.011100,0.022000,55.696045,36.879849
6206,d,0.002385,0.007650,0.019200,64.953857,29.235393
6207,d,0.002385,0.059550,0.022000,71.913330,83.935393
6208,d,0.002385,0.004650,0.018500,9.303711,25.535393
6209,s,0.023128,0.009800,0.021500,16.188232,54.428351
6210,d,0.002385,0.038600,0.018500,23.125732,59.485393
6211,d,0.002385,0.080000,0.020000,30.107422,102.385393
6212,p,0.003780,0.004250,0.022000,35.038086,30.029849
6213,p,0.003780,0.015250,0.018500,55.220459,37.529849
6214,s,0.023128,0.098950,0.020000,64.221191,142.078351
6215,s,0.023128,0.004950,0.022000,70.994873,50.078351
6220,p,0.003780,0.012450,0.018500,30.718750,34.729849
6221,s,0.023128,0.014300,0.022000,39.849854,59.428351
6222,p,0.003780,0.134700,0.018500,58.366943,156.979849
6223,p,0.003780,0.041650,0.022000,78.656006,67.429849
6216,d,0.002385,0.004500,0.019200,23.483887,26.085393
6217,s,0.023128,0.017700,0.022000,31.140869,62.828351
6218,p,0.003780,0.106800,0.018500,49.321533,129.079849
6219,d,0.002385,0.004900,0.020000,58.605469,27.285393
6224,s,0.023128,0.004350,0.021500,9.213867,48.978351
6225,s,0.023128,0.011000,0.021500,15.870850,55.628351
6226,s,0.023128,0.062800,0.018500,22.564209,104.428351
6227,p,0.003780,0.026700,0.022000,40.615234,52.479849
6228,d,0.002385,0.004050,0.022000,23.613525,28.435393
6229,p,0.003780,0.016500,0.020000,43.776611,40.279849
6230,p,0.003780,0.040900,0.020000,65.977051,64.679849
6231,p,0.003780,0.006000,0.018500,87.324707,28.279849
6232,d,0.002385,0.004850,0.018500,23.416748,25.735393
6233,p,0.003780,0.016600,0.022000,42.061768,42.379849
6234,d,0.002385,0.022500,0.020000,51.367920,44.885393
6235,d,0.002385,0.005400,0.019200,58.385010,26.985393
6236,s,0.023128,0.007900,0.018500,23.187256,49.528351
6237,p,0.003780,0.008200,0.022000,42.354980,33.979849
6238,s,0.023128,0.102150,0.019200,51.345459,144.478351
6239,s,0.023128,0.120400,0.020000,58.054199,163.528351
6240,s,0.023128,0.005100,0.021500,23.230957,49.728351
6241,s,0.023128,0.011800,0.022000,30.976074,56.928351
6242,p,0.003780,0.025500,0.020000,49.655762,49.279849
6243,p,0.003780,0.084000,0.021500,70.021484,109.279849
6248,d,0.002385,0.009450,0.018500,23.652588,30.335393
6249,s,0.023128,0.015250,0.018500,31.165771,56.878351
6250,p,0.003780,0.093350,0.020000,49.339111,117.129849
6251,s,0.023128,0.048550,0.019200,58.537842,90.878351
6244,p,0.003780,0.004500,0.022000,33.783447,30.279849
6245,p,0.003780,0.011800,0.019200,53.993164,34.779849
6246,s,0.023128,0.026400,0.021500,63.102295,71.028351
6247,p,0.003780,0.006050,0.021500,80.994629,31.329849
6256,d,0.002385,0.005100,0.019200,23.533691,26.685393
6257,d,0.002385,0.054550,0.020000,31.592041,76.935393
6258,p,0.003780,0.097050,0.022000,50.009277,122.829849
6259,d,0.002385,0.004200,0.021500,59.370850,28.085393
6252,d,0.002385,0.006400,0.020000,23.765869,28.785393
6253,p,0.003780,0.019750,0.018500,42.960205,42.029849
6254,s,0.023128,0.052150,0.022000,52.069580,97.278351
6255,p,0.003780,0.005950,0.019200,70.117432,28.929849
6264,d,0.002385,0.007200,0.020000,12.479736,29.585393
6265,p,0.003780,0.007500,0.018500,32.587891,29.779849
6266,p,0.003780,0.086700,0.022000,53.134766,112.479849
6267,p,0.003780,0.006500,0.020000,73.594238,30.279849
6260,p,0.003780,0.005300,0.022000,35.647705,31.079849
6261,d,0.002385,0.013550,0.019200,45.174561,35.135393
6262,p,0.003780,0.031750,0.019200,63.488281,54.729849
6263,s,0.023128,0.004850,0.019200,72.475098,47.178351
6268,p,0.003780,0.004900,0.022000,22.546631,30.679849
6269,s,0.023128,0.024650,0.020000,32.410156,67.778351
6270,s,0.023128,0.019200,0.022000,39.489502,64.328351
6271,s,0.023128,0.085700,0.018500,46.536621,127.328351
6272,p,0.003780,0.003500,0.019200,35.235596,26.479849
6273,p,0.003780,0.012750,0.019200,55.513672,35.729849
6274,p,0.003780,0.099050,0.020000,75.744873,122.829849
6275,s,0.023128,0.004950,0.021500,84.847900,49.578351
6276,d,0.002385,0.021000,0.021500,23.161865,44.885393
6277,s,0.023128,0.012150,0.022000,30.625244,57.278351
6278,p,0.003780,0.057000,0.021500,48.854736,82.279849
6279,s,0.023128,0.080000,0.018500,57.890381,121.628351
6280,s,0.023128,0.005750,0.019200,22.916260,48.078351
6281,s,0.023128,0.009550,0.018500,30.366455,51.178351
6282,d,0.002385,0.086850,0.018500,37.635742,107.735393
6283,p,0.003780,0.090600,0.022000,55.916016,116.379849
6284,d,0.002385,0.005500,0.021500,23.804443,29.385393
6285,d,0.002385,0.010050,0.019200,31.600586,31.635393
6286,p,0.003780,0.049550,0.021500,49.896973,74.829849
6287,s,0.023128,0.006400,0.019200,61.207520,48.728351
6288,p,0.003780,0.014300,0.020000,35.570068,38.079849
6289,d,0.002385,0.011350,0.019200,44.991699,32.935393
6290,s,0.023128,0.017900,0.020000,51.805664,61.028351
6291,d,0.002385,0.037900,0.021500,58.839355,61.785393
6296,d,0.002385,0.005100,0.019200,12.492188,26.685393
6297,s,0.023128,0.010500,0.022000,19.348633,55.628351
6298,d,0.002385,0.053150,0.020000,26.343506,75.535393
6299,s,0.023128,0.018250,0.019200,33.124512,60.578351
6292,d,0.002385,0.006650,0.019200,23.520752,28.235393
6293,d,0.002385,0.011050,0.021500,31.235840,34.935393
6294,p,0.003780,0.015250,0.019200,49.952881,38.229849
6295,p,0.003780,0.005750,0.020000,72.042725,29.529849
6300,d,0.002385,0.007250,0.020000,24.002686,29.635393
6301,s,0.023128,0.013900,0.021500,31.364014,58.528351
6302,s,0.023128,0.031550,0.022000,38.106201,76.678351
6303,p,0.003780,0.084000,0.018500,56.270508,106.279849
6304,s,0.023128,0.004950,0.021500,23.186279,49.578351
6305,p,0.003780,0.005150,0.021500,42.295654,30.429849
6306,d,0.002385,0.044800,0.021500,51.618408,68.685393
6307,p,0.003780,0.059500,0.019200,69.541504,82.479849
6308,s,0.023128,0.010450,0.021500,23.128174,55.078351
6309,p,0.003780,0.009200,0.020000,42.034424,32.979849
6310,d,0.002385,0.078350,0.020000,51.875488,100.735393
6311,p,0.003780,0.095550,0.022000,70.472900,121.329849
6312,d,0.002385,0.004350,0.018500,23.408447,25.235393
6313,p,0.003780,0.013900,0.021500,42.297363,39.179849
6314,s,0.023128,0.019950,0.022000,51.527100,65.078351
6315,s,0.023128,0.004950,0.022000,58.522949,50.078351
6320,s,0.023128,0.005350,0.018500,22.838135,46.978351
6321,d,0.002385,0.005200,0.018500,30.724609,26.085393
6322,s,0.023128,0.109000,0.018500,37.507812,150.628351
6323,d,0.002385,0.074050,0.022000,44.502197,98.435393
6316,p,0.003780,0.004850,0.022000,23.887939,30.629849
6317,s,0.023128,0.010600,0.022000,33.042480,55.728351
6318,p,0.003780,0.088400,0.021500,50.997559,113.679849
6319,s,0.023128,0.051400,0.020000,59.972412,94.528351
6324,p,0.003780,0.006700,0.021500,33.976074,31.979849
6325,s,0.023128,0.018850,0.019200,43.023682,61.178351
6326,d,0.002385,0.020850,0.020000,50.098389,43.235393
6327,d,0.002385,0.096200,0.018500,57.219482,117.085393
6328,s,0.023128,0.004550,0.018500,7.692383,46.178351
6329,s,0.023128,0.004550,0.022000,15.032227,49.678351
6330,p,0.003780,0.044550,0.021500,34.305908,69.829849
6331,d,0.002385,0.015950,0.020000,44.310791,38.335393
6336,s,0.023128,0.005300,0.022000,23.400879,50.428351
6337,p,0.003780,0.014350,0.018500,42.293213,36.629849
6338,p,0.003780,0.030250,0.021500,62.510498,55.529849
6339,s,0.023128,0.049500,0.021500,71.632324,94.128351
6332,d,0.002385,0.008150,0.020000,23.616943,30.535393
6333,p,0.003780,0.008800,0.022000,43.139404,34.579849
6334,p,0.003780,0.057350,0.022000,63.469238,83.129849
6335,d,0.002385,0.005250,0.021500,72.822266,29.135393
6340,d,0.002385,0.004400,0.018500,22.038086,25.285393
6341,s,0.023128,0.024400,0.019200,29.395264,66.728351
6342,d,0.002385,0.058650,0.021500,36.384521,82.535393
6343,d,0.002385,0.054950,0.018500,43.498047,75.835393
6344,s,0.023128,0.008450,0.019200,23.176270,50.778351
6345,s,0.023128,0.011300,0.020000,30.874023,54.428351
6346,p,0.003780,0.035150,0.022000,49.068359,60.929849
6347,p,0.003780,0.069650,0.020000,69.621826,93.429849
6348,d,0.002385,0.005200,0.019200,15.124512,26.785393
6349,d,0.002385,0.014150,0.019200,23.930908,35.735393
6350,s,0.023128,0.129300,0.021500,30.871094,173.928351
6351,p,0.003780,0.063850,0.020000,48.913330,87.629849
6352,p,0.003780,0.004250,0.020000,35.585693,28.029849
6353,s,0.023128,0.007000,0.020000,44.630859,50.128351
6354,s,0.023128,0.015900,0.018500,51.380371,57.528351
6355,s,0.023128,0.093100,0.021500,58.078125,137.728351
6356,d,0.002385,0.006900,0.020000,10.581299,29.285393
6357,s,0.023128,0.011000,0.022000,18.697266,56.128351
6358,d,0.002385,0.040200,0.020000,26.055908,62.585393
6359,s,0.023128,0.063100,0.019200,32.959717,105.428351
6360,p,0.003780,0.005350,0.019200,34.961426,28.329849
6361,d,0.002385,0.008750,0.020000,44.316895,31.135393
6362,s,0.023128,0.091700,0.018500,51.052002,133.328351
6363,p,0.003780,0.056400,0.022000,69.618652,82.179849
6364,p,0.003780,0.004500,0.022000,20.526611,30.279849
6365,s,0.023128,0.020950,0.018500,29.585449,62.578351
6366,p,0.003780,0.084600,0.020000,47.627686,108.379849
6367,s,0.023128,0.004450,0.020000,56.637207,47.578351
6368,d,0.002385,0.016750,0.018500,23.644287,37.635393
6369,p,0.003780,0.017450,0.018500,42.406738,39.729849
6370,d,0.002385,0.102050,0.022000,51.829834,126.435393
6371,s,0.023128,0.107950,0.018500,58.555908,149.578351
6372,s,0.023128,0.004150,0.021500,23.223877,48.778351
6373,d,0.002385,0.010950,0.019200,31.387939,32.535393
6374,p,0.003780,0.011250,0.019200,49.710449,34.229849
6375,p,0.003780,0.052650,0.020000,69.850830,76.429849
6376,d,0.002385,0.004500,0.022000,10.057617,28.885393
6377,d,0.002385,0.009300,0.020000,17.303955,31.685393
6378,s,0.023128,0.054550,0.022000,24.350586,99.678351
6379,s,0.023128,0.103100,0.022000,31.055908,148.228351
6380,d,0.002385,0.005200,0.019200,23.799561,26.785393
6381,s,0.023128,0.042450,0.020000,31.414551,85.578351
6382,d,0.002385,0.057200,0.022000,38.484375,81.585393
6383,s,0.023128,0.053450,0.022000,45.218262,98.578351
6388,s,0.023128,0.004450,0.022000,23.405029,49.578351
6389,s,0.023128,0.020000,0.021500,31.191162,64.628351
6390,d,0.002385,0.038450,0.022000,38.268311,62.835393
6391,s,0.023128,0.075150,0.021500,45.248291,119.778351
6384,d,0.002385,0.007300,0.018500,21.229492,28.185393
6385,p,0.003780,0.017400,0.021500,40.164795,42.679849
6386,d,0.002385,0.049550,0.019200,49.837402,71.135393
6387,d,0.002385,0.007450,0.020000,56.915039,29.835393
6392,d,0.002385,0.004950,0.019200,9.874268,26.535393
6393,s,0.023128,0.028250,0.019200,16.956787,70.578351
6394,d,0.002385,0.083700,0.021500,24.062988,107.585393
6395,s,0.023128,0.014150,0.022000,30.850098,59.278351
6396,s,0.023128,0.003700,0.020000,23.336914,46.828351
6397,p,0.003780,0.043250,0.022000,42.396484,69.029849
6398,s,0.023128,0.057000,0.018500,51.635742,98.628351
6399,d,0.002385,0.050550,0.019200,58.908447,72.135393
6404,s,0.023128,0.003900,0.020000,19.816650,47.028351
6405,s,0.023128,0.020400,0.020000,27.223877,63.528351
6406,s,0.023128,0.010800,0.019200,33.936768,53.128351
6407,p,0.003780,0.086200,0.018500,52.084473,108.479849
6400,p,0.003780,0.003950,0.018500,34.973145,26.229849
6401,d,0.002385,0.016000,0.020000,44.632812,38.385393
6402,p,0.003780,0.081650,0.020000,62.839600,105.429849
6403,d,0.002385,0.008600,0.018500,72.123779,29.485393
6408,d,0.002385,0.004300,0.020000,23.973633,26.685393
6409,s,0.023128,0.005500,0.018500,31.461914,47.128351
6410,s,0.023128,0.106800,0.020000,38.137695,149.928351
6411,p,0.003780,0.123250,0.019200,57.199219,146.229849
6412,s,0.023128,0.004400,0.021500,23.356934,49.028351
6413,p,0.003780,0.011950,0.019200,42.422119,34.929849
6414,s,0.023128,0.025500,0.022000,51.534180,70.628351
6415,d,0.002385,0.129600,0.020000,58.558350,151.985393
6416,s,0.023128,0.013100,0.019200,23.351562,55.428351
6417,d,0.002385,0.011600,0.018500,31.437256,32.485393
6418,d,0.002385,0.048950,0.020000,38.570801,71.335393
6419,p,0.003780,0.131100,0.022000,57.554443,156.879849
6420,p,0.003780,0.004500,0.020000,38.226074,28.279849
6421,s,0.023128,0.004450,0.022000,47.327637,49.578351
6422,s,0.023128,0.045800,0.019200,54.322998,88.128351
6423,d,0.002385,0.075900,0.020000,61.427246,98.285393
6428,s,0.023128,0.006550,0.019200,9.491211,48.878351
6429,d,0.002385,0.013900,0.020000,16.508789,36.285393
6430,p,0.003780,0.024000,0.021500,34.710205,49.279849
6431,p,0.003780,0.056100,0.018500,54.965088,78.379849
6424,s,0.023128,0.007250,0.021500,24.383057,51.878351
6425,d,0.002385,0.012450,0.018500,32.449951,33.335393
6426,p,0.003780,0.020000,0.021500,50.628906,45.279849
6427,p,0.003780,0.047150,0.019200,70.780762,70.129849
6432,p,0.003780,0.012150,0.021500,34.866699,37.429849
6433,d,0.002385,0.009300,0.021500,44.400635,33.185393
6434,p,0.003780,0.050300,0.019200,62.461426,73.279849
6435,d,0.002385,0.080450,0.019200,71.815674,102.035393
6436,p,0.003780,0.004800,0.019200,34.642578,27.779849
6437,d,0.002385,0.011500,0.020000,44.052002,33.885393
6438,s,0.023128,0.022500,0.020000,50.885010,65.628351
6439,s,0.023128,0.096500,0.020000,57.606934,139.628351
6440,d,0.002385,0.005650,0.019200,24.146973,27.235393
6441,d,0.002385,0.021000,0.020000,31.753906,43.385393
6442,p,0.003780,0.054650,0.020000,50.142090,78.429849
6443,d,0.002385,0.003700,0.018500,59.409180,24.585393
6444,d,0.002385,0.006000,0.020000,23.887451,28.385393
6445,p,0.003780,0.012550,0.018500,43.415039,34.829849
6446,p,0.003780,0.059500,0.019200,65.911865,82.479849
6447,s,0.023128,0.004350,0.022000,75.648193,49.478351
6448,d,0.002385,0.004700,0.020000,23.944824,27.085393
6449,d,0.002385,0.019150,0.022000,32.179932,43.535393
6450,p,0.003780,0.019050,0.019200,50.579590,42.029849
6451,s,0.023128,0.004900,0.021500,59.577637,49.528351
6452,d,0.002385,0.005000,0.018500,9.494141,25.885393
6453,p,0.003780,0.017500,0.020000,27.658691,41.279849
6454,p,0.003780,0.070050,0.022000,47.716553,95.829849
6455,d,0.002385,0.006700,0.019200,56.991699,28.285393
6456,d,0.002385,0.005100,0.018500,23.015137,25.985393
6457,p,0.003780,0.011600,0.018500,41.914795,33.879849
6458,p,0.003780,0.097050,0.021500,62.053955,122.329849
6459,d,0.002385,0.008500,0.022000,71.766846,32.885393
6460,d,0.002385,0.008400,0.018500,10.009766,29.285393
6461,s,0.023128,0.005050,0.022000,18.731201,50.178351
6462,s,0.023128,0.016950,0.018500,27.540039,58.578351
6463,p,0.003780,0.101400,0.019200,46.944824,124.379849
6464,d,0.002385,0.005850,0.020000,23.413574,28.235393
6465,s,0.023128,0.028900,0.018500,30.942383,70.528351
6466,s,0.023128,0.084000,0.021500,37.679199,128.628351
6467,d,0.002385,0.040900,0.019200,44.702393,62.485393
6468,s,0.023128,0.005350,0.022000,23.188965,50.478351
6469,s,0.023128,0.017350,0.018500,30.879639,58.978351
6470,s,0.023128,0.062100,0.019200,37.711426,104.428351
6471,d,0.002385,0.103800,0.018500,44.724365,124.685393
6472,p,0.003780,0.005550,0.019200,29.668457,28.529849
6473,s,0.023128,0.005600,0.019200,38.936768,47.928351
6474,s,0.023128,0.079550,0.019200,45.692627,121.878351
6475,p,0.003780,0.024400,0.019200,64.005371,47.379849
6476,d,0.002385,0.006350,0.021500,9.249756,30.235393
6477,s,0.023128,0.016500,0.020000,16.223633,59.628351
6478,s,0.023128,0.071450,0.020000,22.974365,114.578351
6479,s,0.023128,0.045000,0.022000,30.224609,90.128351
6480,d,0.002385,0.005100,0.019200,23.637451,26.685393
6481,p,0.003780,0.042450,0.022000,42.533203,68.229849
6482,d,0.002385,0.063050,0.019200,51.794434,84.635393
6483,s,0.023128,0.005750,0.022000,58.578369,50.878351
6492,s,0.023128,0.004800,0.020000,23.367676,47.928351
6493,p,0.003780,0.013550,0.020000,42.484375,37.329849
6494,p,0.003780,0.022650,0.020000,62.754883,46.429849
6495,s,0.023128,0.091750,0.022000,71.717041,136.878351
6488,s,0.023128,0.004500,0.019200,23.466064,46.828351
6489,p,0.003780,0.012550,0.018500,42.427002,34.829849
6490,d,0.002385,0.054600,0.021500,52.135010,78.485393
6491,p,0.003780,0.107950,0.021500,70.474121,133.229849
6484,s,0.023128,0.005150,0.019200,23.567627,47.478351
6485,s,0.023128,0.011700,0.019200,32.694336,54.028351
6486,d,0.002385,0.134700,0.022000,50.782471,159.085393
6487,p,0.003780,0.037100,0.022000,71.183594,62.879849
6496,p,0.003780,0.006950,0.021500,35.802002,32.229849
6497,d,0.002385,0.012050,0.018500,45.435547,32.935393
6498,d,0.002385,0.060500,0.020000,52.908447,82.885393
6499,p,0.003780,0.074500,0.020000,71.332520,98.279849
6500,p,0.003780,0.004250,0.019200,20.359375,27.229849
6501,s,0.023128,0.006800,0.022000,29.596436,51.928351
6502,s,0.023128,0.047100,0.018500,36.303223,88.728351
6503,p,0.003780,0.074800,0.022000,54.128906,100.579849
6504,s,0.023128,0.004150,0.021500,22.971191,48.778351
6505,d,0.002385,0.007000,0.018500,31.102295,27.885393
6506,s,0.023128,0.020750,0.018500,37.814453,62.378351
6507,s,0.023128,0.054100,0.019200,44.514404,96.428351
6508,s,0.023128,0.004700,0.021500,9.239746,49.328351
6509,s,0.023128,0.019000,0.018500,16.010010,60.628351
6510,d,0.002385,0.026750,0.022000,23.124512,51.135393
6511,p,0.003780,0.021250,0.021500,41.502686,46.529849
6512,s,0.023128,0.003900,0.018500,22.992920,45.528351
6513,p,0.003780,0.015500,0.022000,41.873291,41.279849
6514,p,0.003780,0.038450,0.022000,62.365967,64.229849
6515,s,0.023128,0.068100,0.019200,71.310791,110.428351
6516,p,0.003780,0.006300,0.021500,34.868652,31.579849
6517,p,0.003780,0.009600,0.019200,55.008545,32.579849
6518,p,0.003780,0.118250,0.021500,75.424561,143.529849
6519,d,0.002385,0.005100,0.019200,84.837646,26.685393
6524,p,0.003780,0.004500,0.021500,29.611816,29.779849
6525,p,0.003780,0.058750,0.022000,49.902588,84.529849
6526,s,0.023128,0.057850,0.020000,59.036621,100.978351
6527,p,0.003780,0.013950,0.022000,77.035156,39.729849
6520,p,0.003780,0.006150,0.022000,35.222412,31.929849
6521,d,0.002385,0.006450,0.022000,44.674561,30.835393
6522,s,0.023128,0.033300,0.018500,51.511475,74.928351
6523,p,0.003780,0.075900,0.021500,69.403564,101.179849
6528,p,0.003780,0.004000,0.018500,33.566895,26.279849
6529,s,0.023128,0.011050,0.020000,43.583008,54.178351
6530,s,0.023128,0.064450,0.021500,50.961182,109.078351
6531,p,0.003780,0.085150,0.021500,70.095215,110.429849
6536,d,0.002385,0.004300,0.021500,9.430176,28.185393
6537,s,0.023128,0.011400,0.019200,16.471680,53.728351
6538,s,0.023128,0.018950,0.021500,23.165283,63.578351
6539,s,0.023128,0.073450,0.021500,29.870361,118.078351
6532,d,0.002385,0.003800,0.022000,8.235107,28.185393
6533,p,0.003780,0.042650,0.021500,29.083984,67.929849
6534,d,0.002385,0.021750,0.019200,38.949707,43.335393
6535,p,0.003780,0.005000,0.021500,57.592529,30.279849
6540,p,0.003780,0.007900,0.018500,35.302490,30.179849
6541,s,0.023128,0.008400,0.020000,44.446533,51.528351
6542,s,0.023128,0.090650,0.022000,51.250244,135.778351
6543,s,0.023128,0.105950,0.019200,58.100098,148.278351
6544,p,0.003780,0.004400,0.020000,28.781006,28.179849
6545,p,0.003780,0.012450,0.018500,49.157227,34.729849
6546,s,0.023128,0.116750,0.020000,58.378662,159.878351
6547,p,0.003780,0.017750,0.018500,76.432129,40.029849
6552,d,0.002385,0.005850,0.022000,23.639404,30.235393
6553,d,0.002385,0.014350,0.020000,32.176025,36.735393
6554,s,0.023128,0.026150,0.019200,39.102295,68.478351
6555,d,0.002385,0.022850,0.018500,46.154053,43.735393
6548,d,0.002385,0.004850,0.022000,23.624268,29.235393
6549,d,0.002385,0.013400,0.020000,31.397949,35.785393
6550,s,0.023128,0.019050,0.021500,38.178223,63.678351
6551,s,0.023128,0.020400,0.021500,44.805420,65.028351
6556,p,0.003780,0.004800,0.020000,35.425049,28.579849
6557,d,0.002385,0.016200,0.022000,44.870361,40.585393
6558,d,0.002385,0.014500,0.022000,51.994385,38.885393
6559,s,0.023128,0.109550,0.019200,58.785400,151.878351
6560,d,0.002385,0.003950,0.018500,7.221924,24.835393
6561,s,0.023128,0.035000,0.021500,16.650879,79.628351
6562,d,0.002385,0.008800,0.019200,24.680176,30.385393
6563,d,0.002385,0.143900,0.020000,32.544434,166.285393
6568,p,0.003780,0.004900,0.021500,26.520264,30.179849
6569,p,0.003780,0.012650,0.018500,46.777344,34.929849
6570,p,0.003780,0.028950,0.022000,67.417236,54.729849
6571,d,0.002385,0.005000,0.018500,76.751953,25.885393
6564,d,0.002385,0.004450,0.018500,23.564453,25.335393
6565,s,0.023128,0.012000,0.018500,31.076416,53.628351
6566,p,0.003780,0.054550,0.021500,49.209229,79.829849
6567,d,0.002385,0.007200,0.018500,58.449951,28.085393
6572,p,0.003780,0.004450,0.019200,35.505371,27.429849
6573,d,0.002385,0.014500,0.019200,44.976074,36.085393
6574,s,0.023128,0.058650,0.021500,51.816895,103.278351
6575,d,0.002385,0.051150,0.018500,58.789307,72.035393
6576,p,0.003780,0.005700,0.021500,38.642578,30.979849
6577,d,0.002385,0.010150,0.022000,48.008789,34.535393
6578,d,0.002385,0.046300,0.021500,55.053223,70.185393
6579,d,0.002385,0.012750,0.019200,62.046875,34.335393
6580,d,0.002385,0.007550,0.021500,21.175049,31.435393
6581,d,0.002385,0.017100,0.018500,28.744141,37.985393
6582,d,0.002385,0.026850,0.020000,35.801758,49.235393
6583,s,0.023128,0.024150,0.020000,42.637939,67.278351
6584,s,0.023128,0.006050,0.022000,15.596924,51.178351
6585,p,0.003780,0.011500,0.019200,34.128662,34.479849
6586,s,0.023128,0.044550,0.022000,43.070068,89.678351
6587,d,0.002385,0.158900,0.021500,50.909424,182.785393
6588,d,0.002385,0.005300,0.020000,24.762695,27.685393
6589,p,0.003780,0.025500,0.019200,43.565430,48.479849
6590,p,0.003780,0.025000,0.018500,64.031250,47.279849
6591,s,0.023128,0.004800,0.022000,73.150146,49.928351
6592,p,0.003780,0.004650,0.018500,35.552490,26.929849
6593,d,0.002385,0.006150,0.019200,44.913086,27.735393
6594,s,0.023128,0.074650,0.019200,51.776855,116.978351
6595,p,0.003780,0.027050,0.021500,71.654297,52.329849
6596,p,0.003780,0.010150,0.021500,39.464600,35.429849
6597,p,0.003780,0.013250,0.020000,59.575928,37.029849
6598,p,0.003780,0.024300,0.018500,79.779297,46.579849
6599,s,0.023128,0.004900,0.019200,88.776123,47.228351
6600,s,0.023128,0.004250,0.021500,23.255127,48.878351
6601,s,0.023128,0.016350,0.018500,30.862793,57.978351
6602,s,0.023128,0.135050,0.018500,37.556641,176.678351
6603,s,0.023128,0.084250,0.022000,44.249756,129.378351
6604,p,0.003780,0.005550,0.022000,20.793945,31.329849
6605,d,0.002385,0.007800,0.022000,30.055420,32.185393
6606,p,0.003780,0.031350,0.019200,47.989990,54.329849
6607,p,0.003780,0.017500,0.018500,68.121338,39.779849
6608,s,0.023128,0.004500,0.019200,15.267578,46.828351
6609,s,0.023128,0.009200,0.021500,22.564697,53.828351
6610,s,0.023128,0.027350,0.019200,29.358643,69.678351
6611,p,0.003780,0.028650,0.020000,47.660645,52.429849
6612,s,0.023128,0.005200,0.018500,11.046631,46.828351
6613,d,0.002385,0.012050,0.020000,18.267578,34.435393
6614,p,0.003780,0.065250,0.019200,37.149902,88.229849
6615,d,0.002385,0.076100,0.020000,46.503906,98.485393
6620,d,0.002385,0.004600,0.021500,23.676025,28.485393
6621,d,0.002385,0.013700,0.018500,31.357178,34.585393
6622,d,0.002385,0.020600,0.018500,38.372803,41.485393
6623,d,0.002385,0.131100,0.022000,45.538818,155.485393
6616,d,0.002385,0.004850,0.020000,23.113770,27.235393
6617,p,0.003780,0.027550,0.021500,42.138428,52.829849
6618,p,0.003780,0.066250,0.018500,63.070557,88.529849
6619,p,0.003780,0.005300,0.021500,83.219971,30.579849
6628,p,0.003780,0.005150,0.018500,35.315430,27.429849
6629,d,0.002385,0.010550,0.021500,44.647949,34.435393
6630,s,0.023128,0.033250,0.022000,51.401123,78.378351
6631,d,0.002385,0.018600,0.019200,58.533691,40.185393
6624,p,0.003780,0.004450,0.018500,35.389160,26.729849
6625,d,0.002385,0.013550,0.020000,44.711426,35.935393
6626,d,0.002385,0.018450,0.018500,51.765869,39.335393
6627,d,0.002385,0.042950,0.019200,59.013184,64.535393
6640,d,0.002385,0.010250,0.020000,22.913330,32.635393
6641,d,0.002385,0.008200,0.022000,30.878418,32.585393
6642,d,0.002385,0.021150,0.019200,39.147461,42.735393
6643,s,0.023128,0.105600,0.018500,46.785889,147.228351
6632,d,0.002385,0.004600,0.021500,23.439941,28.485393
6633,s,0.023128,0.014500,0.020000,30.984375,57.628351
6634,p,0.003780,0.118100,0.022000,49.165039,143.879849
6635,d,0.002385,0.008150,0.020000,58.450684,30.535393
6636,d,0.002385,0.005700,0.019200,23.598145,27.285393
6637,s,0.023128,0.009200,0.021500,31.554688,53.828351
6638,s,0.023128,0.061050,0.020000,38.272705,104.178351
6639,d,0.002385,0.096200,0.020000,45.226562,118.585393
6644,s,0.023128,0.004450,0.021500,23.076172,49.078351
6645,s,0.023128,0.011050,0.019200,30.819580,53.378351
6646,s,0.023128,0.105550,0.021500,37.525635,150.178351
6647,p,0.003780,0.062100,0.022000,55.799561,87.879849
6648,d,0.002385,0.004850,0.022000,23.231201,29.235393
6649,d,0.002385,0.005850,0.018500,31.110840,26.735393
6650,d,0.002385,0.090300,0.022000,38.515625,114.685393
6651,s,0.023128,0.044750,0.021500,45.303711,89.378351
6652,s,0.023128,0.004000,0.021500,22.878418,48.628351
6653,s,0.023128,0.014850,0.018500,30.456787,56.478351
6654,s,0.023128,0.024300,0.019200,37.126709,66.628351
6655,s,0.023128,0.058700,0.018500,43.793213,100.328351
6656,s,0.023128,0.009450,0.018500,18.178223,51.078351
6657,d,0.002385,0.028250,0.020000,25.652588,50.635393
6658,d,0.002385,0.091650,0.019200,32.699951,113.235393
6659,s,0.023128,0.076100,0.021500,39.503906,120.728351
6660,d,0.002385,0.005450,0.018500,22.625732,26.335393
6661,p,0.003780,0.005600,0.022000,41.417236,31.379849
6662,p,0.003780,0.083700,0.018500,61.655273,105.979849
6663,p,0.003780,0.004750,0.018500,82.523926,27.029849
6664,p,0.003780,0.005150,0.019200,34.677979,28.129849
6665,s,0.023128,0.009050,0.021500,43.908936,53.678351
6666,s,0.023128,0.079550,0.020000,51.304443,122.678351
6667,s,0.023128,0.038750,0.022000,58.822510,83.878351
6668,p,0.003780,0.012000,0.021500,35.219727,37.279849
6669,p,0.003780,0.012000,0.018500,55.410400,34.279849
6670,s,0.023128,0.070050,0.021500,64.448486,114.678351
6671,d,0.002385,0.077150,0.020000,71.464111,99.535393
6672,p,0.003780,0.005600,0.022000,20.407959,31.379849
6673,p,0.003780,0.015450,0.021500,40.727295,40.729849
6674,d,0.002385,0.019850,0.019200,50.135742,41.435393
6675,s,0.023128,0.023000,0.021500,56.925537,67.628351
6676,s,0.023128,0.004000,0.020000,10.811035,47.128351
6677,s,0.023128,0.007000,0.020000,18.395508,50.128351
6678,d,0.002385,0.007650,0.022000,26.096924,32.035393
6679,d,0.002385,0.049500,0.021500,33.769287,73.385393
6680,d,0.002385,0.005500,0.020000,23.614502,27.885393
6681,s,0.023128,0.019750,0.019200,31.134766,62.078351
6682,s,0.023128,0.023250,0.020000,38.003906,66.378351
6683,d,0.002385,0.017850,0.020000,44.994141,40.235393
6684,s,0.023128,0.004500,0.018500,22.863037,46.128351
6685,s,0.023128,0.008800,0.021500,30.527344,53.428351
6686,p,0.003780,0.082200,0.021500,49.340576,107.479849
6687,d,0.002385,0.041600,0.022000,59.101074,65.985393
6688,s,0.023128,0.004700,0.021500,16.702637,49.328351
6689,d,0.002385,0.012100,0.022000,25.184570,36.485393
6690,d,0.002385,0.098500,0.018500,32.826416,119.385393
6691,s,0.023128,0.125150,0.019200,40.023193,167.478351
6692,s,0.023128,0.007850,0.019200,23.031250,50.178351
6693,s,0.023128,0.010100,0.022000,30.619873,55.228351
6694,d,0.002385,0.134700,0.021500,38.059570,158.585393
6695,d,0.002385,0.027100,0.018500,45.080322,47.985393
6696,p,0.003780,0.006700,0.020000,35.264893,30.479849
6697,s,0.023128,0.018950,0.021500,44.447266,63.578351
6698,p,0.003780,0.069450,0.022000,62.489990,95.229849
6699,s,0.023128,0.004850,0.022000,71.590820,49.978351
6700,s,0.023128,0.005350,0.019200,7.454346,47.678351
6701,s,0.023128,0.015050,0.020000,15.958008,58.178351
6702,s,0.023128,0.047250,0.019200,22.937256,89.578351
6703,s,0.023128,0.097900,0.018500,29.850830,139.528351
6704,s,0.023128,0.006400,0.018500,11.960938,48.028351
6705,p,0.003780,0.005600,0.019200,30.299805,28.579849
6706,p,0.003780,0.026650,0.020000,50.969971,50.429849
6707,d,0.002385,0.062100,0.019200,60.309570,83.685393
6708,p,0.003780,0.006550,0.021500,34.641357,31.829849
6709,p,0.003780,0.033200,0.018500,55.200439,55.479849
6710,d,0.002385,0.053800,0.021500,64.589844,77.685393
6711,s,0.023128,0.013850,0.018500,71.470947,55.478351
6712,p,0.003780,0.005400,0.019200,35.312988,28.379849
6713,p,0.003780,0.014800,0.020000,55.449707,38.579849
6714,d,0.002385,0.044800,0.021500,64.789062,68.685393
6715,d,0.002385,0.005350,0.020000,71.851562,27.735393
6716,s,0.023128,0.004600,0.018500,22.559326,46.228351
6717,d,0.002385,0.011050,0.018500,30.479492,31.935393
6718,s,0.023128,0.056950,0.020000,37.436035,100.078351
6719,s,0.023128,0.085200,0.020000,44.339844,128.328351
6720,d,0.002385,0.003650,0.021500,23.482422,27.535393
6721,p,0.003780,0.010200,0.021500,42.684326,35.479849
6722,p,0.003780,0.070700,0.022000,63.208252,96.479849
6723,d,0.002385,0.004050,0.022000,72.529785,28.435393
6724,p,0.003780,0.005150,0.018500,21.655518,27.429849
6725,p,0.003780,0.014550,0.018500,42.056641,36.829849
6726,d,0.002385,0.017800,0.019200,51.445068,39.385393
6727,s,0.023128,0.005550,0.021500,58.288330,50.178351
6732,p,0.003780,0.004850,0.019200,21.942383,27.829849
6733,s,0.023128,0.007350,0.019200,31.849121,49.678351
6734,d,0.002385,0.063650,0.020000,39.377686,86.035393
6735,d,0.002385,0.122950,0.019200,46.734131,144.535393
6728,s,0.023128,0.004400,0.018500,6.672852,46.028351
6729,s,0.023128,0.016400,0.021500,14.291504,61.028351
6730,s,0.023128,0.011100,0.022000,21.014404,56.228351
6731,s,0.023128,0.067450,0.019200,27.759521,109.778351
6736,p,0.003780,0.004500,0.019200,35.245117,27.479849
6737,d,0.002385,0.006950,0.019200,44.711426,28.535393
6738,p,0.003780,0.022500,0.022000,64.740967,48.279849
6739,d,0.002385,0.003950,0.020000,75.272705,26.335393
6740,d,0.002385,0.004550,0.022000,9.788330,28.935393
6741,s,0.023128,0.016050,0.018500,16.605225,57.678351
6742,d,0.002385,0.035150,0.018500,23.601562,56.035393
6743,d,0.002385,0.059500,0.021500,30.910400,83.385393
6748,p,0.003780,0.005100,0.018500,22.990479,27.379849
6749,d,0.002385,0.028300,0.018500,33.094971,49.185393
6750,s,0.023128,0.024150,0.022000,40.740234,69.278351
6751,d,0.002385,0.032700,0.022000,48.218750,57.085393
6744,s,0.023128,0.003400,0.019200,23.386719,45.728351
6745,d,0.002385,0.012100,0.021500,31.321777,35.985393
6746,s,0.023128,0.043500,0.018500,38.386475,85.128351
6747,p,0.003780,0.091150,0.018500,56.700195,113.429849
6752,s,0.023128,0.006000,0.018500,22.589111,47.628351
6753,s,0.023128,0.035450,0.019200,29.816650,77.778351
6754,d,0.002385,0.098150,0.019200,37.021240,119.735393
6755,d,0.002385,0.076550,0.022000,44.221436,100.935393
6756,d,0.002385,0.005350,0.022000,22.887695,29.735393
6757,s,0.023128,0.047850,0.022000,30.956787,92.978351
6758,d,0.002385,0.034500,0.020000,39.004639,56.885393
6759,p,0.003780,0.143650,0.019200,59.804932,166.629849
6764,s,0.023128,0.007400,0.020000,9.872070,50.528351
6765,s,0.023128,0.011450,0.019200,19.729492,53.778351
6766,d,0.002385,0.027950,0.022000,26.753662,52.335393
6767,s,0.023128,0.075900,0.021500,33.666748,120.528351
6760,d,0.002385,0.005000,0.019200,13.591309,26.585393
6761,p,0.003780,0.017100,0.018500,34.008545,39.379849
6762,p,0.003780,0.125500,0.020000,55.900146,149.279849
6763,p,0.003780,0.006500,0.018500,76.968506,28.779849
6768,p,0.003780,0.004800,0.021500,20.537842,30.079849
6769,p,0.003780,0.016600,0.022000,40.947266,42.379849
6770,s,0.023128,0.021600,0.022000,50.008301,66.728351
6771,d,0.002385,0.005200,0.020000,57.004883,27.585393
6772,p,0.003780,0.005750,0.021500,30.108643,31.029849
6773,p,0.003780,0.015950,0.021500,51.105713,41.229849
6774,p,0.003780,0.041800,0.020000,71.456543,65.579849
6775,s,0.023128,0.005600,0.018500,80.517334,47.228351
6776,s,0.023128,0.007850,0.021500,23.646729,52.478351
6777,d,0.002385,0.017600,0.020000,31.751465,39.985393
6778,p,0.003780,0.023650,0.020000,49.906494,47.429849
6779,d,0.002385,0.052250,0.022000,59.208496,76.635393
6780,d,0.002385,0.006950,0.021500,23.546875,30.835393
6781,s,0.023128,0.022400,0.021500,31.054199,67.028351
6782,s,0.023128,0.069150,0.022000,37.999023,114.278351
6783,s,0.023128,0.073450,0.020000,44.914551,116.578351
6784,p,0.003780,0.007900,0.021500,24.017090,33.179849
6785,p,0.003780,0.028250,0.022000,44.293945,54.029849
6786,p,0.003780,0.122000,0.018500,64.495850,144.279849
6787,s,0.023128,0.004650,0.020000,73.496094,47.778351
6788,p,0.003780,0.005350,0.022000,33.719971,31.129849
6789,s,0.023128,0.027550,0.020000,42.772461,70.678351
6790,s,0.023128,0.150300,0.019200,49.543457,192.628351
6791,s,0.023128,0.048550,0.022000,56.650391,93.678351
6792,d,0.002385,0.006550,0.018500,23.541260,27.435393
6793,s,0.023128,0.009150,0.021500,31.118652,53.778351
6794,d,0.002385,0.071450,0.019200,38.149170,93.035393
6795,s,0.023128,0.079300,0.020000,44.980713,122.428351
6796,d,0.002385,0.004550,0.021500,23.448486,28.435393
6797,s,0.023128,0.020500,0.020000,31.045410,63.628351
6798,d,0.002385,0.012400,0.018500,38.189209,33.285393
6799,p,0.003780,0.054100,0.022000,57.745117,79.879849
6800,s,0.023128,0.005500,0.018500,9.546875,47.128351
6801,d,0.002385,0.012100,0.021500,16.629150,35.985393
6802,s,0.023128,0.023050,0.020000,23.650146,66.178351
6803,d,0.002385,0.043350,0.019200,30.737061,64.935393
6804,d,0.002385,0.005750,0.018500,23.390137,26.635393
6805,p,0.003780,0.011150,0.019200,42.225586,34.129849
6806,s,0.023128,0.018750,0.020000,51.242188,61.878351
6807,s,0.023128,0.016900,0.020000,57.952881,60.028351
6808,d,0.002385,0.005000,0.019200,23.641602,26.585393
6809,d,0.002385,0.024400,0.022000,31.497070,48.785393
6810,s,0.023128,0.095500,0.019200,38.327637,137.828351
6811,d,0.002385,0.023000,0.021500,45.218262,46.885393
6812,p,0.003780,0.004900,0.019200,35.235596,27.879849
6813,d,0.002385,0.013700,0.018500,44.553955,34.585393
6814,p,0.003780,0.059300,0.018500,62.693359,81.579849
6815,s,0.023128,0.004700,0.020000,71.721191,47.828351
6816,p,0.003780,0.009550,0.022000,35.367920,35.329849
6817,s,0.023128,0.020950,0.021500,44.547852,65.578351
6818,d,0.002385,0.037700,0.021500,51.607910,61.585393
6819,p,0.003780,0.024500,0.021500,69.577393,49.779849
6820,p,0.003780,0.004450,0.019200,35.238037,27.429849
6821,p,0.003780,0.013850,0.020000,55.443115,37.629849
6822,p,0.003780,0.129300,0.018500,76.217041,151.579849
6823,d,0.002385,0.005700,0.021500,85.597656,29.585393
6824,s,0.023128,0.004800,0.020000,11.093262,47.928351
6825,p,0.003780,0.011500,0.020000,29.364014,35.279849
6826,d,0.002385,0.083600,0.019200,38.740967,105.185393
6827,s,0.023128,0.117350,0.020000,45.790527,160.478351
6828,p,0.003780,0.004600,0.018500,34.866211,26.879849
6829,d,0.002385,0.019150,0.018500,44.267334,40.035393
6830,s,0.023128,0.062100,0.022000,51.000000,107.228351
6831,d,0.002385,0.068100,0.019200,57.968506,89.685393
6832,s,0.023128,0.005750,0.020000,23.451416,48.878351
6833,s,0.023128,0.007900,0.019200,30.977051,50.228351
6834,d,0.002385,0.071450,0.021500,37.985352,95.335393
6835,s,0.023128,0.022750,0.018500,44.902100,64.378351
6836,s,0.023128,0.004650,0.020000,9.564697,47.778351
6837,d,0.002385,0.010900,0.019200,16.715332,32.485393
6838,d,0.002385,0.067400,0.022000,23.740967,91.785393
6839,p,0.003780,0.052650,0.021500,41.851807,77.929849
6840,d,0.002385,0.004550,0.021500,22.844727,28.435393
6841,d,0.002385,0.006200,0.020000,30.517334,28.585393
6842,s,0.023128,0.062850,0.018500,37.531250,104.478351
6843,s,0.023128,0.093950,0.021500,44.462891,138.578351
6844,d,0.002385,0.005300,0.022000,9.282471,29.685393
6845,p,0.003780,0.016850,0.019200,27.566895,39.829849
6846,d,0.002385,0.031900,0.020000,36.773438,54.285393
6847,d,0.002385,0.045950,0.021500,44.176758,69.835393
6856,p,0.003780,0.004850,0.020000,28.193604,28.629849
6857,s,0.023128,0.017600,0.020000,38.338135,60.728351
6858,d,0.002385,0.025700,0.020000,46.080811,48.085393
6859,d,0.002385,0.096500,0.022000,53.665527,120.885393
6848,s,0.023128,0.004900,0.021500,24.705566,49.528351
6849,p,0.003780,0.028550,0.022000,44.843262,54.329849
6850,s,0.023128,0.101200,0.022000,53.925293,146.328351
6851,s,0.023128,0.040200,0.018500,60.746094,81.828351
6852,p,0.003780,0.008050,0.019200,35.185059,31.029849
6853,s,0.023128,0.020700,0.022000,44.416992,65.828351
6854,p,0.003780,0.011250,0.020000,62.526123,35.029849
6855,p,0.003780,0.017450,0.018500,82.729980,39.729849
6864,p,0.003780,0.005100,0.022000,34.816895,30.879849
6865,p,0.003780,0.008250,0.018500,55.183350,30.529849
6866,s,0.023128,0.023200,0.022000,64.393066,68.328351
6867,p,0.003780,0.103650,0.019200,82.687744,126.629849
6860,s,0.023128,0.012050,0.022000,23.242676,57.178351
6861,d,0.002385,0.016350,0.022000,31.242920,40.735393
6862,s,0.023128,0.089600,0.021500,38.019287,134.228351
6863,d,0.002385,0.117150,0.020000,44.999756,139.535393
6868,s,0.023128,0.005850,0.021500,16.053223,50.478351
6869,s,0.023128,0.009900,0.022000,23.658203,55.028351
6870,s,0.023128,0.025700,0.022000,31.167236,70.828351
6871,d,0.002385,0.083850,0.018500,38.916504,104.735393
6872,s,0.023128,0.005750,0.022000,23.579834,50.878351
6873,d,0.002385,0.015950,0.021500,31.442139,39.835393
6874,s,0.023128,0.037700,0.020000,38.583008,80.828351
6875,s,0.023128,0.062100,0.022000,45.447510,107.228351
6876,s,0.023128,0.004450,0.019200,23.094727,46.778351
6877,d,0.002385,0.022550,0.021500,31.041504,46.435393
6878,d,0.002385,0.017800,0.020000,38.648682,40.185393
6879,d,0.002385,0.018600,0.022000,45.779541,42.985393
6880,d,0.002385,0.006200,0.019200,14.357910,27.785393
6881,d,0.002385,0.010200,0.019200,23.445068,31.785393
6882,p,0.003780,0.038850,0.018500,43.665283,61.129849
6883,d,0.002385,0.005850,0.021500,53.597168,29.735393
6884,d,0.002385,0.004950,0.020000,23.191406,27.335393
6885,s,0.023128,0.012500,0.018500,30.820801,54.128351
6886,p,0.003780,0.062100,0.022000,48.846191,87.879849
6887,s,0.023128,0.004150,0.020000,57.857178,47.278351
6888,s,0.023128,0.014100,0.019200,9.408447,56.428351
6889,s,0.023128,0.017650,0.019200,16.348389,59.978351
6890,d,0.002385,0.021600,0.022000,23.542236,45.985393
6891,s,0.023128,0.046050,0.018500,30.359863,87.678351
6892,s,0.023128,0.003850,0.021500,22.478271,48.478351
6893,d,0.002385,0.010900,0.022000,30.752197,35.285393
6894,s,0.023128,0.070900,0.019200,38.374023,113.228351
6895,s,0.023128,0.063850,0.018500,46.061279,105.478351
6896,p,0.003780,0.004900,0.021500,34.848145,30.179849
6897,d,0.002385,0.007550,0.022000,44.322266,31.935393
6898,s,0.023128,0.026750,0.022000,51.033203,71.878351
6899,d,0.002385,0.091550,0.021500,57.959473,115.435393
6900,d,0.002385,0.004800,0.022000,9.810547,29.185393
6901,d,0.002385,0.009150,0.018500,17.216309,30.035393
6902,p,0.003780,0.091750,0.020000,37.638184,115.529849
6903,p,0.003780,0.005950,0.018500,59.674805,28.229849
6908,d,0.002385,0.005350,0.018500,24.379395,26.235393
6909,p,0.003780,0.021000,0.022000,43.779541,46.779849
6910,d,0.002385,0.093450,0.018500,53.504883,114.335393
6911,p,0.003780,0.009000,0.019200,71.783203,31.979849
6904,p,0.003780,0.004150,0.021500,35.124268,29.429849
6905,p,0.003780,0.035350,0.019200,55.714355,58.329849
6906,p,0.003780,0.129250,0.018500,76.056641,151.529849
6907,p,0.003780,0.014000,0.021500,96.170410,39.279849
6916,d,0.002385,0.004100,0.020000,9.668701,26.485393
6917,d,0.002385,0.021000,0.020000,16.794922,43.385393
6918,d,0.002385,0.081450,0.020000,23.844238,103.835393
6919,d,0.002385,0.091600,0.022000,30.904297,115.985393
6912,s,0.023128,0.004300,0.019200,23.020996,46.628351
6913,p,0.003780,0.034600,0.022000,41.957520,60.379849
6914,s,0.023128,0.017800,0.021500,51.011475,62.428351
6915,s,0.023128,0.022850,0.019200,57.940430,65.178351
6920,d,0.002385,0.004250,0.018500,8.324219,25.135393
6921,p,0.003780,0.007000,0.020000,31.108643,30.779849
6922,p,0.003780,0.006750,0.020000,51.694336,30.529849
6923,s,0.023128,0.021750,0.018500,60.839355,63.378351
6924,s,0.023128,0.012900,0.019200,10.402588,55.228351
6925,p,0.003780,0.010550,0.022000,35.153076,36.329849
6926,d,0.002385,0.128250,0.020000,44.681885,150.635393
6927,p,0.003780,0.062500,0.019200,62.895020,85.479849
6928,p,0.003780,0.006000,0.018500,35.107666,28.279849
6929,s,0.023128,0.011500,0.021500,44.226807,56.128351
6930,p,0.003780,0.092450,0.019200,62.241699,115.429849
6931,d,0.002385,0.005750,0.019200,71.597412,27.335393
6932,s,0.023128,0.011800,0.022000,22.974121,56.928351
6933,p,0.003780,0.009550,0.021500,42.056641,34.829849
6934,d,0.002385,0.061150,0.021500,52.312012,85.035393
6935,d,0.002385,0.083850,0.021500,60.268311,107.735393
6936,s,0.023128,0.006200,0.021500,9.952148,50.828351
6937,s,0.023128,0.010650,0.020000,18.787842,53.778351
6938,p,0.003780,0.024800,0.022000,36.776855,50.579849
6939,p,0.003780,0.094300,0.022000,56.871094,120.079849
6940,d,0.002385,0.004900,0.019200,22.270020,26.485393
6941,d,0.002385,0.005050,0.020000,29.961670,27.435393
6942,d,0.002385,0.046150,0.020000,37.041016,68.535393
6943,d,0.002385,0.035550,0.022000,44.150635,59.935393
6944,s,0.023128,0.004500,0.018500,23.276367,46.128351
6945,d,0.002385,0.017650,0.018500,31.822754,38.535393
6946,s,0.023128,0.099600,0.022000,38.989014,144.728351
6947,s,0.023128,0.038150,0.018500,45.869629,79.778351
6948,d,0.002385,0.004750,0.022000,9.842773,29.135393
6949,p,0.003780,0.025500,0.020000,28.213623,49.279849
6950,p,0.003780,0.114850,0.020000,48.291260,138.629849
6951,d,0.002385,0.004850,0.020000,57.647461,27.235393
6952,p,0.003780,0.008450,0.018500,20.287598,30.729849
6953,s,0.023128,0.016950,0.020000,29.762695,60.078351
6954,d,0.002385,0.088850,0.022000,36.925049,113.235393
6955,s,0.023128,0.032250,0.022000,43.946777,77.378351
6956,s,0.023128,0.006700,0.019200,23.404785,49.028351
6957,p,0.003780,0.007150,0.019200,42.452637,30.129849
6958,s,0.023128,0.106600,0.022000,51.551270,151.728351
6959,d,0.002385,0.093500,0.020000,58.785400,115.885393
6960,p,0.003780,0.010250,0.021500,35.084961,35.529849
6961,p,0.003780,0.010800,0.020000,55.199463,34.579849
6962,p,0.003780,0.020850,0.021500,75.383301,46.129849
6963,d,0.002385,0.005350,0.022000,84.658691,29.735393
6964,s,0.023128,0.004550,0.019200,23.139160,46.878351
6965,s,0.023128,0.012450,0.018500,31.051025,54.078351
6966,s,0.023128,0.094100,0.022000,38.113281,139.228351
6967,d,0.002385,0.014150,0.018500,45.255615,35.035393
6968,d,0.002385,0.007850,0.022000,25.749023,32.235393
6969,d,0.002385,0.017850,0.022000,34.470215,42.235393
6970,s,0.023128,0.060600,0.020000,42.441895,103.728351
6971,s,0.023128,0.093100,0.021500,50.364990,137.728351
6972,p,0.003780,0.006400,0.018500,36.698975,28.679849
6973,p,0.003780,0.014950,0.022000,56.926025,40.729849
6974,p,0.003780,0.069850,0.019200,77.309326,92.829849
6975,d,0.002385,0.006450,0.019200,86.854004,28.035393
6976,d,0.002385,0.004550,0.020000,24.535645,26.935393
6977,s,0.023128,0.012750,0.021500,32.165527,57.378351
6978,p,0.003780,0.011850,0.020000,50.699219,35.629849
6979,p,0.003780,0.004850,0.018500,71.046631,27.129849
6980,p,0.003780,0.012000,0.019200,35.068115,34.979849
6981,p,0.003780,0.014850,0.019200,55.362305,37.829849
6982,p,0.003780,0.054350,0.021500,75.878906,79.629849
6983,d,0.002385,0.006000,0.020000,85.270020,28.385393
6984,p,0.003780,0.004050,0.020000,23.081299,27.829849
6985,d,0.002385,0.032400,0.021500,32.603027,56.285393
6986,d,0.002385,0.019650,0.019200,39.663330,41.235393
6987,s,0.023128,0.017200,0.019200,46.555908,59.528351
6988,p,0.003780,0.005650,0.021500,17.648926,30.929849
6989,p,0.003780,0.017650,0.020000,38.031250,41.429849
6990,s,0.023128,0.012600,0.022000,47.103027,57.728351
6991,d,0.002385,0.048550,0.021500,54.445312,72.435393
6992,d,0.002385,0.007450,0.019200,23.306152,29.035393
6993,p,0.003780,0.014050,0.018500,42.225342,36.329849
6994,d,0.002385,0.047100,0.022000,51.503174,71.485393
6995,d,0.002385,0.006700,0.018500,58.555908,27.585393
6996,s,0.023128,0.006450,0.018500,22.980225,48.078351
6997,d,0.002385,0.015450,0.021500,30.893066,39.335393
6998,d,0.002385,0.071450,0.018500,37.876953,92.335393
6999,d,0.002385,0.037300,0.018500,44.876221,58.185393
7000,p,0.003780,0.005400,0.019200,36.321777,28.379849
7001,p,0.003780,0.015700,0.019200,59.348633,38.679849
7002,d,0.002385,0.103400,0.020000,69.617188,125.785393
7003,s,0.023128,0.011000,0.021500,76.651611,55.628351
7004,d,0.002385,0.044000,0.022000,23.288086,68.385393
7005,d,0.002385,0.008800,0.022000,31.113770,33.185393
7006,d,0.002385,0.027000,0.019200,38.143066,48.585393
7007,s,0.023128,0.132500,0.018500,44.915527,174.128351
7008,p,0.003780,0.006200,0.021500,35.400391,31.479849
7009,s,0.023128,0.007000,0.022000,44.372070,52.128351
7010,d,0.002385,0.071000,0.019200,51.733887,92.585393
7011,s,0.023128,0.105950,0.022000,58.927979,151.078351
7012,d,0.002385,0.017350,0.022000,24.176758,41.735393
7013,s,0.023128,0.007800,0.020000,31.431885,50.928351
7014,d,0.002385,0.035500,0.019200,38.846436,57.085393
7015,d,0.002385,0.081650,0.022000,45.863525,106.035393
7016,s,0.023128,0.005500,0.021500,23.137695,50.128351
7017,p,0.003780,0.006100,0.020000,44.028320,29.879849
7018,s,0.023128,0.026800,0.019200,54.672363,69.128351
7019,d,0.002385,0.029350,0.021500,62.491455,53.235393
7020,s,0.023128,0.010150,0.019200,26.921387,52.478351
7021,d,0.002385,0.011950,0.018500,35.931641,32.835393
7022,p,0.003780,0.054850,0.021500,54.344971,80.129849
7023,d,0.002385,0.059800,0.021500,63.819336,83.685393
7024,d,0.002385,0.004650,0.022000,23.504639,29.035393
7025,p,0.003780,0.012450,0.018500,42.352295,34.729849
7026,p,0.003780,0.041950,0.020000,62.489502,65.729849
7027,p,0.003780,0.005100,0.022000,82.565186,30.879849
7028,d,0.002385,0.008950,0.019200,23.771240,30.535393
7029,s,0.023128,0.016400,0.019200,31.375977,58.728351
7030,s,0.023128,0.088400,0.022000,38.121338,133.528351
7031,p,0.003780,0.074500,0.019200,56.290039,97.479849
7032,s,0.023128,0.005050,0.022000,22.832275,50.178351
7033,p,0.003780,0.005700,0.019200,41.688965,28.679849
7034,s,0.023128,0.054600,0.018500,50.864014,96.228351
7035,p,0.003780,0.094350,0.020000,69.102295,118.129849
7036,d,0.002385,0.006200,0.018500,23.258301,27.085393
7037,d,0.002385,0.011400,0.021500,31.534424,35.285393
7038,s,0.023128,0.035150,0.021500,38.405029,79.778351
7039,d,0.002385,0.104200,0.020000,45.406250,126.585393
7048,p,0.003780,0.005500,0.018500,35.260010,27.779849
7049,d,0.002385,0.012500,0.022000,44.555664,36.885393
7050,s,0.023128,0.025050,0.022000,51.332520,70.178351
7051,p,0.003780,0.028700,0.022000,69.293701,54.479849
7040,p,0.003780,0.004700,0.020000,34.988037,28.479849
7041,d,0.002385,0.011100,0.019200,44.312988,32.685393
7042,s,0.023128,0.058850,0.018500,51.140381,100.478351
7043,p,0.003780,0.086550,0.018500,69.328613,108.829849
7044,d,0.002385,0.006350,0.020000,23.260254,28.735393
7045,d,0.002385,0.014750,0.022000,31.152344,39.135393
7046,s,0.023128,0.086700,0.019200,38.093994,129.028351
7047,p,0.003780,0.033050,0.018500,56.323975,55.329849
7052,d,0.002385,0.005650,0.022000,9.781738,30.035393
7053,d,0.002385,0.018250,0.021500,16.903076,42.135393
7054,s,0.023128,0.022300,0.021500,23.673096,66.928351
7055,p,0.003780,0.103100,0.021500,41.769775,128.379849
7056,d,0.002385,0.005050,0.020000,9.059814,27.435393
7057,d,0.002385,0.007750,0.021500,16.245605,31.635393
7058,p,0.003780,0.018300,0.018500,36.444092,40.579849
7059,s,0.023128,0.003900,0.018500,46.741699,45.528351
7060,d,0.002385,0.007350,0.019200,23.642822,28.935393
7061,s,0.023128,0.013650,0.021500,31.206543,58.278351
7062,s,0.023128,0.061250,0.018500,38.117676,102.878351
7063,p,0.003780,0.020350,0.018500,56.323730,42.629849
7064,d,0.002385,0.005200,0.021500,22.360352,29.085393
7065,p,0.003780,0.007750,0.021500,41.217529,33.029849
7066,s,0.023128,0.104550,0.022000,50.377197,149.678351
7067,p,0.003780,0.004350,0.019200,68.424316,27.329849
7068,s,0.023128,0.004350,0.021500,8.935547,48.978351
7069,p,0.003780,0.012000,0.021500,27.240479,37.279849
7070,s,0.023128,0.075250,0.019200,36.650635,117.578351
7071,s,0.023128,0.057100,0.018500,43.541748,98.728351
7072,s,0.023128,0.005000,0.022000,22.737305,50.128351
7073,d,0.002385,0.007100,0.019200,30.557129,28.685393
7074,p,0.003780,0.134700,0.019200,48.780518,157.679849
7075,d,0.002385,0.063100,0.019200,58.092773,84.685393
7076,d,0.002385,0.004600,0.018500,23.774414,25.485393
7077,s,0.023128,0.010200,0.019200,31.171387,52.528351
7078,p,0.003780,0.027750,0.019200,49.412109,50.729849
7079,d,0.002385,0.004600,0.019200,58.642334,26.185393
7080,s,0.023128,0.005050,0.020000,15.101318,48.178351
7081,p,0.003780,0.009300,0.018500,35.206787,31.579849
7082,s,0.023128,0.125500,0.022000,45.280029,170.628351
7083,s,0.023128,0.079400,0.019200,52.556885,121.728351
7084,p,0.003780,0.005700,0.019200,35.276855,28.679849
7085,s,0.023128,0.007150,0.020000,44.431396,50.278351
7086,s,0.023128,0.086700,0.022000,51.167969,131.828351
7087,s,0.023128,0.078300,0.018500,57.895508,119.928351
7088,s,0.023128,0.005100,0.020000,23.100342,48.228351
7089,p,0.003780,0.005850,0.019200,42.613281,28.829849
7090,p,0.003780,0.107000,0.022000,63.159424,132.779849
7091,p,0.003780,0.037300,0.019200,83.710693,60.279849
7092,s,0.023128,0.007300,0.021500,21.620605,51.928351
7093,s,0.023128,0.016400,0.020000,29.096436,59.528351
7094,d,0.002385,0.015400,0.019200,36.377930,36.985393
7095,p,0.003780,0.095550,0.022000,54.783691,121.329849
7096,d,0.002385,0.008500,0.018500,23.269531,29.385393
7097,p,0.003780,0.064900,0.020000,41.850098,88.679849
7098,d,0.002385,0.029450,0.022000,51.170898,53.835393
7099,d,0.002385,0.061800,0.020000,58.190918,84.185393
7100,d,0.002385,0.008450,0.022000,23.715820,32.835393
7101,s,0.023128,0.010650,0.021500,31.211426,55.278351
7102,s,0.023128,0.020000,0.019200,37.916748,62.328351
7103,p,0.003780,0.142500,0.022000,56.423584,168.279849
7104,p,0.003780,0.010150,0.020000,20.194824,33.929849
7105,p,0.003780,0.009300,0.019200,40.510010,32.279849
7106,s,0.023128,0.071450,0.021500,49.646240,116.078351
7107,p,0.003780,0.109500,0.020000,67.906982,133.279849
7108,s,0.023128,0.005200,0.018500,13.402100,46.828351
7109,s,0.023128,0.012150,0.019200,20.783203,54.478351
7110,s,0.023128,0.029450,0.022000,28.351562,74.578351
7111,p,0.003780,0.024350,0.019200,48.142578,47.329849
7112,s,0.023128,0.004150,0.021500,23.131348,48.778351
7113,s,0.023128,0.015400,0.022000,30.711670,60.528351
7114,p,0.003780,0.128450,0.020000,54.167969,152.229849
7115,d,0.002385,0.061100,0.021500,65.021729,84.985393
7116,d,0.002385,0.021000,0.019200,20.446777,42.585393
7117,p,0.003780,0.023550,0.022000,39.238770,49.329849
7118,d,0.002385,0.070750,0.019200,48.520996,92.335393
7119,d,0.002385,0.045950,0.018500,55.556885,66.835393
7120,p,0.003780,0.005750,0.021500,35.236572,31.029849
7121,d,0.002385,0.025050,0.018500,44.629639,45.935393
7122,s,0.023128,0.121800,0.022000,51.438232,166.928351
7123,s,0.023128,0.040900,0.019200,58.312744,83.228351
7124,p,0.003780,0.004800,0.022000,34.732910,30.579849
7125,d,0.002385,0.010100,0.018500,44.089844,30.985393
7126,s,0.023128,0.090100,0.021500,51.018311,134.728351
7127,p,0.003780,0.016400,0.020000,71.159180,40.179849
7128,s,0.023128,0.004900,0.019200,23.295898,47.228351
7129,d,0.002385,0.007150,0.021500,31.119873,31.035393
7130,p,0.003780,0.059200,0.020000,49.557373,82.979849
7131,d,0.002385,0.125000,0.020000,58.883057,147.385393
7136,s,0.023128,0.007000,0.018500,9.319824,48.628351
7137,s,0.023128,0.015350,0.018500,16.338379,56.978351
7138,d,0.002385,0.074650,0.022000,23.607910,99.035393
7139,p,0.003780,0.086300,0.020000,42.020508,110.079849
7132,s,0.023128,0.003800,0.018500,18.318359,45.428351
7133,s,0.023128,0.013850,0.022000,25.914062,58.978351
7134,s,0.023128,0.045450,0.018500,32.864014,87.078351
7135,p,0.003780,0.095650,0.020000,51.541260,119.429849
7140,d,0.002385,0.004450,0.020000,17.407227,26.835393
7141,p,0.003780,0.014800,0.018500,37.361572,37.079849
7142,p,0.003780,0.020850,0.022000,57.729248,46.629849
7143,s,0.023128,0.004900,0.019200,66.998535,47.228351
7144,p,0.003780,0.005600,0.019200,21.760010,28.579849
7145,p,0.003780,0.009800,0.022000,46.141602,35.579849
7146,p,0.003780,0.027500,0.022000,71.350342,53.279849
7147,d,0.002385,0.004700,0.022000,81.517334,29.085393
7152,d,0.002385,0.017350,0.018500,23.538086,38.235393
7153,p,0.003780,0.016050,0.019200,42.683105,39.029849
7154,p,0.003780,0.027900,0.019200,62.798828,50.879849
7155,d,0.002385,0.005400,0.021500,72.459717,29.285393
7148,p,0.003780,0.009850,0.019200,35.136230,32.829849
7149,p,0.003780,0.014450,0.022000,56.254639,40.229849
7150,d,0.002385,0.027900,0.021500,66.682129,51.785393
7151,d,0.002385,0.057100,0.022000,74.896729,81.485393
7156,s,0.023128,0.008450,0.018500,23.246582,50.078351
7157,d,0.002385,0.019000,0.019200,31.149414,40.585393
7158,d,0.002385,0.027050,0.019200,38.207275,48.635393
7159,s,0.023128,0.121800,0.018500,44.956543,163.428351
7160,d,0.002385,0.003500,0.018500,10.476318,24.385393
7161,d,0.002385,0.007650,0.020000,17.864746,30.035393
7162,p,0.003780,0.059300,0.020000,36.363525,83.079849
7163,s,0.023128,0.005050,0.020000,45.533203,48.178351
7164,p,0.003780,0.004400,0.020000,35.317383,28.179849
7165,s,0.023128,0.015150,0.020000,44.355225,58.278351
7166,p,0.003780,0.053800,0.021500,62.295654,79.079849
7167,p,0.003780,0.005350,0.021500,82.517090,30.629849
7168,p,0.003780,0.004500,0.018500,35.036377,26.779849
7169,p,0.003780,0.014350,0.020000,56.647461,38.129849
7170,s,0.023128,0.013650,0.022000,66.875244,58.778351
7171,p,0.003780,0.007850,0.018500,86.392578,30.129849
7172,p,0.003780,0.012150,0.021500,49.625244,37.429849
7173,p,0.003780,0.012800,0.019200,69.906738,35.779849
7174,s,0.023128,0.092300,0.019200,78.912598,134.628351
7175,s,0.023128,0.109850,0.022000,85.788574,154.978351
7176,s,0.023128,0.005500,0.022000,23.035156,50.628351
7177,d,0.002385,0.005200,0.021500,31.008301,29.085393
7178,s,0.023128,0.028200,0.022000,37.768311,73.328351
7179,p,0.003780,0.029400,0.020000,56.871338,53.179849
7180,d,0.002385,0.004250,0.022000,26.967285,28.635393
7181,s,0.023128,0.005750,0.019200,35.225586,48.078351
7182,p,0.003780,0.023000,0.019200,53.638184,45.979849
7183,d,0.002385,0.003950,0.019200,62.991699,25.535393
7184,s,0.023128,0.007250,0.019200,22.964355,49.578351
7185,p,0.003780,0.007750,0.021500,41.941406,33.029849
7186,d,0.002385,0.026400,0.021500,51.409912,50.285393
7187,p,0.003780,0.038750,0.020000,69.809570,62.529849
7188,s,0.023128,0.005750,0.022000,23.202393,50.878351
7189,p,0.003780,0.017500,0.019200,42.111572,40.479849
7190,d,0.002385,0.054000,0.021500,51.454102,77.885393
7191,d,0.002385,0.041100,0.019200,58.578125,62.685393
7192,p,0.003780,0.004900,0.019200,21.647705,27.879849
7193,d,0.002385,0.011150,0.019200,32.052734,32.735393
7194,d,0.002385,0.027000,0.020000,39.744141,49.385393
7195,d,0.002385,0.030300,0.021500,47.139404,54.185393
7196,s,0.023128,0.006750,0.018500,23.162842,48.378351
7197,d,0.002385,0.007600,0.018500,31.162109,28.485393
7198,d,0.002385,0.011850,0.019200,38.111572,33.435393
7199,s,0.023128,0.025100,0.019200,45.019287,67.428351
7200,d,0.002385,0.005700,0.020000,23.779053,28.085393
7201,d,0.002385,0.014100,0.022000,31.891602,38.485393
7202,p,0.003780,0.040200,0.019200,50.020752,63.179849
7203,d,0.002385,0.004650,0.019200,59.488281,26.235393
7208,p,0.003780,0.006150,0.021500,25.578125,31.429849
7209,d,0.002385,0.007350,0.022000,34.932129,31.735393
7210,d,0.002385,0.081450,0.021500,41.951904,105.335393
7211,p,0.003780,0.036100,0.021500,60.034912,61.379849
7204,d,0.002385,0.004550,0.022000,23.880859,28.935393
7205,p,0.003780,0.043250,0.019200,42.670654,66.229849
7206,d,0.002385,0.016950,0.020000,51.958008,39.335393
7207,d,0.002385,0.004550,0.020000,59.195801,26.935393
7212,p,0.003780,0.005700,0.019200,30.679443,28.679849
7213,s,0.023128,0.015600,0.020000,39.941895,58.728351
7214,d,0.002385,0.071450,0.020000,47.157715,93.835393
7215,p,0.003780,0.087600,0.021500,65.398438,112.879849
7216,s,0.023128,0.008600,0.018500,6.661133,50.228351
7217,s,0.023128,0.014900,0.021500,14.338867,59.528351
7218,s,0.023128,0.093450,0.020000,21.812012,136.578351
7219,p,0.003780,0.101400,0.022000,41.637207,127.179849
7220,d,0.002385,0.008750,0.020000,23.807617,31.135393
7221,s,0.023128,0.005600,0.022000,31.278076,50.728351
7222,p,0.003780,0.018950,0.020000,49.359619,42.729849
7223,s,0.023128,0.043500,0.018500,58.276367,85.128351
7224,d,0.002385,0.004550,0.018500,23.824463,25.435393
7225,d,0.002385,0.017450,0.021500,31.982666,41.335393
7226,p,0.003780,0.017150,0.020000,50.256104,40.929849
7227,d,0.002385,0.004650,0.021500,59.848877,28.535393
7228,s,0.023128,0.003650,0.021500,23.212646,48.278351
7229,p,0.003780,0.014300,0.022000,42.464355,40.079849
7230,s,0.023128,0.032000,0.018500,51.851807,73.628351
7231,d,0.002385,0.121450,0.019200,59.484375,143.035393
7232,d,0.002385,0.005000,0.022000,23.907959,29.385393
7233,d,0.002385,0.009200,0.018500,31.631348,30.085393
7234,p,0.003780,0.036300,0.018500,49.719727,58.579849
7235,s,0.023128,0.082700,0.018500,58.864746,124.328351
7236,p,0.003780,0.006000,0.021500,34.960449,31.279849
7237,d,0.002385,0.014800,0.020000,44.319824,37.185393
7238,d,0.002385,0.040900,0.019200,51.617676,62.485393
7239,d,0.002385,0.079500,0.019200,58.785400,101.085393
7240,s,0.023128,0.004250,0.022000,23.304443,49.378351
7241,s,0.023128,0.014350,0.021500,30.907227,58.978351
7242,s,0.023128,0.026850,0.020000,37.551514,69.978351
7243,p,0.003780,0.085200,0.018500,55.761719,107.479849
7244,d,0.002385,0.012000,0.019200,23.815918,33.585393
7245,d,0.002385,0.007850,0.018500,32.254150,28.735393
7246,s,0.023128,0.040200,0.021500,39.753662,84.828351
7247,p,0.003780,0.038150,0.018500,59.766846,60.429849
7252,d,0.002385,0.004300,0.022000,10.082031,28.685393
7253,s,0.023128,0.012450,0.019200,17.115234,54.778351
7254,p,0.003780,0.046450,0.020000,35.561279,70.229849
7255,d,0.002385,0.005350,0.021500,44.819336,29.235393
7260,d,0.002385,0.005950,0.019200,23.784912,27.535393
7261,s,0.023128,0.009950,0.019200,31.357910,52.278351
7262,d,0.002385,0.054450,0.021500,38.406250,78.335393
7263,d,0.002385,0.061750,0.020000,46.231934,84.135393
7256,s,0.023128,0.004150,0.019200,9.296387,46.478351
7257,p,0.003780,0.007800,0.021500,29.832520,33.079849
7258,d,0.002385,0.017050,0.020000,39.995361,39.435393
7259,p,0.003780,0.019350,0.019200,58.946045,42.329849
7248,s,0.023128,0.005350,0.020000,22.805176,48.478351
7249,p,0.003780,0.028300,0.019200,41.784668,51.279849
7250,p,0.003780,0.034850,0.020000,61.908936,58.629849
7251,d,0.002385,0.024550,0.021500,71.149658,48.435393
7268,p,0.003780,0.004550,0.022000,20.878662,30.329849
7269,d,0.002385,0.007150,0.021500,30.205566,31.035393
7270,s,0.023128,0.062850,0.019200,37.018311,105.178351
7271,d,0.002385,0.068250,0.022000,43.953613,92.635393
7272,s,0.023128,0.007250,0.019200,9.517578,49.578351
7273,p,0.003780,0.014450,0.022000,27.844482,40.229849
7274,s,0.023128,0.045450,0.020000,36.812500,88.578351
7275,s,0.023128,0.051000,0.018500,43.607666,92.628351
7264,d,0.002385,0.005300,0.021500,23.884521,29.185393
7265,p,0.003780,0.014750,0.021500,42.635742,40.029849
7266,d,0.002385,0.066900,0.019200,51.988037,88.485393
7267,d,0.002385,0.005600,0.020000,59.337402,27.985393
7280,p,0.003780,0.004750,0.022000,36.827637,30.529849
7281,d,0.002385,0.011050,0.018500,46.158447,31.935393
7282,d,0.002385,0.091750,0.020000,53.208740,114.135393
7283,s,0.023128,0.076450,0.022000,59.928711,121.578351
7276,s,0.023128,0.006950,0.021500,17.223877,51.578351
7277,s,0.023128,0.016950,0.021500,24.777588,61.578351
7278,d,0.002385,0.011100,0.022000,32.741699,35.485393
7279,s,0.023128,0.087500,0.020000,40.258545,130.628351
7284,p,0.003780,0.005500,0.018500,35.010498,27.779849
7285,d,0.002385,0.006100,0.018500,44.375488,26.985393
7286,p,0.003780,0.035500,0.020000,62.503174,59.279849
7287,s,0.023128,0.004300,0.018500,71.501221,45.928351
7292,d,0.002385,0.003950,0.020000,9.485596,26.335393
7293,d,0.002385,0.011550,0.018500,16.537109,32.435393
7294,p,0.003780,0.082350,0.020000,34.753662,106.129849
7295,d,0.002385,0.004950,0.020000,43.971436,27.335393
7288,s,0.023128,0.004650,0.019200,23.091797,46.978351
7289,p,0.003780,0.021400,0.021500,41.959717,46.679849
7290,p,0.003780,0.066000,0.021500,62.757568,91.279849
7291,d,0.002385,0.052650,0.020000,72.107178,75.035393
7296,d,0.002385,0.004700,0.020000,23.428467,27.085393
7297,p,0.003780,0.038150,0.018500,42.438477,60.429849
7298,p,0.003780,0.008800,0.018500,62.741943,31.079849
7299,s,0.023128,0.005100,0.021500,71.829834,49.728351
7300,p,0.003780,0.005450,0.021500,35.085449,30.729849
7301,s,0.023128,0.012400,0.018500,44.273438,54.028351
7302,d,0.002385,0.093350,0.021500,51.599854,117.235393
7303,s,0.023128,0.118100,0.021500,58.496582,162.728351
7308,d,0.002385,0.005250,0.020000,22.815186,27.635393
7309,d,0.002385,0.009150,0.018500,30.519287,30.035393
7310,d,0.002385,0.034350,0.018500,37.549316,55.235393
7311,d,0.002385,0.099400,0.018500,44.887451,120.285393
7304,p,0.003780,0.004800,0.019200,35.117676,27.779849
7305,s,0.023128,0.012150,0.020000,44.376953,55.278351
7306,p,0.003780,0.083300,0.018500,62.514893,105.579849
7307,s,0.023128,0.004550,0.021500,71.520508,49.178351
7316,p,0.003780,0.003700,0.019200,20.593750,26.679849
7317,d,0.002385,0.012700,0.020000,29.860352,35.085393
7318,s,0.023128,0.026300,0.022000,36.665527,71.428351
7319,s,0.023128,0.101400,0.020000,43.303955,144.528351
7312,d,0.002385,0.010000,0.018500,9.397461,30.885393
7313,s,0.023128,0.058750,0.018500,17.854980,100.378351
7314,d,0.002385,0.024100,0.018500,25.244629,44.985393
7315,d,0.002385,0.022350,0.019200,32.582031,43.935393
7324,s,0.023128,0.004750,0.021500,9.331299,49.378351
7325,d,0.002385,0.015750,0.022000,16.410889,40.135393
7326,s,0.023128,0.046900,0.021500,23.390137,91.528351
7327,p,0.003780,0.083150,0.020000,41.931641,106.929849
7320,d,0.002385,0.004450,0.021500,22.726807,28.335393
7321,s,0.023128,0.013850,0.019200,30.537598,56.178351
7322,s,0.023128,0.027750,0.019200,37.439453,70.078351
7323,s,0.023128,0.028800,0.021500,44.308594,73.428351
7328,s,0.023128,0.004250,0.018500,9.245117,45.878351
7329,p,0.003780,0.013000,0.021500,27.709229,38.279849
7330,d,0.002385,0.018200,0.020000,36.999023,40.585393
7331,s,0.023128,0.032950,0.020000,43.713623,76.078351
7332,d,0.002385,0.004900,0.018500,23.820068,25.785393
7333,s,0.023128,0.007900,0.020000,31.796143,51.028351
7334,d,0.002385,0.064400,0.021500,39.708252,88.285393
7335,p,0.003780,0.089800,0.021500,59.618408,115.079849
7336,p,0.003780,0.004550,0.018500,38.053223,26.829849
7337,s,0.023128,0.008950,0.018500,47.085449,50.578351
7338,s,0.023128,0.034500,0.022000,53.770508,79.628351
7339,p,0.003780,0.038050,0.022000,71.662354,63.829849
7340,s,0.023128,0.004500,0.022000,22.726074,49.628351
7341,d,0.002385,0.013050,0.019200,30.546143,34.635393
7342,s,0.023128,0.062850,0.021500,37.240967,107.478351
7343,p,0.003780,0.083150,0.018500,55.463135,105.429849
7344,d,0.002385,0.006700,0.021500,9.252441,30.585393
7345,d,0.002385,0.008800,0.022000,16.387939,33.185393
7346,s,0.023128,0.008800,0.020000,23.234131,51.928351
7347,d,0.002385,0.107950,0.021500,30.173828,131.835393
7348,d,0.002385,0.004500,0.019200,14.612305,26.085393
7349,p,0.003780,0.019800,0.021500,37.072998,45.079849
7350,p,0.003780,0.005750,0.020000,59.990234,29.529849
7351,p,0.003780,0.051250,0.019200,80.625488,74.229849
7352,d,0.002385,0.005200,0.019200,23.483887,26.785393
7353,p,0.003780,0.028550,0.019200,42.776855,51.529849
7354,p,0.003780,0.118100,0.019200,62.925537,141.079849
7355,s,0.023128,0.006350,0.020000,72.159424,49.478351
7356,s,0.023128,0.007850,0.019200,23.316406,50.178351
7357,d,0.002385,0.012700,0.019200,31.735840,34.285393
7358,s,0.023128,0.070750,0.022000,39.353760,115.878351
7359,p,0.003780,0.037350,0.022000,59.354736,63.129849
7360,s,0.023128,0.007300,0.020000,9.606201,50.428351
7361,s,0.023128,0.005700,0.020000,16.307861,48.828351
7362,d,0.002385,0.032000,0.020000,23.318604,54.385393
7363,p,0.003780,0.090100,0.022000,41.461670,115.879849
7364,d,0.002385,0.004850,0.022000,23.439941,29.235393
7365,p,0.003780,0.014350,0.021500,42.144287,39.629849
7366,d,0.002385,0.071450,0.019200,51.432373,93.035393
7367,p,0.003780,0.153000,0.022000,69.529785,178.779849
7368,d,0.002385,0.012150,0.021500,24.350342,36.035393
7369,s,0.023128,0.020350,0.020000,31.794922,63.478351
7370,d,0.002385,0.027350,0.021500,38.828369,51.235393
7371,d,0.002385,0.027700,0.018500,45.985596,48.585393
7372,s,0.023128,0.005000,0.018500,16.927246,46.628351
7373,p,0.003780,0.015550,0.019200,35.319580,38.529849
7374,d,0.002385,0.096800,0.019200,44.675293,118.385393
7375,s,0.023128,0.071150,0.019200,51.444824,113.478351
7376,s,0.023128,0.004850,0.021500,6.750244,49.478351
7377,d,0.002385,0.014550,0.020000,14.147705,36.935393
7378,d,0.002385,0.088850,0.022000,21.467285,113.235393
7379,p,0.003780,0.056200,0.020000,40.152832,79.979849
7380,p,0.003780,0.004650,0.022000,35.834229,30.429849
7381,p,0.003780,0.007750,0.021500,56.095215,33.029849
7382,s,0.023128,0.075250,0.018500,65.203369,116.878351
7383,d,0.002385,0.005150,0.018500,72.346436,26.035393
7384,d,0.002385,0.004400,0.022000,23.496094,28.785393
7385,d,0.002385,0.015350,0.022000,31.307617,39.735393
7386,s,0.023128,0.044450,0.019200,38.105469,86.778351
7387,s,0.023128,0.015000,0.022000,44.917480,60.128351
7388,s,0.023128,0.004550,0.019200,23.212891,46.878351
7389,d,0.002385,0.007950,0.018500,31.120605,28.835393
7390,p,0.003780,0.032150,0.019200,49.309814,55.129849
7391,p,0.003780,0.066950,0.020000,69.512695,90.729849
7392,d,0.002385,0.008000,0.020000,14.051758,30.385393
7393,p,0.003780,0.007250,0.022000,35.172852,33.029849
7394,p,0.003780,0.044550,0.021500,56.971191,69.829849
7395,d,0.002385,0.005000,0.020000,66.925049,27.385393
7396,s,0.023128,0.012050,0.022000,21.464844,57.178351
7397,d,0.002385,0.028900,0.020000,29.183594,51.285393
7398,d,0.002385,0.067600,0.022000,36.480957,91.985393
7399,p,0.003780,0.069650,0.020000,54.841797,93.429849
7400,p,0.003780,0.004050,0.021500,35.166748,29.329849
7401,s,0.023128,0.020950,0.022000,44.239258,66.078351
7402,s,0.023128,0.078500,0.022000,50.939209,123.628351
7403,d,0.002385,0.039650,0.019200,57.926758,61.235393
7404,d,0.002385,0.005100,0.022000,23.325684,29.485393
7405,d,0.002385,0.012000,0.020000,31.355469,34.385393
7406,d,0.002385,0.150300,0.018500,38.880615,171.185393
7407,s,0.023128,0.041100,0.018500,45.681641,82.728351
7408,p,0.003780,0.022500,0.020000,23.244629,46.279849
7409,s,0.023128,0.020400,0.021500,33.489502,65.028351
7410,d,0.002385,0.067850,0.018500,41.292969,88.735393
7411,p,0.003780,0.099250,0.020000,60.092285,123.029849
7412,s,0.023128,0.005450,0.022000,23.303711,50.578351
7413,d,0.002385,0.070050,0.022000,31.420898,94.435393
7414,d,0.002385,0.082300,0.019200,38.476807,103.885393
7415,s,0.023128,0.103800,0.018500,45.715088,145.428351
7416,p,0.003780,0.008400,0.019200,34.970703,31.379849
7417,p,0.003780,0.017850,0.018500,55.815674,40.129849
7418,p,0.003780,0.089600,0.019200,76.505371,112.579849
7419,s,0.023128,0.012150,0.022000,85.617188,57.278351
7420,p,0.003780,0.004750,0.021500,35.396484,30.029849
7421,s,0.023128,0.009550,0.020000,45.079346,52.678351
7422,d,0.002385,0.078350,0.019200,52.320801,99.935393
7423,d,0.002385,0.033900,0.018500,59.358887,54.785393
7424,p,0.003780,0.004600,0.018500,21.577393,26.879849
7425,s,0.023128,0.015950,0.019200,31.688232,58.278351
7426,s,0.023128,0.018750,0.021500,38.964111,63.378351
7427,s,0.023128,0.059500,0.019200,45.955811,101.828351
7428,p,0.003780,0.005000,0.018500,35.554443,27.279849
7429,d,0.002385,0.007800,0.020000,44.946045,30.185393
7430,d,0.002385,0.010650,0.021500,52.083984,34.535393
7431,d,0.002385,0.030700,0.018500,59.135742,51.585393
7432,s,0.023128,0.022500,0.020000,13.682129,65.628351
7433,p,0.003780,0.008800,0.022000,33.220459,34.579849
7434,s,0.023128,0.041300,0.020000,42.313965,84.428351
7435,s,0.023128,0.100800,0.021500,49.022949,145.428351
7440,p,0.003780,0.005500,0.019200,34.801514,28.479849
7441,s,0.023128,0.011950,0.020000,43.892578,55.078351
7442,d,0.002385,0.027250,0.022000,50.966553,51.635393
7443,d,0.002385,0.060400,0.019200,58.024414,81.985393
7436,d,0.002385,0.004500,0.018500,19.508301,25.385393
7437,d,0.002385,0.019800,0.021500,27.090088,43.685393
7438,p,0.003780,0.018950,0.021500,45.752930,44.229849
7439,p,0.003780,0.004900,0.019200,66.265625,27.879849
7444,s,0.023128,0.004550,0.020000,23.830566,47.678351
7445,p,0.003780,0.013700,0.022000,42.965576,39.479849
7446,d,0.002385,0.047400,0.022000,52.416016,71.785393
7447,s,0.023128,0.125150,0.020000,59.242432,168.278351
7448,d,0.002385,0.009450,0.021500,23.570801,33.335393
7449,s,0.023128,0.006450,0.019200,31.058350,48.778351
7450,s,0.023128,0.096350,0.018500,37.736816,137.978351
7451,s,0.023128,0.076550,0.019200,44.489014,118.878351
7452,d,0.002385,0.004550,0.019200,23.886230,26.135393
7453,s,0.023128,0.031450,0.021500,31.288818,76.078351
7454,d,0.002385,0.019500,0.020000,38.345947,41.885393
7455,s,0.023128,0.040200,0.019200,45.049316,82.528351
7456,s,0.023128,0.009450,0.022000,23.275146,54.578351
7457,s,0.023128,0.020600,0.022000,31.466797,65.728351
7458,p,0.003780,0.093400,0.018500,49.805908,115.679849
7459,p,0.003780,0.023250,0.022000,69.924072,49.029849
7464,d,0.002385,0.005550,0.022000,23.224609,29.935393
7465,p,0.003780,0.006800,0.020000,42.011963,30.579849
7466,d,0.002385,0.008550,0.021500,51.270020,32.435393
7467,d,0.002385,0.112250,0.019200,58.389160,133.835393
7460,s,0.023128,0.004300,0.019200,23.475830,46.628351
7461,s,0.023128,0.020900,0.018500,31.147949,62.528351
7462,d,0.002385,0.129250,0.019200,39.245605,150.835393
7463,s,0.023128,0.058450,0.021500,47.247559,103.078351
7468,s,0.023128,0.004550,0.019200,19.168213,46.878351
7469,p,0.003780,0.015050,0.021500,40.183105,40.329849
7470,p,0.003780,0.114850,0.020000,62.940430,138.629849
7471,d,0.002385,0.010250,0.020000,72.684326,32.635393
7472,p,0.003780,0.005550,0.022000,22.609863,31.329849
7473,p,0.003780,0.019750,0.019200,42.934326,42.729849
7474,d,0.002385,0.025900,0.018500,52.371094,46.785393
7475,d,0.002385,0.049050,0.022000,59.503906,73.435393
7476,d,0.002385,0.005750,0.021500,23.531738,29.635393
7477,p,0.003780,0.007100,0.021500,42.412598,32.379849
7478,d,0.002385,0.025000,0.022000,51.648438,49.385393
7479,s,0.023128,0.043350,0.019200,58.479980,85.678351
7480,s,0.023128,0.005350,0.018500,15.316406,46.978351
7481,d,0.002385,0.008250,0.020000,22.974121,30.635393
7482,s,0.023128,0.011000,0.018500,29.998291,52.628351
7483,p,0.003780,0.060250,0.019200,48.235107,83.229849
7484,p,0.003780,0.005400,0.018500,35.201172,27.679849
7485,p,0.003780,0.010550,0.021500,55.846191,35.829849
7486,p,0.003780,0.091750,0.018500,76.276367,114.029849
7487,d,0.002385,0.004950,0.020000,85.671143,27.335393
7492,d,0.002385,0.006000,0.022000,23.901123,30.385393
7493,p,0.003780,0.011050,0.019200,42.805908,34.029849
7494,p,0.003780,0.019500,0.021500,63.161133,44.779849
7495,p,0.003780,0.005750,0.021500,84.135254,31.029849
7488,d,0.002385,0.009850,0.021500,19.673584,33.735393
7489,d,0.002385,0.012900,0.020000,27.094238,35.285393
7490,p,0.003780,0.014350,0.022000,45.312012,40.129849
7491,d,0.002385,0.074500,0.019200,54.773682,96.085393
7496,p,0.003780,0.005450,0.022000,35.256592,31.229849
7497,s,0.023128,0.024400,0.018500,44.274414,66.028351
7498,d,0.002385,0.093850,0.018500,51.312256,114.735393
7499,s,0.023128,0.094350,0.018500,58.128174,135.978351
7500,p,0.003780,0.004250,0.022000,19.994141,30.029849
7501,p,0.003780,0.011300,0.020000,40.667725,35.079849
7502,s,0.023128,0.064850,0.022000,50.508057,109.978351
7503,s,0.023128,0.006550,0.018500,58.097656,48.178351
7504,p,0.003780,0.004100,0.021500,33.440430,29.379849
7505,d,0.002385,0.015850,0.019200,43.293701,37.435393
7506,s,0.023128,0.095400,0.022000,50.225098,140.528351
7507,d,0.002385,0.100450,0.022000,57.376465,124.835393
7508,p,0.003780,0.044000,0.021500,20.378174,69.279849
7509,p,0.003780,0.028900,0.019200,40.555908,51.879849
7510,p,0.003780,0.003800,0.021500,60.843994,29.079849
7511,d,0.002385,0.072650,0.022000,70.636230,97.035393
7512,p,0.003780,0.004250,0.020000,28.449707,28.029849
7513,s,0.023128,0.010350,0.020000,37.542480,53.478351
7514,d,0.002385,0.099600,0.021500,44.610596,123.485393
7515,d,0.002385,0.109500,0.018500,51.663574,130.385393
7516,p,0.003780,0.005450,0.019200,30.599121,28.429849
7517,d,0.002385,0.011050,0.019200,39.877197,32.635393
7518,s,0.023128,0.064400,0.021500,46.713379,109.028351
7519,d,0.002385,0.095550,0.021500,53.747314,119.435393
7520,p,0.003780,0.005200,0.022000,35.806152,30.979849
7521,s,0.023128,0.011400,0.018500,44.920898,53.028351
7522,d,0.002385,0.109850,0.019200,51.977295,131.435393
7523,p,0.003780,0.033900,0.020000,70.249268,57.679849
7524,s,0.023128,0.014300,0.022000,9.109131,59.428351
7525,p,0.003780,0.010800,0.019200,28.737549,33.779849
7526,s,0.023128,0.019850,0.019200,38.317383,62.178351
7527,d,0.002385,0.096450,0.021500,45.756348,120.335393
7528,s,0.023128,0.006900,0.019200,24.052246,49.228351
7529,s,0.023128,0.009300,0.019200,31.802246,51.628351
7530,d,0.002385,0.070150,0.021500,38.782715,94.035393
7531,p,0.003780,0.026000,0.020000,56.752930,49.779849
7532,s,0.023128,0.004750,0.021500,15.303955,49.378351
7533,s,0.023128,0.007050,0.018500,22.710938,48.678351
7534,s,0.023128,0.106800,0.022000,29.904297,151.928351
7535,s,0.023128,0.029400,0.019200,37.062744,71.728351
7536,p,0.003780,0.004550,0.022000,34.839844,30.329849
7537,s,0.023128,0.007100,0.020000,43.928711,50.228351
7538,s,0.023128,0.036700,0.019200,50.670410,79.028351
7539,d,0.002385,0.033050,0.019200,57.628662,54.635393
7540,s,0.023128,0.006400,0.022000,16.535889,51.528351
7541,s,0.023128,0.047750,0.019200,23.626465,90.078351
7542,p,0.003780,0.100750,0.020000,42.415283,124.529849
7543,d,0.002385,0.100350,0.019200,51.866455,121.935393
7544,p,0.003780,0.006500,0.022000,34.987793,32.279849
7545,p,0.003780,0.013400,0.018500,55.118896,35.679849
7546,s,0.023128,0.062100,0.021500,64.505859,106.728351
7547,p,0.003780,0.027950,0.021500,82.428711,53.229849
7552,p,0.003780,0.004000,0.022000,43.840576,29.779849
7553,p,0.003780,0.015250,0.019200,65.817139,38.229849
7554,s,0.023128,0.036550,0.022000,75.332275,81.678351
7555,d,0.002385,0.005000,0.022000,82.806396,29.385393
7548,d,0.002385,0.005050,0.020000,23.183350,27.435393
7549,p,0.003780,0.015700,0.019200,41.872559,38.679849
7550,p,0.003780,0.025250,0.020000,62.104736,49.029849
7551,s,0.023128,0.004700,0.021500,71.133789,49.328351
7560,s,0.023128,0.004800,0.018500,9.470459,46.428351
7561,d,0.002385,0.014050,0.019200,16.535889,35.635393
7562,s,0.023128,0.071000,0.021500,23.319580,115.628351
7563,p,0.003780,0.024950,0.022000,41.753174,50.729849
7556,d,0.002385,0.005200,0.022000,16.050781,29.585393
7557,s,0.023128,0.009200,0.019200,24.922363,51.528351
7558,d,0.002385,0.121800,0.019200,32.774414,143.385393
7559,s,0.023128,0.083850,0.020000,40.192139,126.978351
7564,p,0.003780,0.005250,0.020000,35.885498,29.029849
7565,d,0.002385,0.010200,0.019200,45.282715,31.785393
7566,d,0.002385,0.011950,0.019200,52.384521,33.535393
7567,p,0.003780,0.040700,0.021500,70.600830,65.979849
7568,p,0.003780,0.004250,0.021500,35.079102,29.529849
7569,d,0.002385,0.058650,0.018500,44.485107,79.535393
7570,s,0.023128,0.114850,0.020000,51.282959,157.978351
7571,p,0.003780,0.070250,0.018500,69.303711,92.529849
7572,p,0.003780,0.004250,0.021500,34.801270,29.529849
7573,p,0.003780,0.007150,0.022000,55.000977,32.929849
7574,s,0.023128,0.070650,0.022000,64.036377,115.778351
7575,d,0.002385,0.005200,0.019200,71.068848,26.785393
7576,d,0.002385,0.005100,0.019200,23.484131,26.685393
7577,p,0.003780,0.009600,0.020000,42.330322,33.379849
7578,s,0.023128,0.029450,0.020000,51.324951,72.578351
7579,s,0.023128,0.006600,0.020000,58.222168,49.728351
7580,p,0.003780,0.005750,0.018500,35.006592,28.029849
7581,p,0.003780,0.012750,0.018500,55.113281,35.029849
7582,d,0.002385,0.038150,0.019200,64.516357,59.735393
7583,p,0.003780,0.004650,0.019200,82.925049,27.629849
7584,s,0.023128,0.003950,0.022000,23.046143,49.078351
7585,s,0.023128,0.024200,0.022000,30.673584,69.328351
7586,s,0.023128,0.074650,0.018500,37.409668,116.278351
7587,d,0.002385,0.051700,0.022000,44.413086,76.085393
7592,s,0.023128,0.005500,0.022000,23.316406,50.628351
7593,d,0.002385,0.011000,0.018500,31.260986,31.885393
7594,s,0.023128,0.051300,0.019200,38.008301,93.628351
7595,p,0.003780,0.093250,0.022000,56.375488,119.029849
7588,s,0.023128,0.007350,0.021500,8.813965,51.978351
7589,s,0.023128,0.010000,0.018500,17.212402,51.628351
7590,p,0.003780,0.019850,0.021500,35.681396,45.129849
7591,p,0.003780,0.035350,0.020000,56.020752,59.129849
7596,p,0.003780,0.007050,0.022000,34.868652,32.829849
7597,s,0.023128,0.010550,0.018500,43.876465,52.178351
7598,d,0.002385,0.027000,0.019200,50.916748,48.585393
7599,p,0.003780,0.073900,0.021500,69.037109,99.179849
7600,p,0.003780,0.004150,0.019200,23.327881,27.129849
7601,s,0.023128,0.016700,0.020000,32.280762,59.828351
7602,s,0.023128,0.036300,0.021500,38.971680,80.928351
7603,s,0.023128,0.040100,0.020000,45.809814,83.228351
7604,p,0.003780,0.005300,0.020000,36.180420,29.079849
7605,s,0.023128,0.012050,0.019200,45.241699,54.378351
7606,d,0.002385,0.020600,0.018500,52.327148,41.485393
7607,s,0.023128,0.027050,0.021500,59.078613,71.678351
7608,s,0.023128,0.006050,0.021500,22.686768,50.678351
7609,p,0.003780,0.011200,0.022000,42.837646,36.979849
7610,p,0.003780,0.012750,0.020000,66.408203,36.529849
7611,p,0.003780,0.024800,0.019200,88.091553,47.779849
7612,d,0.002385,0.009750,0.018500,23.300049,30.635393
7613,p,0.003780,0.009600,0.019200,43.021973,32.579849
7614,d,0.002385,0.023650,0.022000,52.458740,48.035393
7615,d,0.002385,0.053250,0.018500,59.640381,74.135393
7616,d,0.002385,0.004750,0.021500,9.574219,28.635393
7617,p,0.003780,0.012000,0.022000,27.688965,37.779849
7618,p,0.003780,0.072050,0.018500,47.799316,94.329849
7619,p,0.003780,0.003700,0.019200,68.413330,26.679849
7620,p,0.003780,0.005450,0.021500,36.457031,30.729849
7621,d,0.002385,0.024200,0.020000,46.822266,46.585393
7622,p,0.003780,0.082350,0.022000,66.349854,108.129849
7623,d,0.002385,0.004600,0.020000,76.156250,26.985393
7624,p,0.003780,0.004250,0.020000,35.141846,28.029849
7625,p,0.003780,0.013450,0.020000,55.241943,37.229849
7626,s,0.023128,0.070650,0.022000,64.249756,115.778351
7627,s,0.023128,0.012900,0.022000,70.986816,58.028351
7628,d,0.002385,0.005600,0.018500,9.655518,26.485393
7629,s,0.023128,0.009600,0.020000,16.587646,52.728351
7630,p,0.003780,0.109450,0.020000,35.284912,133.229849
7631,d,0.002385,0.005300,0.022000,44.719238,29.685393
7632,d,0.002385,0.005300,0.018500,23.855713,26.185393
7633,s,0.023128,0.015650,0.020000,31.397949,58.778351
7634,d,0.002385,0.048550,0.019200,38.786621,70.135393
7635,d,0.002385,0.037100,0.022000,46.047363,61.485393
7636,d,0.002385,0.005050,0.022000,19.106934,29.435393
7637,d,0.002385,0.008100,0.020000,26.586914,30.485393
7638,d,0.002385,0.034050,0.020000,34.172363,56.435393
7639,s,0.023128,0.091100,0.019200,40.935303,133.428351
7640,s,0.023128,0.004750,0.018500,23.060303,46.378351
7641,d,0.002385,0.012800,0.022000,30.884033,37.185393
7642,d,0.002385,0.082150,0.020000,37.876709,104.535393
7643,p,0.003780,0.041650,0.018500,55.997559,63.929849
7644,s,0.023128,0.003950,0.020000,9.519531,47.078351
7645,p,0.003780,0.010000,0.020000,27.696777,33.779849
7646,s,0.023128,0.091650,0.022000,36.795410,136.778351
7647,p,0.003780,0.128600,0.019200,54.761963,151.579849
7648,p,0.003780,0.004500,0.022000,34.166260,30.279849
7649,p,0.003780,0.014800,0.018500,54.545410,37.079849
7650,s,0.023128,0.047100,0.018500,63.486328,88.728351
7651,p,0.003780,0.005350,0.022000,81.502441,31.129849
7652,p,0.003780,0.004450,0.018500,35.426270,26.729849
7653,p,0.003780,0.007900,0.018500,55.651367,30.179849
7654,d,0.002385,0.046450,0.022000,65.039307,70.835393
7655,d,0.002385,0.004400,0.022000,72.193848,28.785393
7656,s,0.023128,0.005250,0.020000,8.852539,48.378351
7657,d,0.002385,0.008100,0.020000,17.338623,30.485393
7658,d,0.002385,0.105550,0.018500,25.155273,126.435393
7659,p,0.003780,0.088200,0.019200,44.409668,111.179849
7660,s,0.023128,0.006400,0.022000,30.373779,51.528351
7661,d,0.002385,0.015850,0.022000,41.382812,40.235393
7662,s,0.023128,0.020850,0.020000,48.183105,63.978351
7663,d,0.002385,0.127700,0.022000,55.173096,152.085393
7664,s,0.023128,0.004650,0.019200,20.806396,46.978351
7665,s,0.023128,0.017350,0.021500,28.623291,61.978351
7666,p,0.003780,0.045800,0.022000,46.750732,71.579849
7667,d,0.002385,0.058500,0.020000,56.037354,80.885393
7668,s,0.023128,0.005750,0.020000,23.192871,48.878351
7669,p,0.003780,0.012550,0.019200,42.303955,35.529849
7670,p,0.003780,0.018750,0.021500,62.379639,44.029849
7671,s,0.023128,0.020750,0.018500,71.324951,62.378351
7672,s,0.023128,0.004250,0.022000,23.236328,49.378351
7673,p,0.003780,0.008150,0.021500,42.287842,33.429849
7674,p,0.003780,0.057850,0.018500,62.853760,80.129849
7675,d,0.002385,0.040050,0.020000,73.137939,62.435393
7680,d,0.002385,0.007050,0.018500,24.210693,27.935393
7681,d,0.002385,0.013900,0.018500,31.943848,34.785393
7682,d,0.002385,0.056450,0.022000,39.073975,80.835393
7683,p,0.003780,0.062750,0.022000,57.473145,88.529849
7676,s,0.023128,0.004250,0.021500,10.356689,48.878351
7677,d,0.002385,0.019750,0.019200,18.446289,41.335393
7678,s,0.023128,0.022650,0.018500,26.033203,64.278351
7679,s,0.023128,0.171950,0.022000,33.156006,217.078351
7684,s,0.023128,0.006200,0.022000,23.592773,51.328351
7685,d,0.002385,0.010350,0.019200,32.162109,31.935393
7686,p,0.003780,0.121800,0.022000,50.327881,147.579849
7687,p,0.003780,0.100250,0.022000,70.746826,126.029849
7688,d,0.002385,0.004650,0.022000,23.136230,29.035393
7689,p,0.003780,0.016950,0.021500,42.892090,42.229849
7690,d,0.002385,0.036450,0.021500,53.497559,60.335393
7691,d,0.002385,0.007850,0.020000,61.276611,30.235393
7692,d,0.002385,0.006400,0.022000,23.850830,30.785393
7693,d,0.002385,0.007050,0.019200,31.503418,28.635393
7694,s,0.023128,0.117350,0.019200,38.364746,159.678351
7695,s,0.023128,0.026000,0.020000,45.092529,69.128351
7696,s,0.023128,0.005650,0.021500,23.331055,50.278351
7697,p,0.003780,0.016750,0.018500,42.424805,39.029849
7698,s,0.023128,0.091750,0.021500,51.362305,136.378351
7699,d,0.002385,0.025100,0.022000,58.429688,49.485393
7700,s,0.023128,0.005600,0.022000,6.408447,50.728351
7701,d,0.002385,0.014850,0.018500,13.812744,35.735393
7702,s,0.023128,0.017850,0.022000,20.754395,62.978351
7703,d,0.002385,0.029350,0.020000,27.826660,51.735393
7708,p,0.003780,0.005550,0.019200,27.189453,28.529849
7709,p,0.003780,0.018150,0.020000,47.511475,41.929849
7710,p,0.003780,0.079550,0.022000,68.888428,105.329849
7711,p,0.003780,0.003650,0.019200,89.604004,26.629849
7704,p,0.003780,0.005100,0.022000,35.095947,30.879849
7705,d,0.002385,0.012750,0.021500,44.550537,36.635393
7706,d,0.002385,0.057550,0.021500,51.752930,81.435393
7707,s,0.023128,0.053750,0.020000,58.636475,96.878351
7712,s,0.023128,0.009450,0.019200,23.391113,51.778351
7713,p,0.003780,0.009000,0.018500,43.193359,31.279849
7714,d,0.002385,0.023200,0.022000,53.504395,47.585393
7715,s,0.023128,0.086300,0.019200,61.095947,128.628351
7716,s,0.023128,0.005150,0.022000,23.364502,50.278351
7717,d,0.002385,0.021000,0.020000,31.330811,43.385393
7718,s,0.023128,0.027000,0.018500,38.047852,68.628351
7719,s,0.023128,0.045950,0.018500,44.701660,87.578351
7720,p,0.003780,0.005100,0.019200,35.104980,28.079849
7721,p,0.003780,0.035450,0.020000,55.323975,59.229849
7722,d,0.002385,0.052650,0.021500,64.938477,76.535393
7723,s,0.023128,0.004550,0.020000,71.709961,47.678351
7724,s,0.023128,0.011100,0.020000,22.450195,54.228351
7725,s,0.023128,0.006600,0.020000,30.090576,49.728351
7726,p,0.003780,0.019500,0.018500,48.320557,41.779849
7727,p,0.003780,0.103650,0.022000,68.928223,129.429849
7728,p,0.003780,0.004750,0.020000,35.336914,28.529849
7729,p,0.003780,0.010650,0.021500,55.588867,35.929849
7730,d,0.002385,0.038600,0.020000,64.884277,60.985393
7731,p,0.003780,0.007250,0.019200,82.854980,30.229849
7736,s,0.023128,0.003950,0.021500,9.336670,48.578351
7737,s,0.023128,0.004450,0.021500,16.079346,49.078351
7738,p,0.003780,0.086700,0.022000,34.102051,112.479849
7739,s,0.023128,0.053450,0.019200,43.027344,95.778351
7740,p,0.003780,0.005200,0.018500,34.853271,27.479849
7741,p,0.003780,0.014750,0.019200,55.148438,37.729849
7742,d,0.002385,0.027350,0.021500,64.453857,51.235393
7743,p,0.003780,0.004850,0.021500,82.354980,30.129849
7732,s,0.023128,0.005450,0.020000,23.244873,48.578351
7733,s,0.023128,0.007500,0.022000,30.890869,52.628351
7734,p,0.003780,0.029300,0.022000,49.027100,55.079849
7735,p,0.003780,0.075900,0.022000,69.334229,101.679849
7748,d,0.002385,0.004750,0.021500,9.962646,28.635393
7749,s,0.023128,0.008400,0.019200,16.772949,50.728351
7750,p,0.003780,0.063150,0.022000,36.962158,88.929849
7751,d,0.002385,0.005350,0.018500,46.475098,26.235393
7744,p,0.003780,0.005050,0.022000,24.740479,30.829849
7745,d,0.002385,0.006950,0.021500,34.600586,30.835393
7746,p,0.003780,0.090650,0.022000,53.198242,116.429849
7747,p,0.003780,0.004700,0.022000,73.586914,30.479849
7756,s,0.023128,0.005550,0.019200,21.983398,47.878351
7757,p,0.003780,0.020650,0.021500,40.986328,45.929849
7758,d,0.002385,0.099750,0.022000,50.555908,124.135393
7759,d,0.002385,0.105100,0.019200,57.750000,126.685393
7752,s,0.023128,0.005050,0.018500,6.935791,46.678351
7753,s,0.023128,0.006150,0.021500,14.406738,50.778351
7754,p,0.003780,0.098650,0.020000,34.212891,122.429849
7755,d,0.002385,0.035850,0.020000,44.033691,58.235393
7760,p,0.003780,0.004450,0.019200,34.915283,27.429849
7761,p,0.003780,0.015050,0.019200,55.226807,38.029849
7762,p,0.003780,0.030050,0.019200,75.395264,53.029849
7763,p,0.003780,0.006550,0.022000,100.221191,32.329849
7764,s,0.023128,0.004550,0.019200,23.101074,46.878351
7765,d,0.002385,0.014300,0.019200,31.158691,35.885393
7766,d,0.002385,0.017900,0.021500,38.224121,41.785393
7767,s,0.023128,0.007300,0.021500,44.995850,51.928351
7768,p,0.003780,0.005100,0.019200,20.937500,28.079849
7769,s,0.023128,0.010100,0.019200,29.979004,52.428351
7770,s,0.023128,0.096550,0.019200,36.702393,138.878351
7771,d,0.002385,0.061800,0.019200,43.687988,83.385393
7772,d,0.002385,0.004850,0.021500,22.720703,28.735393
7773,p,0.003780,0.012350,0.018500,41.258545,34.629849
7774,d,0.002385,0.091650,0.019200,50.608887,113.235393
7775,d,0.002385,0.007200,0.021500,57.686523,31.085393
7776,d,0.002385,0.004900,0.020000,23.541016,27.285393
7777,p,0.003780,0.007500,0.021500,42.447998,32.779849
7778,s,0.023128,0.050300,0.018500,51.428711,91.928351
7779,d,0.002385,0.007850,0.019200,58.392090,29.435393
7780,p,0.003780,0.003400,0.020000,32.187500,27.179849
7781,p,0.003780,0.006650,0.021500,54.493652,31.929849
7782,s,0.023128,0.024100,0.022000,64.538086,69.228351
7783,s,0.023128,0.005600,0.020000,71.568359,48.728351
7788,s,0.023128,0.007300,0.021500,23.281494,51.928351
7789,s,0.023128,0.022400,0.018500,30.976074,64.028351
7790,d,0.002385,0.027450,0.018500,37.947754,48.335393
7791,p,0.003780,0.070800,0.018500,56.063477,93.079849
7784,p,0.003780,0.005800,0.018500,34.149902,28.079849
7785,d,0.002385,0.010200,0.022000,43.535889,34.585393
7786,p,0.003780,0.066250,0.021500,62.316406,91.529849
7787,p,0.003780,0.004800,0.020000,84.953125,28.579849
7792,s,0.023128,0.005200,0.018500,9.056396,46.828351
7793,d,0.002385,0.014150,0.020000,16.160889,36.535393
7794,s,0.023128,0.027000,0.021500,23.127930,71.628351
7795,s,0.023128,0.049250,0.022000,29.858398,94.378351
7796,d,0.002385,0.006400,0.020000,24.119629,28.785393
7797,s,0.023128,0.006200,0.019200,31.571045,48.528351
7798,d,0.002385,0.035000,0.022000,38.571045,59.385393
7799,s,0.023128,0.094300,0.020000,45.321777,137.428351
7804,d,0.002385,0.008950,0.021500,10.945801,32.835393
7805,s,0.023128,0.020950,0.021500,20.007812,65.578351
7806,d,0.002385,0.027950,0.018500,27.157471,48.835393
7807,d,0.002385,0.089800,0.022000,34.328369,114.185393
7800,s,0.023128,0.004900,0.020000,22.810547,48.028351
7801,p,0.003780,0.012150,0.021500,41.699463,37.429849
7802,s,0.023128,0.051250,0.018500,50.777344,92.878351
7803,p,0.003780,0.131700,0.022000,68.749756,157.479849
7808,s,0.023128,0.004700,0.020000,23.228760,47.828351
7809,d,0.002385,0.012800,0.018500,31.166992,33.685393
7810,d,0.002385,0.096450,0.022000,38.165039,120.835393
7811,s,0.023128,0.072450,0.018500,44.864258,114.078351
7812,p,0.003780,0.004550,0.019200,32.615967,27.529849
7813,d,0.002385,0.011050,0.019200,41.896973,32.635393
7814,p,0.003780,0.098950,0.020000,59.983643,122.729849
7815,p,0.003780,0.004900,0.022000,80.524902,30.679849
7816,p,0.003780,0.004800,0.022000,35.293701,30.579849
7817,s,0.023128,0.020000,0.021500,44.351807,64.628351
7818,d,0.002385,0.027050,0.020000,51.366455,49.435393
7819,p,0.003780,0.068250,0.020000,69.532471,92.029849
7820,p,0.003780,0.004550,0.018500,36.141113,26.829849
7821,d,0.002385,0.005700,0.018500,46.718750,26.585393
7822,s,0.023128,0.057350,0.019200,54.386230,99.678351
7823,p,0.003780,0.030700,0.020000,74.070557,54.479849
7828,p,0.003780,0.005300,0.020000,34.298340,29.079849
7829,s,0.023128,0.006150,0.019200,43.597900,48.478351
7830,p,0.003780,0.078350,0.018500,61.715332,100.629849
7831,s,0.023128,0.004750,0.019200,70.754883,47.078351
7824,d,0.002385,0.004750,0.020000,23.825439,27.135393
7825,s,0.023128,0.010450,0.022000,31.235596,55.578351
7826,p,0.003780,0.018950,0.022000,49.288086,44.729849
7827,s,0.023128,0.005400,0.018500,58.301270,47.028351
7832,s,0.023128,0.004700,0.018500,20.815186,46.328351
7833,d,0.002385,0.014050,0.019200,28.471436,35.635393
7834,p,0.003780,0.061700,0.019200,46.817383,84.679849
7835,d,0.002385,0.096200,0.019200,56.122070,117.785393
7836,s,0.023128,0.004750,0.019200,22.215332,47.078351
7837,d,0.002385,0.025050,0.021500,29.899902,48.935393
7838,p,0.003780,0.058650,0.018500,48.533691,80.929849
7839,s,0.023128,0.040200,0.022000,57.634766,85.328351
7840,d,0.002385,0.006050,0.019200,24.210449,27.635393
7841,s,0.023128,0.019800,0.021500,31.773438,64.428351
7842,d,0.002385,0.011000,0.018500,38.982666,31.885393
7843,s,0.023128,0.020350,0.022000,46.246582,65.478351
7844,d,0.002385,0.004450,0.018500,23.705566,25.335393
7845,d,0.002385,0.010950,0.018500,31.434082,31.835393
7846,d,0.002385,0.036550,0.022000,38.437500,60.935393
7847,p,0.003780,0.068100,0.018500,56.663086,90.379849
7848,p,0.003780,0.004700,0.020000,34.221924,28.479849
7849,p,0.003780,0.008750,0.021500,54.701660,34.029849
7850,d,0.002385,0.077550,0.018500,63.966309,98.435393
7851,d,0.002385,0.005200,0.022000,71.140869,29.585393
7852,p,0.003780,0.004900,0.022000,30.572998,30.679849
7853,p,0.003780,0.005750,0.018500,51.385010,28.029849
7854,p,0.003780,0.061450,0.021500,71.602783,86.729849
7855,d,0.002385,0.008600,0.021500,81.032959,32.485393
7856,d,0.002385,0.010350,0.022000,23.425293,34.735393
7857,p,0.003780,0.025850,0.021500,42.231445,51.129849
7858,d,0.002385,0.100850,0.018500,51.938477,121.735393
7859,d,0.002385,0.143650,0.021500,59.186035,167.535393
7860,p,0.003780,0.004950,0.022000,20.401123,30.729849
7861,p,0.003780,0.015850,0.018500,40.599121,38.129849
7862,s,0.023128,0.043150,0.022000,49.829590,88.278351
7863,d,0.002385,0.078300,0.020000,57.023193,100.685393
7868,p,0.003780,0.005650,0.022000,35.125732,31.429849
7869,p,0.003780,0.009600,0.020000,55.147217,33.379849
7870,p,0.003780,0.022500,0.021500,75.291504,47.779849
7871,s,0.023128,0.004650,0.022000,84.558350,49.778351
7864,p,0.003780,0.005700,0.020000,19.663818,29.479849
7865,s,0.023128,0.014800,0.020000,29.002930,57.928351
7866,p,0.003780,0.098150,0.018500,47.173096,120.429849
7867,p,0.003780,0.007450,0.019200,67.437744,30.429849
7872,s,0.023128,0.004550,0.018500,8.738770,46.178351
7873,p,0.003780,0.015450,0.018500,26.885742,37.729849
7874,s,0.023128,0.069100,0.019200,35.855225,111.428351
7875,d,0.002385,0.038150,0.018500,42.931641,59.035393
7876,s,0.023128,0.003800,0.022000,23.135254,48.928351
7877,d,0.002385,0.008200,0.021500,31.145020,32.085393
7878,d,0.002385,0.020850,0.019200,38.393311,42.435393
7879,s,0.023128,0.087600,0.022000,45.199951,132.728351
7880,d,0.002385,0.004800,0.021500,24.229736,28.685393
7881,d,0.002385,0.015450,0.022000,32.125488,39.835393
7882,p,0.003780,0.078500,0.020000,50.256104,102.279849
7883,d,0.002385,0.007450,0.021500,59.717041,31.335393
7884,d,0.002385,0.004950,0.018500,23.746338,25.835393
7885,p,0.003780,0.010500,0.022000,42.564209,36.279849
7886,s,0.023128,0.071450,0.022000,51.555664,116.578351
7887,p,0.003780,0.005100,0.018500,70.899170,27.379849
7892,d,0.002385,0.004500,0.018500,15.678467,25.385393
7893,s,0.023128,0.014350,0.019200,22.842285,56.678351
7894,p,0.003780,0.053800,0.022000,40.929199,79.579849
7895,p,0.003780,0.007300,0.019200,61.119629,30.279849
7888,d,0.002385,0.004450,0.022000,23.443604,28.835393
7889,s,0.023128,0.009600,0.021500,30.996826,54.228351
7890,d,0.002385,0.084500,0.022000,37.964355,108.885393
7891,s,0.023128,0.055900,0.021500,45.028320,100.528351
7896,p,0.003780,0.006600,0.020000,29.853271,30.379849
7897,d,0.002385,0.007350,0.020000,39.234619,29.735393
7898,p,0.003780,0.070050,0.018500,57.276855,92.329849
7899,d,0.002385,0.004500,0.019200,67.518799,26.085393
7900,d,0.002385,0.005500,0.019200,23.783203,27.085393
7901,p,0.003780,0.025050,0.018500,42.465332,47.329849
7902,d,0.002385,0.070900,0.020000,51.820068,93.285393
7903,s,0.023128,0.005550,0.021500,58.657471,50.178351
7904,d,0.002385,0.005250,0.022000,9.815918,29.635393
7905,s,0.023128,0.009600,0.020000,17.463623,52.728351
7906,d,0.002385,0.150300,0.018500,25.612549,171.185393
7907,d,0.002385,0.123250,0.019200,33.169922,144.835393
7912,d,0.002385,0.005500,0.019200,23.850586,27.085393
7913,p,0.003780,0.024450,0.021500,42.693604,49.729849
7914,p,0.003780,0.031350,0.020000,63.126953,55.129849
7915,p,0.003780,0.005550,0.021500,83.402832,30.829849
7908,d,0.002385,0.006250,0.019200,23.505127,27.835393
7909,p,0.003780,0.012650,0.022000,42.500977,38.429849
7910,p,0.003780,0.027350,0.021500,62.857666,52.629849
7911,p,0.003780,0.004850,0.021500,83.158936,30.129849
7920,p,0.003780,0.005450,0.018500,22.382324,27.729849
7921,d,0.002385,0.006750,0.018500,32.327148,27.635393
7922,s,0.023128,0.048150,0.018500,39.190186,89.778351
7923,s,0.023128,0.009400,0.021500,45.917969,54.028351
7916,s,0.023128,0.004450,0.018500,8.946289,46.078351
7917,d,0.002385,0.016400,0.020000,17.395508,38.785393
7918,d,0.002385,0.014350,0.019200,25.447266,35.935393
7919,s,0.023128,0.061100,0.022000,33.079590,106.228351
7924,s,0.023128,0.005500,0.021500,23.244141,50.128351
7925,s,0.023128,0.016400,0.019200,30.824707,58.728351
7926,s,0.023128,0.117750,0.020000,37.559814,160.878351
7927,s,0.023128,0.080250,0.020000,44.261475,123.378351
7928,p,0.003780,0.005650,0.018500,21.047607,27.929849
7929,s,0.023128,0.015600,0.018500,30.098877,57.228351
7930,d,0.002385,0.033250,0.022000,37.618652,57.635393
7931,s,0.023128,0.058450,0.022000,44.984375,103.578351
7932,p,0.003780,0.004700,0.019200,35.536865,27.679849
7933,d,0.002385,0.012800,0.021500,44.857910,36.685393
7934,s,0.023128,0.025750,0.022000,51.571289,70.878351
7935,d,0.002385,0.029100,0.022000,58.630859,53.485393
7940,s,0.023128,0.004800,0.020000,9.031738,47.928351
7941,s,0.023128,0.017700,0.020000,15.860840,60.828351
7942,d,0.002385,0.026150,0.020000,22.856201,48.535393
7943,d,0.002385,0.105600,0.019200,29.925537,127.185393
7936,d,0.002385,0.004150,0.020000,7.956299,26.535393
7937,p,0.003780,0.013850,0.020000,28.572754,37.629849
7938,d,0.002385,0.047100,0.021500,38.349121,70.985393
7939,p,0.003780,0.005600,0.021500,56.760254,30.879849
7948,d,0.002385,0.005600,0.019200,10.604980,27.185393
7949,d,0.002385,0.017650,0.022000,18.182617,42.035393
7950,p,0.003780,0.012850,0.021500,36.460693,38.129849
7951,p,0.003780,0.010450,0.019200,56.656250,33.429849
7944,p,0.003780,0.016150,0.018500,21.096436,38.429849
7945,d,0.002385,0.010100,0.022000,31.015625,34.485393
7946,d,0.002385,0.019650,0.018500,38.367676,40.535393
7947,s,0.023128,0.041100,0.022000,45.372559,86.228351
7952,d,0.002385,0.005150,0.022000,20.471924,29.535393
7953,s,0.023128,0.014050,0.020000,28.548584,57.178351
7954,p,0.003780,0.035000,0.021500,46.728760,60.279849
7955,d,0.002385,0.004500,0.022000,56.085693,28.885393
7960,d,0.002385,0.005100,0.022000,23.660400,29.485393
7961,s,0.023128,0.028250,0.020000,31.350098,71.378351
7962,s,0.023128,0.023000,0.020000,38.017822,66.128351
7963,p,0.003780,0.103650,0.019200,56.180176,126.629849
7956,d,0.002385,0.004900,0.021500,23.380859,28.785393
7957,d,0.002385,0.013450,0.022000,31.422852,37.835393
7958,d,0.002385,0.064000,0.021500,38.534668,87.885393
7959,s,0.023128,0.024800,0.020000,45.439697,67.928351
7964,d,0.002385,0.012900,0.019200,22.936279,34.485393
7965,p,0.003780,0.016750,0.019200,41.646484,39.729849
7966,d,0.002385,0.091550,0.022000,51.239258,115.935393
7967,d,0.002385,0.085200,0.020000,58.375000,107.585393
7968,p,0.003780,0.004500,0.020000,20.963867,28.279849
7969,p,0.003780,0.009950,0.021500,42.710449,35.229849
7970,d,0.002385,0.058350,0.022000,52.346436,82.735393
7971,s,0.023128,0.010550,0.018500,59.251953,52.178351
7972,s,0.023128,0.004450,0.021500,22.914795,49.078351
7973,p,0.003780,0.011400,0.018500,41.883545,33.679849
7974,d,0.002385,0.014000,0.018500,51.328613,34.885393
7975,d,0.002385,0.024150,0.019200,58.459717,45.735393
7976,p,0.003780,0.005150,0.019200,34.983887,28.129849
7977,p,0.003780,0.011100,0.018500,55.242432,33.379849
7978,s,0.023128,0.027650,0.020000,64.433594,70.778351
7979,p,0.003780,0.005200,0.018500,82.471191,27.479849
7984,s,0.023128,0.007100,0.018500,9.708740,48.728351
7985,d,0.002385,0.028550,0.020000,17.852783,50.935393
7986,d,0.002385,0.057800,0.019200,25.622559,79.385393
7987,s,0.023128,0.080200,0.022000,32.943604,125.328351
7980,s,0.023128,0.005450,0.020000,23.004883,48.578351
7981,d,0.002385,0.008550,0.020000,30.853760,30.935393
7982,s,0.023128,0.070750,0.020000,37.676270,113.878351
7983,s,0.023128,0.071750,0.019200,44.362549,114.078351
7988,s,0.023128,0.005600,0.018500,23.318604,47.228351
7989,d,0.002385,0.013450,0.022000,31.476074,37.835393
7990,p,0.003780,0.047100,0.021500,52.293701,72.379849
7991,d,0.002385,0.022750,0.020000,62.021484,45.135393
7992,s,0.023128,0.006950,0.021500,23.477295,51.578351
7993,d,0.002385,0.008800,0.020000,31.414551,31.185393
7994,p,0.003780,0.054850,0.021500,49.536621,80.129849
7995,d,0.002385,0.047250,0.021500,58.827148,71.135393
7996,p,0.003780,0.012050,0.019200,20.539795,35.029849
7997,p,0.003780,0.010500,0.022000,40.694824,36.279849
7998,p,0.003780,0.026400,0.020000,60.790039,50.179849
7999,s,0.023128,0.006150,0.022000,69.819580,51.278351
8000,s,0.023128,0.005200,0.018500,23.305908,46.828351
8001,s,0.023128,0.027450,0.021500,31.085938,72.078351
8002,d,0.002385,0.036300,0.020000,38.099609,58.685393
8003,p,0.003780,0.117300,0.022000,56.288086,143.079849
8004,p,0.003780,0.004750,0.019200,35.336914,27.729849
8005,s,0.023128,0.008250,0.020000,44.330078,51.378351
8006,p,0.003780,0.016950,0.021500,62.350098,42.229849
8007,s,0.023128,0.005000,0.020000,71.290771,48.128351
8008,s,0.023128,0.011000,0.021500,22.738525,55.628351
8009,p,0.003780,0.012150,0.019200,41.748535,35.129849
8010,s,0.023128,0.027000,0.019200,50.750732,69.328351
8011,s,0.023128,0.037150,0.020000,57.498535,80.278351
8012,d,0.002385,0.005000,0.021500,21.014893,28.885393
8013,s,0.023128,0.009800,0.022000,28.416260,54.928351
8014,p,0.003780,0.091700,0.022000,46.471680,117.479849
8015,s,0.023128,0.051900,0.022000,55.464600,97.028351
8020,d,0.002385,0.005000,0.022000,22.979004,29.385393
8021,s,0.023128,0.012000,0.021500,30.574463,56.628351
8022,s,0.023128,0.024150,0.020000,38.782471,67.278351
8023,s,0.023128,0.035950,0.018500,45.718750,77.578351
8016,p,0.003780,0.004800,0.022000,35.421875,30.579849
8017,p,0.003780,0.010500,0.019200,56.299072,33.479849
8018,s,0.023128,0.039300,0.020000,66.138184,82.428351
8019,p,0.003780,0.005250,0.022000,86.662598,31.029849
8024,d,0.002385,0.010550,0.020000,16.202637,32.935393
8025,d,0.002385,0.020700,0.018500,23.325439,41.585393
8026,s,0.023128,0.039500,0.022000,30.110352,84.628351
8027,d,0.002385,0.071400,0.020000,37.104248,93.785393
8028,s,0.023128,0.006200,0.020000,8.958496,49.328351
8029,s,0.023128,0.007550,0.019200,15.812256,49.878351
8030,d,0.002385,0.010800,0.019200,22.861328,32.385393
8031,s,0.023128,0.080250,0.019200,29.590576,122.578351
8032,d,0.002385,0.006750,0.022000,11.729004,31.135393
8033,s,0.023128,0.010900,0.020000,20.880859,54.028351
8034,d,0.002385,0.045800,0.019200,28.287598,67.385393
8035,d,0.002385,0.025100,0.018500,35.483643,45.985393
8036,d,0.002385,0.008450,0.019200,23.440186,30.035393
8037,s,0.023128,0.014550,0.022000,31.227051,59.678351
8038,p,0.003780,0.069450,0.021500,49.380615,94.729849
8039,d,0.002385,0.104000,0.021500,58.689697,127.885393
8040,p,0.003780,0.006300,0.018500,35.294678,28.579849
8041,s,0.023128,0.005150,0.020000,44.664307,48.278351
8042,d,0.002385,0.083600,0.022000,51.851807,107.985393
8043,p,0.003780,0.015950,0.020000,70.062012,39.729849
8044,s,0.023128,0.016150,0.021500,23.275879,60.778351
8045,s,0.023128,0.014950,0.018500,31.023682,56.578351
8046,p,0.003780,0.091550,0.020000,49.588623,115.329849
8047,p,0.003780,0.061100,0.018500,70.002197,83.379849
8052,d,0.002385,0.006300,0.020000,13.365723,28.685393
8053,d,0.002385,0.014750,0.020000,22.153809,37.135393
8054,d,0.002385,0.071100,0.021500,30.154541,94.985393
8055,d,0.002385,0.052250,0.020000,37.992188,74.635393
8048,s,0.023128,0.007350,0.019200,23.119629,49.678351
8049,p,0.003780,0.007500,0.018500,41.888916,29.779849
8050,d,0.002385,0.038150,0.018500,51.121826,59.035393
8051,d,0.002385,0.064950,0.022000,58.140137,89.335393
8056,d,0.002385,0.004800,0.021500,23.913086,28.685393
8057,d,0.002385,0.020650,0.020000,31.704346,43.035393
8058,s,0.023128,0.025550,0.019200,38.480713,67.878351
8059,d,0.002385,0.032200,0.022000,45.481934,56.585393
8060,d,0.002385,0.003950,0.022000,23.601074,28.335393
8061,p,0.003780,0.005200,0.018500,42.512939,27.479849
8062,p,0.003780,0.023650,0.021500,62.790771,48.929849
8063,d,0.002385,0.004850,0.019200,72.091553,26.435393
8068,p,0.003780,0.004650,0.018500,34.632568,26.929849
8069,d,0.002385,0.013400,0.019200,44.397949,34.985393
8070,d,0.002385,0.027000,0.019200,51.468750,48.585393
8071,s,0.023128,0.027050,0.018500,58.317871,68.678351
8072,d,0.002385,0.004800,0.021500,23.947266,28.685393
8073,s,0.023128,0.009600,0.018500,31.315186,51.228351
8074,d,0.002385,0.040200,0.019200,38.330811,61.785393
8075,s,0.023128,0.082700,0.019200,45.067627,125.028351
8076,d,0.002385,0.004450,0.018500,18.488281,25.335393
8077,d,0.002385,0.007600,0.020000,26.830566,29.985393
8078,s,0.023128,0.081900,0.020000,34.384766,125.028351
8079,s,0.023128,0.020350,0.021500,42.061279,64.978351
8064,s,0.023128,0.009050,0.019200,22.912598,51.378351
8065,d,0.002385,0.015950,0.020000,30.801758,38.335393
8066,p,0.003780,0.061150,0.019200,48.987549,84.129849
8067,p,0.003780,0.093100,0.020000,69.047119,116.879849
8080,d,0.002385,0.005000,0.019200,21.221680,26.585393
8081,s,0.023128,0.012550,0.020000,28.618164,55.678351
8082,p,0.003780,0.018300,0.018500,46.718262,40.579849
8083,p,0.003780,0.004850,0.021500,66.950195,30.129849
8084,d,0.002385,0.005250,0.022000,23.535400,29.635393
8085,d,0.002385,0.011350,0.018500,31.286865,32.235393
8086,p,0.003780,0.083700,0.018500,49.508301,105.979849
8087,p,0.003780,0.054250,0.021500,69.534424,79.529849
8088,s,0.023128,0.006750,0.022000,23.540771,51.878351
8089,s,0.023128,0.012750,0.020000,31.423584,55.878351
8090,p,0.003780,0.084000,0.020000,51.930176,107.779849
8091,d,0.002385,0.047150,0.020000,62.162842,69.535393
8092,p,0.003780,0.029550,0.022000,35.199951,55.329849
8093,s,0.023128,0.007750,0.020000,44.269531,50.878351
8094,s,0.023128,0.093350,0.021500,50.954346,137.978351
8095,d,0.002385,0.102100,0.020000,58.003418,124.485393
8096,d,0.002385,0.005100,0.021500,12.226074,28.985393
8097,d,0.002385,0.013850,0.020000,19.861816,36.235393
8098,p,0.003780,0.129250,0.022000,38.235840,155.029849
8099,d,0.002385,0.005600,0.018500,47.464600,26.485393
8100,d,0.002385,0.004650,0.019200,23.525879,26.235393
8101,d,0.002385,0.010650,0.019200,31.314453,32.235393
8102,d,0.002385,0.054400,0.019200,38.310547,75.985393
8103,s,0.023128,0.117150,0.018500,45.244629,158.778351
8104,d,0.002385,0.005350,0.020000,9.437500,27.735393
8105,d,0.002385,0.006950,0.020000,16.595215,29.335393
8106,d,0.002385,0.010650,0.020000,23.604492,33.035393
8107,s,0.023128,0.065350,0.022000,30.401367,110.478351
8116,d,0.002385,0.006300,0.022000,22.769775,30.685393
8117,p,0.003780,0.005750,0.022000,41.685303,31.529849
8118,p,0.003780,0.022650,0.019200,61.911621,45.629849
8119,p,0.003780,0.005000,0.021500,82.434082,30.279849
8112,p,0.003780,0.004500,0.019200,35.334229,27.479849
8113,p,0.003780,0.014450,0.021500,55.770508,39.729849
8114,d,0.002385,0.003800,0.020000,65.160645,26.185393
8115,s,0.023128,0.016750,0.020000,71.969971,59.878351
8108,d,0.002385,0.004900,0.018500,20.540039,25.785393
8109,s,0.023128,0.032400,0.018500,28.271729,74.028351
8110,d,0.002385,0.029150,0.021500,36.210693,53.035393
8111,d,0.002385,0.041600,0.020000,44.055908,63.985393
8124,s,0.023128,0.006950,0.021500,23.251709,51.578351
8125,d,0.002385,0.009300,0.020000,31.238281,31.685393
8126,d,0.002385,0.066350,0.020000,38.278564,88.735393
8127,d,0.002385,0.045150,0.022000,45.348389,69.535393
8120,s,0.023128,0.008550,0.018500,9.251465,50.178351
8121,p,0.003780,0.008550,0.021500,31.575195,33.829849
8122,p,0.003780,0.088400,0.019200,53.037598,111.379849
8123,p,0.003780,0.071400,0.022000,73.997803,97.179849
8140,s,0.023128,0.004850,0.021500,21.911621,49.478351
8141,s,0.023128,0.024400,0.019200,29.298096,66.728351
8142,d,0.002385,0.023500,0.019200,36.291504,45.085393
8143,d,0.002385,0.032250,0.022000,43.588867,56.635393
8132,d,0.002385,0.004900,0.022000,23.487061,29.285393
8133,p,0.003780,0.009900,0.019200,42.374268,32.879849
8134,p,0.003780,0.083600,0.021500,63.219238,108.879849
8135,p,0.003780,0.005050,0.019200,83.490479,28.029849
8136,d,0.002385,0.004950,0.022000,12.021973,29.335393
8137,s,0.023128,0.033200,0.019200,21.086914,75.528351
8138,d,0.002385,0.047100,0.020000,30.189697,69.485393
8139,s,0.023128,0.032200,0.021500,37.430420,76.828351
8128,p,0.003780,0.005000,0.019200,35.164795,27.979849
8129,p,0.003780,0.008100,0.018500,55.305420,30.379849
8130,p,0.003780,0.045800,0.021500,75.346924,71.079849
8131,p,0.003780,0.004600,0.018500,95.403320,26.879849
8148,d,0.002385,0.004300,0.019200,10.708984,25.885393
8149,d,0.002385,0.013450,0.022000,18.872803,37.835393
8150,s,0.023128,0.088700,0.018500,25.798340,130.328351
8151,d,0.002385,0.078550,0.021500,32.747559,102.435393
8144,p,0.003780,0.012000,0.019200,25.522949,34.979849
8145,p,0.003780,0.035350,0.020000,47.322510,59.129849
8146,s,0.023128,0.059300,0.021500,56.772949,103.928351
8147,d,0.002385,0.104000,0.022000,63.887939,128.385393
8152,d,0.002385,0.005950,0.022000,23.530029,30.335393
8153,s,0.023128,0.014500,0.022000,31.150635,59.628351
8154,s,0.023128,0.027000,0.020000,37.933838,70.128351
8155,s,0.023128,0.106250,0.018500,44.643066,147.878351
8156,d,0.002385,0.004700,0.021500,23.512451,28.585393
8157,p,0.003780,0.006650,0.021500,43.036621,31.929849
8158,d,0.002385,0.077550,0.021500,52.360840,101.435393
8159,p,0.003780,0.004750,0.020000,70.459229,28.529849
8168,d,0.002385,0.004550,0.022000,27.155762,28.935393
8169,s,0.023128,0.014850,0.021500,35.379883,59.478351
8170,p,0.003780,0.025900,0.019200,53.470947,48.879849
8171,d,0.002385,0.005300,0.020000,62.693359,27.685393
8164,d,0.002385,0.005800,0.020000,23.740234,28.185393
8165,d,0.002385,0.007500,0.019200,31.522705,29.085393
8166,p,0.003780,0.021600,0.018500,49.960205,43.879849
8167,s,0.023128,0.004200,0.018500,59.748535,45.828351
8160,p,0.003780,0.004150,0.021500,35.116211,29.429849
8161,s,0.023128,0.010700,0.020000,44.127197,53.828351
8162,p,0.003780,0.011900,0.020000,62.250488,35.679849
8163,p,0.003780,0.004750,0.020000,82.491455,28.529849
8172,p,0.003780,0.010350,0.018500,23.162598,32.629849
8173,d,0.002385,0.008900,0.021500,33.294434,32.785393
8174,s,0.023128,0.084550,0.021500,40.621826,129.178351
8175,d,0.002385,0.090600,0.018500,48.006104,111.485393
8180,p,0.003780,0.006700,0.021500,20.475098,31.979849
8181,s,0.023128,0.011300,0.020000,29.789551,54.428351
8182,d,0.002385,0.058950,0.019200,37.108154,80.535393
8183,s,0.023128,0.017850,0.018500,43.877197,59.478351
8176,s,0.023128,0.008450,0.020000,22.864502,51.578351
8177,s,0.023128,0.009050,0.021500,30.423096,53.678351
8178,p,0.003780,0.020850,0.020000,48.658691,44.629849
8179,d,0.002385,0.060250,0.020000,58.007324,82.635393
8184,s,0.023128,0.005700,0.022000,23.209473,50.828351
8185,d,0.002385,0.018950,0.021500,31.289062,42.835393
8186,d,0.002385,0.008550,0.018500,38.394043,29.435393
8187,d,0.002385,0.033900,0.019200,45.574463,55.485393
8196,s,0.023128,0.004800,0.020000,23.216064,47.928351
8197,s,0.023128,0.008600,0.021500,30.779297,53.228351
8198,s,0.023128,0.071450,0.018500,37.458740,113.078351
8199,d,0.002385,0.131100,0.022000,44.467285,155.485393
8188,p,0.003780,0.004950,0.020000,35.177002,28.729849
8189,d,0.002385,0.016000,0.021500,44.412598,39.885393
8190,d,0.002385,0.098650,0.021500,51.413574,122.535393
8191,s,0.023128,0.027700,0.020000,58.185303,70.828351
8192,p,0.003780,0.005050,0.022000,35.059570,30.829849
8193,d,0.002385,0.065300,0.021500,44.430908,89.185393
8194,p,0.003780,0.054600,0.022000,62.490479,80.379849
8195,d,0.002385,0.107350,0.019200,71.666748,128.935393
8200,p,0.003780,0.003950,0.018500,35.944580,26.229849
8201,s,0.023128,0.028900,0.019200,44.990479,71.228351
8202,s,0.023128,0.017900,0.021500,51.704346,62.528351
8203,p,0.003780,0.033750,0.018500,69.725586,56.029849
8204,d,0.002385,0.005450,0.018500,23.438721,26.335393
8205,d,0.002385,0.015450,0.022000,31.239258,39.835393
8206,p,0.003780,0.044450,0.021500,49.425049,69.729849
8207,p,0.003780,0.004800,0.022000,69.742676,30.579849
8208,s,0.023128,0.004550,0.019200,10.772949,46.878351
8209,p,0.003780,0.012450,0.019200,31.232422,35.429849
8210,p,0.003780,0.048350,0.019200,52.308105,71.329849
8211,s,0.023128,0.097300,0.019200,61.484131,139.628351
8212,p,0.003780,0.009450,0.018500,35.083984,31.729849
8213,p,0.003780,0.007650,0.020000,55.306641,31.429849
8214,s,0.023128,0.019700,0.018500,64.312744,61.328351
8215,p,0.003780,0.054100,0.018500,82.439941,76.379849
8216,s,0.023128,0.010150,0.021500,23.065918,54.778351
8217,p,0.003780,0.009850,0.018500,42.030029,32.129849
8218,s,0.023128,0.025000,0.019200,50.931885,67.328351
8219,s,0.023128,0.094250,0.022000,57.647705,139.378351
8220,d,0.002385,0.006150,0.019200,23.980713,27.735393
8221,p,0.003780,0.011500,0.022000,42.882080,37.279849
8222,s,0.023128,0.026400,0.020000,52.081543,69.528351
8223,p,0.003780,0.004750,0.022000,70.286377,30.529849
8224,p,0.003780,0.005850,0.022000,35.404297,31.629849
8225,d,0.002385,0.007500,0.020000,44.728027,29.885393
8226,p,0.003780,0.090100,0.020000,62.800293,113.879849
8227,p,0.003780,0.058550,0.021500,83.271729,83.829849
8232,s,0.023128,0.004350,0.022000,9.038086,49.478351
8233,s,0.023128,0.020350,0.021500,16.160156,64.978351
8234,s,0.023128,0.098650,0.019200,23.964844,140.978351
8235,s,0.023128,0.085800,0.020000,31.755127,128.928351
8228,s,0.023128,0.004450,0.020000,23.217285,47.578351
8229,p,0.003780,0.011550,0.018500,42.023682,33.829849
8230,s,0.023128,0.027900,0.019200,51.132080,70.228351
8231,p,0.003780,0.053100,0.018500,69.250000,75.379849
8236,s,0.023128,0.004050,0.020000,16.639648,47.178351
8237,p,0.003780,0.024200,0.018500,35.642090,46.479849
8238,p,0.003780,0.052000,0.022000,56.057373,77.779849
8239,p,0.003780,0.020350,0.022000,76.548828,46.129849
8240,d,0.002385,0.007900,0.021500,23.511230,31.785393
8241,s,0.023128,0.020500,0.018500,31.091553,62.128351
8242,d,0.002385,0.053800,0.022000,38.147705,78.185393
8243,p,0.003780,0.102900,0.018500,56.289551,125.179849
8244,s,0.023128,0.004500,0.019200,23.093750,46.828351
8245,d,0.002385,0.013650,0.019200,31.074463,35.235393
8246,s,0.023128,0.019850,0.019200,38.114258,62.178351
8247,p,0.003780,0.103100,0.021500,57.977051,128.379849
8248,p,0.003780,0.004850,0.019200,35.080322,27.829849
8249,s,0.023128,0.020800,0.018500,44.224365,62.428351
8250,d,0.002385,0.067400,0.020000,51.279785,89.785393
8251,p,0.003780,0.025350,0.019200,69.287109,48.329849
8252,d,0.002385,0.013950,0.022000,23.339844,38.335393
8253,p,0.003780,0.035550,0.018500,42.187988,57.829849
8254,d,0.002385,0.020600,0.018500,51.390381,41.485393
8255,p,0.003780,0.042950,0.018500,69.484375,65.229849
8256,s,0.023128,0.004300,0.021500,23.012451,48.928351
8257,s,0.023128,0.009000,0.022000,30.641113,54.128351
8258,p,0.003780,0.125500,0.021500,48.858887,150.779849
8259,d,0.002385,0.076950,0.021500,58.132324,100.835393
8260,d,0.002385,0.004450,0.021500,23.483887,28.335393
8261,d,0.002385,0.010350,0.020000,31.130127,32.735393
8262,p,0.003780,0.067350,0.021500,49.277344,92.629849
8263,s,0.023128,0.005000,0.019200,58.305908,47.328351
8264,s,0.023128,0.010150,0.019200,23.058594,52.478351
8265,s,0.023128,0.012200,0.022000,30.675781,57.328351
8266,p,0.003780,0.020850,0.019200,48.882324,43.829849
8267,s,0.023128,0.056750,0.018500,57.860107,98.378351
8268,d,0.002385,0.004850,0.022000,23.632812,29.235393
8269,p,0.003780,0.009550,0.019200,42.541504,32.529849
8270,s,0.023128,0.061450,0.021500,51.510742,106.078351
8271,p,0.003780,0.024800,0.019200,69.934814,47.779849
8276,s,0.023128,0.005200,0.019200,10.733643,47.528351
8277,d,0.002385,0.015050,0.019200,18.888184,36.635393
8278,p,0.003780,0.021750,0.018500,41.994385,44.029849
8279,d,0.002385,0.086300,0.020000,54.147217,108.685393
8280,p,0.003780,0.008600,0.021500,32.075928,33.879849
8281,s,0.023128,0.015600,0.019200,41.287842,57.928351
8282,s,0.023128,0.047100,0.019200,48.192383,89.428351
8283,p,0.003780,0.054300,0.021500,66.247559,79.579849
8272,p,0.003780,0.005400,0.018500,35.289551,27.679849
8273,d,0.002385,0.017450,0.021500,44.788574,41.335393
8274,d,0.002385,0.096150,0.018500,51.947021,117.035393
8275,p,0.003780,0.135250,0.020000,70.315674,159.029849
8288,p,0.003780,0.005050,0.018500,35.384521,27.329849
8289,p,0.003780,0.011050,0.020000,55.621338,34.829849
8290,d,0.002385,0.024400,0.020000,64.974121,46.785393
8291,s,0.023128,0.004800,0.022000,71.748779,49.928351
8284,d,0.002385,0.015550,0.022000,23.339355,39.935393
8285,d,0.002385,0.012150,0.020000,31.159424,34.535393
8286,s,0.023128,0.019200,0.022000,37.944336,64.328351
8287,d,0.002385,0.085800,0.020000,45.154541,108.185393
8292,p,0.003780,0.004350,0.021500,36.207520,29.629849
8293,p,0.003780,0.008700,0.021500,56.656982,33.979849
8294,p,0.003780,0.022800,0.021500,77.185303,48.079849
8295,s,0.023128,0.014300,0.019200,87.930908,56.628351
8296,d,0.002385,0.004100,0.022000,10.066406,28.485393
8297,p,0.003780,0.022550,0.019200,28.882324,45.529849
8298,d,0.002385,0.082200,0.021500,38.375977,106.085393
8299,s,0.023128,0.004950,0.022000,45.408447,50.078351
8300,p,0.003780,0.004900,0.020000,35.316406,28.679849
8301,s,0.023128,0.008100,0.020000,44.614502,51.228351
8302,s,0.023128,0.039350,0.018500,51.347900,80.978351
8303,s,0.023128,0.103650,0.018500,58.306152,145.278351
8304,s,0.023128,0.005450,0.019200,23.225098,47.778351
8305,s,0.023128,0.010300,0.020000,30.846924,53.428351
8306,p,0.003780,0.065250,0.022000,49.281250,91.029849
8307,s,0.023128,0.056200,0.020000,58.340332,99.328351
8308,d,0.002385,0.013950,0.019200,22.865967,35.535393
8309,d,0.002385,0.011600,0.021500,30.790527,35.485393
8310,s,0.023128,0.048950,0.021500,37.596436,93.578351
8311,p,0.003780,0.086300,0.019200,55.738037,109.279849
8312,s,0.023128,0.005800,0.021500,23.217285,50.428351
8313,s,0.023128,0.029250,0.020000,30.740234,72.378351
8314,s,0.023128,0.099850,0.021500,37.441650,144.478351
8315,s,0.023128,0.122950,0.018500,44.174316,164.578351
8316,d,0.002385,0.004300,0.021500,12.467529,28.185393
8317,s,0.023128,0.012500,0.018500,21.810547,54.128351
8318,d,0.002385,0.029550,0.020000,28.834717,51.935393
8319,p,0.003780,0.080250,0.020000,46.993408,104.029849
8320,p,0.003780,0.004400,0.022000,27.672852,30.179849
8321,p,0.003780,0.020650,0.018500,50.835938,42.929849
8322,d,0.002385,0.029450,0.018500,60.702148,50.335393
8323,s,0.023128,0.009550,0.021500,67.673096,54.178351
8324,s,0.023128,0.005450,0.019200,23.578125,47.778351
8325,d,0.002385,0.009950,0.019200,31.974121,31.535393
8326,s,0.023128,0.103750,0.019200,39.004150,146.078351
8327,s,0.023128,0.072450,0.019200,46.001221,114.778351
8328,d,0.002385,0.005000,0.022000,23.184814,29.385393
8329,p,0.003780,0.019750,0.022000,42.163086,45.529849
8330,p,0.003780,0.017200,0.021500,62.504150,42.479849
8331,p,0.003780,0.004750,0.020000,83.067383,28.529849
8332,d,0.002385,0.004550,0.018500,9.267578,25.435393
8333,p,0.003780,0.028000,0.021500,27.447998,53.279849
8334,p,0.003780,0.117350,0.020000,47.660645,141.129849
8335,d,0.002385,0.004150,0.022000,56.956055,28.535393
8336,p,0.003780,0.004900,0.019200,28.596191,27.879849
8337,s,0.023128,0.006950,0.021500,38.447510,51.578351
8338,s,0.023128,0.102150,0.020000,45.562988,145.278351
8339,s,0.023128,0.037100,0.020000,52.612549,80.228351
8340,s,0.023128,0.004500,0.018500,22.823242,46.128351
8341,d,0.002385,0.020650,0.020000,30.630615,43.035393
8342,s,0.023128,0.054450,0.019200,37.472412,96.778351
8343,s,0.023128,0.084450,0.018500,44.194824,126.078351
8344,s,0.023128,0.004150,0.018500,23.702881,45.778351
8345,s,0.023128,0.012650,0.020000,31.231201,55.778351
8346,d,0.002385,0.019950,0.021500,38.287842,43.835393
8347,s,0.023128,0.049500,0.020000,45.062012,92.628351
8348,p,0.003780,0.005450,0.021500,34.849121,30.729849
8349,p,0.003780,0.033200,0.021500,55.351074,58.479849
8350,p,0.003780,0.025250,0.022000,76.334717,51.029849
8351,s,0.023128,0.006050,0.022000,85.402588,51.178351
8352,p,0.003780,0.004850,0.019200,26.621582,27.829849
8353,p,0.003780,0.015550,0.022000,47.072266,41.329849
8354,p,0.003780,0.012600,0.018500,67.631836,34.879849
8355,d,0.002385,0.004400,0.020000,76.967529,26.785393
8360,s,0.023128,0.004400,0.020000,23.169189,47.528351
8361,d,0.002385,0.012050,0.020000,31.156250,34.435393
8362,p,0.003780,0.045800,0.019200,49.411377,68.779849
8363,p,0.003780,0.054300,0.019200,69.650146,77.279849
8356,s,0.023128,0.005100,0.020000,18.624023,48.228351
8357,p,0.003780,0.011050,0.022000,37.403076,36.829849
8358,s,0.023128,0.093350,0.022000,46.481689,138.478351
8359,p,0.003780,0.064950,0.021500,65.450928,90.229849
8364,p,0.003780,0.005500,0.021500,35.591797,30.779849
8365,p,0.003780,0.018650,0.020000,56.206543,42.429849
8366,d,0.002385,0.023000,0.018500,65.785156,43.885393
8367,d,0.002385,0.004700,0.018500,73.026855,25.585393
8372,d,0.002385,0.005350,0.018500,23.587402,26.235393
8373,p,0.003780,0.011100,0.019200,42.839355,34.079849
8374,p,0.003780,0.021600,0.019200,63.317871,44.579849
8375,d,0.002385,0.004250,0.019200,72.827393,25.835393
8368,d,0.002385,0.005650,0.019200,8.674316,27.235393
8369,s,0.023128,0.007600,0.020000,15.767090,50.728351
8370,p,0.003780,0.020850,0.020000,34.010010,44.629849
8371,p,0.003780,0.004450,0.019200,54.444824,27.429849
8376,s,0.023128,0.005100,0.018500,15.139648,46.728351
8377,d,0.002385,0.015350,0.019200,22.740479,36.935393
8378,d,0.002385,0.091550,0.019200,29.778809,113.135393
8379,p,0.003780,0.035350,0.019200,47.902832,58.329849
8380,p,0.003780,0.005600,0.020000,35.623047,29.379849
8381,s,0.023128,0.014900,0.021500,44.640625,59.528351
8382,s,0.023128,0.054350,0.018500,51.359375,95.978351
8383,s,0.023128,0.047250,0.022000,58.075928,92.378351
8384,p,0.003780,0.006700,0.022000,35.533203,32.479849
8385,s,0.023128,0.011000,0.020000,44.592529,54.128351
8386,d,0.002385,0.098650,0.021500,51.606201,122.535393
8387,p,0.003780,0.065350,0.019200,69.902100,88.329849
8388,d,0.002385,0.009150,0.020000,23.717773,31.535393
8389,p,0.003780,0.010050,0.021500,42.723145,35.329849
8390,d,0.002385,0.033700,0.018500,52.453857,54.585393
8391,s,0.023128,0.010650,0.019200,59.349854,52.978351
8392,d,0.002385,0.013100,0.022000,19.514648,37.485393
8393,s,0.023128,0.027450,0.020000,26.528809,70.578351
8394,d,0.002385,0.059200,0.020000,33.509277,81.585393
8395,p,0.003780,0.029550,0.022000,52.024902,55.329849
8396,s,0.023128,0.005300,0.019200,22.777588,47.628351
8397,s,0.023128,0.006450,0.019200,30.215820,48.778351
8398,p,0.003780,0.145150,0.018500,48.338867,167.429849
8399,p,0.003780,0.052250,0.020000,68.561768,76.029849
8400,d,0.002385,0.005200,0.022000,23.325928,29.585393
8401,p,0.003780,0.009050,0.021500,42.140625,34.329849
8402,d,0.002385,0.022950,0.021500,52.252197,46.835393
8403,s,0.023128,0.005300,0.018500,59.703369,46.928351
8404,d,0.002385,0.004550,0.021500,9.401611,28.435393
8405,p,0.003780,0.007900,0.019200,27.677246,30.879849
8406,s,0.023128,0.033250,0.018500,36.708008,74.878351
8407,p,0.003780,0.014150,0.020000,54.660400,37.929849
8408,p,0.003780,0.005400,0.018500,26.679199,27.679849
8409,s,0.023128,0.015250,0.019200,36.778320,57.578351
8410,p,0.003780,0.054450,0.021500,56.255127,79.729849
8411,d,0.002385,0.014300,0.019200,66.006348,35.885393
8412,s,0.023128,0.004750,0.019200,23.101562,47.078351
8413,p,0.003780,0.007650,0.019200,42.155762,30.629849
8414,p,0.003780,0.019500,0.020000,62.395020,43.279849
8415,p,0.003780,0.081800,0.021500,82.555420,107.079849
8420,p,0.003780,0.009850,0.018500,27.312500,32.129849
8421,d,0.002385,0.007350,0.019200,36.857178,28.935393
8422,p,0.003780,0.079200,0.020000,55.006348,102.979849
8423,p,0.003780,0.087650,0.022000,75.911865,113.429849
8416,p,0.003780,0.005300,0.019200,35.499023,28.279849
8417,p,0.003780,0.009000,0.021500,55.764893,34.279849
8418,p,0.003780,0.025700,0.021500,76.338623,50.979849
8419,d,0.002385,0.007200,0.019200,85.645508,28.785393
8424,p,0.003780,0.004500,0.022000,23.683350,30.279849
8425,s,0.023128,0.013900,0.021500,33.263184,58.528351
8426,p,0.003780,0.093400,0.021500,51.887695,118.679849
8427,d,0.002385,0.004900,0.018500,61.443604,25.785393
8428,s,0.023128,0.004800,0.020000,23.141113,47.928351
8429,d,0.002385,0.011500,0.022000,31.021729,35.885393
8430,s,0.023128,0.113600,0.022000,37.777100,158.728351
8431,d,0.002385,0.090100,0.018500,44.747070,110.985393
8432,p,0.003780,0.005850,0.022000,35.723389,31.629849
8433,d,0.002385,0.009550,0.021500,45.236328,33.435393
8434,p,0.003780,0.013700,0.019200,63.299072,36.679849
8435,s,0.023128,0.084800,0.020000,72.298584,127.928351
8436,p,0.003780,0.003900,0.022000,35.376465,29.679849
8437,s,0.023128,0.013000,0.020000,44.566650,56.128351
8438,s,0.023128,0.074650,0.022000,51.296387,119.778351
8439,p,0.003780,0.037100,0.020000,69.410645,60.879849
8440,d,0.002385,0.005400,0.019200,17.591797,26.985393
8441,d,0.002385,0.042450,0.020000,25.237061,64.835393
8442,s,0.023128,0.015400,0.019200,32.115723,57.728351
8443,p,0.003780,0.086200,0.022000,50.409424,111.979849
8444,s,0.023128,0.004850,0.020000,9.527100,47.978351
8445,s,0.023128,0.025650,0.019200,16.263916,67.978351
8446,s,0.023128,0.060500,0.018500,23.201904,102.128351
8447,p,0.003780,0.048550,0.020000,42.096680,72.329849
8448,p,0.003780,0.044000,0.020000,35.518311,67.779849
8449,d,0.002385,0.006200,0.018500,44.846680,27.085393
8450,d,0.002385,0.056000,0.022000,51.895752,80.385393
8451,d,0.002385,0.076050,0.021500,59.052002,99.935393
8452,p,0.003780,0.004450,0.022000,20.356689,30.229849
8453,s,0.023128,0.012000,0.020000,29.405029,55.128351
8454,s,0.023128,0.045650,0.020000,36.459717,88.778351
8455,d,0.002385,0.027400,0.021500,44.800049,51.285393
8456,d,0.002385,0.010250,0.019200,21.764893,31.835393
8457,d,0.002385,0.010950,0.022000,29.393555,35.335393
8458,s,0.023128,0.010800,0.020000,36.271484,53.928351
8459,s,0.023128,0.129600,0.020000,43.333252,172.728351
8460,d,0.002385,0.005550,0.020000,9.050049,27.935393
8461,d,0.002385,0.007500,0.022000,16.073730,31.885393
8462,p,0.003780,0.019200,0.019200,34.063477,42.179849
8463,d,0.002385,0.005200,0.018500,43.390869,26.085393
8464,p,0.003780,0.009100,0.018500,34.943359,31.379849
8465,s,0.023128,0.013850,0.022000,43.955811,58.978351
8466,d,0.002385,0.075200,0.022000,51.010254,99.585393
8467,p,0.003780,0.037900,0.021500,69.300293,63.179849
8468,s,0.023128,0.004300,0.020000,22.820068,47.428351
8469,s,0.023128,0.015850,0.019200,30.319580,58.178351
8470,p,0.003780,0.017700,0.018500,48.370361,39.979849
8471,p,0.003780,0.035350,0.022000,68.716553,61.129849
8472,d,0.002385,0.005400,0.019200,7.346924,26.985393
8473,d,0.002385,0.015700,0.022000,17.964600,40.085393
8474,p,0.003780,0.070050,0.022000,37.619873,95.829849
8475,p,0.003780,0.004200,0.018500,58.625000,26.479849
8476,d,0.002385,0.004800,0.020000,23.413330,27.185393
8477,s,0.023128,0.012750,0.019200,30.915283,55.078351
8478,d,0.002385,0.028300,0.022000,38.355469,52.685393
8479,p,0.003780,0.091600,0.019200,56.719482,114.579849
8480,s,0.023128,0.004400,0.021500,22.388672,49.028351
8481,s,0.023128,0.024450,0.022000,29.863037,69.578351
8482,p,0.003780,0.014900,0.021500,47.914795,40.179849
8483,s,0.023128,0.026950,0.020000,56.857422,70.078351
8484,s,0.023128,0.004500,0.022000,9.065918,49.628351
8485,s,0.023128,0.006200,0.021500,15.813477,50.828351
8486,d,0.002385,0.027750,0.022000,23.177979,52.135393
8487,d,0.002385,0.074800,0.020000,30.671631,97.185393
8488,p,0.003780,0.004650,0.019200,22.163818,27.629849
8489,d,0.002385,0.005400,0.021500,32.119629,29.285393
8490,p,0.003780,0.097050,0.020000,50.861572,120.829849
8491,s,0.023128,0.006300,0.020000,60.042725,49.428351
8492,p,0.003780,0.005050,0.021500,35.006104,30.329849
8493,d,0.002385,0.023100,0.019200,44.373291,44.685393
8494,s,0.023128,0.020400,0.021500,51.111328,65.028351
8495,p,0.003780,0.060250,0.020000,69.156494,84.029849
8496,p,0.003780,0.005000,0.020000,36.598389,28.779849
8497,p,0.003780,0.010300,0.021500,57.027588,35.579849
8498,d,0.002385,0.013700,0.020000,66.360107,36.085393
8499,s,0.023128,0.044000,0.021500,73.162109,88.628351
8504,p,0.003780,0.005000,0.022000,20.490967,30.779849
8505,d,0.002385,0.010450,0.021500,29.778076,34.335393
8506,p,0.003780,0.011250,0.019200,47.741455,34.229849
8507,s,0.023128,0.015250,0.021500,56.734863,59.878351
8500,p,0.003780,0.007100,0.019200,40.228027,30.079849
8501,s,0.023128,0.095550,0.019200,49.300781,137.878351
8502,s,0.023128,0.063150,0.022000,55.950684,108.278351
8503,p,0.003780,0.030300,0.019200,74.544434,53.279849
8508,p,0.003780,0.007350,0.020000,34.236572,31.129849
8509,s,0.023128,0.010200,0.018500,43.252930,51.828351
8510,p,0.003780,0.072650,0.021500,61.332520,97.929849
8511,s,0.023128,0.087600,0.018500,70.302979,129.228351
8512,d,0.002385,0.008600,0.021500,6.613770,32.485393
8513,s,0.023128,0.012800,0.021500,13.425293,57.428351
8514,s,0.023128,0.057250,0.019200,20.314697,99.578351
8515,p,0.003780,0.024700,0.020000,38.838135,48.479849
8516,s,0.023128,0.008500,0.022000,23.073486,53.628351
8517,s,0.023128,0.009900,0.021500,30.769531,54.528351
8518,p,0.003780,0.045650,0.019200,50.447998,68.629849
8519,p,0.003780,0.075150,0.019200,73.093506,98.129849
8520,p,0.003780,0.022500,0.022000,20.404541,48.279849
8521,s,0.023128,0.011500,0.021500,29.480469,56.128351
8522,p,0.003780,0.062100,0.020000,47.570557,85.879849
8523,s,0.023128,0.083800,0.021500,56.653809,128.428351
8528,d,0.002385,0.004650,0.018500,23.182617,25.535393
8529,p,0.003780,0.015750,0.018500,43.314941,38.029849
8530,s,0.023128,0.016950,0.020000,53.396240,60.078351
8531,s,0.023128,0.009150,0.018500,60.664307,50.778351
8524,p,0.003780,0.006400,0.018500,35.288574,28.679849
8525,p,0.003780,0.022400,0.018500,55.468506,44.679849
8526,p,0.003780,0.064400,0.020000,75.726318,88.179849
8527,p,0.003780,0.005750,0.018500,95.886719,28.029849
8536,d,0.002385,0.005550,0.019200,9.302734,27.135393
8537,p,0.003780,0.019800,0.021500,31.854248,45.079849
8538,s,0.023128,0.041800,0.022000,41.228516,86.928351
8539,p,0.003780,0.005350,0.018500,59.414551,27.629849
8532,d,0.002385,0.005250,0.019200,23.758545,26.835393
8533,s,0.023128,0.019750,0.020000,31.184570,62.878351
8534,d,0.002385,0.065250,0.021500,38.190674,89.135393
8535,d,0.002385,0.024800,0.021500,45.275635,48.685393
8540,d,0.002385,0.005100,0.019200,23.498291,26.685393
8541,d,0.002385,0.010950,0.022000,31.302002,35.335393
8542,s,0.023128,0.044100,0.020000,38.106445,87.228351
8543,p,0.003780,0.020350,0.019200,56.327393,43.329849
8548,d,0.002385,0.004700,0.020000,10.850586,27.085393
8549,p,0.003780,0.018300,0.020000,28.963867,42.079849
8550,d,0.002385,0.090650,0.019200,38.250977,112.235393
8551,s,0.023128,0.004950,0.019200,45.041504,47.278351
8544,s,0.023128,0.004350,0.019200,21.982178,46.678351
8545,d,0.002385,0.009050,0.018500,29.713135,29.935393
8546,d,0.002385,0.135050,0.021500,36.682861,158.935393
8547,s,0.023128,0.041650,0.019200,43.433594,83.978351
8552,p,0.003780,0.004250,0.019200,20.248047,27.229849
8553,d,0.002385,0.019350,0.019200,29.595215,40.935393
8554,s,0.023128,0.020600,0.022000,36.347900,65.728351
8555,s,0.023128,0.029350,0.020000,43.235840,72.478351
8556,d,0.002385,0.005750,0.020000,24.750488,28.135393
8557,p,0.003780,0.011650,0.020000,43.730713,35.429849
8558,p,0.003780,0.045800,0.020000,64.058105,69.579849
8559,p,0.003780,0.004900,0.018500,84.655273,27.179849
8564,p,0.003780,0.004850,0.019200,28.064209,27.829849
8565,d,0.002385,0.017700,0.021500,37.640625,41.585393
8566,d,0.002385,0.049250,0.018500,44.689941,70.135393
8567,s,0.023128,0.081800,0.018500,51.464844,123.428351
8560,p,0.003780,0.006650,0.020000,27.029785,30.429849
8561,s,0.023128,0.016150,0.021500,36.427002,60.778351
8562,p,0.003780,0.033700,0.020000,54.537842,57.479849
8563,p,0.003780,0.006450,0.019200,74.688477,29.429849
8568,s,0.023128,0.003800,0.022000,22.943848,48.928351
8569,d,0.002385,0.024450,0.021500,30.834961,48.335393
8570,p,0.003780,0.074300,0.020000,49.041260,98.079849
8571,p,0.003780,0.117350,0.019200,69.345215,140.329849
8572,p,0.003780,0.004650,0.019200,34.789795,27.629849
8573,p,0.003780,0.008800,0.022000,55.012451,34.579849
8574,p,0.003780,0.020850,0.020000,75.279297,44.629849
8575,s,0.023128,0.004650,0.021500,84.537109,49.278351
8576,s,0.023128,0.005350,0.019200,7.746338,47.678351
8577,s,0.023128,0.014600,0.021500,14.902832,59.228351
8578,s,0.023128,0.020700,0.021500,22.095215,65.328351
8579,d,0.002385,0.042950,0.020000,29.295898,65.335393
8580,s,0.023128,0.004300,0.018500,23.229492,45.928351
8581,d,0.002385,0.020400,0.018500,31.077393,41.285393
8582,s,0.023128,0.105550,0.021500,37.889648,150.178351
8583,p,0.003780,0.045400,0.019200,57.054688,68.379849
8584,p,0.003780,0.004150,0.022000,26.956055,29.929849
8585,p,0.003780,0.007000,0.020000,47.253418,30.779849
8586,p,0.003780,0.088850,0.019200,67.445068,111.829849
8587,s,0.023128,0.005200,0.018500,76.513916,46.828351
8588,d,0.002385,0.004700,0.020000,23.609131,27.085393
8589,d,0.002385,0.011000,0.021500,31.361328,34.885393
8590,d,0.002385,0.017800,0.018500,38.372070,38.685393
8591,d,0.002385,0.062100,0.018500,45.373779,82.985393
8592,s,0.023128,0.006400,0.022000,22.962158,51.528351
8593,d,0.002385,0.012000,0.022000,30.946533,36.385393
8594,d,0.002385,0.070850,0.020000,37.966553,93.235393
8595,s,0.023128,0.093250,0.019200,44.724121,135.578351
8596,s,0.023128,0.005100,0.022000,9.544922,50.228351
8597,p,0.003780,0.011750,0.022000,28.574707,37.529849
8598,s,0.023128,0.097050,0.022000,37.569092,142.178351
8599,d,0.002385,0.065600,0.021500,44.816162,89.485393
8600,p,0.003780,0.004300,0.019200,33.502686,27.279849
8601,d,0.002385,0.013550,0.020000,42.955078,35.935393
8602,p,0.003780,0.103750,0.019200,60.980469,126.729849
8603,p,0.003780,0.006700,0.020000,81.088135,30.479849
8608,p,0.003780,0.004900,0.021500,35.440186,30.179849
8609,s,0.023128,0.013900,0.018500,44.666016,55.528351
8610,p,0.003780,0.084000,0.019200,62.826416,106.979849
8611,s,0.023128,0.005750,0.020000,71.869385,48.878351
8604,p,0.003780,0.005550,0.022000,24.748291,31.329849
8605,d,0.002385,0.022400,0.021500,35.190918,46.285393
8606,p,0.003780,0.054600,0.020000,55.258057,78.379849
8607,s,0.023128,0.004200,0.020000,64.891846,47.328351
8616,p,0.003780,0.005600,0.021500,34.800781,30.879849
8617,s,0.023128,0.017350,0.021500,44.043701,61.978351
8618,d,0.002385,0.039350,0.022000,51.359131,63.735393
8619,d,0.002385,0.069200,0.021500,58.593994,93.085393
8612,s,0.023128,0.003900,0.021500,23.196533,48.528351
8613,p,0.003780,0.015250,0.022000,42.115967,41.029849
8614,p,0.003780,0.043150,0.018500,62.257324,65.429849
8615,s,0.023128,0.080250,0.022000,71.209961,125.378351
8620,p,0.003780,0.010000,0.020000,20.655762,33.779849
8621,d,0.002385,0.012800,0.019200,29.902832,34.385393
8622,s,0.023128,0.027650,0.020000,36.675293,70.778351
8623,s,0.023128,0.027950,0.018500,43.400146,69.578351
8624,p,0.003780,0.008550,0.019200,35.287842,31.529849
8625,p,0.003780,0.014950,0.022000,55.405273,40.729849
8626,d,0.002385,0.086500,0.019200,64.754150,108.085393
8627,p,0.003780,0.098850,0.020000,83.164062,122.629849
8628,s,0.023128,0.005400,0.018500,9.496338,47.028351
8629,p,0.003780,0.012700,0.018500,27.865723,34.979849
8630,d,0.002385,0.104550,0.021500,37.144775,128.435393
8631,s,0.023128,0.099350,0.019200,43.869141,141.678351
8632,p,0.003780,0.010150,0.021500,34.991699,35.429849
8633,d,0.002385,0.007500,0.019200,44.390625,29.085393
8634,d,0.002385,0.090650,0.018500,51.444824,111.535393
8635,p,0.003780,0.007300,0.019200,69.459961,30.279849
8636,s,0.023128,0.003650,0.021500,23.276855,48.278351
8637,d,0.002385,0.018950,0.020000,31.215088,41.335393
8638,d,0.002385,0.066900,0.018500,38.356445,87.785393
8639,p,0.003780,0.081800,0.021500,56.586426,107.079849
8644,s,0.023128,0.014000,0.019200,8.857666,56.328351
8645,s,0.023128,0.013700,0.019200,15.625488,56.028351
8646,d,0.002385,0.027750,0.020000,22.642578,50.135393
8647,p,0.003780,0.066950,0.020000,41.002686,90.729849
8640,p,0.003780,0.005000,0.019200,34.333496,27.979849
8641,d,0.002385,0.015550,0.018500,43.701904,36.435393
8642,s,0.023128,0.114600,0.020000,50.494629,157.728351
8643,p,0.003780,0.054950,0.018500,68.447998,77.229849
8648,p,0.003780,0.004300,0.021500,21.405273,29.579849
8649,d,0.002385,0.022800,0.021500,30.785156,46.685393
8650,p,0.003780,0.049250,0.018500,48.858398,71.529849
8651,s,0.023128,0.005000,0.018500,57.851562,46.628351
8652,d,0.002385,0.005850,0.020000,23.381348,28.235393
8653,p,0.003780,0.015450,0.019200,42.126709,38.429849
8654,d,0.002385,0.077550,0.019200,51.841553,99.135393
8655,s,0.023128,0.004450,0.022000,58.531494,49.578351
8656,d,0.002385,0.005350,0.020000,23.102295,27.735393
8657,d,0.002385,0.020700,0.020000,30.781982,43.085393
8658,p,0.003780,0.070150,0.018500,49.119873,92.429849
8659,s,0.023128,0.004850,0.019200,58.224365,47.178351
8660,s,0.023128,0.006400,0.018500,11.700928,48.028351
8661,d,0.002385,0.007750,0.022000,18.719482,32.135393
8662,d,0.002385,0.056000,0.021500,25.818359,79.885393
8663,s,0.023128,0.040050,0.019200,32.536377,82.378351
8664,p,0.003780,0.004300,0.021500,34.689209,29.579849
8665,d,0.002385,0.008700,0.022000,43.914795,33.085393
8666,d,0.002385,0.045450,0.021500,50.848633,69.335393
8667,s,0.023128,0.091750,0.021500,58.442139,136.378351
8668,d,0.002385,0.005400,0.018500,23.593994,26.285393
8669,d,0.002385,0.014050,0.021500,31.357422,37.935393
8670,p,0.003780,0.013650,0.018500,50.222412,35.929849
8671,p,0.003780,0.006200,0.018500,70.465576,28.479849
8672,s,0.023128,0.006750,0.021500,22.299561,51.378351
8673,s,0.023128,0.011400,0.018500,29.905518,53.028351
8674,p,0.003780,0.074650,0.021500,47.975586,99.929849
8675,s,0.023128,0.029400,0.022000,57.204102,74.528351
8676,d,0.002385,0.004750,0.022000,13.867188,29.135393
8677,d,0.002385,0.007500,0.022000,21.527588,31.885393
8678,s,0.023128,0.043350,0.022000,28.485840,88.478351
8679,s,0.023128,0.099350,0.022000,35.381348,144.478351
8680,d,0.002385,0.008600,0.021500,23.308838,32.485393
8681,p,0.003780,0.025850,0.020000,42.156738,49.629849
8682,s,0.023128,0.058650,0.019200,51.361328,100.978351
8683,d,0.002385,0.097900,0.020000,58.465088,120.285393
8684,p,0.003780,0.007900,0.022000,35.367920,33.679849
8685,p,0.003780,0.038150,0.022000,55.666504,63.929849
8686,d,0.002385,0.027500,0.021500,64.913818,51.385393
8687,d,0.002385,0.073450,0.019200,72.135986,95.035393
8688,s,0.023128,0.006900,0.022000,22.455322,52.028351
8689,s,0.023128,0.012700,0.018500,30.001953,54.328351
8690,s,0.023128,0.029150,0.019200,36.695801,71.478351
8691,p,0.003780,0.086950,0.019200,56.301758,109.929849
8692,d,0.002385,0.006150,0.022000,30.493164,30.535393
8693,p,0.003780,0.011750,0.022000,52.158936,37.529849
8694,d,0.002385,0.120250,0.019200,61.597168,141.835393
8695,d,0.002385,0.010350,0.018500,68.710938,31.235393
8696,p,0.003780,0.006950,0.022000,35.194336,32.729849
8697,p,0.003780,0.028300,0.022000,55.508057,54.079849
8698,s,0.023128,0.102150,0.018500,64.531982,143.778351
8699,s,0.023128,0.028700,0.021500,71.229248,73.328351
8704,d,0.002385,0.006300,0.020000,11.241943,28.685393
8705,d,0.002385,0.031850,0.019200,21.599854,53.435393
8706,s,0.023128,0.048600,0.019200,29.558838,90.928351
8707,d,0.002385,0.104200,0.018500,37.580566,125.085393
8700,p,0.003780,0.004750,0.019200,35.221680,27.729849
8701,s,0.023128,0.016950,0.019200,44.229980,59.278351
8702,d,0.002385,0.014350,0.022000,51.238037,38.735393
8703,s,0.023128,0.115850,0.019200,58.394775,158.178351
8708,p,0.003780,0.004600,0.020000,34.233643,28.379849
8709,d,0.002385,0.014050,0.022000,43.626221,38.435393
8710,d,0.002385,0.086700,0.022000,50.683594,111.085393
8711,d,0.002385,0.014900,0.021500,57.699951,38.785393
8712,d,0.002385,0.009450,0.018500,8.259521,30.335393
8713,d,0.002385,0.006450,0.020000,15.593018,28.835393
8714,d,0.002385,0.056600,0.020000,22.800537,78.985393
8715,p,0.003780,0.101700,0.019200,43.768311,124.679849
8716,s,0.023128,0.004850,0.022000,23.060547,49.978351
8717,p,0.003780,0.007600,0.022000,41.689941,33.379849
8718,d,0.002385,0.036550,0.018500,51.074463,57.435393
8719,d,0.002385,0.130600,0.021500,58.186768,154.485393
8724,p,0.003780,0.004850,0.022000,33.626221,30.629849
8725,p,0.003780,0.007150,0.021500,53.809570,32.429849
8726,p,0.003780,0.035000,0.019200,74.031738,57.979849
8727,s,0.023128,0.006150,0.022000,82.986328,51.278351
8720,s,0.023128,0.006500,0.018500,21.770996,48.128351
8721,p,0.003780,0.007900,0.022000,39.952637,33.679849
8722,p,0.003780,0.026400,0.019200,60.543701,49.379849
8723,d,0.002385,0.093800,0.020000,69.938721,116.185393
8736,p,0.003780,0.003950,0.018500,35.019775,26.229849
8737,s,0.023128,0.015250,0.020000,43.987793,58.378351
8738,p,0.003780,0.020850,0.022000,62.020752,46.629849
8739,d,0.002385,0.005650,0.018500,71.546875,26.535393
8732,s,0.023128,0.005800,0.019200,23.442871,48.128351
8733,p,0.003780,0.013650,0.019200,42.165039,36.629849
8734,s,0.023128,0.022950,0.022000,51.195068,68.078351
8735,d,0.002385,0.119500,0.021500,58.162842,143.385393
8728,d,0.002385,0.011000,0.021500,23.489258,34.885393
8729,s,0.023128,0.007600,0.018500,30.896729,49.228351
8730,p,0.003780,0.063150,0.018500,49.125732,85.429849
8731,p,0.003780,0.081650,0.018500,69.350098,103.929849
8744,p,0.003780,0.005300,0.020000,20.348877,29.079849
8745,s,0.023128,0.010950,0.018500,29.286865,52.578351
8746,p,0.003780,0.083700,0.022000,47.466797,109.479849
8747,s,0.023128,0.005650,0.018500,56.406006,47.278351
8740,p,0.003780,0.010000,0.020000,34.761963,33.779849
8741,p,0.003780,0.014750,0.018500,55.164062,37.029849
8742,d,0.002385,0.016950,0.018500,64.519043,37.835393
8743,p,0.003780,0.065150,0.021500,82.728271,90.429849
8748,p,0.003780,0.011800,0.019200,37.045410,34.779849
8749,d,0.002385,0.021400,0.022000,46.285889,45.785393
8750,p,0.003780,0.036300,0.019200,64.568604,59.279849
8751,s,0.023128,0.053450,0.022000,73.599609,98.578351
8752,d,0.002385,0.007350,0.018500,24.156006,28.235393
8753,s,0.023128,0.019750,0.021500,31.481201,64.378351
8754,s,0.023128,0.022500,0.020000,38.178467,65.628351
8755,d,0.002385,0.037250,0.019200,45.118652,58.835393
8756,d,0.002385,0.004800,0.022000,23.381836,29.185393
8757,p,0.003780,0.008200,0.020000,42.165771,31.979849
8758,s,0.023128,0.014900,0.018500,51.333252,56.528351
8759,d,0.002385,0.012750,0.021500,58.300781,36.635393
8760,p,0.003780,0.006550,0.020000,23.459229,30.329849
8761,s,0.023128,0.012050,0.021500,33.254883,56.678351
8762,p,0.003780,0.057000,0.018500,52.257812,79.279849
8763,s,0.023128,0.004400,0.018500,61.607910,46.028351
8764,p,0.003780,0.004050,0.019200,35.511230,27.029849
8765,d,0.002385,0.023650,0.021500,44.772217,47.535393
8766,s,0.023128,0.069100,0.022000,51.676758,114.228351
8767,s,0.023128,0.098200,0.019200,58.317139,140.528351
8768,s,0.023128,0.004750,0.018500,9.193604,46.378351
8769,p,0.003780,0.011950,0.018500,27.390869,34.229849
8770,d,0.002385,0.093850,0.022000,36.649170,118.235393
8771,s,0.023128,0.099250,0.021500,43.375000,143.878351
8772,p,0.003780,0.005450,0.022000,35.838867,31.229849
8773,p,0.003780,0.015600,0.020000,58.423096,39.379849
8774,p,0.003780,0.033250,0.019200,80.272217,56.229849
8775,d,0.002385,0.005550,0.022000,89.899902,29.935393
8776,d,0.002385,0.005000,0.018500,23.589355,25.885393
8777,d,0.002385,0.019350,0.021500,31.802734,43.235393
8778,s,0.023128,0.052000,0.018500,38.502197,93.628351
8779,p,0.003780,0.093950,0.019200,56.481689,116.929849
8780,d,0.002385,0.008450,0.020000,23.571045,30.835393
8781,d,0.002385,0.007050,0.021500,31.380371,30.935393
8782,s,0.023128,0.027000,0.022000,38.242188,72.128351
8783,d,0.002385,0.056700,0.021500,45.167480,80.585393
8784,p,0.003780,0.010250,0.018500,35.147705,32.529849
8785,p,0.003780,0.013650,0.019200,55.466309,36.629849
8786,p,0.003780,0.096550,0.019200,75.468506,119.529849
8787,d,0.002385,0.005850,0.020000,84.727051,28.235393
8788,p,0.003780,0.007650,0.021500,34.879150,32.929849
8789,s,0.023128,0.029600,0.021500,43.964600,74.228351
8790,s,0.023128,0.019700,0.022000,50.832520,64.828351
8791,s,0.023128,0.096500,0.018500,57.637451,138.128351
8792,s,0.023128,0.005550,0.019200,22.761475,47.878351
8793,d,0.002385,0.021000,0.018500,30.656006,41.885393
8794,p,0.003780,0.048550,0.020000,48.874023,72.329849
8795,s,0.023128,0.131650,0.021500,57.866699,176.278351
8796,d,0.002385,0.004350,0.018500,7.738037,25.235393
8797,d,0.002385,0.017400,0.021500,15.841064,41.285393
8798,d,0.002385,0.129250,0.021500,23.473389,153.135393
8799,d,0.002385,0.129700,0.021500,30.911621,153.585393
8800,p,0.003780,0.005300,0.022000,35.033447,31.079849
8801,p,0.003780,0.012750,0.022000,55.196777,38.529849
8802,p,0.003780,0.020850,0.018500,75.307617,43.129849
8803,s,0.023128,0.004850,0.018500,84.371338,46.478351
8804,s,0.023128,0.005550,0.022000,23.261719,50.678351
8805,s,0.023128,0.012450,0.020000,30.947754,55.578351
8806,s,0.023128,0.084600,0.019200,37.858154,126.928351
8807,d,0.002385,0.066300,0.019200,45.038818,87.885393
8808,d,0.002385,0.008250,0.022000,20.416504,32.635393
8809,d,0.002385,0.010400,0.019200,27.946045,31.985393
8810,s,0.023128,0.084550,0.022000,34.806885,129.678351
8811,p,0.003780,0.095150,0.021500,53.121338,120.429849
8812,s,0.023128,0.007450,0.018500,19.843750,49.078351
8813,s,0.023128,0.012700,0.020000,27.161621,55.828351
8814,d,0.002385,0.019550,0.019200,34.351318,41.135393
8815,d,0.002385,0.054100,0.018500,41.331543,74.985393
8820,s,0.023128,0.005000,0.020000,22.968750,48.128351
8821,d,0.002385,0.011900,0.019200,30.921631,33.485393
8822,d,0.002385,0.135050,0.022000,37.963623,159.435393
8823,d,0.002385,0.043650,0.019200,45.191895,65.235393
8816,p,0.003780,0.005250,0.022000,35.248535,31.029849
8817,d,0.002385,0.047850,0.020000,44.500488,70.235393
8818,p,0.003780,0.013700,0.021500,62.793213,38.979849
8819,d,0.002385,0.117350,0.018500,72.185059,138.235393
8828,s,0.023128,0.006050,0.018500,9.061523,47.678351
8829,p,0.003780,0.016850,0.020000,27.353760,40.629849
8830,d,0.002385,0.058350,0.021500,36.575195,82.235393
8831,d,0.002385,0.033150,0.019200,44.018066,54.735393
8824,d,0.002385,0.007300,0.019200,9.253662,28.885393
8825,s,0.023128,0.095550,0.018500,16.759033,137.178351
8826,d,0.002385,0.011850,0.020000,24.255615,34.235393
8827,d,0.002385,0.137600,0.018500,31.405518,158.485393
8836,s,0.023128,0.005500,0.019200,22.967773,47.828351
8837,d,0.002385,0.027450,0.020000,30.785889,49.835393
8838,d,0.002385,0.012600,0.020000,37.796631,34.985393
8839,d,0.002385,0.047600,0.019200,44.761230,69.185393
8832,p,0.003780,0.005000,0.020000,33.798828,28.779849
8833,p,0.003780,0.007700,0.018500,54.029053,29.979849
8834,p,0.003780,0.052150,0.018500,74.585205,74.429849
8835,s,0.023128,0.004500,0.018500,83.613037,46.128351
8840,p,0.003780,0.004850,0.021500,20.477539,30.129849
8841,p,0.003780,0.006150,0.019200,40.527100,29.129849
8842,s,0.023128,0.067600,0.019200,49.482178,109.928351
8843,d,0.002385,0.041850,0.021500,56.676514,65.735393
8844,d,0.002385,0.004400,0.021500,22.394531,28.285393
8845,d,0.002385,0.008150,0.022000,30.063477,32.535393
8846,s,0.023128,0.011900,0.021500,37.140869,56.528351
8847,d,0.002385,0.016300,0.018500,44.203857,37.185393
8848,p,0.003780,0.004450,0.018500,33.523682,26.729849
8849,p,0.003780,0.007650,0.019200,53.984863,30.629849
8850,p,0.003780,0.021600,0.018500,74.063965,43.879849
8851,d,0.002385,0.004150,0.021500,83.582764,28.035393
8856,s,0.023128,0.004750,0.018500,9.114014,46.378351
8857,p,0.003780,0.010300,0.018500,27.258301,32.579849
8858,s,0.023128,0.034350,0.019200,36.379639,76.678351
8859,p,0.003780,0.097750,0.018500,54.454834,120.029849
8852,s,0.023128,0.008450,0.018500,8.233887,50.078351
8853,d,0.002385,0.010300,0.018500,15.494873,31.185393
8854,d,0.002385,0.043950,0.019200,22.755615,65.535393
8855,p,0.003780,0.027050,0.022000,40.952393,52.829849
8860,d,0.002385,0.005250,0.022000,23.336182,29.635393
8861,s,0.023128,0.020100,0.022000,30.819580,65.228351
8862,s,0.023128,0.039300,0.020000,37.476807,82.428351
8863,d,0.002385,0.059550,0.021500,44.415527,83.435393
8864,s,0.023128,0.004450,0.021500,9.015137,49.078351
8865,d,0.002385,0.010050,0.018500,16.032715,30.935393
8866,p,0.003780,0.010650,0.019200,34.372803,33.629849
8867,p,0.003780,0.061800,0.019200,54.468018,84.779849
8868,d,0.002385,0.003850,0.018500,7.052002,24.735393
8869,p,0.003780,0.019100,0.019200,25.861816,42.079849
8870,d,0.002385,0.023650,0.018500,36.018555,44.535393
8871,p,0.003780,0.004950,0.022000,54.140869,30.729849
8872,p,0.003780,0.004750,0.019200,34.145264,27.729849
8873,d,0.002385,0.013400,0.018500,43.395508,34.285393
8874,s,0.023128,0.029300,0.021500,50.133545,73.928351
8875,p,0.003780,0.056700,0.020000,68.059570,80.479849
8876,p,0.003780,0.005000,0.020000,34.673096,28.779849
8877,s,0.023128,0.010650,0.021500,43.683105,55.278351
8878,d,0.002385,0.029250,0.019200,50.691406,50.835393
8879,p,0.003780,0.087250,0.019200,68.953369,110.229849
8880,p,0.003780,0.009550,0.021500,20.814209,34.829849
8881,s,0.023128,0.020900,0.021500,29.757080,65.528351
8882,p,0.003780,0.026400,0.020000,47.551514,50.179849
8883,s,0.023128,0.065600,0.018500,56.520264,107.228351
8884,s,0.023128,0.008600,0.021500,22.774414,53.228351
8885,s,0.023128,0.010600,0.019200,30.267578,52.928351
8886,s,0.023128,0.027950,0.021500,36.950928,72.578351
8887,s,0.023128,0.109550,0.019200,43.569580,151.878351
8888,s,0.023128,0.004350,0.021500,23.028076,48.978351
8889,s,0.023128,0.027550,0.021500,31.195312,72.178351
8890,d,0.002385,0.092300,0.019200,38.921631,113.885393
8891,d,0.002385,0.037300,0.018500,46.697021,58.185393
8892,p,0.003780,0.004650,0.018500,20.295410,26.929849
8893,d,0.002385,0.024400,0.021500,29.633545,48.285393
8894,p,0.003780,0.050300,0.019200,47.561768,73.279849
8895,p,0.003780,0.004500,0.021500,67.862061,29.779849
8896,p,0.003780,0.010550,0.022000,32.416504,36.329849
8897,d,0.002385,0.014850,0.021500,41.724609,38.735393
8898,d,0.002385,0.018500,0.020000,48.933350,40.885393
8899,d,0.002385,0.046350,0.018500,56.359375,67.235393
8900,p,0.003780,0.004700,0.022000,35.236328,30.479849
8901,d,0.002385,0.008950,0.022000,44.519775,33.335393
8902,d,0.002385,0.072650,0.021500,51.507324,96.535393
8903,d,0.002385,0.012750,0.020000,58.535889,35.135393
8904,s,0.023128,0.004650,0.022000,23.206299,49.778351
8905,p,0.003780,0.010500,0.022000,42.449463,36.279849
8906,d,0.002385,0.047450,0.019200,52.654785,69.035393
8907,s,0.023128,0.064850,0.020000,60.206055,107.978351
8908,p,0.003780,0.003700,0.022000,35.361816,29.479849
8909,d,0.002385,0.010100,0.022000,44.646973,34.485393
8910,d,0.002385,0.058350,0.018500,51.764648,79.235393
8911,p,0.003780,0.112250,0.021500,69.767578,137.529849
8912,s,0.023128,0.006900,0.019200,23.244385,49.228351
8913,p,0.003780,0.015500,0.019200,42.308838,38.479849
8914,s,0.023128,0.010650,0.018500,51.315186,52.278351
8915,s,0.023128,0.057550,0.021500,58.020996,102.178351
8916,p,0.003780,0.003950,0.022000,28.060059,29.729849
8917,s,0.023128,0.014850,0.022000,37.642822,59.978351
8918,p,0.003780,0.082300,0.020000,56.109863,106.079849
8919,s,0.023128,0.005050,0.022000,65.178955,50.178351
8920,p,0.003780,0.004400,0.021500,34.999756,29.679849
8921,p,0.003780,0.008400,0.019200,55.294189,31.379849
8922,d,0.002385,0.014500,0.020000,64.668945,36.885393
8923,s,0.023128,0.006300,0.022000,71.413086,51.428351
8928,p,0.003780,0.005000,0.022000,20.710449,30.779849
8929,p,0.003780,0.016050,0.022000,40.947998,41.829849
8930,s,0.023128,0.007950,0.021500,49.961182,52.578351
8931,s,0.023128,0.016600,0.019200,56.662598,58.928351
8924,p,0.003780,0.005000,0.020000,35.746826,28.779849
8925,s,0.023128,0.042450,0.022000,45.663086,87.578351
8926,p,0.003780,0.071800,0.020000,65.386475,95.579849
8927,p,0.003780,0.009050,0.021500,86.636230,34.329849
8932,s,0.023128,0.004750,0.018500,23.154297,46.378351
8933,d,0.002385,0.014750,0.018500,31.134521,35.635393
8934,p,0.003780,0.099850,0.020000,49.246582,123.629849
8935,s,0.023128,0.081550,0.022000,58.289551,126.678351
8936,p,0.003780,0.005050,0.018500,35.545410,27.329849
8937,s,0.023128,0.007150,0.019200,44.600830,49.478351
8938,p,0.003780,0.081650,0.022000,64.436279,107.429849
8939,d,0.002385,0.005450,0.018500,74.796631,26.335393
8940,d,0.002385,0.005900,0.018500,12.981689,26.785393
8941,p,0.003780,0.013350,0.018500,32.400391,35.629849
8942,p,0.003780,0.026850,0.021500,53.016846,52.129849
8943,p,0.003780,0.005450,0.020000,73.385986,29.229849
8944,d,0.002385,0.009000,0.019200,10.399414,30.585393
8945,s,0.023128,0.009950,0.021500,17.863037,54.578351
8946,d,0.002385,0.058850,0.018500,25.350830,79.735393
8947,s,0.023128,0.089700,0.022000,32.447754,134.828351
8948,s,0.023128,0.005950,0.021500,23.432861,50.578351
8949,s,0.023128,0.016750,0.021500,31.283203,61.378351
8950,d,0.002385,0.075050,0.018500,38.272949,95.935393
8951,d,0.002385,0.085200,0.019200,45.238281,106.785393
8952,p,0.003780,0.004800,0.018500,34.939453,27.079849
8953,p,0.003780,0.043250,0.018500,55.038330,65.529849
8954,d,0.002385,0.071000,0.022000,64.555420,95.385393
8955,d,0.002385,0.008550,0.019200,71.645020,30.135393
8960,s,0.023128,0.006350,0.019200,7.895752,48.678351
8961,p,0.003780,0.015350,0.018500,30.516113,37.629849
8962,p,0.003780,0.063150,0.022000,50.877441,88.929849
8963,d,0.002385,0.049900,0.022000,60.308838,74.285393
8964,p,0.003780,0.003950,0.020000,38.998047,27.729849
8965,p,0.003780,0.009550,0.022000,61.454346,35.329849
8966,s,0.023128,0.071450,0.020000,71.124268,114.578351
8967,p,0.003780,0.004950,0.019200,89.917969,27.929849
8956,d,0.002385,0.006700,0.018500,23.363525,27.585393
8957,s,0.023128,0.013600,0.018500,30.843262,55.228351
8958,s,0.023128,0.084800,0.018500,37.599365,126.428351
8959,p,0.003780,0.065600,0.021500,55.828857,90.879849
8968,s,0.023128,0.004650,0.019200,23.227539,46.978351
8969,d,0.002385,0.011450,0.021500,31.055908,35.335393
8970,p,0.003780,0.082350,0.022000,49.102051,108.129849
8971,d,0.002385,0.093950,0.019200,58.371094,115.535393
8980,s,0.023128,0.004200,0.018500,8.967041,45.828351
8981,p,0.003780,0.008900,0.019200,26.987061,31.879849
8982,d,0.002385,0.023050,0.022000,36.370117,47.435393
8983,s,0.023128,0.051000,0.021500,43.286133,95.628351
8972,p,0.003780,0.004850,0.020000,45.432861,28.629849
8973,s,0.023128,0.008950,0.019200,54.374023,51.278351
8974,d,0.002385,0.059200,0.022000,61.332031,83.585393
8975,d,0.002385,0.061750,0.021500,68.351318,85.635393
8976,s,0.023128,0.004450,0.018500,23.311768,46.078351
8977,d,0.002385,0.010400,0.021500,31.160645,34.285393
8978,p,0.003780,0.081850,0.020000,49.413086,105.629849
8979,p,0.003780,0.091150,0.018500,69.812256,113.429849
8988,s,0.023128,0.004750,0.020000,23.310791,47.878351
8989,d,0.002385,0.005200,0.021500,31.658691,29.085393
8990,d,0.002385,0.106800,0.018500,38.748779,127.685393
8991,d,0.002385,0.079800,0.020000,46.221924,102.185393
8984,d,0.002385,0.004200,0.022000,8.216064,28.585393
8985,p,0.003780,0.009100,0.021500,29.953857,34.379849
8986,d,0.002385,0.023200,0.022000,39.860840,47.585393
8987,d,0.002385,0.005000,0.020000,47.220703,27.385393
8992,p,0.003780,0.005550,0.019200,35.619385,28.529849
8993,d,0.002385,0.028550,0.021500,45.238770,52.435393
8994,p,0.003780,0.107000,0.020000,63.283936,130.779849
8995,p,0.003780,0.006650,0.022000,83.485107,32.429849
8996,p,0.003780,0.004850,0.018500,35.107910,27.129849
8997,d,0.002385,0.012450,0.021500,44.479736,36.335393
8998,d,0.002385,0.060500,0.022000,51.767090,84.885393
8999,s,0.023128,0.054300,0.021500,58.763428,98.928351
9000,p,0.003780,0.005250,0.021500,34.393555,30.529849
9001,p,0.003780,0.013650,0.019200,55.073975,36.629849
9002,d,0.002385,0.045800,0.022000,65.031982,70.185393
9003,s,0.023128,0.004800,0.019200,72.018555,47.128351
9004,s,0.023128,0.004900,0.018500,23.245850,46.528351
9005,p,0.003780,0.064900,0.022000,42.328857,90.679849
9006,d,0.002385,0.084000,0.018500,51.897705,104.885393
9007,d,0.002385,0.038150,0.022000,58.938232,62.535393
9012,p,0.003780,0.004550,0.021500,35.243896,29.829849
9013,d,0.002385,0.006950,0.021500,44.536133,30.835393
9014,s,0.023128,0.027000,0.022000,51.315674,72.128351
9015,d,0.002385,0.072650,0.018500,58.304932,93.535393
9008,p,0.003780,0.004500,0.019200,35.134766,27.479849
9009,p,0.003780,0.010400,0.020000,55.387207,34.179849
9010,s,0.023128,0.092450,0.019200,64.417969,134.778351
9011,d,0.002385,0.007900,0.021500,71.431641,31.785393
9020,p,0.003780,0.009550,0.021500,20.250732,34.829849
9021,p,0.003780,0.015700,0.020000,42.798096,39.479849
9022,p,0.003780,0.070850,0.021500,65.036621,96.129849
9023,s,0.023128,0.004900,0.021500,74.656494,49.528351
9016,s,0.023128,0.005950,0.018500,23.276123,47.578351
9017,d,0.002385,0.024400,0.022000,32.241455,48.785393
9018,p,0.003780,0.043350,0.021500,50.621094,68.629849
9019,p,0.003780,0.086200,0.020000,72.428467,109.979849
9024,d,0.002385,0.004550,0.020000,10.077637,26.935393
9025,d,0.002385,0.035000,0.021500,17.134033,58.885393
9026,s,0.023128,0.020750,0.018500,23.955811,62.378351
9027,d,0.002385,0.044900,0.021500,30.950684,68.785393
9028,p,0.003780,0.008950,0.021500,24.488037,34.229849
9029,d,0.002385,0.005200,0.020000,34.681641,27.585393
9030,d,0.002385,0.064850,0.019200,42.058594,86.435393
9031,p,0.003780,0.075150,0.022000,60.863281,100.929849
9032,s,0.023128,0.005600,0.020000,23.043213,48.728351
9033,p,0.003780,0.015050,0.019200,41.892578,38.029849
9034,p,0.003780,0.023000,0.018500,62.017822,45.279849
9035,s,0.023128,0.020750,0.022000,70.938721,65.878351
9036,d,0.002385,0.004450,0.019200,24.088623,26.035393
9037,p,0.003780,0.027300,0.021500,43.091064,52.579849
9038,s,0.023128,0.125500,0.019200,52.391846,167.828351
9039,d,0.002385,0.004350,0.021500,59.606201,28.235393
9040,s,0.023128,0.004250,0.020000,9.357178,47.378351
9041,d,0.002385,0.035000,0.018500,16.470215,55.885393
9042,p,0.003780,0.020750,0.020000,34.724609,44.529849
9043,p,0.003780,0.017500,0.022000,54.926270,43.279849
9044,d,0.002385,0.006000,0.018500,23.657715,26.885393
9045,p,0.003780,0.006200,0.022000,43.243408,31.979849
9046,d,0.002385,0.088850,0.021500,52.469238,112.735393
9047,p,0.003780,0.005850,0.018500,70.694580,28.129849
9048,s,0.023128,0.004750,0.021500,22.926514,49.378351
9049,s,0.023128,0.015150,0.019200,30.437744,57.478351
9050,p,0.003780,0.057250,0.019200,48.493652,80.229849
9051,d,0.002385,0.074800,0.022000,57.927979,99.185393
9052,d,0.002385,0.007250,0.019200,14.868652,28.835393
9053,d,0.002385,0.007450,0.021500,23.791992,31.335393
9054,p,0.003780,0.015850,0.021500,42.078613,41.129849
9055,p,0.003780,0.007850,0.018500,62.394043,30.129849
9056,s,0.023128,0.003950,0.022000,9.315918,49.078351
9057,d,0.002385,0.005600,0.019200,16.320068,27.185393
9058,p,0.003780,0.049550,0.020000,34.383789,73.329849
9059,p,0.003780,0.105100,0.022000,54.536377,130.879849
9060,s,0.023128,0.014000,0.018500,22.999512,55.628351
9061,d,0.002385,0.013850,0.020000,31.005371,36.235393
9062,p,0.003780,0.079550,0.020000,49.156250,103.329849
9063,d,0.002385,0.043500,0.019200,58.507568,65.085393
9064,p,0.003780,0.005550,0.018500,28.921143,27.829849
9065,s,0.023128,0.008100,0.020000,38.578125,51.228351
9066,s,0.023128,0.014000,0.020000,45.243652,57.128351
9067,d,0.002385,0.034450,0.022000,52.674561,58.835393
9068,s,0.023128,0.010550,0.020000,23.153564,53.678351
9069,s,0.023128,0.010950,0.018500,31.162842,52.578351
9070,d,0.002385,0.021750,0.021500,38.151367,45.635393
9071,s,0.023128,0.060400,0.019200,44.820557,102.728351
9072,p,0.003780,0.004450,0.020000,20.520752,28.229849
9073,s,0.023128,0.023650,0.019200,29.533447,65.978351
9074,s,0.023128,0.128250,0.020000,36.277588,171.378351
9075,s,0.023128,0.027700,0.021500,42.958008,72.328351
9076,p,0.003780,0.004500,0.018500,34.843506,26.779849
9077,p,0.003780,0.009500,0.018500,55.103516,31.779849
9078,s,0.023128,0.107000,0.022000,64.094238,152.128351
9079,s,0.023128,0.005400,0.019200,70.861572,47.728351
9080,p,0.003780,0.004950,0.018500,35.174561,27.229849
9081,d,0.002385,0.009550,0.020000,44.696533,31.935393
9082,d,0.002385,0.039200,0.020000,51.784180,61.585393
9083,s,0.023128,0.066300,0.020000,58.615967,109.428351
9084,p,0.003780,0.004550,0.020000,19.224609,28.329849
9085,d,0.002385,0.014350,0.019200,29.289307,35.935393
9086,d,0.002385,0.057250,0.018500,36.828613,78.135393
9087,p,0.003780,0.016300,0.019200,55.339844,39.279849
9088,p,0.003780,0.005450,0.018500,34.549561,27.729849
9089,s,0.023128,0.005200,0.021500,43.911133,49.828351
9090,p,0.003780,0.054400,0.020000,62.085938,78.179849
9091,d,0.002385,0.008500,0.022000,71.432861,32.885393
9092,d,0.002385,0.004550,0.019200,23.606445,26.135393
9093,p,0.003780,0.009850,0.020000,43.107178,33.629849
9094,p,0.003780,0.064100,0.020000,63.456543,87.879849
9095,s,0.023128,0.006250,0.019200,72.430664,48.578351
9096,p,0.003780,0.004450,0.019200,21.863525,27.429849
9097,p,0.003780,0.020400,0.020000,43.856689,44.179849
9098,d,0.002385,0.107000,0.021500,53.784912,130.885393
9099,d,0.002385,0.004900,0.019200,61.217773,26.485393
9104,s,0.023128,0.004300,0.020000,23.249756,47.428351
9105,d,0.002385,0.033400,0.018500,31.123779,54.285393
9106,d,0.002385,0.072050,0.018500,38.093262,92.935393
9107,p,0.003780,0.064850,0.018500,56.264893,87.129849
9100,p,0.003780,0.007200,0.018500,24.998047,29.479849
9101,p,0.003780,0.004550,0.021500,45.642334,29.829849
9102,d,0.002385,0.019550,0.022000,55.126465,43.935393
9103,s,0.023128,0.004300,0.018500,62.080811,45.928351
9108,p,0.003780,0.004300,0.019200,35.092041,27.279849
9109,d,0.002385,0.035350,0.018500,44.358887,56.235393
9110,p,0.003780,0.060500,0.022000,62.577881,86.279849
9111,d,0.002385,0.005350,0.021500,71.874023,29.235393
9112,p,0.003780,0.004750,0.021500,22.879395,30.029849
9113,s,0.023128,0.003700,0.020000,33.401123,46.828351
9114,d,0.002385,0.017850,0.022000,41.229736,42.235393
9115,p,0.003780,0.020350,0.018500,60.396240,42.629849
9116,s,0.023128,0.005400,0.019200,25.195068,47.728351
9117,s,0.023128,0.007800,0.018500,33.116211,49.428351
9118,d,0.002385,0.070700,0.021500,40.253418,94.585393
9119,s,0.023128,0.033050,0.021500,47.092041,77.678351
9120,d,0.002385,0.004850,0.019200,23.940186,26.435393
9121,p,0.003780,0.019100,0.019200,42.834961,42.079849
9122,p,0.003780,0.039000,0.022000,62.926025,64.779849
9123,s,0.023128,0.005200,0.018500,71.859863,46.828351
9124,s,0.023128,0.006400,0.022000,19.991455,51.528351
9125,d,0.002385,0.014350,0.022000,27.533691,38.735393
9126,p,0.003780,0.012450,0.019200,46.056152,35.429849
9127,d,0.002385,0.012750,0.021500,55.263184,36.635393
9132,p,0.003780,0.005300,0.020000,20.727051,29.079849
9133,s,0.023128,0.009600,0.021500,29.820557,54.228351
9134,d,0.002385,0.054600,0.020000,36.922852,76.985393
9135,s,0.023128,0.023250,0.020000,43.663818,66.378351
9128,s,0.023128,0.007200,0.018500,20.463379,48.828351
9129,p,0.003780,0.025150,0.018500,39.371338,47.429849
9130,d,0.002385,0.021600,0.022000,48.686768,45.985393
9131,s,0.023128,0.137600,0.020000,55.499023,180.728351
9136,p,0.003780,0.006650,0.022000,35.033203,32.429849
9137,d,0.002385,0.007000,0.020000,44.326660,29.385393
9138,p,0.003780,0.084550,0.021500,62.286133,109.829849
9139,d,0.002385,0.025100,0.021500,71.484619,48.985393
9140,d,0.002385,0.012050,0.020000,26.316895,34.435393
9141,s,0.023128,0.020900,0.020000,34.138916,64.028351
9142,d,0.002385,0.036750,0.020000,41.921631,59.135393
9143,d,0.002385,0.117150,0.022000,49.899902,141.535393
9148,s,0.023128,0.004400,0.018500,23.351318,46.028351
9149,p,0.003780,0.014450,0.019200,42.123047,37.429849
9150,p,0.003780,0.017200,0.022000,62.109619,42.979849
9151,s,0.023128,0.015200,0.020000,71.188721,58.328351
9152,d,0.002385,0.007100,0.022000,9.226318,31.485393
9153,d,0.002385,0.011500,0.021500,16.447998,35.385393
9154,s,0.023128,0.046450,0.022000,23.388428,91.578351
9155,p,0.003780,0.064850,0.019200,42.715576,87.829849
9144,p,0.003780,0.004600,0.021500,38.147461,29.879849
9145,p,0.003780,0.018050,0.020000,58.870850,41.829849
9146,p,0.003780,0.136350,0.021500,79.480713,161.629849
9147,d,0.002385,0.003500,0.020000,88.882568,25.885393
9156,p,0.003780,0.004400,0.021500,34.984619,29.679849
9157,s,0.023128,0.013700,0.019200,44.057617,56.028351
9158,s,0.023128,0.109450,0.018500,51.241699,151.078351
9159,s,0.023128,0.128600,0.022000,57.895996,173.728351
9160,s,0.023128,0.004750,0.021500,23.374756,49.378351
9161,d,0.002385,0.013850,0.021500,31.551514,37.735393
9162,s,0.023128,0.026400,0.019200,38.643311,68.728351
9163,d,0.002385,0.037900,0.019200,45.710693,59.485393
9164,s,0.023128,0.006000,0.020000,9.645996,49.128351
9165,s,0.023128,0.007250,0.020000,18.647217,50.378351
9166,d,0.002385,0.064100,0.021500,26.807617,87.985393
9167,d,0.002385,0.093250,0.021500,34.612793,117.135393
9168,d,0.002385,0.005550,0.018500,24.323975,26.435393
9169,s,0.023128,0.014500,0.021500,31.937256,59.128351
9170,s,0.023128,0.020000,0.019200,38.633789,62.328351
9171,p,0.003780,0.084450,0.019200,56.643311,107.429849
9172,s,0.023128,0.008600,0.019200,8.834961,50.928351
9173,p,0.003780,0.014900,0.020000,29.513428,38.679849
9174,s,0.023128,0.029550,0.022000,39.611572,74.678351
9175,s,0.023128,0.051500,0.020000,46.821777,94.628351
9180,d,0.002385,0.005400,0.018500,23.201904,26.285393
9181,d,0.002385,0.020200,0.019200,30.980957,41.785393
9182,p,0.003780,0.027750,0.019200,49.253906,50.729849
9183,p,0.003780,0.006000,0.019200,69.449707,28.979849
9176,s,0.023128,0.004800,0.020000,22.888672,47.928351
9177,d,0.002385,0.009150,0.020000,30.832275,31.535393
9178,d,0.002385,0.111100,0.021500,37.918945,134.985393
9179,s,0.023128,0.093100,0.021500,44.704834,137.728351
9184,d,0.002385,0.009150,0.020000,9.661621,31.535393
9185,p,0.003780,0.012900,0.021500,27.842041,38.179849
9186,d,0.002385,0.052150,0.022000,37.132080,76.535393
9187,p,0.003780,0.085750,0.018500,55.152100,108.029849
9188,p,0.003780,0.005300,0.021500,22.135254,30.579849
9189,s,0.023128,0.015550,0.022000,32.263672,60.678351
9190,p,0.003780,0.085550,0.022000,51.318848,111.329849
9191,s,0.023128,0.005000,0.018500,60.562500,46.628351
9192,d,0.002385,0.013500,0.022000,9.748291,37.885393
9193,s,0.023128,0.011400,0.021500,16.745605,56.028351
9194,d,0.002385,0.104550,0.018500,23.777100,125.435393
9195,d,0.002385,0.007300,0.022000,30.865967,31.685393
9196,d,0.002385,0.010900,0.018500,18.290527,31.785393
9197,s,0.023128,0.024200,0.022000,25.398926,69.328351
9198,d,0.002385,0.020850,0.019200,32.358887,42.435393
9199,d,0.002385,0.070800,0.021500,39.416748,94.685393
9200,p,0.003780,0.004350,0.020000,35.343750,28.129849
9201,p,0.003780,0.013550,0.018500,55.552002,35.829849
9202,p,0.003780,0.032000,0.021500,75.591553,57.279849
9203,p,0.003780,0.006650,0.021500,96.109131,31.929849
9204,p,0.003780,0.008600,0.022000,35.384033,34.379849
9205,p,0.003780,0.019800,0.018500,55.640381,42.079849
9206,s,0.023128,0.058650,0.020000,64.713135,101.778351
9207,p,0.003780,0.079800,0.020000,82.705078,103.579849
9212,s,0.023128,0.005250,0.020000,22.978027,48.378351
9213,s,0.023128,0.007050,0.021500,30.765381,51.678351
9214,s,0.023128,0.095400,0.022000,37.633301,140.528351
9215,p,0.003780,0.089700,0.021500,56.189941,114.979849
9208,d,0.002385,0.004250,0.021500,23.558105,28.135393
9209,s,0.023128,0.005900,0.018500,30.931396,47.528351
9210,s,0.023128,0.099600,0.022000,37.629395,144.728351
9211,d,0.002385,0.016300,0.022000,44.587402,40.685393
9216,d,0.002385,0.004750,0.018500,9.454834,25.635393
9217,s,0.023128,0.020700,0.019200,16.266357,63.028351
9218,s,0.023128,0.019200,0.020000,22.935547,62.328351
9219,d,0.002385,0.069200,0.020000,29.962646,91.585393
9220,d,0.002385,0.004750,0.020000,23.772217,27.135393
9221,p,0.003780,0.011550,0.019200,43.076660,34.529849
9222,d,0.002385,0.025700,0.018500,52.813477,46.585393
9223,s,0.023128,0.007250,0.018500,60.308838,48.878351
9224,s,0.023128,0.004700,0.022000,22.895020,49.828351
9225,d,0.002385,0.011750,0.020000,30.870117,34.135393
9226,d,0.002385,0.046450,0.022000,38.075684,70.835393
9227,d,0.002385,0.083800,0.021500,45.165771,107.685393
9228,d,0.002385,0.006000,0.020000,23.860352,28.385393
9229,s,0.023128,0.012100,0.021500,31.693848,56.728351
9230,s,0.023128,0.109450,0.018500,38.465820,151.078351
9231,p,0.003780,0.112150,0.021500,56.449951,137.429849
9232,s,0.023128,0.004800,0.018500,23.057617,46.428351
9233,p,0.003780,0.011000,0.018500,42.132812,33.279849
9234,d,0.002385,0.103400,0.021500,51.354492,127.285393
9235,p,0.003780,0.064950,0.019200,69.448730,87.929849
9244,d,0.002385,0.004600,0.021500,23.833496,28.485393
9245,d,0.002385,0.020400,0.022000,32.048340,44.785393
9246,p,0.003780,0.097050,0.020000,50.211426,120.829849
9247,p,0.003780,0.004700,0.018500,70.592773,26.979849
9236,d,0.002385,0.006000,0.019200,22.805420,27.585393
9237,d,0.002385,0.015250,0.022000,30.458008,39.635393
9238,p,0.003780,0.059500,0.022000,48.612305,85.279849
9239,s,0.023128,0.008450,0.018500,57.778076,50.078351
9240,p,0.003780,0.004700,0.018500,35.129395,26.979849
9241,p,0.003780,0.052150,0.021500,55.155029,77.429849
9242,s,0.023128,0.069850,0.022000,64.133545,114.978351
9243,d,0.002385,0.004550,0.021500,71.347900,28.435393
9248,s,0.023128,0.005350,0.019200,9.097656,47.678351
9249,p,0.003780,0.042450,0.020000,27.371582,66.229849
9250,s,0.023128,0.026300,0.019200,36.365479,68.628351
9251,p,0.003780,0.102650,0.022000,54.394287,128.429849
9252,d,0.002385,0.004400,0.021500,22.853271,28.285393
9253,p,0.003780,0.015600,0.021500,42.799561,40.879849
9254,p,0.003780,0.063200,0.021500,64.614502,88.479849
9255,s,0.023128,0.005450,0.022000,74.068115,50.578351
9256,p,0.003780,0.011800,0.021500,35.291260,37.079849
9257,p,0.003780,0.015050,0.022000,55.991455,40.829849
9258,d,0.002385,0.074300,0.021500,65.375244,98.185393
9259,d,0.002385,0.095550,0.020000,72.446045,117.935393
9264,d,0.002385,0.005400,0.022000,14.970459,29.785393
9265,s,0.023128,0.009800,0.019200,23.268311,52.128351
9266,s,0.023128,0.065700,0.018500,30.753906,107.328351
9267,d,0.002385,0.080450,0.020000,38.424561,102.835393
9260,p,0.003780,0.006150,0.021500,35.245361,31.429849
9261,d,0.002385,0.010150,0.020000,44.637695,32.535393
9262,d,0.002385,0.045450,0.022000,51.988281,69.835393
9263,d,0.002385,0.036200,0.019200,59.213135,57.785393
9268,s,0.023128,0.005600,0.022000,23.113037,50.728351
9269,s,0.023128,0.014050,0.019200,30.733887,56.378351
9270,p,0.003780,0.064500,0.019200,48.996582,87.479849
9271,d,0.002385,0.081850,0.018500,58.502197,102.735393
9272,s,0.023128,0.004500,0.022000,23.384277,49.628351
9273,s,0.023128,0.011400,0.021500,30.970703,56.028351
9274,p,0.003780,0.018450,0.019200,49.122070,41.429849
9275,p,0.003780,0.023350,0.021500,69.548584,48.629849
9276,p,0.003780,0.006000,0.020000,35.224365,29.779849
9277,d,0.002385,0.012700,0.019200,44.483398,34.285393
9278,d,0.002385,0.021750,0.021500,51.919434,45.635393
9279,d,0.002385,0.071150,0.022000,59.723389,95.535393
9280,p,0.003780,0.005750,0.021500,35.347412,31.029849
9281,s,0.023128,0.005900,0.018500,44.446045,47.528351
9282,p,0.003780,0.091650,0.018500,62.568848,113.929849
9283,d,0.002385,0.076950,0.022000,71.844482,101.335393
9288,s,0.023128,0.004800,0.022000,23.433838,49.928351
9289,d,0.002385,0.018800,0.020000,31.334961,41.185393
9290,s,0.023128,0.034350,0.018500,38.033691,75.978351
9291,s,0.023128,0.143650,0.018500,45.031494,185.278351
9284,d,0.002385,0.007050,0.022000,23.582031,31.435393
9285,d,0.002385,0.013250,0.022000,31.356689,37.635393
9286,d,0.002385,0.017700,0.021500,38.403809,41.585393
9287,p,0.003780,0.096450,0.020000,56.809814,120.229849
9292,s,0.023128,0.004850,0.022000,22.232666,49.978351
9293,p,0.003780,0.007150,0.018500,41.179932,29.429849
9294,s,0.023128,0.064450,0.018500,50.259766,106.078351
9295,d,0.002385,0.131700,0.021500,57.298828,155.585393
9296,p,0.003780,0.005450,0.022000,36.988525,31.229849
9297,d,0.002385,0.008800,0.019200,46.417969,30.385393
9298,d,0.002385,0.047450,0.022000,53.625000,71.835393
9299,s,0.023128,0.094250,0.018500,60.340576,135.878351
9300,s,0.023128,0.005400,0.018500,18.591553,47.028351
9301,d,0.002385,0.014350,0.021500,27.180420,38.235393
9302,d,0.002385,0.009300,0.020000,35.019775,31.685393
9303,d,0.002385,0.115750,0.019200,42.772217,137.335393
9304,d,0.002385,0.005700,0.021500,23.301514,29.585393
9305,d,0.002385,0.019100,0.021500,31.338379,42.985393
9306,d,0.002385,0.066500,0.021500,38.387695,90.385393
9307,p,0.003780,0.067550,0.019200,56.586426,90.529849
9312,p,0.003780,0.004500,0.021500,35.149414,29.779849
9313,p,0.003780,0.010400,0.019200,55.361572,33.379849
9314,d,0.002385,0.057800,0.019200,64.668945,79.385393
9315,p,0.003780,0.004400,0.022000,82.724609,30.179849
9308,d,0.002385,0.004750,0.019200,15.840088,26.335393
9309,p,0.003780,0.010550,0.020000,34.235840,34.329849
9310,s,0.023128,0.116850,0.019200,43.546631,159.178351
9311,p,0.003780,0.006400,0.022000,61.685303,32.179849
9316,s,0.023128,0.006300,0.020000,23.434570,49.428351
9317,p,0.003780,0.014300,0.022000,42.559570,40.079849
9318,s,0.023128,0.030050,0.019200,51.581787,72.378351
9319,s,0.023128,0.014900,0.019200,58.394531,57.228351
9320,p,0.003780,0.004050,0.019200,20.839844,27.029849
9321,d,0.002385,0.024650,0.020000,30.255371,47.035393
9322,p,0.003780,0.057000,0.018500,48.263672,79.279849
9323,d,0.002385,0.014300,0.020000,57.962158,36.685393
9324,p,0.003780,0.004500,0.019200,35.274658,27.479849
9325,d,0.002385,0.011850,0.020000,44.697266,34.235393
9326,p,0.003780,0.128250,0.019200,62.881592,151.229849
9327,d,0.002385,0.008250,0.020000,72.238770,30.635393
9328,s,0.023128,0.010900,0.022000,22.004395,56.028351
9329,d,0.002385,0.005200,0.018500,29.669922,26.085393
9330,p,0.003780,0.023600,0.019200,47.868652,46.579849
9331,p,0.003780,0.102650,0.022000,68.115234,128.429849
9336,s,0.023128,0.005250,0.022000,23.177734,50.378351
9337,d,0.002385,0.009100,0.020000,31.101807,31.485393
9338,s,0.023128,0.048600,0.018500,37.979980,90.228351
9339,p,0.003780,0.122600,0.020000,56.120605,146.379849
9332,s,0.023128,0.004150,0.022000,14.067383,49.278351
9333,d,0.002385,0.012800,0.021500,21.920166,36.685393
9334,p,0.003780,0.070650,0.020000,42.371338,94.429849
9335,p,0.003780,0.047600,0.022000,63.719971,73.379849
9340,d,0.002385,0.004450,0.020000,23.722168,26.835393
9341,p,0.003780,0.013250,0.022000,42.487793,39.029849
9342,s,0.023128,0.047400,0.022000,51.593750,92.528351
9343,d,0.002385,0.004300,0.019200,58.518066,25.885393
9348,p,0.003780,0.003950,0.021500,20.525635,29.229849
9349,s,0.023128,0.013250,0.018500,29.975830,54.878351
9350,d,0.002385,0.088250,0.018500,38.360596,109.135393
9351,p,0.003780,0.074050,0.019200,58.811035,97.029849
9344,d,0.002385,0.004700,0.022000,24.522217,29.085393
9345,p,0.003780,0.013050,0.020000,43.382812,36.829849
9346,s,0.023128,0.030100,0.021500,52.439209,74.728351
9347,d,0.002385,0.043650,0.018500,59.467773,64.535393
9352,d,0.002385,0.004950,0.020000,9.540527,27.335393
9353,p,0.003780,0.008800,0.022000,27.690430,34.579849
9354,p,0.003780,0.057800,0.021500,47.810547,83.079849
9355,s,0.023128,0.005500,0.019200,56.875244,47.828351
9356,d,0.002385,0.005200,0.018500,23.785156,26.085393
9357,d,0.002385,0.008800,0.020000,31.554443,31.185393
9358,p,0.003780,0.014350,0.021500,50.268311,39.629849
9359,p,0.003780,0.005700,0.021500,72.570801,30.979849
9364,p,0.003780,0.004950,0.019200,35.042725,27.929849
9365,d,0.002385,0.016500,0.022000,44.620605,40.885393
9366,p,0.003780,0.095050,0.018500,62.745850,117.329849
9367,d,0.002385,0.004650,0.018500,72.068848,25.535393
9360,s,0.023128,0.004750,0.021500,22.487549,49.378351
9361,p,0.003780,0.008750,0.021500,41.998047,34.029849
9362,p,0.003780,0.067600,0.019200,62.538574,90.579849
9363,p,0.003780,0.048550,0.018500,82.896729,70.829849
9368,d,0.002385,0.004300,0.020000,23.480713,26.685393
9369,s,0.023128,0.015500,0.022000,30.975342,60.628351
9370,s,0.023128,0.104550,0.018500,37.644531,146.178351
9371,p,0.003780,0.085200,0.018500,55.939209,107.479849
9372,s,0.023128,0.006050,0.022000,22.322021,51.178351
9373,d,0.002385,0.016500,0.018500,30.501465,37.385393
9374,s,0.023128,0.071450,0.018500,37.193604,113.078351
9375,p,0.003780,0.102100,0.021500,55.450439,127.379849
9380,p,0.003780,0.007900,0.019200,35.284180,30.879849
9381,d,0.002385,0.007700,0.021500,44.723389,31.585393
9382,p,0.003780,0.020850,0.018500,62.738525,43.129849
9383,s,0.023128,0.009400,0.021500,71.822510,54.028351
9376,s,0.023128,0.004950,0.018500,21.392334,46.578351
9377,p,0.003780,0.025050,0.020000,41.927490,48.829849
9378,d,0.002385,0.096350,0.021500,52.314453,120.235393
9379,s,0.023128,0.120700,0.018500,59.691895,162.328351
9384,p,0.003780,0.005100,0.021500,34.936523,30.379849
9385,s,0.023128,0.011850,0.019200,44.145752,54.178351
9386,s,0.023128,0.045800,0.021500,50.879150,90.428351
9387,p,0.003780,0.100250,0.022000,68.922363,126.029849
9388,s,0.023128,0.012150,0.021500,23.058105,56.778351
9389,p,0.003780,0.012550,0.018500,42.294189,34.829849
9390,s,0.023128,0.029550,0.021500,51.635742,74.178351
9391,s,0.023128,0.119100,0.018500,58.565918,160.728351
9400,p,0.003780,0.005100,0.021500,20.482910,30.379849
9401,d,0.002385,0.006800,0.022000,29.901123,31.185393
9402,p,0.003780,0.067400,0.020000,48.062500,91.179849
9403,s,0.023128,0.004650,0.020000,57.088379,47.778351
9392,d,0.002385,0.005100,0.018500,9.713623,25.985393
9393,p,0.003780,0.006150,0.018500,30.748535,28.429849
9394,p,0.003780,0.093850,0.022000,52.273926,119.629849
9395,p,0.003780,0.004650,0.019200,73.172119,27.629849
9396,s,0.023128,0.004900,0.022000,22.743896,50.028351
9397,p,0.003780,0.016050,0.019200,41.847900,39.029849
9398,s,0.023128,0.026400,0.019200,50.929199,68.728351
9399,p,0.003780,0.056400,0.018500,69.383301,78.679849
9404,d,0.002385,0.006650,0.021500,9.300781,30.535393
9405,s,0.023128,0.008100,0.021500,16.095703,52.728351
9406,d,0.002385,0.095400,0.022000,23.066650,119.785393
9407,d,0.002385,0.083850,0.020000,30.127441,106.235393
9408,d,0.002385,0.008150,0.019200,7.087891,29.735393
9409,p,0.003780,0.024400,0.021500,25.926025,49.679849
9410,d,0.002385,0.043150,0.019200,35.255371,64.735393
9411,p,0.003780,0.074050,0.021500,55.831543,99.329849
9412,d,0.002385,0.005000,0.020000,10.933105,27.385393
9413,s,0.023128,0.012050,0.022000,18.004883,57.178351
9414,s,0.023128,0.025700,0.021500,24.890381,70.328351
9415,d,0.002385,0.049500,0.022000,32.079834,73.885393
9416,p,0.003780,0.003950,0.021500,34.207275,29.229849
9417,s,0.023128,0.008200,0.021500,43.507324,52.828351
9418,d,0.002385,0.027050,0.020000,50.589844,49.435393
9419,p,0.003780,0.087250,0.022000,68.678467,113.029849
9420,p,0.003780,0.005300,0.021500,34.941162,30.579849
9421,p,0.003780,0.014350,0.020000,55.064941,38.129849
9422,s,0.023128,0.084550,0.018500,64.178711,126.178351
9423,s,0.023128,0.052750,0.019200,70.892334,95.078351
9424,s,0.023128,0.005850,0.019200,23.032959,48.178351
9425,s,0.023128,0.018150,0.018500,30.794922,59.778351
9426,p,0.003780,0.024300,0.022000,49.949463,50.079849
9427,p,0.003780,0.071850,0.022000,72.493896,97.629849
9428,d,0.002385,0.004550,0.019200,23.414307,26.135393
9429,s,0.023128,0.028300,0.019200,30.916016,70.628351
9430,s,0.023128,0.026650,0.022000,37.600586,71.778351
9431,s,0.023128,0.038050,0.021500,44.329346,82.678351
9432,s,0.023128,0.004100,0.019200,24.430664,46.428351
9433,s,0.023128,0.007000,0.022000,32.240723,52.128351
9434,d,0.002385,0.014900,0.019200,39.281250,36.485393
9435,s,0.023128,0.048550,0.021500,46.014893,93.178351
9436,s,0.023128,0.004800,0.019200,13.873535,47.128351
9437,d,0.002385,0.016400,0.022000,21.917236,40.785393
9438,p,0.003780,0.130950,0.021500,40.806641,156.229849
9439,d,0.002385,0.088500,0.022000,50.154785,112.885393
9444,s,0.023128,0.004800,0.018500,9.402100,46.428351
9445,d,0.002385,0.010300,0.022000,18.041260,34.685393
9446,s,0.023128,0.058350,0.021500,25.663330,102.978351
9447,s,0.023128,0.075400,0.021500,33.097656,120.028351
9440,s,0.023128,0.005400,0.022000,23.254883,50.528351
9441,s,0.023128,0.007650,0.021500,30.797852,52.278351
9442,s,0.023128,0.145150,0.018500,37.535645,186.778351
9443,p,0.003780,0.014900,0.019200,55.847900,37.879849
9448,p,0.003780,0.010450,0.020000,35.100342,34.229849
9449,p,0.003780,0.016200,0.020000,55.541504,39.979849
9450,s,0.023128,0.060600,0.022000,64.632080,105.728351
9451,p,0.003780,0.091100,0.019200,82.677734,114.079849
9452,p,0.003780,0.005000,0.018500,20.560791,27.279849
9453,p,0.003780,0.009750,0.021500,41.182861,35.029849
9454,d,0.002385,0.086700,0.018500,50.514404,107.585393
9455,s,0.023128,0.007450,0.021500,57.355469,52.078351
9456,s,0.023128,0.007850,0.019200,22.041260,50.178351
9457,s,0.023128,0.010500,0.019200,29.613525,52.828351
9458,d,0.002385,0.023500,0.021500,36.889648,47.385393
9459,d,0.002385,0.029100,0.018500,44.063477,49.985393
9460,p,0.003780,0.006700,0.019200,35.472412,29.679849
9461,p,0.003780,0.011950,0.020000,55.757324,35.729849
9462,d,0.002385,0.047100,0.021500,65.124512,70.985393
9463,d,0.002385,0.004650,0.020000,72.214355,27.035393
9464,p,0.003780,0.004850,0.021500,20.820557,30.129849
9465,p,0.003780,0.006150,0.022000,43.504395,31.929849
9466,s,0.023128,0.065700,0.019200,53.566895,108.028351
9467,d,0.002385,0.005350,0.019200,61.385742,26.935393
9468,s,0.023128,0.004500,0.018500,9.330811,46.128351
9469,d,0.002385,0.010350,0.018500,16.397705,31.235393
9470,p,0.003780,0.059150,0.019200,34.573730,82.129849
9471,p,0.003780,0.083650,0.020000,54.755615,107.429849
9472,p,0.003780,0.004550,0.022000,34.500732,30.329849
9473,p,0.003780,0.013100,0.022000,54.564453,38.879849
9474,p,0.003780,0.069850,0.018500,75.538818,92.129849
9475,p,0.003780,0.005400,0.018500,95.652344,27.679849
9476,d,0.002385,0.003900,0.020000,12.758057,26.285393
9477,s,0.023128,0.020350,0.020000,30.772217,63.478351
9478,d,0.002385,0.035500,0.019200,39.259277,57.085393
9479,s,0.023128,0.007100,0.019200,45.994141,49.428351
9480,d,0.002385,0.005350,0.019200,23.832764,26.935393
9481,p,0.003780,0.013950,0.021500,42.722168,39.229849
9482,s,0.023128,0.060500,0.022000,51.843018,105.628351
9483,p,0.003780,0.005000,0.018500,69.895996,27.279849
9484,d,0.002385,0.004750,0.022000,9.037598,29.135393
9485,d,0.002385,0.023650,0.018500,16.948486,44.535393
9486,p,0.003780,0.085950,0.020000,39.097900,109.729849
9487,d,0.002385,0.004600,0.019200,48.831299,26.185393
9488,p,0.003780,0.006000,0.018500,35.279541,28.279849
9489,p,0.003780,0.007650,0.018500,55.530273,29.929849
9490,s,0.023128,0.027000,0.019200,64.718750,69.328351
9491,d,0.002385,0.004750,0.019200,71.894043,26.335393
9492,d,0.002385,0.003500,0.020000,9.588379,25.885393
9493,d,0.002385,0.028300,0.018500,16.727539,49.185393
9494,d,0.002385,0.017650,0.022000,23.801270,42.035393
9495,s,0.023128,0.057100,0.020000,30.613525,100.228351
9496,s,0.023128,0.006400,0.022000,9.118652,51.528351
9497,p,0.003780,0.007450,0.022000,32.364746,33.229849
9498,p,0.003780,0.060200,0.018500,53.938965,82.479849
9499,s,0.023128,0.104800,0.019200,63.561523,147.128351
9504,d,0.002385,0.006300,0.021500,24.226074,30.185393
9505,p,0.003780,0.008200,0.020000,43.312500,31.979849
9506,d,0.002385,0.034500,0.019200,52.607910,56.085393
9507,d,0.002385,0.052750,0.019200,59.674805,74.335393
9500,s,0.023128,0.006700,0.019200,23.218018,49.028351
9501,s,0.023128,0.012950,0.021500,30.749268,57.578351
9502,p,0.003780,0.056150,0.020000,48.967285,79.929849
9503,d,0.002385,0.024100,0.019200,58.249268,45.685393
9508,d,0.002385,0.005600,0.020000,23.329590,27.985393
9509,s,0.023128,0.012900,0.020000,30.765137,56.028351
9510,p,0.003780,0.057250,0.019200,49.380127,80.229849
9511,s,0.023128,0.005500,0.020000,58.410889,48.628351
9512,d,0.002385,0.005000,0.021500,12.472900,28.885393
9513,s,0.023128,0.008800,0.022000,21.531250,53.928351
9514,d,0.002385,0.150300,0.022000,28.984619,174.685393
9515,s,0.023128,0.117300,0.022000,35.985840,162.428351
9516,s,0.023128,0.007100,0.022000,22.996094,52.228351
9517,p,0.003780,0.005850,0.022000,42.177734,31.629849
9518,s,0.023128,0.015250,0.022000,51.171387,60.378351
9519,d,0.002385,0.080450,0.018500,58.300781,101.335393
9520,d,0.002385,0.004800,0.022000,23.617676,29.185393
9521,s,0.023128,0.018700,0.022000,31.256104,63.828351
9522,d,0.002385,0.047400,0.019200,38.703369,68.985393
9523,p,0.003780,0.059400,0.019200,56.863281,82.379849
9524,p,0.003780,0.005100,0.018500,20.148926,27.379849
9525,s,0.023128,0.031450,0.021500,29.352051,76.078351
9526,d,0.002385,0.103400,0.020000,36.291748,125.785393
9527,p,0.003780,0.026700,0.020000,54.376953,50.479849
9528,s,0.023128,0.021000,0.022000,22.444336,66.128351
9529,p,0.003780,0.011050,0.018500,41.579346,33.329849
9530,p,0.003780,0.029150,0.020000,63.106934,52.929849
9531,d,0.002385,0.063100,0.019200,73.619141,84.685393
9532,d,0.002385,0.009450,0.021500,23.496826,33.335393
9533,p,0.003780,0.007750,0.022000,42.410156,33.529849
9534,d,0.002385,0.065700,0.020000,51.996582,88.085393
9535,d,0.002385,0.032950,0.020000,59.208008,55.335393
9540,p,0.003780,0.005850,0.022000,32.172852,31.629849
9541,s,0.023128,0.015750,0.020000,41.334961,58.878351
9542,d,0.002385,0.007950,0.018500,48.733887,28.835393
9543,s,0.023128,0.093250,0.018500,55.564697,134.878351
9544,d,0.002385,0.004700,0.018500,23.144531,25.585393
9545,d,0.002385,0.011050,0.019200,30.802246,32.635393
9546,p,0.003780,0.048350,0.020000,49.320068,72.129849
9547,s,0.023128,0.005600,0.018500,58.545410,47.228351
9536,s,0.023128,0.006000,0.019200,23.066650,48.328351
9537,p,0.003780,0.014800,0.022000,41.817871,40.579849
9538,p,0.003780,0.022500,0.020000,62.975586,46.279849
9539,d,0.002385,0.049250,0.022000,73.258057,73.635393
9552,s,0.023128,0.003900,0.019200,22.286865,46.228351
9553,s,0.023128,0.016550,0.022000,29.894775,61.678351
9554,d,0.002385,0.011950,0.022000,36.832275,36.335393
9555,s,0.023128,0.120700,0.018500,43.533691,162.328351
9548,p,0.003780,0.004450,0.019200,34.963867,27.429849
9549,d,0.002385,0.007650,0.019200,44.282715,29.235393
9550,d,0.002385,0.027000,0.021500,51.315186,50.885393
9551,p,0.003780,0.086450,0.018500,69.420654,108.729849
9556,p,0.003780,0.005500,0.019200,20.423096,28.479849
9557,s,0.023128,0.020800,0.018500,29.952637,62.428351
9558,p,0.003780,0.020750,0.020000,49.547363,44.529849
9559,d,0.002385,0.004850,0.020000,59.992432,27.235393
9560,d,0.002385,0.005150,0.020000,24.639648,27.535393
9561,s,0.023128,0.005850,0.019200,32.349609,48.178351
9562,s,0.023128,0.019850,0.019200,38.989990,62.178351
9563,s,0.023128,0.098850,0.020000,45.673828,141.978351
9564,d,0.002385,0.004750,0.021500,23.751465,28.635393
9565,s,0.023128,0.018700,0.018500,31.247559,60.328351
9566,s,0.023128,0.105550,0.021500,38.004639,150.178351
9567,p,0.003780,0.053700,0.019200,56.080078,76.679849
9568,d,0.002385,0.005050,0.021500,25.859863,28.935393
9569,d,0.002385,0.007900,0.019200,33.894531,29.485393
9570,p,0.003780,0.020950,0.018500,51.947021,43.229849
9571,p,0.003780,0.004600,0.021500,72.353760,29.879849
9572,d,0.002385,0.004400,0.021500,13.080078,28.285393
9573,d,0.002385,0.015950,0.020000,21.829346,38.335393
9574,d,0.002385,0.024150,0.022000,29.558105,48.535393
9575,d,0.002385,0.093950,0.021500,37.043213,117.835393
9576,d,0.002385,0.004850,0.018500,21.084473,25.735393
9577,p,0.003780,0.011050,0.022000,39.874023,36.829849
9578,s,0.023128,0.122000,0.019200,48.913818,164.328351
9579,s,0.023128,0.012450,0.019200,55.821045,54.778351
9580,d,0.002385,0.004650,0.022000,23.352051,29.035393
9581,p,0.003780,0.010100,0.020000,42.810547,33.879849
9582,p,0.003780,0.062800,0.018500,63.217285,85.079849
9583,s,0.023128,0.005550,0.021500,72.242432,50.178351
9584,d,0.002385,0.005150,0.019200,23.683838,26.735393
9585,d,0.002385,0.003700,0.021500,31.404053,27.585393
9586,s,0.023128,0.086850,0.019200,38.169434,129.178351
9587,p,0.003780,0.144400,0.018500,56.993652,166.679849
9588,s,0.023128,0.005000,0.020000,23.207031,48.128351
9589,p,0.003780,0.009900,0.021500,42.360352,35.179849
9590,d,0.002385,0.011900,0.018500,51.630859,32.785393
9591,d,0.002385,0.039250,0.020000,58.764893,61.635393
9592,p,0.003780,0.005550,0.019200,34.454834,28.529849
9593,s,0.023128,0.009150,0.020000,43.512695,52.278351
9594,p,0.003780,0.092150,0.020000,61.445801,115.929849
9595,p,0.003780,0.004700,0.019200,81.878174,27.679849
9596,d,0.002385,0.004750,0.022000,23.500732,29.135393
9597,d,0.002385,0.027450,0.019200,31.264160,49.035393
9598,p,0.003780,0.047400,0.020000,49.524414,71.179849
9599,p,0.003780,0.005000,0.019200,69.796387,27.979849
9600,s,0.023128,0.004950,0.021500,10.643555,49.578351
9601,p,0.003780,0.006950,0.020000,30.679688,30.729849
9602,s,0.023128,0.016550,0.018500,41.054443,58.178351
9603,p,0.003780,0.028650,0.018500,60.356201,50.929849
9604,s,0.023128,0.003800,0.019200,22.683105,46.128351
9605,p,0.003780,0.011400,0.022000,41.953857,37.179849
9606,d,0.002385,0.057000,0.022000,51.331543,81.385393
9607,d,0.002385,0.060250,0.021500,58.409424,84.135393
9608,s,0.023128,0.004100,0.021500,9.554443,48.728351
9609,d,0.002385,0.014150,0.019200,16.736328,35.735393
9610,p,0.003780,0.041300,0.020000,34.969971,65.079849
9611,p,0.003780,0.040900,0.020000,55.102051,64.679849
9612,d,0.002385,0.005350,0.020000,16.461914,27.735393
9613,d,0.002385,0.010050,0.018500,23.717285,30.935393
9614,s,0.023128,0.034050,0.020000,30.443115,77.178351
9615,s,0.023128,0.112700,0.019200,37.309082,155.028351
9616,s,0.023128,0.006000,0.020000,11.882812,49.128351
9617,p,0.003780,0.012750,0.020000,30.916748,36.529849
9618,p,0.003780,0.043250,0.022000,51.125977,69.029849
9619,s,0.023128,0.081650,0.020000,60.192627,124.778351
9620,d,0.002385,0.005200,0.020000,23.060547,27.585393
9621,d,0.002385,0.012000,0.022000,30.822510,36.385393
9622,d,0.002385,0.057000,0.020000,38.043213,79.385393
9623,s,0.023128,0.040700,0.021500,44.850342,85.328351
9624,s,0.023128,0.004800,0.019200,22.965820,47.128351
9625,p,0.003780,0.016700,0.021500,41.840088,41.979849
9626,s,0.023128,0.059500,0.022000,50.752197,104.628351
9627,p,0.003780,0.105100,0.020000,68.869385,128.879849
9632,d,0.002385,0.044000,0.022000,10.130859,68.385393
9633,s,0.023128,0.018700,0.018500,17.891357,60.328351
9634,p,0.003780,0.071450,0.022000,38.629150,97.229849
9635,s,0.023128,0.044900,0.019200,48.506592,87.228351
9628,p,0.003780,0.004450,0.018500,35.397949,26.729849
9629,d,0.002385,0.006800,0.021500,44.778809,30.685393
9630,s,0.023128,0.022800,0.021500,51.821045,67.428351
9631,s,0.023128,0.056550,0.020000,58.643311,99.678351
9636,s,0.023128,0.004150,0.018500,8.956787,45.778351
9637,d,0.002385,0.010000,0.021500,15.976318,33.885393
9638,p,0.003780,0.057850,0.020000,33.960205,81.629849
9639,s,0.023128,0.071650,0.022000,43.517090,116.778351
9640,s,0.023128,0.005650,0.020000,23.214111,48.778351
9641,p,0.003780,0.006600,0.021500,42.219727,31.879849
9642,p,0.003780,0.061250,0.021500,62.461182,86.529849
9643,d,0.002385,0.090100,0.018500,71.762451,110.985393
9644,p,0.003780,0.010350,0.019200,21.614014,33.329849
9645,p,0.003780,0.014350,0.018500,42.067383,36.629849
9646,p,0.003780,0.100750,0.022000,62.281494,126.529849
9647,d,0.002385,0.004550,0.022000,71.647949,28.935393
9648,d,0.002385,0.004650,0.022000,23.435791,29.035393
9649,p,0.003780,0.012400,0.020000,42.737549,36.179849
9650,s,0.023128,0.059300,0.021500,51.884277,103.928351
9651,p,0.003780,0.006550,0.018500,69.837646,28.829849
9652,s,0.023128,0.013000,0.020000,22.712891,56.128351
9653,p,0.003780,0.011450,0.018500,42.692139,33.729849
9654,s,0.023128,0.014500,0.020000,51.770508,57.628351
9655,d,0.002385,0.024400,0.019200,59.371582,45.985393
9656,d,0.002385,0.004850,0.022000,23.451904,29.235393
9657,s,0.023128,0.035000,0.020000,30.933105,78.128351
9658,s,0.023128,0.060600,0.020000,37.773682,103.728351
9659,d,0.002385,0.036100,0.022000,45.007812,60.485393
9660,p,0.003780,0.004300,0.018500,25.219238,26.579849
9661,p,0.003780,0.025050,0.018500,46.718750,47.329849
9662,p,0.003780,0.021600,0.022000,67.615967,47.379849
9663,p,0.003780,0.005400,0.018500,87.853271,27.679849
9664,d,0.002385,0.009850,0.021500,23.733154,33.735393
9665,s,0.023128,0.017400,0.019200,31.105469,59.728351
9666,p,0.003780,0.038850,0.019200,49.135986,61.829849
9667,d,0.002385,0.076100,0.020000,58.656250,98.485393
9672,s,0.023128,0.004300,0.021500,23.405029,48.928351
9673,p,0.003780,0.010200,0.021500,42.493408,35.479849
9674,d,0.002385,0.020700,0.021500,51.807129,44.585393
9675,s,0.023128,0.056700,0.021500,58.837158,101.328351
9668,p,0.003780,0.006250,0.022000,20.605469,32.029849
9669,s,0.023128,0.006500,0.022000,30.304443,51.628351
9670,p,0.003780,0.088250,0.021500,49.156738,113.529849
9671,s,0.023128,0.024700,0.018500,58.319336,66.328351
9680,d,0.002385,0.005000,0.018500,23.841064,25.885393
9681,d,0.002385,0.014750,0.019200,31.368408,36.335393
9682,s,0.023128,0.016550,0.020000,38.174072,59.678351
9683,d,0.002385,0.047150,0.020000,45.139648,69.535393
9676,s,0.023128,0.005350,0.020000,21.530518,48.478351
9677,s,0.023128,0.012350,0.020000,28.886230,55.478351
9678,p,0.003780,0.109850,0.021500,47.086182,135.129849
9679,d,0.002385,0.032150,0.021500,56.359375,56.035393
9684,p,0.003780,0.004600,0.019200,34.523926,27.579849
9685,d,0.002385,0.014350,0.019200,43.834717,35.935393
9686,d,0.002385,0.043500,0.021500,50.805908,67.385393
9687,d,0.002385,0.132500,0.018500,57.856689,153.385393
9688,d,0.002385,0.005550,0.022000,23.850586,29.935393
9689,d,0.002385,0.017700,0.018500,31.505127,38.585393
9690,d,0.002385,0.038150,0.019200,38.556641,59.735393
9691,d,0.002385,0.142500,0.020000,45.800781,164.885393
9692,s,0.023128,0.004550,0.019200,11.373291,46.878351
9693,p,0.003780,0.010400,0.018500,30.476074,32.679849
9694,s,0.023128,0.107650,0.022000,39.933594,152.778351
9695,p,0.003780,0.140250,0.018500,58.421387,162.529849
9696,d,0.002385,0.004400,0.019200,13.955566,25.985393
9697,s,0.023128,0.011450,0.019200,21.031250,53.778351
9698,p,0.003780,0.054450,0.018500,39.507568,76.729849
9699,d,0.002385,0.005350,0.021500,50.739258,29.235393
9700,p,0.003780,0.004450,0.021500,35.660645,29.729849
9701,p,0.003780,0.021550,0.021500,55.844971,46.829849
9702,d,0.002385,0.041300,0.020000,65.104492,63.685393
9703,s,0.023128,0.005100,0.020000,72.161865,48.228351
9704,s,0.023128,0.006000,0.019200,23.098389,48.328351
9705,s,0.023128,0.010150,0.021500,30.799072,54.778351
9706,d,0.002385,0.019700,0.020000,37.994141,42.085393
9707,s,0.023128,0.084800,0.019200,44.743164,127.128351
9712,s,0.023128,0.004450,0.018500,23.824463,46.078351
9713,d,0.002385,0.016000,0.019200,31.693604,37.585393
9714,s,0.023128,0.090300,0.022000,38.443604,135.428351
9715,d,0.002385,0.129700,0.020000,45.446777,152.085393
9708,d,0.002385,0.004950,0.022000,7.968018,29.335393
9709,s,0.023128,0.007500,0.021500,15.977539,52.128351
9710,s,0.023128,0.088250,0.019200,24.716309,130.578351
9711,p,0.003780,0.094750,0.021500,43.293701,120.029849
9716,p,0.003780,0.005850,0.018500,34.881592,28.129849
9717,p,0.003780,0.011150,0.020000,55.220459,34.929849
9718,s,0.023128,0.080550,0.019200,64.255127,122.878351
9719,s,0.023128,0.005350,0.022000,71.046631,50.478351
9720,p,0.003780,0.004150,0.018500,35.101807,26.429849
9721,s,0.023128,0.019750,0.020000,44.216064,62.878351
9722,d,0.002385,0.054000,0.021500,51.283936,77.885393
9723,d,0.002385,0.083750,0.021500,59.045166,107.635393
9728,p,0.003780,0.004600,0.019200,20.335205,27.579849
9729,s,0.023128,0.010000,0.022000,29.389648,55.128351
9730,p,0.003780,0.091350,0.018500,47.482422,113.629849
9731,d,0.002385,0.005600,0.020000,58.464111,27.985393
9724,s,0.023128,0.004500,0.019200,23.240723,46.828351
9725,p,0.003780,0.014600,0.020000,42.229492,38.379849
9726,d,0.002385,0.049550,0.019200,51.723633,71.135393
9727,p,0.003780,0.064850,0.019200,69.801270,87.829849
9736,s,0.023128,0.004350,0.019200,21.666016,46.678351
9737,d,0.002385,0.007750,0.019200,29.425781,29.335393
9738,d,0.002385,0.025750,0.020000,36.433594,48.135393
9739,d,0.002385,0.044850,0.022000,43.496826,69.235393
9732,d,0.002385,0.004900,0.020000,25.361816,27.285393
9733,d,0.002385,0.012100,0.018500,33.931152,32.985393
9734,s,0.023128,0.015850,0.022000,40.711914,60.978351
9735,d,0.002385,0.040900,0.019200,47.661377,62.485393
9744,s,0.023128,0.004150,0.022000,9.220947,49.278351
9745,p,0.003780,0.007350,0.022000,27.616455,33.129849
9746,d,0.002385,0.011850,0.022000,36.936768,36.235393
9747,s,0.023128,0.121800,0.019200,43.739014,164.128351
9740,s,0.023128,0.004350,0.021500,23.133545,48.978351
9741,d,0.002385,0.012450,0.021500,31.210205,36.335393
9742,s,0.023128,0.105250,0.018500,37.945312,146.878351
9743,p,0.003780,0.032200,0.022000,55.904053,57.979849
9752,d,0.002385,0.004900,0.020000,12.897217,27.285393
9753,p,0.003780,0.013050,0.019200,32.714844,36.029849
9754,s,0.023128,0.095400,0.022000,42.279785,140.528351
9755,d,0.002385,0.005300,0.022000,49.629150,29.685393
9756,p,0.003780,0.004350,0.018500,37.144043,26.629849
9757,p,0.003780,0.010800,0.020000,57.482178,34.579849
9758,d,0.002385,0.111100,0.020000,66.846436,133.485393
9759,p,0.003780,0.005400,0.021500,84.672607,30.679849
9748,p,0.003780,0.005350,0.022000,35.282227,31.129849
9749,s,0.023128,0.015850,0.020000,44.386719,58.978351
9750,d,0.002385,0.022300,0.021500,51.468994,46.185393
9751,s,0.023128,0.075150,0.018500,58.257080,116.778351
9760,p,0.003780,0.004800,0.020000,37.462646,28.579849
9761,p,0.003780,0.011300,0.019200,57.803223,34.279849
9762,p,0.003780,0.050300,0.020000,78.122559,74.079849
9763,d,0.002385,0.005700,0.018500,87.348145,26.585393
9768,p,0.003780,0.005450,0.021500,18.766602,30.729849
9769,s,0.023128,0.016000,0.019200,28.354492,58.328351
9770,p,0.003780,0.088400,0.021500,46.713867,113.679849
9771,p,0.003780,0.005500,0.020000,67.059570,29.279849
9764,p,0.003780,0.004400,0.018500,41.181885,26.679849
9765,s,0.023128,0.012700,0.018500,50.224609,54.328351
9766,p,0.003780,0.071450,0.021500,68.897949,96.729849
9767,p,0.003780,0.004450,0.020000,89.280273,28.229849
9776,d,0.002385,0.005600,0.018500,11.595459,26.485393
9777,s,0.023128,0.013850,0.019200,23.579346,56.178351
9778,d,0.002385,0.041800,0.019200,30.565430,63.385393
9779,d,0.002385,0.071650,0.020000,37.723389,94.035393
9780,p,0.003780,0.004850,0.018500,28.694336,27.129849
9781,s,0.023128,0.012500,0.018500,38.264648,54.128351
9782,p,0.003780,0.015850,0.019200,56.961914,38.829849
9783,p,0.003780,0.006700,0.020000,77.148926,30.479849
9772,p,0.003780,0.007450,0.020000,35.347900,31.229849
9773,d,0.002385,0.022800,0.019200,44.656982,44.385393
9774,p,0.003780,0.069150,0.020000,62.678711,92.929849
9775,p,0.003780,0.076100,0.021500,82.800049,101.379849
9792,s,0.023128,0.008950,0.018500,9.230225,50.578351
9793,s,0.023128,0.010200,0.018500,15.946045,51.828351
9794,p,0.003780,0.021800,0.019200,34.081787,44.779849
9795,d,0.002385,0.079500,0.020000,43.403809,101.885393
9788,d,0.002385,0.006450,0.019200,23.427246,28.035393
9789,d,0.002385,0.005050,0.020000,31.521240,27.435393
9790,p,0.003780,0.019700,0.018500,49.770020,41.979849
9791,p,0.003780,0.004750,0.018500,70.045166,27.029849
9796,s,0.023128,0.004600,0.021500,22.408203,49.228351
9797,d,0.002385,0.014300,0.019200,30.347168,35.885393
9798,d,0.002385,0.041800,0.020000,37.551025,64.185393
9799,s,0.023128,0.065600,0.019200,44.493164,107.928351
9784,s,0.023128,0.004400,0.020000,22.282227,47.528351
9785,p,0.003780,0.015150,0.018500,41.101562,37.429849
9786,p,0.003780,0.020850,0.021500,62.559082,46.129849
9787,s,0.023128,0.095150,0.020000,71.937500,138.278351
9800,s,0.023128,0.004550,0.018500,23.283936,46.178351
9801,d,0.002385,0.014850,0.021500,31.385254,38.735393
9802,s,0.023128,0.024150,0.020000,38.103760,67.278351
9803,s,0.023128,0.122950,0.019200,44.819336,165.278351
9804,s,0.023128,0.005100,0.019200,22.826660,47.428351
9805,d,0.002385,0.014200,0.019200,30.859619,35.785393
9806,s,0.023128,0.027750,0.021500,37.704834,72.378351
9807,s,0.023128,0.051000,0.018500,44.494385,92.628351
9808,p,0.003780,0.011700,0.022000,27.734863,37.479849
9809,s,0.023128,0.011050,0.019200,38.115234,53.378351
9810,s,0.023128,0.018450,0.021500,45.405762,63.078351
9811,p,0.003780,0.136000,0.022000,64.287109,161.779849
9812,d,0.002385,0.010350,0.020000,23.375000,32.735393
9813,p,0.003780,0.025650,0.019200,42.279785,48.629849
9814,p,0.003780,0.018750,0.020000,62.566895,42.529849
9815,d,0.002385,0.008950,0.018500,71.955322,29.835393
9816,d,0.002385,0.010250,0.019200,24.261230,31.835393
9817,p,0.003780,0.054550,0.019200,44.277832,77.529849
9818,p,0.003780,0.075200,0.018500,64.973633,97.479849
9819,p,0.003780,0.004700,0.019200,85.502441,27.679849
9820,d,0.002385,0.005300,0.022000,23.338379,29.685393
9821,p,0.003780,0.010200,0.021500,42.239746,35.479849
9822,p,0.003780,0.046450,0.021500,62.502686,71.729849
9823,d,0.002385,0.004750,0.021500,71.694092,28.635393
9824,s,0.023128,0.010000,0.019200,23.088623,52.328351
9825,d,0.002385,0.012350,0.019200,30.956543,33.935393
9826,p,0.003780,0.093300,0.020000,49.031738,117.079849
9827,p,0.003780,0.063250,0.020000,69.174072,87.029849
9828,p,0.003780,0.004050,0.021500,21.134521,29.329849
9829,d,0.002385,0.006450,0.021500,30.463867,30.335393
9830,s,0.023128,0.082300,0.021500,37.210693,126.928351
9831,d,0.002385,0.090900,0.021500,44.292236,114.785393
9832,p,0.003780,0.004600,0.022000,24.347412,30.379849
9833,p,0.003780,0.012450,0.022000,46.142334,38.229849
9834,d,0.002385,0.031900,0.018500,56.383301,52.785393
9835,s,0.023128,0.004050,0.018500,63.361572,45.678351
9836,s,0.023128,0.005400,0.022000,23.499268,50.528351
9837,p,0.003780,0.012350,0.020000,42.532715,36.129849
9838,p,0.003780,0.016950,0.020000,62.896484,40.729849
9839,p,0.003780,0.119700,0.020000,83.354248,143.479849
9840,s,0.023128,0.004350,0.019200,23.064941,46.678351
9841,p,0.003780,0.007200,0.020000,42.297607,30.979849
9842,s,0.023128,0.044100,0.019200,51.272461,86.428351
9843,s,0.023128,0.040050,0.021500,58.133545,84.678351
9844,p,0.003780,0.004450,0.019200,35.568604,27.429849
9845,s,0.023128,0.009550,0.021500,44.608398,54.178351
9846,p,0.003780,0.025500,0.019200,68.667480,48.479849
9847,p,0.003780,0.005000,0.021500,89.943115,30.279849
9848,s,0.023128,0.005750,0.018500,22.951172,47.378351
9849,d,0.002385,0.008250,0.022000,30.674805,32.635393
9850,p,0.003780,0.077550,0.018500,48.926758,99.829849
9851,s,0.023128,0.119700,0.019200,58.103516,162.028351
9856,s,0.023128,0.005000,0.021500,23.552979,49.628351
9857,s,0.023128,0.021500,0.018500,31.146729,63.128351
9858,s,0.023128,0.015900,0.021500,37.812256,60.528351
9859,s,0.023128,0.009400,0.019200,44.529297,51.728351
9852,p,0.003780,0.007250,0.021500,35.222656,32.529849
9853,d,0.002385,0.013050,0.022000,44.552734,37.435393
9854,s,0.023128,0.072050,0.018500,51.335449,113.678351
9855,p,0.003780,0.090600,0.019200,69.330566,113.579849
9860,p,0.003780,0.007300,0.021500,34.628418,32.579849
9861,s,0.023128,0.035350,0.021500,43.660889,79.978351
9862,s,0.023128,0.059300,0.021500,50.559082,103.928351
9863,s,0.023128,0.054100,0.020000,57.410889,97.228351
9868,p,0.003780,0.005650,0.022000,28.546387,31.429849
9869,s,0.023128,0.016000,0.021500,39.059570,60.628351
9870,p,0.003780,0.071200,0.021500,58.642578,96.479849
9871,s,0.023128,0.004900,0.021500,68.011963,49.528351
9864,s,0.023128,0.005400,0.020000,22.792969,48.528351
9865,p,0.003780,0.021000,0.020000,42.140869,44.779849
9866,d,0.002385,0.026300,0.022000,51.531982,50.685393
9867,s,0.023128,0.112250,0.022000,58.287354,157.378351
9876,s,0.023128,0.005800,0.022000,9.856201,50.928351
9877,p,0.003780,0.010650,0.022000,29.586914,36.429849
9878,p,0.003780,0.074300,0.020000,54.177734,98.079849
9879,p,0.003780,0.024100,0.021500,74.401123,49.379849
9872,d,0.002385,0.005650,0.019200,10.283203,27.235393
9873,d,0.002385,0.009850,0.019200,21.281738,31.435393
9874,s,0.023128,0.008550,0.020000,33.684570,51.678351
9875,s,0.023128,0.080200,0.018500,40.454102,121.828351
9884,p,0.003780,0.004550,0.022000,21.239258,30.329849
9885,d,0.002385,0.009600,0.019200,30.608398,31.185393
9886,p,0.003780,0.008050,0.020000,48.718262,31.829849
9887,s,0.023128,0.004350,0.019200,57.840820,46.678351
9880,s,0.023128,0.007900,0.022000,23.166504,53.028351
9881,s,0.023128,0.007800,0.021500,30.696045,52.428351
9882,p,0.003780,0.020850,0.022000,48.971924,46.629849
9883,s,0.023128,0.015300,0.019200,57.948486,57.628351
9888,d,0.002385,0.005150,0.021500,27.019287,29.035393
9889,s,0.023128,0.006150,0.018500,35.221191,47.778351
9890,p,0.003780,0.064450,0.020000,53.528076,88.229849
9891,s,0.023128,0.004050,0.018500,62.557129,45.678351
9892,s,0.023128,0.004200,0.021500,23.150635,48.828351
9893,d,0.002385,0.022800,0.019200,31.104736,44.385393
9894,p,0.003780,0.066000,0.019200,49.305908,88.979849
9895,p,0.003780,0.086950,0.019200,69.975830,109.929849
9896,d,0.002385,0.005700,0.020000,8.081543,28.085393
9897,d,0.002385,0.012100,0.022000,19.052734,36.485393
9898,d,0.002385,0.061050,0.021500,28.204834,84.935393
9899,p,0.003780,0.100800,0.019200,48.593506,123.779849
9900,s,0.023128,0.012050,0.022000,23.353027,57.178351
9901,p,0.003780,0.008100,0.022000,42.499023,33.879849
9902,s,0.023128,0.034050,0.020000,51.557617,77.178351
9903,s,0.023128,0.105600,0.018500,58.277832,147.228351
9908,s,0.023128,0.003700,0.020000,8.018555,46.828351
9909,s,0.023128,0.013250,0.020000,16.666260,56.378351
9910,s,0.023128,0.020750,0.020000,24.270996,63.878351
9911,s,0.023128,0.024150,0.020000,31.685791,67.278351
9904,s,0.023128,0.006550,0.018500,23.210449,48.178351
9905,d,0.002385,0.012550,0.018500,31.073242,33.435393
9906,d,0.002385,0.091650,0.018500,38.210693,112.535393
9907,s,0.023128,0.033550,0.022000,45.086426,78.678351
9912,s,0.023128,0.006900,0.022000,11.475586,52.028351
9913,s,0.023128,0.016950,0.018500,18.518799,58.578351
9914,s,0.023128,0.113600,0.020000,25.365967,156.728351
9915,s,0.023128,0.058700,0.021500,32.418945,103.328351
9920,p,0.003780,0.004700,0.022000,21.925781,30.479849
9921,s,0.023128,0.024650,0.019200,31.781494,66.978351
9922,d,0.002385,0.059200,0.021500,39.357178,83.085393
9923,d,0.002385,0.049250,0.021500,46.716309,73.135393
9916,s,0.023128,0.005200,0.019200,24.920166,47.528351
9917,d,0.002385,0.011350,0.021500,32.369629,35.235393
9918,d,0.002385,0.026400,0.020000,39.398193,48.785393
9919,p,0.003780,0.040700,0.022000,57.706055,66.479849
9928,d,0.002385,0.004650,0.019200,23.889648,26.235393
9929,s,0.023128,0.012500,0.018500,31.498779,54.128351
9930,p,0.003780,0.020750,0.019200,50.138428,43.729849
9931,s,0.023128,0.017750,0.019200,59.173340,60.078351
9924,d,0.002385,0.004700,0.020000,15.236084,27.085393
9925,p,0.003780,0.013850,0.020000,34.339111,37.629849
9926,p,0.003780,0.099350,0.022000,54.720215,125.129849
9927,p,0.003780,0.005000,0.020000,75.223633,28.779849
9932,p,0.003780,0.005650,0.021500,20.707764,30.929849
9933,p,0.003780,0.015500,0.020000,41.119141,39.279849
9934,p,0.003780,0.071200,0.018500,61.267090,93.479849
9935,d,0.002385,0.006700,0.019200,71.846680,28.285393
9936,s,0.023128,0.004350,0.020000,22.611816,47.478351
9937,s,0.023128,0.010450,0.021500,30.186035,55.078351
9938,p,0.003780,0.024800,0.019200,48.490723,47.779849
9939,d,0.002385,0.020350,0.019200,57.767578,41.935393
9940,p,0.003780,0.005350,0.021500,25.442139,30.629849
9941,p,0.003780,0.007000,0.022000,46.960693,32.779849
9942,d,0.002385,0.100750,0.018500,56.442627,121.635393
9943,p,0.003780,0.004450,0.021500,74.691650,29.729849
9944,d,0.002385,0.004750,0.018500,23.589600,25.635393
9945,s,0.023128,0.010600,0.020000,31.156494,53.728351
9946,d,0.002385,0.011500,0.018500,38.166260,32.385393
9947,p,0.003780,0.038750,0.018500,56.870361,61.029849
9948,d,0.002385,0.005000,0.022000,8.988770,29.385393
9949,p,0.003780,0.015050,0.020000,27.484619,38.829849
9950,p,0.003780,0.022900,0.021500,49.609863,48.179849
9951,s,0.023128,0.004850,0.020000,59.945801,47.978351
9952,p,0.003780,0.005400,0.022000,34.597900,31.179849
9953,p,0.003780,0.014150,0.018500,54.823486,36.429849
9954,s,0.023128,0.075050,0.018500,63.825684,116.678351
9955,p,0.003780,0.051150,0.020000,81.856445,74.929849
9956,d,0.002385,0.006000,0.019200,23.712158,27.585393
9957,d,0.002385,0.007000,0.021500,31.546631,30.885393
9958,s,0.023128,0.071450,0.020000,38.338867,114.578351
9959,d,0.002385,0.086100,0.019200,45.313477,107.685393
9964,p,0.003780,0.005750,0.018500,20.428223,28.029849
9965,s,0.023128,0.028000,0.018500,29.465820,69.628351
9966,d,0.002385,0.101700,0.020000,37.118408,124.085393
9967,s,0.023128,0.027450,0.018500,44.489990,69.078351
9960,d,0.002385,0.004550,0.022000,23.804199,28.935393
9961,s,0.023128,0.011450,0.022000,31.269287,56.578351
9962,d,0.002385,0.026400,0.022000,38.443604,50.785393
9963,d,0.002385,0.027700,0.020000,45.489258,50.085393
9972,p,0.003780,0.004500,0.019200,20.956787,27.479849
9973,d,0.002385,0.006200,0.018500,30.639404,27.085393
9974,s,0.023128,0.088400,0.020000,37.411621,131.528351
9975,s,0.023128,0.045800,0.020000,44.090576,88.928351
9968,s,0.023128,0.004500,0.019200,23.218506,46.828351
9969,p,0.003780,0.011950,0.019200,42.239502,34.929849
9970,s,0.023128,0.015850,0.022000,51.276611,60.978351
9971,s,0.023128,0.090600,0.018500,58.210449,132.228351
9976,d,0.002385,0.004350,0.019200,8.135986,25.935393
9977,s,0.023128,0.007650,0.020000,15.641602,50.778351
9978,s,0.023128,0.049250,0.022000,22.757568,94.378351
9979,s,0.023128,0.081800,0.018500,29.960449,123.428351
9980,p,0.003780,0.005400,0.021500,35.394531,30.679849
9981,d,0.002385,0.020000,0.020000,44.804688,42.385393
9982,p,0.003780,0.018950,0.019200,62.698486,41.929849
9983,p,0.003780,0.042800,0.020000,82.734375,66.579849
9988,d,0.002385,0.004300,0.022000,23.392822,28.685393
9989,p,0.003780,0.006600,0.022000,42.267090,32.379849
9990,s,0.023128,0.046450,0.021500,51.246338,91.078351
9991,p,0.003780,0.004800,0.018500,69.200195,27.079849
9984,d,0.002385,0.004700,0.018500,23.239502,25.585393
9985,p,0.003780,0.012000,0.019200,42.097900,34.979849
9986,d,0.002385,0.026750,0.020000,51.313965,49.135393
9987,s,0.023128,0.004900,0.018500,58.242920,46.528351
9992,s,0.023128,0.003800,0.019200,9.043213,46.128351
9993,p,0.003780,0.008350,0.021500,28.955322,33.629849
9994,d,0.002385,0.032000,0.022000,38.952148,56.385393
9995,s,0.023128,0.037350,0.022000,46.060303,82.478351
9996,p,0.003780,0.004550,0.020000,36.726562,28.329849
9997,p,0.003780,0.014350,0.020000,57.265137,38.129849
9998,d,0.002385,0.054400,0.020000,66.821533,76.785393
9999,s,0.023128,0.005600,0.019200,73.608887,47.928351
10000,d,0.002385,0.005550,0.018500,9.453613,26.435393
10001,s,0.023128,0.047850,0.019200,16.326904,90.178351
10002,d,0.002385,0.040200,0.019200,23.302490,61.785393
10003,s,0.023128,0.096450,0.020000,30.308838,139.578351
10004,d,0.002385,0.005100,0.020000,18.598633,27.485393
10005,s,0.023128,0.017350,0.021500,25.907471,61.978351
10006,d,0.002385,0.070900,0.020000,32.918945,93.285393
10007,s,0.023128,0.072450,0.019200,39.917236,114.778351
10008,d,0.002385,0.005300,0.018500,19.854492,26.185393
10009,s,0.023128,0.009850,0.020000,27.062500,52.978351
10010,s,0.023128,0.067350,0.019200,33.678223,109.678351
10011,s,0.023128,0.070800,0.019200,40.409180,113.128351
10016,p,0.003780,0.004300,0.021500,35.196533,29.579849
10017,p,0.003780,0.007500,0.020000,55.326660,31.279849
10018,s,0.023128,0.118250,0.018500,64.303223,159.878351
10019,p,0.003780,0.004950,0.022000,82.223389,30.729849
10012,d,0.002385,0.004450,0.022000,23.539307,28.835393
10013,d,0.002385,0.018050,0.018500,31.484131,38.935393
10014,p,0.003780,0.014500,0.021500,49.736084,39.779849
10015,d,0.002385,0.005450,0.022000,58.943604,29.835393
10020,d,0.002385,0.012050,0.018500,23.731445,32.935393
10021,p,0.003780,0.007600,0.020000,42.522949,31.379849
10022,p,0.003780,0.057000,0.022000,63.018066,82.779849
10023,p,0.003780,0.005050,0.020000,83.375488,28.829849
10024,s,0.023128,0.004250,0.018500,22.879150,45.878351
10025,s,0.023128,0.012100,0.021500,30.514893,56.728351
10026,d,0.002385,0.088700,0.019200,37.530762,110.285393
10027,s,0.023128,0.010650,0.018500,44.649658,52.278351
10028,s,0.023128,0.005400,0.022000,9.044922,50.528351
10029,s,0.023128,0.025150,0.019200,16.090576,67.478351
10030,d,0.002385,0.081450,0.022000,23.068848,105.835393
10031,d,0.002385,0.016300,0.019200,30.071533,37.885393
10032,d,0.002385,0.006000,0.019200,22.194092,27.585393
10033,d,0.002385,0.007950,0.022000,29.996826,32.335393
10034,d,0.002385,0.027450,0.021500,37.063232,51.335393
10035,d,0.002385,0.112250,0.018500,44.055664,133.135393
10036,p,0.003780,0.007000,0.022000,48.017822,32.779849
10037,d,0.002385,0.014150,0.018500,57.360352,35.035393
10038,s,0.023128,0.096450,0.021500,64.203125,141.078351
10039,s,0.023128,0.051400,0.022000,70.997803,96.528351
10040,s,0.023128,0.005750,0.021500,23.404297,50.378351
10041,d,0.002385,0.006600,0.019200,31.574707,28.185393
10042,d,0.002385,0.052650,0.018500,39.168457,73.535393
10043,p,0.003780,0.083150,0.020000,59.060547,106.929849
10044,d,0.002385,0.004500,0.020000,8.528076,26.885393
10045,p,0.003780,0.014350,0.019200,28.366455,37.329849
10046,p,0.003780,0.054600,0.022000,49.438477,80.379849
10047,p,0.003780,0.005450,0.022000,70.565186,31.229849
10056,p,0.003780,0.005650,0.021500,35.007080,30.929849
10057,s,0.023128,0.015250,0.020000,44.112793,58.378351
10058,p,0.003780,0.020700,0.021500,62.304443,45.979849
10059,p,0.003780,0.054950,0.018500,82.610352,77.229849
10048,d,0.002385,0.013500,0.021500,23.919678,37.385393
10049,d,0.002385,0.025050,0.018500,31.518311,45.935393
10050,p,0.003780,0.099050,0.021500,49.774902,124.329849
10051,d,0.002385,0.074750,0.020000,59.161377,97.135393
10052,s,0.023128,0.005600,0.020000,20.397949,48.728351
10053,d,0.002385,0.009750,0.021500,27.996338,33.635393
10054,s,0.023128,0.007950,0.022000,34.776367,53.078351
10055,s,0.023128,0.015650,0.020000,41.516113,58.778351
10060,s,0.023128,0.012050,0.021500,23.340576,56.678351
10061,s,0.023128,0.007350,0.018500,31.044922,48.978351
10062,d,0.002385,0.058950,0.022000,38.276367,83.335393
10063,s,0.023128,0.076550,0.020000,45.124756,119.678351
10064,s,0.023128,0.005800,0.019200,10.758545,48.128351
10065,s,0.023128,0.028900,0.022000,20.649658,74.028351
10066,d,0.002385,0.069000,0.020000,28.959961,91.385393
10067,d,0.002385,0.090100,0.021500,36.827148,113.985393
10068,p,0.003780,0.004800,0.019200,22.372314,27.779849
10069,p,0.003780,0.005400,0.018500,43.554199,27.679849
10070,d,0.002385,0.094100,0.020000,54.339355,116.485393
10071,p,0.003780,0.003950,0.019200,74.040283,26.929849
10076,s,0.023128,0.005300,0.020000,7.126465,48.428351
10077,p,0.003780,0.010350,0.018500,29.064209,32.629849
10078,d,0.002385,0.080400,0.018500,38.732666,101.285393
10079,p,0.003780,0.032200,0.021500,57.198486,57.479849
10072,s,0.023128,0.004350,0.019200,6.951416,46.678351
10073,s,0.023128,0.018350,0.018500,15.033691,59.978351
10074,d,0.002385,0.098950,0.018500,23.373291,119.835393
10075,p,0.003780,0.067550,0.019200,42.171875,90.529849
10084,p,0.003780,0.005850,0.018500,35.696777,28.129849
10085,s,0.023128,0.007150,0.020000,46.604492,50.278351
10086,d,0.002385,0.008800,0.020000,54.862793,31.185393
10087,s,0.023128,0.088500,0.018500,62.320801,130.128351
10080,s,0.023128,0.005900,0.022000,6.455322,51.028351
10081,d,0.002385,0.009150,0.021500,13.747559,33.035393
10082,d,0.002385,0.029450,0.022000,20.936035,53.835393
10083,p,0.003780,0.109500,0.019200,43.019775,132.479849
10092,d,0.002385,0.007250,0.018500,23.253662,28.135393
10093,s,0.023128,0.016750,0.019200,30.724121,59.078351
10094,s,0.023128,0.025700,0.020000,37.419678,68.828351
10095,p,0.003780,0.096200,0.019200,55.925049,119.179849
10088,s,0.023128,0.004850,0.019200,23.499756,47.178351
10089,s,0.023128,0.008900,0.022000,31.118652,54.028351
10090,p,0.003780,0.102150,0.018500,49.264893,124.429849
10091,s,0.023128,0.044850,0.020000,58.200439,87.978351
10096,s,0.023128,0.004300,0.019200,21.656006,46.628351
10097,d,0.002385,0.011050,0.019200,29.567871,32.635393
10098,p,0.003780,0.080400,0.018500,47.746582,102.679849
10099,p,0.003780,0.070250,0.020000,68.013916,94.029849
10100,p,0.003780,0.005550,0.022000,21.520264,31.329849
10101,d,0.002385,0.016050,0.018500,31.737793,36.935393
10102,d,0.002385,0.015350,0.019200,39.168213,36.935393
10103,s,0.023128,0.033550,0.021500,46.270020,78.178351
10104,p,0.003780,0.003950,0.019200,35.022461,26.929849
10105,d,0.002385,0.013250,0.022000,44.340088,37.635393
10106,p,0.003780,0.103400,0.018500,63.132812,125.679849
10107,d,0.002385,0.009200,0.021500,72.411865,33.085393
10108,s,0.023128,0.004850,0.018500,22.578125,46.478351
10109,s,0.023128,0.013700,0.021500,30.108643,58.328351
10110,p,0.003780,0.071450,0.019200,48.407471,94.429849
10111,s,0.023128,0.065150,0.022000,57.560791,110.278351
10112,s,0.023128,0.004400,0.020000,21.171143,47.528351
10113,p,0.003780,0.011500,0.020000,40.052246,35.279849
10114,d,0.002385,0.033700,0.020000,49.299805,56.085393
10115,s,0.023128,0.137200,0.020000,55.985352,180.328351
10120,d,0.002385,0.004550,0.020000,11.930664,26.935393
10121,p,0.003780,0.058650,0.020000,30.307129,82.429849
10122,p,0.003780,0.084600,0.021500,50.516846,109.879849
10123,d,0.002385,0.012050,0.022000,59.803223,36.435393
10116,d,0.002385,0.005050,0.019200,23.093018,26.635393
10117,d,0.002385,0.010200,0.021500,30.830811,34.085393
10118,d,0.002385,0.067850,0.019200,37.846924,89.435393
10119,p,0.003780,0.047250,0.022000,55.922363,73.029849
10124,s,0.023128,0.005200,0.019200,29.310791,47.528351
10125,s,0.023128,0.010350,0.018500,43.845703,51.978351
10126,d,0.002385,0.096350,0.019200,51.045654,117.935393
10127,p,0.003780,0.024350,0.018500,69.138672,46.629849
10128,s,0.023128,0.003950,0.021500,15.549561,48.578351
10129,d,0.002385,0.010300,0.019200,23.864014,31.885393
10130,s,0.023128,0.116850,0.020000,31.622314,159.978351
10131,s,0.023128,0.092400,0.022000,38.675293,137.528351
10132,p,0.003780,0.005000,0.018500,20.957031,27.279849
10133,s,0.023128,0.015700,0.020000,30.089355,58.828351
10134,d,0.002385,0.086500,0.022000,37.439453,110.885393
10135,s,0.023128,0.049900,0.019200,44.278809,92.228351
10136,d,0.002385,0.004550,0.018500,20.380859,25.435393
10137,p,0.003780,0.008400,0.021500,38.822510,33.679849
10138,d,0.002385,0.048350,0.020000,48.232178,70.735393
10139,p,0.003780,0.005000,0.019200,66.589111,27.979849
10140,p,0.003780,0.005150,0.021500,36.668945,30.429849
10141,p,0.003780,0.010200,0.021500,56.990234,35.479849
10142,d,0.002385,0.059150,0.022000,66.203857,83.535393
10143,s,0.023128,0.004450,0.020000,72.924561,47.578351
10144,p,0.003780,0.004500,0.021500,28.242188,29.779849
10145,p,0.003780,0.009550,0.018500,48.319092,31.829849
10146,s,0.023128,0.054000,0.018500,57.378662,95.628351
10147,p,0.003780,0.006000,0.020000,75.456299,29.779849
10148,s,0.023128,0.004450,0.019200,23.117188,46.778351
10149,p,0.003780,0.012400,0.019200,42.014648,35.379849
10150,s,0.023128,0.023000,0.018500,50.948730,64.628351
10151,s,0.023128,0.074500,0.021500,57.669922,119.128351
10152,p,0.003780,0.005900,0.021500,35.957520,31.179849
10153,s,0.023128,0.012250,0.019200,45.986328,54.578351
10154,d,0.002385,0.020850,0.018500,53.872803,41.735393
10155,d,0.002385,0.135250,0.019200,61.778320,156.835393
10156,s,0.023128,0.005200,0.018500,23.926758,46.828351
10157,p,0.003780,0.016150,0.019200,43.162842,39.129849
10158,s,0.023128,0.117750,0.020000,52.316162,160.878351
10159,s,0.023128,0.097300,0.020000,59.176758,140.428351
10160,p,0.003780,0.005000,0.022000,20.942383,30.779849
10161,p,0.003780,0.018650,0.021500,41.068115,43.929849
10162,d,0.002385,0.098150,0.019200,50.411865,119.735393
10163,p,0.003780,0.102650,0.018500,68.441650,124.929849
10168,p,0.003780,0.005700,0.018500,34.550537,27.979849
10169,d,0.002385,0.011950,0.019200,43.886230,33.535393
10170,s,0.023128,0.057550,0.018500,50.612549,99.178351
10171,p,0.003780,0.088200,0.020000,68.888428,111.979849
10164,d,0.002385,0.005150,0.020000,19.593506,27.535393
10165,p,0.003780,0.014100,0.020000,58.022705,37.879849
10166,p,0.003780,0.006950,0.022000,78.352295,32.729849
10167,s,0.023128,0.060200,0.020000,87.408447,103.328351
10180,p,0.003780,0.004800,0.020000,35.113281,28.579849
10181,d,0.002385,0.013600,0.018500,44.690918,34.485393
10182,p,0.003780,0.062100,0.021500,62.780762,87.379849
10183,p,0.003780,0.004750,0.018500,83.060791,27.029849
10172,s,0.023128,0.005000,0.021500,7.798584,49.628351
10173,p,0.003780,0.019750,0.020000,28.852783,43.529849
10174,p,0.003780,0.045800,0.021500,50.544189,71.079849
10175,d,0.002385,0.064850,0.020000,60.267334,87.235393
10176,p,0.003780,0.004900,0.020000,35.290527,28.679849
10177,d,0.002385,0.015450,0.018500,44.534912,36.335393
10178,s,0.023128,0.038600,0.018500,51.308350,80.228351
10179,p,0.003780,0.091300,0.018500,69.232910,113.579849
10184,d,0.002385,0.004400,0.022000,23.618896,28.785393
10185,p,0.003780,0.035350,0.018500,42.467041,57.629849
10186,s,0.023128,0.025550,0.022000,51.449463,70.678351
10187,d,0.002385,0.016750,0.020000,58.489990,39.135393
10188,s,0.023128,0.016150,0.021500,10.295898,60.778351
10189,p,0.003780,0.006150,0.020000,30.297119,29.929849
10190,d,0.002385,0.009300,0.019200,40.354248,30.885393
10191,s,0.023128,0.049500,0.020000,47.648926,92.628351
10192,s,0.023128,0.005850,0.020000,23.020996,48.978351
10193,d,0.002385,0.019100,0.019200,30.990723,40.685393
10194,s,0.023128,0.098150,0.022000,37.774902,143.278351
10195,d,0.002385,0.027100,0.020000,44.836426,49.485393
10196,s,0.023128,0.004950,0.020000,23.217773,48.078351
10197,p,0.003780,0.013350,0.022000,42.552734,39.129849
10198,s,0.023128,0.034350,0.020000,51.571777,77.478351
10199,s,0.023128,0.036100,0.018500,58.256836,77.728351
10200,s,0.023128,0.004950,0.019200,7.351562,47.278351
10201,d,0.002385,0.009200,0.019200,14.937500,30.785393
10202,s,0.023128,0.059300,0.019200,22.040039,101.628351
10203,s,0.023128,0.015000,0.020000,28.983643,58.128351
10204,d,0.002385,0.017750,0.021500,9.837646,41.635393
10205,p,0.003780,0.016350,0.020000,28.044678,40.129849
10206,d,0.002385,0.039000,0.018500,37.238770,59.885393
10207,d,0.002385,0.067950,0.020000,44.325928,90.335393
10208,p,0.003780,0.008500,0.022000,34.798584,34.279849
10209,p,0.003780,0.011050,0.019200,56.853027,34.029849
10210,d,0.002385,0.043250,0.019200,67.470215,64.835393
10211,d,0.002385,0.033400,0.020000,75.137939,55.785393
10212,d,0.002385,0.004250,0.020000,23.804688,26.635393
10213,p,0.003780,0.005150,0.020000,42.540283,28.929849
10214,s,0.023128,0.019500,0.018500,51.627441,61.128351
10215,s,0.023128,0.004000,0.021500,58.371094,48.628351
10216,d,0.002385,0.004750,0.022000,23.434326,29.135393
10217,s,0.023128,0.024400,0.021500,30.976562,69.028351
10218,d,0.002385,0.025250,0.018500,37.929199,46.135393
10219,d,0.002385,0.093500,0.020000,44.939697,115.885393
10224,p,0.003780,0.005350,0.020000,23.947998,29.129849
10225,d,0.002385,0.006200,0.019200,33.487793,27.785393
10226,d,0.002385,0.031250,0.022000,40.940674,55.635393
10227,p,0.003780,0.081550,0.022000,59.012451,107.329849
10220,d,0.002385,0.012050,0.020000,23.494141,34.435393
10221,p,0.003780,0.016750,0.018500,42.130371,39.029849
10222,p,0.003780,0.038150,0.022000,62.439209,63.929849
10223,d,0.002385,0.004500,0.018500,71.811523,25.385393
10228,d,0.002385,0.007100,0.020000,23.892334,29.485393
10229,s,0.023128,0.034600,0.019200,31.410400,76.928351
10230,p,0.003780,0.082150,0.022000,49.520752,107.929849
10231,s,0.023128,0.029650,0.018500,58.580811,71.278351
10232,s,0.023128,0.005500,0.020000,23.231689,48.628351
10233,d,0.002385,0.016350,0.019200,31.144531,37.935393
10234,p,0.003780,0.070850,0.019200,49.279541,93.829849
10235,s,0.023128,0.046350,0.018500,58.273926,87.978351
10236,d,0.002385,0.005450,0.019200,23.677490,27.035393
10237,d,0.002385,0.013250,0.019200,31.354980,34.835393
10238,d,0.002385,0.010650,0.019200,38.377930,32.235393
10239,d,0.002385,0.095650,0.021500,45.454834,119.535393
10240,d,0.002385,0.013500,0.021500,23.220703,37.385393
10241,s,0.023128,0.012150,0.018500,30.677002,53.778351
10242,d,0.002385,0.011850,0.022000,37.616943,36.235393
10243,d,0.002385,0.036100,0.021500,44.681152,59.985393
10244,s,0.023128,0.004850,0.021500,26.947754,49.478351
10245,s,0.023128,0.019800,0.020000,35.587402,62.928351
10246,s,0.023128,0.100850,0.018500,42.260986,142.478351
10247,s,0.023128,0.027500,0.019200,48.923096,69.828351
10248,p,0.003780,0.004150,0.018500,36.242920,26.429849
10249,d,0.002385,0.014200,0.020000,47.092773,36.585393
10250,p,0.003780,0.061150,0.018500,66.629639,83.429849
10251,s,0.023128,0.004450,0.021500,76.163330,49.078351
10252,p,0.003780,0.004700,0.021500,35.376709,29.979849
10253,p,0.003780,0.007500,0.020000,55.572510,31.279849
10254,p,0.003780,0.093300,0.020000,75.722656,117.079849
10255,s,0.023128,0.004900,0.018500,85.037109,46.528351
10256,p,0.003780,0.004450,0.022000,35.387451,30.229849
10257,d,0.002385,0.011250,0.021500,44.727539,35.135393
10258,s,0.023128,0.026600,0.022000,51.537842,71.728351
10259,d,0.002385,0.066950,0.019200,58.451172,88.535393
10260,d,0.002385,0.005400,0.020000,23.544434,27.785393
10261,d,0.002385,0.007250,0.022000,31.458984,31.635393
10262,p,0.003780,0.070650,0.018500,49.713623,92.929849
10263,d,0.002385,0.004200,0.022000,58.979736,28.585393
10264,p,0.003780,0.005200,0.022000,35.352783,30.979849
10265,d,0.002385,0.010800,0.021500,44.632324,34.685393
10266,p,0.003780,0.059200,0.018500,62.780518,81.479849
10267,d,0.002385,0.097300,0.019200,72.389893,118.885393
10268,d,0.002385,0.005100,0.021500,9.681641,28.985393
10269,d,0.002385,0.017350,0.021500,16.708252,41.235393
10270,d,0.002385,0.020000,0.020000,23.790039,42.385393
10271,d,0.002385,0.118100,0.020000,31.024902,140.485393
10272,p,0.003780,0.008550,0.020000,20.178223,32.329849
10273,p,0.003780,0.009600,0.021500,41.062988,34.879849
10274,d,0.002385,0.035500,0.018500,50.294434,56.385393
10275,p,0.003780,0.112700,0.019200,68.409668,135.679849
10276,s,0.023128,0.004850,0.021500,23.254150,49.478351
10277,p,0.003780,0.010900,0.021500,42.128174,36.179849
10278,d,0.002385,0.024000,0.022000,51.403320,48.385393
10279,d,0.002385,0.102900,0.020000,58.779785,125.285393
10280,d,0.002385,0.005750,0.019200,23.965332,27.335393
10281,d,0.002385,0.010650,0.018500,32.196289,31.535393
10282,d,0.002385,0.088700,0.020000,39.916748,111.085393
10283,d,0.002385,0.056700,0.021500,47.829102,80.585393
10288,p,0.003780,0.006750,0.019200,35.134521,29.729849
10289,s,0.023128,0.017350,0.021500,44.113281,61.978351
10290,p,0.003780,0.083700,0.022000,62.990967,109.479849
10291,d,0.002385,0.008450,0.022000,72.462402,32.835393
10284,d,0.002385,0.004700,0.018500,23.727295,25.585393
10285,p,0.003780,0.009950,0.022000,42.642334,35.729849
10286,p,0.003780,0.032150,0.019200,62.931152,55.129849
10287,s,0.023128,0.005550,0.022000,71.970459,50.678351
10292,d,0.002385,0.005100,0.021500,9.343750,28.985393
10293,s,0.023128,0.011450,0.021500,16.729248,56.078351
10294,d,0.002385,0.091700,0.018500,28.635498,112.585393
10295,d,0.002385,0.091550,0.022000,36.116699,115.935393
10296,p,0.003780,0.004100,0.022000,35.016113,29.879849
10297,p,0.003780,0.031450,0.022000,56.435303,57.229849
10298,p,0.003780,0.032000,0.021500,78.934082,57.279849
10299,d,0.002385,0.005000,0.021500,88.987549,28.885393
10300,d,0.002385,0.004400,0.019200,23.067871,25.985393
10301,d,0.002385,0.012650,0.022000,30.720215,37.035393
10302,s,0.023128,0.058350,0.020000,37.632812,101.478351
10303,d,0.002385,0.117350,0.020000,44.604492,139.735393
10304,p,0.003780,0.004700,0.022000,34.898438,30.479849
10305,s,0.023128,0.006450,0.018500,43.927002,48.078351
10306,d,0.002385,0.019200,0.022000,50.960449,43.585393
10307,d,0.002385,0.084850,0.020000,58.478760,107.235393
10308,d,0.002385,0.004300,0.021500,23.709717,28.185393
10309,s,0.023128,0.007100,0.020000,31.191406,50.228351
10310,s,0.023128,0.066900,0.018500,37.909668,108.528351
10311,d,0.002385,0.109850,0.022000,44.862305,134.235393
10312,d,0.002385,0.005200,0.018500,23.359131,26.085393
10313,p,0.003780,0.007050,0.020000,42.466064,30.829849
10314,p,0.003780,0.077550,0.018500,65.241455,99.829849
10315,s,0.023128,0.005400,0.018500,74.383789,47.028351
10316,p,0.003780,0.004900,0.022000,20.433838,30.679849
10317,s,0.023128,0.011450,0.022000,29.375488,56.578351
10318,d,0.002385,0.093300,0.019200,36.383789,114.885393
10319,p,0.003780,0.081550,0.021500,54.617920,106.829849
10320,p,0.003780,0.005100,0.020000,25.375732,28.879849
10321,s,0.023128,0.006800,0.019200,35.039795,49.128351
10322,d,0.002385,0.021600,0.021500,42.456787,45.485393
10323,s,0.023128,0.032200,0.021500,49.366943,76.828351
10324,d,0.002385,0.004250,0.022000,23.534424,28.635393
10325,d,0.002385,0.007900,0.022000,31.322998,32.285393
10326,s,0.023128,0.010500,0.021500,38.037109,55.128351
10327,p,0.003780,0.098200,0.020000,56.327393,121.979849
10328,d,0.002385,0.004800,0.018500,9.330566,25.685393
10329,d,0.002385,0.011050,0.020000,16.464844,33.435393
10330,p,0.003780,0.081850,0.021500,35.224365,107.129849
10331,p,0.003780,0.005500,0.020000,55.584229,29.279849
10332,p,0.003780,0.004550,0.021500,24.106934,29.829849
10333,d,0.002385,0.013050,0.022000,34.499268,37.435393
10334,s,0.023128,0.066250,0.021500,41.794678,110.878351
10335,p,0.003780,0.070400,0.020000,60.728760,94.179849
10336,p,0.003780,0.004400,0.018500,35.190674,26.679849
10337,d,0.002385,0.054550,0.018500,44.570068,75.435393
10338,d,0.002385,0.049550,0.021500,51.521729,73.435393
10339,d,0.002385,0.042800,0.022000,59.160400,67.185393
10344,p,0.003780,0.007200,0.021500,35.490234,32.479849
10345,s,0.023128,0.015400,0.021500,44.836670,60.028351
10346,p,0.003780,0.150300,0.019200,62.859619,173.279849
10347,p,0.003780,0.060250,0.022000,83.052246,86.029849
10340,d,0.002385,0.012900,0.021500,23.784668,36.785393
10341,p,0.003780,0.012450,0.018500,42.514160,34.729849
10342,s,0.023128,0.041300,0.022000,51.824707,86.428351
10343,p,0.003780,0.051850,0.022000,69.885742,77.629849
10348,d,0.002385,0.004800,0.018500,23.447754,25.685393
10349,s,0.023128,0.013900,0.020000,30.924316,57.028351
10350,s,0.023128,0.054450,0.021500,37.615479,99.078351
10351,d,0.002385,0.054100,0.021500,44.651611,77.985393
10352,s,0.023128,0.004350,0.019200,23.286377,46.678351
10353,p,0.003780,0.006100,0.019200,42.570557,29.079849
10354,d,0.002385,0.053150,0.018500,51.911377,74.035393
10355,d,0.002385,0.100350,0.019200,58.943115,121.935393
10356,s,0.023128,0.004450,0.018500,22.985840,46.078351
10357,d,0.002385,0.009600,0.021500,30.910156,33.485393
10358,p,0.003780,0.024300,0.022000,49.952148,50.079849
10359,d,0.002385,0.044750,0.022000,59.430908,69.135393
10360,d,0.002385,0.003800,0.020000,23.746826,26.185393
10361,p,0.003780,0.008800,0.020000,42.525146,32.579849
10362,s,0.023128,0.027350,0.020000,51.555664,70.478351
10363,d,0.002385,0.004750,0.021500,58.582764,28.635393
10364,p,0.003780,0.004550,0.020000,20.177002,28.329849
10365,p,0.003780,0.012000,0.022000,40.473389,37.779849
10366,s,0.023128,0.045650,0.020000,49.606689,88.778351
10367,d,0.002385,0.011700,0.018500,56.762451,32.585393
10368,d,0.002385,0.004550,0.022000,16.147217,28.935393
10369,d,0.002385,0.015450,0.020000,23.994629,37.835393
10370,s,0.023128,0.081050,0.020000,31.582275,124.178351
10371,d,0.002385,0.071050,0.020000,39.325195,93.435393
10372,s,0.023128,0.004900,0.021500,22.935303,49.528351
10373,p,0.003780,0.005750,0.020000,42.119141,29.529849
10374,s,0.023128,0.011750,0.021500,51.061523,56.378351
10375,d,0.002385,0.086200,0.020000,58.103516,108.585393
10376,d,0.002385,0.004500,0.022000,8.475342,28.885393
10377,s,0.023128,0.013350,0.018500,16.208496,54.978351
10378,d,0.002385,0.029550,0.022000,23.569580,53.935393
10379,d,0.002385,0.068250,0.022000,30.910156,92.635393
10380,s,0.023128,0.012900,0.018500,23.468262,54.528351
10381,p,0.003780,0.008800,0.018500,42.896729,31.079849
10382,s,0.023128,0.071450,0.021500,51.897949,116.078351
10383,s,0.023128,0.043500,0.020000,58.624512,86.628351
10384,d,0.002385,0.004750,0.019200,23.464355,26.335393
10385,s,0.023128,0.012000,0.019200,31.017334,54.328351
10386,p,0.003780,0.047400,0.020000,49.217285,71.179849
10387,s,0.023128,0.005650,0.021500,58.513184,50.278351
10388,p,0.003780,0.004650,0.018500,33.877930,26.929849
10389,p,0.003780,0.005750,0.020000,54.052490,29.529849
10390,p,0.003780,0.017800,0.022000,74.420654,43.579849
10391,s,0.023128,0.004900,0.019200,83.524170,47.228351
10400,p,0.003780,0.004600,0.020000,35.136230,28.379849
10401,d,0.002385,0.013550,0.019200,44.373535,35.135393
10402,p,0.003780,0.019000,0.021500,62.363281,44.279849
10403,d,0.002385,0.009200,0.021500,71.727051,33.085393
10392,s,0.023128,0.005400,0.020000,13.979004,48.528351
10393,d,0.002385,0.017450,0.018500,21.233643,38.335393
10394,d,0.002385,0.009300,0.019200,28.332031,30.885393
10395,p,0.003780,0.087500,0.022000,46.524902,113.279849
10396,s,0.023128,0.004900,0.019200,21.244873,47.228351
10397,d,0.002385,0.011500,0.022000,29.024414,35.885393
10398,s,0.023128,0.020000,0.021500,35.810547,64.628351
10399,d,0.002385,0.034950,0.019200,42.787842,56.535393
10404,d,0.002385,0.004400,0.020000,23.766113,26.785393
10405,d,0.002385,0.012150,0.022000,31.844482,36.535393
10406,p,0.003780,0.055100,0.018500,50.592529,77.379849
10407,p,0.003780,0.005000,0.021500,70.863525,30.279849
10408,d,0.002385,0.003650,0.022000,13.532227,28.035393
10409,d,0.002385,0.032600,0.020000,21.446289,54.985393
10410,p,0.003780,0.070150,0.018500,40.031738,92.429849
10411,p,0.003780,0.004850,0.021500,60.463623,30.129849
10412,d,0.002385,0.004900,0.021500,23.419678,28.785393
10413,s,0.023128,0.006600,0.022000,30.932129,51.728351
10414,s,0.023128,0.030050,0.021500,37.636963,74.678351
10415,s,0.023128,0.143900,0.018500,44.478027,185.528351
10420,s,0.023128,0.005150,0.018500,22.760986,46.778351
10421,p,0.003780,0.014050,0.022000,41.837402,39.829849
10422,d,0.002385,0.031350,0.021500,51.177979,55.235393
10423,s,0.023128,0.071650,0.019200,57.994141,113.978351
10416,d,0.002385,0.004450,0.022000,23.099121,28.835393
10417,d,0.002385,0.012100,0.018500,30.791748,32.985393
10418,d,0.002385,0.116850,0.018500,37.811523,137.735393
10419,d,0.002385,0.047600,0.020000,44.816406,69.985393
10424,d,0.002385,0.004350,0.020000,23.342529,26.735393
10425,s,0.023128,0.015850,0.018500,30.747314,57.478351
10426,s,0.023128,0.102050,0.018500,37.428955,143.678351
10427,p,0.003780,0.017450,0.018500,55.825195,39.729849
10428,s,0.023128,0.003500,0.019200,23.520996,45.828351
10429,p,0.003780,0.010900,0.022000,42.645020,36.679849
10430,d,0.002385,0.023650,0.019200,52.529785,45.235393
10431,p,0.003780,0.118100,0.018500,70.656006,140.379849
10432,p,0.003780,0.005150,0.018500,33.758789,27.429849
10433,d,0.002385,0.013900,0.022000,43.167969,38.285393
10434,d,0.002385,0.034050,0.019200,50.250488,55.635393
10435,d,0.002385,0.076450,0.019200,57.333496,98.035393
10436,p,0.003780,0.005050,0.021500,35.420166,30.329849
10437,d,0.002385,0.009150,0.020000,44.845459,31.535393
10438,s,0.023128,0.053150,0.021500,51.869629,97.778351
10439,d,0.002385,0.015950,0.020000,58.875000,38.335393
10440,p,0.003780,0.005200,0.022000,20.170898,30.979849
10441,d,0.002385,0.012750,0.022000,29.444824,37.135393
10442,d,0.002385,0.101200,0.020000,36.612061,123.585393
10443,p,0.003780,0.091100,0.020000,54.640625,114.879849
10444,s,0.023128,0.004350,0.020000,10.344971,47.478351
10445,d,0.002385,0.020650,0.019200,17.779541,42.235393
10446,p,0.003780,0.095200,0.021500,36.433105,120.479849
10447,p,0.003780,0.102900,0.021500,56.969971,128.179849
10448,p,0.003780,0.007850,0.021500,35.949707,33.129849
10449,d,0.002385,0.005850,0.020000,45.367920,28.235393
10450,d,0.002385,0.069850,0.019200,52.403076,91.435393
10451,d,0.002385,0.018750,0.022000,59.568604,43.135393
10452,s,0.023128,0.006350,0.021500,22.919434,50.978351
10453,p,0.003780,0.016550,0.018500,41.926270,38.829849
10454,d,0.002385,0.038600,0.022000,51.285645,62.985393
10455,p,0.003780,0.015000,0.019200,69.563477,37.979849
10456,d,0.002385,0.004650,0.022000,22.377441,29.035393
10457,p,0.003780,0.008150,0.020000,41.193604,31.929849
10458,d,0.002385,0.018050,0.022000,50.472412,42.435393
10459,s,0.023128,0.007650,0.020000,57.298828,50.778351
10460,s,0.023128,0.006350,0.019200,9.078125,48.678351
10461,p,0.003780,0.005150,0.022000,28.613037,30.929849
10462,s,0.023128,0.027000,0.019200,38.799072,69.328351
10463,d,0.002385,0.022850,0.018500,46.690430,43.735393
10464,p,0.003780,0.007900,0.018500,35.224854,30.179849
10465,p,0.003780,0.011500,0.019200,55.570557,34.479849
10466,s,0.023128,0.101700,0.020000,64.697754,144.828351
10467,d,0.002385,0.017350,0.022000,71.718994,41.735393
10468,d,0.002385,0.004350,0.020000,23.220703,26.735393
10469,d,0.002385,0.009600,0.020000,30.979736,31.985393
10470,d,0.002385,0.086700,0.021500,38.479980,110.585393
10471,p,0.003780,0.056650,0.018500,56.972412,78.929849
10472,d,0.002385,0.005350,0.022000,9.089600,29.735393
10473,p,0.003780,0.021000,0.018500,27.246582,43.279849
10474,s,0.023128,0.025250,0.021500,36.539551,69.878351
10475,p,0.003780,0.037100,0.020000,54.589111,60.879849
10476,d,0.002385,0.004650,0.018500,22.087646,25.535393
10477,p,0.003780,0.007500,0.019200,40.760498,30.479849
10478,p,0.003780,0.060750,0.020000,61.189697,84.529849
10479,p,0.003780,0.009150,0.018500,81.285400,31.429849
10480,d,0.002385,0.005700,0.018500,23.532959,26.585393
10481,p,0.003780,0.012550,0.022000,42.332764,38.329849
10482,s,0.023128,0.109850,0.022000,51.317383,154.978351
10483,d,0.002385,0.004000,0.018500,58.302490,24.885393
10484,d,0.002385,0.005000,0.021500,10.494629,28.885393
10485,d,0.002385,0.012700,0.021500,18.749512,36.585393
10486,s,0.023128,0.015900,0.022000,26.052246,61.028351
10487,s,0.023128,0.093500,0.021500,33.109375,138.128351
10492,d,0.002385,0.010150,0.018500,9.590576,31.035393
10493,s,0.023128,0.010600,0.020000,16.391113,53.728351
10494,d,0.002385,0.080400,0.021500,23.402588,104.285393
10495,s,0.023128,0.112150,0.020000,30.206055,155.278351
10488,d,0.002385,0.006300,0.018500,23.345703,27.185393
10489,s,0.023128,0.016050,0.022000,31.507324,61.178351
10490,d,0.002385,0.011500,0.021500,38.473145,35.385393
10491,d,0.002385,0.085150,0.021500,45.531250,109.035393
10496,d,0.002385,0.004850,0.020000,22.993896,27.235393
10497,s,0.023128,0.007250,0.019200,30.614258,49.578351
10498,p,0.003780,0.070850,0.022000,49.053955,96.629849
10499,d,0.002385,0.005100,0.021500,58.396973,28.985393
10500,d,0.002385,0.005750,0.022000,22.458740,30.135393
10501,p,0.003780,0.058750,0.022000,41.525391,84.529849
10502,s,0.023128,0.064000,0.022000,50.724609,109.128351
10503,d,0.002385,0.049250,0.022000,57.792236,73.635393
10504,s,0.023128,0.004800,0.022000,23.301270,49.928351
10505,s,0.023128,0.007500,0.019200,31.175293,49.828351
10506,p,0.003780,0.014500,0.019200,51.214111,37.479849
10507,s,0.023128,0.084350,0.018500,60.952148,125.978351
10508,d,0.002385,0.005800,0.022000,23.791748,30.185393
10509,s,0.023128,0.007800,0.022000,31.304199,52.928351
10510,d,0.002385,0.051250,0.019200,38.559326,72.835393
10511,p,0.003780,0.027500,0.019200,56.896729,50.479849
10516,d,0.002385,0.005200,0.018500,21.001221,26.085393
10517,p,0.003780,0.012550,0.021500,39.783203,37.829849
10518,d,0.002385,0.011250,0.018500,49.073730,32.135393
10519,p,0.003780,0.004550,0.018500,66.990967,26.829849
10520,d,0.002385,0.005350,0.020000,8.961182,27.735393
10521,s,0.023128,0.026400,0.020000,17.694092,69.528351
10522,d,0.002385,0.069450,0.020000,29.496094,91.835393
10523,d,0.002385,0.015200,0.021500,38.422363,39.085393
10512,s,0.023128,0.004650,0.021500,23.230957,49.278351
10513,s,0.023128,0.007200,0.020000,30.892334,50.328351
10514,d,0.002385,0.020750,0.018500,38.246338,41.635393
10515,s,0.023128,0.051150,0.020000,45.446045,94.278351
10524,d,0.002385,0.006500,0.021500,10.167480,30.385393
10525,s,0.023128,0.005200,0.021500,18.870117,49.828351
10526,p,0.003780,0.018050,0.018500,39.035400,40.329849
10527,d,0.002385,0.004900,0.021500,48.905273,28.785393
10528,d,0.002385,0.004600,0.018500,23.574219,25.485393
10529,p,0.003780,0.019800,0.018500,42.379150,42.079849
10530,p,0.003780,0.059200,0.018500,62.535400,81.479849
10531,p,0.003780,0.004550,0.021500,82.727051,29.829849
10532,d,0.002385,0.004950,0.019200,23.540283,26.535393
10533,s,0.023128,0.009850,0.022000,31.187256,54.978351
10534,p,0.003780,0.093850,0.022000,49.285156,119.629849
10535,d,0.002385,0.005850,0.021500,58.546143,29.735393
10536,s,0.023128,0.004500,0.018500,21.521729,46.128351
10537,d,0.002385,0.009150,0.018500,29.275635,30.035393
10538,s,0.023128,0.084550,0.021500,35.989746,129.178351
10539,d,0.002385,0.027500,0.019200,42.987793,49.085393
10540,s,0.023128,0.005150,0.019200,23.282959,47.478351
10541,p,0.003780,0.012350,0.018500,42.578125,34.629849
10542,p,0.003780,0.028300,0.020000,62.824707,52.079849
10543,d,0.002385,0.084800,0.022000,72.147949,109.185393
10544,s,0.023128,0.007300,0.020000,9.713867,50.428351
10545,p,0.003780,0.028550,0.020000,31.356201,52.329849
10546,d,0.002385,0.019950,0.022000,41.239990,44.335393
10547,p,0.003780,0.044300,0.022000,60.152100,70.079849
10548,s,0.023128,0.007300,0.022000,23.192139,52.428351
10549,s,0.023128,0.015450,0.018500,30.901855,57.078351
10550,s,0.023128,0.071450,0.018500,37.633057,113.078351
10551,s,0.023128,0.071050,0.022000,44.325195,116.178351
10552,d,0.002385,0.005000,0.018500,9.024414,25.885393
10553,p,0.003780,0.009200,0.022000,27.550781,34.979849
10554,s,0.023128,0.099850,0.018500,37.101074,141.478351
10555,s,0.023128,0.005000,0.021500,43.988281,49.628351
10556,d,0.002385,0.012450,0.018500,9.820312,33.335393
10557,p,0.003780,0.011050,0.018500,28.022461,33.329849
10558,p,0.003780,0.106600,0.022000,48.072754,132.379849
10559,d,0.002385,0.004750,0.018500,57.385986,25.635393
10560,s,0.023128,0.005200,0.022000,11.576904,50.328351
10561,s,0.023128,0.043250,0.020000,20.471191,86.378351
10562,p,0.003780,0.056150,0.018500,39.680176,78.429849
10563,s,0.023128,0.029650,0.018500,49.051758,71.278351
10564,p,0.003780,0.007350,0.021500,35.461182,32.629849
10565,d,0.002385,0.013050,0.022000,44.773438,37.435393
10566,d,0.002385,0.053150,0.021500,51.833008,77.035393
10567,s,0.023128,0.065350,0.022000,58.801514,110.478351
10572,d,0.002385,0.005850,0.019200,8.225586,27.435393
10573,p,0.003780,0.010500,0.020000,28.755127,34.279849
10574,d,0.002385,0.025000,0.019200,38.832764,46.585393
10575,s,0.023128,0.006700,0.020000,46.219971,49.828351
10576,d,0.002385,0.005750,0.022000,23.599121,30.135393
10577,p,0.003780,0.015450,0.021500,42.930908,40.729849
10578,s,0.023128,0.015350,0.020000,52.853760,58.478351
10579,p,0.003780,0.005450,0.019200,72.869873,28.429849
10568,p,0.003780,0.009550,0.021500,35.021484,34.829849
10569,d,0.002385,0.010200,0.019200,44.295410,31.785393
10570,p,0.003780,0.021750,0.021500,67.817139,47.029849
10571,d,0.002385,0.005900,0.022000,77.549316,30.285393
10580,s,0.023128,0.004550,0.020000,22.956299,47.678351
10581,s,0.023128,0.008600,0.021500,30.331787,53.228351
10582,p,0.003780,0.063150,0.018500,48.227051,85.429849
10583,d,0.002385,0.048300,0.022000,57.359863,72.685393
10588,s,0.023128,0.004400,0.019200,8.816895,46.728351
10589,d,0.002385,0.011100,0.020000,15.791748,33.485393
10590,s,0.023128,0.022950,0.022000,22.507080,68.078351
10591,p,0.003780,0.077100,0.020000,40.638916,100.879849
10584,s,0.023128,0.008250,0.020000,22.976318,51.378351
10585,d,0.002385,0.008750,0.021500,30.720703,32.635393
10586,d,0.002385,0.100850,0.021500,37.715576,124.735393
10587,s,0.023128,0.035400,0.021500,44.461914,80.028351
10592,d,0.002385,0.005550,0.018500,9.618896,26.435393
10593,s,0.023128,0.035450,0.020000,16.404297,78.578351
10594,p,0.003780,0.056950,0.021500,34.523438,82.229849
10595,d,0.002385,0.004950,0.022000,43.724854,29.335393
10596,s,0.023128,0.004850,0.021500,22.487305,49.478351
10597,s,0.023128,0.016000,0.018500,30.097656,57.628351
10598,s,0.023128,0.024400,0.018500,36.841064,66.028351
10599,d,0.002385,0.082700,0.019200,43.906006,104.285393
10600,d,0.002385,0.004350,0.018500,22.756104,25.235393
10601,s,0.023128,0.009300,0.019200,30.126709,51.628351
10602,p,0.003780,0.081450,0.020000,48.393799,105.229849
10603,s,0.023128,0.004650,0.021500,57.340332,49.278351
10604,d,0.002385,0.006150,0.020000,22.873291,28.535393
10605,p,0.003780,0.007500,0.018500,41.571533,29.779849
10606,p,0.003780,0.033950,0.020000,61.946533,57.729849
10607,s,0.023128,0.003850,0.022000,70.917480,48.978351
10608,p,0.003780,0.016900,0.022000,35.095459,42.679849
10609,p,0.003780,0.010450,0.022000,55.389160,36.229849
10610,s,0.023128,0.096450,0.020000,64.507812,139.578351
10611,s,0.023128,0.059550,0.019200,71.253418,101.878351
10612,s,0.023128,0.005300,0.022000,23.532227,50.428351
10613,d,0.002385,0.016600,0.021500,32.016602,40.485393
10614,p,0.003780,0.016950,0.019200,51.760742,39.929849
10615,s,0.023128,0.097050,0.018500,61.526367,138.678351
10616,s,0.023128,0.004800,0.020000,15.431885,47.928351
10617,p,0.003780,0.025500,0.021500,35.640869,50.779849
10618,s,0.023128,0.062850,0.018500,44.614502,104.478351
10619,d,0.002385,0.060250,0.018500,51.673828,81.135393
10620,d,0.002385,0.004850,0.021500,23.590332,28.735393
10621,s,0.023128,0.007800,0.021500,31.116211,52.428351
10622,s,0.023128,0.063200,0.021500,37.779541,107.828351
10623,d,0.002385,0.117300,0.020000,44.820801,139.685393
10624,d,0.002385,0.003950,0.020000,22.637207,26.335393
10625,d,0.002385,0.015150,0.021500,30.281738,39.035393
10626,p,0.003780,0.039000,0.018500,48.390137,61.279849
10627,s,0.023128,0.004850,0.021500,57.454590,49.478351
10632,s,0.023128,0.005050,0.019200,23.461426,47.378351
10633,d,0.002385,0.008550,0.022000,31.490234,32.935393
10634,s,0.023128,0.024300,0.020000,38.245605,67.428351
10635,p,0.003780,0.037350,0.019200,56.408691,60.329849
10628,d,0.002385,0.004300,0.018500,23.082764,25.185393
10629,p,0.003780,0.007600,0.020000,41.946533,31.379849
10630,p,0.003780,0.091350,0.020000,62.481445,115.129849
10631,p,0.003780,0.004150,0.019200,82.799561,27.129849
10636,s,0.023128,0.004250,0.018500,22.788818,45.878351
10637,s,0.023128,0.013550,0.019200,30.314453,55.878351
10638,d,0.002385,0.029150,0.020000,37.290527,51.535393
10639,p,0.003780,0.071150,0.022000,55.683105,96.929849
10640,s,0.023128,0.004950,0.019200,22.652832,47.278351
10641,s,0.023128,0.017700,0.018500,30.543213,59.328351
10642,p,0.003780,0.047100,0.018500,50.052979,69.379849
10643,d,0.002385,0.102750,0.018500,60.503906,123.635393
10644,p,0.003780,0.004250,0.020000,34.953613,28.029849
10645,d,0.002385,0.007150,0.019200,44.173340,28.735393
10646,p,0.003780,0.046300,0.022000,62.029541,72.079849
10647,p,0.003780,0.006050,0.019200,82.225342,29.029849
10648,s,0.023128,0.004550,0.021500,23.049072,49.178351
10649,s,0.023128,0.010550,0.021500,30.730713,55.178351
10650,s,0.023128,0.017700,0.019200,37.543213,60.028351
10651,s,0.023128,0.010650,0.019200,44.314941,52.978351
10656,d,0.002385,0.012050,0.020000,23.712402,34.435393
10657,p,0.003780,0.015700,0.019200,42.603760,38.679849
10658,s,0.023128,0.043500,0.019200,51.619141,85.828351
10659,d,0.002385,0.040900,0.019200,58.678223,62.485393
10652,d,0.002385,0.006350,0.018500,11.792725,27.235393
10653,d,0.002385,0.006950,0.018500,20.441895,27.835393
10654,p,0.003780,0.121800,0.022000,40.249268,147.579849
10655,p,0.003780,0.005750,0.018500,62.334473,28.029849
10660,d,0.002385,0.005400,0.018500,14.289307,26.285393
10661,s,0.023128,0.015250,0.021500,22.417725,59.878351
10662,d,0.002385,0.041950,0.021500,30.352295,65.835393
10663,d,0.002385,0.085050,0.021500,37.980957,108.935393
10664,d,0.002385,0.006600,0.018500,24.591553,27.485393
10665,d,0.002385,0.006800,0.020000,36.833740,29.185393
10666,p,0.003780,0.044550,0.018500,60.317627,66.829849
10667,p,0.003780,0.005300,0.019200,80.534180,28.279849
10668,p,0.003780,0.005100,0.021500,34.552490,30.379849
10669,d,0.002385,0.012900,0.019200,43.757568,34.485393
10670,p,0.003780,0.097050,0.022000,61.695801,122.829849
10671,p,0.003780,0.012000,0.021500,82.057861,37.279849
10672,d,0.002385,0.005750,0.022000,9.324463,30.135393
10673,p,0.003780,0.028250,0.021500,27.574219,53.529849
10674,p,0.003780,0.071800,0.019200,48.019043,94.779849
10675,p,0.003780,0.003800,0.019200,68.615479,26.779849
10676,d,0.002385,0.005400,0.020000,23.335938,27.785393
10677,d,0.002385,0.023650,0.020000,30.963135,46.035393
10678,s,0.023128,0.036750,0.022000,37.743408,81.878351
10679,s,0.023128,0.084250,0.021500,44.397705,128.878351
10680,s,0.023128,0.004750,0.018500,7.335449,46.378351
10681,s,0.023128,0.007000,0.021500,14.584229,51.628351
10682,d,0.002385,0.116850,0.020000,21.754150,139.235393
10683,p,0.003780,0.040900,0.021500,40.137695,66.179849
10684,d,0.002385,0.004350,0.020000,9.933594,26.735393
10685,p,0.003780,0.010200,0.021500,28.189697,35.479849
10686,p,0.003780,0.082350,0.020000,48.296143,106.129849
10687,s,0.023128,0.005000,0.021500,57.632080,49.628351
10688,d,0.002385,0.007050,0.021500,23.029785,30.935393
10689,s,0.023128,0.008200,0.022000,30.379395,53.328351
10690,d,0.002385,0.058350,0.022000,37.384277,82.735393
10691,d,0.002385,0.107150,0.019200,44.370117,128.735393
10692,s,0.023128,0.008600,0.018500,23.671631,50.228351
10693,p,0.003780,0.009600,0.022000,43.630371,35.379849
10694,d,0.002385,0.074650,0.022000,53.187988,99.035393
10695,d,0.002385,0.158900,0.019200,60.238770,180.485393
10696,p,0.003780,0.004950,0.019200,36.757324,27.929849
10697,p,0.003780,0.007950,0.020000,59.070557,31.729849
10698,d,0.002385,0.045800,0.022000,69.087891,70.185393
10699,p,0.003780,0.004650,0.019200,88.251953,27.629849
10700,d,0.002385,0.006300,0.022000,9.152100,30.685393
10701,s,0.023128,0.010550,0.019200,16.564209,52.878351
10702,s,0.023128,0.023000,0.018500,23.884033,64.628351
10703,p,0.003780,0.117300,0.019200,43.914307,140.279849
10704,d,0.002385,0.004450,0.018500,23.500732,25.335393
10705,s,0.023128,0.011450,0.022000,30.977783,56.578351
10706,d,0.002385,0.021800,0.022000,37.910400,46.185393
10707,p,0.003780,0.010650,0.018500,56.407715,32.929849
10708,d,0.002385,0.004400,0.022000,23.704834,28.785393
10709,p,0.003780,0.011250,0.018500,42.486572,33.529849
10710,p,0.003780,0.059500,0.020000,62.920166,83.279849
10711,s,0.023128,0.005250,0.021500,72.079346,49.878351
10712,s,0.023128,0.016150,0.018500,20.903809,57.778351
10713,d,0.002385,0.009850,0.018500,28.768066,30.735393
10714,s,0.023128,0.092450,0.022000,35.499756,137.578351
10715,d,0.002385,0.022300,0.020000,42.465820,44.685393
10716,s,0.023128,0.007050,0.021500,9.381104,51.678351
10717,s,0.023128,0.011200,0.022000,16.263428,56.328351
10718,s,0.023128,0.059850,0.018500,23.107910,101.478351
10719,s,0.023128,0.027950,0.019200,29.747314,70.278351
10720,s,0.023128,0.005100,0.021500,7.489014,49.728351
10721,p,0.003780,0.009750,0.018500,27.112061,32.029849
10722,d,0.002385,0.020850,0.019200,36.918213,42.435393
10723,p,0.003780,0.070400,0.020000,55.115967,94.179849
10728,p,0.003780,0.004300,0.022000,20.468994,30.079849
10729,p,0.003780,0.015550,0.021500,41.215332,40.829849
10730,p,0.003780,0.071450,0.020000,61.605469,95.229849
10731,d,0.002385,0.007250,0.019200,71.062500,28.835393
10724,p,0.003780,0.004600,0.020000,20.536377,28.379849
10725,p,0.003780,0.012500,0.021500,41.164307,37.779849
10726,p,0.003780,0.019050,0.022000,61.392334,44.829849
10727,d,0.002385,0.004750,0.020000,70.622314,27.135393
10732,d,0.002385,0.004750,0.020000,23.516357,27.135393
10733,d,0.002385,0.012750,0.019200,31.379883,34.335393
10734,d,0.002385,0.033250,0.021500,38.355469,57.135393
10735,d,0.002385,0.035350,0.021500,45.356934,59.235393
10736,s,0.023128,0.005500,0.021500,23.229004,50.128351
10737,s,0.023128,0.007950,0.019200,30.904297,50.278351
10738,s,0.023128,0.061700,0.019200,37.606934,104.028351
10739,s,0.023128,0.162000,0.020000,44.293457,205.128351
10744,p,0.003780,0.010150,0.020000,21.771729,33.929849
10745,s,0.023128,0.017350,0.021500,32.101807,61.978351
10746,s,0.023128,0.025250,0.021500,39.896484,69.878351
10747,p,0.003780,0.059500,0.018500,59.324707,81.779849
10740,d,0.002385,0.004350,0.021500,23.543457,28.235393
10741,p,0.003780,0.012750,0.019200,42.613281,35.729849
10742,p,0.003780,0.067850,0.019200,64.139160,90.829849
10743,s,0.023128,0.006750,0.021500,75.374756,51.378351
10748,d,0.002385,0.004850,0.022000,23.935791,29.235393
10749,d,0.002385,0.025050,0.018500,31.479004,45.935393
10750,p,0.003780,0.086350,0.019200,49.676758,109.329849
10751,p,0.003780,0.100450,0.021500,70.022217,125.729849
10756,s,0.023128,0.006000,0.020000,9.520020,49.128351
10757,d,0.002385,0.012750,0.020000,16.641357,35.135393
10758,d,0.002385,0.056450,0.020000,23.798584,78.835393
10759,p,0.003780,0.140250,0.020000,41.962646,164.029849
10752,s,0.023128,0.005150,0.022000,22.532471,50.278351
10753,p,0.003780,0.025850,0.021500,43.217041,51.129849
10754,d,0.002385,0.026850,0.018500,53.252197,47.735393
10755,d,0.002385,0.101400,0.019200,62.181396,122.985393
10760,s,0.023128,0.004450,0.018500,9.122070,46.078351
10761,s,0.023128,0.017700,0.020000,15.943359,60.828351
10762,s,0.023128,0.041800,0.018500,22.668701,83.428351
10763,s,0.023128,0.045400,0.020000,29.410889,88.528351
10764,d,0.002385,0.004700,0.018500,23.062500,25.585393
10765,p,0.003780,0.011250,0.022000,41.910889,37.029849
10766,d,0.002385,0.071450,0.021500,51.808350,95.335393
10767,s,0.023128,0.004250,0.022000,59.301270,49.378351
10768,s,0.023128,0.005750,0.021500,23.248535,50.378351
10769,s,0.023128,0.010700,0.019200,30.807617,53.028351
10770,p,0.003780,0.024800,0.019200,49.015137,47.779849
10771,s,0.023128,0.125150,0.019200,57.950439,167.478351
10772,p,0.003780,0.006050,0.018500,35.519287,28.329849
10773,p,0.003780,0.012100,0.019200,55.969238,35.079849
10774,p,0.003780,0.091700,0.020000,76.885498,115.479849
10775,s,0.023128,0.005750,0.018500,85.971924,47.378351
10776,p,0.003780,0.011100,0.020000,31.575684,34.879849
10777,d,0.002385,0.009100,0.022000,40.983398,33.485393
10778,d,0.002385,0.110300,0.019200,48.663818,131.885393
10779,s,0.023128,0.086200,0.022000,56.069824,131.328351
10780,s,0.023128,0.004850,0.021500,22.099365,49.478351
10781,d,0.002385,0.035000,0.022000,29.737549,59.385393
10782,p,0.003780,0.018450,0.018500,47.897217,40.729849
10783,p,0.003780,0.057100,0.020000,68.311279,80.879849
10784,d,0.002385,0.005900,0.022000,23.125000,30.285393
10785,s,0.023128,0.007000,0.018500,30.454102,48.628351
10786,s,0.023128,0.011100,0.022000,37.220215,56.228351
10787,d,0.002385,0.049500,0.021500,44.165771,73.385393
10792,p,0.003780,0.005450,0.021500,35.727051,30.729849
10793,s,0.023128,0.008250,0.018500,45.889893,49.878351
10794,s,0.023128,0.079200,0.019200,53.590088,121.528351
10795,p,0.003780,0.018250,0.018500,72.838135,40.529849
10788,s,0.023128,0.005100,0.022000,24.807861,50.228351
10789,d,0.002385,0.010650,0.020000,33.406982,33.035393
10790,d,0.002385,0.035000,0.020000,40.490723,57.385393
10791,d,0.002385,0.042800,0.021500,47.587646,66.685393
10796,p,0.003780,0.005200,0.020000,20.743652,28.979849
10797,s,0.023128,0.024200,0.019200,29.925781,66.528351
10798,s,0.023128,0.096150,0.021500,36.656738,140.778351
10799,p,0.003780,0.091550,0.018500,54.977783,113.829849
10800,s,0.023128,0.004500,0.019200,23.132080,46.828351
10801,s,0.023128,0.013550,0.021500,30.658691,58.178351
10802,d,0.002385,0.051300,0.020000,37.775391,73.685393
10803,s,0.023128,0.110100,0.022000,44.838623,155.228351
10804,d,0.002385,0.010450,0.018500,23.313232,31.335393
10805,p,0.003780,0.011050,0.020000,42.465820,34.829849
10806,p,0.003780,0.081450,0.022000,62.655518,107.229849
10807,s,0.023128,0.005500,0.021500,71.808350,50.128351
10808,s,0.023128,0.005850,0.022000,8.951660,50.978351
10809,s,0.023128,0.025150,0.019200,15.890381,67.478351
10810,d,0.002385,0.121800,0.020000,22.887451,144.185393
10811,p,0.003780,0.041850,0.022000,40.998047,67.629849
10816,p,0.003780,0.004950,0.021500,35.852539,30.229849
10817,p,0.003780,0.008750,0.022000,56.423096,34.529849
10818,d,0.002385,0.027500,0.021500,65.782715,51.385393
10819,s,0.023128,0.016900,0.019200,72.557373,59.228351
10812,s,0.023128,0.006150,0.022000,19.137451,51.278351
10813,s,0.023128,0.008800,0.021500,26.615723,53.428351
10814,d,0.002385,0.019200,0.022000,34.450684,43.585393
10815,s,0.023128,0.023350,0.019200,41.958496,65.678351
10820,d,0.002385,0.004000,0.018500,23.447754,24.885393
10821,d,0.002385,0.025050,0.022000,31.141602,49.435393
10822,d,0.002385,0.041300,0.021500,38.136475,65.185393
10823,p,0.003780,0.059550,0.019200,56.296631,82.529849
10824,s,0.023128,0.005000,0.022000,23.207031,50.128351
10825,d,0.002385,0.020000,0.018500,31.078613,40.885393
10826,s,0.023128,0.026400,0.020000,37.770264,69.528351
10827,p,0.003780,0.024800,0.021500,55.992432,50.079849
10828,d,0.002385,0.005300,0.020000,21.808838,27.685393
10829,s,0.023128,0.018300,0.019200,29.223389,60.628351
10830,s,0.023128,0.109000,0.019200,36.175049,151.328351
10831,p,0.003780,0.105100,0.020000,54.268311,128.879849
10832,s,0.023128,0.014100,0.018500,15.581055,55.728351
10833,p,0.003780,0.012000,0.019200,34.926758,34.979849
10834,s,0.023128,0.050300,0.018500,44.070801,91.928351
10835,p,0.003780,0.090900,0.022000,62.308594,116.679849
10836,s,0.023128,0.004650,0.018500,25.941895,46.278351
10837,s,0.023128,0.017450,0.018500,34.066406,59.078351
10838,p,0.003780,0.054550,0.021500,52.241211,79.829849
10839,d,0.002385,0.045950,0.021500,61.635498,69.835393
10840,s,0.023128,0.004700,0.018500,22.361328,46.328351
10841,d,0.002385,0.007700,0.022000,30.065186,32.085393
10842,p,0.003780,0.047450,0.021500,48.328857,72.729849
10843,p,0.003780,0.102750,0.020000,68.324951,126.529849
10844,d,0.002385,0.005000,0.018500,12.870117,25.885393
10845,p,0.003780,0.010900,0.019200,34.540039,33.879849
10846,d,0.002385,0.070050,0.019200,44.491699,91.635393
10847,s,0.023128,0.004850,0.022000,51.552002,49.978351
10848,p,0.003780,0.004400,0.022000,35.186523,30.179849
10849,d,0.002385,0.007750,0.020000,44.475342,30.135393
10850,s,0.023128,0.039000,0.021500,51.334229,83.628351
10851,d,0.002385,0.071750,0.019200,58.435303,93.335393
10852,p,0.003780,0.006600,0.021500,35.196777,31.879849
10853,d,0.002385,0.015700,0.021500,44.512939,39.585393
10854,s,0.023128,0.020950,0.019200,51.596191,63.278351
10855,s,0.023128,0.128600,0.018500,58.409424,170.228351
10856,d,0.002385,0.005400,0.020000,23.281494,27.785393
10857,p,0.003780,0.018300,0.018500,42.421143,40.579849
10858,d,0.002385,0.057000,0.021500,52.264648,80.885393
10859,d,0.002385,0.004900,0.019200,59.974121,26.485393
10860,s,0.023128,0.004200,0.021500,22.797852,48.828351
10861,d,0.002385,0.011000,0.018500,30.689697,31.885393
10862,s,0.023128,0.027000,0.022000,37.625977,72.128351
10863,d,0.002385,0.107150,0.022000,44.679932,131.535393
10864,p,0.003780,0.004450,0.021500,35.477783,29.729849
10865,s,0.023128,0.021500,0.019200,44.644531,63.828351
10866,s,0.023128,0.150300,0.020000,51.475342,193.428351
10867,p,0.003780,0.041600,0.020000,69.646484,65.379849
10868,d,0.002385,0.005700,0.021500,23.677734,29.585393
10869,s,0.023128,0.015050,0.019200,31.051025,57.378351
10870,s,0.023128,0.107650,0.018500,37.737061,149.278351
10871,d,0.002385,0.085200,0.019200,44.670898,106.785393
10872,d,0.002385,0.004450,0.018500,23.189941,25.335393
10873,s,0.023128,0.003700,0.021500,30.579346,48.328351
10874,s,0.023128,0.047100,0.018500,37.261230,88.728351
10875,s,0.023128,0.046350,0.022000,44.117920,91.478351
10876,p,0.003780,0.005050,0.019200,35.080078,28.029849
10877,d,0.002385,0.014350,0.022000,44.302979,38.735393
10878,s,0.023128,0.036300,0.019200,51.017334,78.628351
10879,s,0.023128,0.026750,0.022000,57.699463,71.878351
10880,d,0.002385,0.004750,0.022000,22.916260,29.135393
10881,p,0.003780,0.045550,0.022000,41.750977,71.329849
10882,d,0.002385,0.044800,0.021500,51.028564,68.685393
10883,s,0.023128,0.007100,0.021500,57.803955,51.728351
10884,p,0.003780,0.005600,0.018500,25.316406,27.879849
10885,s,0.023128,0.012450,0.022000,34.790039,57.578351
10886,s,0.023128,0.028300,0.021500,41.648682,72.928351
10887,d,0.002385,0.103300,0.020000,48.713379,125.685393
10888,p,0.003780,0.005500,0.018500,37.099365,27.779849
10889,d,0.002385,0.018800,0.019200,46.463379,40.385393
10890,d,0.002385,0.064000,0.018500,53.542480,84.885393
10891,p,0.003780,0.031100,0.021500,71.471191,56.379849
10892,s,0.023128,0.008550,0.019200,23.166504,50.878351
10893,p,0.003780,0.023650,0.020000,42.147705,47.429849
10894,d,0.002385,0.064400,0.018500,51.371338,85.285393
10895,p,0.003780,0.072450,0.020000,70.017578,96.229849
10896,p,0.003780,0.004850,0.022000,35.036865,30.629849
10897,d,0.002385,0.012500,0.018500,44.333496,33.385393
10898,p,0.003780,0.064500,0.019200,62.360107,87.479849
10899,s,0.023128,0.004450,0.019200,71.410400,46.778351
10900,p,0.003780,0.004850,0.021500,35.252930,30.129849
10901,p,0.003780,0.013250,0.019200,55.381592,36.229849
10902,s,0.023128,0.096550,0.019200,64.365967,138.878351
10903,p,0.003780,0.007350,0.018500,82.611084,29.629849
10904,s,0.023128,0.004600,0.018500,10.732422,46.228351
10905,s,0.023128,0.019100,0.019200,18.093506,61.428351
10906,s,0.023128,0.024000,0.019200,25.257568,66.328351
10907,d,0.002385,0.078550,0.022000,32.641846,102.935393
10908,s,0.023128,0.005050,0.022000,10.533203,50.178351
10909,s,0.023128,0.011150,0.019200,20.157959,53.478351
10910,s,0.023128,0.009300,0.020000,26.815918,52.428351
10911,p,0.003780,0.042550,0.021500,45.303467,67.829849
10912,d,0.002385,0.006000,0.022000,23.672119,30.385393
10913,s,0.023128,0.028900,0.022000,30.938232,74.028351
10914,s,0.023128,0.031250,0.018500,37.764404,72.878351
10915,s,0.023128,0.109550,0.020000,44.693359,152.678351
10916,d,0.002385,0.004750,0.018500,22.988037,25.635393
10917,p,0.003780,0.019750,0.019200,41.825195,42.729849
10918,d,0.002385,0.118100,0.018500,51.118652,138.985393
10919,p,0.003780,0.005450,0.022000,69.226562,31.229849
10920,p,0.003780,0.006900,0.020000,22.362549,30.679849
10921,p,0.003780,0.009900,0.020000,44.767090,33.679849
10922,p,0.003780,0.024800,0.018500,65.989014,47.079849
10923,d,0.002385,0.004150,0.021500,75.687256,28.035393
10924,p,0.003780,0.004650,0.018500,34.696533,26.929849
10925,p,0.003780,0.013900,0.020000,55.164551,37.679849
10926,d,0.002385,0.056150,0.022000,64.410889,80.535393
10927,d,0.002385,0.004300,0.022000,71.422607,28.685393
10928,s,0.023128,0.004450,0.018500,23.222656,46.078351
10929,d,0.002385,0.006950,0.020000,31.113770,29.335393
10930,d,0.002385,0.095400,0.022000,38.138184,119.785393
10931,s,0.023128,0.075400,0.021500,45.015137,120.028351
10932,d,0.002385,0.005150,0.018500,24.864258,26.035393
10933,s,0.023128,0.043250,0.021500,32.722656,87.878351
10934,p,0.003780,0.027050,0.022000,51.740723,52.829849
10935,d,0.002385,0.004550,0.020000,61.299805,26.935393
10936,s,0.023128,0.005200,0.020000,23.177734,48.328351
10937,p,0.003780,0.007850,0.019200,42.378662,30.829849
10938,p,0.003780,0.081850,0.022000,62.833740,107.629849
10939,s,0.023128,0.077150,0.020000,71.958252,120.278351
10940,s,0.023128,0.004350,0.022000,11.344482,49.478351
10941,p,0.003780,0.009550,0.018500,30.979736,31.829849
10942,d,0.002385,0.054600,0.022000,40.482666,78.985393
10943,p,0.003780,0.069200,0.022000,58.600830,94.979849
10944,d,0.002385,0.006400,0.018500,23.320801,27.285393
10945,d,0.002385,0.012450,0.022000,31.026611,36.835393
10946,s,0.023128,0.066500,0.021500,37.762939,111.128351
10947,p,0.003780,0.039250,0.022000,55.790283,65.029849
10948,d,0.002385,0.003650,0.022000,23.722900,28.035393
10949,d,0.002385,0.035350,0.021500,31.721924,59.235393
10950,p,0.003780,0.100750,0.021500,50.000732,126.029849
10951,d,0.002385,0.011800,0.022000,59.386475,36.185393
10952,s,0.023128,0.007100,0.020000,9.199951,50.228351
10953,p,0.003780,0.012700,0.018500,27.328613,34.979849
10954,p,0.003780,0.099050,0.021500,48.175049,124.329849
10955,p,0.003780,0.083150,0.020000,68.722168,106.929849
10956,p,0.003780,0.004500,0.019200,34.370605,27.479849
10957,p,0.003780,0.011000,0.018500,54.995850,33.279849
10958,p,0.003780,0.093350,0.022000,75.203613,119.129849
10959,d,0.002385,0.003650,0.020000,84.592773,26.035393
10964,d,0.002385,0.005550,0.018500,23.649658,26.435393
10965,s,0.023128,0.015600,0.020000,31.148682,58.728351
10966,s,0.023128,0.024100,0.018500,37.953125,65.728351
10967,p,0.003780,0.128600,0.019200,56.181396,151.579849
10960,s,0.023128,0.003900,0.021500,23.255371,48.528351
10961,s,0.023128,0.018050,0.018500,30.851318,59.678351
10962,d,0.002385,0.089600,0.019200,38.357178,111.185393
10963,d,0.002385,0.091100,0.021500,46.188965,114.985393
10972,p,0.003780,0.004200,0.022000,22.400879,29.979849
10973,s,0.023128,0.014950,0.020000,32.017578,58.078351
10974,p,0.003780,0.026150,0.021500,50.651367,51.429849
10975,d,0.002385,0.004900,0.021500,59.966797,28.785393
10968,p,0.003780,0.004650,0.021500,35.227295,29.929849
10969,s,0.023128,0.008950,0.022000,44.228516,54.078351
10970,p,0.003780,0.117750,0.022000,64.448975,143.529849
10971,s,0.023128,0.007450,0.021500,74.715088,52.078351
10976,p,0.003780,0.004350,0.019200,35.612305,27.329849
10977,p,0.003780,0.019350,0.022000,56.209717,45.129849
10978,p,0.003780,0.078500,0.022000,76.535400,104.279849
10979,d,0.002385,0.004500,0.021500,86.680420,28.385393
10980,p,0.003780,0.004550,0.021500,23.040039,29.829849
10981,s,0.023128,0.013550,0.018500,32.026367,55.178351
10982,p,0.003780,0.026150,0.020000,49.916992,49.929849
10983,p,0.003780,0.006950,0.022000,70.029053,32.729849
10988,p,0.003780,0.004950,0.018500,35.011230,27.229849
10989,p,0.003780,0.019150,0.022000,55.347900,44.929849
10990,s,0.023128,0.093300,0.020000,64.342041,136.428351
10991,p,0.003780,0.005200,0.018500,82.300537,27.479849
10984,s,0.023128,0.005900,0.022000,22.774658,51.028351
10985,d,0.002385,0.011800,0.018500,30.674072,32.685393
10986,p,0.003780,0.086850,0.021500,48.979980,112.129849
10987,s,0.023128,0.122600,0.019200,57.858154,164.928351
10992,s,0.023128,0.003500,0.018500,8.918701,45.128351
10993,d,0.002385,0.009850,0.022000,16.927734,34.235393
10994,s,0.023128,0.102050,0.018500,24.192627,143.678351
10995,s,0.023128,0.090100,0.019200,31.289795,132.428351
11000,d,0.002385,0.004500,0.018500,23.353271,25.385393
11001,p,0.003780,0.016000,0.019200,42.169922,38.979849
11002,s,0.023128,0.084500,0.022000,51.230469,129.628351
11003,d,0.002385,0.004500,0.020000,58.676025,26.885393
10996,d,0.002385,0.004450,0.020000,22.933594,26.835393
10997,p,0.003780,0.003700,0.018500,42.095459,25.979849
10998,s,0.023128,0.029300,0.021500,51.150635,73.928351
10999,p,0.003780,0.006300,0.019200,69.648438,29.279849
11004,p,0.003780,0.005350,0.020000,20.687256,29.129849
11005,d,0.002385,0.012900,0.019200,29.979248,34.485393
11006,p,0.003780,0.008550,0.022000,47.958984,34.329849
11007,p,0.003780,0.004650,0.020000,67.974121,28.429849
11008,d,0.002385,0.004800,0.018500,23.187012,25.685393
11009,s,0.023128,0.011950,0.020000,30.652832,55.078351
11010,p,0.003780,0.035400,0.018500,48.765381,57.679849
11011,s,0.023128,0.003950,0.020000,57.837158,47.078351
11012,d,0.002385,0.005350,0.018500,23.638184,26.235393
11013,s,0.023128,0.028300,0.022000,31.099365,73.428351
11014,d,0.002385,0.129300,0.019200,38.046875,150.885393
11015,d,0.002385,0.137200,0.020000,45.027832,159.585393
11016,d,0.002385,0.004400,0.018500,23.795898,25.285393
11017,d,0.002385,0.008900,0.018500,31.553955,29.785393
11018,s,0.023128,0.062850,0.022000,38.319824,107.978351
11019,p,0.003780,0.045150,0.022000,56.478760,70.929849
11020,d,0.002385,0.004300,0.020000,20.351562,26.685393
11021,p,0.003780,0.011600,0.019200,38.851318,34.579849
11022,p,0.003780,0.072650,0.019200,59.160156,95.629849
11023,p,0.003780,0.005000,0.019200,79.428711,27.979849
11028,d,0.002385,0.004900,0.018500,23.534424,25.785393
11029,p,0.003780,0.016750,0.020000,42.394043,40.529849
11030,p,0.003780,0.066250,0.022000,62.841309,92.029849
11031,s,0.023128,0.006150,0.019200,71.818359,48.478351
11024,d,0.002385,0.006000,0.020000,22.302002,28.385393
11025,d,0.002385,0.012550,0.022000,29.858398,36.935393
11026,d,0.002385,0.024100,0.021500,36.861816,47.985393
11027,d,0.002385,0.142500,0.018500,43.875000,163.385393
11032,s,0.023128,0.004350,0.018500,23.311523,45.978351
11033,d,0.002385,0.012050,0.018500,31.134277,32.935393
11034,p,0.003780,0.043600,0.018500,49.351318,65.879849
11035,p,0.003780,0.047100,0.018500,69.725586,69.379849
11036,s,0.023128,0.005000,0.021500,9.331543,49.628351
11037,d,0.002385,0.010550,0.020000,16.424805,32.935393
11038,p,0.003780,0.016800,0.019200,34.697510,39.779849
11039,p,0.003780,0.020400,0.021500,55.309570,45.679849
11040,s,0.023128,0.004950,0.022000,23.042480,50.078351
11041,s,0.023128,0.012050,0.018500,30.619873,53.678351
11042,s,0.023128,0.086350,0.021500,38.333496,130.978351
11043,p,0.003780,0.094250,0.018500,58.244629,116.529849
11044,d,0.002385,0.006450,0.022000,23.368652,30.835393
11045,p,0.003780,0.009150,0.022000,42.289307,34.929849
11046,d,0.002385,0.074650,0.018500,51.566162,95.535393
11047,d,0.002385,0.106250,0.019200,58.579590,127.835393
11048,d,0.002385,0.008450,0.020000,25.142090,30.835393
11049,p,0.003780,0.017100,0.019200,44.124268,40.079849
11050,s,0.023128,0.017900,0.020000,52.964111,61.028351
11051,s,0.023128,0.009400,0.018500,59.572510,51.028351
11052,p,0.003780,0.005750,0.021500,35.594238,31.029849
11053,p,0.003780,0.029250,0.019200,56.344482,52.229849
11054,s,0.023128,0.103750,0.019200,65.395996,146.078351
11055,p,0.003780,0.090250,0.018500,83.625244,112.529849
11056,s,0.023128,0.007100,0.018500,23.426025,48.728351
11057,p,0.003780,0.011050,0.021500,42.408691,36.329849
11058,d,0.002385,0.023250,0.019200,52.017090,44.835393
11059,p,0.003780,0.088200,0.021500,70.164551,113.479849
11060,d,0.002385,0.004500,0.022000,10.035400,28.885393
11061,d,0.002385,0.013400,0.019200,18.344238,34.985393
11062,s,0.023128,0.096550,0.021500,26.168701,141.178351
11063,d,0.002385,0.067950,0.022000,33.540039,92.335393
11064,d,0.002385,0.006450,0.020000,10.304199,28.835393
11065,s,0.023128,0.012250,0.018500,17.999268,53.878351
11066,p,0.003780,0.028300,0.022000,38.349854,54.079849
11067,d,0.002385,0.004300,0.018500,48.517822,25.185393
11072,d,0.002385,0.005000,0.020000,23.834229,27.385393
11073,d,0.002385,0.012750,0.022000,31.680908,37.135393
11074,s,0.023128,0.026400,0.018500,38.576172,68.028351
11075,p,0.003780,0.094300,0.021500,56.747314,119.579849
11068,s,0.023128,0.006200,0.022000,23.387939,51.328351
11069,p,0.003780,0.013650,0.022000,42.484131,39.429849
11070,d,0.002385,0.057550,0.018500,51.756836,78.435393
11071,p,0.003780,0.075400,0.022000,69.714844,101.179849
11076,s,0.023128,0.005600,0.020000,9.324463,48.728351
11077,s,0.023128,0.007800,0.019200,16.042236,50.128351
11078,d,0.002385,0.091550,0.021500,23.078857,115.435393
11079,p,0.003780,0.066750,0.021500,41.242676,92.029849
11080,p,0.003780,0.004850,0.020000,31.620605,28.629849
11081,p,0.003780,0.006950,0.020000,53.825684,30.729849
11082,p,0.003780,0.036550,0.021500,74.907959,61.829849
11083,p,0.003780,0.014000,0.022000,95.463623,39.779849
11084,s,0.023128,0.005550,0.022000,22.946533,50.678351
11085,s,0.023128,0.012650,0.022000,30.465088,57.778351
11086,d,0.002385,0.041900,0.021500,37.466309,65.785393
11087,d,0.002385,0.071150,0.021500,44.591309,95.035393
11096,s,0.023128,0.004900,0.019200,23.336670,47.228351
11097,d,0.002385,0.009500,0.021500,31.208008,33.385393
11098,p,0.003780,0.084000,0.018500,49.942627,106.279849
11099,d,0.002385,0.087500,0.019200,59.250977,109.085393
11088,s,0.023128,0.005600,0.022000,18.767578,50.728351
11089,d,0.002385,0.010700,0.020000,27.319580,33.085393
11090,d,0.002385,0.011500,0.020000,35.528320,33.885393
11091,p,0.003780,0.129700,0.019200,55.262939,152.679849
11092,s,0.023128,0.005250,0.018500,23.197510,46.878351
11093,p,0.003780,0.018800,0.019200,42.063477,41.779849
11094,s,0.023128,0.036300,0.019200,50.999268,78.628351
11095,s,0.023128,0.099400,0.019200,57.707031,141.728351
11100,d,0.002385,0.006000,0.019200,9.653076,27.585393
11101,s,0.023128,0.021550,0.022000,16.520020,66.678351
11102,s,0.023128,0.071450,0.022000,23.218506,116.578351
11103,p,0.003780,0.064950,0.020000,41.206299,88.729849
11104,p,0.003780,0.005050,0.020000,21.231689,28.829849
11105,s,0.023128,0.010800,0.020000,30.836426,53.928351
11106,s,0.023128,0.056600,0.018500,37.839355,98.228351
11107,p,0.003780,0.075400,0.020000,56.599121,99.179849
11112,d,0.002385,0.005700,0.022000,23.851562,30.085393
11113,s,0.023128,0.010700,0.019200,31.364990,53.028351
11114,p,0.003780,0.098950,0.020000,49.633057,122.729849
11115,p,0.003780,0.044300,0.021500,70.119141,69.579849
11108,d,0.002385,0.012000,0.021500,23.637207,35.885393
11109,s,0.023128,0.007900,0.021500,31.407227,52.528351
11110,s,0.023128,0.082350,0.019200,38.216553,124.678351
11111,s,0.023128,0.035350,0.020000,44.949707,78.478351
11116,d,0.002385,0.004650,0.018500,24.637695,25.535393
11117,d,0.002385,0.011050,0.021500,32.547852,34.935393
11118,d,0.002385,0.027250,0.022000,39.601562,51.635393
11119,p,0.003780,0.087600,0.018500,58.204346,109.879849
11120,d,0.002385,0.005600,0.018500,23.731445,26.485393
11121,p,0.003780,0.016400,0.021500,42.756348,41.679849
11122,d,0.002385,0.034850,0.022000,52.077881,59.235393
11123,p,0.003780,0.004500,0.019200,70.030518,27.479849
11124,s,0.023128,0.005650,0.021500,30.855713,50.278351
11125,d,0.002385,0.022550,0.020000,43.334473,44.935393
11126,s,0.023128,0.038850,0.020000,50.055420,81.978351
11127,p,0.003780,0.027850,0.022000,68.312744,53.629849
11128,s,0.023128,0.004900,0.018500,6.547363,46.528351
11129,p,0.003780,0.013550,0.020000,27.024414,37.329849
11130,d,0.002385,0.020000,0.019200,37.333496,41.585393
11131,p,0.003780,0.091550,0.021500,57.384521,116.829849
11132,s,0.023128,0.005150,0.022000,22.888672,50.278351
11133,s,0.023128,0.008800,0.021500,30.647461,53.428351
11134,s,0.023128,0.046300,0.018500,37.520020,87.928351
11135,s,0.023128,0.079800,0.018500,44.239258,121.428351
11136,p,0.003780,0.004350,0.019200,21.458984,27.329849
11137,s,0.023128,0.007700,0.018500,30.704590,49.328351
11138,s,0.023128,0.109000,0.021500,37.580078,153.628351
11139,p,0.003780,0.030300,0.021500,55.928711,55.579849
11144,p,0.003780,0.006400,0.020000,25.508789,30.179849
11145,p,0.003780,0.011400,0.018500,46.164062,33.679849
11146,d,0.002385,0.036300,0.019200,55.464355,57.885393
11147,d,0.002385,0.004750,0.020000,62.991455,27.135393
11140,p,0.003780,0.004300,0.019200,34.864258,27.279849
11141,d,0.002385,0.020800,0.021500,44.141602,44.685393
11142,d,0.002385,0.025000,0.021500,51.189209,48.885393
11143,s,0.023128,0.038350,0.022000,58.080322,83.478351
11148,s,0.023128,0.005950,0.021500,9.435059,50.578351
11149,s,0.023128,0.011050,0.018500,16.115479,52.678351
11150,p,0.003780,0.086500,0.019200,34.210938,109.479849
11151,s,0.023128,0.034450,0.020000,43.118896,77.578351
11152,p,0.003780,0.012150,0.018500,36.979492,34.429849
11153,s,0.023128,0.010150,0.020000,45.956055,53.278351
11154,d,0.002385,0.101200,0.018500,52.947021,122.085393
11155,d,0.002385,0.045150,0.020000,60.415283,67.535393
11160,p,0.003780,0.005450,0.019200,19.782715,28.429849
11161,d,0.002385,0.012450,0.020000,29.766846,34.835393
11162,d,0.002385,0.017200,0.021500,37.308838,41.085393
11163,d,0.002385,0.076550,0.021500,44.635986,100.435393
11156,s,0.023128,0.004700,0.019200,22.991943,47.028351
11157,d,0.002385,0.012000,0.018500,30.913574,32.885393
11158,d,0.002385,0.057800,0.020000,38.018066,80.185393
11159,p,0.003780,0.099750,0.022000,56.129395,125.529849
11164,p,0.003780,0.010900,0.022000,20.582275,36.679849
11165,d,0.002385,0.012950,0.021500,31.361084,36.835393
11166,d,0.002385,0.059850,0.021500,38.628174,83.735393
11167,p,0.003780,0.093100,0.021500,56.625732,118.379849
11168,p,0.003780,0.005350,0.019200,35.876465,28.329849
11169,s,0.023128,0.019000,0.018500,45.976318,60.628351
11170,s,0.023128,0.021600,0.021500,53.466553,66.228351
11171,p,0.003780,0.079400,0.018500,72.884033,101.679849
11172,s,0.023128,0.008550,0.018500,7.206055,50.178351
11173,s,0.023128,0.011100,0.019200,17.388672,53.428351
11174,p,0.003780,0.116850,0.022000,35.901367,142.629849
11175,p,0.003780,0.075900,0.021500,56.884521,101.179849
11176,p,0.003780,0.006300,0.019200,34.952393,29.279849
11177,p,0.003780,0.011750,0.020000,55.154541,35.529849
11178,d,0.002385,0.099850,0.021500,64.706543,123.735393
11179,d,0.002385,0.004800,0.021500,71.817139,28.685393
11180,d,0.002385,0.004150,0.021500,22.393555,28.035393
11181,p,0.003780,0.013600,0.022000,41.096191,39.379849
11182,p,0.003780,0.026600,0.022000,61.413330,52.379849
11183,s,0.023128,0.005000,0.021500,70.428955,49.628351
11184,d,0.002385,0.009150,0.021500,11.066650,33.035393
11185,s,0.023128,0.011800,0.021500,18.151855,56.428351
11186,p,0.003780,0.111100,0.021500,37.002930,136.379849
11187,p,0.003780,0.066750,0.020000,57.560791,90.529849
11192,p,0.003780,0.004300,0.019200,22.516357,27.279849
11193,d,0.002385,0.005150,0.018500,32.776855,26.035393
11194,d,0.002385,0.064400,0.019200,40.309570,85.985393
11195,d,0.002385,0.080200,0.020000,47.653320,102.585393
11188,p,0.003780,0.004050,0.021500,35.166504,29.329849
11189,d,0.002385,0.013400,0.018500,44.452881,34.285393
11190,d,0.002385,0.066500,0.018500,51.576172,87.385393
11191,d,0.002385,0.024400,0.018500,58.771240,45.285393
11196,p,0.003780,0.006000,0.020000,20.521729,29.779849
11197,s,0.023128,0.008950,0.019200,29.637207,51.278351
11198,d,0.002385,0.044800,0.018500,36.666016,65.685393
11199,s,0.023128,0.045150,0.020000,43.386963,88.278351
11200,p,0.003780,0.005200,0.019200,34.135742,28.179849
11201,d,0.002385,0.007600,0.021500,43.443848,31.485393
11202,s,0.023128,0.017850,0.022000,50.262207,62.978351
11203,p,0.003780,0.081650,0.019200,68.248779,104.629849
11204,s,0.023128,0.004450,0.022000,23.025635,49.578351
11205,d,0.002385,0.024200,0.021500,30.910156,48.085393
11206,d,0.002385,0.022650,0.022000,38.010742,47.035393
11207,p,0.003780,0.086300,0.022000,56.526367,112.079849
11212,s,0.023128,0.005150,0.019200,23.445312,47.478351
11213,s,0.023128,0.013900,0.020000,31.230225,57.028351
11214,s,0.023128,0.114600,0.022000,38.051025,159.728351
11215,p,0.003780,0.130600,0.021500,56.377197,155.879849
11208,s,0.023128,0.005400,0.021500,23.249268,50.028351
11209,d,0.002385,0.020000,0.022000,31.104004,44.385393
11210,p,0.003780,0.071450,0.020000,50.013672,95.229849
11211,s,0.023128,0.086450,0.018500,60.306885,128.078351
11216,p,0.003780,0.004050,0.019200,35.108154,27.029849
11217,d,0.002385,0.014450,0.022000,44.426025,38.835393
11218,p,0.003780,0.024400,0.019200,62.545898,47.379849
11219,p,0.003780,0.005100,0.018500,82.749512,27.379849
11220,p,0.003780,0.004600,0.020000,34.410400,28.379849
11221,s,0.023128,0.023350,0.021500,43.644775,67.978351
11222,p,0.003780,0.076300,0.022000,61.658203,102.079849
11223,d,0.002385,0.004550,0.018500,70.956299,25.435393
11224,s,0.023128,0.006900,0.018500,22.748535,48.528351
11225,s,0.023128,0.008400,0.018500,30.367920,50.028351
11226,p,0.003780,0.086850,0.019200,48.428955,109.829849
11227,s,0.023128,0.105600,0.021500,57.546143,150.228351
11228,p,0.003780,0.004900,0.021500,35.014160,30.179849
11229,s,0.023128,0.005050,0.019200,44.135254,47.378351
11230,d,0.002385,0.044100,0.020000,51.165283,66.485393
11231,s,0.023128,0.022850,0.022000,57.952637,67.978351
11232,s,0.023128,0.012050,0.021500,20.176758,56.678351
11233,d,0.002385,0.020950,0.018500,27.926270,41.835393
11234,p,0.003780,0.014000,0.018500,46.657471,36.279849
11235,d,0.002385,0.099250,0.018500,55.983887,120.135393
11236,p,0.003780,0.006050,0.019200,35.012207,29.029849
11237,d,0.002385,0.007700,0.019200,44.429932,29.285393
11238,s,0.023128,0.054450,0.019200,51.297119,96.778351
11239,p,0.003780,0.084000,0.021500,69.248535,109.279849
11244,p,0.003780,0.009150,0.022000,35.424805,34.929849
11245,d,0.002385,0.018300,0.021500,44.843750,42.185393
11246,d,0.002385,0.045800,0.019200,51.922607,67.385393
11247,d,0.002385,0.016400,0.021500,58.964844,40.285393
11240,d,0.002385,0.007200,0.019200,23.916504,28.785393
11241,d,0.002385,0.010100,0.022000,31.668701,34.485393
11242,p,0.003780,0.079550,0.018500,49.947998,101.829849
11243,d,0.002385,0.004750,0.018500,59.178955,25.635393
11248,s,0.023128,0.005950,0.021500,9.754639,50.578351
11249,s,0.023128,0.009600,0.022000,16.992676,54.728351
11250,d,0.002385,0.067400,0.021500,24.436035,91.285393
11251,s,0.023128,0.086550,0.018500,31.608154,128.178351
11252,p,0.003780,0.006050,0.022000,21.284912,31.829849
11253,d,0.002385,0.026400,0.022000,30.559082,50.785393
11254,p,0.003780,0.081450,0.019200,49.069092,104.429849
11255,s,0.023128,0.053800,0.020000,58.169189,96.928351
11256,s,0.023128,0.006400,0.019200,23.174805,48.728351
11257,p,0.003780,0.010950,0.019200,42.345947,33.929849
11258,s,0.023128,0.082150,0.021500,51.389893,126.778351
11259,s,0.023128,0.099250,0.019200,58.371338,141.578351
11260,d,0.002385,0.004600,0.022000,23.840820,28.985393
11261,d,0.002385,0.016850,0.021500,31.580811,40.735393
11262,p,0.003780,0.017000,0.020000,49.802734,40.779849
11263,p,0.003780,0.008250,0.021500,70.203369,33.529849
11268,d,0.002385,0.004800,0.021500,23.543457,28.685393
11269,s,0.023128,0.020000,0.018500,31.053223,61.628351
11270,s,0.023128,0.056600,0.019200,37.715332,98.928351
11271,d,0.002385,0.083850,0.020000,44.712891,106.235393
11264,d,0.002385,0.004850,0.018500,23.408936,25.735393
11265,p,0.003780,0.011100,0.019200,42.353271,34.079849
11266,p,0.003780,0.024100,0.022000,62.469482,49.879849
11267,p,0.003780,0.007650,0.021500,82.631592,32.929849
11272,d,0.002385,0.005050,0.022000,23.139648,29.435393
11273,p,0.003780,0.009600,0.018500,42.001465,31.879849
11274,d,0.002385,0.093450,0.021500,51.440186,117.335393
11275,p,0.003780,0.004500,0.021500,69.353516,29.779849
11276,d,0.002385,0.004850,0.021500,23.887207,28.735393
11277,s,0.023128,0.012000,0.020000,31.361572,55.128351
11278,s,0.023128,0.041950,0.021500,38.192627,86.578351
11279,d,0.002385,0.039250,0.022000,45.288330,63.635393
11280,d,0.002385,0.005300,0.019200,23.470215,26.885393
11281,p,0.003780,0.012650,0.021500,42.224121,37.929849
11282,p,0.003780,0.098950,0.020000,62.412842,122.729849
11283,p,0.003780,0.017750,0.020000,82.633545,41.529849
11284,p,0.003780,0.007100,0.018500,20.584229,29.379849
11285,d,0.002385,0.020500,0.018500,30.004150,41.385393
11286,p,0.003780,0.033950,0.021500,48.162109,59.229849
11287,s,0.023128,0.005250,0.018500,57.208984,46.878351
11288,d,0.002385,0.006400,0.020000,23.398438,28.785393
11289,d,0.002385,0.047750,0.021500,31.250977,71.635393
11290,p,0.003780,0.070850,0.019200,49.496094,93.829849
11291,p,0.003780,0.004800,0.022000,70.068115,30.579849
11292,d,0.002385,0.005100,0.021500,23.809326,28.985393
11293,p,0.003780,0.005500,0.018500,42.791260,27.779849
11294,d,0.002385,0.067600,0.019200,52.092773,89.185393
11295,d,0.002385,0.004150,0.022000,59.135498,28.535393
11296,p,0.003780,0.004900,0.020000,18.892334,28.679849
11297,p,0.003780,0.012250,0.020000,39.153809,36.029849
11298,p,0.003780,0.061150,0.020000,59.205566,84.929849
11299,p,0.003780,0.006700,0.019200,79.375488,29.679849
11300,d,0.002385,0.006300,0.019200,23.589111,27.885393
11301,d,0.002385,0.010550,0.018500,31.454102,31.435393
11302,d,0.002385,0.040200,0.019200,38.957764,61.785393
11303,d,0.002385,0.047100,0.018500,46.058838,67.985393
11304,p,0.003780,0.010150,0.020000,17.995117,33.929849
11305,s,0.023128,0.017100,0.021500,27.365967,61.728351
11306,p,0.003780,0.025700,0.019200,45.542480,48.679849
11307,p,0.003780,0.069650,0.018500,65.773438,91.929849
11308,p,0.003780,0.004950,0.022000,35.078857,30.729849
11309,d,0.002385,0.005150,0.020000,44.514404,27.535393
11310,s,0.023128,0.022950,0.021500,51.362793,67.578351
11311,s,0.023128,0.018600,0.019200,58.148193,60.928351
11312,s,0.023128,0.004600,0.020000,7.953613,47.728351
11313,s,0.023128,0.006200,0.022000,16.127197,51.328351
11314,p,0.003780,0.012600,0.019200,38.246338,35.579849
11315,s,0.023128,0.045000,0.020000,49.343018,88.128351
11316,p,0.003780,0.005650,0.020000,34.998779,29.429849
11317,p,0.003780,0.016750,0.021500,56.933105,42.029849
11318,d,0.002385,0.054000,0.021500,66.937256,77.885393
11319,s,0.023128,0.004300,0.020000,73.981201,47.428351
11320,d,0.002385,0.005850,0.018500,23.337402,26.735393
11321,d,0.002385,0.023550,0.018500,31.118408,44.435393
11322,p,0.003780,0.024100,0.019200,49.844238,47.079849
11323,d,0.002385,0.004350,0.021500,59.135986,28.235393
11324,d,0.002385,0.004150,0.019200,14.623047,25.735393
11325,s,0.023128,0.012750,0.021500,23.277588,57.378351
11326,d,0.002385,0.092450,0.018500,30.828857,113.335393
11327,p,0.003780,0.018600,0.021500,49.569824,43.879849
11332,p,0.003780,0.004700,0.018500,35.270264,26.979849
11333,d,0.002385,0.052150,0.021500,44.651855,76.035393
11334,s,0.023128,0.095200,0.020000,51.574463,138.328351
11335,s,0.023128,0.054100,0.020000,58.314209,97.228351
11328,d,0.002385,0.004800,0.018500,14.764404,25.685393
11329,d,0.002385,0.014900,0.020000,22.018799,37.285393
11330,s,0.023128,0.081250,0.019200,28.899170,123.578351
11331,p,0.003780,0.031100,0.020000,46.997314,54.879849
11336,s,0.023128,0.004400,0.019200,23.471924,46.728351
11337,d,0.002385,0.032400,0.022000,31.441162,56.785393
11338,s,0.023128,0.035500,0.022000,38.375000,80.628351
11339,d,0.002385,0.022850,0.022000,45.350586,47.235393
11344,p,0.003780,0.005200,0.020000,35.085205,28.979849
11345,p,0.003780,0.013450,0.022000,55.231201,39.229849
11346,s,0.023128,0.013700,0.018500,64.495361,55.328351
11347,d,0.002385,0.004000,0.021500,71.531250,27.885393
11340,p,0.003780,0.004450,0.019200,35.930664,27.429849
11341,d,0.002385,0.005150,0.021500,46.913574,29.035393
11342,p,0.003780,0.135050,0.021500,67.087891,160.329849
11343,p,0.003780,0.007050,0.021500,88.091064,32.329849
11348,d,0.002385,0.004550,0.019200,19.708496,26.135393
11349,p,0.003780,0.019000,0.020000,38.035400,42.779849
11350,d,0.002385,0.018300,0.020000,47.320801,40.685393
11351,d,0.002385,0.005750,0.019200,54.436768,27.335393
11352,p,0.003780,0.004900,0.019200,35.519775,27.879849
11353,d,0.002385,0.016550,0.021500,44.809326,40.435393
11354,s,0.023128,0.022300,0.019200,51.775879,64.628351
11355,s,0.023128,0.081650,0.019200,58.649658,123.978351
11356,s,0.023128,0.004500,0.018500,23.220459,46.128351
11357,p,0.003780,0.016950,0.019200,42.282715,39.929849
11358,p,0.003780,0.039500,0.022000,62.874756,65.279849
11359,d,0.002385,0.022750,0.018500,72.247559,43.635393
11360,s,0.023128,0.005850,0.021500,14.186768,50.478351
11361,p,0.003780,0.013450,0.019200,33.202881,36.429849
11362,d,0.002385,0.036700,0.022000,42.481201,61.085393
11363,d,0.002385,0.024550,0.018500,50.074951,45.435393
11364,p,0.003780,0.008450,0.021500,35.476562,33.729849
11365,d,0.002385,0.010350,0.021500,45.343750,34.235393
11366,s,0.023128,0.074300,0.020000,52.621094,117.428351
11367,p,0.003780,0.027850,0.021500,70.848389,53.129849
11368,d,0.002385,0.004750,0.020000,10.665283,27.135393
11369,p,0.003780,0.005150,0.019200,30.400635,28.129849
11370,s,0.023128,0.017650,0.021500,39.588379,62.278351
11371,s,0.023128,0.004450,0.022000,46.299805,49.578351
11372,p,0.003780,0.005550,0.020000,37.715820,29.329849
11373,p,0.003780,0.013550,0.019200,58.459961,36.529849
11374,s,0.023128,0.046450,0.019200,67.632324,88.778351
11375,s,0.023128,0.007450,0.019200,74.404785,49.778351
11376,p,0.003780,0.005500,0.022000,35.408203,31.279849
11377,d,0.002385,0.008800,0.021500,44.841309,32.685393
11378,s,0.023128,0.020850,0.019200,51.856934,63.178351
11379,p,0.003780,0.057100,0.020000,69.859375,80.879849
11380,p,0.003780,0.004950,0.021500,21.855469,30.229849
11381,d,0.002385,0.042650,0.022000,32.520752,67.035393
11382,s,0.023128,0.099050,0.021500,40.108154,143.678351
11383,d,0.002385,0.105150,0.018500,48.033447,126.035393
11388,d,0.002385,0.005650,0.022000,14.944824,30.035393
11389,d,0.002385,0.009900,0.019200,22.182373,31.485393
11390,p,0.003780,0.095200,0.019200,40.279785,118.179849
11391,d,0.002385,0.105150,0.019200,49.727295,126.735393
11384,s,0.023128,0.007850,0.019200,23.228027,50.178351
11385,s,0.023128,0.017250,0.021500,31.173340,61.878351
11386,s,0.023128,0.110500,0.020000,38.024902,153.628351
11387,p,0.003780,0.090600,0.018500,56.308105,112.879849
11392,s,0.023128,0.005050,0.019200,11.265625,47.378351
11393,s,0.023128,0.015250,0.018500,18.354980,56.878351
11394,p,0.003780,0.079200,0.020000,37.066162,102.979849
11395,s,0.023128,0.065150,0.019200,46.390625,107.478351
11396,d,0.002385,0.004550,0.020000,23.459473,26.935393
11397,s,0.023128,0.012000,0.019200,31.009521,54.328351
11398,p,0.003780,0.086700,0.020000,49.423340,110.479849
11399,d,0.002385,0.006750,0.020000,58.773438,29.135393
11400,d,0.002385,0.006700,0.018500,23.008789,27.585393
11401,p,0.003780,0.020700,0.021500,41.730469,45.979849
11402,d,0.002385,0.093400,0.018500,51.047119,114.285393
11403,s,0.023128,0.005650,0.020000,57.906006,48.778351
11408,s,0.023128,0.006300,0.022000,8.789307,51.428351
11409,p,0.003780,0.014500,0.019200,27.044678,37.479849
11410,d,0.002385,0.035400,0.019200,36.407227,56.985393
11411,p,0.003780,0.053750,0.021500,54.627197,79.029849
11412,p,0.003780,0.006700,0.018500,27.282959,28.979849
11413,p,0.003780,0.012900,0.019200,49.190186,35.879849
11414,d,0.002385,0.018450,0.019200,59.079102,40.035393
11415,d,0.002385,0.005250,0.019200,66.474609,26.835393
11404,s,0.023128,0.004350,0.020000,23.262695,47.478351
11405,p,0.003780,0.009550,0.020000,43.112305,33.329849
11406,s,0.023128,0.098650,0.018500,52.251221,140.278351
11407,s,0.023128,0.059500,0.021500,59.077637,104.128351
11416,p,0.003780,0.007900,0.022000,35.454102,33.679849
11417,p,0.003780,0.012050,0.021500,55.878418,37.329849
11418,s,0.023128,0.026150,0.019200,65.067383,68.478351
11419,p,0.003780,0.052650,0.018500,83.052490,74.929849
11420,d,0.002385,0.006000,0.022000,23.389648,30.385393
11421,s,0.023128,0.043250,0.019200,30.903809,85.578351
11422,p,0.003780,0.013650,0.021500,49.189453,38.929849
11423,s,0.023128,0.069200,0.018500,58.339111,110.828351
11424,s,0.023128,0.005850,0.019200,23.297607,48.178351
11425,p,0.003780,0.014800,0.020000,42.500244,38.579849
11426,p,0.003780,0.012600,0.021500,62.909912,37.879849
11427,d,0.002385,0.080450,0.019200,72.185547,102.035393
11428,s,0.023128,0.021000,0.019200,23.185303,63.328351
11429,d,0.002385,0.090350,0.021500,31.251221,114.235393
11430,p,0.003780,0.076300,0.022000,49.522217,102.079849
11431,s,0.023128,0.171950,0.018500,58.651855,213.578351
11432,p,0.003780,0.004650,0.018500,35.311035,26.929849
11433,p,0.003780,0.011350,0.019200,55.758301,34.329849
11434,p,0.003780,0.034350,0.021500,76.207764,59.629849
11435,s,0.023128,0.004450,0.018500,85.255371,46.078351
11436,s,0.023128,0.005650,0.022000,22.739990,50.778351
11437,s,0.023128,0.013550,0.019200,30.218262,55.878351
11438,p,0.003780,0.020700,0.020000,49.688232,44.479849
11439,p,0.003780,0.056150,0.019200,70.151611,79.129849
11440,s,0.023128,0.005100,0.019200,10.275391,47.428351
11441,d,0.002385,0.016550,0.022000,20.171143,40.935393
11442,s,0.023128,0.060750,0.019200,27.045410,103.078351
11443,p,0.003780,0.051150,0.021500,45.149170,76.429849
11444,d,0.002385,0.006150,0.019200,9.304932,27.735393
11445,p,0.003780,0.029250,0.018500,27.571777,51.529849
11446,d,0.002385,0.016950,0.018500,36.880859,37.835393
11447,s,0.023128,0.004850,0.020000,43.620361,47.978351
11448,p,0.003780,0.005150,0.019200,19.574463,28.129849
11449,p,0.003780,0.011900,0.020000,40.225342,35.679849
11450,s,0.023128,0.045800,0.020000,49.256592,88.928351
11451,s,0.023128,0.004750,0.021500,55.951172,49.378351
11452,p,0.003780,0.005450,0.022000,33.543701,31.229849
11453,s,0.023128,0.008950,0.018500,42.498291,50.578351
11454,p,0.003780,0.025700,0.020000,60.636230,49.479849
11455,d,0.002385,0.119100,0.018500,69.834717,139.985393
11460,p,0.003780,0.005150,0.019200,34.977539,28.129849
11461,p,0.003780,0.012950,0.019200,55.136719,35.929849
11462,p,0.003780,0.021600,0.019200,75.447266,44.579849
11463,s,0.023128,0.004950,0.018500,84.869385,46.578351
11456,d,0.002385,0.005400,0.019200,9.893311,26.985393
11457,p,0.003780,0.016050,0.022000,29.795898,41.829849
11458,d,0.002385,0.029250,0.021500,40.019287,53.135393
11459,s,0.023128,0.004900,0.018500,47.250732,46.528351
11468,p,0.003780,0.004450,0.020000,20.489502,28.229849
11469,s,0.023128,0.017850,0.018500,29.647217,59.478351
11470,p,0.003780,0.025550,0.020000,47.579834,49.329849
11471,p,0.003780,0.012150,0.019200,67.738770,35.129849
11464,d,0.002385,0.004150,0.020000,23.350098,26.535393
11465,d,0.002385,0.024650,0.022000,31.146484,49.035393
11466,p,0.003780,0.026400,0.020000,49.346436,50.179849
11467,d,0.002385,0.005650,0.020000,58.922607,28.035393
11472,p,0.003780,0.006750,0.021500,22.188232,32.029849
11473,p,0.003780,0.006600,0.018500,43.811035,28.879849
11474,p,0.003780,0.018950,0.020000,64.332275,42.729849
11475,s,0.023128,0.012050,0.020000,73.377930,55.178351
11476,p,0.003780,0.004700,0.022000,34.923340,30.479849
11477,p,0.003780,0.017350,0.018500,55.580566,39.629849
11478,d,0.002385,0.071600,0.018500,65.025146,92.485393
11479,d,0.002385,0.006400,0.019200,72.032959,27.985393
11484,p,0.003780,0.005400,0.021500,20.117920,30.679849
11485,s,0.023128,0.012050,0.022000,29.859619,57.178351
11486,d,0.002385,0.031250,0.022000,37.753906,55.635393
11487,s,0.023128,0.051500,0.021500,45.334717,96.128351
11480,d,0.002385,0.005400,0.021500,24.387207,29.285393
11481,s,0.023128,0.013100,0.018500,32.254639,54.728351
11482,p,0.003780,0.093300,0.019200,50.529053,116.279849
11483,d,0.002385,0.009100,0.020000,59.811035,31.485393
11488,s,0.023128,0.013100,0.018500,17.781006,54.728351
11489,s,0.023128,0.020900,0.020000,24.989990,64.028351
11490,p,0.003780,0.088400,0.022000,43.201904,114.179849
11491,d,0.002385,0.063100,0.021500,52.719727,86.985393
11496,s,0.023128,0.009550,0.020000,9.514648,52.678351
11497,p,0.003780,0.021550,0.022000,27.675781,47.329849
11498,s,0.023128,0.130950,0.020000,36.601807,174.078351
11499,d,0.002385,0.101400,0.021500,43.579346,125.285393
11492,d,0.002385,0.008450,0.018500,23.584473,29.335393
11493,s,0.023128,0.014600,0.020000,31.162842,57.728351
11494,d,0.002385,0.050300,0.022000,38.199463,74.685393
11495,d,0.002385,0.071650,0.020000,45.180420,94.035393
11500,p,0.003780,0.005000,0.018500,27.209473,27.279849
11501,s,0.023128,0.005750,0.020000,36.274902,48.878351
11502,p,0.003780,0.025900,0.018500,54.380859,48.179849
11503,d,0.002385,0.004150,0.022000,64.109863,28.535393
11504,d,0.002385,0.004300,0.022000,23.883301,28.685393
11505,p,0.003780,0.012000,0.021500,42.701416,37.279849
11506,p,0.003780,0.015850,0.018500,62.847900,38.129849
11507,d,0.002385,0.004900,0.022000,72.327637,29.285393
11508,s,0.023128,0.004450,0.018500,22.817139,46.078351
11509,s,0.023128,0.013250,0.022000,30.482666,58.378351
11510,p,0.003780,0.019200,0.018500,49.121094,41.479849
11511,s,0.023128,0.067550,0.018500,59.149658,109.178351
11512,p,0.003780,0.004500,0.019200,20.164795,27.479849
11513,p,0.003780,0.007750,0.018500,40.469971,30.029849
11514,p,0.003780,0.061450,0.021500,60.560791,86.729849
11515,d,0.002385,0.014000,0.019200,69.875244,35.585393
11516,s,0.023128,0.004450,0.020000,23.153564,47.578351
11517,p,0.003780,0.035000,0.022000,42.220947,60.779849
11518,s,0.023128,0.061950,0.019200,51.279297,104.278351
11519,p,0.003780,0.061750,0.021500,69.281982,87.029849
11524,d,0.002385,0.004350,0.021500,9.664062,28.235393
11525,s,0.023128,0.014450,0.020000,16.441650,57.578351
11526,s,0.023128,0.043600,0.022000,23.290283,88.728351
11527,d,0.002385,0.012750,0.019200,30.321533,34.335393
11520,p,0.003780,0.008950,0.018500,18.069092,31.229849
11521,p,0.003780,0.017350,0.020000,42.185059,41.129849
11522,p,0.003780,0.016950,0.021500,65.168213,42.229849
11523,d,0.002385,0.004500,0.021500,75.458984,28.385393
11528,s,0.023128,0.005100,0.021500,24.950684,49.728351
11529,p,0.003780,0.015050,0.020000,45.011475,38.829849
11530,s,0.023128,0.091750,0.022000,53.934082,136.878351
11531,d,0.002385,0.038750,0.020000,61.079102,61.135393
11532,p,0.003780,0.008250,0.021500,25.318115,33.529849
11533,s,0.023128,0.010550,0.022000,35.481689,55.678351
11534,d,0.002385,0.013650,0.018500,43.082031,34.535393
11535,s,0.023128,0.027700,0.019200,50.140381,70.028351
11536,p,0.003780,0.016150,0.021500,35.299072,41.429849
11537,s,0.023128,0.016000,0.019200,44.420898,58.328351
11538,s,0.023128,0.030250,0.021500,51.528564,74.878351
11539,d,0.002385,0.091300,0.020000,58.933350,113.685393
11540,s,0.023128,0.004550,0.022000,23.133789,49.678351
11541,d,0.002385,0.010050,0.019200,31.116455,31.635393
11542,p,0.003780,0.062850,0.020000,49.197021,86.629849
11543,d,0.002385,0.085750,0.019200,59.058105,107.335393
11544,s,0.023128,0.004750,0.019200,9.313965,47.078351
11545,s,0.023128,0.016750,0.018500,16.058594,58.378351
11546,s,0.023128,0.012400,0.018500,22.848145,54.028351
11547,s,0.023128,0.102100,0.022000,29.553223,147.228351
11548,p,0.003780,0.006250,0.018500,34.323730,28.529849
11549,s,0.023128,0.012000,0.018500,43.475830,53.628351
11550,s,0.023128,0.025250,0.021500,50.150879,69.878351
11551,s,0.023128,0.038750,0.018500,56.833008,80.378351
11552,p,0.003780,0.005350,0.019200,35.093994,28.329849
11553,s,0.023128,0.018800,0.021500,44.263916,63.428351
11554,s,0.023128,0.011000,0.020000,50.956299,54.128351
11555,d,0.002385,0.037250,0.018500,57.962646,58.135393
11556,s,0.023128,0.004900,0.022000,8.972656,50.028351
11557,p,0.003780,0.012950,0.018500,29.123291,35.229849
11558,s,0.023128,0.071450,0.018500,39.006348,113.078351
11559,p,0.003780,0.106250,0.020000,58.177979,130.029849
11564,s,0.023128,0.004500,0.022000,19.938965,49.628351
11565,s,0.023128,0.012900,0.019200,27.174316,55.228351
11566,d,0.002385,0.039300,0.022000,34.263916,63.685393
11567,d,0.002385,0.135250,0.018500,41.275146,156.135393
11560,s,0.023128,0.005850,0.022000,7.025879,50.978351
11561,p,0.003780,0.012050,0.019200,27.240479,35.029849
11562,d,0.002385,0.074300,0.021500,37.037842,98.185393
11563,p,0.003780,0.027700,0.018500,55.194336,49.979849
11568,s,0.023128,0.007550,0.021500,10.551025,52.178351
11569,d,0.002385,0.008700,0.019200,17.603516,30.285393
11570,p,0.003780,0.066250,0.021500,35.899658,91.529849
11571,d,0.002385,0.074650,0.018500,45.122070,95.535393
11572,d,0.002385,0.006950,0.021500,23.306641,30.835393
11573,d,0.002385,0.020700,0.018500,31.072021,41.585393
11574,p,0.003780,0.067350,0.018500,49.134766,89.629849
11575,s,0.023128,0.037300,0.022000,58.243164,82.428351
11576,s,0.023128,0.009100,0.022000,22.951416,54.228351
11577,d,0.002385,0.006150,0.022000,30.982178,30.535393
11578,p,0.003780,0.019200,0.020000,49.286377,42.979849
11579,d,0.002385,0.056800,0.022000,58.596191,81.185393
11580,p,0.003780,0.004950,0.021500,25.480225,30.229849
11581,s,0.023128,0.011150,0.021500,35.469238,55.778351
11582,d,0.002385,0.089600,0.018500,43.259766,110.485393
11583,s,0.023128,0.064950,0.021500,50.965088,109.578351
11584,p,0.003780,0.004000,0.019200,22.162598,26.979849
11585,d,0.002385,0.020700,0.021500,32.674072,44.585393
11586,s,0.023128,0.082300,0.022000,40.431885,127.428351
11587,d,0.002385,0.084850,0.019200,48.167236,106.435393
11588,p,0.003780,0.005450,0.019200,31.408447,28.429849
11589,p,0.003780,0.013900,0.018500,51.654541,36.179849
11590,d,0.002385,0.033300,0.022000,61.196289,57.685393
11591,p,0.003780,0.006250,0.022000,79.215088,32.029849
11592,s,0.023128,0.005150,0.018500,23.173828,46.778351
11593,s,0.023128,0.011450,0.019200,30.708740,53.778351
11594,p,0.003780,0.066900,0.022000,48.950195,92.679849
11595,s,0.023128,0.091150,0.022000,58.070068,136.278351
11596,s,0.023128,0.004550,0.019200,9.284424,46.878351
11597,d,0.002385,0.007750,0.020000,17.742676,30.135393
11598,s,0.023128,0.059300,0.020000,24.949463,102.428351
11599,p,0.003780,0.115000,0.021500,43.322021,140.279849
11600,s,0.023128,0.005000,0.021500,24.310791,49.628351
11601,s,0.023128,0.017350,0.021500,32.232422,61.978351
11602,p,0.003780,0.035400,0.019200,50.410645,58.379849
11603,s,0.023128,0.032250,0.019200,59.515381,74.578351
11604,p,0.003780,0.005000,0.021500,20.692139,30.279849
11605,s,0.023128,0.013100,0.018500,30.822266,54.728351
11606,d,0.002385,0.048150,0.020000,38.299316,70.535393
11607,s,0.023128,0.082000,0.020000,45.501709,125.128351
11608,p,0.003780,0.005400,0.020000,35.240234,29.179849
11609,p,0.003780,0.011150,0.022000,56.029297,36.929849
11610,d,0.002385,0.027350,0.020000,65.343750,49.735393
11611,d,0.002385,0.005550,0.019200,72.418213,27.135393
11612,s,0.023128,0.005500,0.020000,22.979004,48.628351
11613,d,0.002385,0.014800,0.022000,30.757080,39.185393
11614,s,0.023128,0.067400,0.021500,37.548340,112.028351
11615,d,0.002385,0.017450,0.020000,44.524414,39.835393
11616,p,0.003780,0.005750,0.018500,20.933105,28.029849
11617,d,0.002385,0.010550,0.019200,30.263184,32.135393
11618,s,0.023128,0.019200,0.022000,37.020996,64.328351
11619,s,0.023128,0.053250,0.020000,43.702148,96.378351
11620,s,0.023128,0.004350,0.018500,15.812500,45.978351
11621,s,0.023128,0.010200,0.018500,22.669922,51.828351
11622,s,0.023128,0.105250,0.021500,29.386475,149.878351
11623,d,0.002385,0.053800,0.018500,36.379395,74.685393
11624,d,0.002385,0.007050,0.021500,13.425781,30.935393
11625,d,0.002385,0.014850,0.018500,20.988525,35.735393
11626,p,0.003780,0.071450,0.018500,39.379883,93.729849
11627,d,0.002385,0.038750,0.020000,48.617188,61.135393
11628,d,0.002385,0.004400,0.019200,23.801514,25.985393
11629,d,0.002385,0.013900,0.022000,31.596680,38.285393
11630,p,0.003780,0.027900,0.018500,49.697021,50.179849
11631,s,0.023128,0.009050,0.019200,58.613525,51.378351
11632,d,0.002385,0.005650,0.022000,23.462891,30.035393
11633,s,0.023128,0.011100,0.018500,30.909668,52.728351
11634,p,0.003780,0.020950,0.019200,49.839600,43.929849
11635,s,0.023128,0.004300,0.018500,60.439941,45.928351
11636,d,0.002385,0.005350,0.020000,23.349854,27.735393
11637,p,0.003780,0.023100,0.022000,42.194092,48.879849
11638,p,0.003780,0.064400,0.018500,62.401855,86.679849
11639,s,0.023128,0.004850,0.019200,71.423096,47.178351
11640,d,0.002385,0.004950,0.020000,23.308594,27.335393
11641,p,0.003780,0.020950,0.019200,41.988770,43.929849
11642,d,0.002385,0.048250,0.021500,51.323486,72.135393
11643,p,0.003780,0.004850,0.020000,69.376465,28.629849
11644,s,0.023128,0.004300,0.018500,10.785889,45.928351
11645,d,0.002385,0.008800,0.022000,17.790527,33.185393
11646,d,0.002385,0.053800,0.020000,24.822266,76.185393
11647,d,0.002385,0.112100,0.020000,31.852295,134.485393
11648,p,0.003780,0.007200,0.021500,35.440674,32.479849
11649,p,0.003780,0.012350,0.019200,55.720947,35.329849
11650,d,0.002385,0.031750,0.021500,66.091309,55.635393
11651,d,0.002385,0.041600,0.021500,73.367188,65.485393
11652,d,0.002385,0.004650,0.021500,8.070557,28.535393
11653,s,0.023128,0.007150,0.018500,15.643066,48.778351
11654,d,0.002385,0.026400,0.022000,23.371094,50.785393
11655,p,0.003780,0.048300,0.022000,43.154541,74.079849
11660,p,0.003780,0.005200,0.022000,34.967773,30.979849
11661,s,0.023128,0.035450,0.022000,43.997314,80.578351
11662,p,0.003780,0.128450,0.020000,62.078125,152.229849
11663,s,0.023128,0.058500,0.020000,71.005127,101.628351
11656,s,0.023128,0.004550,0.018500,22.707031,46.178351
11657,s,0.023128,0.012950,0.019200,30.336670,55.278351
11658,d,0.002385,0.100850,0.022000,37.389160,125.235393
11659,p,0.003780,0.038350,0.019200,56.062988,61.329849
11668,p,0.003780,0.004600,0.019200,21.203857,27.579849
11669,p,0.003780,0.019800,0.022000,41.549316,45.579849
11670,d,0.002385,0.054400,0.021500,50.862793,78.285393
11671,s,0.023128,0.005200,0.018500,57.609619,46.828351
11664,d,0.002385,0.005500,0.019200,16.521240,27.085393
11665,d,0.002385,0.031850,0.019200,23.823242,53.435393
11666,s,0.023128,0.031250,0.021500,34.002930,75.878351
11667,s,0.023128,0.015950,0.018500,42.576660,57.578351
11672,d,0.002385,0.004100,0.022000,9.061523,28.485393
11673,d,0.002385,0.021000,0.019200,17.498047,42.585393
11674,s,0.023128,0.015850,0.021500,24.944092,60.478351
11675,p,0.003780,0.091600,0.020000,43.911865,115.379849
11676,s,0.023128,0.004950,0.018500,27.180664,46.578351
11677,d,0.002385,0.020900,0.018500,36.057129,41.785393
11678,s,0.023128,0.082300,0.018500,42.759033,123.928351
11679,s,0.023128,0.048550,0.018500,49.424561,90.178351
11680,p,0.003780,0.005200,0.018500,26.034668,27.479849
11681,s,0.023128,0.011700,0.020000,36.948242,54.828351
11682,d,0.002385,0.081650,0.022000,44.809082,106.035393
11683,p,0.003780,0.112250,0.020000,63.769531,136.029849
11684,p,0.003780,0.006300,0.019200,39.092041,29.279849
11685,s,0.023128,0.009550,0.022000,48.540771,54.678351
11686,s,0.023128,0.043500,0.018500,55.233398,85.128351
11687,d,0.002385,0.040100,0.020000,62.227295,62.485393
11688,d,0.002385,0.005200,0.020000,23.373535,27.585393
11689,s,0.023128,0.020150,0.018500,30.864258,61.778351
11690,d,0.002385,0.026750,0.021500,38.044434,50.635393
11691,p,0.003780,0.075400,0.018500,56.285889,97.679849
11692,d,0.002385,0.004200,0.022000,23.701904,28.585393
11693,d,0.002385,0.011100,0.022000,31.447266,35.485393
11694,s,0.023128,0.091700,0.021500,38.206055,136.328351
11695,d,0.002385,0.105100,0.022000,45.414062,129.485393
11696,s,0.023128,0.004850,0.022000,23.103516,49.978351
11697,s,0.023128,0.012800,0.019200,30.543457,55.128351
11698,p,0.003780,0.062100,0.020000,48.828857,85.879849
11699,s,0.023128,0.056150,0.020000,58.130127,99.278351
11700,p,0.003780,0.007850,0.021500,21.537109,33.129849
11701,p,0.003780,0.011050,0.021500,42.576660,36.329849
11702,p,0.003780,0.031750,0.021500,63.343018,57.029849
11703,d,0.002385,0.005350,0.022000,72.643311,29.735393
11704,p,0.003780,0.008550,0.019200,20.605225,31.529849
11705,s,0.023128,0.010400,0.020000,29.695801,53.528351
11706,s,0.023128,0.071100,0.020000,36.401611,114.228351
11707,d,0.002385,0.045950,0.020000,43.412598,68.335393
11708,p,0.003780,0.012450,0.018500,21.949463,34.729849
11709,s,0.023128,0.008150,0.020000,31.644775,51.278351
11710,d,0.002385,0.083600,0.018500,39.100098,104.485393
11711,d,0.002385,0.105600,0.021500,46.500244,129.485393
11712,s,0.023128,0.012050,0.020000,22.931152,55.178351
11713,p,0.003780,0.011350,0.021500,41.989502,36.629849
11714,p,0.003780,0.043150,0.020000,62.175049,66.929849
11715,d,0.002385,0.074050,0.021500,71.467041,97.935393
11716,s,0.023128,0.005250,0.019200,8.017578,47.578351
11717,d,0.002385,0.009050,0.022000,15.973877,33.435393
11718,s,0.023128,0.096150,0.020000,23.653564,139.278351
11719,d,0.002385,0.061800,0.022000,31.270264,86.185393
11720,s,0.023128,0.004550,0.020000,23.220947,47.678351
11721,s,0.023128,0.012050,0.020000,30.937744,55.178351
11722,s,0.023128,0.026850,0.022000,37.736084,71.978351
11723,s,0.023128,0.087250,0.021500,44.636475,131.878351
11724,p,0.003780,0.013950,0.022000,20.364014,39.729849
11725,s,0.023128,0.009150,0.020000,29.408447,52.278351
11726,d,0.002385,0.056450,0.018500,36.472900,77.335393
11727,p,0.003780,0.047100,0.020000,54.658203,70.879849
11728,p,0.003780,0.005600,0.021500,30.395996,30.879849
11729,p,0.003780,0.005200,0.019200,52.532471,28.179849
11730,s,0.023128,0.018050,0.022000,62.265381,63.178351
11731,d,0.002385,0.004600,0.022000,69.716309,28.985393
11732,s,0.023128,0.007900,0.021500,9.358398,52.528351
11733,p,0.003780,0.012700,0.018500,28.605957,34.979849
11734,p,0.003780,0.097050,0.019200,49.104980,120.029849
11735,d,0.002385,0.045950,0.022000,58.533447,70.335393
11740,s,0.023128,0.009750,0.022000,22.968506,54.878351
11741,p,0.003780,0.016950,0.022000,41.894775,42.729849
11742,p,0.003780,0.020850,0.019200,62.178467,43.829849
11743,s,0.023128,0.106800,0.019200,71.159424,149.128351
11736,s,0.023128,0.004500,0.022000,23.355225,49.628351
11737,d,0.002385,0.014500,0.020000,31.333252,36.885393
11738,p,0.003780,0.023000,0.018500,49.537354,45.279849
11739,p,0.003780,0.043350,0.020000,69.845459,67.129849
11744,p,0.003780,0.005300,0.019200,27.661133,28.279849
11745,s,0.023128,0.031850,0.022000,37.659668,76.978351
11746,d,0.002385,0.095200,0.019200,45.238037,116.785393
11747,p,0.003780,0.042800,0.019200,64.183105,65.779849
11748,p,0.003780,0.006050,0.018500,35.067139,28.329849
11749,p,0.003780,0.007150,0.020000,55.355225,30.929849
11750,d,0.002385,0.092450,0.020000,64.941162,114.835393
11751,p,0.003780,0.005600,0.021500,83.037109,30.879849
11752,s,0.023128,0.005550,0.019200,25.044189,47.878351
11753,p,0.003780,0.012400,0.021500,45.380371,37.679849
11754,p,0.003780,0.013650,0.019200,65.776611,36.629849
11755,s,0.023128,0.117300,0.018500,75.310059,158.928351
11756,s,0.023128,0.005150,0.018500,23.493896,46.778351
11757,d,0.002385,0.012700,0.018500,31.409180,33.585393
11758,d,0.002385,0.018450,0.020000,38.847412,40.835393
11759,p,0.003780,0.109500,0.019200,57.097656,132.479849
11760,d,0.002385,0.004850,0.022000,22.766846,29.235393
11761,s,0.023128,0.007650,0.019200,30.221924,49.978351
11762,p,0.003780,0.054400,0.019200,48.478271,77.379849
11763,p,0.003780,0.035850,0.019200,68.623535,58.829849
11764,d,0.002385,0.006450,0.018500,9.673340,27.335393
11765,s,0.023128,0.009150,0.020000,16.510498,52.278351
11766,s,0.023128,0.093450,0.018500,23.166504,135.078351
11767,s,0.023128,0.048300,0.018500,29.993164,89.928351
11772,p,0.003780,0.010150,0.019200,33.372803,33.129849
11773,d,0.002385,0.011950,0.022000,42.650146,36.335393
11774,p,0.003780,0.038750,0.022000,60.627197,64.529849
11775,s,0.023128,0.024950,0.018500,69.959717,66.578351
11768,s,0.023128,0.004300,0.021500,22.318359,48.928351
11769,d,0.002385,0.005750,0.018500,30.463623,26.635393
11770,d,0.002385,0.071000,0.021500,37.567139,94.885393
11771,s,0.023128,0.012750,0.019200,44.305420,55.078351
11776,d,0.002385,0.003400,0.022000,23.114990,27.785393
11777,d,0.002385,0.008750,0.022000,30.797119,33.135393
11778,d,0.002385,0.057200,0.019200,37.812256,78.785393
11779,s,0.023128,0.071650,0.021500,44.562012,116.278351
11780,p,0.003780,0.004300,0.020000,21.265381,28.079849
11781,s,0.023128,0.007100,0.020000,30.402100,50.228351
11782,s,0.023128,0.059500,0.022000,37.138916,104.628351
11783,d,0.002385,0.056200,0.018500,44.175049,77.085393
11784,s,0.023128,0.004750,0.018500,21.445068,46.378351
11785,s,0.023128,0.011100,0.021500,28.795898,55.728351
11786,p,0.003780,0.025700,0.022000,47.398926,51.479849
11787,d,0.002385,0.081650,0.020000,57.102295,104.035393
11788,p,0.003780,0.004250,0.022000,35.201660,30.029849
11789,d,0.002385,0.007850,0.022000,44.712402,32.235393
11790,p,0.003780,0.135050,0.022000,62.908447,160.829849
11791,d,0.002385,0.005400,0.021500,72.329102,29.285393
11792,d,0.002385,0.005400,0.021500,9.685791,29.285393
11793,s,0.023128,0.019650,0.019200,16.682373,61.978351
11794,p,0.003780,0.038150,0.019200,34.913086,61.129849
11795,s,0.023128,0.037300,0.022000,43.955322,82.428351
11800,s,0.023128,0.003850,0.021500,22.808350,48.478351
11801,p,0.003780,0.008250,0.018500,41.873779,30.529849
11802,d,0.002385,0.054550,0.019200,51.148193,76.135393
11803,d,0.002385,0.107600,0.018500,58.087891,128.485393
11796,d,0.002385,0.006000,0.021500,23.529541,29.885393
11797,d,0.002385,0.016950,0.019200,31.262207,38.535393
11798,d,0.002385,0.021600,0.021500,38.264648,45.485393
11799,p,0.003780,0.086450,0.019200,56.529541,109.429849
11804,p,0.003780,0.003800,0.021500,34.869629,29.079849
11805,s,0.023128,0.014350,0.018500,44.015625,55.978351
11806,s,0.023128,0.019200,0.019200,50.783936,61.528351
11807,s,0.023128,0.078300,0.022000,57.751465,123.428351
11812,s,0.023128,0.005750,0.022000,8.949463,50.878351
11813,d,0.002385,0.012050,0.019200,16.007568,33.635393
11814,s,0.023128,0.048600,0.022000,23.091797,93.728351
11815,d,0.002385,0.089700,0.018500,30.107178,110.585393
11808,s,0.023128,0.004750,0.021500,23.222412,49.378351
11809,s,0.023128,0.012050,0.022000,30.910156,57.178351
11810,d,0.002385,0.064400,0.022000,37.940674,88.785393
11811,d,0.002385,0.021650,0.019200,45.024902,43.235393
11816,s,0.023128,0.008250,0.022000,22.655762,53.378351
11817,s,0.023128,0.012250,0.022000,30.260254,57.378351
11818,s,0.023128,0.010800,0.020000,37.084961,53.928351
11819,p,0.003780,0.120400,0.018500,55.666992,142.679849
11820,p,0.003780,0.012900,0.022000,20.669922,38.679849
11821,d,0.002385,0.007100,0.021500,30.045166,30.985393
11822,p,0.003780,0.086850,0.019200,48.052002,109.829849
11823,d,0.002385,0.103100,0.022000,57.243652,127.485393
11824,d,0.002385,0.004750,0.021500,18.602051,28.635393
11825,d,0.002385,0.012450,0.022000,26.360596,36.835393
11826,d,0.002385,0.017800,0.020000,34.303711,40.185393
11827,s,0.023128,0.103300,0.021500,41.854736,147.928351
11828,s,0.023128,0.004850,0.020000,22.908936,47.978351
11829,s,0.023128,0.009600,0.022000,30.578369,54.728351
11830,d,0.002385,0.071000,0.021500,37.562988,94.885393
11831,d,0.002385,0.016800,0.022000,44.623291,41.185393
11832,d,0.002385,0.005600,0.018500,9.441895,26.485393
11833,p,0.003780,0.012550,0.018500,31.368164,34.829849
11834,p,0.003780,0.058950,0.020000,53.359863,82.729849
11835,d,0.002385,0.010350,0.021500,63.071777,34.235393
11836,p,0.003780,0.005300,0.018500,18.467041,27.579849
11837,s,0.023128,0.013900,0.021500,28.996338,58.528351
11838,p,0.003780,0.021600,0.022000,52.110352,47.379849
11839,s,0.023128,0.005750,0.020000,61.986084,48.878351
11840,d,0.002385,0.005850,0.019200,23.748291,27.435393
11841,d,0.002385,0.015500,0.021500,31.476562,39.385393
11842,s,0.023128,0.011100,0.021500,38.325684,55.728351
11843,d,0.002385,0.015950,0.021500,45.449707,39.835393
11844,s,0.023128,0.005950,0.020000,9.974854,49.078351
11845,s,0.023128,0.019750,0.019200,17.653076,62.078351
11846,d,0.002385,0.064000,0.020000,25.163330,86.385393
11847,d,0.002385,0.062750,0.018500,32.703125,83.635393
11848,p,0.003780,0.005400,0.022000,18.663330,31.179849
11849,d,0.002385,0.018950,0.021500,28.576904,42.835393
11850,d,0.002385,0.043600,0.018500,36.542236,64.485393
11851,p,0.003780,0.074650,0.021500,55.767822,99.929849
11852,s,0.023128,0.009100,0.019200,21.599609,51.428351
11853,s,0.023128,0.006200,0.020000,29.039062,49.328351
11854,p,0.003780,0.029300,0.018500,47.080078,51.579849
11855,d,0.002385,0.016300,0.022000,56.323242,40.685393
11856,s,0.023128,0.004850,0.021500,23.274414,49.478351
11857,d,0.002385,0.007450,0.019200,31.465088,29.035393
11858,p,0.003780,0.066350,0.022000,51.691406,92.129849
11859,d,0.002385,0.071750,0.019200,62.395996,93.335393
11860,p,0.003780,0.004450,0.020000,35.690186,28.229849
11861,p,0.003780,0.027550,0.019200,56.250000,50.529849
11862,s,0.023128,0.019200,0.018500,65.270508,60.828351
11863,p,0.003780,0.005200,0.018500,83.335693,27.479849
11864,s,0.023128,0.007000,0.018500,24.376953,48.628351
11865,d,0.002385,0.011950,0.022000,31.420410,36.335393
11866,p,0.003780,0.070700,0.021500,49.661377,95.979849
11867,s,0.023128,0.119500,0.021500,58.857666,164.128351
11872,s,0.023128,0.004750,0.019200,10.333496,47.078351
11873,s,0.023128,0.015450,0.020000,22.571045,58.578351
11874,p,0.003780,0.029450,0.020000,41.914307,53.229849
11875,d,0.002385,0.037900,0.021500,51.696777,61.785393
11876,d,0.002385,0.005050,0.019200,15.763184,26.635393
11877,p,0.003780,0.011000,0.019200,35.726318,33.979849
11878,s,0.023128,0.060100,0.022000,44.771729,105.228351
11879,p,0.003780,0.004350,0.021500,62.830811,29.629849
11868,s,0.023128,0.004750,0.021500,22.406006,49.378351
11869,d,0.002385,0.011900,0.019200,30.157471,33.485393
11870,s,0.023128,0.084800,0.019200,37.183594,127.128351
11871,d,0.002385,0.096200,0.018500,44.326904,117.085393
11880,d,0.002385,0.004600,0.019200,9.846191,26.185393
11881,p,0.003780,0.019000,0.019200,28.072998,41.979849
11882,d,0.002385,0.088250,0.020000,37.337646,110.635393
11883,d,0.002385,0.004850,0.022000,44.859619,29.235393
11884,d,0.002385,0.004650,0.018500,16.340088,25.535393
11885,d,0.002385,0.022800,0.021500,23.462402,46.685393
11886,s,0.023128,0.050300,0.022000,30.354248,95.428351
11887,p,0.003780,0.022850,0.021500,48.614502,48.129849
11892,p,0.003780,0.005500,0.022000,35.631836,31.279849
11893,s,0.023128,0.009850,0.019200,44.767822,52.178351
11894,d,0.002385,0.028050,0.019200,51.800537,49.635393
11895,s,0.023128,0.016600,0.022000,58.633545,61.728351
11888,s,0.023128,0.005850,0.018500,23.164307,47.478351
11889,p,0.003780,0.012650,0.020000,42.436035,36.429849
11890,p,0.003780,0.019700,0.019200,64.526855,42.679849
11891,d,0.002385,0.087500,0.022000,75.043457,111.885393
11896,p,0.003780,0.004550,0.022000,35.223145,30.329849
11897,p,0.003780,0.014450,0.020000,55.612793,38.229849
11898,d,0.002385,0.107650,0.020000,64.977539,130.035393
11899,d,0.002385,0.006050,0.022000,72.051025,30.435393
11900,p,0.003780,0.005200,0.022000,35.395508,30.979849
11901,s,0.023128,0.017000,0.022000,44.424805,62.128351
11902,d,0.002385,0.030250,0.019200,51.400146,51.835393
11903,s,0.023128,0.084800,0.018500,58.103516,126.428351
11904,p,0.003780,0.005650,0.020000,28.581299,29.429849
11905,s,0.023128,0.009200,0.020000,37.970703,52.328351
11906,s,0.023128,0.024100,0.019200,44.782471,66.428351
11907,d,0.002385,0.034450,0.019200,51.818359,56.035393
11908,d,0.002385,0.004850,0.018500,8.437744,25.735393
11909,s,0.023128,0.010350,0.020000,16.471680,53.478351
11910,s,0.023128,0.028950,0.019200,24.856689,71.278351
11911,p,0.003780,0.112700,0.018500,47.618896,134.979849
11916,d,0.002385,0.004000,0.019200,9.637939,25.585393
11917,s,0.023128,0.006600,0.020000,16.491455,49.728351
11918,d,0.002385,0.057800,0.022000,23.612549,82.185393
11919,s,0.023128,0.096200,0.019200,31.304932,138.528351
11912,d,0.002385,0.005600,0.021500,23.173584,29.485393
11913,p,0.003780,0.007900,0.022000,42.039062,33.679849
11914,p,0.003780,0.081050,0.020000,62.164551,104.829849
11915,d,0.002385,0.003650,0.020000,71.386475,26.035393
11920,p,0.003780,0.004600,0.019200,34.529785,27.579849
11921,d,0.002385,0.009550,0.020000,43.814697,31.935393
11922,p,0.003780,0.038450,0.022000,61.711914,64.229849
11923,p,0.003780,0.004350,0.020000,81.963379,28.129849
11924,p,0.003780,0.013000,0.019200,34.002686,35.979849
11925,p,0.003780,0.009600,0.022000,54.537598,35.379849
11926,p,0.003780,0.050300,0.018500,75.076416,72.579849
11927,s,0.023128,0.004550,0.020000,84.115723,47.678351
11928,d,0.002385,0.003500,0.018500,10.687012,24.385393
11929,p,0.003780,0.010500,0.022000,28.894531,36.279849
11930,s,0.023128,0.059300,0.018500,37.873047,100.928351
11931,d,0.002385,0.004500,0.022000,44.888184,28.885393
11932,d,0.002385,0.005500,0.020000,19.537354,27.885393
11933,p,0.003780,0.012000,0.020000,37.918701,35.779849
11934,d,0.002385,0.114600,0.018500,47.124023,135.485393
11935,p,0.003780,0.004550,0.018500,65.203613,26.829849
11936,s,0.023128,0.005650,0.020000,23.013672,48.778351
11937,p,0.003780,0.015450,0.021500,42.095703,40.729849
11938,d,0.002385,0.028950,0.019200,51.518555,50.535393
11939,d,0.002385,0.007300,0.020000,58.697998,29.685393
11940,d,0.002385,0.003800,0.021500,7.253418,27.685393
11941,s,0.023128,0.008950,0.020000,14.762451,52.078351
11942,s,0.023128,0.031900,0.022000,22.082520,77.028351
11943,d,0.002385,0.112100,0.020000,29.534668,134.485393
