request_id,request_type,computation_delay,propagation_delay,transmission_delay,queueing_delay,total_latency
0,s,0.023128,0.005600,0.022000,20.213867,50.728351
1,d,0.002385,0.020000,0.020000,27.995605,42.385393
2,s,0.023128,0.136900,0.018500,35.311768,178.528351
3,ps,0.002840,0.059750,0.020000,54.747803,82.589786
4,p,0.003780,0.004450,0.022000,76.089844,30.229849
5,p,0.003780,0.005450,0.021500,39.060303,30.729849
6,d,0.002385,0.063600,0.021500,48.705811,87.485393
7,p,0.003780,0.031100,0.018500,67.794189,53.379849
8,d,0.002385,0.004700,0.018500,77.507568,25.585393
9,sd,0.018668,0.051250,0.021500,84.881104,91.417773
10,p,0.003780,0.053150,0.020000,19.070068,76.929849
11,d,0.002385,0.021150,0.021500,29.686279,45.035393
12,p,0.003780,0.008400,0.021500,48.956543,33.679849
13,s,0.023128,0.099350,0.018500,58.790283,140.978351
14,pp,0.002838,0.004700,0.019200,78.419434,26.738325
15,d,0.002385,0.063450,0.020000,22.773438,85.835393
16,s,0.023128,0.003800,0.019200,30.419189,46.128351
17,s,0.023128,0.067550,0.021500,37.190674,112.178351
18,ss,0.018821,0.026750,0.021500,43.941162,67.070769
19,pss,0.002833,0.096050,0.018500,62.405273,117.382709
20,d,0.002385,0.005100,0.021500,20.300781,28.985393
21,s,0.023128,0.080000,0.018500,28.929932,121.628351
22,s,0.023128,0.011250,0.020000,36.424561,54.378351
23,ps,0.002840,0.087000,0.022000,56.635254,111.839786
24,pps,0.002854,0.059550,0.022000,78.215332,84.404053
30,p,0.003780,0.040350,0.021500,35.578613,65.629849
31,p,0.003780,0.005150,0.019200,56.326416,28.129849
32,d,0.002385,0.052600,0.020000,65.728027,74.985393
33,dd,0.002426,0.087000,0.020000,73.373291,109.425915
34,ddd,0.002493,0.094100,0.021500,80.666992,118.093417
25,s,0.023128,0.033950,0.022000,11.495605,79.078351
26,d,0.002385,0.022800,0.021500,19.272705,46.685393
27,d,0.002385,0.090250,0.020000,27.086182,112.635393
28,sd,0.018668,0.014900,0.019200,34.654785,52.767773
29,s,0.023128,0.094100,0.020000,42.141602,137.228351
35,s,0.023128,0.017350,0.020000,10.422119,60.478351
36,d,0.002385,0.057800,0.020000,17.583740,80.185393
37,s,0.023128,0.040200,0.020000,24.353271,83.328351
38,d,0.002385,0.004900,0.018500,31.366943,25.785393
39,s,0.023128,0.061100,0.018500,38.371094,102.728351
40,s,0.023128,0.073500,0.020000,6.659668,116.628351
41,d,0.002385,0.062500,0.018500,14.168213,83.385393
42,s,0.023128,0.100050,0.021500,21.114746,144.678351
43,p,0.003780,0.006000,0.022000,39.648193,31.779849
44,d,0.002385,0.005850,0.018500,49.172363,26.735393
50,d,0.002385,0.020200,0.022000,21.822754,44.585393
51,p,0.003780,0.059050,0.020000,41.033936,82.829849
52,s,0.023128,0.004700,0.019200,50.352295,47.028351
53,p,0.003780,0.061150,0.019200,69.844971,84.129849
54,sp,0.018754,0.064850,0.021500,79.738770,105.103690
45,d,0.002385,0.007250,0.022000,21.461914,31.635393
46,dd,0.002426,0.004300,0.021500,29.258545,28.225915
47,p,0.003780,0.119500,0.020000,48.092773,143.279849
48,s,0.023128,0.006650,0.019200,57.431396,48.978351
49,dp,0.002464,0.032200,0.021500,64.862305,56.164344
55,d,0.002385,0.011650,0.021500,18.412598,35.535393
56,p,0.003780,0.013000,0.020000,38.148438,36.779849
57,dp,0.002464,0.008950,0.021500,47.824463,32.914344
58,d,0.002385,0.061800,0.021500,55.105469,85.685393
59,d,0.002385,0.009300,0.021500,62.165283,33.185393
60,p,0.003780,0.061900,0.018500,32.450684,84.179849
61,p,0.003780,0.014050,0.020000,53.091553,37.829849
62,d,0.002385,0.006000,0.018500,62.671875,26.885393
63,pd,0.002977,0.006700,0.018500,81.285645,28.177001
64,dp,0.002464,0.005050,0.018500,90.800537,26.014344
65,d,0.002385,0.073700,0.021500,7.200195,97.585393
66,s,0.023128,0.056700,0.018500,14.589844,98.328351
67,ps,0.002840,0.097900,0.020000,33.203613,120.739786
68,dps,0.002445,0.067450,0.021500,43.156738,91.394936
69,p,0.003780,0.100750,0.019200,62.574219,123.729849
75,p,0.003780,0.049500,0.021500,18.159668,74.779849
76,d,0.002385,0.069050,0.021500,28.190918,92.935393
77,p,0.003780,0.005350,0.019200,46.972412,28.329849
78,s,0.023128,0.057000,0.019200,57.620361,99.328351
79,ss,0.018821,0.059500,0.020000,65.233154,98.320769
70,d,0.002385,0.005100,0.021500,19.664795,28.985393
71,sd,0.018668,0.003400,0.020000,27.420410,42.067773
72,p,0.003780,0.064950,0.022000,47.785156,90.729849
73,p,0.003780,0.006300,0.019200,71.712402,29.279849
74,p,0.003780,0.014600,0.021500,95.642090,39.879849
85,p,0.003780,0.083800,0.021500,22.792969,109.079849
86,d,0.002385,0.006200,0.019200,32.208740,27.785393
87,s,0.023128,0.010150,0.018500,39.311035,51.778351
88,s,0.023128,0.015300,0.022000,46.224121,60.428351
89,sp,0.018754,0.088200,0.020000,53.287598,126.953690
80,s,0.023128,0.056850,0.020000,6.317871,99.978351
81,d,0.002385,0.007800,0.021500,13.742676,31.685393
82,s,0.023128,0.046150,0.020000,21.165283,89.278351
83,pd,0.002977,0.011450,0.018500,41.327881,32.927001
84,ss,0.018821,0.061050,0.022000,51.422119,101.870769
90,p,0.003780,0.069900,0.018500,30.879883,92.179849
91,s,0.023128,0.137200,0.022000,40.065918,182.328351
92,pp,0.002838,0.070400,0.019200,58.705566,92.438325
93,ds,0.002343,0.056200,0.022000,68.054199,80.542513
94,s,0.023128,0.014900,0.018500,74.834229,56.528351
95,s,0.023128,0.026600,0.019200,6.460205,68.928351
96,ss,0.018821,0.026400,0.018500,13.415283,63.720769
97,d,0.002385,0.085950,0.020000,20.724365,108.335393
98,p,0.003780,0.025100,0.019200,39.302490,48.079849
99,pss,0.002833,0.086700,0.021500,60.670166,111.032709
100,p,0.003780,0.027400,0.021500,18.480225,52.679849
101,p,0.003780,0.004900,0.018500,41.746094,27.179849
102,sp,0.018754,0.090100,0.018500,51.883789,127.353690
103,p,0.003780,0.054650,0.021500,71.363525,79.929849
104,ps,0.002840,0.095150,0.019200,92.304443,117.189786
105,s,0.023128,0.032250,0.022000,6.531250,77.378351
106,s,0.023128,0.135050,0.020000,13.553223,178.178351
107,s,0.023128,0.089650,0.022000,20.578857,134.778351
108,ps,0.002840,0.026850,0.019200,39.062744,48.889786
109,ds,0.002343,0.063250,0.022000,48.315918,87.592513
110,s,0.023128,0.074650,0.019200,6.404297,116.978351
111,p,0.003780,0.083100,0.020000,26.174072,106.879849
112,pp,0.002838,0.141900,0.022000,46.710693,166.738325
113,dpp,0.002514,0.072000,0.022000,56.045166,96.514416
114,s,0.023128,0.020600,0.020000,62.744629,63.728351
115,p,0.003780,0.057450,0.022000,29.548584,83.229849
116,d,0.002385,0.037100,0.022000,38.937012,61.485393
117,d,0.002385,0.091650,0.020000,45.882324,114.035393
118,dd,0.002426,0.081650,0.020000,52.842773,104.075915
119,s,0.023128,0.007850,0.021500,60.053955,52.478351
120,s,0.023128,0.005150,0.021500,20.337646,49.778351
121,ps,0.002840,0.003650,0.018500,39.768799,24.989786
122,s,0.023128,0.016950,0.021500,48.849609,61.578351
123,d,0.002385,0.071150,0.021500,55.897949,95.035393
124,sd,0.018668,0.017450,0.018500,62.644775,54.617773
125,p,0.003780,0.012050,0.022000,34.753906,37.829849
126,p,0.003780,0.006500,0.019200,56.268066,29.479849
127,d,0.002385,0.138300,0.018500,66.272705,159.185393
128,p,0.003780,0.012300,0.019200,85.628418,35.279849
129,dd,0.002426,0.039650,0.022000,95.861084,64.075915
130,d,0.002385,0.004500,0.019200,12.742676,26.085393
131,s,0.023128,0.080400,0.020000,20.314697,123.528351
132,p,0.003780,0.025500,0.019200,39.507080,48.479849
133,ds,0.002343,0.072050,0.020000,49.994873,94.392513
134,s,0.023128,0.029550,0.021500,57.165039,74.178351
140,s,0.023128,0.127850,0.021500,6.335938,172.478351
141,d,0.002385,0.020650,0.018500,13.439209,41.535393
142,p,0.003780,0.123550,0.019200,32.312988,146.529849
143,pd,0.002977,0.010400,0.020000,53.858643,33.377001
144,pp,0.002838,0.033150,0.018500,75.072510,54.488325
135,p,0.003780,0.024200,0.022000,18.373779,49.979849
136,s,0.023128,0.069150,0.021500,27.864258,113.778351
137,dp,0.002464,0.035450,0.020000,35.203613,57.914344
138,p,0.003780,0.040350,0.018500,53.815186,62.629849
139,dp,0.002464,0.053450,0.018500,63.443604,74.414344
145,d,0.002385,0.009200,0.019200,6.677002,30.785393
146,d,0.002385,0.003650,0.021500,14.201904,27.535393
147,p,0.003780,0.134700,0.020000,32.874512,158.479849
148,d,0.002385,0.043650,0.019200,42.522461,65.235393
149,p,0.003780,0.014800,0.020000,61.133301,38.579849
150,p,0.003780,0.006950,0.022000,30.836670,32.729849
151,d,0.002385,0.005400,0.020000,41.185791,27.785393
152,p,0.003780,0.093350,0.018500,60.953613,115.629849
153,p,0.003780,0.012900,0.021500,82.040527,38.179849
154,p,0.003780,0.009550,0.018500,103.407715,31.829849
160,p,0.003780,0.088900,0.021500,36.613525,114.179849
161,d,0.002385,0.004050,0.022000,46.189453,28.435393
162,p,0.003780,0.111100,0.021500,64.850342,136.379849
163,p,0.003780,0.006200,0.020000,85.674561,29.979849
164,s,0.023128,0.004350,0.019200,95.062012,46.678351
155,s,0.023128,0.064200,0.019200,22.920654,106.528351
156,p,0.003780,0.007900,0.021500,42.993408,33.179849
157,d,0.002385,0.018650,0.021500,52.528076,42.535393
158,pp,0.002838,0.006900,0.021500,71.656738,31.238325
159,ps,0.002840,0.080250,0.022000,92.546875,105.089786
165,p,0.003780,0.037350,0.021500,21.115723,62.629849
166,p,0.003780,0.004800,0.021500,42.857666,30.079849
167,p,0.003780,0.083800,0.021500,64.254395,109.079849
168,d,0.002385,0.078350,0.020000,73.974609,100.735393
169,pp,0.002838,0.085950,0.019200,92.907471,107.988325
170,p,0.003780,0.004950,0.022000,20.016846,30.729849
171,dp,0.002464,0.004750,0.022000,29.734375,29.214344
172,s,0.023128,0.056550,0.019200,36.762207,98.878351
173,ds,0.002343,0.040700,0.021500,43.980469,64.542513
174,sd,0.018668,0.029550,0.022000,50.971680,70.217773
175,d,0.002385,0.021250,0.022000,19.295654,45.635393
176,s,0.023128,0.074100,0.020000,28.018555,117.228351
177,pd,0.002977,0.091600,0.020000,48.389160,114.577001
178,d,0.002385,0.015450,0.019200,58.284424,37.035393
179,s,0.023128,0.006000,0.021500,65.610107,50.628351
185,p,0.003780,0.117150,0.020000,25.902832,140.929849
186,s,0.023128,0.071500,0.019200,36.687500,113.828351
187,d,0.002385,0.009600,0.020000,44.677734,31.985393
188,d,0.002385,0.032150,0.021500,52.608887,56.035393
189,dd,0.002426,0.007000,0.019200,59.897949,28.625915
180,p,0.003780,0.011450,0.019200,18.085449,34.429849
181,d,0.002385,0.013850,0.021500,27.670410,37.735393
182,p,0.003780,0.006350,0.021500,46.163574,31.629849
183,s,0.023128,0.083900,0.019200,55.488525,126.228351
184,dp,0.002464,0.004100,0.021500,62.567383,28.064344
190,d,0.002385,0.105700,0.018500,6.902100,126.585393
191,d,0.002385,0.006200,0.019200,14.248047,27.785393
192,s,0.023128,0.029250,0.019200,21.257568,71.578351
193,d,0.002385,0.003800,0.018500,28.385010,24.685393
194,pd,0.002977,0.064950,0.022000,46.895020,89.927001
195,d,0.002385,0.019750,0.022000,6.886963,44.135393
196,s,0.023128,0.072850,0.021500,14.050049,117.478351
197,d,0.002385,0.051000,0.018500,21.241211,71.885393
198,d,0.002385,0.018300,0.021500,28.334717,42.185393
199,dd,0.002426,0.008050,0.021500,35.965820,31.975915
205,d,0.002385,0.025050,0.020000,23.602295,47.435393
206,p,0.003780,0.074000,0.019200,43.356445,96.979849
207,sp,0.018754,0.057250,0.021500,52.842773,97.503690
208,dd,0.002426,0.012500,0.022000,59.945557,36.925915
209,dsp,0.002685,0.054200,0.020000,67.364746,76.884513
200,p,0.003780,0.003650,0.019200,35.335693,26.629849
201,p,0.003780,0.084000,0.022000,55.862305,109.779849
202,p,0.003780,0.013850,0.022000,76.642578,39.629849
203,sp,0.018754,0.031100,0.018500,86.292236,68.353690
204,s,0.023128,0.150300,0.020000,93.232422,193.428351
210,ss,0.018821,0.039300,0.020000,23.213135,78.120769
211,ps,0.002840,0.077550,0.022000,47.329834,102.389786
212,d,0.002385,0.051850,0.019200,56.901123,73.435393
213,pps,0.002854,0.111100,0.019200,75.397705,133.154053
214,p,0.003780,0.057750,0.020000,96.317871,81.529849
215,p,0.003780,0.014350,0.022000,24.876221,40.129849
216,p,0.003780,0.016850,0.020000,46.466553,40.629849
217,pp,0.002838,0.007750,0.019200,67.403320,29.788325
218,d,0.002385,0.082300,0.019200,77.227295,103.885393
219,pd,0.002977,0.097050,0.020000,96.280029,120.027001
225,d,0.002385,0.036650,0.018500,7.080566,57.535393
226,p,0.003780,0.130600,0.022000,26.642822,156.379849
227,d,0.002385,0.008000,0.021500,36.275391,31.885393
228,d,0.002385,0.010150,0.018500,43.507324,31.035393
229,pd,0.002977,0.004850,0.022000,62.514160,29.827001
230,d,0.002385,0.027950,0.018500,6.935303,48.835393
231,p,0.003780,0.015050,0.020000,25.838135,38.829849
232,dd,0.002426,0.070850,0.021500,35.686035,94.775915
233,pdd,0.003045,0.122000,0.022000,54.188965,147.044804
234,d,0.002385,0.062650,0.021500,63.622070,86.535393
220,d,0.002385,0.005150,0.022000,23.105225,29.535393
221,p,0.003780,0.038150,0.022000,42.782715,63.929849
222,p,0.003780,0.029450,0.021500,64.109131,54.729849
223,d,0.002385,0.064800,0.019200,73.498779,86.385393
224,pd,0.002977,0.059550,0.022000,93.210449,84.527001
240,s,0.023128,0.004550,0.018500,6.847656,46.178351
241,ss,0.018821,0.006050,0.020000,14.657959,44.870769
242,s,0.023128,0.014350,0.021500,22.275391,58.978351
243,s,0.023128,0.115750,0.020000,30.076660,158.878351
244,d,0.002385,0.039500,0.018500,37.985352,60.385393
235,p,0.003780,0.097200,0.019200,29.602539,120.179849
236,p,0.003780,0.070850,0.020000,50.126709,94.629849
237,dp,0.002464,0.021700,0.022000,59.561523,46.164344
238,p,0.003780,0.056650,0.018500,78.725342,78.929849
239,dp,0.002464,0.123600,0.021500,88.292236,147.564344
245,d,0.002385,0.055900,0.020000,7.397217,78.285393
246,s,0.023128,0.019150,0.018500,15.293701,60.778351
247,pd,0.002977,0.071650,0.021500,36.478027,96.127001
248,spd,0.018317,0.102900,0.019200,46.589600,140.417325
249,dspd,0.002710,0.123550,0.020000,54.087402,146.259954
250,d,0.002385,0.013400,0.020000,6.724121,35.785393
251,p,0.003780,0.086500,0.019200,25.329834,109.479849
252,p,0.003780,0.009400,0.019200,46.841064,32.379849
253,pp,0.002838,0.061250,0.021500,67.995850,85.588325
254,d,0.002385,0.051250,0.021500,77.590332,75.135393
255,s,0.023128,0.080450,0.020000,6.574707,123.578351
256,s,0.023128,0.023250,0.020000,13.592285,66.378351
257,s,0.023128,0.086200,0.020000,20.516357,129.328351
258,d,0.002385,0.011100,0.018500,27.405029,31.985393
259,pd,0.002977,0.012550,0.020000,46.900635,35.527001
260,p,0.003780,0.084650,0.020000,18.503662,108.429849
261,d,0.002385,0.019750,0.019200,28.105225,41.335393
262,d,0.002385,0.076550,0.019200,35.364746,98.135393
263,d,0.002385,0.004600,0.018500,42.520752,25.485393
264,sd,0.018668,0.009450,0.022000,49.362305,50.117773
265,d,0.002385,0.066450,0.021500,9.372314,90.335393
266,p,0.003780,0.061750,0.019200,30.186279,84.729849
267,s,0.023128,0.014050,0.018500,40.365479,55.678351
268,dd,0.002426,0.073550,0.018500,47.844971,94.475915
269,ps,0.002840,0.020350,0.019200,67.522461,42.389786
270,s,0.023128,0.014150,0.019200,15.605957,56.478351
271,ss,0.018821,0.014550,0.020000,22.590088,53.370769
272,d,0.002385,0.125000,0.019200,29.834473,146.585393
273,s,0.023128,0.086750,0.019200,37.085449,129.078351
274,p,0.003780,0.136350,0.019200,55.895020,159.329849
275,s,0.023128,0.070250,0.020000,8.902832,113.378351
276,p,0.003780,0.012100,0.020000,30.876953,35.879849
277,ps,0.002840,0.018750,0.022000,51.974854,43.589786
278,dp,0.002464,0.006800,0.021500,62.327148,30.764344
279,d,0.002385,0.091550,0.021500,69.967041,115.435393
280,p,0.003780,0.054950,0.021500,18.478760,80.229849
281,pp,0.002838,0.045950,0.018500,39.287598,67.288325
282,s,0.023128,0.085950,0.021500,48.563232,130.578351
283,d,0.002385,0.063700,0.020000,55.708984,86.085393
284,ds,0.002343,0.054650,0.021500,63.141846,78.492513
285,d,0.002385,0.028700,0.021500,8.936768,52.585393
286,p,0.003780,0.005550,0.021500,27.892090,30.829849
287,p,0.003780,0.073250,0.021500,49.112061,98.529849
288,p,0.003780,0.075150,0.021500,69.642578,100.429849
289,d,0.002385,0.040900,0.018500,79.086182,61.785393
290,s,0.023128,0.066100,0.020000,22.495117,109.228351
291,d,0.002385,0.109850,0.019200,30.197998,131.435393
292,d,0.002385,0.029550,0.019200,37.359131,51.135393
293,pd,0.002977,0.018250,0.021500,56.253174,42.727001
294,spd,0.018317,0.127700,0.018500,65.933594,164.517325
300,d,0.002385,0.011800,0.019200,6.840820,33.385393
301,sd,0.018668,0.004350,0.020000,13.822021,43.017773
302,dsd,0.002613,0.004750,0.022000,21.093018,29.362551
303,pdsd,0.002929,0.010250,0.021500,40.152588,34.678927
304,d,0.002385,0.043250,0.022000,50.013916,67.635393
295,p,0.003780,0.101200,0.022000,18.904785,126.979849
296,sp,0.018754,0.061950,0.022000,28.457764,102.703690
297,d,0.002385,0.013850,0.018500,35.931396,34.735393
298,pd,0.002977,0.041850,0.022000,54.856201,66.827001
299,s,0.023128,0.006650,0.018500,63.935059,48.278351
305,d,0.002385,0.014350,0.021500,8.490479,38.235393
306,p,0.003780,0.088200,0.019200,27.561768,111.179849
307,d,0.002385,0.063450,0.021500,37.352295,87.335393
308,pp,0.002838,0.158900,0.018500,56.169434,180.238325
309,p,0.003780,0.004750,0.018500,77.005371,27.029849
310,d,0.002385,0.007800,0.022000,6.806641,32.185393
311,dd,0.002426,0.020100,0.022000,14.134766,44.525915
312,p,0.003780,0.039800,0.021500,32.763184,65.079849
313,sd,0.018668,0.007000,0.020000,41.835449,45.667773
314,pp,0.002838,0.100050,0.020000,60.226807,122.888325
315,p,0.003780,0.067950,0.021500,18.656494,93.229849
316,s,0.023128,0.006000,0.018500,29.115479,47.628351
317,s,0.023128,0.106800,0.018500,36.626709,148.428351
318,dp,0.002464,0.055550,0.018500,44.343750,76.514344
319,d,0.002385,0.008800,0.022000,51.930176,33.185393
325,d,0.002385,0.006600,0.019200,6.865479,28.185393
326,p,0.003780,0.006700,0.022000,25.944092,32.479849
327,p,0.003780,0.012000,0.021500,46.984619,37.279849
328,p,0.003780,0.004800,0.021500,67.827393,30.079849
329,s,0.023128,0.113600,0.020000,77.534180,156.728351
330,s,0.023128,0.006500,0.020000,9.634277,49.628351
331,p,0.003780,0.094050,0.022000,29.759033,119.829849
332,p,0.003780,0.006100,0.021500,53.033203,31.379849
333,s,0.023128,0.004450,0.020000,64.119385,47.578351
334,sp,0.018754,0.016050,0.019200,71.953125,54.003690
335,s,0.023128,0.004500,0.019200,6.809326,46.828351
336,p,0.003780,0.056550,0.022000,26.990723,82.329849
337,d,0.002385,0.035500,0.018500,38.328857,56.385393
338,ds,0.002343,0.004900,0.021500,46.870117,28.742513
339,pd,0.002977,0.004050,0.022000,68.220459,29.027001
320,p,0.003780,0.045000,0.019200,18.547852,67.979849
321,s,0.023128,0.010900,0.021500,28.241943,55.528351
322,p,0.003780,0.015700,0.020000,48.156006,39.479849
323,sp,0.018754,0.018750,0.022000,57.881348,59.503690
324,p,0.003780,0.063550,0.021500,76.822266,88.829849
345,s,0.023128,0.013900,0.018500,6.603516,55.528351
346,p,0.003780,0.005750,0.022000,25.710205,31.529849
347,sp,0.018754,0.005750,0.022000,35.485840,46.503690
348,psp,0.002926,0.008400,0.021500,54.273926,32.825658
349,d,0.002385,0.064400,0.022000,64.008545,88.785393
350,d,0.002385,0.071450,0.022000,7.613525,95.835393
351,s,0.023128,0.096500,0.019200,15.406250,138.828351
352,s,0.023128,0.069450,0.018500,23.125000,111.078351
353,sd,0.018668,0.091300,0.019200,30.857422,129.167773
354,ds,0.002343,0.045400,0.019200,38.704346,66.942513
340,s,0.023128,0.006900,0.021500,12.134766,51.528351
341,ss,0.018821,0.004700,0.022000,19.813477,45.520769
342,d,0.002385,0.072400,0.021500,27.692627,96.285393
343,p,0.003780,0.012400,0.020000,47.134277,36.179849
344,p,0.003780,0.005000,0.021500,68.923828,30.279849
355,d,0.002385,0.005450,0.018500,7.181152,26.335393
356,pd,0.002977,0.006400,0.021500,27.407715,30.877001
357,d,0.002385,0.065150,0.018500,37.280029,86.035393
358,s,0.023128,0.072600,0.021500,44.306152,117.228351
359,p,0.003780,0.019200,0.019200,62.788086,42.179849
360,p,0.003780,0.102050,0.019200,18.634766,125.029849
361,p,0.003780,0.027950,0.021500,39.594238,53.229849
362,d,0.002385,0.100800,0.019200,49.042969,122.385393
363,p,0.003780,0.004450,0.018500,67.364990,26.729849
364,dp,0.002464,0.007050,0.018500,76.667969,28.014344
370,d,0.002385,0.109500,0.019200,8.191895,131.085393
371,sd,0.018668,0.036200,0.021500,15.468018,76.367773
372,d,0.002385,0.004500,0.019200,22.672363,26.085393
373,psd,0.003139,0.040200,0.019200,41.636719,62.538792
374,s,0.023128,0.029150,0.022000,51.019043,74.278351
365,s,0.023128,0.019950,0.021500,6.565674,64.578351
366,s,0.023128,0.060400,0.018500,13.931641,102.028351
367,s,0.023128,0.017400,0.020000,21.433105,60.528351
368,p,0.003780,0.006000,0.021500,40.489502,31.279849
369,sp,0.018754,0.016750,0.021500,50.017578,57.003690
375,p,0.003780,0.086850,0.018500,35.848877,109.129849
376,s,0.023128,0.040350,0.018500,45.241455,81.978351
377,s,0.023128,0.065050,0.018500,52.223877,106.678351
378,d,0.002385,0.029600,0.018500,59.197510,50.485393
379,pp,0.002838,0.019000,0.019200,77.795166,41.038325
380,p,0.003780,0.067400,0.020000,18.856689,91.179849
381,sp,0.018754,0.086150,0.020000,28.366943,124.903690
382,ssp,0.018787,0.047400,0.022000,35.313477,88.187195
383,pssp,0.002921,0.099800,0.020000,54.628418,122.721367
385,p,0.003780,0.004700,0.022000,20.588867,30.479849
386,s,0.023128,0.012500,0.020000,30.882812,55.628351
387,p,0.003780,0.052000,0.020000,50.508057,75.779849
388,s,0.023128,0.076300,0.021500,59.998535,120.928351
389,pp,0.002838,0.072850,0.022000,79.128174,97.688325
395,p,0.003780,0.004150,0.022000,18.125732,29.929849
396,p,0.003780,0.125150,0.021500,39.389404,150.429849
397,dp,0.002464,0.037150,0.022000,49.126953,61.614344
398,pdp,0.002932,0.092400,0.022000,68.066162,117.331683
399,s,0.023128,0.027500,0.018500,77.440186,69.128351
390,p,0.003780,0.006050,0.018500,18.700928,28.329849
391,s,0.023128,0.012100,0.022000,28.113037,57.228351
392,p,0.003780,0.082700,0.020000,46.790771,106.479849
393,sp,0.018754,0.110900,0.022000,56.343506,151.653690
394,ps,0.002840,0.018700,0.022000,74.888184,43.539786
400,p,0.003780,0.040900,0.018500,18.228516,63.179849
401,s,0.023128,0.009050,0.022000,27.710693,54.178351
402,p,0.003780,0.010500,0.019200,46.818604,33.479849
403,dp,0.002464,0.099850,0.020000,56.350586,122.314344
404,s,0.023128,0.057900,0.018500,63.256348,99.528351
410,s,0.023128,0.034600,0.019200,6.420410,76.928351
411,s,0.023128,0.093850,0.019200,13.378662,136.178351
412,ss,0.018821,0.094900,0.020000,20.404297,133.720769
413,p,0.003780,0.085200,0.022000,39.184082,110.979849
414,d,0.002385,0.013500,0.021500,48.894043,37.385393
415,p,0.003780,0.066750,0.020000,17.909180,90.529849
416,p,0.003780,0.017400,0.021500,38.710449,42.679849
417,dp,0.002464,0.027700,0.022000,48.293213,52.164344
418,d,0.002385,0.101200,0.020000,55.827148,123.585393
419,p,0.003780,0.097200,0.022000,74.781738,122.979849
405,p,0.003780,0.079800,0.022000,31.308838,105.579849
406,s,0.023128,0.082650,0.018500,41.791992,124.278351
407,ps,0.002840,0.079850,0.019200,61.792969,101.889786
408,s,0.023128,0.010300,0.022000,71.760498,55.428351
409,ds,0.002343,0.011000,0.018500,79.526367,31.842513
420,p,0.003780,0.062200,0.021500,34.400635,87.479849
421,pp,0.002838,0.065050,0.019200,55.953613,87.088325
422,dpp,0.002514,0.091400,0.022000,66.347900,115.914416
423,d,0.002385,0.010400,0.021500,74.066406,34.285393
424,p,0.003780,0.086100,0.022000,93.820801,111.879849
425,d,0.002385,0.016050,0.019200,23.658691,37.635393
426,d,0.002385,0.086100,0.020000,31.470947,108.485393
427,dd,0.002426,0.017500,0.018500,38.921143,38.425915
428,ddd,0.002493,0.017500,0.018500,46.191895,38.493417
429,s,0.023128,0.007250,0.022000,53.231934,52.378351
430,p,0.003780,0.059850,0.022000,35.099854,85.629849
431,p,0.003780,0.050000,0.018500,56.187256,72.279849
432,pp,0.002838,0.070400,0.022000,77.368896,95.238325
433,s,0.023128,0.012400,0.018500,86.928223,54.028351
434,p,0.003780,0.041900,0.019200,105.464600,64.879849
435,s,0.023128,0.073400,0.022000,6.625732,118.528351
436,p,0.003780,0.003700,0.018500,26.639893,25.979849
437,p,0.003780,0.010050,0.018500,48.082031,32.329849
438,d,0.002385,0.099750,0.019200,57.647949,121.335393
439,s,0.023128,0.091100,0.020000,64.720947,134.228351
445,d,0.002385,0.065600,0.020000,23.149658,87.985393
446,dd,0.002426,0.105150,0.019200,31.348389,126.775915
447,s,0.023128,0.004400,0.019200,38.436523,46.728351
448,ps,0.002840,0.003650,0.021500,57.531738,27.989786
449,p,0.003780,0.034400,0.020000,78.686279,58.179849
450,d,0.002385,0.028000,0.021500,23.386963,51.885393
451,s,0.023128,0.005700,0.019200,31.294189,48.028351
452,pd,0.002977,0.018950,0.018500,52.127197,40.427001
453,p,0.003780,0.078500,0.018500,74.277588,100.779849
454,pp,0.002838,0.061150,0.020000,95.660645,83.988325
440,s,0.023128,0.076050,0.020000,6.403076,119.178351
441,p,0.003780,0.023500,0.021500,25.640381,48.779849
442,s,0.023128,0.072850,0.022000,34.868408,117.978351
443,p,0.003780,0.012900,0.022000,53.574219,38.679849
444,ps,0.002840,0.040100,0.022000,74.313965,64.939786
460,s,0.023128,0.027950,0.021500,12.103027,72.578351
461,s,0.023128,0.015850,0.020000,19.250488,58.978351
462,s,0.023128,0.013850,0.021500,26.066650,58.478351
463,s,0.023128,0.005250,0.020000,33.031250,48.378351
464,ss,0.018821,0.041300,0.022000,39.934326,82.120769
455,d,0.002385,0.083300,0.019200,6.907227,104.885393
456,s,0.023128,0.066200,0.019200,14.068848,108.528351
457,s,0.023128,0.093400,0.019200,20.964355,135.728351
458,d,0.002385,0.018950,0.020000,28.514160,41.335393
459,ss,0.018821,0.114850,0.020000,35.913330,153.670769
470,p,0.003780,0.012250,0.020000,36.168213,36.029849
471,d,0.002385,0.074100,0.018500,46.012451,94.985393
472,s,0.023128,0.071400,0.021500,53.041748,116.028351
473,p,0.003780,0.125500,0.021500,71.694580,150.779849
474,ss,0.018821,0.106250,0.019200,81.247314,144.270769
475,p,0.003780,0.004750,0.020000,33.868408,28.529849
476,p,0.003780,0.008350,0.020000,54.802002,32.129849
477,sp,0.018754,0.019750,0.019200,64.042969,57.703690
478,ssp,0.018787,0.027300,0.018500,70.991455,64.587195
479,p,0.003780,0.077150,0.020000,89.767090,100.929849
465,d,0.002385,0.086500,0.021500,18.878662,110.385393
466,s,0.023128,0.079300,0.018500,27.523193,120.928351
467,pd,0.002977,0.059200,0.019200,46.019775,81.377001
468,s,0.023128,0.064150,0.021500,55.075439,108.778351
469,spd,0.018317,0.034250,0.021500,61.857910,74.067325
480,p,0.003780,0.005850,0.019200,19.796875,28.829849
481,pp,0.002838,0.004300,0.022000,42.184082,29.138325
482,p,0.003780,0.031750,0.019200,63.939209,54.729849
483,dp,0.002464,0.024800,0.022000,73.566162,49.264344
484,s,0.023128,0.075300,0.018500,80.474365,116.928351
490,p,0.003780,0.005150,0.020000,18.701172,28.929849
491,p,0.003780,0.005100,0.021500,40.726562,30.379849
492,s,0.023128,0.048950,0.019200,50.100830,91.278351
493,d,0.002385,0.034950,0.021500,57.492920,58.835393
494,d,0.002385,0.054750,0.022000,64.810059,79.135393
485,d,0.002385,0.011950,0.020000,6.839600,34.335393
486,pd,0.002977,0.016500,0.020000,25.570801,39.477001
487,p,0.003780,0.007400,0.022000,46.787842,33.179849
488,sp,0.018754,0.011800,0.020000,56.614746,50.553690
489,s,0.023128,0.059750,0.018500,63.697021,101.378351
495,p,0.003780,0.008650,0.020000,19.443848,32.429849
496,s,0.023128,0.048200,0.019200,28.977295,90.528351
497,ps,0.002840,0.077000,0.022000,47.373535,101.839786
498,p,0.003780,0.011750,0.020000,68.197754,35.529849
499,pps,0.002854,0.087000,0.022000,90.008789,111.854053
500,p,0.003780,0.004800,0.018500,28.333008,27.079849
501,s,0.023128,0.097900,0.018500,37.599365,139.528351
502,d,0.002385,0.064900,0.020000,44.981934,87.285393
503,ds,0.002343,0.056150,0.020000,52.156494,78.492513
504,p,0.003780,0.020950,0.018500,70.952881,43.229849
505,p,0.003780,0.058950,0.019200,33.850098,81.929849
506,dp,0.002464,0.064500,0.021500,43.476807,88.464344
507,ddp,0.002502,0.027900,0.022000,50.852539,52.401712
508,p,0.003780,0.020350,0.022000,69.961670,46.129849
509,s,0.023128,0.009600,0.019200,79.265381,51.928351
510,p,0.003780,0.004900,0.022000,34.523926,30.679849
511,s,0.023128,0.020000,0.021500,43.871826,64.628351
512,d,0.002385,0.119700,0.020000,50.953857,142.085393
513,p,0.003780,0.005150,0.021500,69.802979,30.429849
514,sd,0.018668,0.009400,0.020000,79.514404,48.067773
520,d,0.002385,0.076950,0.022000,6.633789,101.335393
521,s,0.023128,0.009550,0.020000,13.570801,52.678351
522,s,0.023128,0.007250,0.021500,20.297607,51.878351
523,p,0.003780,0.054600,0.018500,38.642090,76.879849
524,pp,0.002838,0.029450,0.018500,59.968506,50.788325
525,p,0.003780,0.004850,0.021500,18.204834,30.129849
526,p,0.003780,0.061850,0.020000,39.246826,85.629849
527,p,0.003780,0.027750,0.022000,60.184814,53.529849
528,pp,0.002838,0.117500,0.021500,80.978027,141.838325
529,s,0.023128,0.010000,0.019200,90.153809,52.328351
515,s,0.023128,0.014300,0.020000,6.514893,57.428351
516,p,0.003780,0.030300,0.021500,25.768555,55.579849
517,d,0.002385,0.050650,0.021500,35.568115,74.535393
518,d,0.002385,0.095400,0.022000,42.852783,119.785393
519,pp,0.002838,0.049350,0.019200,61.357666,71.388325
535,d,0.002385,0.064650,0.019200,18.841553,86.235393
536,dd,0.002426,0.061300,0.019200,26.261963,82.925915
537,s,0.023128,0.021000,0.019200,32.912842,63.328351
538,s,0.023128,0.051150,0.019200,39.550293,93.478351
539,pdd,0.003045,0.075150,0.018500,57.980469,96.694804
540,p,0.003780,0.004550,0.021500,18.534180,29.829849
541,s,0.023128,0.017850,0.018500,27.769531,59.478351
542,ds,0.002343,0.071800,0.018500,34.846191,92.642513
543,s,0.023128,0.011100,0.020000,41.709717,54.228351
544,pds,0.003022,0.072050,0.019200,60.398193,94.271933
530,p,0.003780,0.005550,0.022000,18.262695,31.329849
531,d,0.002385,0.063100,0.019200,27.733643,84.685393
532,p,0.003780,0.031350,0.018500,45.832275,53.629849
533,pd,0.002977,0.048200,0.020000,66.207275,71.177001
534,dp,0.002464,0.065700,0.022000,75.519531,90.164344
545,d,0.002385,0.094100,0.019200,19.465576,115.685393
546,s,0.023128,0.105950,0.021500,26.627441,150.578351
547,s,0.023128,0.004200,0.018500,33.628906,45.828351
548,pd,0.002977,0.062850,0.018500,52.193604,84.327001
549,ds,0.002343,0.144400,0.022000,62.984619,168.742513
550,s,0.023128,0.007250,0.020000,6.356445,50.378351
551,s,0.023128,0.095900,0.018500,13.270020,137.528351
552,ss,0.018821,0.087000,0.022000,20.843994,127.820769
553,pss,0.002833,0.078050,0.019200,40.142578,100.082709
554,p,0.003780,0.012100,0.018500,61.355957,34.379849
555,s,0.023128,0.065800,0.022000,6.592285,110.928351
556,ss,0.018821,0.064600,0.019200,13.627197,102.620769
557,sss,0.019288,0.067000,0.018500,20.375244,104.788093
558,ssss,0.018888,0.108350,0.019200,27.048096,146.438175
565,p,0.003780,0.062800,0.019200,18.771484,85.779849
566,p,0.003780,0.010550,0.020000,40.138184,34.329849
567,p,0.003780,0.090600,0.019200,60.946289,113.579849
568,s,0.023128,0.005200,0.018500,70.373291,46.828351
569,sp,0.018754,0.063350,0.018500,77.193115,100.603690
560,s,0.023128,0.011700,0.018500,6.812012,53.328351
561,ss,0.018821,0.015650,0.020000,14.598633,54.470769
562,s,0.023128,0.071850,0.021500,22.451172,116.478351
563,d,0.002385,0.043500,0.020000,31.675049,65.885393
564,pd,0.002977,0.069000,0.021500,52.908447,93.477001
575,p,0.003780,0.023100,0.019200,21.551025,46.079849
576,d,0.002385,0.004750,0.021500,30.958496,28.635393
577,p,0.003780,0.071800,0.020000,49.368896,95.579849
578,p,0.003780,0.033400,0.020000,69.976318,57.179849
579,d,0.002385,0.059600,0.020000,79.565186,81.985393
580,s,0.023128,0.094100,0.021500,8.180420,138.728351
581,d,0.002385,0.044000,0.019200,17.486084,65.585393
582,ps,0.002840,0.068800,0.019200,35.892822,90.839786
583,d,0.002385,0.013400,0.019200,45.138672,34.985393
584,dps,0.002445,0.067950,0.021500,52.217285,91.894936
570,d,0.002385,0.081900,0.021500,23.795898,105.785393
571,p,0.003780,0.004650,0.022000,45.574707,30.429849
572,s,0.023128,0.016000,0.018500,55.701416,57.628351
573,sd,0.018668,0.053800,0.019200,63.099121,91.667773
574,p,0.003780,0.004950,0.020000,82.167236,28.729849
585,p,0.003780,0.066150,0.022000,18.272949,91.929849
586,p,0.003780,0.099750,0.019200,39.759033,122.729849
587,pp,0.002838,0.058900,0.020000,62.150635,81.738325
588,p,0.003780,0.004950,0.019200,83.496582,27.929849
589,d,0.002385,0.011000,0.018500,93.396973,31.885393
590,p,0.003780,0.089000,0.020000,18.277588,112.779849
591,pp,0.002838,0.083800,0.020000,38.844482,106.638325
592,p,0.003780,0.059500,0.021500,59.975830,84.779849
593,s,0.023128,0.004850,0.022000,69.916260,49.978351
594,d,0.002385,0.007650,0.021500,77.786133,31.535393
600,s,0.023128,0.087450,0.021500,23.244385,132.078351
601,p,0.003780,0.020000,0.019200,42.365967,42.979849
602,d,0.002385,0.093500,0.021500,51.604492,117.385393
603,d,0.002385,0.004300,0.022000,59.160156,28.685393
604,pp,0.002838,0.035000,0.018500,77.474854,56.338325
605,p,0.003780,0.044000,0.018500,28.354980,66.279849
606,sp,0.018754,0.010000,0.021500,38.545166,50.253690
607,d,0.002385,0.052000,0.020000,46.427490,74.385393
608,sd,0.018668,0.057250,0.018500,53.843018,94.417773
609,s,0.023128,0.118100,0.022000,61.095947,163.228351
610,p,0.003780,0.005800,0.021500,21.044434,31.079849
611,p,0.003780,0.018050,0.022000,42.326416,43.829849
612,p,0.003780,0.070700,0.020000,63.752441,94.479849
613,s,0.023128,0.005200,0.019200,73.092773,47.528351
614,dp,0.002464,0.028550,0.018500,80.346924,49.514344
595,d,0.002385,0.088200,0.022000,7.213623,112.585393
596,dd,0.002426,0.091300,0.019200,15.059570,112.925915
597,p,0.003780,0.006150,0.019200,34.446289,29.129849
598,pdd,0.003045,0.125150,0.020000,55.750000,148.194804
599,p,0.003780,0.072600,0.021500,76.565186,97.879849
615,d,0.002385,0.007900,0.019200,21.680664,29.485393
616,p,0.003780,0.011600,0.022000,40.939941,37.379849
617,d,0.002385,0.143100,0.019200,50.549805,164.685393
618,pp,0.002838,0.010150,0.021500,70.194580,34.488325
619,pp,0.002838,0.010800,0.021500,91.368896,35.138325
620,p,0.003780,0.010950,0.020000,19.096436,34.729849
621,d,0.002385,0.045150,0.021500,29.153564,69.035393
622,d,0.002385,0.062500,0.021500,36.647949,86.385393
623,p,0.003780,0.009200,0.018500,56.101562,31.479849
624,pp,0.002838,0.015250,0.022000,77.185547,40.088325
625,d,0.002385,0.117350,0.018500,7.264160,138.235393
626,s,0.023128,0.072600,0.022000,14.344727,117.728351
627,sd,0.018668,0.075900,0.021500,21.541260,116.067773
628,ds,0.002343,0.075100,0.022000,28.710938,99.442513
629,d,0.002385,0.016350,0.022000,35.881592,40.735393
630,p,0.003780,0.082150,0.018500,19.521484,104.429849
631,s,0.023128,0.004300,0.022000,28.992676,49.428351
632,d,0.002385,0.074850,0.022000,36.253906,99.235393
633,d,0.002385,0.093950,0.021500,43.336914,117.835393
634,ps,0.002840,0.007350,0.022000,61.929199,32.189786
635,d,0.002385,0.025900,0.022000,8.624268,50.285393
636,pd,0.002977,0.061450,0.022000,28.111572,86.427001
637,s,0.023128,0.028700,0.020000,39.142578,71.828351
638,ds,0.002343,0.069650,0.021500,46.622803,93.492513
639,s,0.023128,0.089300,0.020000,53.832275,132.428351
640,s,0.023128,0.004950,0.018500,6.510254,46.578351
641,ds,0.002343,0.005000,0.021500,14.146240,28.842513
642,d,0.002385,0.019050,0.022000,21.629150,43.435393
643,p,0.003780,0.015500,0.018500,41.347412,37.779849
644,s,0.023128,0.048200,0.019200,51.768555,90.528351
645,d,0.002385,0.082100,0.020000,7.037109,104.485393
646,p,0.003780,0.079550,0.020000,26.254639,103.329849
647,s,0.023128,0.039250,0.020000,35.759277,82.378351
648,s,0.023128,0.012650,0.019200,43.227051,54.978351
649,s,0.023128,0.005550,0.022000,50.316895,50.678351
655,d,0.002385,0.068800,0.018500,6.756104,89.685393
656,d,0.002385,0.007250,0.018500,14.143555,28.135393
657,s,0.023128,0.034550,0.019200,21.175537,76.878351
658,ps,0.002840,0.057550,0.022000,41.515381,82.389786
659,p,0.003780,0.006750,0.020000,62.941406,30.529849
650,s,0.023128,0.045950,0.021500,23.123047,90.578351
651,d,0.002385,0.007900,0.018500,31.108643,28.785393
652,d,0.002385,0.081450,0.020000,38.233398,103.835393
653,sd,0.018668,0.040200,0.021500,45.293945,80.367773
654,ps,0.002840,0.041850,0.020000,64.186523,64.689786
660,d,0.002385,0.068100,0.020000,6.668457,90.485393
661,p,0.003780,0.005500,0.019200,26.299072,28.479849
662,dp,0.002464,0.004100,0.019200,36.527100,25.764344
663,pd,0.002977,0.052250,0.021500,55.754883,76.727001
664,d,0.002385,0.013850,0.019200,65.498779,35.435393
665,s,0.023128,0.004300,0.021500,6.636963,48.928351
666,d,0.002385,0.006200,0.019200,14.396240,27.785393
667,s,0.023128,0.031650,0.022000,22.097168,76.778351
668,ss,0.018821,0.078700,0.018500,30.077148,116.020769
669,ds,0.002343,0.003900,0.020000,38.757812,26.242513
670,d,0.002385,0.063600,0.022000,26.326660,87.985393
671,p,0.003780,0.004800,0.019200,46.265625,27.779849
672,pd,0.002977,0.073150,0.022000,67.143555,98.127001
673,d,0.002385,0.009550,0.022000,76.501953,33.935393
674,d,0.002385,0.006500,0.020000,83.442139,28.885393
675,d,0.002385,0.087000,0.021500,23.428955,110.885393
676,d,0.002385,0.005150,0.022000,31.158936,29.535393
677,p,0.003780,0.021000,0.021500,49.760986,46.279849
678,d,0.002385,0.095150,0.018500,58.992188,116.035393
679,sd,0.018668,0.067750,0.020000,66.045410,106.417773
680,p,0.003780,0.032250,0.020000,18.011475,56.029849
681,d,0.002385,0.067950,0.022000,27.473389,92.335393
682,s,0.023128,0.059300,0.018500,34.318115,100.928351
683,s,0.023128,0.005150,0.018500,41.393311,46.778351
684,s,0.023128,0.008100,0.019200,48.362549,50.428351
685,d,0.002385,0.029400,0.021500,6.593994,53.285393
686,p,0.003780,0.022950,0.018500,25.877441,45.229849
687,s,0.023128,0.010150,0.018500,35.270508,51.778351
688,dd,0.002426,0.122600,0.022000,42.501709,147.025915
689,ddd,0.002493,0.060250,0.021500,49.783203,84.243417
695,d,0.002385,0.036750,0.020000,6.722656,59.135393
696,d,0.002385,0.012150,0.021500,14.048828,36.035393
697,p,0.003780,0.014300,0.021500,33.371338,39.579849
698,dp,0.002464,0.005600,0.019200,42.982178,27.264344
699,d,0.002385,0.065750,0.021500,50.204102,89.635393
690,p,0.003780,0.016950,0.021500,18.065186,42.229849
691,d,0.002385,0.004750,0.021500,27.725586,28.635393
692,s,0.023128,0.023000,0.021500,34.870361,67.628351
693,sd,0.018668,0.011800,0.019200,41.975098,49.667773
694,ds,0.002343,0.071850,0.019200,49.083008,93.392513
705,s,0.023128,0.024700,0.022000,7.196777,69.828351
706,s,0.023128,0.013550,0.019200,14.782471,55.878351
707,d,0.002385,0.034850,0.021500,22.476318,58.735393
708,sd,0.018668,0.045650,0.019200,29.908203,83.517773
709,ssd,0.018735,0.125500,0.020000,37.073486,164.234503
700,ss,0.018821,0.107000,0.020000,7.282227,145.820769
701,d,0.002385,0.004850,0.018500,14.534180,25.735393
702,p,0.003780,0.094100,0.020000,33.344727,117.879849
703,sp,0.018754,0.111600,0.018500,42.565674,148.853690
704,s,0.023128,0.051400,0.018500,49.376953,93.028351
715,s,0.023128,0.059150,0.020000,21.815186,102.278351
716,d,0.002385,0.089650,0.018500,29.665771,110.535393
717,ps,0.002840,0.075050,0.020000,48.076172,97.889786
718,sps,0.018360,0.074650,0.022000,57.271240,115.010251
719,p,0.003780,0.049050,0.020000,75.741943,72.829849
710,p,0.003780,0.046300,0.018500,35.188721,68.579849
711,p,0.003780,0.039650,0.018500,56.145508,61.929849
712,s,0.023128,0.070800,0.020000,65.623535,113.928351
713,pp,0.002838,0.048600,0.021500,84.243164,72.938325
714,dp,0.002464,0.012750,0.018500,93.793945,33.714344
725,d,0.002385,0.128600,0.020000,6.790527,150.985393
726,p,0.003780,0.024250,0.018500,26.148682,46.529849
727,d,0.002385,0.004650,0.021500,36.645996,28.535393
728,pd,0.002977,0.004550,0.021500,56.127686,29.027001
729,sp,0.018754,0.004100,0.019200,65.974365,42.053690
720,s,0.023128,0.004900,0.022000,7.065674,50.028351
721,p,0.003780,0.043650,0.021500,26.154297,68.929849
722,ss,0.018821,0.003800,0.021500,35.697021,44.120769
723,d,0.002385,0.012450,0.020000,43.110352,34.835393
724,d,0.002385,0.094200,0.019200,50.430176,115.785393
730,p,0.003780,0.016500,0.022000,18.125977,42.279849
731,s,0.023128,0.039350,0.019200,27.418457,81.678351
732,d,0.002385,0.066750,0.018500,34.731445,87.635393
733,pp,0.002838,0.006600,0.021500,53.414062,30.938325
734,dd,0.002426,0.068400,0.020000,62.871094,90.825915
735,d,0.002385,0.009550,0.020000,15.330322,31.935393
736,s,0.023128,0.070200,0.019200,22.524902,112.528351
737,p,0.003780,0.020700,0.018500,41.842285,42.979849
738,p,0.003780,0.004250,0.021500,63.409424,29.529849
739,ds,0.002343,0.051450,0.022000,73.146240,75.792513
745,d,0.002385,0.101200,0.019200,13.133545,122.785393
746,p,0.003780,0.069900,0.021500,32.975098,95.179849
747,pp,0.002838,0.059750,0.018500,54.470215,81.088325
748,s,0.023128,0.004300,0.022000,63.811035,49.428351
749,ps,0.002840,0.005300,0.021500,82.576660,29.639786
740,s,0.023128,0.017800,0.018500,6.885010,59.428351
741,s,0.023128,0.034600,0.022000,14.057373,79.728351
742,ss,0.018821,0.018950,0.018500,21.258789,56.270769
743,s,0.023128,0.051900,0.021500,28.479004,96.528351
744,pss,0.002833,0.051500,0.020000,47.396973,74.332709
750,d,0.002385,0.009100,0.020000,7.444092,31.485393
751,s,0.023128,0.013000,0.019200,14.517578,55.328351
752,d,0.002385,0.055450,0.020000,22.073730,77.835393
753,s,0.023128,0.083650,0.019200,29.164062,125.978351
754,ps,0.002840,0.010450,0.019200,48.132568,32.489786
755,d,0.002385,0.066100,0.018500,9.760010,86.985393
756,p,0.003780,0.066000,0.020000,28.268555,89.779849
757,p,0.003780,0.011500,0.021500,48.898193,36.779849
758,pp,0.002838,0.018300,0.020000,69.815918,41.138325
759,d,0.002385,0.006650,0.019200,79.371094,28.235393
760,d,0.002385,0.023350,0.022000,23.617432,47.735393
761,s,0.023128,0.004850,0.022000,31.186279,49.978351
762,ss,0.018821,0.005000,0.019200,38.263428,43.020769
763,s,0.023128,0.068600,0.020000,45.111572,111.728351
764,pss,0.002833,0.004650,0.019200,64.172363,26.682709
770,p,0.003780,0.012050,0.020000,34.128906,35.829849
771,d,0.002385,0.010650,0.020000,43.664795,33.035393
772,s,0.023128,0.075150,0.018500,50.695068,116.778351
773,s,0.023128,0.004750,0.021500,58.444092,49.378351
774,p,0.003780,0.016400,0.018500,78.049072,38.679849
765,d,0.002385,0.119500,0.018500,12.769531,140.385393
766,pd,0.002977,0.056400,0.021500,36.573486,80.877001
767,p,0.003780,0.011900,0.022000,57.556641,37.679849
768,s,0.023128,0.004450,0.022000,67.074707,49.578351
769,dp,0.002464,0.011050,0.021500,74.602051,35.014344
775,d,0.002385,0.025250,0.020000,6.744141,47.635393
776,d,0.002385,0.005050,0.018500,14.398193,25.935393
777,pd,0.002977,0.004750,0.021500,33.327637,29.227001
778,sp,0.018754,0.005250,0.018500,43.000000,42.503690
779,p,0.003780,0.088250,0.019200,61.553467,111.229849
780,p,0.003780,0.059500,0.020000,33.352051,83.279849
781,s,0.023128,0.052150,0.022000,42.897217,97.278351
782,d,0.002385,0.058500,0.019200,50.188477,80.085393
783,d,0.002385,0.004350,0.022000,57.436035,28.735393
784,ss,0.018821,0.059200,0.021500,64.616211,99.520769
785,d,0.002385,0.068600,0.022000,23.279297,92.985393
786,d,0.002385,0.090650,0.021500,31.563477,114.535393
787,d,0.002385,0.086300,0.020000,39.403320,108.685393
788,s,0.023128,0.011750,0.018500,47.077881,53.378351
789,sd,0.018668,0.083850,0.020000,54.739990,122.517773
790,s,0.023128,0.095550,0.020000,13.040527,138.678351
791,d,0.002385,0.004550,0.020000,21.886230,26.935393
792,sd,0.018668,0.003850,0.020000,28.844727,42.517773
793,d,0.002385,0.051400,0.022000,35.967041,75.785393
794,ps,0.002840,0.015450,0.019200,54.766602,37.489786
800,s,0.023128,0.007600,0.020000,6.546631,50.728351
801,ss,0.018821,0.064900,0.018500,13.687500,102.220769
802,p,0.003780,0.052000,0.019200,32.309326,74.979849
803,sp,0.018754,0.076950,0.021500,41.372070,117.203690
804,d,0.002385,0.022900,0.020000,48.334229,45.285393
805,d,0.002385,0.061800,0.019200,10.148682,83.385393
806,d,0.002385,0.004750,0.018500,18.809814,25.635393
807,sd,0.018668,0.005700,0.021500,25.995361,45.867773
808,s,0.023128,0.010550,0.022000,32.985596,55.678351
809,s,0.023128,0.026750,0.021500,39.986084,71.378351
795,p,0.003780,0.102050,0.020000,35.646240,125.829849
796,dp,0.002464,0.012750,0.022000,45.179199,37.214344
797,s,0.023128,0.121650,0.020000,52.357422,164.778351
798,d,0.002385,0.042550,0.022000,59.394775,66.935393
799,ss,0.018821,0.060950,0.018500,66.323730,98.270769
815,s,0.023128,0.109450,0.018500,6.674072,151.078351
816,p,0.003780,0.038750,0.019200,25.935303,61.729849
817,s,0.023128,0.005650,0.021500,35.528076,50.278351
818,s,0.023128,0.009500,0.018500,42.700928,51.128351
819,ds,0.002343,0.014500,0.019200,50.058594,36.042513
810,d,0.002385,0.062750,0.018500,6.881836,83.635393
811,d,0.002385,0.004200,0.020000,14.397217,26.585393
812,p,0.003780,0.093150,0.021500,33.151855,118.429849
813,p,0.003780,0.098950,0.019200,54.864990,121.929849
814,sd,0.018668,0.070400,0.021500,64.389648,110.567773
825,d,0.002385,0.052600,0.018500,7.036621,73.485393
826,p,0.003780,0.034500,0.020000,25.616699,58.279849
827,s,0.023128,0.006650,0.022000,35.031250,51.778351
828,sd,0.018668,0.063450,0.020000,42.072021,102.117773
829,ss,0.018821,0.090350,0.021500,49.111084,130.670769
820,d,0.002385,0.091600,0.022000,16.429688,115.985393
821,d,0.002385,0.088950,0.018500,23.928955,109.835393
822,pd,0.002977,0.073150,0.021500,42.541016,97.627001
823,sd,0.018668,0.099750,0.020000,51.932617,138.417773
824,dsd,0.002613,0.099400,0.018500,59.053467,120.512551
830,s,0.023128,0.079200,0.022000,21.777832,124.328351
831,p,0.003780,0.056700,0.021500,41.180664,81.979849
832,dp,0.002464,0.015250,0.022000,50.756836,39.714344
833,pdp,0.002932,0.059550,0.021500,69.467773,83.981683
834,p,0.003780,0.005200,0.020000,90.283691,28.979849
835,p,0.003780,0.016950,0.019200,18.208496,39.929849
836,p,0.003780,0.009400,0.019200,39.538574,32.379849
837,s,0.023128,0.010350,0.022000,48.914307,55.478351
838,dp,0.002464,0.060500,0.022000,56.439697,84.964344
839,sd,0.018668,0.036300,0.021500,63.666504,76.467773
845,s,0.023128,0.021600,0.020000,6.290771,64.728351
846,s,0.023128,0.007850,0.020000,13.464844,50.978351
847,s,0.023128,0.028900,0.018500,20.303955,70.528351
848,d,0.002385,0.050000,0.018500,27.422119,70.885393
849,sd,0.018668,0.059500,0.018500,34.479980,96.667773
840,d,0.002385,0.012750,0.022000,10.167969,37.135393
841,sd,0.018668,0.063050,0.020000,21.065918,101.717773
842,s,0.023128,0.097300,0.020000,28.003418,140.428351
843,d,0.002385,0.004750,0.019200,35.327148,26.335393
844,ps,0.002840,0.067350,0.022000,54.237305,92.189786
850,p,0.003780,0.090100,0.022000,18.785400,115.879849
851,pp,0.002838,0.071050,0.020000,40.211670,93.888325
852,s,0.023128,0.004850,0.019200,49.538818,47.178351
853,ss,0.018821,0.004350,0.020000,56.479736,43.170769
854,s,0.023128,0.013000,0.019200,63.631104,55.328351
860,s,0.023128,0.006400,0.019200,23.351318,48.728351
861,p,0.003780,0.071100,0.018500,42.916992,93.379849
862,dp,0.002464,0.091550,0.018500,52.343262,112.514344
863,pdp,0.002932,0.069150,0.018500,70.869629,90.581683
864,ppdp,0.002887,0.043600,0.021500,92.349121,67.986698
855,s,0.023128,0.097900,0.020000,22.367676,141.028351
856,p,0.003780,0.083200,0.022000,41.667480,108.979849
857,d,0.002385,0.007950,0.018500,51.045166,28.835393
858,p,0.003780,0.058350,0.021500,69.497559,83.629849
859,s,0.023128,0.010250,0.021500,79.465820,54.878351
870,p,0.003780,0.084650,0.022000,19.860107,110.429849
871,d,0.002385,0.005550,0.018500,29.504150,26.435393
872,p,0.003780,0.086200,0.022000,48.251953,111.979849
873,pp,0.002838,0.065100,0.021500,69.341064,89.438325
874,d,0.002385,0.012050,0.019200,78.679443,33.635393
865,d,0.002385,0.005400,0.021500,23.175537,29.285393
866,p,0.003780,0.107350,0.018500,42.603027,129.629849
867,dp,0.002464,0.086550,0.019200,52.331787,108.214344
868,pdp,0.002932,0.071650,0.021500,70.925537,96.081683
869,d,0.002385,0.125500,0.022000,80.722168,149.885393
875,d,0.002385,0.005000,0.019200,22.170654,26.585393
876,s,0.023128,0.021800,0.018500,29.553223,63.428351
877,s,0.023128,0.011450,0.021500,36.504395,56.078351
878,ds,0.002343,0.028200,0.019200,43.854736,49.742513
879,p,0.003780,0.078300,0.021500,65.019775,103.579849
880,s,0.023128,0.057750,0.021500,6.526367,102.378351
881,ps,0.002840,0.050350,0.020000,25.223877,73.189786
882,s,0.023128,0.006350,0.022000,34.406006,51.478351
883,p,0.003780,0.009550,0.021500,52.879395,34.829849
884,pps,0.002854,0.088250,0.022000,73.509766,113.104053
885,p,0.003780,0.007450,0.018500,18.145264,29.729849
886,s,0.023128,0.074500,0.021500,27.969727,119.128351
887,p,0.003780,0.003950,0.020000,48.153320,27.729849
888,ss,0.018821,0.069200,0.022000,58.601807,110.020769
889,p,0.003780,0.021500,0.018500,78.887695,43.779849
890,d,0.002385,0.022950,0.020000,22.921387,45.335393
891,s,0.023128,0.056700,0.021500,30.278320,101.328351
892,d,0.002385,0.056150,0.018500,37.756104,77.035393
893,s,0.023128,0.012050,0.021500,44.833984,56.678351
894,pd,0.002977,0.033250,0.022000,63.711426,58.227001
895,d,0.002385,0.014350,0.018500,25.025391,35.235393
896,s,0.023128,0.110300,0.020000,32.672363,153.428351
897,s,0.023128,0.005200,0.019200,39.663574,47.528351
898,s,0.023128,0.050550,0.018500,46.833252,92.178351
899,ss,0.018821,0.004450,0.020000,53.885254,43.270769
905,s,0.023128,0.046450,0.021500,6.774414,91.078351
906,d,0.002385,0.005350,0.018500,14.225098,26.235393
907,ss,0.018821,0.071600,0.020000,21.224121,110.420769
908,sss,0.019288,0.025700,0.019200,29.144775,64.188093
909,d,0.002385,0.009000,0.022000,36.323242,33.385393
900,s,0.023128,0.010200,0.020000,6.395752,53.328351
901,p,0.003780,0.005050,0.021500,25.604492,30.329849
902,d,0.002385,0.081650,0.019200,35.548340,103.235393
903,d,0.002385,0.071500,0.020000,42.736328,93.885393
904,dd,0.002426,0.027950,0.022000,50.222900,52.375915
910,d,0.002385,0.004300,0.022000,6.738037,28.685393
911,d,0.002385,0.010450,0.022000,14.273926,34.835393
912,p,0.003780,0.081450,0.019200,33.178223,104.429849
913,pp,0.002838,0.074650,0.019200,54.320068,96.688325
914,p,0.003780,0.031550,0.018500,75.049805,53.829849
915,d,0.002385,0.075400,0.021500,6.814453,99.285393
916,d,0.002385,0.005550,0.018500,14.214600,26.435393
917,d,0.002385,0.021150,0.018500,21.503906,42.035393
918,sd,0.018668,0.123200,0.020000,28.766846,161.867773
919,sd,0.018668,0.005600,0.019200,35.706299,43.467773
920,s,0.023128,0.099050,0.019200,8.827637,141.378351
921,p,0.003780,0.077150,0.021500,28.418213,102.429849
922,pp,0.002838,0.067050,0.019200,49.264160,89.088325
923,d,0.002385,0.004500,0.022000,58.819336,28.885393
924,ps,0.002840,0.011950,0.019200,77.135986,33.989786
925,p,0.003780,0.071450,0.018500,34.687500,93.729849
926,p,0.003780,0.064650,0.019200,55.722168,87.629849
927,pp,0.002838,0.098650,0.020000,76.543457,121.488325
928,d,0.002385,0.005000,0.019200,86.104492,26.585393
929,dpp,0.002514,0.096800,0.019200,93.264648,118.514416
930,d,0.002385,0.007450,0.021500,23.601318,31.335393
931,s,0.023128,0.017350,0.019200,31.350586,59.678351
932,sd,0.018668,0.011650,0.020000,38.106689,50.317773
933,d,0.002385,0.026400,0.022000,45.152344,50.785393
934,dd,0.002426,0.038850,0.020000,52.377686,61.275915
935,s,0.023128,0.004650,0.020000,6.706787,47.778351
936,ss,0.018821,0.005050,0.022000,14.081299,45.870769
937,p,0.003780,0.050300,0.022000,33.052246,76.079849
938,dp,0.002464,0.085550,0.018500,43.155273,106.514344
939,s,0.023128,0.094250,0.020000,50.355469,137.378351
940,p,0.003780,0.059750,0.022000,21.829590,85.529849
941,d,0.002385,0.005850,0.020000,33.491211,28.235393
942,p,0.003780,0.013600,0.022000,54.955322,39.379849
943,sp,0.018754,0.010950,0.022000,65.225586,51.703690
944,psp,0.002926,0.010650,0.019200,84.668213,32.775658
945,d,0.002385,0.066500,0.022000,23.797363,90.885393
946,d,0.002385,0.008400,0.018500,31.586670,29.285393
947,d,0.002385,0.097050,0.022000,39.096680,121.435393
948,sd,0.018668,0.125500,0.020000,46.199219,164.167773
949,s,0.023128,0.094300,0.018500,53.249756,135.928351
950,d,0.002385,0.009950,0.018500,6.778076,30.835393
951,d,0.002385,0.112850,0.018500,14.486572,133.735393
952,s,0.023128,0.038750,0.018500,21.908936,80.378351
953,sd,0.018668,0.053450,0.020000,29.167480,92.117773
954,ssd,0.018735,0.065600,0.018500,36.395508,102.834503
955,d,0.002385,0.004500,0.020000,7.064697,26.885393
956,pd,0.002977,0.004750,0.019200,26.701660,26.927001
957,s,0.023128,0.016550,0.021500,36.802490,61.178351
958,dp,0.002464,0.004750,0.020000,44.654297,27.214344
959,pd,0.002977,0.003800,0.022000,63.882080,28.777001
965,d,0.002385,0.007150,0.019200,6.759766,28.735393
966,dd,0.002426,0.009150,0.021500,14.530762,33.075915
967,s,0.023128,0.021250,0.021500,21.652832,65.878351
968,ps,0.002840,0.032250,0.022000,40.367432,57.089786
969,s,0.023128,0.009750,0.022000,49.902832,54.878351
960,s,0.023128,0.054350,0.022000,6.477051,99.478351
961,p,0.003780,0.112850,0.022000,25.359619,138.629849
962,p,0.003780,0.010050,0.018500,46.667725,32.329849
963,ds,0.002343,0.081650,0.022000,56.151367,105.992513
964,p,0.003780,0.089250,0.020000,74.744629,113.029849
970,d,0.002385,0.017350,0.019200,10.950439,38.935393
971,dd,0.002426,0.004750,0.021500,20.302734,28.675915
972,p,0.003780,0.043250,0.018500,40.500244,65.529849
973,p,0.003780,0.004500,0.021500,62.409912,29.779849
974,p,0.003780,0.079050,0.021500,83.778076,104.329849
975,d,0.002385,0.070050,0.021500,22.961914,93.935393
976,dd,0.002426,0.071450,0.022000,30.643555,95.875915
977,s,0.023128,0.005200,0.019200,37.700195,47.528351
978,s,0.023128,0.014550,0.020000,44.473633,57.678351
979,s,0.023128,0.069750,0.022000,51.222900,114.878351
980,p,0.003780,0.004150,0.022000,22.656250,29.929849
981,pp,0.002838,0.004800,0.020000,46.146973,27.638325
982,s,0.023128,0.054250,0.019200,56.078857,96.578351
983,p,0.003780,0.076350,0.022000,75.875488,102.129849
984,s,0.023128,0.005550,0.018500,85.634277,47.178351
985,p,0.003780,0.005200,0.019200,21.780762,28.179849
986,p,0.003780,0.023250,0.022000,43.428223,49.029849
987,sp,0.018754,0.076250,0.019200,53.105957,114.203690
988,p,0.003780,0.008400,0.021500,72.256348,33.679849
989,s,0.023128,0.011500,0.018500,82.289795,53.128351
990,p,0.003780,0.048550,0.020000,21.209961,72.329849
991,d,0.002385,0.005850,0.018500,30.939941,26.735393
992,p,0.003780,0.068450,0.018500,50.241699,90.729849
993,pp,0.002838,0.072900,0.021500,71.122070,97.238325
994,p,0.003780,0.076100,0.021500,91.544434,101.379849
995,d,0.002385,0.005950,0.020000,23.286865,28.335393
996,p,0.003780,0.066200,0.019200,43.111572,89.179849
997,dp,0.002464,0.062800,0.021500,52.956299,86.764344
998,p,0.003780,0.004500,0.019200,71.888672,27.479849
999,sdp,0.018492,0.061800,0.020000,81.272705,100.291971
1000,s,0.023128,0.098150,0.018500,6.350586,139.778351
1001,p,0.003780,0.003650,0.021500,25.186523,28.929849
1002,p,0.003780,0.054150,0.019200,46.759033,77.129849
1003,ds,0.002343,0.080550,0.020000,56.512939,102.892513
1004,d,0.002385,0.119100,0.018500,63.905029,139.985393
1005,p,0.003780,0.062200,0.021500,23.171143,87.479849
1006,s,0.023128,0.083850,0.019200,33.152100,126.178351
1007,d,0.002385,0.004950,0.019200,40.443848,26.535393
1008,ds,0.002343,0.048550,0.019200,47.855957,70.092513
1009,pds,0.003022,0.024950,0.019200,67.392334,47.171933
1010,p,0.003780,0.013250,0.022000,19.974121,39.029849
1011,s,0.023128,0.096600,0.020000,29.344971,139.728351
1012,pp,0.002838,0.007000,0.019200,47.761719,29.038325
1013,pp,0.002838,0.010650,0.020000,72.453125,33.488325
1014,p,0.003780,0.048950,0.019200,93.591797,71.929849
1015,p,0.003780,0.004550,0.019200,40.953857,27.529849
1016,d,0.002385,0.112800,0.019200,50.855713,134.385393
1017,d,0.002385,0.029450,0.020000,58.109375,51.835393
1018,sp,0.018754,0.007250,0.019200,65.588867,45.203690
1019,p,0.003780,0.004450,0.019200,84.700195,27.429849
1020,s,0.023128,0.061850,0.020000,9.799561,104.978351
1021,s,0.023128,0.021150,0.021500,17.793213,65.778351
1022,d,0.002385,0.071800,0.021500,25.236816,95.685393
1023,ds,0.002343,0.012500,0.019200,33.972900,34.042513
1024,s,0.023128,0.007200,0.022000,41.086914,52.328351
1025,s,0.023128,0.067900,0.021500,22.555908,112.528351
1026,s,0.023128,0.052000,0.020000,30.077637,95.128351
1027,ps,0.002840,0.054600,0.021500,48.902588,78.939786
1028,p,0.003780,0.005300,0.020000,72.441162,29.079849
1029,dps,0.002445,0.054600,0.020000,83.323486,77.044936
1030,p,0.003780,0.070200,0.020000,33.304932,93.979849
1031,d,0.002385,0.019750,0.021500,43.139648,43.635393
1032,s,0.023128,0.088200,0.022000,50.164795,133.328351
1033,ds,0.002343,0.054100,0.020000,57.399658,76.442513
1034,s,0.023128,0.022900,0.018500,64.603271,64.528351
1035,s,0.023128,0.079900,0.018500,22.760986,121.528351
1036,s,0.023128,0.018250,0.022000,30.444580,63.378351
1037,s,0.023128,0.028300,0.018500,37.267334,69.928351
1038,ss,0.018821,0.016300,0.019200,44.042480,54.320769
1039,sss,0.019288,0.012200,0.022000,50.875977,53.488093
1045,d,0.002385,0.030700,0.020000,23.537598,53.085393
1046,d,0.002385,0.080450,0.022000,30.979492,104.835393
1047,pd,0.002977,0.074100,0.018500,49.925293,95.577001
1048,dd,0.002426,0.079400,0.022000,59.583008,103.825915
1049,p,0.003780,0.009550,0.018500,78.013916,31.829849
1040,d,0.002385,0.058350,0.020000,23.954346,80.735393
1041,p,0.003780,0.091350,0.019200,45.263916,114.329849
1042,dp,0.002464,0.076950,0.021500,55.893066,100.914344
1043,p,0.003780,0.035450,0.019200,75.803711,58.429849
1044,p,0.003780,0.005050,0.022000,97.833008,30.829849
1050,p,0.003780,0.128250,0.022000,19.284912,154.029849
1051,d,0.002385,0.005850,0.022000,28.856934,30.235393
1052,p,0.003780,0.065600,0.022000,47.540283,91.379849
1053,pp,0.002838,0.053150,0.019200,68.305908,75.188325
1054,p,0.003780,0.064150,0.022000,89.033691,89.929849
1055,p,0.003780,0.054450,0.022000,28.931641,80.229849
1056,d,0.002385,0.071450,0.019200,38.565186,93.035393
1057,sd,0.018668,0.085950,0.021500,45.468994,126.117773
1058,psd,0.003139,0.038700,0.022000,63.821777,63.838792
1059,s,0.023128,0.033900,0.022000,73.008789,79.028351
1065,d,0.002385,0.010400,0.018500,23.492432,31.285393
1066,p,0.003780,0.090100,0.020000,42.716064,113.879849
1067,p,0.003780,0.010650,0.018500,63.608643,32.929849
1068,p,0.003780,0.082350,0.018500,84.343018,104.629849
1069,p,0.003780,0.024450,0.020000,105.278809,48.229849
1070,d,0.002385,0.022750,0.022000,13.710938,47.135393
1071,s,0.023128,0.101700,0.021500,29.079102,146.328351
1072,p,0.003780,0.023100,0.020000,48.052734,46.879849
1073,p,0.003780,0.005050,0.021500,69.394775,30.329849
1074,s,0.023128,0.086350,0.021500,79.074707,130.978351
1060,d,0.002385,0.004650,0.020000,17.755859,27.035393
1061,s,0.023128,0.042450,0.018500,25.074219,84.078351
1062,ps,0.002840,0.012500,0.022000,44.071289,37.339786
1063,dps,0.002445,0.008400,0.022000,54.362793,32.844936
1064,pdps,0.002951,0.017400,0.021500,73.808105,41.850740
1075,d,0.002385,0.036700,0.021500,8.328369,60.585393
1076,s,0.023128,0.009150,0.022000,16.312744,54.278351
1077,pd,0.002977,0.017800,0.021500,36.369873,42.277001
1078,d,0.002385,0.045350,0.021500,46.372070,69.235393
1079,p,0.003780,0.028650,0.021500,65.282959,53.929849
1085,p,0.003780,0.004950,0.018500,35.996826,27.229849
1086,s,0.023128,0.074650,0.022000,45.577881,119.778351
1087,p,0.003780,0.006350,0.021500,64.373779,31.629849
1088,d,0.002385,0.025850,0.021500,74.853027,49.735393
1089,dd,0.002426,0.009100,0.021500,82.906494,33.025915
1080,d,0.002385,0.007250,0.020000,23.377197,29.635393
1081,d,0.002385,0.021750,0.018500,31.451416,42.635393
1082,s,0.023128,0.010000,0.020000,38.695312,53.128351
1083,d,0.002385,0.087500,0.018500,46.639160,108.385393
1084,dd,0.002426,0.019950,0.022000,54.021973,44.375915
1090,s,0.023128,0.027050,0.022000,21.965820,72.178351
1091,s,0.023128,0.073900,0.021500,29.447021,118.528351
1092,s,0.023128,0.070900,0.022000,36.436768,116.028351
1093,ps,0.002840,0.027500,0.021500,54.698730,51.839786
1094,dps,0.002445,0.100800,0.021500,64.617676,124.744936
1095,p,0.003780,0.020800,0.018500,32.677734,43.079849
1096,p,0.003780,0.076350,0.022000,53.219482,102.129849
1097,pp,0.002838,0.007800,0.022000,73.948975,32.638325
1098,d,0.002385,0.011800,0.019200,83.604736,33.385393
1099,dp,0.002464,0.081000,0.021500,90.733887,104.964344
1100,d,0.002385,0.004900,0.019200,13.001709,26.485393
1101,d,0.002385,0.012800,0.019200,21.520264,34.385393
1102,p,0.003780,0.045800,0.021500,42.031006,71.079849
1103,dp,0.002464,0.048350,0.020000,52.412842,70.814344
1104,p,0.003780,0.056050,0.021500,71.646729,81.329849
1110,p,0.003780,0.012900,0.018500,27.840576,35.179849
1111,pp,0.002838,0.035550,0.022000,50.812988,60.388325
1112,d,0.002385,0.067950,0.021500,63.021484,91.835393
1113,sd,0.018668,0.054800,0.018500,70.708496,91.967773
1114,s,0.023128,0.004750,0.018500,77.714355,46.378351
1105,p,0.003780,0.008250,0.018500,21.840088,30.529849
1106,s,0.023128,0.141900,0.022000,31.918213,187.028351
1107,p,0.003780,0.017000,0.019200,51.074463,39.979849
1108,p,0.003780,0.004600,0.018500,72.648926,26.879849
1109,s,0.023128,0.016600,0.020000,82.007080,59.728351
1115,p,0.003780,0.006200,0.022000,18.518555,31.979849
1116,d,0.002385,0.096800,0.021500,28.182861,120.685393
1117,p,0.003780,0.004950,0.022000,47.088867,30.729849
1118,s,0.023128,0.083900,0.022000,56.490967,129.028351
1119,pd,0.002977,0.041950,0.019200,75.259766,64.127001
1125,s,0.023128,0.080400,0.021500,8.554199,125.028351
1126,d,0.002385,0.071500,0.020000,16.153076,93.885393
1127,d,0.002385,0.064900,0.020000,23.541748,87.285393
1128,d,0.002385,0.088200,0.021500,30.748291,112.085393
1129,dd,0.002426,0.061100,0.019200,37.879150,82.725915
1130,s,0.023128,0.088100,0.020000,22.495117,131.228351
1131,d,0.002385,0.032150,0.018500,30.169434,53.035393
1132,p,0.003780,0.054300,0.022000,48.578857,80.079849
1133,ps,0.002840,0.093100,0.019200,69.728027,115.139786
1134,sp,0.018754,0.061750,0.019200,81.964844,99.703690
1120,p,0.003780,0.060650,0.019200,36.467285,83.629849
1121,p,0.003780,0.009300,0.021500,59.894287,34.579849
1122,dp,0.002464,0.006200,0.020000,70.571289,28.664344
1123,d,0.002385,0.048300,0.022000,77.915771,72.685393
1124,dp,0.002464,0.061700,0.022000,85.345459,86.164344
1140,d,0.002385,0.067050,0.020000,23.243408,89.435393
1141,dd,0.002426,0.070500,0.021500,31.000244,94.425915
1142,d,0.002385,0.010500,0.020000,38.314941,32.885393
1143,s,0.023128,0.008250,0.019200,45.574463,50.578351
1144,pdd,0.003045,0.071350,0.021500,64.684082,95.894804
1135,p,0.003780,0.056400,0.021500,19.005127,81.679849
1136,s,0.023128,0.062800,0.019200,28.988281,105.128351
1137,ss,0.018821,0.101700,0.022000,36.796143,142.520769
1138,d,0.002385,0.004350,0.019200,44.813477,25.935393
1139,p,0.003780,0.013300,0.022000,65.804199,39.079849
1145,d,0.002385,0.057450,0.018500,6.701904,78.335393
1146,dd,0.002426,0.057900,0.022000,13.983154,82.325915
1147,s,0.023128,0.099350,0.022000,21.080322,144.478351
1148,d,0.002385,0.007200,0.020000,28.212646,29.585393
1149,s,0.023128,0.042550,0.020000,35.134033,85.678351
1160,p,0.003780,0.040200,0.018500,23.103760,62.479849
1161,p,0.003780,0.110900,0.022000,43.857178,136.679849
1162,s,0.023128,0.069750,0.020000,53.171631,112.878351
1163,s,0.023128,0.010800,0.021500,60.696045,55.428351
1164,ds,0.002343,0.035450,0.019200,67.878418,56.992513
1155,d,0.002385,0.009550,0.018500,11.407227,30.435393
1156,s,0.023128,0.046300,0.020000,18.717529,89.428351
1157,s,0.023128,0.004300,0.019200,25.796875,46.628351
1158,ss,0.018821,0.006250,0.022000,32.851807,47.070769
1159,dd,0.002426,0.007100,0.019200,40.464844,28.725915
1150,d,0.002385,0.011750,0.019200,22.065430,33.335393
1151,p,0.003780,0.088100,0.021500,42.353027,113.379849
1152,p,0.003780,0.011100,0.020000,64.249268,34.879849
1153,d,0.002385,0.131100,0.018500,74.407715,151.985393
1154,d,0.002385,0.005200,0.020000,81.912354,27.585393
1170,p,0.003780,0.129150,0.020000,28.363525,152.929849
1171,s,0.023128,0.005850,0.018500,37.765381,47.478351
1172,pp,0.002838,0.065750,0.022000,56.688232,90.588325
1173,s,0.023128,0.006000,0.019200,66.026611,48.328351
1174,ss,0.018821,0.004850,0.018500,72.762207,42.170769
1165,d,0.002385,0.083850,0.018500,6.925537,104.735393
1166,p,0.003780,0.005200,0.022000,26.185791,30.979849
1167,p,0.003780,0.034600,0.021500,47.182373,59.879849
1168,pp,0.002838,0.019800,0.021500,68.178711,44.138325
1169,sd,0.018668,0.042800,0.018500,77.581543,79.967773
1175,d,0.002385,0.009850,0.018500,23.406982,30.735393
1176,d,0.002385,0.074650,0.019200,31.308838,96.235393
1177,d,0.002385,0.004950,0.022000,38.929688,29.335393
1178,p,0.003780,0.105000,0.018500,57.985352,127.279849
1179,dd,0.002426,0.027450,0.021500,67.296143,51.375915
1180,p,0.003780,0.004950,0.019200,21.301025,27.929849
1181,p,0.003780,0.038600,0.021500,43.449219,63.879849
1182,s,0.023128,0.049650,0.021500,53.125977,94.278351
1183,d,0.002385,0.007250,0.021500,60.685791,31.135393
1184,ps,0.002840,0.016800,0.018500,79.686768,38.139786
1190,s,0.023128,0.004650,0.021500,27.818604,49.278351
1191,ds,0.002343,0.004500,0.019200,36.977539,26.042513
1192,p,0.003780,0.010300,0.018500,56.421143,32.579849
1193,s,0.023128,0.059800,0.018500,65.973389,101.428351
1194,sp,0.018754,0.015950,0.022000,73.034424,56.703690
1185,s,0.023128,0.004650,0.018500,21.614258,46.278351
1186,p,0.003780,0.019950,0.018500,41.424561,42.229849
1187,p,0.003780,0.010500,0.018500,62.969482,32.779849
1188,d,0.002385,0.004750,0.018500,73.457275,25.635393
1189,p,0.003780,0.103650,0.022000,93.841309,129.429849
1200,p,0.003780,0.005400,0.021500,33.715820,30.679849
1201,p,0.003780,0.062750,0.021500,54.591309,88.029849
1202,s,0.023128,0.017850,0.021500,65.393799,62.478351
1203,p,0.003780,0.099150,0.020000,89.425049,122.929849
1204,p,0.003780,0.004050,0.018500,112.330322,26.329849
1195,p,0.003780,0.094100,0.021500,33.235840,119.379849
1196,p,0.003780,0.080850,0.021500,54.158203,106.129849
1197,p,0.003780,0.009000,0.020000,75.184326,32.779849
1198,s,0.023128,0.013100,0.018500,84.588135,54.728351
1199,s,0.023128,0.085800,0.020000,91.700928,128.928351
1205,d,0.002385,0.009750,0.022000,24.809570,34.135393
1206,d,0.002385,0.049650,0.019200,33.018311,71.235393
1207,dd,0.002426,0.095650,0.020000,40.403564,118.075915
1208,ddd,0.002493,0.082000,0.020000,47.705811,104.493417
1209,sd,0.018668,0.003700,0.022000,54.910645,44.367773
1210,d,0.002385,0.059300,0.021500,6.936279,83.185393
1211,s,0.023128,0.022850,0.021500,14.307373,67.478351
1212,p,0.003780,0.005400,0.020000,32.865723,29.179849
1213,dp,0.002464,0.013900,0.019200,42.468262,35.564344
1214,ds,0.002343,0.027500,0.019200,49.676270,49.042513
1220,p,0.003780,0.057000,0.020000,18.992432,80.779849
1221,sp,0.018754,0.081250,0.020000,28.431152,120.003690
1222,d,0.002385,0.015550,0.019200,35.770264,37.135393
1223,dd,0.002426,0.004900,0.020000,43.178223,27.325915
1224,p,0.003780,0.042550,0.018500,62.403076,64.829849
1215,d,0.002385,0.012550,0.019200,6.777100,34.135393
1216,s,0.023128,0.004400,0.021500,13.908447,49.028351
1217,d,0.002385,0.084250,0.020000,21.477783,106.635393
1218,ps,0.002840,0.006000,0.018500,40.377197,27.339786
1219,dps,0.002445,0.005150,0.018500,50.318848,26.094936
1225,d,0.002385,0.057100,0.018500,6.745117,77.985393
1226,pd,0.002977,0.049350,0.018500,25.547852,70.827001
1227,p,0.003780,0.006800,0.022000,46.503174,32.579849
1228,dpd,0.002513,0.087250,0.020000,56.151611,109.762673
1229,pp,0.002838,0.035450,0.019200,75.338379,57.488325
1230,s,0.023128,0.062200,0.019200,20.005127,104.528351
1231,s,0.023128,0.006700,0.020000,27.695312,49.828351
1232,d,0.002385,0.045000,0.021500,35.007080,68.885393
1233,ps,0.002840,0.129150,0.020000,53.804443,151.989786
1234,d,0.002385,0.013550,0.019200,63.292236,35.135393
1235,p,0.003780,0.013550,0.018500,20.667480,35.829849
1236,d,0.002385,0.075100,0.020000,30.499268,97.485393
1237,s,0.023128,0.030700,0.019200,37.968750,73.028351
1238,d,0.002385,0.084000,0.022000,45.800049,108.385393
1239,p,0.003780,0.004300,0.022000,66.113770,30.079849
1240,d,0.002385,0.005000,0.022000,6.742920,29.385393
1241,sd,0.018668,0.008250,0.021500,13.972412,48.417773
1242,d,0.002385,0.060200,0.021500,21.321045,84.085393
1243,dd,0.002426,0.078150,0.022000,28.614502,102.575915
1244,s,0.023128,0.030100,0.019200,35.565918,72.428351
1245,p,0.003780,0.061150,0.018500,19.385254,83.429849
1246,s,0.023128,0.018700,0.020000,29.057617,61.828351
1247,dp,0.002464,0.017700,0.022000,36.464844,42.164344
1248,pdp,0.002932,0.018500,0.020000,55.369141,41.431683
1249,d,0.002385,0.076550,0.021500,65.149170,100.435393
1250,p,0.003780,0.069450,0.021500,18.410889,94.729849
1251,s,0.023128,0.033050,0.019200,27.674316,75.378351
1252,p,0.003780,0.004500,0.020000,47.058594,28.279849
1253,d,0.002385,0.011550,0.021500,57.228760,35.435393
1254,ss,0.018821,0.102750,0.018500,64.331787,140.070769
1255,s,0.023128,0.070050,0.019200,28.123535,112.378351
1256,ss,0.018821,0.029550,0.022000,37.021729,70.370769
1257,d,0.002385,0.036050,0.018500,44.214844,56.935393
1258,s,0.023128,0.004850,0.019200,51.136230,47.178351
1259,p,0.003780,0.094200,0.020000,69.824219,117.979849
1260,d,0.002385,0.010650,0.021500,6.834961,34.535393
1261,s,0.023128,0.135050,0.020000,13.903564,178.178351
1262,ps,0.002840,0.100850,0.022000,32.632080,125.689786
1263,d,0.002385,0.005400,0.019200,42.011475,26.985393
1264,sd,0.018668,0.004550,0.020000,48.848633,43.217773
1265,p,0.003780,0.010200,0.020000,34.930176,33.979849
1266,d,0.002385,0.008400,0.021500,44.564209,32.285393
1267,d,0.002385,0.059850,0.019200,52.239990,81.435393
1268,dp,0.002464,0.008100,0.018500,59.729980,29.064344
1269,sdp,0.018492,0.011050,0.019200,66.750488,48.741971
1270,d,0.002385,0.005650,0.018500,7.348877,26.535393
1271,p,0.003780,0.104550,0.021500,27.394531,129.829849
1272,dp,0.002464,0.064100,0.020000,37.465332,86.564344
1273,sdp,0.018492,0.018750,0.020000,44.797119,57.241971
1274,dsdp,0.002604,0.099750,0.020000,52.295898,122.353992
1275,d,0.002385,0.067750,0.020000,7.611328,90.135393
1276,s,0.023128,0.020850,0.021500,14.849365,65.478351
1277,d,0.002385,0.011050,0.019200,22.315186,32.635393
1278,dd,0.002426,0.006200,0.021500,29.642334,30.125915
1279,sdd,0.018511,0.008250,0.019200,38.841797,45.960933
1280,p,0.003780,0.150300,0.020000,23.555176,174.079849
1281,sp,0.018754,0.047100,0.019200,34.119141,85.053690
1282,p,0.003780,0.085100,0.020000,54.253418,108.879849
1283,s,0.023128,0.005100,0.020000,64.102051,48.228351
1284,sp,0.018754,0.050000,0.019200,71.167236,87.953690
1285,s,0.023128,0.006200,0.021500,6.474854,50.828351
1286,p,0.003780,0.024150,0.019200,25.457031,47.129849
1287,d,0.002385,0.070850,0.021500,35.285400,94.735393
1288,sp,0.018754,0.056700,0.021500,42.143066,96.953690
1289,s,0.023128,0.005250,0.019200,48.982422,47.578351
1290,p,0.003780,0.071850,0.021500,20.906250,97.129849
1291,sp,0.018754,0.112100,0.018500,30.080566,149.353690
1292,d,0.002385,0.027750,0.020000,37.157715,50.135393
1293,s,0.023128,0.005150,0.019200,44.156738,47.478351
1294,s,0.023128,0.047850,0.019200,51.209229,90.178351
1295,p,0.003780,0.004000,0.022000,19.104736,29.779849
1296,s,0.023128,0.102750,0.020000,29.466309,145.878351
1297,p,0.003780,0.061050,0.020000,48.117676,84.829849
1298,d,0.002385,0.019200,0.020000,57.663818,41.585393
1299,s,0.023128,0.064900,0.018500,64.746338,106.528351
1300,s,0.023128,0.004250,0.019200,6.586914,46.578351
1301,d,0.002385,0.011950,0.022000,14.516357,36.335393
1302,dd,0.002426,0.021600,0.021500,21.950439,45.525915
1303,p,0.003780,0.007900,0.018500,40.630859,30.179849
1304,pp,0.002838,0.007800,0.022000,61.410400,32.638325
1305,d,0.002385,0.071500,0.020000,6.733887,93.885393
1306,sd,0.018668,0.058400,0.018500,13.916260,95.567773
1307,d,0.002385,0.034450,0.022000,21.575684,58.835393
1308,dd,0.002426,0.091550,0.018500,29.209717,112.475915
1309,s,0.023128,0.005050,0.020000,36.097168,48.178351
1310,s,0.023128,0.074850,0.021500,8.532715,119.478351
1311,d,0.002385,0.004900,0.019200,17.022217,26.485393
1312,d,0.002385,0.143100,0.021500,24.644775,166.985393
1313,d,0.002385,0.033300,0.020000,32.291992,55.685393
1314,sd,0.018668,0.081250,0.019200,39.842529,119.117773
1320,s,0.023128,0.063300,0.021500,15.279297,107.928351
1321,p,0.003780,0.007250,0.020000,35.812744,31.029849
1322,p,0.003780,0.062500,0.020000,56.173340,86.279849
1323,sp,0.018754,0.004850,0.021500,65.375000,45.103690
1324,pp,0.002838,0.040200,0.021500,83.799561,64.538325
1325,s,0.023128,0.081050,0.020000,23.297607,124.178351
1326,d,0.002385,0.112250,0.021500,31.176758,136.135393
1327,p,0.003780,0.006450,0.021500,49.721924,31.729849
1328,p,0.003780,0.006800,0.019200,70.718750,29.779849
1329,dd,0.002426,0.078300,0.019200,80.495361,99.925915
1315,p,0.003780,0.005250,0.018500,20.886719,27.529849
1316,p,0.003780,0.071450,0.018500,44.053711,93.729849
1317,d,0.002385,0.106800,0.020000,54.316650,129.185393
1318,pd,0.002977,0.109850,0.019200,73.576904,132.027001
1319,dpd,0.002513,0.056800,0.022000,84.031006,81.312673
1330,p,0.003780,0.016500,0.021500,36.443604,41.779849
1331,s,0.023128,0.010800,0.022000,45.979736,55.928351
1332,p,0.003780,0.065750,0.020000,65.008301,89.529849
1333,sp,0.018754,0.070100,0.018500,74.507080,107.353690
1334,p,0.003780,0.070400,0.022000,93.531250,96.179849
1340,d,0.002385,0.050000,0.022000,6.648193,74.385393
1341,d,0.002385,0.123200,0.019200,14.025635,144.785393
1342,pd,0.002977,0.063950,0.022000,32.797363,88.927001
1343,dpd,0.002513,0.090250,0.021500,42.225098,114.262673
1344,sd,0.018668,0.075150,0.019200,49.026611,113.017773
1335,p,0.003780,0.012650,0.022000,18.025391,38.429849
1336,p,0.003780,0.005050,0.021500,38.900146,30.329849
1337,dp,0.002464,0.004500,0.019200,48.292480,26.164344
1338,p,0.003780,0.024000,0.022000,66.824463,49.779849
1339,d,0.002385,0.056400,0.019200,76.234619,77.985393
1345,d,0.002385,0.070100,0.022000,10.421387,94.485393
1346,p,0.003780,0.065350,0.018500,30.885986,87.629849
1347,pp,0.002838,0.036200,0.020000,53.077881,59.038325
1348,d,0.002385,0.064850,0.020000,63.398438,87.235393
1349,p,0.003780,0.014300,0.018500,82.371826,36.579849
1350,p,0.003780,0.065450,0.022000,18.155762,91.229849
1351,p,0.003780,0.007450,0.018500,39.209961,29.729849
1352,sp,0.018754,0.114950,0.020000,48.764893,153.703690
1353,sp,0.018754,0.009450,0.019200,55.716309,47.403690
1354,ssp,0.018787,0.040100,0.021500,62.545410,80.387195
1355,d,0.002385,0.004500,0.021500,25.664551,28.385393
1356,s,0.023128,0.012450,0.019200,33.470459,54.778351
1357,d,0.002385,0.065900,0.019200,40.632568,87.485393
1358,dd,0.002426,0.064650,0.022000,47.895508,89.075915
1359,d,0.002385,0.004450,0.019200,54.992432,26.035393
1360,p,0.003780,0.010050,0.022000,19.603027,35.829849
1361,d,0.002385,0.004100,0.020000,29.743896,26.485393
1362,sd,0.018668,0.004850,0.019200,36.930908,42.717773
1363,p,0.003780,0.069900,0.021500,55.602783,95.179849
1364,p,0.003780,0.082300,0.019200,76.365723,105.279849
1365,s,0.023128,0.065750,0.018500,18.214600,107.378351
1366,p,0.003780,0.028200,0.022000,36.900879,53.979849
1367,ps,0.002840,0.053400,0.020000,59.018799,76.239786
1368,pps,0.002854,0.065750,0.020000,81.392090,88.604053
1369,p,0.003780,0.009300,0.021500,102.937500,34.579849
1370,p,0.003780,0.022400,0.022000,18.448242,48.179849
1371,d,0.002385,0.010500,0.018500,28.188477,31.385393
1372,d,0.002385,0.022850,0.020000,35.371094,45.235393
1373,d,0.002385,0.004800,0.021500,42.547363,28.685393
1374,dd,0.002426,0.004550,0.022000,49.697754,28.975915
1380,s,0.023128,0.006200,0.019200,6.553467,48.528351
1381,d,0.002385,0.085100,0.020000,13.899414,107.485393
1382,p,0.003780,0.091150,0.020000,32.486084,114.929849
1383,d,0.002385,0.082300,0.021500,42.075928,106.185393
1384,pd,0.002977,0.023600,0.019200,60.803711,45.777001
1375,s,0.023128,0.032600,0.018500,6.840088,74.228351
1376,d,0.002385,0.054100,0.020000,15.811279,76.485393
1377,ss,0.018821,0.017250,0.020000,23.410889,56.070769
1378,dd,0.002426,0.045800,0.020000,31.056396,68.225915
1379,pdd,0.003045,0.049350,0.021500,51.056396,73.894804
1385,d,0.002385,0.096450,0.019200,6.944824,118.035393
1386,d,0.002385,0.005250,0.018500,14.492920,26.135393
1387,d,0.002385,0.023650,0.020000,22.075439,46.035393
1388,sd,0.018668,0.057350,0.018500,29.656250,94.517773
1389,dd,0.002426,0.005000,0.021500,37.491943,28.925915
1395,s,0.023128,0.022800,0.020000,6.641113,65.928351
1396,p,0.003780,0.078950,0.019200,25.933594,101.929849
1397,sp,0.018754,0.091500,0.019200,35.358398,129.453690
1398,d,0.002385,0.015600,0.021500,42.640381,39.485393
1399,p,0.003780,0.004850,0.021500,61.162598,30.129849
1390,s,0.023128,0.004800,0.022000,6.882568,49.928351
1391,d,0.002385,0.130600,0.018500,14.475830,151.485393
1392,p,0.003780,0.061700,0.019200,33.908691,84.679849
1393,pp,0.002838,0.050300,0.021500,55.540283,74.638325
1394,dd,0.002426,0.057550,0.019200,65.465820,79.175915
1400,d,0.002385,0.032150,0.022000,7.218262,56.535393
1401,d,0.002385,0.043750,0.018500,14.855225,64.635393
1402,p,0.003780,0.005650,0.020000,34.195312,29.429849
1403,dd,0.002426,0.064750,0.018500,44.328857,85.675915
1404,sd,0.018668,0.026800,0.021500,51.643066,66.967773
1410,p,0.003780,0.084250,0.021500,35.745361,109.529849
1411,p,0.003780,0.011100,0.018500,56.302490,33.379849
1412,pp,0.002838,0.073800,0.021500,77.742676,98.138325
1413,p,0.003780,0.021600,0.020000,98.984375,45.379849
1414,spp,0.018537,0.080700,0.022000,108.369141,121.237181
1405,d,0.002385,0.080700,0.019200,6.785889,102.285393
1406,p,0.003780,0.005350,0.020000,29.283447,29.129849
1407,s,0.023128,0.023250,0.018500,38.921143,64.878351
1408,d,0.002385,0.017350,0.020000,46.163574,39.735393
1409,dp,0.002464,0.006400,0.022000,53.465088,30.864344
1415,p,0.003780,0.122000,0.018500,19.048096,144.279849
1416,s,0.023128,0.079900,0.021500,28.794434,124.528351
1417,d,0.002385,0.011050,0.018500,36.004639,31.935393
1418,pd,0.002977,0.008750,0.019200,55.344971,30.927001
1419,d,0.002385,0.006050,0.022000,65.880127,30.435393
1420,d,0.002385,0.070700,0.019200,6.824707,92.285393
1421,p,0.003780,0.143650,0.019200,25.309570,166.629849
1422,d,0.002385,0.008600,0.019200,35.252441,30.185393
1423,sd,0.018668,0.017800,0.018500,42.468750,54.967773
1424,dd,0.002426,0.004550,0.022000,49.667725,28.975915
1425,d,0.002385,0.012750,0.020000,6.979004,35.135393
1426,dd,0.002426,0.013450,0.019200,14.379883,35.075915
1427,s,0.023128,0.075600,0.018500,21.483398,117.228351
1428,s,0.023128,0.026400,0.022000,28.618408,71.528351
1429,d,0.002385,0.088200,0.022000,35.700928,112.585393
1435,s,0.023128,0.086450,0.022000,6.710449,131.578351
1436,ds,0.002343,0.090100,0.022000,14.234863,114.442513
1437,p,0.003780,0.004650,0.021500,32.697754,29.929849
1438,p,0.003780,0.063450,0.019200,53.818115,86.429849
1439,d,0.002385,0.007750,0.019200,63.871582,29.335393
1430,p,0.003780,0.079050,0.020000,30.852539,102.829849
1431,s,0.023128,0.005000,0.019200,41.095459,47.328351
1432,d,0.002385,0.056950,0.022000,48.839600,81.335393
1433,dd,0.002426,0.064500,0.018500,56.391357,85.425915
1434,ps,0.002840,0.005350,0.019200,75.493896,27.389786
1440,d,0.002385,0.035400,0.021500,23.310303,59.285393
1441,p,0.003780,0.056050,0.018500,42.341553,78.329849
1442,dp,0.002464,0.062100,0.019200,51.868164,83.764344
1443,s,0.023128,0.008100,0.019200,58.744385,50.428351
1444,ss,0.018821,0.012400,0.021500,65.370850,52.720769
1445,s,0.023128,0.098650,0.019200,6.553711,140.978351
1446,s,0.023128,0.089250,0.022000,13.566162,134.378351
1447,s,0.023128,0.010300,0.020000,20.570068,53.428351
1448,p,0.003780,0.036100,0.018500,39.327637,58.379849
1449,ds,0.002343,0.078300,0.020000,48.760498,100.642513
1450,d,0.002385,0.007850,0.019200,6.676270,29.435393
1451,d,0.002385,0.057250,0.020000,14.080078,79.635393
1452,s,0.023128,0.018600,0.020000,21.077148,61.728351
1453,d,0.002385,0.082650,0.021500,28.345947,106.535393
1454,sd,0.018668,0.048250,0.021500,35.232422,88.417773
1455,s,0.023128,0.085800,0.018500,6.541260,127.428351
1456,d,0.002385,0.006300,0.020000,13.872559,28.685393
1457,ds,0.002343,0.031100,0.019200,21.285156,52.642513
1458,d,0.002385,0.011000,0.022000,28.719238,35.385393
1459,d,0.002385,0.077150,0.020000,36.350830,99.535393
1460,s,0.023128,0.004550,0.018500,13.872070,46.178351
1461,d,0.002385,0.018750,0.019200,21.794678,40.335393
1462,ss,0.018821,0.005550,0.020000,29.446777,44.370769
1463,dd,0.002426,0.091650,0.020000,37.003906,114.075915
1464,d,0.002385,0.067950,0.022000,44.822510,92.335393
1465,d,0.002385,0.024400,0.018500,19.544678,45.285393
1466,s,0.023128,0.006650,0.019200,27.106689,48.978351
1467,s,0.023128,0.051500,0.022000,34.084473,96.628351
1468,ds,0.002343,0.047100,0.018500,41.255859,67.942513
1469,pd,0.002977,0.112050,0.020000,60.433350,135.027001
1470,s,0.023128,0.074550,0.021500,14.478027,119.178351
1471,s,0.023128,0.093250,0.020000,21.795166,136.378351
1472,d,0.002385,0.047750,0.021500,29.057617,71.635393
1473,s,0.023128,0.024800,0.020000,36.062012,67.928351
1474,ps,0.002840,0.086450,0.020000,54.626221,109.289786
1480,d,0.002385,0.058900,0.020000,20.637207,81.285393
1481,pd,0.002977,0.074100,0.019200,39.894287,96.277001
1482,s,0.023128,0.079800,0.021500,48.864258,124.428351
1483,p,0.003780,0.005500,0.021500,67.243652,30.779849
1484,d,0.002385,0.007000,0.021500,76.509766,30.885393
1475,s,0.023128,0.004700,0.022000,22.567139,49.828351
1476,p,0.003780,0.051500,0.019200,42.584717,74.479849
1477,d,0.002385,0.017450,0.018500,52.962646,38.335393
1478,p,0.003780,0.069000,0.018500,73.877930,91.279849
1479,dp,0.002464,0.063100,0.019200,83.790039,84.764344
1490,p,0.003780,0.006700,0.018500,18.470459,28.979849
1491,s,0.023128,0.016500,0.019200,28.657715,58.828351
1492,sp,0.018754,0.004650,0.018500,35.701172,41.903690
1493,s,0.023128,0.015250,0.022000,42.992188,60.378351
1494,s,0.023128,0.044850,0.019200,50.048096,87.178351
1485,d,0.002385,0.036200,0.018500,9.574463,57.085393
1486,d,0.002385,0.036300,0.021500,20.226318,60.185393
1487,sd,0.018668,0.073150,0.019200,29.883545,111.017773
1488,ssd,0.018735,0.106250,0.018500,39.602051,143.484503
1489,d,0.002385,0.012750,0.021500,48.625732,36.635393
1495,d,0.002385,0.004150,0.021500,7.239746,28.035393
1496,p,0.003780,0.017850,0.020000,26.682861,41.629849
1497,p,0.003780,0.027000,0.018500,49.216309,49.279849
1498,d,0.002385,0.059550,0.021500,59.908203,83.435393
1499,dp,0.002464,0.038150,0.018500,67.743652,59.114344
1500,s,0.023128,0.011500,0.020000,6.634033,54.628351
1501,s,0.023128,0.068250,0.018500,14.449219,109.878351
1502,d,0.002385,0.023050,0.020000,21.763428,45.435393
1503,ps,0.002840,0.089300,0.021500,41.031006,113.639786
1504,p,0.003780,0.017000,0.020000,61.780518,40.779849
1505,s,0.023128,0.073250,0.020000,6.459717,116.378351
1506,d,0.002385,0.020800,0.022000,13.682129,45.185393
1507,d,0.002385,0.056800,0.022000,21.043701,81.185393
1508,sd,0.018668,0.005600,0.019200,28.152344,43.467773
1509,ps,0.002840,0.075300,0.021500,47.087402,99.639786
1510,d,0.002385,0.087500,0.021500,6.660156,111.385393
1511,p,0.003780,0.029450,0.022000,25.531494,55.229849
1512,sp,0.018754,0.086700,0.018500,34.836914,123.953690
1513,d,0.002385,0.005600,0.019200,42.356201,27.185393
1514,d,0.002385,0.022800,0.020000,49.766113,45.185393
1515,p,0.003780,0.068950,0.018500,18.835205,91.229849
1516,s,0.023128,0.054550,0.022000,29.380127,99.678351
1517,s,0.023128,0.057550,0.018500,36.738037,99.178351
1518,s,0.023128,0.004800,0.020000,43.919678,47.928351
1519,ps,0.002840,0.005900,0.022000,63.224121,30.739786
1520,p,0.003780,0.012100,0.019200,19.888672,35.079849
1521,d,0.002385,0.099700,0.018500,29.994629,120.585393
1522,sd,0.018668,0.067050,0.022000,37.430176,107.717773
1523,p,0.003780,0.020850,0.020000,56.310547,44.629849
1524,p,0.003780,0.009550,0.021500,77.449463,34.829849
1530,p,0.003780,0.004050,0.022000,18.081299,29.829849
1531,p,0.003780,0.047600,0.019200,39.174316,70.579849
1532,p,0.003780,0.075100,0.021500,60.394043,100.379849
1533,s,0.023128,0.012400,0.020000,69.893555,55.528351
1534,ds,0.002343,0.020400,0.019200,77.191650,41.942513
1525,p,0.003780,0.013100,0.019200,18.100342,36.079849
1526,d,0.002385,0.062100,0.019200,27.778809,83.685393
1527,pd,0.002977,0.071250,0.021500,46.241455,95.727001
1528,p,0.003780,0.027950,0.021500,67.116211,53.229849
1529,s,0.023128,0.071550,0.021500,76.691650,116.178351
1540,p,0.003780,0.072650,0.018500,18.292725,94.929849
1541,s,0.023128,0.055200,0.019200,27.509766,97.528351
1542,ds,0.002343,0.056050,0.018500,34.686035,76.892513
1543,d,0.002385,0.006300,0.019200,42.198242,27.885393
1544,sp,0.018754,0.019200,0.020000,49.197510,57.953690
1535,p,0.003780,0.019800,0.021500,35.772461,45.079849
1536,p,0.003780,0.057900,0.021500,61.391113,83.179849
1537,d,0.002385,0.076950,0.022000,71.252197,101.335393
1538,dd,0.002426,0.071650,0.021500,78.453857,95.575915
1539,d,0.002385,0.010150,0.019200,85.558350,31.735393
1545,p,0.003780,0.015600,0.019200,20.114990,38.579849
1546,pp,0.002838,0.009000,0.021500,40.855957,33.338325
1547,pp,0.002838,0.006150,0.020000,61.363281,28.988325
1548,s,0.023128,0.071450,0.020000,70.924316,114.578351
1549,pp,0.002838,0.014100,0.020000,89.535400,36.938325
1550,s,0.023128,0.061150,0.019200,22.557129,103.478351
1551,d,0.002385,0.005000,0.021500,30.548096,28.885393
1552,dd,0.002426,0.004400,0.022000,37.695068,28.825915
1553,d,0.002385,0.045950,0.019200,44.947754,67.535393
1554,dd,0.002426,0.037350,0.022000,52.048584,61.775915
1555,d,0.002385,0.021700,0.020000,7.066406,44.085393
1556,p,0.003780,0.004650,0.021500,25.865479,29.929849
1557,d,0.002385,0.055750,0.022000,35.511230,80.135393
1558,pd,0.002977,0.057000,0.019200,53.799072,79.177001
1559,d,0.002385,0.015500,0.021500,63.106445,39.385393
1560,d,0.002385,0.005000,0.020000,7.119385,27.385393
1561,sd,0.018668,0.006750,0.018500,14.713379,43.917773
1562,d,0.002385,0.064600,0.022000,22.355713,88.985393
1563,s,0.023128,0.011100,0.018500,29.759521,52.728351
1564,ds,0.002343,0.011400,0.022000,37.067383,35.742513
1565,p,0.003780,0.073450,0.020000,32.415039,97.229849
1566,sp,0.018754,0.022750,0.021500,41.891846,63.003690
1567,d,0.002385,0.016950,0.021500,49.367432,40.835393
1568,d,0.002385,0.004200,0.021500,56.529297,28.085393
1569,s,0.023128,0.055750,0.019200,63.586426,98.078351
1575,d,0.002385,0.006650,0.019200,6.637695,28.235393
1576,s,0.023128,0.056450,0.021500,13.656250,101.078351
1577,p,0.003780,0.012250,0.020000,32.194580,36.029849
1578,ds,0.002343,0.077550,0.018500,41.564453,98.392513
1579,sp,0.018754,0.016950,0.018500,48.615234,54.203690
1570,d,0.002385,0.017750,0.022000,6.946533,42.135393
1571,p,0.003780,0.005400,0.021500,26.249512,30.679849
1572,d,0.002385,0.084450,0.021500,36.182617,108.335393
1573,sp,0.018754,0.005750,0.018500,43.478271,43.003690
1574,ssp,0.018787,0.003900,0.021500,50.246094,44.187195
1580,d,0.002385,0.025500,0.020000,7.663086,47.885393
1581,sd,0.018668,0.012800,0.021500,15.606445,52.967773
1582,p,0.003780,0.010150,0.018500,37.549805,32.429849
1583,s,0.023128,0.071600,0.022000,47.506348,116.728351
1584,dp,0.002464,0.005350,0.021500,54.865479,29.314344
1585,p,0.003780,0.016950,0.019200,20.264160,39.929849
1586,d,0.002385,0.096050,0.020000,30.916016,118.435393
1587,p,0.003780,0.015550,0.022000,49.917969,41.329849
1588,sp,0.018754,0.016900,0.020000,59.468750,55.653690
1589,dd,0.002426,0.067850,0.019200,66.953857,89.475915
1590,p,0.003780,0.057400,0.022000,21.949951,83.179849
1591,p,0.003780,0.086300,0.019200,42.863770,109.279849
1592,dp,0.002464,0.037800,0.020000,52.275391,60.264344
1593,dp,0.002464,0.096450,0.018500,59.373535,117.414344
1594,p,0.003780,0.035500,0.021500,78.291992,60.779849
1595,s,0.023128,0.008200,0.018500,7.970947,49.828351
1596,s,0.023128,0.099750,0.018500,15.329346,141.378351
1597,ps,0.002840,0.013650,0.022000,36.255615,38.489786
1598,p,0.003780,0.063650,0.019200,60.287842,86.629849
1599,ps,0.002840,0.084000,0.021500,84.122803,108.339786
1600,s,0.023128,0.061800,0.020000,11.516846,104.928351
1601,ds,0.002343,0.060200,0.022000,25.103027,84.542513
1602,s,0.023128,0.005600,0.022000,36.124512,50.728351
1603,s,0.023128,0.056650,0.020000,49.287354,99.778351
1604,p,0.003780,0.059300,0.021500,73.525635,84.579849
1605,d,0.002385,0.029550,0.022000,7.558350,53.935393
1606,p,0.003780,0.008750,0.021500,26.906250,34.029849
1607,s,0.023128,0.048600,0.022000,36.348389,93.728351
1608,dd,0.002426,0.024500,0.020000,43.613525,46.925915
1609,s,0.023128,0.063650,0.019200,50.747803,105.978351
1610,p,0.003780,0.074800,0.019200,20.383301,97.779849
1611,d,0.002385,0.019350,0.018500,31.286865,40.235393
1612,p,0.003780,0.062100,0.018500,51.311768,84.379849
1613,sp,0.018754,0.115750,0.020000,60.838135,154.503690
1614,d,0.002385,0.083100,0.020000,68.467773,105.485393
1615,s,0.023128,0.072850,0.021500,7.705322,117.478351
1616,p,0.003780,0.059200,0.019200,26.986084,82.179849
1617,p,0.003780,0.004700,0.020000,48.397705,28.479849
1618,s,0.023128,0.018600,0.019200,57.902588,60.928351
1619,ps,0.002840,0.026000,0.022000,77.811279,50.839786
1620,p,0.003780,0.086350,0.018500,33.818848,108.629849
1621,sp,0.018754,0.062500,0.019200,43.011230,100.453690
1622,ssp,0.018787,0.064450,0.022000,49.882812,105.237195
1623,d,0.002385,0.005750,0.018500,56.889160,26.635393
1624,pd,0.002977,0.005100,0.019200,75.403076,27.277001
1625,p,0.003780,0.073250,0.019200,35.085693,96.229849
1626,d,0.002385,0.091750,0.020000,44.383301,114.135393
1627,sd,0.018668,0.060250,0.018500,51.580566,97.417773
1628,d,0.002385,0.121800,0.018500,58.893066,142.685393
1629,d,0.002385,0.016150,0.019200,65.972900,37.735393
1630,d,0.002385,0.005100,0.018500,8.457275,25.985393
1631,sd,0.018668,0.005100,0.019200,16.583984,42.967773
1632,p,0.003780,0.056150,0.022000,36.180420,81.929849
1633,ds,0.002343,0.004300,0.022000,46.074463,28.642513
1634,s,0.023128,0.011900,0.019200,52.963135,54.228351
1635,p,0.003780,0.071450,0.020000,18.129883,95.229849
1636,s,0.023128,0.034600,0.019200,27.560791,76.928351
1637,p,0.003780,0.084450,0.022000,46.343750,110.229849
1638,dp,0.002464,0.112250,0.022000,56.540283,136.714344
1639,ds,0.002343,0.011000,0.019200,64.011475,32.542513
1645,s,0.023128,0.011950,0.019200,23.206543,54.278351
1646,p,0.003780,0.005200,0.019200,42.799805,28.179849
1647,ps,0.002840,0.012100,0.020000,64.047852,34.939786
1648,pp,0.002838,0.032600,0.021500,85.142090,56.938325
1649,p,0.003780,0.100000,0.019200,106.376709,122.979849
1640,d,0.002385,0.004850,0.020000,22.370850,27.235393
1641,s,0.023128,0.088100,0.019200,29.579102,130.428351
1642,d,0.002385,0.072050,0.021500,36.565430,95.935393
1643,p,0.003780,0.020350,0.022000,55.560303,46.129849
1644,ds,0.002343,0.082700,0.018500,64.863281,103.542513
1650,s,0.023128,0.004250,0.019200,21.673096,46.578351
1651,p,0.003780,0.099750,0.019200,41.001709,122.729849
1652,p,0.003780,0.008250,0.018500,61.659912,30.529849
1653,sp,0.018754,0.015950,0.019200,71.323730,53.903690
1654,sp,0.018754,0.119100,0.020000,78.137207,157.853690
1655,d,0.002385,0.061900,0.022000,6.997314,86.285393
1656,s,0.023128,0.056400,0.020000,14.365234,99.528351
1657,d,0.002385,0.011100,0.021500,21.504395,34.985393
1658,pd,0.002977,0.009500,0.019200,39.956787,31.677001
1659,ds,0.002343,0.018600,0.021500,49.354736,42.442513
1660,d,0.002385,0.013700,0.022000,23.055420,38.085393
1661,d,0.002385,0.064950,0.021500,30.816895,88.835393
1662,dd,0.002426,0.061100,0.021500,37.976318,85.025915
1663,d,0.002385,0.022900,0.019200,45.108887,44.485393
1664,p,0.003780,0.008600,0.018500,63.740967,30.879849
1665,s,0.023128,0.006400,0.022000,21.473145,51.528351
1666,ss,0.018821,0.004500,0.020000,28.865479,43.320769
1667,p,0.003780,0.071450,0.020000,55.313477,95.229849
1668,dss,0.002842,0.009000,0.020000,65.378662,31.841615
1669,d,0.002385,0.048550,0.018500,72.843994,69.435393
1670,d,0.002385,0.109500,0.022000,6.923584,133.885393
1671,d,0.002385,0.097300,0.020000,14.260742,119.685393
1672,dd,0.002426,0.057100,0.018500,21.625488,78.025915
1673,p,0.003780,0.006150,0.019200,41.156006,29.129849
1674,sd,0.018668,0.059550,0.021500,50.756348,99.717773
1675,d,0.002385,0.005600,0.022000,6.648926,29.985393
1676,dd,0.002426,0.005500,0.021500,14.679443,29.425915
1677,d,0.002385,0.063550,0.019200,22.055908,85.135393
1678,ddd,0.002493,0.007300,0.018500,29.233887,28.293417
1679,d,0.002385,0.012100,0.022000,36.717529,36.485393
1680,d,0.002385,0.004800,0.019200,7.248291,26.385393
1681,p,0.003780,0.086450,0.018500,26.896240,108.729849
1682,d,0.002385,0.005700,0.018500,36.534180,26.585393
1683,d,0.002385,0.013400,0.022000,43.863281,37.785393
1684,sd,0.018668,0.008900,0.018500,50.938721,46.067773
1685,d,0.002385,0.076950,0.019200,20.886230,98.535393
1686,d,0.002385,0.010000,0.018500,28.633301,30.885393
1687,s,0.023128,0.010650,0.019200,36.077393,52.978351
1688,pd,0.002977,0.004550,0.019200,54.584473,26.727001
1689,pp,0.002838,0.012000,0.020000,75.443604,34.838325
1695,d,0.002385,0.026400,0.018500,21.885010,47.285393
1696,d,0.002385,0.117750,0.020000,29.776367,140.135393
1697,p,0.003780,0.007250,0.020000,48.197021,31.029849
1698,d,0.002385,0.052250,0.018500,57.739014,73.135393
1699,dp,0.002464,0.004700,0.019200,64.886963,26.364344
1690,s,0.023128,0.085550,0.021500,22.991211,130.178351
1691,s,0.023128,0.065900,0.019200,30.917969,108.228351
1692,s,0.023128,0.005550,0.021500,37.738281,50.178351
1693,ss,0.018821,0.057150,0.022000,44.694092,97.970769
1694,p,0.003780,0.025100,0.022000,63.404053,50.879849
1700,s,0.023128,0.044850,0.018500,7.393555,86.478351
1701,s,0.023128,0.017900,0.019200,15.219238,60.228351
1702,d,0.002385,0.027950,0.019200,23.194336,49.535393
1703,pd,0.002977,0.091300,0.022000,42.672363,116.277001
1704,spd,0.018317,0.078300,0.018500,52.105469,115.117325
1705,s,0.023128,0.009600,0.018500,23.350586,51.228351
1706,ss,0.018821,0.008200,0.021500,30.905762,48.520769
1707,s,0.023128,0.035400,0.021500,37.685791,80.028351
1708,s,0.023128,0.063700,0.021500,44.518311,108.328351
1709,s,0.023128,0.016900,0.021500,51.442871,61.528351
1710,p,0.003780,0.097300,0.020000,34.204834,121.079849
1711,d,0.002385,0.070650,0.020000,43.685791,93.035393
1712,pp,0.002838,0.067050,0.022000,62.482910,91.888325
1713,sd,0.018668,0.020850,0.018500,72.591064,58.017773
1714,s,0.023128,0.004750,0.022000,79.410889,49.878351
1720,s,0.023128,0.073500,0.020000,10.288818,116.628351
1721,d,0.002385,0.115850,0.020000,18.068604,138.235393
1722,dd,0.002426,0.024950,0.022000,25.716064,49.375915
1723,ps,0.002840,0.097050,0.020000,45.319092,119.889786
1724,ddd,0.002493,0.020200,0.020000,55.581543,42.693417
1725,s,0.023128,0.006350,0.021500,21.062256,50.978351
1726,d,0.002385,0.068500,0.019200,31.045898,90.085393
1727,d,0.002385,0.013250,0.018500,39.222412,34.135393
1728,sd,0.018668,0.089250,0.021500,46.891846,129.417773
1729,s,0.023128,0.084000,0.019200,54.214844,126.328351
1715,s,0.023128,0.091650,0.022000,21.788818,136.778351
1716,ps,0.002840,0.054350,0.021500,41.174316,78.689786
1717,sps,0.018360,0.035400,0.018500,50.454590,72.260251
1718,dsps,0.002950,0.027950,0.019200,58.013428,50.100393
1719,d,0.002385,0.006300,0.020000,65.616943,28.685393
1735,p,0.003780,0.117750,0.021500,20.449707,143.029849
1736,pp,0.002838,0.027900,0.020000,42.078369,50.738325
1737,s,0.023128,0.016750,0.019200,51.634033,59.078351
1738,p,0.003780,0.007800,0.022000,71.087891,33.579849
1739,ds,0.002343,0.004350,0.019200,80.801270,25.892513
1730,s,0.023128,0.078300,0.021500,7.940186,122.928351
1731,s,0.023128,0.004500,0.021500,15.576172,49.128351
1732,ps,0.002840,0.004150,0.018500,37.068359,25.489786
1733,pps,0.002854,0.004850,0.018500,59.841309,26.204053
1734,p,0.003780,0.011000,0.020000,81.573486,34.779849
1740,s,0.023128,0.070400,0.020000,21.209717,113.528351
1741,ps,0.002840,0.062350,0.020000,40.385986,85.189786
1742,dps,0.002445,0.068400,0.020000,49.823242,90.844936
1743,d,0.002385,0.004800,0.019200,56.958496,26.385393
1744,p,0.003780,0.117350,0.020000,75.345459,141.129849
1745,s,0.023128,0.015350,0.020000,23.294434,58.478351
1746,p,0.003780,0.022300,0.021500,42.645752,47.579849
1747,pp,0.002838,0.015350,0.018500,63.235840,36.688325
1748,p,0.003780,0.010100,0.020000,84.908203,33.879849
1749,dp,0.002464,0.077550,0.022000,95.411621,102.014344
1755,d,0.002385,0.005300,0.022000,7.087158,29.685393
1756,dd,0.002426,0.005800,0.021500,14.503662,29.725915
1757,s,0.023128,0.059550,0.019200,22.036133,101.878351
1758,p,0.003780,0.090100,0.020000,41.186035,113.879849
1759,d,0.002385,0.081800,0.020000,51.005127,104.185393
1750,d,0.002385,0.038750,0.022000,6.752686,63.135393
1751,p,0.003780,0.119700,0.020000,26.675537,143.479849
1752,s,0.023128,0.008750,0.022000,36.733887,53.878351
1753,s,0.023128,0.035150,0.022000,44.425781,80.278351
1754,dp,0.002464,0.089650,0.022000,52.332031,114.114344
1765,d,0.002385,0.073250,0.022000,16.726807,97.635393
1766,d,0.002385,0.061950,0.020000,23.750732,84.335393
1767,d,0.002385,0.028550,0.021500,30.735596,52.435393
1768,p,0.003780,0.008450,0.022000,49.820312,34.229849
1769,pd,0.002977,0.013250,0.021500,71.237061,37.727001
1760,s,0.023128,0.004450,0.021500,8.462646,49.078351
1761,p,0.003780,0.027050,0.020000,28.954102,50.829849
1762,p,0.003780,0.016350,0.019200,50.043457,39.329849
1763,dp,0.002464,0.076100,0.020000,59.596924,98.564344
1764,d,0.002385,0.094100,0.019200,67.005615,115.685393
1770,s,0.023128,0.094750,0.020000,18.810303,137.878351
1771,s,0.023128,0.015500,0.022000,26.438477,60.628351
1772,p,0.003780,0.066150,0.020000,45.198242,89.929849
1773,ss,0.018821,0.137200,0.022000,54.463379,178.020769
1774,ds,0.002343,0.018300,0.020000,61.378906,40.642513
1775,s,0.023128,0.006650,0.019200,22.156250,48.978351
1776,d,0.002385,0.083800,0.021500,30.059814,107.685393
1777,p,0.003780,0.026350,0.022000,48.607910,52.129849
1778,sd,0.018668,0.097350,0.022000,57.977783,138.017773
1779,sp,0.018754,0.048250,0.018500,64.967285,85.503690
1780,p,0.003780,0.007500,0.018500,35.488770,29.779849
1781,s,0.023128,0.005700,0.018500,45.081543,47.328351
1782,s,0.023128,0.066500,0.019200,52.132812,108.828351
1783,dp,0.002464,0.010550,0.018500,59.195801,31.514344
1784,ds,0.002343,0.014000,0.019200,66.278320,35.542513
1790,p,0.003780,0.003800,0.020000,35.861816,27.579849
1791,p,0.003780,0.017050,0.018500,56.690674,39.329849
1792,s,0.023128,0.099150,0.022000,65.921631,144.278351
1793,s,0.023128,0.007350,0.021500,72.707031,51.978351
1794,p,0.003780,0.081650,0.021500,91.130127,106.929849
1785,p,0.003780,0.027450,0.022000,24.734863,53.229849
1786,p,0.003780,0.059550,0.022000,46.887939,85.329849
1787,sp,0.018754,0.047150,0.022000,56.400391,87.903690
1788,p,0.003780,0.088650,0.022000,75.537109,114.429849
1789,pp,0.002838,0.027950,0.018500,96.684814,49.288325
1795,p,0.003780,0.078300,0.018500,18.193604,100.579849
1796,p,0.003780,0.070800,0.019200,39.132080,93.779849
1797,pp,0.002838,0.060250,0.018500,60.465576,81.588325
1798,p,0.003780,0.006450,0.018500,81.363525,28.729849
1799,spp,0.018537,0.085200,0.021500,90.767822,125.237181
1800,s,0.023128,0.081450,0.021500,6.857910,126.078351
1801,d,0.002385,0.004900,0.022000,14.156738,29.285393
1802,ds,0.002343,0.038600,0.021500,21.580322,62.442513
1803,dds,0.002685,0.019500,0.020000,28.912354,42.185273
1804,p,0.003780,0.059550,0.019200,47.624756,82.529849
1805,d,0.002385,0.058450,0.020000,6.629150,80.835393
1806,d,0.002385,0.031650,0.021500,13.905273,55.535393
1807,d,0.002385,0.005200,0.021500,21.135254,29.085393
1808,d,0.002385,0.019800,0.018500,28.436768,40.685393
1809,pd,0.002977,0.004350,0.021500,46.962646,28.827001
1810,s,0.023128,0.069850,0.021500,22.889160,114.478351
1811,p,0.003780,0.017000,0.020000,42.438721,40.779849
1812,ds,0.002343,0.071450,0.020000,52.211670,93.792513
1813,p,0.003780,0.064650,0.019200,70.976074,87.629849
1814,sp,0.018754,0.051200,0.020000,80.416992,89.953690
1815,p,0.003780,0.009550,0.020000,38.880615,33.329849
1816,p,0.003780,0.007000,0.021500,59.903564,32.279849
1817,p,0.003780,0.091300,0.018500,80.757568,113.579849
1818,s,0.023128,0.070500,0.021500,90.208984,115.128351
1819,s,0.023128,0.006900,0.022000,97.179932,52.028351
1825,d,0.002385,0.013650,0.019200,23.701904,35.235393
1826,d,0.002385,0.132500,0.020000,31.761475,154.885393
1827,sd,0.018668,0.091650,0.018500,38.726074,128.817773
1828,s,0.023128,0.011450,0.020000,45.606934,54.578351
1829,ds,0.002343,0.025500,0.020000,53.044189,47.842513
1820,s,0.023128,0.060950,0.020000,25.685547,104.078351
1821,p,0.003780,0.004700,0.018500,45.545166,26.979849
1822,p,0.003780,0.033750,0.018500,66.354004,56.029849
1823,pp,0.002838,0.061800,0.021500,87.376953,86.138325
1824,d,0.002385,0.006950,0.019200,97.059814,28.535393
1830,p,0.003780,0.061850,0.022000,18.931885,87.629849
1831,d,0.002385,0.030300,0.021500,28.754395,54.185393
1832,s,0.023128,0.027450,0.020000,36.108887,70.578351
1833,ss,0.018821,0.044550,0.022000,43.260254,85.370769
1834,pss,0.002833,0.057000,0.019200,62.241211,79.032709
1840,d,0.002385,0.049900,0.018500,6.954590,70.785393
1841,dd,0.002426,0.086100,0.019200,14.337402,107.725915
1842,s,0.023128,0.005750,0.020000,21.380859,48.878351
1843,ps,0.002840,0.005750,0.018500,40.210938,27.089786
1844,s,0.023128,0.013350,0.021500,49.698730,57.978351
1835,s,0.023128,0.104200,0.020000,17.570312,147.328351
1836,d,0.002385,0.054150,0.019200,25.397217,75.735393
1837,ss,0.018821,0.071400,0.019200,32.169678,109.420769
1838,sd,0.018668,0.068200,0.020000,38.915283,106.867773
1839,p,0.003780,0.003950,0.022000,57.481689,29.729849
1845,p,0.003780,0.014450,0.020000,17.738770,38.229849
1846,d,0.002385,0.100250,0.022000,27.145264,124.635393
1847,pp,0.002838,0.012750,0.019200,45.892822,34.788325
1848,sd,0.018668,0.099750,0.021500,55.134521,139.917773
1849,sp,0.018754,0.070050,0.018500,61.998779,107.303690
1855,s,0.023128,0.018450,0.019200,8.464844,60.778351
1856,d,0.002385,0.028800,0.020000,15.841064,51.185393
1857,p,0.003780,0.012150,0.019200,35.035889,35.129849
1858,sd,0.018668,0.105700,0.022000,44.739258,146.367773
1859,p,0.003780,0.054450,0.021500,63.798340,79.729849
1850,s,0.023128,0.004000,0.018500,23.226807,45.628351
1851,d,0.002385,0.043350,0.019200,31.325928,64.935393
1852,p,0.003780,0.079300,0.020000,49.943604,103.079849
1853,p,0.003780,0.020700,0.021500,70.897705,45.979849
1854,pp,0.002838,0.015850,0.019200,93.498535,37.888325
1865,p,0.003780,0.037350,0.020000,18.215576,61.129849
1866,dp,0.002464,0.085050,0.018500,27.945557,106.014344
1867,p,0.003780,0.009750,0.022000,46.518066,35.529849
1868,sp,0.018754,0.014350,0.018500,55.874756,51.603690
1869,s,0.023128,0.004550,0.022000,62.798584,49.678351
1860,s,0.023128,0.004850,0.018500,6.502930,46.478351
1861,s,0.023128,0.064100,0.020000,13.625244,107.228351
1862,ss,0.018821,0.070900,0.020000,20.577637,109.720769
1863,d,0.002385,0.011400,0.018500,28.381348,32.285393
1864,dss,0.002842,0.048150,0.022000,35.873779,72.991615
1870,p,0.003780,0.012150,0.018500,18.295410,34.429849
1871,d,0.002385,0.005400,0.020000,28.303711,27.785393
1872,p,0.003780,0.061800,0.022000,47.331787,87.579849
1873,p,0.003780,0.005000,0.022000,67.850098,30.779849
1874,p,0.003780,0.054300,0.022000,88.338623,80.079849
1875,p,0.003780,0.012350,0.021500,19.157471,37.629849
1876,d,0.002385,0.103650,0.018500,28.916260,124.535393
1877,d,0.002385,0.091400,0.019200,36.229248,112.985393
1878,sd,0.018668,0.040350,0.019200,43.639160,78.217773
1879,dd,0.002426,0.041650,0.020000,51.046387,64.075915
1885,d,0.002385,0.024950,0.020000,23.583984,47.335393
1886,d,0.002385,0.072000,0.019200,31.470215,93.585393
1887,d,0.002385,0.003700,0.020000,38.525146,26.085393
1888,sd,0.018668,0.059500,0.019200,45.692627,97.367773
1889,s,0.023128,0.010150,0.018500,52.745361,51.778351
1890,s,0.023128,0.005450,0.021500,15.201416,50.078351
1891,s,0.023128,0.076000,0.018500,22.317627,117.628351
1892,s,0.023128,0.014950,0.022000,29.244385,60.078351
1893,s,0.023128,0.013850,0.020000,36.255859,56.978351
1894,ps,0.002840,0.023650,0.021500,55.007324,47.989786
1880,d,0.002385,0.094050,0.019200,15.925293,115.635393
1881,s,0.023128,0.006000,0.022000,23.283203,51.128351
1882,p,0.003780,0.044850,0.022000,43.200928,70.629849
1883,s,0.023128,0.012050,0.019200,53.793701,54.378351
1884,ds,0.002343,0.007900,0.022000,61.613037,32.242513
1910,s,0.023128,0.015700,0.018500,8.525879,57.328351
1911,d,0.002385,0.084200,0.018500,19.476562,105.085393
1912,sd,0.018668,0.055950,0.021500,27.216309,96.117773
1913,ds,0.002343,0.013400,0.018500,34.868164,34.242513
1914,s,0.023128,0.020250,0.018500,41.880127,61.878351
1900,d,0.002385,0.031550,0.020000,6.879639,53.935393
1901,d,0.002385,0.016400,0.021500,14.841064,40.285393
1902,pd,0.002977,0.028250,0.021500,35.457764,52.727001
1903,pp,0.002838,0.014050,0.020000,57.491699,36.888325
1904,d,0.002385,0.043650,0.018500,67.806152,64.535393
1905,d,0.002385,0.005050,0.019200,6.866943,26.635393
1906,p,0.003780,0.106600,0.022000,25.681641,132.379849
1907,s,0.023128,0.061750,0.018500,35.170410,103.378351
1908,p,0.003780,0.094900,0.021500,54.343018,120.179849
1909,sp,0.018754,0.063450,0.022000,63.670166,104.203690
1895,s,0.023128,0.004500,0.021500,23.650391,49.128351
1896,ss,0.018821,0.003950,0.021500,33.072754,44.270769
1897,d,0.002385,0.096450,0.019200,47.166260,118.035393
1898,sss,0.019288,0.004150,0.022000,54.164062,45.438093
1899,ssss,0.018888,0.004500,0.022000,61.007568,45.388175
1920,d,0.002385,0.004300,0.021500,23.745361,28.185393
1921,d,0.002385,0.023350,0.019200,31.651855,44.935393
1922,p,0.003780,0.054550,0.021500,50.588135,79.829849
1923,dd,0.002426,0.013400,0.022000,60.163330,37.825915
1924,p,0.003780,0.018600,0.019200,78.931641,41.579849
1915,s,0.023128,0.061300,0.018500,9.422852,102.928351
1916,p,0.003780,0.017350,0.018500,29.169434,39.629849
1917,sp,0.018754,0.019150,0.022000,38.903809,59.903690
1918,p,0.003780,0.035850,0.022000,57.959229,61.629849
1919,pp,0.002838,0.047100,0.018500,80.618896,68.438325
1925,s,0.023128,0.044550,0.022000,9.899414,89.678351
1926,d,0.002385,0.007850,0.021500,27.415283,31.735393
1927,d,0.002385,0.121650,0.020000,34.689453,144.035393
1928,sd,0.018668,0.067950,0.021500,41.509033,108.117773
1929,psd,0.003139,0.141900,0.018500,59.951660,163.538792
1930,p,0.003780,0.003500,0.020000,18.419434,27.279849
1931,s,0.023128,0.086450,0.020000,27.629395,129.578351
1932,p,0.003780,0.017850,0.019200,46.390625,40.829849
1933,p,0.003780,0.073400,0.019200,67.289551,96.379849
1934,s,0.023128,0.006050,0.018500,76.496338,47.678351
1940,s,0.023128,0.016300,0.022000,7.256348,61.428351
1941,p,0.003780,0.010600,0.021500,26.098389,35.879849
1942,ps,0.002840,0.079800,0.022000,47.663330,104.639786
1943,sps,0.018360,0.035950,0.021500,57.148193,75.810251
1944,s,0.023128,0.005400,0.020000,64.264648,48.528351
1935,s,0.023128,0.005100,0.020000,6.606934,48.228351
1936,d,0.002385,0.101700,0.020000,13.959717,124.085393
1937,p,0.003780,0.020100,0.020000,32.678711,43.879849
1938,sd,0.018668,0.103400,0.022000,41.963623,144.067773
1939,psd,0.003139,0.057550,0.020000,60.668457,80.688792
1945,s,0.023128,0.004900,0.022000,6.514160,50.028351
1946,d,0.002385,0.007650,0.022000,13.872314,32.035393
1947,s,0.023128,0.020650,0.020000,20.812012,63.778351
1948,ss,0.018821,0.004550,0.022000,27.747803,45.370769
1949,ds,0.002343,0.011450,0.021500,35.152100,35.292513
1950,p,0.003780,0.129300,0.018500,18.174072,151.579849
1951,s,0.023128,0.098150,0.021500,27.302490,142.778351
1952,pp,0.002838,0.078350,0.019200,46.198730,100.388325
1953,p,0.003780,0.005350,0.020000,67.261475,29.129849
1954,dp,0.002464,0.005150,0.018500,76.788818,26.114344
1955,s,0.023128,0.093500,0.021500,6.603760,138.128351
1956,ps,0.002840,0.037350,0.019200,25.514648,59.389786
1957,s,0.023128,0.108350,0.019200,34.658203,150.678351
1958,s,0.023128,0.022950,0.021500,41.446777,67.578351
1959,ss,0.018821,0.059750,0.022000,48.510254,100.570769
1965,p,0.003780,0.026400,0.018500,21.562500,48.679849
1966,sp,0.018754,0.070050,0.022000,31.151123,110.803690
1967,p,0.003780,0.073500,0.022000,50.440674,99.279849
1968,ssp,0.018787,0.017450,0.022000,59.731934,58.237195
1969,pss,0.002833,0.011150,0.021500,78.164062,35.482709
1960,s,0.023128,0.051500,0.019200,6.484619,93.828351
1961,ss,0.018821,0.057550,0.022000,13.628662,98.370769
1962,s,0.023128,0.009900,0.019200,20.622559,52.228351
1963,ss,0.018821,0.007050,0.022000,27.959717,47.870769
1964,dss,0.002842,0.084450,0.018500,35.911133,105.791615
1975,s,0.023128,0.067550,0.020000,23.592285,110.678351
1976,d,0.002385,0.079200,0.020000,31.658936,101.585393
1977,d,0.002385,0.016700,0.020000,38.752197,39.085393
1978,dd,0.002426,0.009500,0.021500,45.830811,33.425915
1979,s,0.023128,0.062650,0.019200,52.786377,104.978351
1970,p,0.003780,0.099150,0.020000,19.114502,122.929849
1971,p,0.003780,0.013100,0.019200,41.627686,36.079849
1972,sp,0.018754,0.065050,0.021500,51.120361,105.303690
1973,s,0.023128,0.031550,0.022000,58.127686,76.678351
1974,psp,0.002926,0.060350,0.018500,77.142334,81.775658
1980,s,0.023128,0.004900,0.021500,13.477539,49.528351
1981,d,0.002385,0.078300,0.019200,20.708008,99.885393
1982,d,0.002385,0.047150,0.018500,27.970703,68.035393
1983,p,0.003780,0.018750,0.018500,46.965088,41.029849
1984,dd,0.002426,0.056750,0.018500,57.834961,77.675915
1985,d,0.002385,0.053750,0.019200,22.676514,75.335393
1986,p,0.003780,0.005650,0.018500,42.438721,27.929849
1987,s,0.023128,0.020250,0.022000,52.051270,65.378351
1988,p,0.003780,0.007350,0.022000,71.689209,33.129849
1989,ds,0.002343,0.045650,0.019200,82.792969,67.192513
1995,p,0.003780,0.078200,0.021500,35.643799,103.479849
1996,s,0.023128,0.104000,0.018500,45.074219,145.628351
1997,sp,0.018754,0.075250,0.019200,52.166504,113.203690
1998,d,0.002385,0.004700,0.018500,59.281250,25.585393
1999,d,0.002385,0.010500,0.022000,66.416260,34.885393
1990,d,0.002385,0.024150,0.019200,7.846924,45.735393
1991,d,0.002385,0.006950,0.022000,15.349121,31.335393
1992,d,0.002385,0.028550,0.018500,22.716797,49.435393
1993,sd,0.018668,0.004900,0.021500,29.822754,45.067773
1994,ssd,0.018735,0.007250,0.018500,36.698486,44.484503
2000,d,0.002385,0.004700,0.020000,6.968994,27.085393
2001,s,0.023128,0.050000,0.022000,13.951416,95.128351
2002,pd,0.002977,0.008500,0.019200,32.507568,30.677001
2003,d,0.002385,0.012450,0.022000,41.743164,36.835393
2004,sp,0.018754,0.004950,0.021500,48.596924,45.203690
2005,d,0.002385,0.058650,0.019200,17.808594,80.235393
2006,d,0.002385,0.017600,0.019200,25.575928,39.185393
2007,dd,0.002426,0.058350,0.022000,32.920166,82.775915
2008,sd,0.018668,0.012000,0.022000,40.002197,52.667773
2009,sdd,0.018511,0.058350,0.021500,49.544434,98.360933
2010,d,0.002385,0.017200,0.019200,24.161865,38.785393
2011,sd,0.018668,0.022950,0.022000,31.734131,63.617773
2012,d,0.002385,0.084350,0.020000,38.910645,106.735393
2013,sd,0.018668,0.020400,0.018500,46.015869,57.567773
2014,p,0.003780,0.037800,0.020000,64.805908,61.579849
2015,p,0.003780,0.027950,0.020000,18.825684,51.729849
2016,s,0.023128,0.004850,0.020000,28.345459,47.978351
2017,d,0.002385,0.096800,0.018500,35.567871,117.685393
2018,dp,0.002464,0.044300,0.019200,42.806396,65.964344
2019,s,0.023128,0.005600,0.020000,49.793945,48.728351
2020,d,0.002385,0.060200,0.021500,15.132324,84.085393
2021,d,0.002385,0.004500,0.019200,22.419678,26.085393
2022,dd,0.002426,0.058900,0.018500,29.383789,79.825915
2023,p,0.003780,0.025050,0.021500,47.777832,50.329849
2024,s,0.023128,0.057550,0.019200,56.754639,99.878351
2025,d,0.002385,0.008900,0.020000,7.345947,31.285393
2026,sd,0.018668,0.032400,0.021500,15.007080,72.567773
2027,p,0.003780,0.120250,0.019200,35.705078,143.229849
2028,p,0.003780,0.003900,0.022000,56.998047,29.679849
2029,s,0.023128,0.024500,0.020000,66.155273,67.628351
2030,d,0.002385,0.034550,0.019200,6.686035,56.135393
2031,p,0.003780,0.091550,0.019200,25.301758,114.529849
2032,d,0.002385,0.061000,0.022000,34.733154,85.385393
2033,p,0.003780,0.012150,0.022000,53.042480,37.929849
2034,d,0.002385,0.129700,0.021500,62.859131,153.585393
2035,p,0.003780,0.101700,0.020000,18.092041,125.479849
2036,s,0.023128,0.080850,0.018500,27.484619,122.478351
2037,ds,0.002343,0.058850,0.022000,34.958252,83.192513
2038,s,0.023128,0.008800,0.018500,41.754395,50.428351
2039,sds,0.018566,0.057400,0.018500,48.573730,94.466086
2045,d,0.002385,0.052650,0.020000,27.764160,75.035393
2046,pd,0.002977,0.070250,0.021500,48.049561,94.727001
2047,p,0.003780,0.066500,0.021500,69.682861,91.779849
2048,p,0.003780,0.005550,0.019200,91.159912,28.529849
2049,pp,0.002838,0.089700,0.021500,112.086182,114.038325
2040,s,0.023128,0.005950,0.020000,6.379395,49.078351
2041,s,0.023128,0.011100,0.019200,13.337158,53.428351
2042,ds,0.002343,0.015250,0.018500,20.507324,36.092513
2043,d,0.002385,0.018450,0.018500,27.791748,39.335393
2044,s,0.023128,0.022350,0.018500,34.787109,63.978351
2050,d,0.002385,0.005050,0.022000,17.146973,29.435393
2051,s,0.023128,0.057750,0.020000,24.949219,100.878351
2052,d,0.002385,0.016750,0.019200,31.848389,38.335393
2053,d,0.002385,0.050300,0.018500,38.776855,71.185393
2054,s,0.023128,0.020350,0.021500,45.569336,64.978351
2055,d,0.002385,0.098150,0.021500,15.256348,122.035393
2056,s,0.023128,0.007150,0.019200,22.835938,49.478351
2057,p,0.003780,0.009150,0.021500,41.480713,34.429849
2058,p,0.003780,0.067850,0.021500,62.389160,93.129849
2059,ds,0.002343,0.010500,0.022000,71.722168,34.842513
2060,s,0.023128,0.026400,0.020000,25.432617,69.528351
2061,d,0.002385,0.091650,0.019200,32.832520,113.235393
2062,p,0.003780,0.063450,0.018500,52.096680,85.729849
2063,dd,0.002426,0.039500,0.021500,61.802979,63.425915
2064,p,0.003780,0.097550,0.022000,80.526367,123.329849
2065,s,0.023128,0.029250,0.020000,21.081543,72.378351
2066,p,0.003780,0.007250,0.022000,40.133057,33.029849
2067,s,0.023128,0.012250,0.020000,49.292725,55.378351
2068,sp,0.018754,0.004700,0.020000,56.092529,43.453690
2069,ps,0.002840,0.026300,0.019200,74.629883,48.339786
2075,d,0.002385,0.081050,0.021500,23.686523,104.935393
2076,p,0.003780,0.005150,0.019200,43.201416,28.129849
2077,d,0.002385,0.087500,0.022000,52.556152,111.885393
2078,s,0.023128,0.013850,0.022000,59.533691,58.978351
2079,dd,0.002426,0.070250,0.021500,66.805664,94.175915
2070,s,0.023128,0.011000,0.020000,9.231689,54.128351
2071,p,0.003780,0.058550,0.018500,28.490234,80.829849
2072,p,0.003780,0.115150,0.022000,52.132080,140.929849
2073,sp,0.018754,0.063100,0.020000,62.229980,101.853690
2074,ssp,0.018787,0.049350,0.018500,69.570312,86.637195
2085,s,0.023128,0.104550,0.022000,23.919678,149.678351
2086,p,0.003780,0.057100,0.018500,54.806641,79.379849
2087,d,0.002385,0.036650,0.022000,64.359131,61.035393
2088,dp,0.002464,0.121450,0.018500,71.856445,142.414344
2089,p,0.003780,0.009750,0.018500,90.343506,32.029849
2080,d,0.002385,0.137600,0.021500,6.912109,161.485393
2081,p,0.003780,0.099350,0.018500,26.189941,121.629849
2082,s,0.023128,0.113450,0.021500,35.825928,158.078351
2083,ds,0.002343,0.052350,0.021500,43.083740,76.192513
2084,d,0.002385,0.003900,0.020000,50.427002,26.285393
2095,d,0.002385,0.011850,0.018500,6.988770,32.735393
2096,p,0.003780,0.009200,0.020000,25.894043,32.979849
2097,p,0.003780,0.054400,0.019200,46.939697,77.379849
2098,p,0.003780,0.079500,0.021500,68.358154,104.779849
2099,p,0.003780,0.007250,0.018500,89.104980,29.529849
2090,s,0.023128,0.005200,0.021500,6.689209,49.828351
2091,p,0.003780,0.010900,0.021500,26.405518,36.179849
2092,ds,0.002343,0.004300,0.019200,36.390625,25.842513
2093,s,0.023128,0.045000,0.021500,43.927979,89.628351
2094,sp,0.018754,0.006200,0.019200,51.012939,44.153690
2100,p,0.003780,0.061250,0.019200,28.436523,84.229849
2101,s,0.023128,0.093250,0.019200,37.577393,135.578351
2102,d,0.002385,0.020850,0.019200,44.536865,42.435393
2103,s,0.023128,0.007300,0.022000,51.358643,52.428351
2104,ds,0.002343,0.005750,0.020000,58.271973,28.092513
2105,d,0.002385,0.004350,0.019200,6.868652,25.935393
2106,s,0.023128,0.033300,0.022000,13.882568,78.428351
2107,ds,0.002343,0.014350,0.022000,21.090820,38.692513
2108,sd,0.018668,0.004700,0.020000,28.040283,43.367773
2109,pds,0.003022,0.086150,0.019200,46.915527,108.371933
2110,d,0.002385,0.026300,0.022000,7.256104,50.685393
2111,d,0.002385,0.006700,0.021500,14.608398,30.585393
2112,s,0.023128,0.037300,0.021500,21.593262,81.928351
2113,pd,0.002977,0.005250,0.018500,40.287109,26.727001
2114,ps,0.002840,0.171950,0.018500,61.816406,193.289786
2115,s,0.023128,0.066350,0.022000,23.460205,111.478351
2116,d,0.002385,0.007450,0.021500,31.669434,31.335393
2117,s,0.023128,0.013850,0.018500,38.695557,55.478351
2118,ps,0.002840,0.058350,0.020000,57.625732,81.189786
2119,s,0.023128,0.004500,0.021500,67.020752,49.128351
2120,d,0.002385,0.015350,0.021500,7.027588,39.235393
2121,s,0.023128,0.010650,0.019200,14.625488,52.978351
2122,s,0.023128,0.070200,0.021500,22.121582,114.828351
2123,ss,0.018821,0.063550,0.021500,29.292969,103.870769
2124,ps,0.002840,0.153000,0.018500,48.233154,174.339786
2125,d,0.002385,0.007350,0.021500,11.785400,31.235393
2126,p,0.003780,0.066950,0.021500,30.458496,92.229849
2127,d,0.002385,0.021800,0.018500,40.156494,42.685393
2128,s,0.023128,0.010550,0.018500,47.380371,52.178351
2129,dd,0.002426,0.023500,0.022000,54.552246,47.925915
2130,d,0.002385,0.056400,0.018500,22.789795,77.285393
2131,s,0.023128,0.053800,0.018500,30.276611,95.428351
2132,d,0.002385,0.003950,0.022000,37.631104,28.335393
2133,ds,0.002343,0.028200,0.018500,44.751465,49.042513
2134,s,0.023128,0.008800,0.021500,51.592529,53.428351
2140,p,0.003780,0.024100,0.022000,19.153076,49.879849
2141,p,0.003780,0.013600,0.018500,40.801758,35.879849
2142,p,0.003780,0.047100,0.019200,61.392090,70.079849
2143,sp,0.018754,0.008750,0.022000,70.658691,49.503690
2144,sp,0.018754,0.056000,0.019200,77.751221,93.953690
2135,s,0.023128,0.004600,0.021500,6.403809,49.228351
2136,d,0.002385,0.086450,0.018500,13.689697,107.335393
2137,ds,0.002343,0.005150,0.019200,21.149170,26.692513
2138,pds,0.003022,0.009750,0.018500,39.974121,31.271933
2139,dd,0.002426,0.109550,0.019200,50.016357,131.175915
2150,p,0.003780,0.089000,0.020000,18.252197,112.779849
2151,d,0.002385,0.005400,0.022000,27.553467,29.785393
2152,d,0.002385,0.022650,0.019200,34.485840,44.235393
2153,dd,0.002426,0.093350,0.019200,41.458496,114.975915
2154,dd,0.002426,0.004200,0.020000,48.382812,26.625915
2145,p,0.003780,0.075600,0.020000,27.767822,99.379849
2146,pp,0.002838,0.040100,0.018500,49.280518,61.438325
2147,p,0.003780,0.015600,0.021500,69.782227,40.879849
2148,d,0.002385,0.054450,0.021500,79.505127,78.335393
2149,d,0.002385,0.005350,0.018500,86.547607,26.235393
2160,p,0.003780,0.015050,0.018500,18.605469,37.329849
2161,d,0.002385,0.066900,0.019200,28.281250,88.485393
2162,d,0.002385,0.043350,0.021500,35.492432,67.235393
2163,sd,0.018668,0.060750,0.019200,42.466553,98.617773
2164,sd,0.018668,0.072500,0.021500,49.365967,112.667773
2155,s,0.023128,0.065500,0.018500,6.493896,107.128351
2156,ps,0.002840,0.089850,0.018500,24.932617,111.189786
2157,d,0.002385,0.029450,0.019200,34.410400,51.035393
2158,d,0.002385,0.050000,0.018500,41.780029,70.885393
2159,p,0.003780,0.017400,0.019200,60.535645,40.379849
2170,d,0.002385,0.067850,0.022000,8.653320,92.235393
2171,d,0.002385,0.011250,0.019200,17.495117,32.835393
2172,dd,0.002426,0.012500,0.022000,24.772949,36.925915
2173,dd,0.002426,0.040750,0.020000,32.246582,63.175915
2174,d,0.002385,0.119100,0.022000,39.589844,143.485393
2165,s,0.023128,0.125150,0.020000,9.798096,168.278351
2166,s,0.023128,0.008100,0.021500,19.676270,52.728351
2167,ss,0.018821,0.071150,0.021500,26.762939,111.470769
2168,ds,0.002343,0.007200,0.018500,34.693359,28.042513
2169,d,0.002385,0.109850,0.021500,42.275635,133.735393
2175,d,0.002385,0.102750,0.022000,6.913086,127.135393
2176,s,0.023128,0.099600,0.020000,14.010254,142.728351
2177,ps,0.002840,0.096150,0.020000,33.002686,118.989786
2178,pps,0.002854,0.098150,0.021500,54.928223,122.504053
2179,p,0.003780,0.004300,0.022000,78.447998,30.079849
2180,p,0.003780,0.096150,0.022000,35.833984,121.929849
2181,p,0.003780,0.073700,0.020000,56.802734,97.479849
2182,s,0.023128,0.026950,0.021500,68.547607,71.578351
2183,dp,0.002464,0.064850,0.018500,76.084961,85.814344
2184,sp,0.018754,0.056400,0.022000,83.336670,97.153690
2190,s,0.023128,0.091700,0.021500,9.625000,136.328351
2191,s,0.023128,0.004900,0.019200,17.045898,47.228351
2192,s,0.023128,0.008550,0.020000,28.674316,51.678351
2193,ss,0.018821,0.004150,0.022000,36.366943,44.970769
2194,p,0.003780,0.112250,0.019200,55.411865,135.229849
2185,d,0.002385,0.016800,0.022000,23.259521,41.185393
2186,s,0.023128,0.133750,0.019200,31.399170,176.078351
2187,sd,0.018668,0.026750,0.019200,38.321289,64.617773
2188,p,0.003780,0.004750,0.022000,56.840576,30.529849
2189,s,0.023128,0.027850,0.020000,65.952637,70.978351
2195,s,0.023128,0.005500,0.020000,10.014893,48.628351
2196,s,0.023128,0.071150,0.022000,20.893799,116.278351
2197,d,0.002385,0.087450,0.021500,30.019775,111.335393
2198,ps,0.002840,0.007100,0.021500,49.636719,31.439786
2199,d,0.002385,0.019950,0.019200,59.351807,41.535393
2200,p,0.003780,0.015250,0.022000,17.935547,41.029849
2201,pp,0.002838,0.013250,0.019200,38.675537,35.288325
2202,dpp,0.002514,0.010350,0.018500,48.406982,31.364416
2203,p,0.003780,0.101700,0.018500,67.109131,123.979849
2204,dd,0.002426,0.019100,0.019200,77.268555,40.725915
2210,d,0.002385,0.041900,0.020000,23.657471,64.285393
2211,s,0.023128,0.004400,0.020000,31.223389,47.528351
2212,s,0.023128,0.098850,0.020000,38.022217,141.978351
2213,ds,0.002343,0.004500,0.022000,45.202393,28.842513
2214,sds,0.018566,0.007250,0.022000,52.136719,47.816086
2205,d,0.002385,0.006600,0.022000,7.078613,30.985393
2206,d,0.002385,0.026150,0.021500,14.811768,50.035393
2207,p,0.003780,0.087450,0.019200,34.056396,110.429849
2208,p,0.003780,0.054250,0.022000,54.726318,80.029849
2209,d,0.002385,0.003900,0.019200,64.410156,25.485393
2215,d,0.002385,0.033750,0.019200,6.783691,55.335393
2216,d,0.002385,0.005450,0.018500,14.070068,26.335393
2217,d,0.002385,0.016600,0.020000,21.354004,38.985393
2218,s,0.023128,0.054600,0.021500,28.291748,99.228351
2219,pd,0.002977,0.017500,0.019200,46.858887,39.677001
2225,s,0.023128,0.083050,0.022000,23.435791,128.178351
2226,s,0.023128,0.038850,0.019200,31.136719,81.178351
2227,ds,0.002343,0.083800,0.020000,38.458984,106.142513
2228,d,0.002385,0.014800,0.022000,45.466553,39.185393
2229,s,0.023128,0.105600,0.021500,52.499023,150.228351
2220,d,0.002385,0.005150,0.020000,9.586670,27.535393
2221,s,0.023128,0.116850,0.018500,16.823486,158.478351
2222,p,0.003780,0.014750,0.022000,37.519287,40.529849
2223,pp,0.002838,0.008250,0.021500,60.340820,32.588325
2224,p,0.003780,0.004850,0.019200,83.033447,27.829849
2230,d,0.002385,0.051950,0.022000,17.648193,76.335393
2231,d,0.002385,0.039650,0.022000,25.437500,64.035393
2232,d,0.002385,0.028050,0.019200,32.905273,49.635393
2233,d,0.002385,0.009550,0.021500,40.860840,33.435393
2234,dd,0.002426,0.092450,0.022000,48.419189,116.875915
2235,s,0.023128,0.059300,0.020000,9.737549,102.428351
2236,ss,0.018821,0.011850,0.021500,18.885498,52.170769
2237,d,0.002385,0.054800,0.020000,26.347656,77.185393
2238,sd,0.018668,0.072450,0.019200,33.663574,110.317773
2239,p,0.003780,0.005200,0.019200,53.170898,28.179849
2245,s,0.023128,0.007250,0.021500,6.390137,51.878351
2246,s,0.023128,0.065900,0.019200,13.270996,108.228351
2247,s,0.023128,0.043350,0.022000,20.146484,88.478351
2248,s,0.023128,0.011300,0.018500,27.345215,52.928351
2249,ss,0.018821,0.004900,0.020000,34.486084,43.720769
2240,d,0.002385,0.026000,0.022000,6.774170,50.385393
2241,sd,0.018668,0.036200,0.019200,13.863525,74.067773
2242,d,0.002385,0.074450,0.018500,21.080811,95.335393
2243,sd,0.018668,0.036650,0.018500,28.016602,73.817773
2244,d,0.002385,0.004700,0.020000,35.197998,27.085393
2250,p,0.003780,0.004700,0.022000,18.960938,30.479849
2251,s,0.023128,0.073350,0.020000,28.711670,116.478351
2252,ps,0.002840,0.086350,0.020000,47.860596,109.189786
2253,d,0.002385,0.015350,0.020000,57.316650,37.735393
2254,pps,0.002854,0.082100,0.020000,75.707764,104.954053
2255,s,0.023128,0.056050,0.019200,10.605469,98.378351
2256,p,0.003780,0.009900,0.022000,32.598389,35.679849
2257,pp,0.002838,0.012450,0.020000,57.684814,35.288325
2258,d,0.002385,0.003650,0.019200,67.475098,25.235393
2259,ss,0.018821,0.088250,0.022000,74.732910,129.070769
2260,p,0.003780,0.080100,0.022000,35.680420,105.879849
2261,p,0.003780,0.041300,0.018500,56.231934,63.579849
2262,dp,0.002464,0.105550,0.020000,65.782227,128.014344
2263,ddp,0.002502,0.015900,0.020000,72.844238,38.401712
2264,s,0.023128,0.020400,0.020000,79.842285,63.528351
2265,s,0.023128,0.009600,0.019200,15.484619,51.928351
2266,d,0.002385,0.008250,0.019200,23.129395,29.835393
2267,d,0.002385,0.044450,0.020000,30.587402,66.835393
2268,s,0.023128,0.068950,0.019200,37.775879,111.278351
2269,ss,0.018821,0.083650,0.020000,44.924316,122.470769
2270,s,0.023128,0.005450,0.022000,23.192627,50.578351
2271,d,0.002385,0.071450,0.019200,31.803955,93.035393
2272,ds,0.002343,0.005400,0.018500,40.041748,26.242513
2273,s,0.023128,0.056200,0.020000,47.778809,99.328351
2274,p,0.003780,0.091350,0.021500,67.983887,116.629849
2275,s,0.023128,0.088500,0.020000,6.369385,131.628351
2276,p,0.003780,0.059750,0.022000,25.488281,85.529849
2277,ss,0.018821,0.091600,0.021500,35.061523,131.920769
2278,s,0.023128,0.020400,0.019200,42.086670,62.728351
2279,dp,0.002464,0.091450,0.019200,49.269775,113.114344
2280,s,0.023128,0.053750,0.018500,18.371826,95.378351
2281,s,0.023128,0.004750,0.020000,25.663086,47.878351
2282,d,0.002385,0.065100,0.019200,32.953369,86.685393
2283,p,0.003780,0.096350,0.021500,51.877930,121.629849
2284,d,0.002385,0.020900,0.020000,61.437988,43.285393
2285,s,0.023128,0.136000,0.018500,23.199219,177.628351
2286,d,0.002385,0.014850,0.018500,32.350586,35.735393
2287,pd,0.002977,0.006450,0.022000,51.519287,31.427001
2288,spd,0.018317,0.011050,0.022000,61.331543,51.367325
2289,p,0.003780,0.028800,0.019200,80.313965,51.779849
2290,d,0.002385,0.008550,0.018500,7.334229,29.435393
2291,s,0.023128,0.049900,0.019200,14.367188,92.228351
2292,sd,0.018668,0.010650,0.021500,21.340332,50.817773
2293,p,0.003780,0.057900,0.020000,40.510254,81.679849
2294,dp,0.002464,0.027950,0.021500,50.248535,51.914344
2295,d,0.002385,0.009450,0.019200,6.948486,31.035393
2296,s,0.023128,0.015750,0.022000,14.019043,60.878351
2297,ds,0.002343,0.008400,0.019200,23.310547,29.942513
2298,p,0.003780,0.083750,0.019200,42.309326,106.729849
2299,p,0.003780,0.051300,0.022000,63.168945,77.079849
2300,p,0.003780,0.047400,0.022000,27.751953,73.179849
2301,dp,0.002464,0.010800,0.022000,37.874268,35.264344
2302,d,0.002385,0.047600,0.018500,45.348145,68.485393
2303,sdp,0.018492,0.077550,0.020000,52.514648,116.041971
2304,p,0.003780,0.021000,0.020000,71.341553,44.779849
2305,d,0.002385,0.020750,0.021500,22.564453,44.635393
2306,s,0.023128,0.010000,0.018500,30.473633,51.628351
2307,p,0.003780,0.073450,0.018500,49.231934,95.729849
2308,dp,0.002464,0.078200,0.019200,58.610107,99.864344
2309,s,0.023128,0.008450,0.022000,65.482422,53.578351
2310,p,0.003780,0.092400,0.020000,18.802490,116.179849
2311,d,0.002385,0.008800,0.019200,29.459961,30.385393
2312,sp,0.018754,0.044750,0.021500,37.096191,85.003690
2313,s,0.023128,0.113450,0.018500,44.721924,155.078351
2314,ssp,0.018787,0.112850,0.019200,52.366211,150.837195
2315,p,0.003780,0.100050,0.021500,35.068604,125.329849
2316,p,0.003780,0.006900,0.019200,56.294678,29.879849
2317,s,0.023128,0.039500,0.021500,65.942383,84.128351
2318,pp,0.002838,0.079650,0.022000,85.545410,104.488325
2319,ppp,0.002790,0.062500,0.019200,106.751465,84.489957
2320,p,0.003780,0.080250,0.022000,19.689941,106.029849
2321,sp,0.018754,0.063300,0.019200,29.146240,101.253690
2322,dsp,0.002685,0.091500,0.018500,36.432373,112.684513
2323,s,0.023128,0.114500,0.020000,43.306885,157.628351
2324,s,0.023128,0.006700,0.020000,50.146729,49.828351
2325,d,0.002385,0.032950,0.022000,22.408447,57.335393
2326,d,0.002385,0.054450,0.018500,30.219238,75.335393
2327,d,0.002385,0.005200,0.022000,37.488525,29.585393
2328,pd,0.002977,0.101000,0.020000,56.233643,123.977001
2329,dd,0.002426,0.005350,0.019200,66.053467,26.975915
2330,d,0.002385,0.009400,0.020000,7.642334,31.785393
2331,s,0.023128,0.016900,0.022000,15.208252,62.028351
2332,p,0.003780,0.060300,0.021500,36.252930,85.579849
2333,p,0.003780,0.016050,0.019200,57.287842,39.029849
2334,sp,0.018754,0.091350,0.021500,66.793701,131.603690
2335,s,0.023128,0.010350,0.018500,21.581543,51.978351
2336,ds,0.002343,0.006650,0.018500,29.694824,27.492513
2337,s,0.023128,0.011100,0.021500,37.239502,55.728351
2338,ss,0.018821,0.015850,0.019200,44.712158,53.870769
2339,sss,0.019288,0.008100,0.018500,52.329834,45.888093
2340,p,0.003780,0.048950,0.022000,35.040527,74.729849
2341,d,0.002385,0.064750,0.022000,44.616211,89.135393
2342,d,0.002385,0.042800,0.018500,51.820312,63.685393
2343,s,0.023128,0.004450,0.020000,58.703613,47.578351
2344,sd,0.018668,0.079850,0.020000,65.497070,118.517773
2345,p,0.003780,0.031250,0.021500,18.630859,56.529849
2346,p,0.003780,0.010000,0.019200,39.443359,32.979849
2347,d,0.002385,0.054600,0.022000,49.113525,78.985393
2348,dp,0.002464,0.072650,0.021500,56.542969,96.614344
2349,sp,0.018754,0.007000,0.019200,63.728271,44.953690
2350,p,0.003780,0.072600,0.018500,18.814209,94.879849
2351,p,0.003780,0.059200,0.018500,39.698975,81.479849
2352,p,0.003780,0.038150,0.019200,60.468750,61.129849
2353,sp,0.018754,0.066250,0.020000,69.840088,105.003690
2354,pp,0.002838,0.129150,0.021500,88.517090,153.488325
2355,d,0.002385,0.004500,0.021500,6.887207,28.385393
2356,d,0.002385,0.122950,0.021500,14.231201,146.835393
2357,p,0.003780,0.093950,0.022000,33.006104,119.729849
2358,s,0.023128,0.028300,0.018500,42.256104,69.928351
2359,ss,0.018821,0.047100,0.020000,49.019775,85.920769
2360,d,0.002385,0.083550,0.019200,6.749268,105.135393
2361,sd,0.018668,0.051600,0.022000,14.092285,92.267773
2362,ssd,0.018735,0.051450,0.018500,21.098633,88.684503
2363,p,0.003780,0.036200,0.018500,39.584717,58.479849
2364,pssd,0.002940,0.114950,0.018500,60.472656,136.389578
2365,s,0.023128,0.074850,0.021500,23.503906,119.478351
2366,d,0.002385,0.033950,0.021500,31.611816,57.835393
2367,d,0.002385,0.007000,0.021500,38.785156,30.885393
2368,dd,0.002426,0.007150,0.021500,45.814941,31.075915
2369,ps,0.002840,0.075300,0.018500,64.192383,96.639786
2375,d,0.002385,0.044850,0.019200,6.836426,66.435393
2376,s,0.023128,0.066750,0.019200,13.868896,109.078351
2377,p,0.003780,0.004350,0.022000,32.365967,30.129849
2378,ss,0.018821,0.112250,0.021500,41.816650,152.570769
2379,d,0.002385,0.008100,0.019200,48.894287,29.685393
2370,s,0.023128,0.023250,0.021500,16.860352,67.878351
2371,d,0.002385,0.026800,0.018500,26.096436,47.685393
2372,d,0.002385,0.006400,0.020000,34.499756,28.785393
2373,p,0.003780,0.023100,0.022000,55.149658,48.879849
2374,sp,0.018754,0.007150,0.021500,64.903564,47.403690
2380,p,0.003780,0.064650,0.019200,19.618896,87.629849
2381,d,0.002385,0.023200,0.018500,29.263184,44.085393
2382,sp,0.018754,0.068200,0.018500,36.234863,105.453690
2383,dd,0.002426,0.117150,0.018500,43.345703,138.075915
2384,p,0.003780,0.004200,0.021500,62.313721,29.479849
2385,s,0.023128,0.038050,0.018500,6.808350,79.678351
2386,s,0.023128,0.004950,0.018500,13.825195,46.578351
2387,d,0.002385,0.078050,0.018500,21.280029,98.935393
2388,ps,0.002840,0.022500,0.020000,39.927490,45.339786
2389,dd,0.002426,0.068200,0.019200,49.716797,89.825915
2390,d,0.002385,0.007900,0.020000,22.751465,30.285393
2391,sd,0.018668,0.022800,0.021500,30.331055,62.967773
2392,d,0.002385,0.080200,0.018500,37.381836,101.085393
2393,d,0.002385,0.054400,0.020000,44.574707,76.785393
2394,p,0.003780,0.004900,0.019200,63.240723,27.879849
2395,d,0.002385,0.005850,0.021500,6.818115,29.735393
2396,dd,0.002426,0.004450,0.022000,14.304688,28.875915
2397,p,0.003780,0.066950,0.019200,33.573975,89.929849
2398,s,0.023128,0.084250,0.021500,42.940674,128.878351
2399,dp,0.002464,0.022300,0.018500,50.267090,43.264344
2400,s,0.023128,0.083150,0.018500,6.749023,124.778351
2401,p,0.003780,0.004400,0.018500,25.728271,26.679849
2402,d,0.002385,0.060100,0.018500,35.133057,80.985393
2403,sd,0.018668,0.017800,0.018500,42.004639,54.967773
2404,d,0.002385,0.067550,0.022000,48.926758,91.935393
2405,p,0.003780,0.063650,0.021500,18.216309,88.929849
2406,p,0.003780,0.016000,0.022000,39.117920,41.779849
2407,p,0.003780,0.006550,0.022000,60.547119,32.329849
2408,d,0.002385,0.085150,0.020000,70.707520,107.535393
2409,dd,0.002426,0.023000,0.018500,78.265381,43.925915
2415,s,0.023128,0.087250,0.020000,7.071289,130.378351
2416,p,0.003780,0.029450,0.020000,26.270508,53.229849
2417,pp,0.002838,0.034500,0.022000,47.122559,59.338325
2418,dpp,0.002514,0.099850,0.020000,56.798584,122.364416
2419,ps,0.002840,0.045350,0.021500,75.763428,69.689786
2410,s,0.023128,0.005350,0.019200,6.485596,47.678351
2411,p,0.003780,0.059750,0.021500,26.140381,85.029849
2412,s,0.023128,0.025900,0.020000,35.405518,69.028351
2413,dp,0.002464,0.127850,0.020000,42.641846,150.314344
2414,ds,0.002343,0.004900,0.019200,49.742676,26.442513
2425,s,0.023128,0.009200,0.019200,6.372070,51.528351
2426,p,0.003780,0.064900,0.021500,24.905273,90.179849
2427,p,0.003780,0.115000,0.020000,45.674805,138.779849
2428,dp,0.002464,0.029100,0.021500,55.224854,53.064344
2429,sp,0.018754,0.057900,0.022000,62.496338,98.653690
2420,d,0.002385,0.013650,0.018500,9.125488,34.535393
2421,d,0.002385,0.095150,0.018500,17.205322,116.035393
2422,d,0.002385,0.049350,0.021500,24.913330,73.235393
2423,sd,0.018668,0.023350,0.022000,33.129150,64.017773
2424,sd,0.018668,0.066200,0.022000,40.106934,106.867773
2430,s,0.023128,0.007800,0.018500,6.752441,49.428351
2431,d,0.002385,0.049050,0.018500,14.000000,69.935393
2432,ps,0.002840,0.025650,0.019200,32.820557,47.689786
2433,p,0.003780,0.027950,0.022000,54.148926,53.729849
2434,dp,0.002464,0.048250,0.018500,63.792236,69.214344
2435,p,0.003780,0.056800,0.019200,18.837158,79.779849
2436,pp,0.002838,0.088200,0.019200,39.953857,110.238325
2437,dpp,0.002514,0.091950,0.020000,50.234131,114.464416
2438,s,0.023128,0.120250,0.021500,57.617432,164.878351
2439,ds,0.002343,0.044550,0.019200,64.772949,66.092513
2445,d,0.002385,0.007800,0.018500,10.850586,28.685393
2446,p,0.003780,0.111100,0.022000,29.542969,136.879849
2447,sp,0.018754,0.049550,0.022000,38.665527,90.303690
2448,d,0.002385,0.063650,0.021500,45.725586,87.535393
2449,d,0.002385,0.007850,0.022000,53.017090,32.235393
2440,p,0.003780,0.012300,0.022000,18.159180,38.079849
2441,pp,0.002838,0.012350,0.022000,38.791748,37.188325
2442,d,0.002385,0.019000,0.022000,48.451660,43.385393
2443,p,0.003780,0.109850,0.022000,67.004883,135.629849
2444,d,0.002385,0.004500,0.020000,76.373291,26.885393
2455,s,0.023128,0.077450,0.019200,6.321289,119.778351
2456,p,0.003780,0.019050,0.020000,32.376221,42.829849
2457,p,0.003780,0.019350,0.019200,53.718750,42.329849
2458,d,0.002385,0.121800,0.020000,63.095215,144.185393
2459,dp,0.002464,0.018500,0.020000,70.405273,40.964344
2450,s,0.023128,0.005900,0.022000,19.209229,51.028351
2451,d,0.002385,0.091550,0.020000,27.056641,113.935393
2452,s,0.023128,0.027950,0.020000,34.745850,71.078351
2453,ps,0.002840,0.005150,0.021500,55.449463,29.489786
2454,s,0.023128,0.078350,0.022000,65.290039,123.478351
2460,p,0.003780,0.006650,0.022000,18.751709,32.429849
2461,s,0.023128,0.061300,0.020000,28.269287,104.428351
2462,ds,0.002343,0.085100,0.021500,35.767334,108.942513
2463,p,0.003780,0.008950,0.021500,54.849121,34.229849
2464,pds,0.003022,0.089300,0.019200,75.798096,111.521933
2465,d,0.002385,0.018350,0.019200,7.229248,39.935393
2466,s,0.023128,0.060550,0.019200,14.606445,102.878351
2467,pd,0.002977,0.007500,0.022000,33.292480,32.477001
2468,d,0.002385,0.070800,0.020000,43.299072,93.185393
2469,pp,0.002838,0.012350,0.022000,62.147705,37.188325
2470,s,0.023128,0.078550,0.019200,23.199707,120.878351
2471,d,0.002385,0.025050,0.022000,31.794434,49.435393
2472,d,0.002385,0.097200,0.020000,39.180908,119.585393
2473,d,0.002385,0.006200,0.022000,46.332031,30.585393
2474,dd,0.002426,0.019800,0.018500,53.479980,40.725915
2475,d,0.002385,0.063450,0.020000,13.552002,85.835393
2476,s,0.023128,0.125500,0.018500,21.291260,167.128351
2477,ds,0.002343,0.082200,0.018500,28.935791,103.042513
2478,s,0.023128,0.021000,0.022000,36.212646,66.128351
2479,dds,0.002685,0.054650,0.019200,43.541260,76.535273
2485,d,0.002385,0.019200,0.020000,8.829590,41.585393
2486,d,0.002385,0.020650,0.019200,15.903564,42.235393
2487,dd,0.002426,0.019750,0.022000,23.073730,44.175915
2488,s,0.023128,0.031650,0.018500,29.931885,73.278351
2489,p,0.003780,0.004800,0.020000,48.153320,28.579849
2480,d,0.002385,0.044550,0.021500,9.323242,68.435393
2481,d,0.002385,0.004150,0.019200,17.540039,25.735393
2482,d,0.002385,0.055450,0.021500,25.540283,79.335393
2483,p,0.003780,0.087600,0.022000,45.509521,113.379849
2484,s,0.023128,0.016300,0.018500,55.014648,57.928351
2490,p,0.003780,0.027000,0.018500,17.996582,49.279849
2491,s,0.023128,0.005100,0.022000,27.265869,50.228351
2492,pp,0.002838,0.069450,0.019200,46.283936,91.488325
2493,p,0.003780,0.100800,0.021500,67.198975,126.079849
2494,dp,0.002464,0.010650,0.019200,76.995117,32.314344
2495,p,0.003780,0.006400,0.021500,17.992188,31.679849
2496,s,0.023128,0.091450,0.019200,27.382568,133.778351
2497,ps,0.002840,0.050000,0.022000,46.130615,74.839786
2498,s,0.023128,0.054350,0.022000,55.512207,99.478351
2499,pps,0.002854,0.090450,0.018500,74.131592,111.804053
2505,p,0.003780,0.072650,0.021500,33.729004,97.929849
2506,p,0.003780,0.050000,0.022000,54.636963,75.779849
2507,p,0.003780,0.107150,0.022000,75.394287,132.929849
2508,sp,0.018754,0.071000,0.020000,84.726318,109.753690
2509,s,0.023128,0.011650,0.020000,91.699707,54.778351
2500,s,0.023128,0.046350,0.022000,23.407471,91.478351
2501,ss,0.018821,0.035850,0.021500,31.066162,76.170769
2502,d,0.002385,0.010050,0.021500,38.144043,33.935393
2503,dss,0.002842,0.035850,0.021500,45.622070,60.191615
2504,p,0.003780,0.004550,0.018500,64.140137,26.829849
2510,p,0.003780,0.052000,0.021500,29.951172,77.279849
2511,s,0.023128,0.004500,0.021500,40.198975,49.128351
2512,ss,0.018821,0.005800,0.020000,47.645996,44.620769
2513,pp,0.002838,0.083800,0.021500,66.982666,108.138325
2514,spp,0.018537,0.094100,0.021500,76.451416,134.137181
2515,s,0.023128,0.004500,0.019200,22.793701,46.828351
2516,s,0.023128,0.015950,0.022000,30.670410,61.078351
2517,ps,0.002840,0.005350,0.019200,49.536621,27.389786
2518,d,0.002385,0.048550,0.020000,59.316162,70.935393
2519,s,0.023128,0.067000,0.022000,67.322021,112.128351
2520,d,0.002385,0.006450,0.021500,8.756348,30.335393
2521,d,0.002385,0.012000,0.022000,15.869629,36.385393
2522,pd,0.002977,0.008450,0.018500,34.274170,29.927001
2523,s,0.023128,0.057100,0.021500,43.501953,101.728351
2524,dp,0.002464,0.016900,0.020000,50.555908,39.364344
2530,p,0.003780,0.087650,0.021500,36.066162,112.929849
2531,p,0.003780,0.060350,0.021500,58.210938,85.629849
2532,s,0.023128,0.006050,0.018500,68.361084,47.678351
2533,p,0.003780,0.092450,0.021500,88.448242,117.729849
2534,dp,0.002464,0.058350,0.020000,98.508789,80.814344
2525,s,0.023128,0.050550,0.020000,22.766846,93.678351
2526,s,0.023128,0.020700,0.019200,30.463867,63.028351
2527,d,0.002385,0.005000,0.018500,37.883301,25.885393
2528,d,0.002385,0.054200,0.020000,45.437988,76.585393
2529,ds,0.002343,0.131100,0.018500,52.564453,151.942513
2535,d,0.002385,0.061850,0.018500,10.176270,82.735393
2536,d,0.002385,0.051700,0.018500,17.226807,72.585393
2537,p,0.003780,0.005200,0.022000,36.199707,30.979849
2538,pd,0.002977,0.056850,0.018500,57.014404,78.327001
2539,s,0.023128,0.025700,0.020000,66.400879,68.828351
2545,d,0.002385,0.013250,0.020000,7.215820,35.635393
2546,d,0.002385,0.047100,0.021500,15.049805,70.985393
2547,d,0.002385,0.020400,0.020000,22.467041,42.785393
2548,dd,0.002426,0.064850,0.019200,29.705811,86.475915
2549,pdd,0.003045,0.111100,0.019200,48.521484,133.344804
2540,s,0.023128,0.011800,0.022000,6.970215,56.928351
2541,p,0.003780,0.052350,0.020000,25.589111,76.129849
2542,ss,0.018821,0.014700,0.018500,34.864258,52.020769
2543,sss,0.019288,0.018250,0.022000,41.851318,59.538093
2544,d,0.002385,0.005200,0.019200,49.021484,26.785393
2550,d,0.002385,0.074850,0.018500,8.414307,95.735393
2551,d,0.002385,0.033750,0.020000,15.668213,56.135393
2552,p,0.003780,0.018350,0.022000,34.608154,44.129849
2553,pd,0.002977,0.070500,0.018500,55.457275,91.977001
2554,sd,0.018668,0.123900,0.018500,64.614014,161.067773
2560,p,0.003780,0.066500,0.020000,20.085693,90.279849
2561,sp,0.018754,0.056050,0.019200,29.549805,94.003690
2562,p,0.003780,0.016400,0.022000,47.790283,42.179849
2563,dp,0.002464,0.038350,0.020000,57.071777,60.814344
2564,d,0.002385,0.067350,0.020000,64.355957,89.735393
2565,p,0.003780,0.014350,0.021500,30.854980,39.629849
2566,p,0.003780,0.021250,0.021500,51.587402,46.529849
2567,sp,0.018754,0.051150,0.022000,60.884033,91.903690
2568,p,0.003780,0.029450,0.019200,80.001709,52.429849
2569,ps,0.002840,0.025350,0.019200,100.896973,47.389786
2555,s,0.023128,0.013950,0.021500,23.083984,58.578351
2556,p,0.003780,0.036550,0.020000,43.034668,60.329849
2557,dp,0.002464,0.032000,0.019200,53.633301,53.664344
2558,s,0.023128,0.086300,0.022000,61.503418,131.428351
2559,ds,0.002343,0.003800,0.020000,69.427734,26.142513
2570,s,0.023128,0.033750,0.022000,14.779297,78.878351
2571,d,0.002385,0.023350,0.019200,22.055176,44.935393
2572,sd,0.018668,0.017250,0.020000,29.116943,55.917773
2573,psd,0.003139,0.011950,0.018500,47.661133,33.588792
2574,p,0.003780,0.007250,0.019200,68.136475,30.229849
2575,s,0.023128,0.060650,0.019200,6.650635,102.978351
2576,d,0.002385,0.100350,0.022000,14.035889,124.735393
2577,d,0.002385,0.013700,0.018500,21.590576,34.585393
2578,pd,0.002977,0.115350,0.020000,42.159180,138.327001
2579,dpd,0.002513,0.129600,0.019200,52.536133,151.312673
2585,s,0.023128,0.075400,0.019200,7.736816,117.728351
2586,d,0.002385,0.031850,0.018500,15.111572,52.735393
2587,pd,0.002977,0.012550,0.021500,34.331543,37.027001
2588,spd,0.018317,0.015400,0.019200,43.683594,52.917325
2589,d,0.002385,0.006550,0.020000,51.053711,28.935393
2590,p,0.003780,0.005200,0.019200,26.561279,28.179849
2591,s,0.023128,0.095400,0.020000,35.624756,138.528351
2592,ss,0.018821,0.088850,0.021500,42.336670,129.170769
2593,pss,0.002833,0.026150,0.021500,61.209717,50.482709
2594,d,0.002385,0.013050,0.018500,71.257324,33.935393
2580,d,0.002385,0.004300,0.019200,22.152832,25.885393
2581,d,0.002385,0.087600,0.019200,29.778320,109.185393
2582,d,0.002385,0.068250,0.019200,36.921875,89.835393
2583,pd,0.002977,0.088200,0.020000,55.629883,111.177001
2584,p,0.003780,0.011350,0.022000,76.157959,37.129849
2595,p,0.003780,0.048600,0.019200,34.477051,71.579849
2596,dp,0.002464,0.071450,0.022000,43.886719,95.914344
2597,sdp,0.018492,0.032150,0.022000,50.688965,72.641971
2598,p,0.003780,0.004250,0.018500,69.260498,26.529849
2599,s,0.023128,0.005750,0.019200,79.066650,48.078351
2600,s,0.023128,0.016600,0.021500,11.751221,61.228351
2601,p,0.003780,0.008750,0.020000,31.260010,32.529849
2602,d,0.002385,0.030250,0.019200,40.802246,51.835393
2603,d,0.002385,0.071500,0.018500,47.805420,92.385393
2604,s,0.023128,0.123550,0.018500,54.505127,165.178351
2610,ss,0.018821,0.076950,0.022000,6.622314,117.770769
2611,p,0.003780,0.064200,0.022000,25.559326,89.979849
2612,p,0.003780,0.032000,0.022000,46.187012,57.779849
2613,sp,0.018754,0.080400,0.021500,55.296631,120.653690
2614,s,0.023128,0.021000,0.018500,62.234863,62.628351
2605,s,0.023128,0.011250,0.019200,6.446777,53.578351
2606,d,0.002385,0.090900,0.020000,14.989014,113.285393
2607,s,0.023128,0.008450,0.018500,21.902100,50.078351
2608,d,0.002385,0.051900,0.018500,29.184570,72.785393
2609,ps,0.002840,0.004800,0.020000,47.614990,27.639786
2615,s,0.023128,0.090000,0.019200,18.889404,132.328351
2616,d,0.002385,0.024950,0.019200,26.390381,46.535393
2617,dd,0.002426,0.015000,0.022000,33.269287,39.425915
2618,p,0.003780,0.003950,0.020000,51.635254,27.729849
2619,dp,0.002464,0.004400,0.018500,60.889893,25.364344
2620,d,0.002385,0.061150,0.018500,15.096436,82.035393
2621,p,0.003780,0.042450,0.021500,33.874756,67.729849
2622,d,0.002385,0.112150,0.018500,43.170166,133.035393
2623,p,0.003780,0.089200,0.018500,61.476318,111.479849
2624,dp,0.002464,0.077450,0.018500,70.689697,98.414344
2625,s,0.023128,0.020000,0.022000,9.366455,65.128351
2626,p,0.003780,0.020800,0.019200,28.115479,43.779849
2627,dp,0.002464,0.024200,0.019200,37.565674,45.864344
2628,ps,0.002840,0.071100,0.019200,55.984619,93.139786
2629,d,0.002385,0.005550,0.021500,65.837402,29.435393
2635,d,0.002385,0.009450,0.020000,23.894775,31.835393
2636,sd,0.018668,0.006750,0.018500,31.595215,43.917773
2637,d,0.002385,0.019100,0.018500,38.864746,39.985393
2638,p,0.003780,0.096350,0.022000,57.583252,122.129849
2639,ss,0.018821,0.003800,0.018500,66.963135,41.120769
2630,d,0.002385,0.026750,0.018500,16.250244,47.635393
2631,s,0.023128,0.067050,0.022000,24.251953,112.178351
2632,s,0.023128,0.007650,0.022000,31.137451,52.778351
2633,p,0.003780,0.005700,0.019200,49.560059,28.679849
2634,ss,0.018821,0.058800,0.019200,59.001465,96.820769
2645,s,0.023128,0.015500,0.021500,6.524414,60.128351
2646,p,0.003780,0.063250,0.018500,25.475098,85.529849
2647,p,0.003780,0.061150,0.021500,46.448242,86.429849
2648,d,0.002385,0.005100,0.020000,55.860352,27.485393
2649,dp,0.002464,0.017800,0.018500,62.960938,38.764344
2640,p,0.003780,0.005150,0.022000,36.107422,30.929849
2641,p,0.003780,0.006950,0.020000,60.245361,30.729849
2642,sp,0.018754,0.018700,0.018500,70.375977,55.953690
2643,d,0.002385,0.108650,0.022000,77.895264,133.035393
2644,sd,0.018668,0.067350,0.022000,84.946289,108.017773
2650,d,0.002385,0.059750,0.019200,17.556396,81.335393
2651,p,0.003780,0.054600,0.018500,36.083008,76.879849
2652,p,0.003780,0.011050,0.020000,56.733887,34.829849
2653,dd,0.002426,0.083300,0.018500,66.760986,104.225915
2654,d,0.002385,0.129600,0.022000,74.212891,153.985393
2655,s,0.023128,0.009550,0.018500,9.501221,51.178351
2656,d,0.002385,0.089800,0.021500,16.717773,113.685393
2657,pd,0.002977,0.079800,0.020000,35.453857,102.777001
2658,d,0.002385,0.059850,0.018500,44.830566,80.735393
2659,pd,0.002977,0.074650,0.020000,63.128174,97.627001
2660,d,0.002385,0.006600,0.022000,6.645508,30.985393
2661,s,0.023128,0.087650,0.021500,13.559814,132.278351
2662,ds,0.002343,0.020750,0.019200,20.547119,42.292513
2663,p,0.003780,0.011200,0.020000,38.926514,34.979849
2664,d,0.002385,0.062400,0.018500,48.653076,83.285393
2665,d,0.002385,0.037250,0.020000,7.006836,59.635393
2666,s,0.023128,0.008000,0.020000,14.713379,51.128351
2667,s,0.023128,0.084000,0.021500,22.468262,128.628351
2668,ds,0.002343,0.005300,0.018500,30.882324,26.142513
2669,p,0.003780,0.009600,0.022000,50.846924,35.379849
2675,s,0.023128,0.004700,0.020000,23.006836,47.828351
2676,p,0.003780,0.037900,0.020000,42.687500,61.679849
2677,ps,0.002840,0.005550,0.019200,64.415527,27.589786
2678,pp,0.002838,0.037900,0.020000,85.948486,60.738325
2679,d,0.002385,0.043150,0.019200,96.085693,64.735393
2670,s,0.023128,0.010200,0.022000,22.416992,55.328351
2671,ps,0.002840,0.012000,0.022000,41.952637,36.839786
2672,sps,0.018360,0.035450,0.019200,51.145996,73.010251
2673,s,0.023128,0.009050,0.022000,58.238525,54.178351
2674,dsps,0.002950,0.006450,0.022000,65.431641,31.400393
2680,d,0.002385,0.007500,0.020000,20.336182,29.885393
2681,s,0.023128,0.059050,0.019200,27.605225,101.378351
2682,ds,0.002343,0.081000,0.021500,34.487061,104.842513
2683,d,0.002385,0.098500,0.021500,41.451660,122.385393
2684,sd,0.018668,0.016200,0.018500,48.115234,53.367773
2685,s,0.023128,0.009950,0.022000,6.901367,55.078351
2686,s,0.023128,0.047400,0.018500,13.849854,89.028351
2687,ss,0.018821,0.075250,0.018500,20.702393,112.570769
2688,d,0.002385,0.076550,0.018500,27.819824,97.435393
2689,s,0.023128,0.004600,0.018500,34.760986,46.228351
2690,d,0.002385,0.117750,0.021500,8.463135,141.635393
2691,s,0.023128,0.008400,0.021500,15.692383,53.028351
2692,s,0.023128,0.053750,0.021500,22.809326,98.378351
2693,d,0.002385,0.009100,0.021500,30.462646,32.985393
2694,dd,0.002426,0.086700,0.018500,37.885498,107.625915
2695,s,0.023128,0.036750,0.018500,22.763672,78.378351
2696,p,0.003780,0.004850,0.022000,41.757080,30.629849
2697,p,0.003780,0.099250,0.018500,62.655762,121.529849
2698,ds,0.002343,0.044800,0.018500,72.246094,65.642513
2699,pp,0.002838,0.022850,0.018500,90.736816,44.188325
2700,p,0.003780,0.009050,0.018500,38.729004,31.329849
2701,pp,0.002838,0.015450,0.020000,59.305176,38.288325
2702,s,0.023128,0.135250,0.018500,68.505615,176.878351
2703,s,0.023128,0.094050,0.018500,75.517578,135.678351
2704,s,0.023128,0.105250,0.022000,82.311279,150.378351
2705,p,0.003780,0.004300,0.021500,31.122559,29.579849
2706,d,0.002385,0.081250,0.022000,40.681152,105.635393
2707,dp,0.002464,0.005450,0.020000,47.744385,27.914344
2708,dd,0.002426,0.025550,0.021500,54.827637,49.475915
2709,sd,0.018668,0.008450,0.018500,61.833984,45.617773
2710,d,0.002385,0.047250,0.019200,9.180420,68.835393
2711,s,0.023128,0.005350,0.018500,16.029541,46.978351
2712,dd,0.002426,0.030050,0.019200,23.043457,51.675915
2713,s,0.023128,0.090600,0.021500,29.813477,135.228351
2714,s,0.023128,0.088650,0.021500,36.555908,133.278351
2715,p,0.003780,0.102150,0.022000,27.523682,127.929849
2716,d,0.002385,0.085800,0.022000,36.961670,110.185393
2717,pd,0.002977,0.037300,0.022000,55.423828,62.277001
2718,p,0.003780,0.007850,0.018500,77.635742,30.129849
2719,dp,0.002464,0.057850,0.020000,88.037598,80.314344
2720,s,0.023128,0.005150,0.019200,6.706299,47.478351
2721,p,0.003780,0.045800,0.019200,25.345703,68.779849
2722,d,0.002385,0.011900,0.020000,34.981689,34.285393
2723,s,0.023128,0.050000,0.018500,41.784424,91.628351
2724,ds,0.002343,0.004350,0.021500,48.692139,28.192513
2725,s,0.023128,0.005650,0.022000,6.570068,50.778351
2726,d,0.002385,0.020200,0.021500,14.187988,44.085393
2727,s,0.023128,0.007050,0.018500,21.102539,48.678351
2728,ds,0.002343,0.011050,0.021500,28.312988,34.892513
2729,sd,0.018668,0.079300,0.020000,35.219482,117.967773
2730,s,0.023128,0.020150,0.021500,9.787842,64.778351
2731,s,0.023128,0.101000,0.021500,16.738525,145.628351
2732,ss,0.018821,0.017500,0.020000,23.822266,56.320769
2733,ps,0.002840,0.097750,0.018500,42.529541,119.089786
2734,d,0.002385,0.054800,0.020000,52.604248,77.185393
2735,s,0.023128,0.031850,0.019200,6.461182,74.178351
2736,s,0.023128,0.006550,0.019200,13.795898,48.878351
2737,p,0.003780,0.078950,0.021500,32.546875,104.229849
2738,ds,0.002343,0.005450,0.020000,41.919434,27.792513
2739,ss,0.018821,0.007500,0.022000,48.926025,48.320769
2740,s,0.023128,0.055950,0.018500,6.493896,97.578351
2741,ds,0.002343,0.068400,0.021500,13.615479,92.242513
2742,s,0.023128,0.017250,0.019200,20.605957,59.578351
2743,dds,0.002685,0.068100,0.019200,27.994873,89.985273
2744,p,0.003780,0.084000,0.018500,48.581543,106.279849
2745,d,0.002385,0.012450,0.020000,7.037354,34.835393
2746,d,0.002385,0.004900,0.020000,14.502686,27.285393
2747,pd,0.002977,0.007850,0.021500,34.791016,32.327001
2748,p,0.003780,0.011100,0.019200,56.547852,34.079849
2749,dp,0.002464,0.019200,0.019200,66.595459,40.864344
2755,p,0.003780,0.044450,0.018500,22.230957,66.729849
2756,p,0.003780,0.070400,0.019200,45.777100,93.379849
2757,pp,0.002838,0.050300,0.020000,67.119629,73.138325
2758,s,0.023128,0.026950,0.018500,76.588867,68.578351
2759,d,0.002385,0.008550,0.020000,83.754883,30.935393
2750,s,0.023128,0.007950,0.018500,6.777100,49.578351
2751,d,0.002385,0.049250,0.021500,14.425781,73.135393
2752,sd,0.018668,0.034250,0.019200,21.302246,72.117773
2753,ps,0.002840,0.015700,0.020000,39.853271,38.539786
2754,d,0.002385,0.050350,0.021500,49.431152,74.235393
2760,s,0.023128,0.088500,0.019200,6.529297,130.828351
2761,d,0.002385,0.145150,0.019200,13.795166,166.735393
2762,d,0.002385,0.004600,0.022000,21.588379,28.985393
2763,p,0.003780,0.028550,0.022000,44.986572,54.329849
2764,sd,0.018668,0.018750,0.018500,54.396240,55.917773
2775,s,0.023128,0.095650,0.020000,21.939697,138.778351
2776,s,0.023128,0.106900,0.019200,29.966064,149.228351
2777,p,0.003780,0.056000,0.020000,50.175293,79.779849
2778,s,0.023128,0.018250,0.022000,60.879150,63.378351
2779,ss,0.018821,0.008150,0.021500,68.525879,48.470769
2765,d,0.002385,0.007950,0.019200,23.958496,29.535393
2766,p,0.003780,0.035400,0.018500,43.247070,57.679849
2767,dp,0.002464,0.052150,0.019200,52.563721,73.814344
2768,sdp,0.018492,0.029150,0.020000,59.451416,67.641971
2769,dsdp,0.002604,0.054550,0.022000,66.537842,79.153992
2770,p,0.003780,0.004400,0.022000,35.203369,30.179849
2771,s,0.023128,0.017600,0.018500,44.560059,59.228351
2772,p,0.003780,0.013850,0.019200,63.374023,36.829849
2773,ss,0.018821,0.007000,0.022000,72.789551,47.820769
2774,dss,0.002842,0.011950,0.018500,80.084473,33.291615
2780,d,0.002385,0.065600,0.019200,23.389160,87.185393
2781,s,0.023128,0.070500,0.020000,30.975586,113.628351
2782,p,0.003780,0.007850,0.019200,49.274658,30.829849
2783,ss,0.018821,0.062400,0.019200,58.595459,100.420769
2784,d,0.002385,0.007500,0.022000,65.936523,31.885393
2795,s,0.023128,0.088100,0.018500,9.009766,129.728351
2796,p,0.003780,0.005000,0.022000,27.582520,30.779849
2797,ps,0.002840,0.084450,0.022000,48.942139,109.289786
2798,s,0.023128,0.009900,0.019200,58.886230,52.228351
2799,ss,0.018821,0.012100,0.022000,66.190186,52.920769
2785,p,0.003780,0.062100,0.022000,35.311279,87.879849
2786,p,0.003780,0.010000,0.020000,55.932129,33.779849
2787,pp,0.002838,0.061000,0.018500,76.632080,82.338325
2788,d,0.002385,0.092400,0.021500,86.249023,116.285393
2789,dpp,0.002514,0.078050,0.018500,93.235596,99.064416
2790,s,0.023128,0.004450,0.022000,16.298584,49.578351
2791,d,0.002385,0.099150,0.019200,24.315430,120.735393
2792,p,0.003780,0.041650,0.018500,43.053467,63.929849
2793,pd,0.002977,0.119700,0.019200,63.908936,141.877001
2794,spd,0.018317,0.063650,0.019200,72.945312,101.167325
2800,d,0.002385,0.008250,0.018500,29.348633,29.135393
2801,p,0.003780,0.061100,0.018500,50.409424,83.379849
2802,p,0.003780,0.035450,0.019200,71.252197,58.429849
2803,dp,0.002464,0.116850,0.019200,80.933105,138.514344
2804,s,0.023128,0.047450,0.018500,87.993896,89.078351
2805,d,0.002385,0.006400,0.018500,22.730225,27.285393
2806,sd,0.018668,0.004750,0.021500,30.330811,44.917773
2807,s,0.023128,0.018650,0.020000,37.175781,61.778351
2808,d,0.002385,0.104850,0.021500,44.385010,128.735393
2809,ss,0.018821,0.012400,0.019200,51.590088,50.420769
2810,s,0.023128,0.007600,0.021500,22.931396,52.228351
2811,d,0.002385,0.010650,0.020000,30.818848,33.035393
2812,ss,0.018821,0.008750,0.022000,37.848389,49.570769
2813,dss,0.002842,0.012650,0.019200,44.985352,34.691615
2814,sdss,0.018223,0.024200,0.018500,51.995850,60.922624
2815,s,0.023128,0.004250,0.021500,7.770264,48.878351
2816,d,0.002385,0.018250,0.022000,16.433838,42.635393
2817,s,0.023128,0.094900,0.020000,24.035156,138.028351
2818,ss,0.018821,0.073350,0.019200,31.344727,111.370769
2819,sss,0.019288,0.097050,0.018500,38.449219,134.838093
2825,s,0.023128,0.041600,0.022000,22.696777,86.728351
2826,ps,0.002840,0.040700,0.021500,42.320068,65.039786
2827,d,0.002385,0.008500,0.019200,52.042969,30.085393
2828,d,0.002385,0.067300,0.022000,59.178711,91.685393
2829,sps,0.018360,0.044100,0.021500,66.634033,83.960251
2820,p,0.003780,0.005550,0.021500,18.236328,30.829849
2821,d,0.002385,0.093350,0.022000,27.791260,117.735393
2822,dd,0.002426,0.059200,0.018500,34.870850,80.125915
2823,p,0.003780,0.005500,0.021500,53.364990,30.779849
2824,s,0.023128,0.057750,0.019200,62.503906,100.078351
2835,p,0.003780,0.006650,0.020000,21.724121,30.429849
2836,d,0.002385,0.018750,0.022000,32.146729,43.135393
2837,p,0.003780,0.128250,0.019200,55.606445,151.229849
2838,pp,0.002838,0.026600,0.021500,77.542969,50.938325
2839,d,0.002385,0.006600,0.020000,87.277588,28.985393
2830,p,0.003780,0.009750,0.020000,35.642334,33.529849
2831,d,0.002385,0.045800,0.021500,45.113525,69.685393
2832,sp,0.018754,0.010900,0.018500,52.016846,48.153690
2833,ps,0.002840,0.004750,0.020000,70.299561,27.589786
2834,p,0.003780,0.070500,0.019200,91.332764,93.479849
2840,p,0.003780,0.005300,0.018500,18.251953,27.579849
2841,p,0.003780,0.008750,0.020000,39.756348,32.529849
2842,p,0.003780,0.074650,0.018500,62.762451,96.929849
2843,p,0.003780,0.089300,0.021500,85.411377,114.579849
2844,d,0.002385,0.034850,0.020000,95.399902,57.235393
2845,p,0.003780,0.006050,0.021500,18.355469,31.329849
2846,dp,0.002464,0.006050,0.018500,28.128418,27.014344
2847,s,0.023128,0.020350,0.018500,35.379395,61.978351
2848,ss,0.018821,0.027100,0.020000,42.692139,65.920769
2849,s,0.023128,0.012450,0.018500,49.884277,54.078351
2850,d,0.002385,0.036300,0.021500,6.731201,60.185393
2851,dd,0.002426,0.093400,0.019200,14.271240,115.025915
2852,p,0.003780,0.109550,0.021500,34.233398,134.829849
2853,pp,0.002838,0.083650,0.022000,56.217285,108.488325
2854,d,0.002385,0.017450,0.020000,66.361084,39.835393
2855,d,0.002385,0.088500,0.019200,6.936523,110.085393
2856,sd,0.018668,0.098200,0.018500,14.136719,135.367773
2857,p,0.003780,0.016950,0.019200,32.889893,39.929849
2858,d,0.002385,0.071450,0.019200,42.515381,93.035393
2859,ssd,0.018735,0.045000,0.019200,49.573730,82.934503
2860,s,0.023128,0.088150,0.019200,6.838867,130.478351
2861,p,0.003780,0.006700,0.018500,27.726562,28.979849
2862,s,0.023128,0.013100,0.021500,38.025146,57.728351
2863,ps,0.002840,0.011050,0.018500,57.081787,32.389786
2864,ds,0.002343,0.054750,0.021500,66.693604,78.592513
2865,p,0.003780,0.012150,0.022000,35.170654,37.929849
2866,s,0.023128,0.024150,0.022000,44.314941,69.278351
2867,ds,0.002343,0.030300,0.019200,51.374268,51.842513
2868,d,0.002385,0.063650,0.019200,58.446289,85.235393
2869,d,0.002385,0.010250,0.019200,65.512207,31.835393
2870,d,0.002385,0.009150,0.020000,11.208740,31.535393
2871,p,0.003780,0.081450,0.019200,29.791260,104.429849
2872,d,0.002385,0.071650,0.019200,39.233154,93.235393
2873,sp,0.018754,0.045800,0.019200,46.159180,83.753690
2874,psp,0.002926,0.014900,0.020000,65.190674,37.825658
2880,p,0.003780,0.057850,0.022000,18.050781,83.629849
2881,d,0.002385,0.011300,0.019200,27.656494,32.885393
2882,s,0.023128,0.028200,0.021500,34.850342,72.828351
2883,d,0.002385,0.022350,0.018500,41.919678,43.235393
2884,dp,0.002464,0.078700,0.021500,48.838867,102.664344
2885,s,0.023128,0.057550,0.020000,7.377441,100.678351
2886,p,0.003780,0.009200,0.022000,26.341797,34.979849
2887,sp,0.018754,0.014450,0.018500,35.589355,51.703690
2888,ps,0.002840,0.023350,0.022000,54.224365,48.189786
2889,ps,0.002840,0.012500,0.022000,75.005371,37.339786
2875,s,0.023128,0.004950,0.018500,10.053955,46.578351
2876,s,0.023128,0.011100,0.020000,17.551270,54.228351
2877,s,0.023128,0.009000,0.022000,25.134277,54.128351
2878,d,0.002385,0.087500,0.022000,33.004395,111.885393
2879,ps,0.002840,0.004500,0.018500,52.471191,25.839786
2895,d,0.002385,0.081400,0.020000,6.778076,103.785393
2896,d,0.002385,0.049500,0.022000,13.916992,73.885393
2897,p,0.003780,0.006700,0.020000,32.367432,30.479849
2898,pd,0.002977,0.082400,0.018500,52.802002,103.877001
2899,p,0.003780,0.014500,0.021500,73.348877,39.779849
2890,s,0.023128,0.077000,0.022000,7.166748,122.128351
2891,p,0.003780,0.033050,0.020000,27.909424,56.829849
2892,p,0.003780,0.014450,0.022000,49.733154,40.229849
2893,p,0.003780,0.078350,0.020000,70.556885,102.129849
2894,dp,0.002464,0.061750,0.020000,79.936768,84.214344
2900,s,0.023128,0.007600,0.020000,6.561035,50.728351
2901,s,0.023128,0.075250,0.020000,13.474609,118.378351
2902,p,0.003780,0.004400,0.020000,32.034180,28.179849
2903,d,0.002385,0.103750,0.019200,41.675537,125.335393
2904,ps,0.002840,0.037800,0.018500,60.825195,59.139786
2905,s,0.023128,0.006750,0.021500,6.656982,51.378351
2906,s,0.023128,0.015450,0.019200,13.722900,57.778351
2907,s,0.023128,0.075900,0.020000,20.789062,119.028351
2908,s,0.023128,0.045450,0.022000,27.750244,90.578351
2909,ds,0.002343,0.006450,0.021500,35.013428,30.292513
2910,p,0.003780,0.010500,0.018500,32.571289,32.779849
2911,sp,0.018754,0.012100,0.020000,41.942871,50.853690
2912,p,0.003780,0.140250,0.022000,60.618164,166.029849
2913,p,0.003780,0.026400,0.022000,81.727295,52.179849
2914,sp,0.018754,0.051400,0.020000,90.817383,90.153690
2915,s,0.023128,0.056800,0.021500,10.215576,101.428351
2916,d,0.002385,0.003700,0.019200,17.672852,25.285393
2917,d,0.002385,0.109850,0.022000,24.924072,134.235393
2918,p,0.003780,0.075150,0.021500,43.923828,100.429849
2919,p,0.003780,0.005100,0.018500,64.358398,27.379849
2920,s,0.023128,0.005350,0.021500,20.759277,49.978351
2921,s,0.023128,0.006200,0.022000,28.088135,51.328351
2922,d,0.002385,0.118100,0.022000,36.309082,142.485393
2923,ss,0.018821,0.013550,0.018500,46.202637,50.870769
2924,p,0.003780,0.058500,0.021500,65.195557,83.779849
2925,p,0.003780,0.035950,0.021500,18.535156,61.229849
2926,d,0.002385,0.052350,0.022000,28.182373,76.735393
2927,pp,0.002838,0.058500,0.019200,46.656982,80.538325
2928,s,0.023128,0.006500,0.019200,56.316162,48.828351
2929,sd,0.018668,0.070100,0.022000,63.222900,110.767773
2930,s,0.023128,0.007650,0.022000,23.445068,52.778351
2931,p,0.003780,0.083850,0.018500,42.804443,106.129849
2932,ds,0.002343,0.005550,0.020000,52.145996,27.892513
2933,p,0.003780,0.014350,0.020000,70.486816,38.129849
2934,dp,0.002464,0.010900,0.018500,80.191895,31.864344
2935,d,0.002385,0.004200,0.021500,7.273926,28.085393
2936,p,0.003780,0.071100,0.020000,27.840088,94.879849
2937,d,0.002385,0.005950,0.018500,37.981934,26.835393
2938,p,0.003780,0.070400,0.020000,56.818359,94.179849
2939,d,0.002385,0.011750,0.019200,66.104492,33.335393
2940,d,0.002385,0.047100,0.022000,6.867432,71.485393
2941,p,0.003780,0.069000,0.019200,25.689453,91.979849
2942,d,0.002385,0.016850,0.021500,34.868652,40.735393
2943,pd,0.002977,0.066950,0.019200,53.999023,89.127001
2944,d,0.002385,0.004750,0.018500,63.458984,25.635393
2945,s,0.023128,0.085800,0.018500,20.237549,127.428351
2946,s,0.023128,0.063650,0.020000,27.329590,106.778351
2947,ps,0.002840,0.141900,0.022000,45.704346,166.739786
2948,d,0.002385,0.004900,0.018500,54.919678,25.785393
2949,pd,0.002977,0.004900,0.019200,73.378906,27.077001
2955,s,0.023128,0.053100,0.022000,6.324463,98.228351
2956,p,0.003780,0.108350,0.020000,29.967285,132.129849
2957,sp,0.018754,0.078700,0.020000,39.274658,117.453690
2958,dsp,0.002685,0.091500,0.020000,46.296631,114.184513
2959,sdsp,0.018148,0.059600,0.022000,53.078613,99.748415
2960,s,0.023128,0.054750,0.022000,6.416504,99.878351
2961,s,0.023128,0.010650,0.021500,13.321045,55.278351
2962,ds,0.002343,0.015450,0.020000,20.442139,37.792513
2963,s,0.023128,0.088500,0.022000,27.477295,133.628351
2964,ss,0.018821,0.090900,0.018500,34.378906,128.220769
2950,p,0.003780,0.015050,0.020000,34.886230,38.829849
2951,d,0.002385,0.086750,0.019200,44.444580,108.335393
2952,pd,0.002977,0.083800,0.021500,62.913574,108.277001
2953,dpd,0.002513,0.055550,0.019200,72.567383,77.262673
2954,p,0.003780,0.004250,0.019200,91.144043,27.229849
2965,d,0.002385,0.013600,0.020000,6.680176,35.985393
2966,p,0.003780,0.086700,0.021500,25.229980,111.979849
2967,s,0.023128,0.136450,0.019200,34.497070,178.778351
2968,sp,0.018754,0.048600,0.022000,41.704590,89.353690
2969,d,0.002385,0.008950,0.021500,49.427734,32.835393
2970,p,0.003780,0.011250,0.020000,19.503174,35.029849
2971,d,0.002385,0.071200,0.021500,29.542480,95.085393
2972,d,0.002385,0.005500,0.020000,36.894287,27.885393
2973,sd,0.018668,0.070500,0.020000,43.847168,109.167773
2974,d,0.002385,0.059550,0.021500,50.791992,83.435393
2975,s,0.023128,0.110300,0.019200,20.971191,152.628351
2976,p,0.003780,0.106250,0.021500,40.390869,131.529849
2977,d,0.002385,0.070050,0.020000,49.610840,92.435393
2978,sp,0.018754,0.053400,0.021500,56.616455,93.653690
2979,s,0.023128,0.094350,0.018500,63.390869,135.978351
2980,d,0.002385,0.017900,0.020000,21.767090,40.285393
2981,p,0.003780,0.057550,0.019200,40.597900,80.529849
2982,p,0.003780,0.005050,0.022000,61.468262,30.829849
2983,p,0.003780,0.012800,0.021500,82.129639,38.079849
2984,dp,0.002464,0.007900,0.021500,91.765381,31.864344
2985,d,0.002385,0.080100,0.022000,6.885742,104.485393
2986,d,0.002385,0.012900,0.021500,14.039551,36.785393
2987,dd,0.002426,0.009100,0.021500,21.044189,33.025915
2988,s,0.023128,0.104200,0.021500,27.897461,148.828351
2989,ps,0.002840,0.096500,0.019200,46.297607,118.539786
2990,p,0.003780,0.109850,0.021500,18.547363,135.129849
2991,p,0.003780,0.009200,0.021500,39.704102,34.479849
2992,d,0.002385,0.008100,0.019200,49.462158,29.685393
2993,p,0.003780,0.058850,0.019200,68.527588,81.829849
2994,pp,0.002838,0.061700,0.022000,89.160156,86.538325
2995,p,0.003780,0.056400,0.022000,18.000244,82.179849
2996,p,0.003780,0.012150,0.021500,39.357910,37.429849
2997,d,0.002385,0.006200,0.022000,49.803711,30.585393
2998,dp,0.002464,0.086350,0.020000,57.534424,108.814344
2999,pd,0.002977,0.015050,0.021500,77.416260,39.527001
3000,p,0.003780,0.006200,0.019200,18.268311,29.179849
3001,s,0.023128,0.082400,0.019200,27.638916,124.728351
3002,pp,0.002838,0.005400,0.019200,46.314453,27.438325
3003,s,0.023128,0.097900,0.018500,55.743652,139.528351
3004,s,0.023128,0.024200,0.022000,62.729980,69.328351
3005,d,0.002385,0.012550,0.022000,23.330078,36.935393
3006,p,0.003780,0.053450,0.022000,42.756836,79.229849
3007,d,0.002385,0.101550,0.021500,52.207275,125.435393
3008,dp,0.002464,0.054100,0.022000,59.386963,78.564344
3009,dd,0.002426,0.075550,0.019200,66.821533,97.175915
3010,p,0.003780,0.065750,0.020000,35.720703,89.529849
3011,d,0.002385,0.045450,0.020000,45.324219,67.835393
3012,p,0.003780,0.012900,0.018500,64.020508,35.179849
3013,s,0.023128,0.131700,0.019200,73.342285,174.028351
3014,s,0.023128,0.008100,0.018500,80.405273,49.728351
3020,d,0.002385,0.031650,0.022000,23.395752,56.035393
3021,d,0.002385,0.086300,0.021500,30.975342,110.185393
3022,sd,0.018668,0.049350,0.022000,37.740723,90.017773
3023,p,0.003780,0.005400,0.018500,56.547363,27.679849
3024,sd,0.018668,0.061100,0.019200,65.855469,98.967773
3025,d,0.002385,0.143650,0.019200,22.723633,165.235393
3026,d,0.002385,0.004450,0.020000,30.701904,26.835393
3027,sd,0.018668,0.091150,0.020000,37.532227,129.817773
3028,psd,0.003139,0.071750,0.018500,55.922363,93.388792
3029,d,0.002385,0.083300,0.019200,65.287354,104.885393
3015,d,0.002385,0.039500,0.018500,21.503906,60.385393
3016,s,0.023128,0.029550,0.021500,29.821777,74.178351
3017,d,0.002385,0.047650,0.022000,38.130615,72.035393
3018,p,0.003780,0.005150,0.018500,57.610107,27.429849
3019,sd,0.018668,0.061850,0.018500,67.406494,99.017773
3030,d,0.002385,0.031350,0.021500,10.223633,55.235393
3031,s,0.023128,0.007650,0.018500,21.271484,49.278351
3032,s,0.023128,0.065500,0.019200,30.678467,107.828351
3033,ds,0.002343,0.004400,0.018500,38.037109,25.242513
3034,ps,0.002840,0.073350,0.018500,57.541504,94.689786
3035,s,0.023128,0.088350,0.019200,7.700195,130.678351
3036,d,0.002385,0.005000,0.022000,15.146973,29.385393
3037,p,0.003780,0.046150,0.021500,34.497803,71.429849
3038,sd,0.018668,0.004200,0.020000,43.921387,42.867773
3039,p,0.003780,0.016950,0.021500,62.452881,42.229849
3040,s,0.023128,0.026750,0.020000,9.166260,69.878351
3041,p,0.003780,0.058450,0.022000,28.402100,84.229849
3042,ds,0.002343,0.018950,0.018500,38.423828,39.792513
3043,s,0.023128,0.010150,0.019200,45.488281,52.478351
3044,sds,0.018566,0.057200,0.019200,52.428955,94.966086
3050,p,0.003780,0.015650,0.022000,20.389160,41.429849
3051,s,0.023128,0.005000,0.022000,29.874023,50.128351
3052,dp,0.002464,0.006200,0.019200,37.110596,27.864344
3053,d,0.002385,0.093100,0.018500,44.364746,113.985393
3054,sdp,0.018492,0.014600,0.018500,51.279785,51.591971
3045,d,0.002385,0.012900,0.018500,6.812744,33.785393
3046,dd,0.002426,0.010800,0.022000,14.629883,35.225915
3047,pdd,0.003045,0.017450,0.021500,33.670654,41.994804
3048,s,0.023128,0.051500,0.020000,43.015625,94.628351
3049,sp,0.018754,0.016950,0.018500,50.001221,54.203690
3060,p,0.003780,0.011850,0.022000,18.364990,37.629849
3061,dp,0.002464,0.015050,0.020000,28.111816,37.514344
3062,p,0.003780,0.071450,0.018500,46.883545,93.729849
3063,p,0.003780,0.005000,0.021500,67.806641,30.279849
3064,d,0.002385,0.071750,0.021500,77.332031,95.635393
3055,s,0.023128,0.015150,0.020000,6.886475,58.278351
3056,p,0.003780,0.094900,0.018500,27.516602,117.179849
3057,ds,0.002343,0.012750,0.020000,37.843994,35.092513
3058,sds,0.018566,0.012400,0.018500,45.030029,49.466086
3059,s,0.023128,0.034850,0.020000,52.151855,77.978351
3070,p,0.003780,0.059050,0.021500,18.318359,84.329849
3071,s,0.023128,0.105100,0.018500,27.824463,146.728351
3072,s,0.023128,0.018250,0.020000,34.841797,61.378351
3073,ps,0.002840,0.017450,0.021500,53.492188,41.789786
3074,p,0.003780,0.071100,0.019200,74.079590,94.079849
3065,s,0.023128,0.046900,0.021500,6.635498,91.528351
3066,d,0.002385,0.004050,0.022000,13.799805,28.435393
3067,ss,0.018821,0.099050,0.020000,20.606689,137.870769
3068,p,0.003780,0.022350,0.020000,39.206543,46.129849
3069,sss,0.019288,0.031250,0.022000,48.314941,72.538093
3075,d,0.002385,0.020350,0.021500,6.809082,44.235393
3076,s,0.023128,0.073700,0.022000,13.921387,118.828351
3077,p,0.003780,0.033200,0.020000,32.975830,56.979849
3078,p,0.003780,0.004000,0.018500,54.555908,26.279849
3079,ps,0.002840,0.073400,0.022000,75.402344,98.239786
3080,d,0.002385,0.004300,0.022000,7.380615,28.685393
3081,d,0.002385,0.040000,0.020000,15.684326,62.385393
3082,dd,0.002426,0.005500,0.018500,23.518311,26.425915
3083,d,0.002385,0.074650,0.022000,31.050537,99.035393
3084,s,0.023128,0.064850,0.018500,38.390137,106.478351
3085,p,0.003780,0.021600,0.019200,19.888428,44.579849
3086,pp,0.002838,0.071250,0.020000,41.089111,94.088325
3087,dpp,0.002514,0.067600,0.020000,50.763672,90.114416
3088,s,0.023128,0.005950,0.019200,57.817139,48.278351
3089,pdp,0.002932,0.031900,0.021500,76.259766,56.331683
3095,d,0.002385,0.081450,0.018500,24.949951,102.335393
3096,sd,0.018668,0.095050,0.018500,33.360352,132.217773
3097,d,0.002385,0.027450,0.020000,40.535156,49.835393
3098,pd,0.002977,0.024100,0.022000,59.261719,49.077001
3099,psd,0.003139,0.081650,0.022000,80.020752,106.788792
3090,s,0.023128,0.113450,0.019200,16.711670,155.778351
3091,p,0.003780,0.017900,0.021500,35.577637,43.179849
3092,d,0.002385,0.004850,0.022000,45.638184,29.235393
3093,p,0.003780,0.009600,0.019200,64.574463,32.579849
3094,d,0.002385,0.083300,0.022000,74.241211,107.685393
3100,d,0.002385,0.004250,0.021500,15.505127,28.135393
3101,d,0.002385,0.045800,0.020000,23.733887,68.185393
3102,pd,0.002977,0.008550,0.020000,44.982178,31.527001
3103,spd,0.018317,0.043500,0.021500,55.687256,83.317325
3104,s,0.023128,0.099750,0.019200,62.901855,142.078351
3110,d,0.002385,0.062750,0.022000,26.199707,87.135393
3111,d,0.002385,0.008550,0.018500,34.041016,29.435393
3112,s,0.023128,0.035450,0.020000,41.028809,78.578351
3113,sd,0.018668,0.018600,0.019200,48.037598,56.467773
3114,ps,0.002840,0.005150,0.021500,66.921631,29.489786
3105,p,0.003780,0.004300,0.019200,28.074463,27.279849
3106,p,0.003780,0.083300,0.022000,49.986328,109.079849
3107,d,0.002385,0.007100,0.019200,59.788330,28.685393
3108,p,0.003780,0.078700,0.020000,78.419434,102.479849
3109,s,0.023128,0.006400,0.021500,87.856689,51.028351
3115,p,0.003780,0.010500,0.020000,33.747070,34.279849
3116,d,0.002385,0.029150,0.020000,43.343018,51.535393
3117,d,0.002385,0.042200,0.022000,50.614502,66.585393
3118,p,0.003780,0.022300,0.018500,69.652344,44.579849
3119,p,0.003780,0.004450,0.019200,90.813965,27.429849
3120,s,0.023128,0.005400,0.021500,6.623535,50.028351
3121,d,0.002385,0.061700,0.022000,14.146973,86.085393
3122,s,0.023128,0.058650,0.022000,21.277344,103.778351
3123,ps,0.002840,0.109450,0.020000,40.373535,132.289786
3124,d,0.002385,0.017350,0.019200,50.091797,38.935393
3125,s,0.023128,0.041650,0.018500,23.395020,83.278351
3126,ds,0.002343,0.060200,0.020000,31.396729,82.542513
3127,s,0.023128,0.118250,0.020000,38.215820,161.378351
3128,s,0.023128,0.015200,0.022000,44.989990,60.328351
3129,p,0.003780,0.004750,0.022000,63.735840,30.529849
3130,d,0.002385,0.004800,0.019200,22.692871,26.385393
3131,d,0.002385,0.047100,0.021500,30.493652,70.985393
3132,sd,0.018668,0.038150,0.019200,37.419922,76.017773
3133,s,0.023128,0.076650,0.021500,44.195557,121.278351
3134,d,0.002385,0.084500,0.020000,51.520020,106.885393
3135,s,0.023128,0.079550,0.019200,9.387451,121.878351
3136,p,0.003780,0.004350,0.022000,30.583008,30.129849
3137,d,0.002385,0.056600,0.022000,40.900146,80.985393
3138,ss,0.018821,0.071450,0.022000,48.038818,112.270769
3139,pss,0.002833,0.017800,0.022000,66.640381,42.632709
3140,p,0.003780,0.058700,0.021500,36.682373,83.979849
3141,d,0.002385,0.006550,0.019200,46.513916,28.135393
3142,pp,0.002838,0.084350,0.022000,67.320312,109.188325
3143,d,0.002385,0.071000,0.018500,78.953125,91.885393
3144,p,0.003780,0.005850,0.019200,100.004395,28.829849
3145,d,0.002385,0.004900,0.020000,19.548096,27.285393
3146,s,0.023128,0.070150,0.019200,26.936279,112.478351
3147,sd,0.018668,0.005550,0.022000,33.885254,46.217773
3148,p,0.003780,0.122950,0.021500,52.483154,148.229849
3149,dp,0.002464,0.049250,0.022000,62.103027,73.714344
3150,p,0.003780,0.093100,0.021500,18.112549,118.379849
3151,dp,0.002464,0.050000,0.022000,28.150391,74.464344
3152,d,0.002385,0.005700,0.019200,35.566406,27.285393
3153,s,0.023128,0.036750,0.022000,44.458008,81.878351
3154,sdp,0.018492,0.076550,0.018500,55.181396,113.541971
3160,s,0.023128,0.058850,0.019200,21.517578,101.178351
3161,p,0.003780,0.005450,0.018500,41.756592,27.729849
3162,sp,0.018754,0.004400,0.019200,50.854248,42.353690
3163,d,0.002385,0.058550,0.021500,58.099365,82.435393
3164,ss,0.018821,0.027000,0.020000,65.055908,65.820769
3155,d,0.002385,0.026850,0.018500,18.331543,47.735393
3156,p,0.003780,0.088500,0.020000,37.561035,112.279849
3157,dp,0.002464,0.034950,0.018500,47.414307,55.914344
3158,d,0.002385,0.088100,0.022000,54.719727,112.485393
3159,sd,0.018668,0.032000,0.018500,61.790039,69.167773
3165,p,0.003780,0.020850,0.019200,34.596680,43.829849
3166,d,0.002385,0.004050,0.020000,44.359619,26.435393
3167,dp,0.002464,0.026150,0.022000,51.607178,50.614344
3168,s,0.023128,0.117150,0.020000,58.889404,160.278351
3169,ss,0.018821,0.009400,0.022000,65.885010,50.220769
3170,p,0.003780,0.024400,0.021500,36.196777,49.679849
3171,dp,0.002464,0.071150,0.022000,45.758545,95.614344
3172,pdp,0.002932,0.075150,0.022000,64.177246,100.081683
3173,s,0.023128,0.025250,0.018500,73.427734,66.878351
3174,s,0.023128,0.013700,0.020000,80.374512,56.828351
3175,s,0.023128,0.081850,0.020000,9.387695,124.978351
3176,p,0.003780,0.099350,0.022000,27.885742,125.129849
3177,p,0.003780,0.005400,0.021500,48.918213,30.679849
3178,sp,0.018754,0.028300,0.021500,58.287598,68.553690
3179,p,0.003780,0.006050,0.022000,76.988770,31.829849
3180,p,0.003780,0.007850,0.020000,32.815674,31.629849
3181,s,0.023128,0.006300,0.020000,42.156006,49.428351
3182,ds,0.002343,0.005750,0.022000,49.331299,30.092513
3183,sds,0.018566,0.005950,0.018500,56.332520,43.016086
3184,p,0.003780,0.024550,0.020000,75.171143,48.329849
3185,s,0.023128,0.017450,0.019200,23.441406,59.778351
3186,ds,0.002343,0.011050,0.018500,31.394043,31.892513
3187,s,0.023128,0.056100,0.022000,38.575928,101.228351
3188,d,0.002385,0.047450,0.022000,45.882324,71.835393
3189,pd,0.002977,0.023200,0.019200,64.752686,45.377001
3190,d,0.002385,0.004950,0.020000,24.062256,27.335393
3191,dd,0.002426,0.005050,0.019200,32.233398,26.675915
3192,d,0.002385,0.066900,0.019200,40.535645,88.485393
3193,pd,0.002977,0.024800,0.020000,61.386719,47.777001
3194,ppd,0.002827,0.093400,0.022000,84.543213,118.226719
3200,d,0.002385,0.004850,0.018500,8.983398,25.735393
3201,dd,0.002426,0.004850,0.022000,16.390137,29.275915
3202,p,0.003780,0.024450,0.019200,35.489258,47.429849
3203,dp,0.002464,0.004450,0.020000,46.150146,26.914344
3204,d,0.002385,0.064650,0.019200,54.283447,86.235393
3195,s,0.023128,0.056100,0.022000,23.428955,101.228351
3196,ds,0.002343,0.084650,0.019200,31.504639,106.192513
3197,d,0.002385,0.005300,0.022000,38.592041,29.685393
3198,d,0.002385,0.050550,0.020000,45.599609,72.935393
3199,s,0.023128,0.019200,0.018500,52.333008,60.828351
3205,p,0.003780,0.080400,0.021500,21.359619,105.679849
3206,p,0.003780,0.106750,0.021500,42.705566,132.029849
3207,dp,0.002464,0.082400,0.022000,52.209473,106.864344
3208,d,0.002385,0.004500,0.021500,59.352295,28.385393
3209,sdp,0.018492,0.063650,0.022000,66.122803,104.141971
3210,p,0.003780,0.013850,0.020000,21.109863,37.629849
3211,s,0.023128,0.024450,0.020000,30.288818,67.578351
3212,d,0.002385,0.083100,0.022000,37.399414,107.485393
3213,pp,0.002838,0.106800,0.019200,55.504150,128.838325
3214,pd,0.002977,0.064650,0.020000,75.860352,87.627001
3215,s,0.023128,0.112250,0.019200,7.441895,154.578351
3216,p,0.003780,0.063100,0.022000,27.341309,88.879849
3217,p,0.003780,0.095400,0.020000,48.120361,119.179849
3218,d,0.002385,0.015050,0.019200,57.478271,36.635393
3219,d,0.002385,0.006600,0.021500,64.489746,30.485393
3220,d,0.002385,0.117350,0.022000,6.958008,141.735393
3221,sd,0.018668,0.044550,0.022000,14.008545,85.217773
3222,d,0.002385,0.024350,0.019200,21.080811,45.935393
3223,d,0.002385,0.014300,0.021500,28.140869,38.185393
3224,dsd,0.002613,0.050300,0.021500,35.247559,74.412551
3230,s,0.023128,0.076950,0.019200,6.512451,119.278351
3231,s,0.023128,0.024450,0.018500,13.494141,66.078351
3232,s,0.023128,0.117150,0.018500,20.761475,158.778351
3233,ds,0.002343,0.070800,0.022000,27.847900,95.142513
3234,ps,0.002840,0.016400,0.020000,46.184814,39.239786
3225,d,0.002385,0.063150,0.018500,6.685059,84.035393
3226,s,0.023128,0.005450,0.019200,13.761230,47.778351
3227,d,0.002385,0.125150,0.022000,21.523926,149.535393
3228,d,0.002385,0.012550,0.022000,29.425537,36.935393
3229,sd,0.018668,0.058350,0.019200,37.085205,96.217773
3240,s,0.023128,0.011800,0.020000,6.383057,54.928351
3241,d,0.002385,0.010800,0.022000,13.723877,35.185393
3242,ss,0.018821,0.012700,0.018500,20.883301,50.020769
3243,s,0.023128,0.080250,0.020000,27.960449,123.378351
3244,sss,0.019288,0.019150,0.018500,34.988037,56.938093
3235,d,0.002385,0.113600,0.020000,24.126953,135.985393
3236,p,0.003780,0.064200,0.021500,43.582031,89.479849
3237,dd,0.002426,0.013700,0.022000,53.006104,38.125915
3238,s,0.023128,0.004900,0.018500,60.076416,46.528351
3239,d,0.002385,0.032600,0.020000,67.837646,54.985393
3250,s,0.023128,0.069000,0.018500,6.838867,110.628351
3251,s,0.023128,0.011400,0.018500,14.271240,53.028351
3252,ss,0.018821,0.113600,0.020000,21.552246,152.420769
3253,p,0.003780,0.099400,0.022000,40.784668,125.179849
3254,pp,0.002838,0.040350,0.020000,61.767578,63.188325
3245,p,0.003780,0.004150,0.020000,27.966064,27.929849
3246,p,0.003780,0.012100,0.022000,48.636719,37.879849
3247,p,0.003780,0.078700,0.021500,69.573975,103.979849
3248,p,0.003780,0.022650,0.021500,90.342285,47.929849
3249,p,0.003780,0.020800,0.018500,111.472900,43.079849
3255,s,0.023128,0.007250,0.021500,26.162598,51.878351
3256,d,0.002385,0.081050,0.021500,35.465576,104.935393
3257,dd,0.002426,0.015850,0.018500,43.184570,36.775915
3258,ps,0.002840,0.010350,0.021500,63.774414,34.689786
3259,d,0.002385,0.031100,0.021500,73.992920,54.985393
3265,p,0.003780,0.006650,0.020000,26.502441,30.429849
3266,pp,0.002838,0.006350,0.018500,48.955811,27.688325
3267,d,0.002385,0.025100,0.018500,59.260010,45.985393
3268,pd,0.002977,0.138300,0.018500,78.758789,159.777001
3269,p,0.003780,0.011600,0.018500,99.538574,33.879849
3260,d,0.002385,0.038450,0.018500,23.449951,59.335393
3261,p,0.003780,0.015550,0.019200,42.890869,38.529849
3262,d,0.002385,0.004850,0.021500,52.528320,28.735393
3263,sd,0.018668,0.006000,0.020000,59.706543,44.667773
3264,pp,0.002838,0.015050,0.022000,79.342529,39.888325
3275,s,0.023128,0.076300,0.019200,6.416260,118.628351
3276,d,0.002385,0.008250,0.022000,13.356201,32.635393
3277,ps,0.002840,0.091450,0.018500,31.551758,112.789786
3278,d,0.002385,0.019550,0.020000,40.736084,41.935393
3279,sd,0.018668,0.051250,0.019200,47.443848,89.117773
3280,s,0.023128,0.066000,0.018500,23.322754,107.628351
3281,p,0.003780,0.097900,0.021500,42.826904,123.179849
3282,s,0.023128,0.061050,0.022000,51.866211,106.178351
3283,p,0.003780,0.005350,0.018500,69.954590,27.629849
3284,d,0.002385,0.006450,0.020000,79.358154,28.835393
3270,s,0.023128,0.068250,0.022000,6.514404,113.378351
3271,p,0.003780,0.088950,0.018500,25.171143,111.229849
3272,ds,0.002343,0.112150,0.019200,34.370605,133.692513
3273,sds,0.018566,0.027700,0.021500,41.197510,67.766086
3274,p,0.003780,0.007450,0.022000,59.449463,33.229849
3290,p,0.003780,0.050350,0.019200,19.712891,73.329849
3291,d,0.002385,0.085050,0.022000,29.696777,109.435393
3292,sd,0.018668,0.100350,0.018500,36.890381,137.517773
3293,p,0.003780,0.021000,0.021500,55.649902,46.279849
3294,p,0.003780,0.027750,0.019200,76.667236,50.729849
3285,p,0.003780,0.007150,0.021500,18.172852,32.429849
3286,s,0.023128,0.028550,0.021500,27.787598,73.178351
3287,d,0.002385,0.024150,0.022000,35.105225,48.535393
3288,sp,0.018754,0.011850,0.019200,42.111816,49.803690
3289,d,0.002385,0.009200,0.019200,49.367676,30.785393
3300,s,0.023128,0.005300,0.020000,8.973145,48.428351
3301,d,0.002385,0.035350,0.018500,16.520020,56.235393
3302,d,0.002385,0.080400,0.018500,24.460205,101.285393
3303,s,0.023128,0.012000,0.021500,32.118652,56.628351
3304,ps,0.002840,0.004650,0.021500,52.517578,28.989786
3295,s,0.023128,0.015400,0.021500,23.263184,60.028351
3296,d,0.002385,0.140100,0.021500,31.433594,163.985393
3297,dd,0.002426,0.084800,0.021500,38.707520,108.725915
3298,d,0.002385,0.061050,0.019200,45.894043,82.635393
3299,pdd,0.003045,0.044100,0.022000,64.741699,69.144804
3305,d,0.002385,0.011050,0.018500,6.979980,31.935393
3306,d,0.002385,0.006050,0.018500,14.769287,26.935393
3307,sd,0.018668,0.004750,0.019200,21.855225,42.617773
3308,p,0.003780,0.041300,0.022000,40.621826,67.079849
3309,p,0.003780,0.079800,0.019200,61.990234,102.779849
3310,p,0.003780,0.004650,0.020000,18.119141,28.429849
3311,sp,0.018754,0.004350,0.021500,27.580811,44.603690
3312,ssp,0.018787,0.004750,0.021500,34.936523,45.037195
3313,d,0.002385,0.026100,0.022000,42.135986,50.485393
3314,s,0.023128,0.071350,0.022000,49.233154,116.478351
3320,d,0.002385,0.072600,0.022000,6.836914,96.985393
3321,s,0.023128,0.028000,0.019200,14.025635,70.328351
3322,d,0.002385,0.006350,0.019200,21.080078,27.935393
3323,p,0.003780,0.105550,0.019200,39.677246,128.529849
3324,d,0.002385,0.008450,0.019200,49.035400,30.035393
3315,d,0.002385,0.067450,0.018500,7.105225,88.335393
3316,s,0.023128,0.004700,0.019200,14.170166,47.028351
3317,pd,0.002977,0.037900,0.022000,33.120361,62.877001
3318,p,0.003780,0.072850,0.022000,54.125977,98.629849
3319,p,0.003780,0.004950,0.020000,74.864258,28.729849
3325,p,0.003780,0.011850,0.020000,18.501221,35.629849
3326,d,0.002385,0.044850,0.019200,28.262207,66.435393
3327,pp,0.002838,0.012550,0.020000,46.656982,35.388325
3328,p,0.003780,0.048550,0.022000,67.148926,74.329849
3329,dp,0.002464,0.017350,0.022000,76.366211,41.814344
3335,s,0.023128,0.003900,0.020000,23.598877,47.028351
3336,s,0.023128,0.014750,0.020000,31.206055,57.878351
3337,s,0.023128,0.033400,0.022000,38.128906,78.528351
3338,ss,0.018821,0.065600,0.018500,45.199463,102.920769
3339,d,0.002385,0.109000,0.020000,52.462402,131.385393
3330,s,0.023128,0.052000,0.019200,6.774658,94.328351
3331,d,0.002385,0.057100,0.020000,14.058594,79.485393
3332,s,0.023128,0.005500,0.022000,21.234863,50.628351
3333,ss,0.018821,0.068500,0.021500,28.351318,108.820769
3334,sss,0.019288,0.087450,0.021500,35.218994,128.238093
3340,p,0.003780,0.013400,0.021500,18.073730,38.679849
3341,p,0.003780,0.069900,0.019200,39.018066,92.879849
3342,p,0.003780,0.005200,0.018500,59.709717,27.479849
3343,sp,0.018754,0.065900,0.018500,69.094238,103.153690
3344,s,0.023128,0.029600,0.018500,75.998779,71.228351
3345,d,0.002385,0.094100,0.020000,10.373291,116.485393
3346,d,0.002385,0.004650,0.019200,21.531250,26.235393
3347,s,0.023128,0.020750,0.022000,28.664795,65.878351
3348,p,0.003780,0.005450,0.018500,47.831055,27.729849
3349,d,0.002385,0.097350,0.020000,58.060791,119.735393
3360,s,0.023128,0.021250,0.018500,9.277832,62.878351
3361,d,0.002385,0.004900,0.021500,16.753662,28.785393
3362,ds,0.002343,0.026950,0.022000,24.166260,51.292513
3363,p,0.003780,0.016150,0.022000,43.086182,41.929849
3364,p,0.003780,0.095100,0.021500,64.273438,120.379849
3350,p,0.003780,0.010400,0.020000,18.294922,34.179849
3351,p,0.003780,0.078450,0.019200,39.066406,101.429849
3352,p,0.003780,0.025650,0.022000,59.887939,51.429849
3353,d,0.002385,0.109450,0.018500,69.450928,130.335393
3354,pp,0.002838,0.015450,0.019200,88.191650,37.488325
3355,p,0.003780,0.008050,0.021500,17.899658,33.329849
3356,s,0.023128,0.093400,0.018500,27.338623,135.028351
3357,p,0.003780,0.023250,0.022000,46.064697,49.029849
3358,dp,0.002464,0.083850,0.019200,55.590088,105.514344
3359,d,0.002385,0.005600,0.018500,63.093506,26.485393
3370,p,0.003780,0.115350,0.021500,21.773193,140.629849
3371,p,0.003780,0.078150,0.019200,44.197998,101.129849
3372,s,0.023128,0.005000,0.021500,53.548340,49.628351
3373,ps,0.002840,0.005050,0.020000,72.651123,27.889786
3374,s,0.023128,0.024400,0.021500,81.978027,69.028351
3365,d,0.002385,0.011650,0.018500,16.464844,32.535393
3366,sd,0.018668,0.020500,0.018500,24.909668,57.667773
3367,s,0.023128,0.086750,0.022000,32.486816,131.878351
3368,ps,0.002840,0.007000,0.019200,52.631592,29.039786
3369,d,0.002385,0.044300,0.021500,62.630127,68.185393
3380,p,0.003780,0.007450,0.022000,19.518066,33.229849
3381,sp,0.018754,0.005200,0.018500,28.879883,42.453690
3382,d,0.002385,0.082700,0.018500,36.145752,103.585393
3383,p,0.003780,0.118250,0.019200,54.614014,141.229849
3384,pp,0.002838,0.071800,0.020000,75.150391,94.638325
3385,s,0.023128,0.066450,0.021500,6.458740,111.078351
3386,d,0.002385,0.004700,0.020000,13.795166,27.085393
3387,pd,0.002977,0.004850,0.020000,32.271240,27.827001
3388,d,0.002385,0.008750,0.021500,41.961426,32.635393
3389,ps,0.002840,0.083050,0.021500,60.734619,107.389786
3375,d,0.002385,0.016800,0.022000,6.837402,41.185393
3376,p,0.003780,0.059750,0.020000,25.988037,83.529849
3377,p,0.003780,0.005150,0.018500,46.661377,27.429849
3378,sp,0.018754,0.077500,0.019200,55.988525,115.453690
3379,s,0.023128,0.093350,0.021500,62.575439,137.978351
3390,s,0.023128,0.020700,0.021500,6.849121,65.328351
3391,p,0.003780,0.078150,0.018500,26.942627,100.429849
3392,p,0.003780,0.006750,0.018500,47.758057,29.029849
3393,s,0.023128,0.066000,0.021500,57.700195,110.628351
3394,sp,0.018754,0.141900,0.018500,65.114746,179.153690
3395,s,0.023128,0.051400,0.020000,22.914062,94.528351
3396,s,0.023128,0.004550,0.020000,30.483398,47.678351
3397,ps,0.002840,0.004800,0.019200,49.375977,26.839786
3398,s,0.023128,0.030100,0.018500,58.759766,71.728351
3399,ds,0.002343,0.096500,0.022000,65.809326,120.842513
3400,p,0.003780,0.059300,0.022000,18.125732,85.079849
3401,s,0.023128,0.004550,0.021500,27.495361,49.178351
3402,s,0.023128,0.047750,0.021500,34.525146,92.378351
3403,ss,0.018821,0.064900,0.022000,41.598389,105.720769
3404,dss,0.002842,0.008950,0.022000,48.870850,33.791615
3405,d,0.002385,0.038750,0.021500,6.977783,62.635393
3406,p,0.003780,0.056100,0.022000,26.356934,81.879849
3407,d,0.002385,0.059750,0.020000,36.073242,82.135393
3408,pd,0.002977,0.106750,0.019200,54.736328,128.927001
3409,sp,0.018754,0.085150,0.019200,63.943359,123.103690
3415,p,0.003780,0.033750,0.022000,19.081543,59.529849
3416,s,0.023128,0.025250,0.022000,28.910400,70.378351
3417,dp,0.002464,0.106750,0.019200,36.110596,128.414344
3418,sdp,0.018492,0.066450,0.018500,42.845459,103.441971
3419,d,0.002385,0.004150,0.020000,49.917969,26.535393
3410,d,0.002385,0.077150,0.021500,6.765381,101.035393
3411,s,0.023128,0.018450,0.021500,13.927490,63.078351
3412,ss,0.018821,0.007150,0.021500,21.106689,47.470769
3413,p,0.003780,0.054400,0.018500,39.648438,76.679849
3414,sd,0.018668,0.056850,0.022000,48.760498,97.517773
3420,s,0.023128,0.101300,0.018500,6.452148,142.928351
3421,p,0.003780,0.003950,0.018500,25.576660,26.229849
3422,pp,0.002838,0.005000,0.021500,46.821289,29.338325
3423,dp,0.002464,0.006650,0.022000,56.681885,31.114344
3424,d,0.002385,0.078500,0.020000,65.527832,100.885393
3425,d,0.002385,0.004300,0.021500,11.983643,28.185393
3426,pd,0.002977,0.004050,0.018500,30.657227,25.527001
3427,d,0.002385,0.011100,0.019200,40.244385,32.685393
3428,pd,0.002977,0.012750,0.021500,59.095947,37.227001
3429,d,0.002385,0.047100,0.019200,68.633789,68.685393
3435,d,0.002385,0.026100,0.022000,15.206787,50.485393
3436,s,0.023128,0.004650,0.021500,22.287842,49.278351
3437,ps,0.002840,0.004600,0.021500,41.075195,28.939786
3438,p,0.003780,0.077000,0.021500,62.126953,102.279849
3439,pp,0.002838,0.051200,0.018500,82.824707,72.538325
3430,d,0.002385,0.084650,0.022000,6.855469,109.035393
3431,p,0.003780,0.056400,0.022000,25.759277,82.179849
3432,pp,0.002838,0.054100,0.022000,46.169678,78.938325
3433,sd,0.018668,0.075250,0.022000,55.589355,115.917773
3434,d,0.002385,0.005150,0.021500,62.638184,29.035393
3440,s,0.023128,0.050300,0.022000,6.592041,95.428351
3441,s,0.023128,0.143900,0.021500,13.644287,188.528351
3442,d,0.002385,0.005100,0.020000,21.001709,27.485393
3443,ds,0.002343,0.125500,0.022000,28.363525,149.842513
3444,pd,0.002977,0.004350,0.018500,46.852783,25.827001
3445,p,0.003780,0.006800,0.019200,21.213867,29.779849
3446,d,0.002385,0.098950,0.020000,30.729492,121.335393
3447,pd,0.002977,0.021600,0.022000,49.331055,46.577001
3448,s,0.023128,0.090250,0.018500,58.573242,131.878351
3449,ps,0.002840,0.041850,0.020000,77.764648,64.689786
3455,s,0.023128,0.060600,0.022000,7.327881,105.728351
3456,ss,0.018821,0.098500,0.019200,14.618896,136.520769
3457,p,0.003780,0.025050,0.020000,33.655518,48.829849
3458,s,0.023128,0.054450,0.020000,43.297607,97.578351
3459,ps,0.002840,0.129150,0.021500,62.611328,153.489786
3450,d,0.002385,0.004600,0.018500,7.340576,25.485393
3451,p,0.003780,0.094900,0.019200,27.477295,117.879849
3452,s,0.023128,0.076450,0.020000,37.250000,119.578351
3453,ss,0.018821,0.051000,0.022000,44.449951,91.820769
3454,dss,0.002842,0.029350,0.021500,51.736572,53.691615
3460,s,0.023128,0.096500,0.021500,8.908447,141.128351
3461,ds,0.002343,0.125000,0.021500,16.161865,148.842513
3462,s,0.023128,0.086750,0.020000,23.010742,129.878351
3463,p,0.003780,0.101700,0.018500,41.459961,123.979849
3464,pds,0.003022,0.109500,0.019200,62.446777,131.721933
3465,s,0.023128,0.023000,0.019200,6.617676,65.328351
3466,s,0.023128,0.015050,0.021500,13.690918,59.678351
3467,ps,0.002840,0.037300,0.020000,32.390625,60.139786
3468,d,0.002385,0.063350,0.018500,42.414062,84.235393
3469,ss,0.018821,0.007750,0.018500,49.886230,45.070769
3470,p,0.003780,0.015450,0.018500,25.770508,37.729849
3471,p,0.003780,0.005750,0.022000,46.755615,31.529849
3472,s,0.023128,0.064150,0.019200,56.045410,106.478351
3473,sp,0.018754,0.004550,0.019200,63.034668,42.503690
3474,d,0.002385,0.012100,0.019200,70.255371,33.685393
3475,d,0.002385,0.075100,0.020000,6.839844,97.485393
3476,s,0.023128,0.010050,0.021500,13.703857,54.678351
3477,ds,0.002343,0.016700,0.020000,20.581787,39.042513
3478,p,0.003780,0.051700,0.019200,39.056396,74.679849
3479,ps,0.002840,0.014800,0.018500,59.640869,36.139786
3480,s,0.023128,0.008150,0.020000,23.233643,51.278351
3481,d,0.002385,0.024800,0.019200,31.238037,46.385393
3482,pd,0.002977,0.026000,0.019200,49.650635,48.177001
3483,ps,0.002840,0.018300,0.019200,70.189209,40.339786
3484,d,0.002385,0.073000,0.022000,79.927734,97.385393
3485,p,0.003780,0.046350,0.022000,24.415039,72.129849
3486,sp,0.018754,0.091300,0.022000,33.916748,132.053690
3487,d,0.002385,0.066350,0.022000,41.188477,90.735393
3488,p,0.003780,0.070400,0.020000,60.289062,94.179849
3489,psp,0.002926,0.099700,0.021500,81.489014,124.125658
3490,d,0.002385,0.117300,0.020000,7.144775,139.685393
3491,dd,0.002426,0.171950,0.019200,14.772705,193.575915
3492,sdd,0.018511,0.038800,0.018500,22.045898,75.810933
3493,d,0.002385,0.015650,0.021500,29.615723,39.535393
3494,s,0.023128,0.044000,0.022000,37.199463,89.128351
3495,p,0.003780,0.003900,0.018500,30.265137,26.179849
3496,d,0.002385,0.131100,0.020000,40.083252,153.485393
3497,p,0.003780,0.018150,0.022000,60.681152,43.929849
3498,p,0.003780,0.070100,0.021500,82.317871,95.379849
3499,pp,0.002838,0.052000,0.022000,103.517334,76.838325
3505,d,0.002385,0.008400,0.018500,17.352295,29.285393
3506,p,0.003780,0.024100,0.021500,36.681641,49.379849
3507,pp,0.002838,0.080850,0.022000,57.565918,105.688325
3508,p,0.003780,0.018950,0.019200,77.952881,41.929849
3509,s,0.023128,0.011950,0.019200,86.981689,54.278351
3510,p,0.003780,0.056600,0.020000,18.164795,80.379849
3511,dp,0.002464,0.093850,0.022000,28.518799,118.314344
3512,p,0.003780,0.017500,0.020000,46.966797,41.279849
3513,ddp,0.002502,0.092150,0.019200,56.378418,113.851712
3514,s,0.023128,0.016500,0.021500,63.222168,61.128351
3500,p,0.003780,0.043350,0.018500,17.801270,65.629849
3501,d,0.002385,0.100450,0.019200,27.327881,122.035393
3502,d,0.002385,0.005400,0.022000,34.514160,29.785393
3503,s,0.023128,0.010400,0.018500,41.364502,52.028351
3504,pp,0.002838,0.027450,0.018500,59.707275,48.788325
3515,p,0.003780,0.010900,0.019200,18.163574,33.879849
3516,d,0.002385,0.105000,0.020000,27.768066,127.385393
3517,p,0.003780,0.005350,0.020000,46.269531,29.129849
3518,p,0.003780,0.007650,0.022000,67.027588,33.429849
3519,p,0.003780,0.058550,0.018500,88.129883,80.829849
3520,d,0.002385,0.076000,0.022000,22.551514,100.385393
3521,d,0.002385,0.051900,0.019200,30.070801,73.485393
3522,p,0.003780,0.025850,0.019200,48.310547,48.829849
3523,p,0.003780,0.005050,0.018500,69.082764,27.329849
3524,dd,0.002426,0.093100,0.020000,78.864258,115.525915
3535,s,0.023128,0.023500,0.020000,6.472168,66.628351
3536,d,0.002385,0.004400,0.022000,13.836182,28.785393
3537,dd,0.002426,0.008750,0.019200,21.394043,30.375915
3538,p,0.003780,0.082000,0.020000,40.223633,105.779849
3539,ss,0.018821,0.025700,0.021500,49.327637,66.020769
3530,s,0.023128,0.061250,0.019200,6.496582,103.578351
3531,p,0.003780,0.025650,0.021500,25.374512,50.929849
3532,pp,0.002838,0.018800,0.020000,46.987793,41.638325
3533,ppp,0.002790,0.004450,0.022000,67.588623,29.239957
3534,s,0.023128,0.007400,0.022000,76.679443,52.528351
3525,p,0.003780,0.077550,0.021500,18.770752,102.829849
3526,s,0.023128,0.064250,0.019200,29.479736,106.578351
3527,d,0.002385,0.081800,0.021500,37.629395,105.685393
3528,ps,0.002840,0.056100,0.020000,58.281250,78.939786
3529,pp,0.002838,0.045650,0.018500,80.191162,66.988325
3545,d,0.002385,0.017000,0.021500,9.363037,40.885393
3546,s,0.023128,0.032200,0.021500,16.294434,76.828351
3547,s,0.023128,0.004200,0.020000,23.071289,47.328351
3548,ds,0.002343,0.104000,0.022000,30.132812,128.342513
3549,dd,0.002426,0.054000,0.022000,37.200928,78.425915
3550,p,0.003780,0.004500,0.021500,18.276123,29.779849
3551,p,0.003780,0.099850,0.018500,39.164307,122.129849
3552,sp,0.018754,0.054650,0.022000,48.394531,95.403690
3553,s,0.023128,0.006000,0.019200,55.219238,48.328351
3554,p,0.003780,0.105850,0.018500,73.954590,128.129849
3555,s,0.023128,0.090650,0.020000,6.470947,133.778351
3556,s,0.023128,0.007200,0.020000,13.554688,50.328351
3557,s,0.023128,0.005750,0.020000,20.442139,48.878351
3558,ds,0.002343,0.004850,0.019200,27.719482,26.392513
3559,p,0.003780,0.057900,0.018500,46.944824,80.179849
3540,p,0.003780,0.070750,0.018500,19.054443,93.029849
3541,s,0.023128,0.014150,0.019200,28.856689,56.478351
3542,p,0.003780,0.022800,0.018500,47.502441,45.079849
3543,sp,0.018754,0.046300,0.019200,56.619629,84.253690
3544,ds,0.002343,0.031450,0.021500,63.604492,55.292513
3560,d,0.002385,0.084900,0.021500,11.503174,108.785393
3561,pd,0.002977,0.068500,0.020000,30.064941,91.477001
3562,ppd,0.002827,0.043750,0.022000,51.023926,68.576719
3563,p,0.003780,0.005450,0.022000,72.538818,31.229849
3564,dp,0.002464,0.004900,0.022000,82.429199,29.364344
3565,s,0.023128,0.045800,0.020000,13.102051,88.928351
3566,s,0.023128,0.075250,0.020000,20.576172,118.378351
3567,p,0.003780,0.012450,0.020000,40.080322,36.229849
3568,ps,0.002840,0.097200,0.021500,61.113037,121.539786
3569,p,0.003780,0.056700,0.018500,82.307861,78.979849
3570,s,0.023128,0.130950,0.022000,17.031006,176.078351
3571,d,0.002385,0.006150,0.022000,24.557617,30.535393
3572,d,0.002385,0.047650,0.022000,31.808594,72.035393
3573,dd,0.002426,0.004400,0.020000,38.811768,26.825915
3574,ddd,0.002493,0.003900,0.021500,45.788086,27.893417
3575,p,0.003780,0.004500,0.020000,34.900879,28.279849
3576,s,0.023128,0.107150,0.019200,44.389404,149.478351
3577,p,0.003780,0.091300,0.021500,63.095947,116.579849
3578,s,0.023128,0.023250,0.019200,72.330322,65.578351
3579,ps,0.002840,0.017150,0.022000,90.872559,41.989786
3580,s,0.023128,0.007550,0.019200,6.853271,49.878351
3581,ss,0.018821,0.004850,0.018500,15.906494,42.170769
3582,p,0.003780,0.086550,0.018500,34.289551,108.829849
3583,pss,0.002833,0.004450,0.019200,54.901855,26.482709
3584,s,0.023128,0.011600,0.020000,64.036133,54.728351
3585,p,0.003780,0.009450,0.019200,18.437744,32.429849
3586,d,0.002385,0.007850,0.021500,28.401611,31.735393
3587,pp,0.002838,0.004700,0.022000,46.913330,29.538325
3588,sp,0.018754,0.004200,0.018500,56.019775,41.453690
3589,s,0.023128,0.008800,0.019200,62.789062,51.128351
3590,d,0.002385,0.046050,0.021500,6.549561,69.935393
3591,s,0.023128,0.008100,0.020000,13.544189,51.228351
3592,ps,0.002840,0.007800,0.022000,32.105957,32.639786
3593,p,0.003780,0.003900,0.020000,53.095215,27.679849
3594,dps,0.002445,0.008750,0.021500,62.857666,32.694936
3595,s,0.023128,0.009150,0.018500,6.672852,50.778351
3596,ss,0.018821,0.011600,0.020000,13.872803,50.420769
3597,pss,0.002833,0.017000,0.021500,32.555664,41.332709
3598,s,0.023128,0.040100,0.020000,41.843750,83.228351
3599,p,0.003780,0.004400,0.019200,60.286133,27.379849
3605,d,0.002385,0.051300,0.019200,6.838135,72.885393
3606,p,0.003780,0.037150,0.022000,25.293213,62.929849
3607,pp,0.002838,0.050550,0.018500,45.771484,71.888325
3608,s,0.023128,0.005350,0.022000,54.849121,50.478351
3609,p,0.003780,0.008250,0.021500,72.971191,33.529849
3600,p,0.003780,0.133750,0.019200,29.288818,156.729849
3601,d,0.002385,0.085700,0.021500,38.599365,109.585393
3602,d,0.002385,0.015500,0.018500,45.504639,36.385393
3603,s,0.023128,0.099600,0.019200,52.326904,141.928351
3604,ps,0.002840,0.098650,0.021500,70.412842,122.989786
3610,p,0.003780,0.069900,0.019200,30.306152,92.879849
3611,d,0.002385,0.047250,0.022000,39.805664,71.635393
3612,dd,0.002426,0.128450,0.020000,46.816406,150.875915
3613,sdd,0.018511,0.030100,0.020000,53.751953,68.610933
3614,s,0.023128,0.006900,0.018500,60.758789,48.528351
3620,s,0.023128,0.004100,0.022000,6.780762,49.228351
3621,ds,0.002343,0.009450,0.020000,14.057617,31.792513
3622,d,0.002385,0.065800,0.019200,21.118652,87.385393
3623,pds,0.003022,0.004650,0.021500,39.604248,29.171933
3624,dps,0.002445,0.005600,0.018500,48.813477,26.544936
3615,s,0.023128,0.005550,0.022000,6.440186,50.678351
3616,d,0.002385,0.073400,0.021500,14.135498,97.285393
3617,d,0.002385,0.014000,0.019200,21.253906,35.585393
3618,s,0.023128,0.027700,0.022000,28.036377,72.828351
3619,ps,0.002840,0.035550,0.021500,46.206787,59.889786
3625,d,0.002385,0.005150,0.022000,23.745117,29.535393
3626,d,0.002385,0.045150,0.019200,31.743408,66.735393
3627,d,0.002385,0.053500,0.019200,38.803223,75.085393
3628,dd,0.002426,0.004450,0.021500,45.708496,28.375915
3629,pd,0.002977,0.073450,0.020000,63.984131,96.427001
3630,d,0.002385,0.095050,0.022000,7.010254,119.435393
3631,p,0.003780,0.047100,0.022000,25.605469,72.879849
3632,s,0.023128,0.012100,0.022000,34.723389,57.228351
3633,ds,0.002343,0.007150,0.022000,41.963135,31.492513
3634,sd,0.018668,0.087600,0.018500,48.834229,124.767773
3635,p,0.003780,0.078050,0.020000,24.808350,101.829849
3636,s,0.023128,0.007500,0.021500,33.890381,52.128351
3637,sp,0.018754,0.094100,0.022000,40.574463,134.853690
3638,s,0.023128,0.104000,0.021500,47.406006,148.628351
3639,p,0.003780,0.006700,0.022000,65.584229,32.479849
3640,p,0.003780,0.085050,0.019200,29.226807,108.029849
3641,pp,0.002838,0.049500,0.018500,49.800537,70.838325
3642,s,0.023128,0.005000,0.018500,59.045654,46.628351
3643,p,0.003780,0.064900,0.019200,77.562988,87.879849
3644,d,0.002385,0.016650,0.018500,87.029053,37.535393
3645,s,0.023128,0.009550,0.022000,6.418945,54.678351
3646,s,0.023128,0.071250,0.021500,13.287354,115.878351
3647,ds,0.002343,0.043600,0.020000,20.441895,65.942513
3648,p,0.003780,0.068800,0.018500,39.206055,91.079849
3649,d,0.002385,0.109850,0.021500,48.601318,133.735393
3655,p,0.003780,0.029550,0.021500,25.419922,54.829849
3656,s,0.023128,0.061850,0.020000,34.965332,104.978351
3657,ps,0.002840,0.098150,0.021500,53.733643,122.489786
3658,d,0.002385,0.008100,0.019200,63.059570,29.685393
3659,sd,0.018668,0.014950,0.019200,69.735352,52.817773
3650,p,0.003780,0.098950,0.020000,18.753662,122.729849
3651,d,0.002385,0.003950,0.018500,29.179443,24.835393
3652,d,0.002385,0.045550,0.019200,36.485840,67.135393
3653,sp,0.018754,0.017200,0.020000,43.462158,55.953690
3654,d,0.002385,0.060150,0.018500,50.761719,81.035393
3660,d,0.002385,0.007850,0.019200,6.980225,29.435393
3661,d,0.002385,0.025150,0.020000,14.619873,47.535393
3662,p,0.003780,0.066200,0.021500,33.835449,91.479849
3663,s,0.023128,0.069150,0.021500,43.355225,113.778351
3664,dd,0.002426,0.008550,0.022000,50.793213,32.975915
3665,d,0.002385,0.078150,0.022000,7.492432,102.535393
3666,s,0.023128,0.004050,0.018500,15.314209,45.678351
3667,d,0.002385,0.016950,0.018500,22.863525,37.835393
3668,sd,0.018668,0.101300,0.020000,30.207764,139.967773
3669,ds,0.002343,0.008750,0.019200,37.701904,30.292513
3670,d,0.002385,0.008100,0.022000,6.634277,32.485393
3671,p,0.003780,0.039500,0.020000,25.504883,63.279849
3672,p,0.003780,0.039800,0.022000,46.762939,65.579849
3673,dp,0.002464,0.063350,0.019200,56.523193,85.014344
3674,d,0.002385,0.006950,0.022000,63.863281,31.335393
3675,p,0.003780,0.032250,0.018500,17.875244,54.529849
3676,pp,0.002838,0.056200,0.018500,39.210449,77.538325
3677,p,0.003780,0.004350,0.021500,60.757812,29.629849
3678,s,0.023128,0.068500,0.019200,70.623047,110.828351
3679,d,0.002385,0.031550,0.018500,77.965332,52.435393
3680,p,0.003780,0.018050,0.022000,43.006104,43.829849
3681,dp,0.002464,0.012550,0.022000,52.342773,37.014344
3682,pdp,0.002932,0.011800,0.022000,70.575439,36.731683
3683,s,0.023128,0.105250,0.022000,79.604248,150.378351
3684,spdp,0.017821,0.007100,0.021500,86.373047,46.420882
3690,s,0.023128,0.024000,0.021500,6.462646,68.628351
3691,ss,0.018821,0.024400,0.021500,13.184570,64.720769
3692,d,0.002385,0.012750,0.019200,20.171387,34.335393
3693,p,0.003780,0.093150,0.019200,39.185791,116.129849
3694,dss,0.002842,0.081050,0.022000,48.795410,105.891615
3685,d,0.002385,0.085150,0.019200,6.904785,106.735393
3686,s,0.023128,0.005050,0.020000,13.961426,48.178351
3687,p,0.003780,0.055450,0.020000,32.929443,79.229849
3688,s,0.023128,0.041800,0.021500,42.531982,86.428351
3689,ps,0.002840,0.004650,0.018500,60.713135,25.989786
3695,d,0.002385,0.076650,0.020000,9.182861,99.035393
3696,s,0.023128,0.071600,0.021500,17.534180,116.228351
3697,p,0.003780,0.091100,0.018500,38.914062,113.379849
3698,p,0.003780,0.020150,0.018500,62.427002,42.429849
3699,sp,0.018754,0.011000,0.020000,72.506348,49.753690
3705,d,0.002385,0.048950,0.019200,9.112793,70.535393
3706,d,0.002385,0.005700,0.020000,16.141846,28.085393
3707,d,0.002385,0.118250,0.020000,23.571289,140.635393
3708,sd,0.018668,0.153000,0.022000,30.356689,193.667773
3709,d,0.002385,0.045800,0.018500,37.637451,66.685393
3700,ps,0.002840,0.054100,0.020000,18.575684,76.939786
3701,dps,0.002445,0.045800,0.021500,28.453857,69.744936
3702,d,0.002385,0.075250,0.021500,35.671631,99.135393
3703,s,0.023128,0.033400,0.019200,42.477539,75.728351
3704,d,0.002385,0.017750,0.020000,49.502441,40.135393
3710,d,0.002385,0.076000,0.021500,6.818115,99.885393
3711,d,0.002385,0.010150,0.018500,13.915527,31.035393
3712,s,0.023128,0.017050,0.020000,20.949951,60.178351
3713,ss,0.018821,0.110500,0.021500,27.912598,150.820769
3714,sss,0.019288,0.047450,0.020000,35.050781,86.738093
3715,p,0.003780,0.008450,0.022000,30.549316,34.229849
3716,d,0.002385,0.011100,0.018500,41.913330,31.985393
3717,p,0.003780,0.103100,0.018500,62.261963,125.379849
3718,p,0.003780,0.005000,0.018500,83.591064,27.279849
3719,dp,0.002464,0.007250,0.020000,93.358154,29.714344
3730,d,0.002385,0.083150,0.018500,23.151611,104.035393
3731,p,0.003780,0.018800,0.020000,42.526855,42.579849
3732,d,0.002385,0.033400,0.018500,52.708252,54.285393
3733,dd,0.002426,0.055200,0.019200,60.428467,76.825915
3734,dp,0.002464,0.028300,0.022000,68.565430,52.764344
3725,p,0.003780,0.123550,0.022000,35.166748,149.329849
3726,d,0.002385,0.071450,0.022000,44.659668,95.835393
3727,s,0.023128,0.007500,0.022000,51.491455,52.628351
3728,pp,0.002838,0.117300,0.018500,69.625488,138.638325
3729,ppp,0.002790,0.059400,0.021500,90.037109,83.689957
3720,d,0.002385,0.012100,0.021500,6.682617,35.985393
3721,d,0.002385,0.082800,0.018500,13.793457,103.685393
3722,dd,0.002426,0.007650,0.021500,20.935547,31.575915
3723,s,0.023128,0.070150,0.020000,29.760498,113.278351
3724,s,0.023128,0.070250,0.020000,40.084473,113.378351
3735,s,0.023128,0.017800,0.019200,6.445801,60.128351
3736,d,0.002385,0.081550,0.018500,13.568604,102.435393
3737,p,0.003780,0.014300,0.022000,32.032959,40.079849
3738,sd,0.018668,0.035550,0.022000,41.229736,76.217773
3739,pp,0.002838,0.005800,0.019200,59.691895,27.838325
3745,p,0.003780,0.015250,0.020000,35.498779,39.029849
3746,p,0.003780,0.106900,0.019200,56.322998,129.879849
3747,p,0.003780,0.123550,0.018500,76.937500,145.829849
3748,dp,0.002464,0.112150,0.019200,86.410400,133.814344
3749,s,0.023128,0.024300,0.019200,93.498047,66.628351
3750,s,0.023128,0.005850,0.022000,22.066895,50.978351
3751,s,0.023128,0.035000,0.022000,29.722168,80.128351
3752,d,0.002385,0.089250,0.021500,37.002686,113.135393
3753,dd,0.002426,0.065100,0.021500,44.182373,89.025915
3754,d,0.002385,0.008350,0.020000,51.655762,30.735393
3740,s,0.023128,0.061050,0.018500,23.760742,102.678351
3741,p,0.003780,0.026800,0.022000,43.257812,52.579849
3742,d,0.002385,0.012450,0.020000,52.517822,34.835393
3743,ps,0.002840,0.074800,0.018500,70.896729,96.139786
3744,pp,0.002838,0.051250,0.020000,91.396973,74.088325
3755,s,0.023128,0.003900,0.021500,7.446045,48.528351
3756,ss,0.018821,0.005750,0.018500,14.551514,43.070769
3757,s,0.023128,0.058350,0.019200,21.678955,100.678351
3758,ss,0.018821,0.094100,0.019200,29.671143,132.120769
3759,s,0.023128,0.143900,0.022000,37.138672,189.028351
3760,p,0.003780,0.012500,0.018500,18.249756,34.779849
3761,p,0.003780,0.143900,0.019200,39.511230,166.879849
3762,pp,0.002838,0.056400,0.019200,60.977783,78.438325
3763,d,0.002385,0.011550,0.022000,70.915039,35.935393
3764,sd,0.018668,0.007000,0.022000,77.994141,47.667773
3765,s,0.023128,0.008600,0.020000,6.407959,51.728351
3766,d,0.002385,0.097200,0.022000,13.621094,121.585393
3767,sd,0.018668,0.085100,0.022000,20.535645,125.767773
3768,s,0.023128,0.043500,0.018500,27.458740,85.128351
3769,s,0.023128,0.112100,0.022000,34.291260,157.228351
3770,d,0.002385,0.005950,0.022000,6.765381,30.335393
3771,sd,0.018668,0.005800,0.018500,13.936035,42.967773
3772,p,0.003780,0.033150,0.019200,32.773926,56.129849
3773,d,0.002385,0.012100,0.019200,42.624023,33.685393
3774,ds,0.002343,0.007200,0.021500,49.927979,31.042513
3775,p,0.003780,0.019150,0.022000,20.037354,44.929849
3776,p,0.003780,0.004700,0.020000,42.832031,28.479849
3777,p,0.003780,0.100000,0.019200,63.728516,122.979849
3778,s,0.023128,0.008950,0.019200,72.890137,51.278351
3779,s,0.023128,0.015950,0.018500,79.719238,57.578351
3780,p,0.003780,0.062400,0.018500,18.166504,84.679849
3781,s,0.023128,0.013550,0.021500,27.979980,58.178351
3782,pp,0.002838,0.031550,0.021500,47.279297,55.888325
3783,s,0.023128,0.049900,0.021500,56.561523,94.528351
3784,p,0.003780,0.027900,0.021500,75.127930,53.179849
3785,p,0.003780,0.008200,0.022000,19.913086,33.979849
3786,sp,0.018754,0.038150,0.022000,29.760498,78.903690
3787,p,0.003780,0.102100,0.022000,48.332764,127.879849
3788,d,0.002385,0.005250,0.019200,58.008545,26.835393
3789,sp,0.018754,0.097550,0.018500,65.346436,134.803690
3790,d,0.002385,0.023650,0.021500,6.853516,47.535393
3791,s,0.023128,0.087600,0.020000,13.796875,130.728351
3792,ps,0.002840,0.012750,0.019200,32.383301,34.789786
3793,p,0.003780,0.005000,0.020000,53.463135,28.779849
3794,s,0.023128,0.071500,0.020000,62.658936,114.628351
3795,d,0.002385,0.062800,0.020000,6.585938,85.185393
3796,dd,0.002426,0.066250,0.020000,13.748535,88.675915
3797,s,0.023128,0.086150,0.018500,20.787842,127.778351
3798,p,0.003780,0.006750,0.018500,39.247559,29.029849
3799,d,0.002385,0.112700,0.021500,48.565918,136.585393
3800,s,0.023128,0.093850,0.021500,8.453369,138.478351
3801,p,0.003780,0.019500,0.020000,32.079834,43.279849
3802,pp,0.002838,0.092150,0.021500,53.503906,116.488325
3803,ps,0.002840,0.082700,0.019200,74.243652,104.739786
3804,d,0.002385,0.025050,0.019200,83.569824,46.635393
3805,s,0.023128,0.027050,0.018500,6.559082,68.678351
3806,s,0.023128,0.076950,0.019200,13.468262,119.278351
3807,s,0.023128,0.005200,0.018500,20.359131,46.828351
3808,ss,0.018821,0.063650,0.019200,27.236572,101.670769
3809,p,0.003780,0.012000,0.019200,47.700195,34.979849
3810,s,0.023128,0.058850,0.020000,6.431885,101.978351
3811,s,0.023128,0.090000,0.022000,13.583496,135.128351
3812,d,0.002385,0.091150,0.021500,20.851074,115.035393
3813,ps,0.002840,0.014350,0.020000,39.699463,37.189786
3814,ds,0.002343,0.080700,0.019200,49.209717,102.242513
3815,d,0.002385,0.083800,0.021500,9.397461,107.685393
3816,s,0.023128,0.077150,0.020000,16.583984,120.278351
3817,p,0.003780,0.110500,0.018500,35.605225,132.779849
3818,ds,0.002343,0.095100,0.019200,45.091797,116.642513
3819,sp,0.018754,0.082200,0.020000,51.866699,120.953690
3825,p,0.003780,0.096150,0.021500,25.668213,121.429849
3826,dp,0.002464,0.090850,0.021500,34.891113,114.814344
3827,s,0.023128,0.015250,0.019200,41.608887,57.578351
3828,s,0.023128,0.043150,0.019200,48.223145,85.478351
3829,ss,0.018821,0.084500,0.021500,54.909912,124.820769
3820,s,0.023128,0.033900,0.022000,6.274170,79.028351
3821,d,0.002385,0.017850,0.018500,13.341553,38.735393
3822,s,0.023128,0.004350,0.021500,20.373779,48.978351
3823,ss,0.018821,0.004650,0.019200,27.354248,42.670769
3824,s,0.023128,0.073800,0.020000,34.179688,116.928351
3830,d,0.002385,0.004650,0.018500,6.654785,25.535393
3831,p,0.003780,0.099150,0.020000,25.858643,122.929849
3832,d,0.002385,0.027100,0.021500,35.440430,50.985393
3833,s,0.023128,0.008100,0.022000,42.278564,53.228351
3834,dd,0.002426,0.095550,0.018500,49.129395,116.475915
3835,d,0.002385,0.050350,0.020000,6.771973,72.735393
3836,pd,0.002977,0.077450,0.021500,26.473877,101.927001
3837,s,0.023128,0.008450,0.019200,36.393066,50.778351
3838,d,0.002385,0.035850,0.021500,44.231445,59.735393
3839,pd,0.002977,0.122950,0.021500,63.748291,147.427001
3840,d,0.002385,0.131650,0.019200,6.630371,153.235393
3841,d,0.002385,0.115150,0.021500,13.787598,139.035393
3842,sd,0.018668,0.038750,0.019200,20.665039,76.617773
3843,dd,0.002426,0.067000,0.019200,27.661621,88.625915
3844,dsd,0.002613,0.030300,0.018500,34.698486,51.412551
3845,s,0.023128,0.060650,0.020000,22.928711,103.778351
3846,s,0.023128,0.035450,0.022000,30.692139,80.578351
3847,p,0.003780,0.072650,0.018500,49.391357,94.929849
3848,s,0.023128,0.007050,0.020000,58.671631,50.178351
3849,ss,0.018821,0.013600,0.020000,65.577637,52.420769
3850,p,0.003780,0.075400,0.018500,18.053467,97.679849
3851,d,0.002385,0.056000,0.022000,27.518066,80.385393
3852,d,0.002385,0.055750,0.020000,34.752686,78.135393
3853,sp,0.018754,0.046350,0.022000,41.697510,87.103690
3854,ssp,0.018787,0.050000,0.018500,48.578857,87.287195
3855,p,0.003780,0.012100,0.018500,21.192627,34.379849
3856,d,0.002385,0.090100,0.019200,30.616455,111.685393
3857,d,0.002385,0.077850,0.018500,37.689697,98.735393
3858,p,0.003780,0.065100,0.018500,56.428955,87.379849
3859,dd,0.002426,0.037100,0.019200,65.752441,58.725915
3860,p,0.003780,0.127850,0.021500,20.571289,153.129849
3861,p,0.003780,0.012800,0.022000,42.320801,38.579849
3862,p,0.003780,0.004600,0.022000,64.617432,30.379849
3863,dp,0.002464,0.076000,0.020000,75.065918,98.464344
3864,p,0.003780,0.106600,0.018500,95.017822,128.879849
3865,d,0.002385,0.003950,0.019200,10.817383,25.535393
3866,d,0.002385,0.070900,0.019200,17.943848,92.485393
3867,s,0.023128,0.052650,0.020000,24.777832,95.778351
3868,p,0.003780,0.011000,0.019200,43.197998,33.979849
3869,pd,0.002977,0.039300,0.019200,64.100098,61.477001
3870,s,0.023128,0.066250,0.021500,21.729248,110.878351
3871,s,0.023128,0.010350,0.018500,29.111328,51.978351
3872,s,0.023128,0.010900,0.022000,35.967041,56.028351
3873,s,0.023128,0.082650,0.018500,42.882812,124.278351
3874,ss,0.018821,0.084650,0.019200,49.914062,122.670769
3875,d,0.002385,0.043500,0.019200,20.356445,65.085393
3876,d,0.002385,0.011450,0.018500,27.893555,32.335393
3877,sd,0.018668,0.087250,0.020000,34.832764,125.917773
3878,p,0.003780,0.049350,0.022000,53.380371,75.129849
3879,p,0.003780,0.015700,0.019200,73.927734,38.679849
3880,p,0.003780,0.045800,0.022000,21.831299,71.579849
3881,d,0.002385,0.071400,0.022000,31.109375,95.785393
3882,d,0.002385,0.099750,0.021500,38.087646,123.635393
3883,sd,0.018668,0.013850,0.022000,44.874756,54.517773
3884,psd,0.003139,0.142500,0.022000,63.114502,167.638792
3885,d,0.002385,0.011850,0.022000,10.635254,36.235393
3886,s,0.023128,0.008650,0.021500,23.057129,53.278351
3887,p,0.003780,0.083050,0.022000,44.944092,108.829849
3888,p,0.003780,0.103400,0.022000,66.506836,129.179849
3889,p,0.003780,0.010550,0.021500,87.750977,35.829849
3890,d,0.002385,0.093850,0.021500,23.322754,117.735393
3891,p,0.003780,0.054400,0.022000,52.275635,80.179849
3892,s,0.023128,0.076550,0.020000,61.536133,119.678351
3893,sp,0.018754,0.094050,0.018500,68.378906,131.303690
3894,s,0.023128,0.008100,0.019200,75.104248,50.428351
3895,s,0.023128,0.010400,0.020000,25.106445,53.528351
3896,s,0.023128,0.031350,0.021500,33.485352,75.978351
3897,s,0.023128,0.089300,0.022000,40.871338,134.428351
3898,s,0.023128,0.015550,0.019200,48.604248,57.878351
3899,ds,0.002343,0.022950,0.022000,56.355713,47.292513
3900,p,0.003780,0.007450,0.022000,18.109619,33.229849
3901,p,0.003780,0.017250,0.018500,38.679443,39.529849
3902,d,0.002385,0.053150,0.021500,48.144775,77.035393
3903,p,0.003780,0.005850,0.022000,66.454834,31.629849
3904,p,0.003780,0.040000,0.020000,87.035889,63.779849
3905,p,0.003780,0.026600,0.019200,34.238525,49.579849
3906,p,0.003780,0.071550,0.021500,54.836670,96.829849
3907,d,0.002385,0.009850,0.019200,64.068604,31.435393
3908,d,0.002385,0.039250,0.018500,70.981934,60.135393
3909,d,0.002385,0.008800,0.022000,78.249756,33.185393
3910,s,0.023128,0.084000,0.022000,22.089600,129.128351
3911,p,0.003780,0.095400,0.018500,41.460938,117.679849
3912,d,0.002385,0.005100,0.018500,50.947021,25.985393
3913,d,0.002385,0.007100,0.019200,58.246582,28.685393
3914,pd,0.002977,0.038150,0.019200,76.938232,60.327001
3920,s,0.023128,0.044300,0.022000,6.854004,89.428351
3921,ss,0.018821,0.070400,0.019200,13.869385,108.420769
3922,s,0.023128,0.021400,0.021500,20.849121,66.028351
3923,d,0.002385,0.071550,0.021500,28.276855,95.435393
3924,sss,0.019288,0.087650,0.019200,35.569580,126.138093
3915,s,0.023128,0.102900,0.018500,22.309814,144.528351
3916,p,0.003780,0.077550,0.021500,42.397461,102.829849
3917,pp,0.002838,0.047250,0.020000,63.311035,70.088325
3918,s,0.023128,0.082650,0.020000,72.662109,125.778351
3919,p,0.003780,0.006000,0.021500,91.115479,31.279849
3925,s,0.023128,0.075550,0.022000,8.528320,120.678351
3926,d,0.002385,0.015600,0.022000,15.844727,39.985393
3927,sd,0.018668,0.005050,0.020000,23.202881,43.717773
3928,ds,0.002343,0.066750,0.022000,30.520508,91.092513
3929,d,0.002385,0.004900,0.022000,38.216309,29.285393
3930,p,0.003780,0.027050,0.020000,28.920654,50.829849
3931,d,0.002385,0.006000,0.020000,38.737305,28.385393
3932,p,0.003780,0.010050,0.019200,57.505127,33.029849
3933,d,0.002385,0.084250,0.019200,67.215088,105.835393
3934,pp,0.002838,0.008700,0.018500,85.782959,30.038325
3935,p,0.003780,0.057250,0.021500,34.505859,82.529849
3936,s,0.023128,0.087950,0.020000,43.969971,131.078351
3937,s,0.023128,0.011050,0.021500,51.016602,55.678351
3938,ds,0.002343,0.065800,0.022000,58.355957,90.142513
3939,ss,0.018821,0.014550,0.019200,65.548340,52.570769
3940,s,0.023128,0.084600,0.019200,12.805908,126.928351
3941,d,0.002385,0.005650,0.019200,20.372070,27.235393
3942,p,0.003780,0.100450,0.022000,39.385986,126.229849
3943,d,0.002385,0.007150,0.018500,49.058350,28.035393
3944,ds,0.002343,0.128250,0.019200,56.431152,149.792513
3950,d,0.002385,0.005050,0.022000,6.870361,29.435393
3951,sd,0.018668,0.005050,0.018500,14.281494,42.217773
3952,s,0.023128,0.022500,0.018500,21.689697,64.128351
3953,d,0.002385,0.073550,0.021500,29.157959,97.435393
3954,p,0.003780,0.008750,0.020000,47.922852,32.529849
3945,s,0.023128,0.024500,0.022000,7.511963,69.628351
3946,d,0.002385,0.004800,0.022000,15.341309,29.185393
3947,d,0.002385,0.106750,0.021500,22.722168,130.635393
3948,s,0.023128,0.011100,0.021500,29.716064,55.728351
3949,ps,0.002840,0.016500,0.022000,48.243896,41.339786
3955,p,0.003780,0.043500,0.019200,18.375000,66.479849
3956,sp,0.018754,0.054950,0.021500,27.718506,95.203690
3957,ssp,0.018787,0.048550,0.021500,34.648682,88.837195
3958,s,0.023128,0.069150,0.021500,41.654785,113.778351
3959,sssp,0.018690,0.022850,0.022000,48.655273,63.539656
3965,p,0.003780,0.004650,0.020000,29.523193,28.429849
3966,s,0.023128,0.027000,0.019200,38.583984,69.328351
3967,d,0.002385,0.024950,0.019200,45.634277,46.535393
3968,sp,0.018754,0.011100,0.020000,52.502197,49.853690
3969,ss,0.018821,0.036750,0.019200,59.224609,74.770769
3960,p,0.003780,0.004800,0.021500,17.936279,30.079849
3961,s,0.023128,0.020150,0.021500,27.227783,64.778351
3962,d,0.002385,0.081850,0.020000,34.511230,104.235393
3963,sd,0.018668,0.094250,0.019200,41.656982,132.117773
3964,ss,0.018821,0.010000,0.021500,48.604492,50.320769
3970,d,0.002385,0.012000,0.020000,12.703369,34.385393
3971,s,0.023128,0.102050,0.021500,20.231934,146.678351
3972,ps,0.002840,0.018300,0.019200,39.460693,40.339786
3973,dps,0.002445,0.116850,0.019200,49.251465,138.494936
3974,s,0.023128,0.040700,0.021500,56.444336,85.328351
3975,s,0.023128,0.091600,0.021500,6.490479,136.228351
3976,ds,0.002343,0.061100,0.019200,13.745361,82.642513
3977,d,0.002385,0.008800,0.020000,20.891846,31.185393
3978,p,0.003780,0.024300,0.020000,39.445801,48.079849
3979,sds,0.018566,0.078150,0.020000,48.500000,116.716086
3980,d,0.002385,0.011000,0.022000,10.350342,35.385393
3981,p,0.003780,0.003800,0.019200,37.091309,26.779849
3982,s,0.023128,0.029250,0.020000,46.968506,72.378351
3983,sp,0.018754,0.004500,0.021500,54.034668,44.753690
3984,p,0.003780,0.068100,0.021500,72.632568,93.379849
3985,p,0.003780,0.057000,0.018500,18.285400,79.279849
3986,sp,0.018754,0.029450,0.020000,27.831055,68.203690
3987,d,0.002385,0.091500,0.020000,35.200195,113.885393
3988,p,0.003780,0.070800,0.021500,53.843506,96.079849
3989,p,0.003780,0.005350,0.022000,74.657471,31.129849
3990,p,0.003780,0.005550,0.021500,18.298584,30.829849
3991,sp,0.018754,0.004550,0.018500,27.715088,41.803690
3992,dsp,0.002685,0.005300,0.021500,35.035889,29.484513
3993,s,0.023128,0.079900,0.018500,41.983154,121.528351
3994,d,0.002385,0.012300,0.019200,49.054688,33.885393
4000,s,0.023128,0.097050,0.022000,7.083252,142.178351
4001,ps,0.002840,0.028650,0.020000,27.698486,51.489786
4002,d,0.002385,0.056950,0.022000,37.781250,81.335393
4003,p,0.003780,0.005050,0.022000,56.815918,30.829849
4004,s,0.023128,0.071550,0.019200,66.263428,113.878351
3995,s,0.023128,0.010550,0.020000,6.467285,53.678351
3996,p,0.003780,0.070250,0.021500,25.148438,95.529849
3997,sp,0.018754,0.037350,0.018500,34.360352,74.603690
3998,s,0.023128,0.096150,0.018500,41.285645,137.778351
3999,ss,0.018821,0.007500,0.022000,48.345703,48.320769
4005,s,0.023128,0.037350,0.019200,6.500488,79.678351
4006,ds,0.002343,0.040200,0.018500,13.890625,61.042513
4007,p,0.003780,0.061050,0.020000,36.587402,84.829849
4008,pds,0.003022,0.038350,0.020000,59.011719,61.371933
4009,sp,0.018754,0.054850,0.020000,68.809326,93.603690
4010,p,0.003780,0.004700,0.019200,18.400879,27.679849
4011,d,0.002385,0.020700,0.019200,28.078613,42.285393
4012,dd,0.002426,0.010350,0.018500,35.759766,31.275915
4013,dp,0.002464,0.005400,0.018500,45.812500,26.364344
4014,s,0.023128,0.096550,0.021500,52.968018,141.178351
4015,s,0.023128,0.107000,0.019200,8.216553,149.328351
4016,s,0.023128,0.072600,0.020000,15.468994,115.728351
4017,p,0.003780,0.007350,0.020000,34.255615,31.129849
4018,d,0.002385,0.106250,0.022000,43.791016,130.635393
4019,ss,0.018821,0.136350,0.020000,50.949707,175.170769
4020,s,0.023128,0.057550,0.020000,6.357178,100.678351
4021,s,0.023128,0.009150,0.022000,13.506836,54.278351
4022,ss,0.018821,0.093950,0.022000,21.202148,134.770769
4023,ps,0.002840,0.011700,0.022000,39.959473,36.539786
4024,dps,0.002445,0.006150,0.021500,50.259521,30.094936
4025,s,0.023128,0.088250,0.020000,9.721191,131.378351
4026,ps,0.002840,0.026150,0.021500,36.087646,50.489786
4027,p,0.003780,0.019100,0.018500,57.901855,41.379849
4028,d,0.002385,0.064750,0.022000,68.157715,89.135393
4029,ps,0.002840,0.039500,0.018500,87.393555,60.839786
4030,p,0.003780,0.007200,0.019200,19.001221,30.179849
4031,p,0.003780,0.129250,0.019200,46.322021,152.229849
4032,d,0.002385,0.076650,0.022000,56.313965,101.035393
4033,dp,0.002464,0.019000,0.022000,63.997070,43.464344
4034,dd,0.002426,0.089300,0.021500,71.144531,113.225915
4035,p,0.003780,0.041100,0.019200,29.084473,64.079849
4036,d,0.002385,0.018800,0.020000,39.844727,41.185393
4037,s,0.023128,0.006650,0.020000,47.493164,49.778351
4038,ps,0.002840,0.004650,0.019200,67.700439,26.689786
4039,s,0.023128,0.020400,0.022000,77.322266,65.528351
4040,s,0.023128,0.014150,0.019200,22.676025,56.478351
4041,ps,0.002840,0.020200,0.021500,41.820312,44.539786
4042,d,0.002385,0.055100,0.020000,51.145996,77.485393
4043,p,0.003780,0.034400,0.020000,69.590088,58.179849
4044,dp,0.002464,0.127850,0.020000,78.829102,150.314344
4050,p,0.003780,0.083050,0.018500,34.637451,105.329849
4051,s,0.023128,0.011400,0.018500,43.971924,53.028351
4052,ss,0.018821,0.008200,0.019200,51.026855,46.220769
4053,p,0.003780,0.016300,0.018500,69.992432,38.579849
4054,sp,0.018754,0.075100,0.021500,79.594482,115.353690
4045,d,0.002385,0.004600,0.022000,6.794434,28.985393
4046,p,0.003780,0.011100,0.018500,25.932617,33.379849
4047,dp,0.002464,0.009150,0.020000,35.796387,31.614344
4048,p,0.003780,0.073150,0.020000,54.582275,96.929849
4049,dp,0.002464,0.054300,0.018500,64.062744,75.264344
4055,d,0.002385,0.062500,0.021500,8.295410,86.385393
4056,d,0.002385,0.015900,0.019200,15.900879,37.485393
4057,pd,0.002977,0.042200,0.019200,34.387695,64.377001
4058,d,0.002385,0.079800,0.020000,43.583496,102.185393
4059,sd,0.018668,0.021150,0.019200,50.247559,59.017773
4065,s,0.023128,0.023250,0.019200,22.751221,65.578351
4066,p,0.003780,0.007650,0.019200,42.058594,30.629849
4067,ss,0.018821,0.057550,0.018500,51.188965,94.870769
4068,p,0.003780,0.037350,0.021500,69.440430,62.629849
4069,s,0.023128,0.003700,0.022000,78.852295,48.828351
4060,p,0.003780,0.048350,0.018500,27.645752,70.629849
4061,dp,0.002464,0.014350,0.021500,37.331543,38.314344
4062,s,0.023128,0.088100,0.020000,44.304443,131.228351
4063,p,0.003780,0.088500,0.018500,63.354248,110.779849
4064,ddp,0.002502,0.100000,0.021500,73.531250,124.001712
4075,d,0.002385,0.054300,0.022000,16.867920,78.685393
4076,d,0.002385,0.037300,0.020000,24.211914,59.685393
4077,dd,0.002426,0.027950,0.019200,31.428955,49.575915
4078,sdd,0.018511,0.091450,0.019200,38.478516,129.160933
4079,p,0.003780,0.015350,0.019200,57.145508,38.329849
4070,d,0.002385,0.021500,0.021500,22.705322,45.385393
4071,dd,0.002426,0.011400,0.020000,30.292236,33.825915
4072,p,0.003780,0.081650,0.018500,48.735840,103.929849
4073,s,0.023128,0.004700,0.019200,57.809570,47.028351
4074,ds,0.002343,0.005600,0.022000,65.504395,29.942513
4080,s,0.023128,0.004300,0.022000,23.306641,49.428351
4081,ps,0.002840,0.006400,0.021500,42.371094,30.739786
4082,s,0.023128,0.095550,0.018500,51.533203,137.178351
4083,ds,0.002343,0.012700,0.018500,58.706299,33.542513
4084,s,0.023128,0.024000,0.021500,65.568848,68.628351
4090,p,0.003780,0.093100,0.019200,43.844482,116.079849
4091,s,0.023128,0.020950,0.018500,53.060303,62.578351
4092,d,0.002385,0.079550,0.022000,60.391357,103.935393
4093,p,0.003780,0.057100,0.020000,79.377197,80.879849
4094,ss,0.018821,0.015700,0.021500,88.972412,56.020769
4085,s,0.023128,0.097750,0.020000,23.068848,140.878351
4086,p,0.003780,0.003850,0.018500,42.373047,26.129849
4087,sp,0.018754,0.007250,0.020000,51.673096,46.003690
4088,ps,0.002840,0.086950,0.018500,70.793457,108.289786
4089,sps,0.018360,0.013850,0.018500,80.168213,50.710251
4095,d,0.002385,0.012150,0.020000,9.851807,34.535393
4096,p,0.003780,0.005750,0.019200,31.658203,28.729849
4097,dp,0.002464,0.008600,0.022000,42.057617,33.064344
4098,s,0.023128,0.079450,0.022000,49.453613,124.578351
4099,d,0.002385,0.010950,0.020000,56.854004,33.335393
4105,s,0.023128,0.071100,0.020000,21.148682,114.228351
4106,ds,0.002343,0.026600,0.022000,28.928467,50.942513
4107,p,0.003780,0.004450,0.020000,47.774414,28.229849
4108,d,0.002385,0.045950,0.018500,57.298340,66.835393
4109,d,0.002385,0.004400,0.021500,64.688965,28.285393
4100,d,0.002385,0.005600,0.020000,7.060303,27.985393
4101,s,0.023128,0.003900,0.021500,14.183350,48.528351
4102,d,0.002385,0.012600,0.019200,21.390625,34.185393
4103,sd,0.018668,0.090100,0.020000,28.465576,128.767773
4104,ssd,0.018735,0.043500,0.020000,35.377441,82.234503
4110,d,0.002385,0.073500,0.022000,6.679688,97.885393
4111,p,0.003780,0.064400,0.022000,25.296387,90.179849
4112,s,0.023128,0.007500,0.022000,34.435303,52.628351
4113,dd,0.002426,0.095200,0.018500,41.596680,116.125915
4114,p,0.003780,0.063100,0.021500,60.711182,88.379849
4120,p,0.003780,0.004050,0.021500,18.056641,29.329849
4121,p,0.003780,0.009600,0.021500,38.926025,34.879849
4122,s,0.023128,0.069150,0.022000,48.186035,114.278351
4123,ss,0.018821,0.084550,0.022000,55.091797,125.370769
4124,p,0.003780,0.047150,0.018500,73.778320,69.429849
4115,p,0.003780,0.045800,0.022000,18.325928,71.579849
4116,sp,0.018754,0.106250,0.018500,27.723633,143.503690
4117,psp,0.002926,0.021650,0.021500,46.421143,46.075658
4118,p,0.003780,0.061100,0.019200,67.391846,84.079849
4119,dpsp,0.002620,0.057550,0.018500,76.898682,78.669794
4125,p,0.003780,0.004450,0.022000,29.478516,30.229849
4126,p,0.003780,0.051650,0.019200,50.053711,74.629849
4127,sp,0.018754,0.072600,0.020000,59.624756,111.353690
4128,s,0.023128,0.009500,0.020000,66.329102,52.628351
4129,ss,0.018821,0.004650,0.018500,73.025879,41.970769
4130,p,0.003780,0.012450,0.021500,21.311035,37.729849
4131,dp,0.002464,0.012800,0.021500,30.903809,36.764344
4132,d,0.002385,0.065800,0.018500,38.167236,86.685393
4133,s,0.023128,0.030700,0.021500,45.173096,75.328351
4134,d,0.002385,0.009450,0.020000,52.085205,31.835393
4135,d,0.002385,0.028900,0.019200,13.932617,50.485393
4136,p,0.003780,0.008600,0.022000,33.131592,34.379849
4137,p,0.003780,0.124150,0.021500,54.138184,149.429849
4138,sp,0.018754,0.066500,0.022000,63.419678,107.253690
4139,s,0.023128,0.008400,0.021500,70.128906,53.028351
4140,d,0.002385,0.074650,0.022000,6.829834,99.035393
4141,p,0.003780,0.013000,0.021500,26.053223,38.279849
4142,d,0.002385,0.061900,0.021500,35.880859,85.785393
4143,dp,0.002464,0.004650,0.021500,43.224854,28.614344
4144,d,0.002385,0.041800,0.022000,50.545898,66.185393
4145,d,0.002385,0.023000,0.019200,6.706543,44.585393
4146,sd,0.018668,0.065350,0.022000,13.701904,106.017773
4147,p,0.003780,0.004350,0.021500,32.594482,29.629849
4148,ps,0.002840,0.102100,0.019200,53.593506,124.139786
4149,d,0.002385,0.024300,0.019200,63.339355,45.885393
4155,s,0.023128,0.005700,0.021500,10.116211,50.328351
4156,ss,0.018821,0.006350,0.019200,16.939941,44.370769
4157,dss,0.002842,0.006750,0.022000,24.169189,31.591615
4158,p,0.003780,0.086300,0.021500,42.788086,111.579849
4159,p,0.003780,0.084600,0.018500,64.081299,106.879849
4150,s,0.023128,0.033750,0.018500,6.646484,75.378351
4151,ds,0.002343,0.084450,0.022000,14.034668,108.792513
4152,d,0.002385,0.035400,0.019200,21.150879,56.985393
4153,pds,0.003022,0.076550,0.022000,39.827881,101.571933
4154,s,0.023128,0.004600,0.019200,49.005859,46.928351
4160,d,0.002385,0.028800,0.021500,10.189697,52.685393
4161,d,0.002385,0.004500,0.021500,19.116699,28.385393
4162,sd,0.018668,0.004900,0.020000,26.154297,43.567773
4163,sd,0.018668,0.077000,0.021500,33.162842,117.167773
4164,p,0.003780,0.054600,0.020000,51.548828,78.379849
4165,p,0.003780,0.057250,0.020000,35.343506,81.029849
4166,pp,0.002838,0.053800,0.021500,56.360352,78.138325
4167,d,0.002385,0.010150,0.020000,66.047119,32.535393
4168,spp,0.018537,0.069000,0.018500,73.052979,106.037181
4169,p,0.003780,0.083050,0.021500,91.777588,108.329849
4170,d,0.002385,0.056700,0.020000,19.037109,79.085393
4171,d,0.002385,0.095900,0.021500,26.676514,119.785393
4172,d,0.002385,0.086150,0.021500,33.723633,110.035393
4173,dd,0.002426,0.090450,0.021500,41.245117,114.375915
4174,sd,0.018668,0.052000,0.019200,48.100830,89.867773
4175,d,0.002385,0.006300,0.019200,14.273926,27.885393
4176,d,0.002385,0.007600,0.021500,22.031982,31.485393
4177,dd,0.002426,0.011150,0.018500,29.171143,32.075915
4178,sdd,0.018511,0.011900,0.022000,36.043213,52.410933
4179,p,0.003780,0.024800,0.020000,54.427002,48.579849
4180,p,0.003780,0.005200,0.020000,18.898193,28.979849
4181,d,0.002385,0.072500,0.021500,28.588623,96.385393
4182,d,0.002385,0.012000,0.019200,35.815918,33.585393
4183,dd,0.002426,0.013950,0.019200,42.766602,35.575915
4184,ddd,0.002493,0.012550,0.020000,49.803467,35.043417
4185,d,0.002385,0.060650,0.018500,23.104492,81.535393
4186,dd,0.002426,0.063600,0.022000,30.847656,88.025915
4187,p,0.003780,0.032250,0.021500,49.449219,57.529849
4188,sp,0.018754,0.074650,0.021500,58.700928,114.903690
4189,s,0.023128,0.024100,0.021500,65.474121,68.728351
4190,d,0.002385,0.063850,0.022000,23.975586,88.235393
4191,p,0.003780,0.074800,0.021500,43.661621,100.079849
4192,p,0.003780,0.007950,0.021500,64.349854,33.229849
4193,pp,0.002838,0.011500,0.019200,84.932861,33.538325
4194,d,0.002385,0.029450,0.021500,94.681885,53.335393
4195,s,0.023128,0.094200,0.018500,6.376221,135.828351
4196,p,0.003780,0.004550,0.019200,24.853516,27.529849
4197,ss,0.018821,0.084000,0.020000,34.031738,122.820769
4198,sss,0.019288,0.073550,0.020000,40.718506,112.838093
4199,p,0.003780,0.051400,0.021500,58.981934,76.679849
4205,s,0.023128,0.017750,0.018500,6.522949,59.378351
4206,d,0.002385,0.013550,0.022000,14.368408,37.935393
4207,p,0.003780,0.086550,0.021500,32.809082,111.829849
4208,ps,0.002840,0.005450,0.020000,53.270996,28.289786
4209,p,0.003780,0.089200,0.022000,73.862793,114.979849
4200,s,0.023128,0.016350,0.022000,6.544434,61.478351
4201,d,0.002385,0.024150,0.020000,13.927979,46.535393
4202,d,0.002385,0.005850,0.019200,21.121582,27.435393
4203,ds,0.002343,0.006650,0.022000,28.177002,30.992513
4204,dd,0.002426,0.094350,0.020000,35.240479,116.775915
4210,d,0.002385,0.047650,0.019200,6.812988,69.235393
4211,d,0.002385,0.024500,0.018500,13.987061,45.385393
4212,s,0.023128,0.028550,0.018500,21.103271,70.178351
4213,dd,0.002426,0.046350,0.018500,28.228516,67.275915
4214,s,0.023128,0.004500,0.019200,35.318604,46.828351
4215,p,0.003780,0.027900,0.018500,20.298828,50.179849
4216,s,0.023128,0.006450,0.022000,29.528320,51.578351
4217,pp,0.002838,0.019000,0.021500,47.986816,43.338325
4218,p,0.003780,0.057900,0.022000,68.764893,83.679849
4219,dp,0.002464,0.096150,0.021500,78.082031,120.114344
4220,p,0.003780,0.005950,0.019200,18.074463,28.929849
4221,d,0.002385,0.108650,0.021500,27.794434,132.535393
4222,p,0.003780,0.060650,0.019200,47.242676,83.629849
4223,pp,0.002838,0.079850,0.019200,71.053467,101.888325
4224,p,0.003780,0.112250,0.018500,93.404541,134.529849
4230,d,0.002385,0.142450,0.022000,23.968750,166.835393
4231,sd,0.018668,0.087250,0.020000,31.626221,125.917773
4232,p,0.003780,0.004400,0.022000,50.088379,30.179849
4233,psd,0.003139,0.029400,0.021500,71.196289,54.038792
4234,s,0.023128,0.022900,0.021500,80.701904,67.528351
4225,s,0.023128,0.003950,0.021500,23.015137,48.578351
4226,p,0.003780,0.006150,0.021500,42.414551,31.429849
4227,pp,0.002838,0.020200,0.020000,63.703369,43.038325
4228,s,0.023128,0.061150,0.019200,73.155273,103.478351
4229,ss,0.018821,0.052000,0.019200,80.087402,90.020769
4235,d,0.002385,0.094900,0.021500,7.059814,118.785393
4236,p,0.003780,0.020400,0.018500,26.416992,42.679849
4237,pd,0.002977,0.078200,0.020000,47.332031,101.177001
4238,s,0.023128,0.137600,0.018500,56.330322,179.228351
4239,ds,0.002343,0.070400,0.019200,63.313232,91.942513
4240,p,0.003780,0.014900,0.018500,18.223389,37.179849
4241,pp,0.002838,0.019000,0.020000,39.360840,41.838325
4242,p,0.003780,0.061700,0.021500,59.996826,86.979849
4243,pp,0.002838,0.011750,0.019200,80.592529,33.788325
4244,d,0.002385,0.083850,0.020000,90.054443,106.235393
4245,s,0.023128,0.084450,0.019200,20.723633,126.778351
4246,p,0.003780,0.008550,0.020000,39.857910,32.329849
4247,ss,0.018821,0.107150,0.021500,49.010498,147.470769
4248,s,0.023128,0.044300,0.018500,55.838623,85.928351
4249,dp,0.002464,0.005550,0.021500,63.118652,29.514344
4250,d,0.002385,0.093100,0.022000,6.768311,117.485393
4251,sd,0.018668,0.056300,0.019200,13.788086,94.167773
4252,p,0.003780,0.011950,0.021500,32.194824,37.229849
4253,s,0.023128,0.021650,0.022000,41.216309,66.778351
4254,p,0.003780,0.008600,0.021500,59.423340,33.879849
4260,p,0.003780,0.125500,0.018500,18.112549,147.779849
4261,d,0.002385,0.008600,0.022000,27.577148,32.985393
4262,dp,0.002464,0.031900,0.019200,34.786621,53.564344
4263,dd,0.002426,0.004250,0.018500,42.098633,25.175915
4264,sdp,0.018492,0.019700,0.018500,49.007812,56.691971
4255,p,0.003780,0.005250,0.020000,20.427734,29.029849
4256,p,0.003780,0.082000,0.021500,42.410156,107.279849
4257,pp,0.002838,0.024500,0.019200,63.232910,46.538325
4258,s,0.023128,0.091650,0.022000,72.354736,136.778351
4259,p,0.003780,0.008400,0.022000,90.715332,34.179849
4270,d,0.002385,0.084800,0.019200,18.029297,106.385393
4271,p,0.003780,0.007950,0.019200,38.297363,30.929849
4272,d,0.002385,0.005200,0.018500,48.303223,26.085393
4273,pd,0.002977,0.005700,0.019200,67.738770,27.877001
4274,sp,0.018754,0.004850,0.019200,77.701416,42.803690
4265,d,0.002385,0.044800,0.020000,15.706299,67.185393
4266,s,0.023128,0.005400,0.019200,22.896973,47.728351
4267,sd,0.018668,0.034500,0.021500,29.879639,74.667773
4268,ps,0.002840,0.004200,0.018500,48.706299,25.539786
4269,s,0.023128,0.017650,0.018500,58.182617,59.278351
4275,s,0.023128,0.004850,0.019200,21.609131,47.178351
4276,d,0.002385,0.085950,0.022000,28.990479,110.335393
4277,p,0.003780,0.008150,0.018500,47.627197,30.429849
4278,sd,0.018668,0.070100,0.020000,57.046631,108.767773
4279,p,0.003780,0.018200,0.022000,75.625732,43.979849
4285,s,0.023128,0.059500,0.019200,10.655273,101.828351
4286,s,0.023128,0.011300,0.019200,20.690918,53.628351
4287,d,0.002385,0.007650,0.020000,28.976074,30.035393
4288,ds,0.002343,0.018450,0.018500,37.386230,39.292513
4289,dds,0.002685,0.039200,0.021500,45.416016,63.385273
4280,p,0.003780,0.005600,0.019200,37.964600,28.579849
4281,s,0.023128,0.127700,0.022000,47.347656,172.828351
4282,p,0.003780,0.085950,0.020000,66.192871,109.729849
4283,s,0.023128,0.013550,0.022000,75.597900,58.678351
4284,ds,0.002343,0.009200,0.022000,82.935547,33.542513
4290,s,0.023128,0.019000,0.022000,21.852783,64.128351
4291,d,0.002385,0.020850,0.018500,29.671387,41.735393
4292,ds,0.002343,0.007150,0.022000,36.945068,31.492513
4293,p,0.003780,0.054150,0.022000,55.540771,79.929849
4294,pp,0.002838,0.056850,0.018500,76.133789,78.188325
4300,d,0.002385,0.005550,0.021500,11.161377,29.435393
4301,p,0.003780,0.012100,0.020000,32.410889,35.879849
4302,s,0.023128,0.089300,0.018500,42.647949,130.928351
4303,dp,0.002464,0.006800,0.022000,50.280762,31.264344
4304,p,0.003780,0.005100,0.018500,69.852539,27.379849
4295,p,0.003780,0.037300,0.022000,18.125000,63.079849
4296,sp,0.018754,0.106800,0.018500,27.511475,144.053690
4297,d,0.002385,0.065750,0.022000,34.876221,90.135393
4298,d,0.002385,0.009550,0.018500,42.213135,30.435393
4299,sd,0.018668,0.012450,0.021500,49.465820,52.617773
4310,d,0.002385,0.083900,0.020000,8.663818,106.285393
4311,p,0.003780,0.015600,0.022000,28.257568,41.379849
4312,p,0.003780,0.017800,0.020000,49.938477,41.579849
4313,pd,0.002977,0.090450,0.020000,71.601562,113.427001
4314,s,0.023128,0.004700,0.019200,81.537109,47.028351
4320,s,0.023128,0.106250,0.022000,6.686523,151.378351
4321,ds,0.002343,0.058850,0.018500,14.122314,79.692513
4322,s,0.023128,0.004400,0.018500,21.058350,46.028351
4323,s,0.023128,0.007650,0.022000,27.895264,52.778351
4324,s,0.023128,0.082300,0.020000,34.798340,125.428351
4315,d,0.002385,0.088250,0.018500,30.081299,109.135393
4316,pd,0.002977,0.024000,0.021500,51.562500,48.477001
4317,p,0.003780,0.004350,0.021500,72.595215,29.629849
4318,ppd,0.002827,0.056950,0.021500,93.326416,81.276719
4319,p,0.003780,0.004800,0.018500,115.756104,27.079849
4305,d,0.002385,0.008050,0.020000,6.834229,30.435393
4306,s,0.023128,0.094850,0.018500,14.352539,136.478351
4307,s,0.023128,0.004500,0.022000,21.565430,49.628351
4308,s,0.023128,0.017400,0.019200,28.579834,59.728351
4309,ps,0.002840,0.015250,0.022000,47.510742,40.089786
4330,p,0.003780,0.091350,0.020000,18.257812,115.129849
4331,p,0.003780,0.095150,0.021500,39.733398,120.429849
4332,pp,0.002838,0.089650,0.021500,62.758789,113.988325
4333,p,0.003780,0.014100,0.021500,85.219727,39.379849
4334,pp,0.002838,0.012750,0.020000,106.484131,35.588325
4335,d,0.002385,0.053900,0.020000,8.554688,76.285393
4336,p,0.003780,0.004050,0.020000,27.813721,27.829849
4337,s,0.023128,0.006100,0.020000,37.251465,49.228351
4338,pd,0.002977,0.057850,0.022000,55.760986,82.827001
4339,d,0.002385,0.033400,0.019200,65.182617,54.985393
4325,s,0.023128,0.014000,0.021500,6.703125,58.628351
4326,p,0.003780,0.083800,0.019200,25.969971,106.779849
4327,ss,0.018821,0.006000,0.021500,35.524414,46.320769
4328,p,0.003780,0.082300,0.021500,54.203369,107.579849
4329,p,0.003780,0.077100,0.019200,75.147217,100.079849
4340,d,0.002385,0.009000,0.022000,7.020508,33.385393
4341,p,0.003780,0.081450,0.021500,25.821777,106.729849
4342,s,0.023128,0.015250,0.018500,35.191650,56.878351
4343,s,0.023128,0.033750,0.020000,42.294189,76.878351
4344,ds,0.002343,0.049900,0.022000,49.589844,74.242513
4350,d,0.002385,0.006400,0.022000,8.251465,30.785393
4351,s,0.023128,0.090000,0.021500,16.092041,134.628351
4352,s,0.023128,0.071450,0.019200,23.080322,113.778351
4353,sd,0.018668,0.004750,0.019200,30.083252,42.617773
4354,p,0.003780,0.061100,0.019200,49.051270,84.079849
4345,p,0.003780,0.012450,0.019200,34.341064,35.429849
4346,s,0.023128,0.005600,0.021500,43.956787,50.228351
4347,p,0.003780,0.009550,0.022000,62.647949,35.329849
4348,p,0.003780,0.028800,0.020000,83.834961,52.579849
4349,ss,0.018821,0.007650,0.021500,93.618652,47.970769
4355,p,0.003780,0.091100,0.020000,35.591797,114.879849
4356,p,0.003780,0.070100,0.022000,57.040771,95.879849
4357,pp,0.002838,0.024950,0.022000,78.312012,49.788325
4358,d,0.002385,0.116850,0.018500,87.875244,137.735393
4359,p,0.003780,0.006550,0.021500,106.503662,31.829849
4360,p,0.003780,0.013700,0.021500,21.943848,38.979849
4361,dp,0.002464,0.026800,0.020000,32.541260,49.264344
4362,s,0.023128,0.004750,0.020000,39.780273,47.878351
4363,p,0.003780,0.012100,0.020000,58.889160,35.879849
4364,dp,0.002464,0.012250,0.019200,68.828613,33.914344
4370,p,0.003780,0.015950,0.022000,19.452637,41.729849
4371,s,0.023128,0.093950,0.019200,29.038086,136.278351
4372,d,0.002385,0.086200,0.018500,36.159180,107.085393
4373,p,0.003780,0.014000,0.020000,54.679688,37.779849
4374,p,0.003780,0.054850,0.022000,75.432861,80.629849
4365,p,0.003780,0.008250,0.019200,18.182617,31.229849
4366,sp,0.018754,0.012350,0.020000,27.436035,51.103690
4367,p,0.003780,0.012750,0.022000,45.884766,38.529849
4368,ss,0.018821,0.012100,0.019200,54.978271,50.120769
4369,p,0.003780,0.100350,0.020000,73.362549,124.129849
4380,d,0.002385,0.011750,0.022000,11.691406,36.135393
4381,s,0.023128,0.085200,0.022000,18.980957,130.328351
4382,s,0.023128,0.004100,0.021500,25.828125,48.728351
4383,p,0.003780,0.071550,0.021500,44.253418,96.829849
4384,ds,0.002343,0.005100,0.021500,53.464355,28.942513
4375,d,0.002385,0.005600,0.019200,21.471924,27.185393
4376,s,0.023128,0.056550,0.022000,29.490234,101.678351
4377,p,0.003780,0.124150,0.022000,47.868164,149.929849
4378,p,0.003780,0.005650,0.019200,68.637207,28.629849
4379,dp,0.002464,0.086750,0.022000,78.128418,111.214344
4385,p,0.003780,0.004750,0.019200,30.901367,27.729849
4386,pp,0.002838,0.006150,0.022000,51.522705,30.988325
4387,p,0.003780,0.065500,0.020000,72.133789,89.279849
4388,p,0.003780,0.010000,0.018500,93.317139,32.279849
4389,d,0.002385,0.008800,0.020000,103.603516,31.185393
4390,s,0.023128,0.128250,0.019200,6.347656,170.578351
4391,d,0.002385,0.007800,0.020000,13.669434,30.185393
4392,p,0.003780,0.080450,0.019200,32.435059,103.429849
4393,p,0.003780,0.087250,0.019200,55.168213,110.229849
4394,ps,0.002840,0.038750,0.021500,78.995850,63.089786
4395,p,0.003780,0.060650,0.018500,46.316650,82.929849
4396,p,0.003780,0.128450,0.021500,67.342529,153.729849
4397,pp,0.002838,0.072650,0.022000,88.500732,97.488325
4398,d,0.002385,0.004950,0.022000,98.146484,29.335393
4399,dp,0.002464,0.119700,0.020000,105.764893,142.164344
4400,p,0.003780,0.084450,0.021500,21.127686,109.729849
4401,s,0.023128,0.009100,0.021500,30.477295,53.728351
4402,d,0.002385,0.045150,0.022000,38.147461,69.535393
4403,dp,0.002464,0.127850,0.020000,45.409912,150.314344
4404,ds,0.002343,0.005000,0.020000,52.562256,27.342513
4410,d,0.002385,0.093450,0.020000,6.780518,115.835393
4411,d,0.002385,0.006300,0.022000,14.430908,30.685393
4412,pd,0.002977,0.070050,0.020000,33.314209,93.027001
4413,dd,0.002426,0.004350,0.020000,42.843994,26.775915
4414,s,0.023128,0.017400,0.019200,49.807373,59.728351
4405,p,0.003780,0.015400,0.018500,18.256592,37.679849
4406,d,0.002385,0.054300,0.019200,27.967041,75.885393
4407,pd,0.002977,0.107950,0.018500,47.074463,129.427001
4408,p,0.003780,0.025700,0.021500,69.419678,50.979849
4409,s,0.023128,0.086500,0.021500,79.696777,131.128351
4415,s,0.023128,0.004750,0.018500,11.101807,46.378351
4416,ps,0.002840,0.004400,0.021500,32.405029,28.739786
4417,p,0.003780,0.036550,0.018500,54.906494,58.829849
4418,pp,0.002838,0.019050,0.018500,76.193604,40.388325
4419,p,0.003780,0.011100,0.019200,97.478760,34.079849
4420,s,0.023128,0.004150,0.020000,6.467529,47.278351
4421,d,0.002385,0.066550,0.021500,13.834229,90.435393
4422,s,0.023128,0.039200,0.019200,21.095947,81.528351
4423,d,0.002385,0.009600,0.019200,28.299561,31.185393
4424,ds,0.002343,0.018750,0.021500,35.352295,42.592513
4425,p,0.003780,0.008250,0.022000,21.048096,34.029849
4426,p,0.003780,0.020200,0.018500,44.361328,42.479849
4427,sp,0.018754,0.018650,0.018500,54.598877,55.903690
4428,d,0.002385,0.056800,0.020000,62.077637,79.185393
4429,sd,0.018668,0.088500,0.022000,69.412842,129.167773
4430,d,0.002385,0.122600,0.021500,7.076172,146.485393
4431,d,0.002385,0.065750,0.020000,14.503418,88.135393
4432,d,0.002385,0.005200,0.018500,21.686035,26.085393
4433,dd,0.002426,0.068050,0.019200,28.888184,89.675915
4434,d,0.002385,0.009150,0.021500,36.267334,33.035393
4435,p,0.003780,0.015600,0.022000,20.781250,41.379849
4436,s,0.023128,0.017000,0.021500,30.630371,61.628351
4437,s,0.023128,0.109850,0.021500,38.291016,154.478351
4438,ss,0.018821,0.104200,0.021500,45.931152,144.520769
4439,sss,0.019288,0.102650,0.021500,53.544678,143.438093
4440,s,0.023128,0.088200,0.020000,20.589844,131.328351
4441,ss,0.018821,0.118100,0.018500,29.036865,155.420769
4442,p,0.003780,0.081400,0.019200,47.522949,104.379849
4443,s,0.023128,0.005150,0.022000,56.660645,50.278351
4444,pss,0.002833,0.024550,0.022000,74.885010,49.382709
4445,d,0.002385,0.094350,0.022000,6.736816,118.735393
4446,s,0.023128,0.041900,0.022000,13.787598,87.028351
4447,d,0.002385,0.011100,0.021500,20.901123,34.985393
4448,dd,0.002426,0.014950,0.020000,28.264160,37.375915
4449,sdd,0.018511,0.016050,0.019200,35.191895,53.760933
4455,d,0.002385,0.005700,0.019200,6.692871,27.285393
4456,s,0.023128,0.084450,0.021500,13.711670,129.078351
4457,d,0.002385,0.071450,0.020000,21.134521,93.835393
4458,p,0.003780,0.006700,0.020000,39.843750,30.479849
4459,dd,0.002426,0.091700,0.020000,49.372559,114.125915
4465,d,0.002385,0.029450,0.019200,21.904785,51.035393
4466,dd,0.002426,0.069850,0.019200,29.956299,91.475915
4467,s,0.023128,0.095150,0.020000,36.823730,138.278351
4468,p,0.003780,0.054750,0.020000,55.947754,78.529849
4469,ps,0.002840,0.028700,0.019200,80.113037,50.739786
4460,p,0.003780,0.014350,0.019200,35.554688,37.329849
4461,s,0.023128,0.118250,0.019200,44.702637,160.578351
4462,dp,0.002464,0.013450,0.018500,51.749268,34.414344
4463,d,0.002385,0.110500,0.019200,59.412109,132.085393
4464,sd,0.018668,0.019050,0.021500,66.424316,59.217773
4450,d,0.002385,0.037100,0.022000,23.068604,61.485393
4451,dd,0.002426,0.051500,0.021500,30.707764,75.425915
4452,s,0.023128,0.005150,0.020000,37.546631,48.278351
4453,d,0.002385,0.004550,0.021500,44.569580,28.435393
4454,p,0.003780,0.090250,0.021500,63.259033,115.529849
4470,s,0.023128,0.032400,0.021500,7.751465,77.028351
4471,ss,0.018821,0.024650,0.019200,14.747803,62.670769
4472,pss,0.002833,0.012400,0.018500,33.407959,33.732709
4473,d,0.002385,0.006450,0.021500,43.608154,30.335393
4474,p,0.003780,0.065450,0.020000,62.301514,89.229849
4475,s,0.023128,0.057250,0.020000,23.328857,100.378351
4476,p,0.003780,0.006600,0.018500,42.703857,28.879849
4477,pp,0.002838,0.008000,0.019200,63.415527,30.038325
4478,d,0.002385,0.068400,0.021500,73.052246,92.285393
4479,dp,0.002464,0.005150,0.020000,80.128662,27.614344
4485,p,0.003780,0.004850,0.021500,26.355469,30.129849
4486,p,0.003780,0.083100,0.019200,50.471191,106.079849
4487,sp,0.018754,0.076950,0.022000,59.917236,117.703690
4488,p,0.003780,0.080250,0.019200,78.389648,103.229849
4489,s,0.023128,0.016950,0.021500,87.605713,61.578351
4480,s,0.023128,0.022500,0.021500,23.385498,67.128351
4481,ss,0.018821,0.012050,0.018500,31.036621,49.370769
4482,s,0.023128,0.080850,0.022000,37.857422,125.978351
4483,p,0.003780,0.012050,0.019200,56.446289,35.029849
4484,ds,0.002343,0.065150,0.018500,65.910156,85.992513
4490,s,0.023128,0.003950,0.020000,15.828369,47.078351
4491,d,0.002385,0.096450,0.021500,25.363281,120.335393
4492,p,0.003780,0.011050,0.018500,44.344727,33.329849
4493,pp,0.002838,0.023100,0.021500,67.279297,47.438325
4494,dd,0.002426,0.037900,0.020000,77.641357,60.325915
4495,d,0.002385,0.063650,0.018500,17.285400,84.535393
4496,s,0.023128,0.025250,0.021500,25.943115,69.878351
4497,s,0.023128,0.020350,0.020000,32.731445,63.478351
4498,p,0.003780,0.005300,0.022000,51.559326,31.079849
4499,pd,0.002977,0.123750,0.019200,72.468018,145.927001
4505,p,0.003780,0.067600,0.018500,18.229980,89.879849
4506,s,0.023128,0.007650,0.021500,27.665039,52.278351
4507,ds,0.002343,0.005700,0.021500,34.814941,29.542513
4508,dds,0.002685,0.006000,0.022000,41.925537,30.685273
4509,d,0.002385,0.015950,0.018500,49.099609,36.835393
4500,p,0.003780,0.014150,0.021500,18.039551,39.429849
4501,d,0.002385,0.085200,0.018500,27.819092,106.085393
4502,pp,0.002838,0.035350,0.021500,46.570801,59.688325
4503,d,0.002385,0.065450,0.022000,56.209473,89.835393
4504,pd,0.002977,0.129700,0.018500,74.783447,151.177001
4515,s,0.023128,0.034050,0.022000,10.165039,79.178351
4516,p,0.003780,0.035550,0.018500,29.451904,57.829849
4517,ds,0.002343,0.099800,0.019200,39.322021,121.342513
4518,p,0.003780,0.056600,0.022000,58.063232,82.379849
4519,pp,0.002838,0.011500,0.019200,79.745361,33.538325
4520,p,0.003780,0.010500,0.022000,18.314941,36.279849
4521,d,0.002385,0.083150,0.019200,27.793457,104.735393
4522,p,0.003780,0.005600,0.021500,47.503174,30.879849
4523,sd,0.018668,0.070100,0.022000,57.809570,110.767773
4524,dsd,0.002613,0.062500,0.019200,65.621582,84.312551
4510,p,0.003780,0.084600,0.019200,18.603027,107.579849
4511,pp,0.002838,0.070400,0.020000,39.220459,93.238325
4512,ppp,0.002790,0.028800,0.021500,59.604492,53.089957
4513,d,0.002385,0.008900,0.021500,68.934570,32.785393
4514,s,0.023128,0.046350,0.020000,75.656494,89.478351
4525,p,0.003780,0.043600,0.022000,35.614746,69.379849
4526,s,0.023128,0.045150,0.022000,44.756592,90.278351
4527,s,0.023128,0.077500,0.019200,51.542725,119.828351
4528,p,0.003780,0.004500,0.018500,70.074463,26.779849
4529,ps,0.002840,0.090100,0.021500,90.865723,114.439786
4535,p,0.003780,0.035450,0.021500,18.442139,60.729849
4536,pp,0.002838,0.073250,0.019200,39.194092,95.288325
4537,s,0.023128,0.076550,0.018500,48.508545,118.178351
4538,s,0.023128,0.006350,0.020000,55.613770,49.478351
4539,s,0.023128,0.012450,0.021500,62.533936,57.078351
4530,d,0.002385,0.020650,0.021500,23.683838,44.535393
4531,p,0.003780,0.067850,0.022000,42.953369,93.629849
4532,d,0.002385,0.022750,0.018500,52.376953,43.635393
4533,s,0.023128,0.004700,0.018500,59.431152,46.328351
4534,ds,0.002343,0.007250,0.022000,66.478760,31.592513
4545,p,0.003780,0.098850,0.018500,40.234375,121.129849
4546,p,0.003780,0.018300,0.018500,61.680908,40.579849
4547,d,0.002385,0.056100,0.019200,71.444824,77.685393
4548,p,0.003780,0.014450,0.021500,90.065186,39.729849
4549,pp,0.002838,0.013250,0.019200,111.090576,35.288325
4540,s,0.023128,0.082700,0.020000,14.064209,125.828351
4541,d,0.002385,0.100400,0.022000,21.325684,124.785393
4542,dd,0.002426,0.025900,0.021500,28.647217,49.825915
4543,ddd,0.002493,0.059150,0.019200,35.799316,80.843417
4544,sddd,0.017932,0.041950,0.020000,43.039307,79.881734
4550,s,0.023128,0.064950,0.019200,8.538574,107.278351
4551,p,0.003780,0.060600,0.022000,29.353271,86.379849
4552,ds,0.002343,0.090550,0.018500,39.437012,111.392513
4553,d,0.002385,0.014350,0.021500,46.913574,38.235393
4554,s,0.023128,0.004550,0.018500,53.982178,46.178351
4555,p,0.003780,0.054550,0.021500,33.324463,79.829849
4556,p,0.003780,0.071750,0.021500,54.335449,97.029849
4557,d,0.002385,0.008950,0.020000,64.110352,31.335393
4558,pd,0.002977,0.005150,0.019200,82.939697,27.327001
4559,sp,0.018754,0.024350,0.020000,92.410645,63.103690
4560,d,0.002385,0.009100,0.021500,23.550537,32.985393
4561,p,0.003780,0.005150,0.022000,43.096191,30.929849
4562,dd,0.002426,0.016950,0.021500,53.116943,40.875915
4563,s,0.023128,0.107150,0.021500,60.484131,151.778351
4564,p,0.003780,0.003950,0.018500,79.739990,26.229849
4570,s,0.023128,0.019050,0.019200,9.159912,61.378351
4571,d,0.002385,0.003900,0.022000,16.397461,28.285393
4572,s,0.023128,0.088100,0.020000,23.383789,131.228351
4573,p,0.003780,0.032600,0.019200,41.805664,55.579849
4574,d,0.002385,0.053250,0.019200,51.742432,74.835393
4575,s,0.023128,0.056650,0.019200,12.633301,98.978351
4576,ss,0.018821,0.117350,0.018500,22.436768,154.670769
4577,d,0.002385,0.005750,0.018500,29.511719,26.635393
4578,d,0.002385,0.027900,0.021500,36.772461,51.785393
4579,sd,0.018668,0.004950,0.020000,43.677002,43.617773
4565,d,0.002385,0.051650,0.022000,25.657471,76.035393
4566,p,0.003780,0.006400,0.021500,44.535889,31.679849
4567,d,0.002385,0.081250,0.021500,54.245605,105.135393
4568,dd,0.002426,0.034050,0.018500,61.466309,54.975915
4569,d,0.002385,0.117150,0.022000,68.630615,141.535393
4580,p,0.003780,0.027000,0.021500,18.205322,52.279849
4581,dp,0.002464,0.044550,0.021500,27.639404,68.514344
4582,s,0.023128,0.010150,0.018500,34.613770,51.778351
4583,p,0.003780,0.009100,0.018500,53.057617,31.379849
4584,p,0.003780,0.039650,0.020000,73.780762,63.429849
4585,p,0.003780,0.034600,0.022000,17.950439,60.379849
4586,sp,0.018754,0.009050,0.022000,27.086914,49.803690
4587,d,0.002385,0.064750,0.022000,34.168701,89.135393
4588,dd,0.002426,0.064400,0.022000,41.545898,88.825915
4589,s,0.023128,0.120400,0.022000,48.467773,165.528351
4595,d,0.002385,0.027900,0.022000,6.780762,52.285393
4596,d,0.002385,0.004150,0.019200,14.081299,25.735393
4597,p,0.003780,0.020350,0.022000,32.969238,46.129849
4598,d,0.002385,0.004900,0.018500,43.039307,25.785393
4599,sp,0.018754,0.131100,0.022000,50.185059,171.853690
4600,p,0.003780,0.097300,0.019200,18.958252,120.279849
4601,p,0.003780,0.011950,0.021500,39.942139,37.229849
4602,pp,0.002838,0.034850,0.022000,61.114502,59.688325
4603,d,0.002385,0.028000,0.019200,71.346191,49.585393
4604,sd,0.018668,0.014350,0.020000,79.187500,53.017773
4590,s,0.023128,0.061400,0.018500,6.688965,103.028351
4591,s,0.023128,0.026000,0.021500,13.576416,70.628351
4592,ss,0.018821,0.100250,0.022000,20.536865,141.070769
4593,ss,0.018821,0.042200,0.022000,27.449463,83.020769
4594,p,0.003780,0.018250,0.018500,45.970703,40.529849
4605,s,0.023128,0.010950,0.022000,6.732178,56.078351
4606,d,0.002385,0.059500,0.021500,14.059570,83.385393
4607,d,0.002385,0.118850,0.021500,21.260498,142.735393
4608,dd,0.002426,0.048250,0.021500,28.490234,72.175915
4609,p,0.003780,0.009750,0.018500,47.161133,32.029849
4610,s,0.023128,0.084200,0.018500,6.453125,125.828351
4611,s,0.023128,0.028650,0.020000,13.543701,71.778351
4612,p,0.003780,0.024150,0.019200,32.214600,47.129849
4613,s,0.023128,0.005450,0.022000,41.760498,50.578351
4614,ss,0.018821,0.100350,0.018500,49.129150,137.670769
4615,p,0.003780,0.076000,0.020000,18.016113,99.779849
4616,p,0.003780,0.079800,0.018500,39.371826,102.079849
4617,p,0.003780,0.014000,0.022000,60.310791,39.779849
4618,s,0.023128,0.012050,0.021500,69.473145,56.678351
4619,pp,0.002838,0.005100,0.018500,87.629150,26.438325
4620,s,0.023128,0.004300,0.019200,7.305908,46.628351
4621,s,0.023128,0.020950,0.018500,14.424316,62.578351
4622,s,0.023128,0.069750,0.022000,21.368652,114.878351
4623,ss,0.018821,0.048200,0.020000,28.804199,87.020769
4624,p,0.003780,0.014500,0.022000,47.530029,40.279849
4625,d,0.002385,0.035350,0.021500,10.627930,59.235393
4626,d,0.002385,0.076350,0.018500,18.047119,97.235393
4627,s,0.023128,0.005300,0.021500,25.058594,49.928351
4628,sd,0.018668,0.093100,0.019200,32.305420,130.967773
4629,d,0.002385,0.104800,0.021500,39.544678,128.685393
4630,s,0.023128,0.050650,0.018500,6.468994,92.278351
4631,ps,0.002840,0.061000,0.021500,25.183838,85.339786
4632,s,0.023128,0.109850,0.019200,34.718506,152.178351
4633,p,0.003780,0.049050,0.018500,53.178467,71.329849
4634,pps,0.002854,0.095900,0.022000,74.392578,120.754053
4635,p,0.003780,0.014300,0.022000,19.908936,40.079849
4636,p,0.003780,0.024250,0.022000,41.004883,50.029849
4637,dp,0.002464,0.006200,0.020000,50.744385,28.664344
4638,s,0.023128,0.100950,0.019200,57.975830,143.278351
4639,dp,0.002464,0.015550,0.019200,65.269531,37.214344
4640,p,0.003780,0.097350,0.021500,18.161621,122.629849
4641,p,0.003780,0.008250,0.021500,39.100342,33.529849
4642,pp,0.002838,0.087000,0.019200,59.835205,109.038325
4643,dpp,0.002514,0.099150,0.020000,69.177979,121.664416
4644,d,0.002385,0.101200,0.020000,76.301514,123.585393
4645,p,0.003780,0.018700,0.019200,18.470459,41.679849
4646,d,0.002385,0.004550,0.022000,28.192627,28.935393
4647,d,0.002385,0.054100,0.021500,35.354004,77.985393
4648,s,0.023128,0.088700,0.021500,42.372559,133.328351
4649,ps,0.002840,0.061700,0.019200,60.831055,83.739786
4650,d,0.002385,0.015250,0.021500,6.977539,39.135393
4651,p,0.003780,0.004050,0.022000,25.902100,29.829849
4652,p,0.003780,0.028550,0.019200,47.714111,51.529849
4653,s,0.023128,0.015300,0.021500,57.838623,59.928351
4654,d,0.002385,0.006700,0.022000,65.813721,31.085393
4655,d,0.002385,0.035500,0.019200,7.042236,57.085393
4656,p,0.003780,0.004050,0.019200,25.846680,27.029849
4657,dp,0.002464,0.012900,0.020000,35.630615,35.364344
4658,p,0.003780,0.070750,0.018500,54.493408,93.029849
4659,p,0.003780,0.027500,0.020000,75.042725,51.279849
4660,p,0.003780,0.007150,0.020000,18.478760,30.929849
4661,p,0.003780,0.036750,0.018500,39.723145,59.029849
4662,sp,0.018754,0.011350,0.021500,49.253418,51.603690
4663,p,0.003780,0.005400,0.018500,68.187256,27.679849
4664,sp,0.018754,0.048550,0.022000,77.801025,89.303690
4665,s,0.023128,0.064950,0.018500,6.683105,106.578351
4666,ps,0.002840,0.075550,0.018500,26.290039,96.889786
4667,d,0.002385,0.024350,0.021500,36.075439,48.235393
4668,p,0.003780,0.033400,0.020000,54.834229,57.179849
4669,d,0.002385,0.008050,0.018500,64.266357,28.935393
4670,p,0.003780,0.096350,0.021500,20.612061,121.629849
4671,d,0.002385,0.020650,0.019200,30.230957,42.235393
4672,p,0.003780,0.004800,0.019200,49.193359,27.779849
4673,sp,0.018754,0.095200,0.022000,59.173340,135.953690
4674,p,0.003780,0.006400,0.021500,79.389160,31.679849
4675,p,0.003780,0.110500,0.019200,18.855713,133.479849
4676,p,0.003780,0.096500,0.022000,43.083740,122.279849
4677,pp,0.002838,0.029150,0.020000,65.650879,51.988325
4678,d,0.002385,0.083550,0.021500,75.395020,107.435393
4679,pd,0.002977,0.061850,0.021500,94.071045,86.327001
4680,p,0.003780,0.104200,0.020000,18.137939,127.979849
4681,pp,0.002838,0.095650,0.019200,40.573486,117.688325
4682,s,0.023128,0.073550,0.021500,53.573975,118.178351
4683,d,0.002385,0.009550,0.018500,60.714600,30.435393
4684,sd,0.018668,0.013900,0.018500,67.889893,51.067773
4685,p,0.003780,0.014150,0.020000,38.382324,37.929849
4686,s,0.023128,0.100950,0.018500,47.705322,142.578351
4687,ss,0.018821,0.059750,0.020000,54.925781,98.570769
4688,p,0.003780,0.012750,0.019200,74.352051,35.729849
4689,p,0.003780,0.017600,0.020000,96.009766,41.379849
4690,d,0.002385,0.009300,0.021500,10.559082,33.185393
4691,pd,0.002977,0.021000,0.022000,29.567627,45.977001
4692,p,0.003780,0.004200,0.022000,51.233398,29.979849
4693,d,0.002385,0.071500,0.020000,61.241211,93.885393
4694,dd,0.002426,0.066100,0.021500,68.686279,90.025915
4695,d,0.002385,0.017450,0.019200,23.631104,39.035393
4696,s,0.023128,0.006500,0.020000,31.335693,49.628351
4697,s,0.023128,0.005450,0.018500,38.294678,47.078351
4698,ss,0.018821,0.003700,0.018500,45.329102,41.020769
4699,sd,0.018668,0.117300,0.018500,52.325439,154.467773
4700,d,0.002385,0.074450,0.022000,23.593994,98.835393
4701,p,0.003780,0.011850,0.019200,44.491699,34.829849
4702,dd,0.002426,0.059750,0.020000,54.782471,82.175915
4703,d,0.002385,0.083750,0.020000,62.335205,106.135393
4704,pdd,0.003045,0.101700,0.022000,81.527832,126.744804
4705,p,0.003780,0.114600,0.018500,36.454102,136.879849
4706,s,0.023128,0.004900,0.019200,45.903564,47.228351
4707,dp,0.002464,0.134700,0.018500,53.242432,155.664344
4708,d,0.002385,0.057900,0.021500,60.516846,81.785393
4709,sd,0.018668,0.066200,0.020000,67.565186,104.867773
4710,s,0.023128,0.064400,0.018500,7.566895,106.028351
4711,s,0.023128,0.054950,0.021500,14.484619,99.578351
4712,ss,0.018821,0.040350,0.022000,21.368652,81.170769
4713,dss,0.002842,0.117150,0.020000,28.604492,139.991615
4714,p,0.003780,0.004850,0.019200,47.362549,27.829849
4715,s,0.023128,0.088850,0.019200,10.010986,131.178351
4716,p,0.003780,0.056600,0.020000,28.483887,80.379849
4717,s,0.023128,0.078550,0.018500,37.549316,120.178351
4718,ds,0.002343,0.098950,0.022000,44.490234,123.292513
4719,sds,0.018566,0.027950,0.020000,51.333984,66.516086
4720,s,0.023128,0.009200,0.022000,6.570312,54.328351
4721,p,0.003780,0.109500,0.022000,25.287598,135.279849
4722,ps,0.002840,0.004500,0.021500,45.999512,28.839786
4723,d,0.002385,0.045550,0.021500,55.434814,69.435393
4724,d,0.002385,0.071000,0.019200,62.517822,92.585393
4730,d,0.002385,0.004650,0.022000,6.957031,29.035393
4731,p,0.003780,0.057900,0.022000,26.023193,83.679849
4732,p,0.003780,0.004600,0.018500,46.777588,26.879849
4733,dp,0.002464,0.071700,0.022000,56.369141,96.164344
4734,sp,0.018754,0.005150,0.021500,63.231934,45.403690
4735,s,0.023128,0.017400,0.022000,22.723877,62.528351
4736,p,0.003780,0.035500,0.020000,42.178955,59.279849
4737,d,0.002385,0.005050,0.022000,52.050537,29.435393
4738,pp,0.002838,0.099800,0.019200,72.484131,121.838325
4739,dpp,0.002514,0.022950,0.022000,83.443359,47.464416
4725,d,0.002385,0.035450,0.020000,10.994385,57.835393
4726,s,0.023128,0.012050,0.022000,18.163818,57.178351
4727,s,0.023128,0.033550,0.019200,25.170410,75.878351
4728,ps,0.002840,0.009400,0.019200,43.732178,31.439786
4729,s,0.023128,0.005550,0.018500,53.280273,47.178351
4740,d,0.002385,0.010600,0.021500,19.579590,34.485393
4741,d,0.002385,0.114500,0.021500,27.191406,138.385393
4742,sd,0.018668,0.023350,0.022000,34.107910,64.017773
4743,pd,0.002977,0.086150,0.018500,52.800781,107.627001
4744,p,0.003780,0.094750,0.021500,73.729736,120.029849
4745,p,0.003780,0.012800,0.020000,35.741943,36.579849
4746,sp,0.018754,0.008800,0.018500,44.947021,46.053690
4747,p,0.003780,0.115150,0.019200,64.075195,138.129849
4748,p,0.003780,0.004450,0.021500,84.679932,29.729849
4749,p,0.003780,0.011400,0.022000,105.572021,37.179849
4750,p,0.003780,0.041650,0.018500,34.335693,63.929849
4751,dp,0.002464,0.035950,0.021500,43.953369,59.914344
4752,d,0.002385,0.046300,0.020000,51.316895,68.685393
4753,p,0.003780,0.091400,0.022000,70.431885,117.179849
4754,s,0.023128,0.004650,0.020000,80.395508,47.778351
4760,s,0.023128,0.095150,0.018500,9.824463,136.778351
4761,p,0.003780,0.016750,0.019200,28.850342,39.729849
4762,dp,0.002464,0.007650,0.021500,38.929199,31.614344
4763,s,0.023128,0.014000,0.018500,46.680908,55.628351
4764,d,0.002385,0.004300,0.022000,54.902588,28.685393
4755,s,0.023128,0.073900,0.020000,22.730225,117.028351
4756,s,0.023128,0.032000,0.022000,30.659180,77.128351
4757,s,0.023128,0.044900,0.021500,37.437500,89.528351
4758,p,0.003780,0.008950,0.020000,55.891113,32.729849
4759,ss,0.018821,0.039800,0.020000,66.203125,78.620769
4765,s,0.023128,0.083900,0.022000,10.172119,129.028351
4766,p,0.003780,0.003650,0.022000,29.100098,29.429849
4767,s,0.023128,0.081450,0.022000,38.749268,126.578351
4768,s,0.023128,0.046050,0.022000,46.457764,91.178351
4769,dp,0.002464,0.004150,0.020000,54.495361,26.614344
4770,d,0.002385,0.016300,0.022000,13.058105,40.685393
4771,d,0.002385,0.078150,0.019200,20.493652,99.735393
4772,dd,0.002426,0.051450,0.022000,27.906006,75.875915
4773,d,0.002385,0.010000,0.018500,35.404053,30.885393
4774,d,0.002385,0.072650,0.022000,42.912354,97.035393
4775,d,0.002385,0.005450,0.022000,23.355225,29.835393
4776,p,0.003780,0.017400,0.018500,42.960693,39.679849
4777,sp,0.018754,0.012000,0.018500,52.472412,49.253690
4778,p,0.003780,0.070200,0.018500,71.158691,92.479849
4779,d,0.002385,0.047150,0.021500,80.879395,71.035393
4780,s,0.023128,0.053150,0.021500,6.352051,97.778351
4781,d,0.002385,0.016300,0.021500,13.526855,40.185393
4782,s,0.023128,0.006500,0.021500,20.788818,51.128351
4783,ps,0.002840,0.004550,0.019200,39.378174,26.589786
4784,d,0.002385,0.016050,0.018500,48.958496,36.935393
4785,s,0.023128,0.024100,0.020000,23.308105,67.228351
4786,p,0.003780,0.008950,0.022000,42.874512,34.729849
4787,s,0.023128,0.037100,0.019200,52.485107,79.428351
4788,ds,0.002343,0.084450,0.018500,59.929443,105.292513
4789,dp,0.002464,0.004650,0.018500,67.220947,25.614344
4790,s,0.023128,0.060950,0.021500,22.426270,105.578351
4791,s,0.023128,0.005150,0.022000,30.174316,50.278351
4792,d,0.002385,0.059550,0.020000,37.256836,81.935393
4793,d,0.002385,0.064400,0.021500,44.639404,88.285393
4794,pd,0.002977,0.082000,0.021500,65.567871,106.477001
4795,s,0.023128,0.005150,0.018500,23.237061,46.778351
4796,ps,0.002840,0.007850,0.020000,42.739014,30.689786
4797,p,0.003780,0.019200,0.021500,63.779053,44.479849
4798,d,0.002385,0.123750,0.019200,73.468018,145.335393
4799,p,0.003780,0.011300,0.022000,91.841309,37.079849
4800,d,0.002385,0.009200,0.019200,23.485107,30.785393
4801,p,0.003780,0.051150,0.019200,43.451416,74.129849
4802,d,0.002385,0.084800,0.022000,53.145020,109.185393
4803,pp,0.002838,0.098150,0.021500,71.595459,122.488325
4804,s,0.023128,0.014950,0.022000,81.594727,60.078351
4810,p,0.003780,0.015450,0.019200,18.379150,38.429849
4811,s,0.023128,0.046050,0.022000,27.857910,91.178351
4812,s,0.023128,0.004550,0.018500,34.689453,46.178351
4813,s,0.023128,0.106600,0.018500,41.587158,148.228351
4814,p,0.003780,0.061700,0.021500,60.194092,86.979849
4805,s,0.023128,0.005400,0.018500,6.468750,47.028351
4806,ps,0.002840,0.014100,0.020000,25.190918,36.939786
4807,dps,0.002445,0.011050,0.019200,34.867188,32.694936
4808,p,0.003780,0.029100,0.019200,53.641113,52.079849
4809,s,0.023128,0.004150,0.018500,62.782959,45.778351
4815,p,0.003780,0.091100,0.020000,29.171143,114.879849
4816,dp,0.002464,0.096500,0.021500,39.780273,120.464344
4817,pdp,0.002932,0.051850,0.021500,59.696533,76.281683
4818,p,0.003780,0.038450,0.018500,81.022217,60.729849
4819,s,0.023128,0.006000,0.018500,90.225830,47.628351
4825,d,0.002385,0.064200,0.018500,9.947266,85.085393
4826,d,0.002385,0.012900,0.020000,17.000977,35.285393
4827,dd,0.002426,0.005200,0.022000,24.260986,29.625915
4828,s,0.023128,0.022750,0.020000,31.835449,65.878351
4829,p,0.003780,0.085550,0.020000,52.118652,109.329849
4820,s,0.023128,0.069000,0.020000,6.736084,112.128351
4821,p,0.003780,0.007850,0.021500,25.237061,33.129849
4822,ps,0.002840,0.080700,0.022000,45.782471,105.539786
4823,p,0.003780,0.066350,0.020000,66.302246,90.129849
4824,d,0.002385,0.005500,0.022000,75.625977,29.885393
4830,s,0.023128,0.051700,0.022000,7.522949,96.828351
4831,p,0.003780,0.004750,0.022000,26.019287,30.529849
4832,d,0.002385,0.075150,0.020000,35.402100,97.535393
4833,dp,0.002464,0.005150,0.021500,42.436523,29.114344
4834,sdp,0.018492,0.004600,0.022000,49.235840,45.091971
4835,d,0.002385,0.115750,0.019200,7.652100,137.335393
4836,p,0.003780,0.054300,0.019200,27.697021,77.279849
4837,pd,0.002977,0.094750,0.022000,48.667969,119.727001
4838,p,0.003780,0.022800,0.021500,69.126465,48.079849
4839,dpd,0.002513,0.065600,0.022000,80.538330,90.112673
4845,d,0.002385,0.058900,0.020000,6.956543,81.285393
4846,dd,0.002426,0.069750,0.020000,14.173828,92.175915
4847,s,0.023128,0.022900,0.018500,21.143555,64.528351
4848,pdd,0.003045,0.047850,0.020000,39.484863,70.894804
4849,p,0.003780,0.006450,0.018500,60.117188,28.729849
4850,p,0.003780,0.061550,0.021500,18.265625,86.829849
4851,s,0.023128,0.024550,0.020000,27.469727,67.678351
4852,s,0.023128,0.005350,0.019200,34.337646,47.678351
4853,s,0.023128,0.011400,0.019200,41.238037,53.728351
4854,ps,0.002840,0.100350,0.019200,59.562012,122.389786
4840,s,0.023128,0.047250,0.021500,6.461914,91.878351
4841,s,0.023128,0.047650,0.021500,13.650879,92.278351
4842,ps,0.002840,0.070650,0.021500,32.330322,94.989786
4843,pps,0.002854,0.048550,0.020000,53.156250,71.404053
4844,s,0.023128,0.068250,0.020000,62.453125,111.378351
4860,s,0.023128,0.027750,0.022000,7.959473,72.878351
4861,d,0.002385,0.006650,0.018500,16.439453,27.535393
4862,d,0.002385,0.017200,0.019200,24.183838,38.785393
4863,d,0.002385,0.004900,0.020000,31.749023,27.285393
4864,ps,0.002840,0.081050,0.020000,51.002441,103.889786
4865,s,0.023128,0.051650,0.022000,6.682861,96.778351
4866,d,0.002385,0.011950,0.018500,13.879883,32.835393
4867,p,0.003780,0.137200,0.022000,32.836914,162.979849
4868,p,0.003780,0.060200,0.018500,54.332031,82.479849
4869,dp,0.002464,0.024300,0.020000,64.220947,46.764344
4855,s,0.023128,0.007300,0.019200,6.537842,49.628351
4856,d,0.002385,0.012850,0.018500,13.886230,33.735393
4857,pd,0.002977,0.019200,0.022000,32.526855,44.177001
4858,p,0.003780,0.060400,0.021500,53.275391,85.679849
4859,pp,0.002838,0.045400,0.020000,74.162109,68.238325
4870,p,0.003780,0.007950,0.019200,18.305176,30.929849
4871,dp,0.002464,0.010650,0.022000,28.182861,35.114344
4872,p,0.003780,0.117300,0.019200,47.075684,140.279849
4873,s,0.023128,0.016950,0.018500,56.381348,58.578351
4874,dp,0.002464,0.022850,0.020000,63.661377,45.314344
4880,p,0.003780,0.005200,0.020000,24.673340,28.979849
4881,p,0.003780,0.051850,0.018500,45.917480,74.129849
4882,p,0.003780,0.021750,0.020000,66.778076,45.529849
4883,p,0.003780,0.004800,0.021500,87.783936,30.079849
4884,sp,0.018754,0.043950,0.022000,97.069336,84.703690
4875,p,0.003780,0.092450,0.019200,31.776123,115.429849
4876,p,0.003780,0.055450,0.019200,53.155273,78.429849
4877,sp,0.018754,0.027750,0.018500,62.551270,65.003690
4878,d,0.002385,0.051400,0.020000,69.651855,73.785393
4879,dd,0.002426,0.014900,0.019200,77.011475,36.525915
4885,s,0.023128,0.017650,0.022000,6.503174,62.778351
4886,d,0.002385,0.014000,0.018500,13.730469,34.885393
4887,p,0.003780,0.036450,0.020000,32.419922,60.229849
4888,d,0.002385,0.053100,0.018500,41.953125,73.985393
4889,ss,0.018821,0.012400,0.019200,49.030518,50.420769
4890,s,0.023128,0.109850,0.020000,22.936768,152.978351
4891,ps,0.002840,0.075900,0.018500,42.206055,97.239786
4892,s,0.023128,0.013900,0.022000,51.274170,59.028351
4893,p,0.003780,0.070400,0.022000,69.692871,96.179849
4894,ps,0.002840,0.013550,0.019200,90.214111,35.589786
4895,s,0.023128,0.042950,0.021500,22.536377,87.578351
4896,ds,0.002343,0.084800,0.018500,30.650879,105.642513
4897,d,0.002385,0.023000,0.020000,37.841553,45.385393
4898,p,0.003780,0.024400,0.020000,56.469238,48.179849
4899,sp,0.018754,0.014150,0.021500,65.666748,54.403690
4900,s,0.023128,0.084650,0.022000,8.420654,129.778351
4901,p,0.003780,0.085550,0.021500,26.826172,110.829849
4902,ss,0.018821,0.084250,0.020000,36.004150,123.070769
4903,sp,0.018754,0.019200,0.021500,42.727295,59.453690
4904,p,0.003780,0.018650,0.019200,60.874023,41.629849
4905,s,0.023128,0.091700,0.018500,23.302734,133.328351
4906,p,0.003780,0.021150,0.018500,42.712891,43.429849
4907,pp,0.002838,0.007000,0.020000,64.272217,29.838325
4908,d,0.002385,0.127850,0.022000,73.808105,152.235393
4909,pp,0.002838,0.019150,0.019200,92.301514,41.188325
4910,d,0.002385,0.019750,0.019200,6.820068,41.335393
4911,sd,0.018668,0.013700,0.021500,14.121582,53.867773
4912,s,0.023128,0.098150,0.020000,21.084717,141.278351
4913,s,0.023128,0.022950,0.021500,28.459229,67.578351
4914,ds,0.002343,0.136000,0.022000,35.860840,160.342513
4915,p,0.003780,0.004550,0.018500,28.154297,26.829849
4916,pp,0.002838,0.004600,0.020000,49.257568,27.438325
4917,d,0.002385,0.007350,0.022000,59.101807,31.735393
4918,sp,0.018754,0.004850,0.019200,66.232178,42.803690
4919,p,0.003780,0.063650,0.020000,85.291504,87.429849
4920,d,0.002385,0.125150,0.019200,17.893799,146.735393
4921,d,0.002385,0.005200,0.022000,25.386475,29.585393
4922,dd,0.002426,0.162000,0.021500,32.483398,185.925915
4923,s,0.023128,0.018800,0.019200,39.351807,61.128351
4924,ddd,0.002493,0.036100,0.019200,46.384277,57.793417
4925,d,0.002385,0.004850,0.021500,6.812012,28.735393
4926,s,0.023128,0.072650,0.018500,13.884521,114.278351
4927,d,0.002385,0.034950,0.020000,21.003662,57.335393
4928,d,0.002385,0.011250,0.022000,28.099365,35.635393
4929,p,0.003780,0.009200,0.018500,46.631348,31.479849
4930,d,0.002385,0.103650,0.020000,7.171631,126.035393
4931,s,0.023128,0.011400,0.020000,14.238770,54.528351
4932,p,0.003780,0.072800,0.020000,33.120117,96.579849
4933,ps,0.002840,0.013550,0.018500,56.211426,34.889786
4934,sd,0.018668,0.097900,0.020000,66.068359,136.567773
4935,s,0.023128,0.024950,0.022000,7.267090,70.078351
4936,s,0.023128,0.006950,0.019200,15.690918,49.278351
4937,d,0.002385,0.004400,0.020000,23.611816,26.785393
4938,sd,0.018668,0.008250,0.022000,31.176025,48.917773
4939,ss,0.018821,0.008800,0.018500,38.226807,46.120769
4940,s,0.023128,0.006450,0.020000,6.474121,49.578351
4941,s,0.023128,0.150300,0.018500,13.391357,191.928351
4942,ds,0.002343,0.094100,0.021500,20.530273,117.942513
4943,d,0.002385,0.093150,0.018500,27.809082,114.035393
4944,p,0.003780,0.004900,0.020000,46.562256,28.679849
4945,d,0.002385,0.051850,0.022000,23.383789,76.235393
4946,p,0.003780,0.006200,0.021500,42.356445,31.479849
4947,p,0.003780,0.036450,0.022000,62.734863,62.229849
4948,d,0.002385,0.007850,0.018500,72.028320,28.735393
4949,dd,0.002426,0.079850,0.020000,79.193848,102.275915
4950,d,0.002385,0.061850,0.018500,23.537354,82.735393
4951,d,0.002385,0.003400,0.020000,31.176758,25.785393
4952,d,0.002385,0.042650,0.021500,38.312256,66.535393
4953,p,0.003780,0.042950,0.022000,56.619385,68.729849
4954,d,0.002385,0.005100,0.018500,66.110352,25.985393
4960,d,0.002385,0.012100,0.019200,23.678223,33.685393
4961,d,0.002385,0.005350,0.020000,31.840820,27.735393
4962,pd,0.002977,0.016500,0.019200,50.480957,38.677001
4963,d,0.002385,0.008400,0.020000,59.938232,30.785393
4964,p,0.003780,0.071450,0.018500,78.583496,93.729849
4955,d,0.002385,0.130950,0.020000,6.868896,153.335393
4956,d,0.002385,0.005800,0.019200,14.291016,27.385393
4957,d,0.002385,0.101750,0.021500,21.635010,125.635393
4958,dd,0.002426,0.004700,0.022000,28.830322,29.125915
4959,ddd,0.002493,0.006550,0.018500,36.106689,27.543417
4965,d,0.002385,0.027700,0.018500,10.726562,48.585393
4966,d,0.002385,0.101300,0.022000,18.185547,125.685393
4967,pd,0.002977,0.117150,0.021500,36.906738,141.627001
4968,dpd,0.002513,0.050550,0.022000,46.652100,75.062673
4969,d,0.002385,0.004650,0.022000,54.102051,29.035393
4970,p,0.003780,0.010800,0.021500,35.442871,36.079849
4971,s,0.023128,0.097050,0.022000,44.928711,142.178351
4972,s,0.023128,0.073550,0.021500,52.052979,118.178351
4973,pp,0.002838,0.007700,0.019200,70.742188,29.738325
4974,ss,0.018821,0.061000,0.022000,80.186279,101.820769
4975,p,0.003780,0.024150,0.021500,40.334961,49.429849
4976,dp,0.002464,0.025100,0.022000,50.051270,49.564344
4977,p,0.003780,0.004400,0.020000,68.812012,28.179849
4978,s,0.023128,0.025050,0.019200,78.293701,67.378351
4979,p,0.003780,0.088150,0.019200,97.071533,111.129849
4980,s,0.023128,0.063600,0.019200,10.218018,105.928351
4981,p,0.003780,0.015250,0.021500,29.146484,40.529849
4982,s,0.023128,0.070400,0.021500,38.364258,115.028351
4983,ss,0.018821,0.022350,0.019200,45.199951,60.370769
4984,sss,0.019288,0.040200,0.018500,52.020508,77.988093
4985,d,0.002385,0.072500,0.020000,6.713135,94.885393
4986,dd,0.002426,0.076650,0.018500,14.546143,97.575915
4987,d,0.002385,0.024800,0.019200,21.871094,46.385393
4988,sd,0.018668,0.036750,0.018500,28.695557,73.917773
4989,d,0.002385,0.004850,0.020000,35.730957,27.235393
4995,p,0.003780,0.033200,0.022000,31.068848,58.979849
4996,d,0.002385,0.005200,0.022000,40.656738,29.585393
4997,pp,0.002838,0.012700,0.018500,59.469971,34.038325
4998,d,0.002385,0.066950,0.020000,68.997559,89.335393
4999,s,0.023128,0.093100,0.022000,76.043701,138.228351
4990,d,0.002385,0.150300,0.021500,6.716797,174.185393
4991,pd,0.002977,0.024400,0.022000,25.826416,49.377001
4992,dpd,0.002513,0.069450,0.020000,35.579834,91.962673
4993,s,0.023128,0.075550,0.021500,42.646729,120.178351
4994,p,0.003780,0.055900,0.019200,61.247314,78.879849
5000,p,0.003780,0.091550,0.021500,18.675781,116.829849
5001,pp,0.002838,0.011950,0.022000,39.747070,36.788325
5002,s,0.023128,0.015250,0.022000,49.246826,60.378351
5003,s,0.023128,0.056550,0.022000,56.349609,101.678351
5004,ppp,0.002790,0.150300,0.021500,75.101074,174.589957
5005,d,0.002385,0.056700,0.021500,11.277832,80.585393
5006,s,0.023128,0.016850,0.019200,19.337646,59.178351
5007,s,0.023128,0.074750,0.019200,26.770264,117.078351
5008,s,0.023128,0.004250,0.018500,33.981934,45.878351
5009,ss,0.018821,0.025050,0.020000,41.166016,63.870769
5010,s,0.023128,0.012700,0.018500,6.698975,54.328351
5011,p,0.003780,0.100250,0.018500,25.738037,122.529849
5012,d,0.002385,0.095200,0.021500,35.518555,119.085393
5013,sd,0.018668,0.025500,0.022000,42.639648,66.167773
5014,d,0.002385,0.007050,0.021500,49.981689,30.935393
5015,p,0.003780,0.012450,0.018500,18.757568,34.729849
5016,p,0.003780,0.008800,0.019200,39.827881,31.779849
5017,p,0.003780,0.008150,0.022000,60.623535,33.929849
5018,p,0.003780,0.046150,0.020000,81.614502,69.929849
5019,d,0.002385,0.005150,0.020000,91.329590,27.535393
5020,p,0.003780,0.013250,0.018500,18.247803,35.529849
5021,p,0.003780,0.017200,0.020000,39.321777,40.979849
5022,d,0.002385,0.089650,0.020000,49.507324,112.035393
5023,sd,0.018668,0.083550,0.018500,56.893311,120.717773
5024,pp,0.002838,0.097050,0.018500,76.888672,118.388325
5025,p,0.003780,0.009200,0.018500,23.795166,31.479849
5026,d,0.002385,0.026400,0.022000,34.812988,50.785393
5027,p,0.003780,0.004950,0.020000,54.926270,28.729849
5028,sd,0.018668,0.057850,0.021500,64.688721,98.017773
5029,s,0.023128,0.040900,0.021500,71.985840,85.528351
5030,s,0.023128,0.038450,0.022000,23.251465,83.578351
5031,ss,0.018821,0.059300,0.020000,32.185791,98.120769
5032,d,0.002385,0.009100,0.022000,44.298340,33.485393
5033,p,0.003780,0.090850,0.018500,63.285889,113.129849
5034,sd,0.018668,0.011200,0.018500,72.603271,48.367773
5035,d,0.002385,0.074650,0.022000,25.984863,99.035393
5036,p,0.003780,0.006500,0.018500,47.966309,28.779849
5037,dd,0.002426,0.080450,0.020000,58.278564,102.875915
5038,d,0.002385,0.012350,0.019200,66.053467,33.935393
5039,pd,0.002977,0.011250,0.022000,86.007324,36.227001
5050,p,0.003780,0.004700,0.019200,35.805420,27.679849
5051,s,0.023128,0.087650,0.020000,45.095947,130.778351
5052,sp,0.018754,0.005100,0.019200,52.298096,43.053690
5053,ps,0.002840,0.131100,0.018500,71.014648,152.439786
5054,sps,0.018360,0.052750,0.022000,80.434326,93.110251
5040,s,0.023128,0.004750,0.021500,6.509521,49.378351
5041,p,0.003780,0.026400,0.020000,25.446777,50.179849
5042,ss,0.018821,0.004100,0.018500,35.030273,41.420769
5043,sss,0.019288,0.006450,0.019200,42.191406,44.938093
5044,d,0.002385,0.084200,0.018500,49.585938,105.085393
5045,d,0.002385,0.009500,0.019200,8.170654,31.085393
5046,s,0.023128,0.070750,0.020000,16.124268,113.878351
5047,ps,0.002840,0.047200,0.018500,36.019287,68.539786
5048,dps,0.002445,0.064600,0.018500,46.527588,85.544936
5049,sdps,0.018183,0.113450,0.018500,53.579102,150.132897
5060,p,0.003780,0.085950,0.018500,18.125000,108.229849
5061,p,0.003780,0.004650,0.018500,39.100342,26.929849
5062,sp,0.018754,0.066000,0.021500,48.586670,106.253690
5063,d,0.002385,0.061300,0.018500,55.689453,82.185393
5064,psp,0.002926,0.007650,0.021500,73.958496,32.075658
5055,p,0.003780,0.005350,0.021500,18.741943,30.629849
5056,p,0.003780,0.017850,0.019200,40.128906,40.829849
5057,d,0.002385,0.056150,0.020000,49.890381,78.535393
5058,dp,0.002464,0.008750,0.022000,57.276367,33.214344
5059,d,0.002385,0.029350,0.019200,64.945312,50.935393
5065,s,0.023128,0.095250,0.022000,6.511230,140.378351
5066,p,0.003780,0.008050,0.019200,24.963623,31.029849
5067,d,0.002385,0.009500,0.018500,34.445557,30.385393
5068,p,0.003780,0.009750,0.018500,52.964844,32.029849
5069,p,0.003780,0.013600,0.019200,74.502686,36.579849
5070,s,0.023128,0.008050,0.021500,11.202637,52.678351
5071,ss,0.018821,0.012750,0.022000,19.342529,53.570769
5072,sss,0.019288,0.117750,0.018500,30.454590,155.538093
5073,s,0.023128,0.004600,0.018500,37.263428,46.228351
5074,d,0.002385,0.058750,0.021500,44.439209,82.635393
5075,d,0.002385,0.005800,0.020000,7.004395,28.185393
5076,d,0.002385,0.096200,0.020000,14.517578,118.585393
5077,d,0.002385,0.019200,0.020000,21.851318,41.585393
5078,d,0.002385,0.054300,0.018500,29.176270,75.185393
5079,d,0.002385,0.012050,0.018500,36.348389,32.935393
5080,s,0.023128,0.058800,0.020000,6.600098,101.928351
5081,p,0.003780,0.095550,0.022000,25.433105,121.329849
5082,d,0.002385,0.046300,0.019200,35.017578,67.885393
5083,sd,0.018668,0.082150,0.019200,42.057129,120.017773
5084,sp,0.018754,0.019150,0.019200,49.086182,57.103690
5085,s,0.023128,0.102050,0.021500,23.820557,146.678351
5086,p,0.003780,0.137600,0.022000,43.543457,163.379849
5087,s,0.023128,0.007800,0.020000,53.051025,50.928351
5088,s,0.023128,0.073350,0.018500,60.146729,114.978351
5089,ss,0.018821,0.055750,0.018500,67.117188,93.070769
5090,s,0.023128,0.005500,0.020000,6.519775,48.628351
5091,p,0.003780,0.073800,0.020000,25.222412,97.579849
5092,ps,0.002840,0.004550,0.019200,46.320068,26.589786
5093,s,0.023128,0.039650,0.021500,55.866943,84.278351
5094,dp,0.002464,0.006300,0.021500,63.081055,30.264344
5095,d,0.002385,0.033250,0.020000,6.720947,55.635393
5096,d,0.002385,0.011700,0.019200,14.022705,33.285393
5097,s,0.023128,0.131650,0.021500,21.102051,176.278351
5098,pd,0.002977,0.005550,0.019200,39.802979,27.727001
5099,dd,0.002426,0.069450,0.018500,49.404053,90.375915
5105,p,0.003780,0.004500,0.019200,35.395508,27.479849
5106,s,0.023128,0.056100,0.020000,45.055664,99.228351
5107,p,0.003780,0.006700,0.019200,63.845215,29.679849
5108,dp,0.002464,0.016150,0.018500,73.438721,37.114344
5109,s,0.023128,0.066750,0.021500,80.555664,111.378351
5100,p,0.003780,0.004600,0.018500,18.156982,26.879849
5101,d,0.002385,0.076450,0.019200,27.993896,98.035393
5102,d,0.002385,0.071100,0.021500,35.408447,94.985393
5103,sd,0.018668,0.100350,0.021500,42.488525,140.517773
5104,ssd,0.018735,0.071400,0.021500,49.457031,111.634503
5110,d,0.002385,0.033750,0.019200,23.801270,55.335393
5111,pd,0.002977,0.061800,0.019200,44.986328,83.977001
5112,ppd,0.002827,0.157100,0.021500,68.105225,181.426719
5113,ppp,0.002790,0.038050,0.018500,89.739258,59.339957
5114,p,0.003780,0.015450,0.021500,110.803711,40.729849
5115,s,0.023128,0.080450,0.019200,14.532471,122.778351
5116,s,0.023128,0.004850,0.022000,21.723389,49.978351
5117,s,0.023128,0.039350,0.019200,28.728027,81.678351
5118,d,0.002385,0.048300,0.022000,35.989502,72.685393
5119,ps,0.002840,0.028200,0.021500,54.745117,52.539786
5120,s,0.023128,0.063650,0.022000,10.032471,108.778351
5121,ps,0.002840,0.072450,0.018500,30.491211,93.789786
5122,s,0.023128,0.004850,0.020000,40.341797,47.978351
5123,p,0.003780,0.106600,0.021500,59.738037,131.879849
5124,sp,0.018754,0.020700,0.018500,69.149170,57.953690
5125,s,0.023128,0.056600,0.021500,6.480713,101.228351
5126,d,0.002385,0.034350,0.022000,13.660156,58.735393
5127,s,0.023128,0.043650,0.018500,20.605957,85.278351
5128,sd,0.018668,0.058850,0.018500,27.619141,96.017773
5129,ps,0.002840,0.077050,0.018500,46.609375,98.389786
5130,s,0.023128,0.004950,0.019200,24.605225,47.278351
5131,p,0.003780,0.012050,0.021500,43.979492,37.329849
5132,sp,0.018754,0.013250,0.019200,52.998779,51.203690
5133,s,0.023128,0.069000,0.020000,59.708252,112.128351
5134,d,0.002385,0.100350,0.018500,66.691406,121.235393
5135,s,0.023128,0.028800,0.020000,22.590332,71.928351
5136,d,0.002385,0.092300,0.020000,30.285156,114.685393
5137,s,0.023128,0.006400,0.022000,37.169922,51.528351
5138,s,0.023128,0.056100,0.021500,43.990234,100.728351
5139,ps,0.002840,0.073350,0.020000,62.742188,96.189786
5145,d,0.002385,0.005100,0.021500,9.428467,28.985393
5146,s,0.023128,0.082900,0.020000,17.035645,126.028351
5147,p,0.003780,0.048250,0.019200,36.976074,71.229849
5148,s,0.023128,0.008800,0.022000,47.604004,53.928351
5149,ds,0.002343,0.083800,0.022000,55.392334,108.142513
5140,d,0.002385,0.089300,0.019200,7.012451,110.885393
5141,sd,0.018668,0.080950,0.021500,14.412842,121.117773
5142,ssd,0.018735,0.064650,0.021500,21.653076,104.884503
5143,s,0.023128,0.085150,0.021500,28.686279,129.778351
5144,ds,0.002343,0.130600,0.019200,36.135742,152.142513
5150,s,0.023128,0.015950,0.020000,23.607666,59.078351
5151,p,0.003780,0.084250,0.021500,42.891846,109.529849
5152,s,0.023128,0.099400,0.022000,51.986084,144.528351
5153,sp,0.018754,0.047850,0.019200,58.985352,85.803690
5154,psp,0.002926,0.089650,0.020000,77.218994,112.575658
5155,p,0.003780,0.056150,0.018500,34.748291,78.429849
5156,sp,0.018754,0.056150,0.019200,44.133545,94.103690
5157,d,0.002385,0.004550,0.021500,51.627197,28.435393
5158,ssp,0.018787,0.080100,0.021500,58.656982,120.387195
5159,s,0.023128,0.011150,0.021500,65.560547,55.778351
5160,s,0.023128,0.007350,0.022000,23.284668,52.478351
5161,s,0.023128,0.113000,0.020000,31.244629,156.128351
5162,s,0.023128,0.093950,0.018500,38.355225,135.578351
5163,ps,0.002840,0.007250,0.019200,57.073975,29.289786
5164,p,0.003780,0.015900,0.019200,77.938477,38.879849
5170,p,0.003780,0.014000,0.019200,30.255127,36.979849
5171,s,0.023128,0.006650,0.019200,39.395264,48.978351
5172,p,0.003780,0.056550,0.018500,57.878174,78.829849
5173,p,0.003780,0.006950,0.022000,78.657715,32.729849
5174,sp,0.018754,0.004300,0.018500,87.897217,41.553690
5165,d,0.002385,0.117150,0.018500,6.836182,138.035393
5166,s,0.023128,0.011400,0.018500,13.812988,53.028351
5167,d,0.002385,0.081850,0.022000,21.221680,106.235393
5168,s,0.023128,0.007100,0.022000,28.289551,52.228351
5169,ds,0.002343,0.004700,0.022000,35.542725,29.042513
5175,p,0.003780,0.058850,0.022000,18.056152,84.629849
5176,d,0.002385,0.112700,0.021500,30.546631,136.585393
5177,s,0.023128,0.010000,0.021500,38.171387,54.628351
5178,s,0.023128,0.154250,0.019200,45.228271,196.578351
5179,ps,0.002840,0.016200,0.021500,64.354736,40.539786
5180,p,0.003780,0.004050,0.022000,30.495605,29.829849
5181,s,0.023128,0.012450,0.018500,40.039551,54.078351
5182,p,0.003780,0.124150,0.018500,59.888428,146.429849
5183,ps,0.002840,0.011100,0.021500,83.207275,35.439786
5184,d,0.002385,0.117150,0.022000,93.753662,141.535393
5190,p,0.003780,0.026400,0.022000,18.281006,52.179849
5191,p,0.003780,0.019500,0.021500,39.164307,44.779849
5192,p,0.003780,0.053250,0.018500,60.673584,75.529849
5193,sp,0.018754,0.019200,0.020000,69.913330,57.953690
5194,ps,0.002840,0.076300,0.021500,88.754639,100.639786
5195,p,0.003780,0.004750,0.020000,18.342285,28.529849
5196,p,0.003780,0.012750,0.019200,39.315918,35.729849
5197,p,0.003780,0.073700,0.020000,60.839844,97.479849
5198,s,0.023128,0.041800,0.022000,70.228271,86.928351
5199,d,0.002385,0.004800,0.020000,77.434082,27.185393
5185,p,0.003780,0.005150,0.019200,20.769531,28.129849
5186,p,0.003780,0.115150,0.021500,44.251221,140.429849
5187,p,0.003780,0.150300,0.022000,65.766357,176.079849
5188,d,0.002385,0.014350,0.021500,75.507080,38.235393
5189,dd,0.002426,0.012000,0.022000,82.815918,36.425915
5205,p,0.003780,0.016600,0.022000,18.062256,42.379849
5206,p,0.003780,0.026950,0.019200,38.916260,49.929849
5207,s,0.023128,0.027000,0.021500,48.639160,71.628351
5208,d,0.002385,0.004050,0.019200,56.648682,25.635393
5209,pp,0.002838,0.140100,0.022000,77.780029,164.938325
5200,d,0.002385,0.014350,0.022000,6.770264,38.735393
5201,p,0.003780,0.125150,0.022000,25.344482,150.929849
5202,s,0.023128,0.004750,0.018500,34.640137,46.378351
5203,d,0.002385,0.063350,0.020000,41.871338,85.735393
5204,sp,0.018754,0.104000,0.020000,48.833740,142.753690
5210,p,0.003780,0.082150,0.020000,18.244141,105.929849
5211,pp,0.002838,0.106800,0.020000,39.336914,129.638325
5212,s,0.023128,0.020400,0.022000,48.960205,65.528351
5213,spp,0.018537,0.017000,0.018500,55.971680,54.037181
5214,d,0.002385,0.080450,0.022000,63.289795,104.835393
5215,s,0.023128,0.067600,0.022000,16.455811,112.728351
5216,p,0.003780,0.100950,0.022000,35.918945,126.729849
5217,sp,0.018754,0.067850,0.019200,44.996338,105.803690
5218,p,0.003780,0.094300,0.021500,63.576904,119.579849
5219,ssp,0.018787,0.086750,0.021500,72.564697,127.037195
5225,s,0.023128,0.012950,0.022000,9.320312,58.078351
5226,d,0.002385,0.007300,0.019200,16.479004,28.885393
5227,s,0.023128,0.068150,0.021500,23.436768,112.778351
5228,ds,0.002343,0.019800,0.018500,30.548096,40.642513
5229,s,0.023128,0.074750,0.018500,37.621094,116.378351
5230,d,0.002385,0.088200,0.018500,22.053467,109.085393
5231,dd,0.002426,0.065450,0.020000,29.726807,87.875915
5232,ddd,0.002493,0.065750,0.021500,36.659912,89.743417
5233,d,0.002385,0.007400,0.021500,43.670654,31.285393
5234,dd,0.002426,0.004550,0.018500,50.633545,25.475915
5220,p,0.003780,0.074650,0.021500,18.333496,99.929849
5221,d,0.002385,0.077500,0.020000,28.045654,99.885393
5222,dp,0.002464,0.018200,0.019200,34.978271,39.864344
5223,d,0.002385,0.012950,0.020000,41.928467,35.335393
5224,d,0.002385,0.009150,0.022000,48.882568,33.535393
5235,d,0.002385,0.044850,0.020000,6.805176,67.235393
5236,p,0.003780,0.011800,0.020000,27.035645,35.579849
5237,d,0.002385,0.013550,0.018500,37.694092,34.435393
5238,pd,0.002977,0.079300,0.020000,57.907471,102.277001
5239,sd,0.018668,0.010500,0.019200,67.569580,48.367773
5240,p,0.003780,0.061750,0.020000,35.148682,85.529849
5241,p,0.003780,0.010550,0.021500,56.188477,35.829849
5242,d,0.002385,0.078050,0.019200,65.582520,99.635393
5243,sd,0.018668,0.079850,0.020000,72.451660,118.517773
5244,p,0.003780,0.018500,0.019200,90.644775,41.479849
5245,s,0.023128,0.089000,0.019200,6.457275,131.328351
5246,ds,0.002343,0.087250,0.021500,13.454834,111.092513
5247,d,0.002385,0.096150,0.019200,20.497803,117.735393
5248,s,0.023128,0.007500,0.021500,27.161377,52.128351
5249,d,0.002385,0.026000,0.019200,34.034912,47.585393
5250,d,0.002385,0.047250,0.020000,6.839111,69.635393
5251,s,0.023128,0.008450,0.020000,13.994873,51.578351
5252,sd,0.018668,0.024300,0.021500,20.957275,64.467773
5253,s,0.023128,0.009500,0.021500,28.080078,54.128351
5254,s,0.023128,0.093950,0.022000,35.064697,139.078351
5255,p,0.003780,0.004550,0.021500,26.948242,29.829849
5256,d,0.002385,0.012650,0.019200,36.713623,34.235393
5257,s,0.023128,0.056600,0.020000,43.748047,99.728351
5258,s,0.023128,0.048200,0.022000,50.650146,93.328351
5259,p,0.003780,0.006400,0.019200,69.259033,29.379849
5265,d,0.002385,0.016000,0.020000,23.733887,38.385393
5266,sd,0.018668,0.017350,0.022000,31.314209,58.017773
5267,d,0.002385,0.049900,0.021500,38.386719,73.785393
5268,psd,0.003139,0.004450,0.018500,56.995361,26.088792
5269,d,0.002385,0.025250,0.020000,66.387939,47.635393
5260,s,0.023128,0.109000,0.021500,6.505371,153.628351
5261,s,0.023128,0.053250,0.021500,13.312988,97.878351
5262,d,0.002385,0.004800,0.018500,20.394775,25.685393
5263,dd,0.002426,0.007450,0.020000,27.715576,29.875915
5264,d,0.002385,0.012900,0.022000,34.787598,37.285393
5270,d,0.002385,0.012450,0.018500,7.190430,33.335393
5271,d,0.002385,0.068100,0.020000,14.617920,90.485393
5272,s,0.023128,0.004600,0.019200,21.612793,46.928351
5273,ss,0.018821,0.005150,0.021500,28.519775,45.470769
5274,s,0.023128,0.095400,0.021500,35.427979,140.028351
5275,p,0.003780,0.066150,0.018500,27.965332,88.429849
5276,s,0.023128,0.040200,0.022000,37.148193,85.328351
5277,dp,0.002464,0.049150,0.021500,44.366943,73.114344
5278,d,0.002385,0.004400,0.020000,51.493896,26.785393
5279,sd,0.018668,0.004850,0.018500,58.142334,42.017773
5280,p,0.003780,0.066900,0.021500,22.165527,92.179849
5281,dp,0.002464,0.038150,0.022000,34.029541,62.614344
5282,d,0.002385,0.015050,0.019200,41.929443,36.635393
5283,d,0.002385,0.004950,0.021500,49.915771,28.835393
5284,d,0.002385,0.066200,0.019200,57.879883,87.785393
5285,s,0.023128,0.027350,0.021500,23.510010,71.978351
5286,d,0.002385,0.012450,0.021500,31.767090,36.335393
5287,s,0.023128,0.099750,0.018500,38.660156,141.378351
5288,d,0.002385,0.034400,0.018500,45.824951,55.285393
5289,d,0.002385,0.005550,0.018500,52.779785,26.435393
5300,p,0.003780,0.004350,0.018500,24.569092,26.629849
5301,p,0.003780,0.099800,0.020000,46.513916,123.579849
5302,pp,0.002838,0.088700,0.018500,67.889404,110.038325
5303,d,0.002385,0.123750,0.019200,77.369385,145.335393
5304,spp,0.018537,0.100400,0.020000,84.178223,138.937181
5295,s,0.023128,0.094100,0.021500,7.081055,138.728351
5296,p,0.003780,0.051250,0.022000,26.340332,77.029849
5297,ds,0.002343,0.056550,0.021500,35.894531,80.392513
5298,sds,0.018566,0.063600,0.021500,42.827393,103.666086
5299,s,0.023128,0.004500,0.021500,49.537109,49.128351
5290,s,0.023128,0.038050,0.022000,6.502930,83.178351
5291,p,0.003780,0.004600,0.019200,25.297607,27.579849
5292,p,0.003780,0.022400,0.020000,46.585205,46.179849
5293,ds,0.002343,0.043350,0.021500,56.242188,67.192513
5294,pds,0.003022,0.035350,0.020000,74.916016,58.371933
5310,d,0.002385,0.068800,0.018500,6.814453,89.685393
5311,s,0.023128,0.007600,0.021500,13.868652,52.228351
5312,p,0.003780,0.029450,0.019200,32.594971,52.429849
5313,d,0.002385,0.036200,0.018500,41.991211,57.085393
5314,dd,0.002426,0.063300,0.020000,49.239746,85.725915
5305,p,0.003780,0.078150,0.018500,17.942383,100.429849
5306,d,0.002385,0.004150,0.019200,27.384277,25.735393
5307,sp,0.018754,0.094900,0.018500,34.472168,132.153690
5308,sd,0.018668,0.009100,0.019200,41.215576,46.967773
5309,ssd,0.018735,0.005300,0.022000,47.936523,46.034503
5315,d,0.002385,0.066900,0.019200,9.143311,88.485393
5316,d,0.002385,0.018150,0.020000,16.562012,40.535393
5317,sd,0.018668,0.078500,0.019200,24.366211,116.367773
5318,pd,0.002977,0.005850,0.019200,45.443115,28.027001
5319,d,0.002385,0.009200,0.020000,54.815918,31.585393
5320,p,0.003780,0.109850,0.018500,31.181885,132.129849
5321,s,0.023128,0.012450,0.021500,40.557861,57.078351
5322,d,0.002385,0.015900,0.018500,48.009766,36.785393
5323,pp,0.002838,0.073900,0.019200,66.752686,95.938325
5324,sd,0.018668,0.061700,0.022000,76.219727,102.367773
5325,d,0.002385,0.065750,0.022000,22.871338,90.135393
5326,d,0.002385,0.007300,0.021500,30.593506,31.185393
5327,s,0.023128,0.028250,0.018500,37.682129,69.878351
5328,p,0.003780,0.056950,0.019200,56.559814,79.929849
5329,d,0.002385,0.004900,0.022000,66.122314,29.285393
5330,p,0.003780,0.023000,0.019200,35.340576,45.979849
5331,p,0.003780,0.008150,0.022000,58.757568,33.929849
5332,sp,0.018754,0.004450,0.020000,69.556396,43.203690
5333,p,0.003780,0.056400,0.019200,89.808350,79.379849
5334,pp,0.002838,0.068600,0.021500,110.936768,92.938325
5340,s,0.023128,0.004000,0.021500,6.922119,48.628351
5341,s,0.023128,0.047600,0.018500,14.944580,89.228351
5342,ds,0.002343,0.005100,0.019200,22.840820,26.642513
5343,ps,0.002840,0.132500,0.019200,42.124512,154.539786
5344,d,0.002385,0.086150,0.019200,51.840332,107.735393
5345,d,0.002385,0.017700,0.020000,23.448975,40.085393
5346,s,0.023128,0.119700,0.019200,31.212646,162.028351
5347,sd,0.018668,0.007050,0.018500,38.167236,44.217773
5348,s,0.023128,0.097050,0.019200,45.182617,139.378351
5349,ss,0.018821,0.101200,0.022000,52.178467,142.020769
5335,s,0.023128,0.051500,0.020000,23.556152,94.628351
5336,s,0.023128,0.016200,0.020000,31.499512,59.328351
5337,d,0.002385,0.004900,0.022000,38.766602,29.285393
5338,pd,0.002977,0.004450,0.019200,58.087158,26.627001
5339,p,0.003780,0.112050,0.019200,79.533936,135.029849
5355,d,0.002385,0.089300,0.021500,7.169922,113.185393
5356,p,0.003780,0.005350,0.022000,25.593262,31.129849
5357,d,0.002385,0.012050,0.021500,34.911865,35.935393
5358,dd,0.002426,0.005750,0.019200,41.896240,27.375915
5359,dd,0.002426,0.074800,0.022000,48.927734,99.225915
5350,d,0.002385,0.041650,0.019200,6.946777,63.235393
5351,s,0.023128,0.052150,0.022000,14.338135,97.278351
5352,p,0.003780,0.016900,0.022000,33.129150,42.679849
5353,ss,0.018821,0.020150,0.020000,42.501221,58.970769
5354,sss,0.019288,0.013100,0.022000,49.741455,54.388093
5360,p,0.003780,0.064450,0.021500,33.286865,89.729849
5361,p,0.003780,0.074100,0.020000,54.771240,97.879849
5362,d,0.002385,0.058550,0.018500,64.615234,79.435393
5363,d,0.002385,0.006550,0.019200,71.787109,28.135393
5364,d,0.002385,0.010050,0.021500,78.875488,33.935393
5365,p,0.003780,0.068250,0.018500,23.736084,90.529849
5366,d,0.002385,0.038150,0.021500,34.878418,62.035393
5367,s,0.023128,0.142450,0.021500,43.335938,187.078351
5368,p,0.003780,0.030050,0.022000,66.387451,55.829849
5369,pd,0.002977,0.008750,0.021500,90.618164,33.227001
5375,s,0.023128,0.044850,0.022000,15.803955,89.978351
5376,ds,0.002343,0.105850,0.019200,25.242676,127.392513
5377,s,0.023128,0.039500,0.018500,33.041016,81.128351
5378,p,0.003780,0.053400,0.022000,53.445312,79.179849
5379,ps,0.002840,0.071450,0.022000,75.222656,96.289786
5370,d,0.002385,0.004200,0.019200,7.049805,25.785393
5371,p,0.003780,0.028900,0.022000,25.983887,54.679849
5372,s,0.023128,0.006450,0.022000,35.483398,51.578351
5373,pp,0.002838,0.010650,0.022000,54.180908,35.488325
5374,d,0.002385,0.070200,0.020000,63.998291,92.585393
5385,p,0.003780,0.041650,0.019200,34.878906,64.629849
5386,d,0.002385,0.081450,0.021500,44.607666,105.335393
5387,pd,0.002977,0.031900,0.018500,63.213379,53.377001
5388,d,0.002385,0.020700,0.018500,72.745117,41.585393
5389,p,0.003780,0.093950,0.022000,91.268555,119.729849
5380,p,0.003780,0.047100,0.018500,36.036621,69.379849
5381,s,0.023128,0.071000,0.019200,45.331055,113.328351
5382,s,0.023128,0.004700,0.021500,52.457275,49.328351
5383,ss,0.018821,0.028050,0.019200,59.322510,66.070769
5384,dss,0.002842,0.022800,0.021500,66.791992,47.141615
5390,d,0.002385,0.061850,0.018500,7.208740,82.735393
5391,d,0.002385,0.026400,0.018500,14.387939,47.285393
5392,dd,0.002426,0.154250,0.020000,21.648438,176.675915
5393,s,0.023128,0.018800,0.022000,28.532471,63.928351
5394,p,0.003780,0.006000,0.022000,47.428467,31.779849
5395,d,0.002385,0.027050,0.019200,14.958740,48.635393
5396,s,0.023128,0.093100,0.022000,22.623535,138.228351
5397,s,0.023128,0.063050,0.022000,29.733887,108.178351
5398,ps,0.002840,0.061100,0.021500,48.696289,85.439786
5399,dps,0.002445,0.066100,0.020000,58.528809,88.544936
5400,s,0.023128,0.003700,0.022000,16.751465,48.828351
5401,s,0.023128,0.037100,0.021500,23.843506,81.728351
5402,d,0.002385,0.005600,0.019200,31.170654,27.185393
5403,s,0.023128,0.068950,0.021500,38.422363,113.578351
5404,ds,0.002343,0.011400,0.019200,45.968018,32.942513
5405,s,0.023128,0.006000,0.020000,24.052002,49.128351
5406,d,0.002385,0.010350,0.021500,32.198975,34.235393
5407,d,0.002385,0.057550,0.020000,39.389404,79.935393
5408,d,0.002385,0.017200,0.020000,46.669189,39.585393
5409,dd,0.002426,0.020000,0.020000,53.920654,42.425915
5410,s,0.023128,0.004750,0.020000,6.673584,47.878351
5411,s,0.023128,0.080850,0.019200,13.465088,123.178351
5412,d,0.002385,0.022950,0.022000,20.386230,47.335393
5413,ds,0.002343,0.005400,0.022000,27.619385,29.742513
5414,pds,0.003022,0.003900,0.020000,46.141357,26.921933
5420,d,0.002385,0.116750,0.019200,7.388428,138.335393
5421,sd,0.018668,0.053800,0.022000,14.701416,94.467773
5422,dsd,0.002613,0.025750,0.019200,24.445068,47.562551
5423,d,0.002385,0.004750,0.019200,31.804443,26.335393
5424,d,0.002385,0.017200,0.021500,39.015869,41.085393
5415,s,0.023128,0.112050,0.019200,6.386475,154.378351
5416,ds,0.002343,0.013300,0.020000,13.723145,35.642513
5417,sds,0.018566,0.046350,0.022000,20.597656,86.916086
5418,d,0.002385,0.076300,0.021500,27.723145,100.185393
5419,ssds,0.018930,0.085200,0.019200,34.543213,123.330221
5425,d,0.002385,0.094850,0.022000,8.393555,119.235393
5426,pd,0.002977,0.056100,0.020000,28.010254,79.077001
5427,s,0.023128,0.049250,0.018500,37.843018,90.878351
5428,ds,0.002343,0.029450,0.021500,45.130615,53.292513
5429,sds,0.018566,0.054550,0.021500,51.979004,94.616086
5430,d,0.002385,0.104000,0.018500,8.253418,124.885393
5431,s,0.023128,0.065750,0.022000,15.516602,110.878351
5432,sd,0.018668,0.027850,0.022000,22.658447,68.517773
5433,ps,0.002840,0.058900,0.019200,41.244141,80.939786
5434,p,0.003780,0.129250,0.022000,62.813232,155.029849
5435,p,0.003780,0.014050,0.018500,35.678467,36.329849
5436,pp,0.002838,0.010800,0.019200,57.126465,32.838325
5437,d,0.002385,0.074850,0.022000,66.844971,99.235393
5438,d,0.002385,0.083600,0.020000,74.129883,105.985393
5439,s,0.023128,0.105550,0.021500,81.362793,150.178351
5440,s,0.023128,0.003950,0.022000,22.570312,49.078351
5441,s,0.023128,0.085950,0.020000,30.253418,129.078351
5442,p,0.003780,0.055950,0.021500,49.045166,81.229849
5443,ps,0.002840,0.047400,0.019200,70.081543,69.439786
5444,p,0.003780,0.006450,0.018500,90.843506,28.729849
5445,d,0.002385,0.083300,0.022000,6.787842,107.685393
5446,s,0.023128,0.019200,0.019200,13.855469,61.528351
5447,s,0.023128,0.027950,0.022000,21.028564,73.078351
5448,ds,0.002343,0.044550,0.020000,28.254150,66.892513
5449,sd,0.018668,0.033550,0.021500,35.338135,73.717773
5450,d,0.002385,0.019750,0.018500,7.378662,40.635393
5451,s,0.023128,0.004800,0.020000,15.141846,47.928351
5452,ss,0.018821,0.005300,0.018500,22.264648,42.620769
5453,s,0.023128,0.060500,0.018500,29.398193,102.128351
5454,ps,0.002840,0.120250,0.021500,48.382568,144.589786
5455,s,0.023128,0.006450,0.019200,24.002197,48.778351
5456,d,0.002385,0.090850,0.018500,32.158203,111.735393
5457,d,0.002385,0.092450,0.019200,39.116211,114.035393
5458,ss,0.018821,0.004900,0.021500,46.126953,45.220769
5459,d,0.002385,0.067950,0.022000,53.029785,92.335393
5460,d,0.002385,0.114950,0.020000,9.521973,137.335393
5461,d,0.002385,0.049250,0.022000,19.624756,73.635393
5462,s,0.023128,0.004450,0.019200,27.597412,46.778351
5463,ps,0.002840,0.006450,0.020000,47.218994,29.289786
5464,sd,0.018668,0.072000,0.019200,56.771973,109.867773
5465,d,0.002385,0.043250,0.022000,6.764404,67.635393
5466,d,0.002385,0.008500,0.021500,14.575684,32.385393
5467,d,0.002385,0.041600,0.019200,22.375977,63.185393
5468,s,0.023128,0.064450,0.020000,29.582764,107.578351
5469,p,0.003780,0.005050,0.018500,48.433594,27.329849
5470,s,0.023128,0.005200,0.022000,6.666748,50.328351
5471,d,0.002385,0.065900,0.019200,14.063477,87.485393
5472,s,0.023128,0.044450,0.018500,21.207031,86.078351
5473,ps,0.002840,0.005300,0.022000,41.297852,30.139786
5474,s,0.023128,0.018250,0.022000,50.815430,63.378351
5475,s,0.023128,0.054600,0.022000,6.454590,99.728351
5476,p,0.003780,0.087650,0.019200,25.272705,110.629849
5477,sp,0.018754,0.027400,0.022000,34.460449,68.153690
5478,psp,0.002926,0.100250,0.019200,53.059814,122.375658
5479,d,0.002385,0.068450,0.020000,62.521484,90.835393
5480,p,0.003780,0.007850,0.020000,18.697021,31.629849
5481,p,0.003780,0.011000,0.021500,39.970947,36.279849
5482,p,0.003780,0.037900,0.022000,61.371094,63.679849
5483,s,0.023128,0.078500,0.019200,71.084473,120.828351
5484,ss,0.018821,0.021600,0.021500,77.879150,61.920769
5485,d,0.002385,0.018200,0.021500,6.756348,42.085393
5486,p,0.003780,0.123250,0.019200,25.651855,146.229849
5487,pp,0.002838,0.032150,0.021500,46.680176,56.488325
5488,p,0.003780,0.004850,0.018500,67.445068,27.129849
5489,s,0.023128,0.037700,0.022000,77.038330,82.828351
5495,d,0.002385,0.067950,0.020000,6.883545,90.335393
5496,s,0.023128,0.062800,0.019200,14.073730,105.128351
5497,ss,0.018821,0.101750,0.020000,21.174805,140.570769
5498,p,0.003780,0.009200,0.018500,40.808594,31.479849
5499,s,0.023128,0.021500,0.019200,50.971680,63.828351
5490,s,0.023128,0.068250,0.021500,6.359863,112.878351
5491,s,0.023128,0.006500,0.020000,13.522949,49.628351
5492,d,0.002385,0.003800,0.018500,20.856201,24.685393
5493,ds,0.002343,0.074050,0.018500,28.076660,94.892513
5494,ds,0.002343,0.011400,0.021500,35.356689,35.242513
5500,p,0.003780,0.017500,0.020000,18.529541,41.279849
5501,p,0.003780,0.075200,0.021500,39.450684,100.479849
5502,dp,0.002464,0.053800,0.018500,49.065918,74.764344
5503,pd,0.002977,0.016800,0.018500,67.788330,38.277001
5504,s,0.023128,0.008600,0.022000,77.162598,53.728351
5505,s,0.023128,0.065050,0.021500,23.327148,109.678351
5506,d,0.002385,0.012550,0.021500,31.631836,36.435393
5507,sd,0.018668,0.020950,0.018500,38.747559,58.117773
5508,p,0.003780,0.009050,0.019200,57.499023,32.029849
5509,ps,0.002840,0.054600,0.022000,78.455078,79.439786
5510,d,0.002385,0.011000,0.021500,6.865967,34.885393
5511,s,0.023128,0.093950,0.022000,13.963623,139.078351
5512,d,0.002385,0.010650,0.021500,21.185303,34.535393
5513,ds,0.002343,0.060650,0.020000,28.320801,82.992513
5514,dd,0.002426,0.063650,0.019200,35.260498,85.275915
5515,s,0.023128,0.016050,0.018500,6.888184,57.678351
5516,d,0.002385,0.058850,0.022000,14.483398,83.235393
5517,d,0.002385,0.027050,0.020000,21.951416,49.435393
5518,ps,0.002840,0.008900,0.019200,40.955566,30.939786
5519,p,0.003780,0.025050,0.018500,61.787598,47.329849
5520,d,0.002385,0.060650,0.022000,15.681641,85.035393
5521,p,0.003780,0.090650,0.020000,36.320312,114.429849
5522,p,0.003780,0.085150,0.019200,58.388916,108.129849
5523,sd,0.018668,0.067300,0.020000,68.074219,105.967773
5524,psd,0.003139,0.072900,0.019200,91.869141,95.238792
5525,s,0.023128,0.004850,0.019200,31.375488,47.178351
5526,p,0.003780,0.095150,0.022000,56.037598,120.929849
5527,d,0.002385,0.011050,0.018500,65.880615,31.935393
5528,p,0.003780,0.005200,0.020000,84.790283,28.979849
5529,sd,0.018668,0.011450,0.022000,94.330566,52.117773
5530,s,0.023128,0.005750,0.020000,19.772705,48.878351
5531,s,0.023128,0.038150,0.021500,28.145264,82.778351
5532,ps,0.002840,0.007200,0.018500,49.162354,28.539786
5533,p,0.003780,0.007850,0.021500,72.130127,33.129849
5534,s,0.023128,0.113600,0.019200,81.781250,155.928351
5535,d,0.002385,0.004700,0.020000,24.045654,27.085393
5536,p,0.003780,0.015450,0.021500,44.190186,40.729849
5537,s,0.023128,0.086350,0.018500,53.733887,127.978351
5538,pp,0.002838,0.013400,0.020000,73.225098,36.238325
5539,pp,0.002838,0.020000,0.019200,94.758057,42.038325
5540,d,0.002385,0.118250,0.019200,6.877441,139.835393
5541,dd,0.002426,0.086300,0.020000,14.269043,108.725915
5542,d,0.002385,0.071550,0.018500,21.759521,92.435393
5543,sd,0.018668,0.079450,0.019200,29.070557,117.317773
5544,d,0.002385,0.012000,0.020000,36.294189,34.385393
5545,s,0.023128,0.083150,0.020000,23.125000,126.278351
5546,ds,0.002343,0.070400,0.019200,30.997559,91.942513
5547,s,0.023128,0.004850,0.022000,38.007080,49.978351
5548,d,0.002385,0.099600,0.020000,45.189697,121.985393
5549,dds,0.002685,0.083650,0.022000,52.638184,108.335273
5550,s,0.023128,0.094100,0.021500,23.374756,138.728351
5551,ds,0.002343,0.078050,0.020000,31.164062,100.392513
5552,p,0.003780,0.004350,0.020000,49.541992,28.129849
5553,d,0.002385,0.060200,0.019200,58.823242,81.785393
5554,dp,0.002464,0.005300,0.021500,65.789307,29.264344
5555,p,0.003780,0.004450,0.019200,36.039062,27.429849
5556,s,0.023128,0.086450,0.020000,45.500244,129.578351
5557,ss,0.018821,0.045000,0.019200,52.494629,83.020769
5558,sp,0.018754,0.004550,0.020000,59.487793,43.303690
5559,p,0.003780,0.010300,0.019200,77.994629,33.279849
5560,s,0.023128,0.031550,0.022000,7.312012,76.678351
5561,s,0.023128,0.004450,0.019200,14.490723,46.778351
5562,ps,0.002840,0.005350,0.020000,33.221436,28.189786
5563,sps,0.018360,0.004050,0.018500,42.721924,40.910251
5564,d,0.002385,0.094200,0.019200,50.433350,115.785393
5565,s,0.023128,0.025250,0.019200,22.948486,67.578351
5566,ds,0.002343,0.108650,0.018500,30.864258,129.492513
5567,p,0.003780,0.003400,0.022000,49.742920,29.179849
5568,p,0.003780,0.009100,0.019200,70.601807,32.079849
5569,d,0.002385,0.042200,0.022000,80.312744,66.585393
5570,p,0.003780,0.119700,0.018500,21.106445,141.979849
5571,dp,0.002464,0.054350,0.022000,30.815918,78.814344
5572,s,0.023128,0.012050,0.022000,37.844238,57.178351
5573,pdp,0.002932,0.069150,0.020000,56.102295,92.081683
5574,d,0.002385,0.031350,0.022000,65.401611,55.735393
5575,p,0.003780,0.011400,0.022000,21.738770,37.179849
5576,d,0.002385,0.007650,0.022000,31.758545,32.035393
5577,s,0.023128,0.089800,0.018500,39.041992,131.428351
5578,p,0.003780,0.067850,0.019200,58.436523,90.829849
5579,p,0.003780,0.034500,0.019200,79.028076,57.479849
5580,s,0.023128,0.003950,0.020000,6.753418,47.078351
5581,p,0.003780,0.010050,0.019200,26.362305,33.029849
5582,pp,0.002838,0.007800,0.018500,49.798340,29.138325
5583,d,0.002385,0.087500,0.020000,61.044434,109.885393
5584,p,0.003780,0.057200,0.018500,81.755371,79.479849
5585,d,0.002385,0.083150,0.021500,17.494385,107.035393
5586,s,0.023128,0.008700,0.019200,24.933838,51.028351
5587,d,0.002385,0.120400,0.018500,32.126953,141.285393
5588,s,0.023128,0.021800,0.020000,39.111816,64.928351
5589,ds,0.002343,0.058650,0.022000,46.188232,82.992513
5590,p,0.003780,0.088500,0.021500,18.177002,113.779849
5591,p,0.003780,0.057800,0.022000,38.944824,83.579849
5592,pp,0.002838,0.101700,0.022000,59.672119,126.538325
5593,p,0.003780,0.008200,0.021500,80.322021,33.479849
5594,p,0.003780,0.063350,0.021500,101.264160,88.629849
5595,p,0.003780,0.006000,0.022000,18.063965,31.779849
5596,s,0.023128,0.041850,0.018500,27.592529,83.478351
5597,p,0.003780,0.027350,0.020000,46.315674,51.129849
5598,d,0.002385,0.005000,0.018500,55.898682,25.885393
5599,p,0.003780,0.011050,0.022000,74.489014,36.829849
5605,p,0.003780,0.051500,0.022000,20.316895,77.279849
5606,s,0.023128,0.100750,0.020000,30.501953,143.878351
5607,dp,0.002464,0.078550,0.018500,38.551270,99.514344
5608,p,0.003780,0.013250,0.022000,57.919678,39.029849
5609,ps,0.002840,0.071250,0.019200,78.902832,93.289786
5600,s,0.023128,0.014600,0.018500,6.919434,56.228351
5601,s,0.023128,0.018200,0.021500,14.098145,62.828351
5602,d,0.002385,0.095050,0.020000,21.386230,117.435393
5603,d,0.002385,0.004900,0.022000,28.463379,29.285393
5604,sd,0.018668,0.004700,0.020000,35.495117,43.367773
5610,d,0.002385,0.059300,0.018500,6.726318,80.185393
5611,d,0.002385,0.004650,0.020000,13.860596,27.035393
5612,s,0.023128,0.104200,0.020000,20.925537,147.328351
5613,s,0.023128,0.020400,0.018500,27.833252,62.028351
5614,sd,0.018668,0.074800,0.021500,34.920166,114.967773
5615,d,0.002385,0.017350,0.020000,6.796143,39.735393
5616,d,0.002385,0.109500,0.021500,14.246094,133.385393
5617,dd,0.002426,0.004850,0.021500,21.536377,28.775915
5618,sdd,0.018511,0.009200,0.020000,28.572510,47.710933
5619,d,0.002385,0.026150,0.020000,35.889893,48.535393
5620,d,0.002385,0.066500,0.018500,20.311768,87.385393
5621,dd,0.002426,0.078150,0.022000,27.789795,102.575915
5622,s,0.023128,0.065150,0.019200,34.510010,107.478351
5623,p,0.003780,0.017050,0.021500,53.095947,42.329849
5624,p,0.003780,0.005500,0.018500,73.775146,27.779849
5625,s,0.023128,0.028000,0.020000,19.370605,71.128351
5626,p,0.003780,0.022900,0.021500,39.887207,48.179849
5627,ps,0.002840,0.010100,0.021500,62.838867,34.439786
5628,d,0.002385,0.086950,0.018500,73.251221,107.835393
5629,sp,0.018754,0.052000,0.018500,80.547363,89.253690
5630,d,0.002385,0.004500,0.019200,23.616699,26.085393
5631,sd,0.018668,0.008550,0.019200,31.212646,46.417773
5632,p,0.003780,0.017850,0.022000,50.021729,43.629849
5633,d,0.002385,0.036100,0.020000,59.659668,58.485393
5634,sp,0.018754,0.011400,0.019200,66.663086,49.353690
5635,p,0.003780,0.064650,0.022000,21.903809,90.429849
5636,d,0.002385,0.117150,0.022000,32.548584,141.535393
5637,d,0.002385,0.059300,0.019200,40.491211,80.885393
5638,d,0.002385,0.008750,0.018500,47.942139,29.635393
5639,dd,0.002426,0.005750,0.021500,55.330566,29.675915
5645,s,0.023128,0.005250,0.022000,7.257568,50.378351
5646,ss,0.018821,0.005000,0.021500,14.441406,45.320769
5647,d,0.002385,0.054600,0.018500,21.748779,75.485393
5648,pss,0.002833,0.004950,0.021500,40.152588,29.282709
5649,sd,0.018668,0.063650,0.020000,49.598633,102.317773
5640,p,0.003780,0.042450,0.020000,27.422363,66.229849
5641,s,0.023128,0.020200,0.018500,36.600342,61.828351
5642,d,0.002385,0.145150,0.018500,43.819580,166.035393
5643,p,0.003780,0.088900,0.019200,62.277100,111.879849
5644,ds,0.002343,0.086450,0.019200,71.632568,107.992513
5655,s,0.023128,0.093000,0.021500,7.452393,137.628351
5656,d,0.002385,0.010150,0.018500,17.898926,31.035393
5657,d,0.002385,0.093250,0.020000,24.827393,115.635393
5658,sd,0.018668,0.006400,0.021500,31.626953,46.567773
5659,ps,0.002840,0.004350,0.019200,50.309814,26.389786
5660,d,0.002385,0.114850,0.022000,6.979248,139.235393
5661,d,0.002385,0.004550,0.022000,14.259033,28.935393
5662,sd,0.018668,0.064450,0.018500,21.163818,101.617773
5663,d,0.002385,0.054250,0.022000,28.282715,78.635393
5664,dd,0.002426,0.070400,0.019200,35.525391,92.025915
5650,s,0.023128,0.011050,0.020000,6.815674,54.178351
5651,s,0.023128,0.004400,0.019200,14.517578,46.728351
5652,ds,0.002343,0.008400,0.021500,22.489014,32.242513
5653,s,0.023128,0.056700,0.020000,30.094727,99.828351
5654,ps,0.002840,0.009500,0.021500,49.602051,33.839786
5665,d,0.002385,0.037100,0.018500,23.715820,57.985393
5666,p,0.003780,0.004450,0.022000,43.018555,30.229849
5667,p,0.003780,0.004750,0.019200,63.807373,27.729849
5668,s,0.023128,0.107000,0.020000,72.977051,150.128351
5669,p,0.003780,0.065600,0.019200,91.305664,88.579849
5670,d,0.002385,0.117500,0.018500,10.265137,138.385393
5671,sd,0.018668,0.061300,0.018500,20.899414,98.467773
5672,p,0.003780,0.028050,0.021500,40.234375,53.329849
5673,pp,0.002838,0.096050,0.019200,61.229980,118.088325
5674,s,0.023128,0.011950,0.022000,70.333496,57.078351
5685,p,0.003780,0.054750,0.020000,18.927979,78.529849
5686,dp,0.002464,0.035450,0.022000,28.780273,59.914344
5687,p,0.003780,0.006000,0.021500,48.495605,31.279849
5688,ddp,0.002502,0.078950,0.020000,57.932617,101.451712
5689,pp,0.002838,0.005650,0.021500,76.238037,29.988325
5680,p,0.003780,0.004300,0.019200,23.431641,27.279849
5681,p,0.003780,0.042950,0.022000,44.933350,68.729849
5682,d,0.002385,0.086700,0.021500,54.635986,110.585393
5683,p,0.003780,0.004750,0.022000,73.348145,30.529849
5684,s,0.023128,0.008250,0.019200,82.587891,50.578351
5675,s,0.023128,0.076550,0.020000,13.677979,119.678351
5676,s,0.023128,0.004800,0.018500,22.072998,46.428351
5677,ps,0.002840,0.005550,0.022000,41.100586,30.389786
5678,d,0.002385,0.061100,0.019200,50.581787,82.685393
5679,sd,0.018668,0.078700,0.020000,57.706543,117.367773
5690,s,0.023128,0.062100,0.020000,22.655273,105.228351
5691,d,0.002385,0.079450,0.018500,30.633545,100.335393
5692,sd,0.018668,0.054200,0.021500,37.529053,94.367773
5693,psd,0.003139,0.046350,0.018500,57.446777,67.988792
5694,ds,0.002343,0.040700,0.021500,68.422607,64.542513
5695,p,0.003780,0.014950,0.020000,37.573975,38.729849
5696,d,0.002385,0.096150,0.019200,47.002197,117.735393
5697,sp,0.018754,0.008750,0.019200,53.902344,46.703690
5698,d,0.002385,0.061550,0.018500,61.054443,82.435393
5699,dd,0.002426,0.074100,0.018500,67.977783,95.025915
5705,d,0.002385,0.016000,0.021500,24.493896,39.885393
5706,pd,0.002977,0.015150,0.018500,46.082031,36.627001
5707,d,0.002385,0.073250,0.021500,56.974854,97.135393
5708,dp,0.002464,0.010550,0.018500,64.882568,31.514344
5709,sdp,0.018492,0.016550,0.022000,72.334717,57.041971
5710,s,0.023128,0.060750,0.020000,23.306641,103.878351
5711,d,0.002385,0.006750,0.022000,31.315674,31.135393
5712,p,0.003780,0.067350,0.020000,50.206787,91.129849
5713,s,0.023128,0.007500,0.020000,59.804932,50.628351
5714,ds,0.002343,0.022950,0.019200,67.013428,44.492513
5700,d,0.002385,0.024150,0.019200,24.034180,45.735393
5701,p,0.003780,0.004450,0.022000,43.450684,30.229849
5702,sd,0.018668,0.089700,0.021500,52.853027,129.867773
5703,s,0.023128,0.106900,0.022000,59.827393,152.028351
5704,ps,0.002840,0.071350,0.018500,78.457520,92.689786
5715,s,0.023128,0.007600,0.022000,6.910645,52.728351
5716,d,0.002385,0.112850,0.021500,14.046875,136.735393
5717,dd,0.002426,0.023350,0.021500,21.237305,47.275915
5718,ss,0.018821,0.015250,0.019200,28.113281,53.270769
5719,p,0.003780,0.088250,0.022000,46.666016,114.029849
5725,p,0.003780,0.083600,0.020000,22.795410,107.379849
5726,s,0.023128,0.045350,0.018500,32.717529,86.978351
5727,ss,0.018821,0.049150,0.019200,39.948486,87.170769
5728,p,0.003780,0.103800,0.018500,58.622559,126.079849
5729,dss,0.002842,0.074800,0.020000,68.291504,97.641615
5730,p,0.003780,0.007350,0.022000,18.434326,33.129849
5731,s,0.023128,0.086700,0.021500,27.825928,131.328351
5732,pp,0.002838,0.005850,0.019200,46.423096,27.888325
5733,ps,0.002840,0.108650,0.019200,67.473145,130.689786
5734,p,0.003780,0.062100,0.018500,88.676758,84.379849
5720,d,0.002385,0.115150,0.019200,6.701172,136.735393
5721,s,0.023128,0.004750,0.020000,13.804443,47.878351
5722,pd,0.002977,0.051850,0.019200,32.741699,74.027001
5723,ss,0.018821,0.004600,0.019200,41.882568,42.620769
5724,ppd,0.002827,0.074000,0.020000,60.661621,96.826719
5740,d,0.002385,0.101200,0.020000,10.455078,123.585393
5741,s,0.023128,0.014300,0.020000,17.609131,57.428351
5742,p,0.003780,0.084250,0.022000,36.524170,110.029849
5743,dp,0.002464,0.121650,0.018500,45.920166,142.614344
5744,s,0.023128,0.017000,0.021500,52.671875,61.628351
5735,s,0.023128,0.060550,0.018500,9.778320,102.178351
5736,s,0.023128,0.005650,0.022000,16.683838,50.778351
5737,p,0.003780,0.026350,0.020000,35.637695,50.129849
5738,dp,0.002464,0.064400,0.021500,45.067139,88.364344
5739,ss,0.018821,0.005350,0.022000,52.045898,46.170769
5745,s,0.023128,0.017200,0.020000,10.630371,60.328351
5746,ps,0.002840,0.047450,0.018500,29.614502,68.789786
5747,sps,0.018360,0.021600,0.018500,39.066650,58.460251
5748,d,0.002385,0.014450,0.021500,46.515137,38.335393
5749,psps,0.002923,0.048600,0.019200,65.601562,70.722585
5750,s,0.023128,0.005100,0.020000,23.307373,48.228351
5751,d,0.002385,0.021550,0.018500,31.431885,42.435393
5752,d,0.002385,0.075600,0.021500,38.743164,99.485393
5753,dd,0.002426,0.007600,0.022000,45.929932,32.025915
5754,sd,0.018668,0.063350,0.020000,52.988281,102.017773
5755,s,0.023128,0.020150,0.021500,6.513428,64.778351
5756,d,0.002385,0.006350,0.020000,13.954346,28.735393
5757,s,0.023128,0.094850,0.022000,21.194824,139.978351
5758,d,0.002385,0.038850,0.022000,28.289551,63.235393
5759,pd,0.002977,0.017800,0.020000,46.834473,40.777001
5760,p,0.003780,0.009550,0.020000,18.108643,33.329849
5761,d,0.002385,0.069750,0.020000,27.912354,92.135393
5762,s,0.023128,0.025050,0.022000,34.996582,70.178351
5763,s,0.023128,0.096500,0.022000,42.055908,141.628351
5764,dd,0.002426,0.073900,0.020000,49.245605,96.325915
5765,s,0.023128,0.010350,0.020000,6.599609,53.478351
5766,p,0.003780,0.106250,0.022000,25.194336,132.029849
5767,dp,0.002464,0.093850,0.019200,34.458252,115.514344
5768,ddp,0.002502,0.073250,0.019200,41.516113,94.951712
5769,p,0.003780,0.028300,0.018500,60.349854,50.579849
5770,d,0.002385,0.123250,0.018500,8.681396,144.135393
5771,d,0.002385,0.010050,0.019200,16.383545,31.635393
5772,dd,0.002426,0.123550,0.022000,23.530273,147.975915
5773,d,0.002385,0.024000,0.019200,30.653809,45.585393
5774,p,0.003780,0.013600,0.018500,50.255127,35.879849
5775,s,0.023128,0.112150,0.018500,9.764160,153.778351
5776,ps,0.002840,0.022300,0.019200,31.104492,44.339786
5777,p,0.003780,0.011100,0.020000,51.962891,34.879849
5778,sp,0.018754,0.007450,0.020000,61.241699,46.203690
5779,p,0.003780,0.027000,0.021500,79.993164,52.279849
5785,d,0.002385,0.015050,0.018500,7.546875,35.935393
5786,d,0.002385,0.005150,0.018500,15.956787,26.035393
5787,d,0.002385,0.094750,0.018500,24.804688,115.635393
5788,dd,0.002426,0.004300,0.020000,33.054932,26.725915
5789,d,0.002385,0.066950,0.019200,41.338623,88.535393
5780,p,0.003780,0.012250,0.019200,18.347168,35.229849
5781,sp,0.018754,0.014850,0.021500,27.584717,55.103690
5782,dsp,0.002685,0.011400,0.018500,35.060791,32.584513
5783,pds,0.003022,0.012050,0.019200,54.530518,34.271933
5784,p,0.003780,0.074650,0.020000,75.742188,98.429849
5795,d,0.002385,0.084200,0.018500,7.631592,105.085393
5796,d,0.002385,0.032250,0.022000,15.100342,56.635393
5797,d,0.002385,0.004400,0.020000,22.517822,26.785393
5798,p,0.003780,0.020600,0.019200,41.101318,43.579849
5799,d,0.002385,0.031250,0.021500,50.657715,55.135393
5800,d,0.002385,0.010650,0.020000,6.852051,33.035393
5801,s,0.023128,0.057150,0.022000,13.826416,102.278351
5802,s,0.023128,0.005200,0.022000,20.799561,50.328351
5803,p,0.003780,0.012750,0.019200,40.043457,35.729849
5804,d,0.002385,0.041900,0.019200,49.481934,63.485393
5805,d,0.002385,0.082000,0.020000,7.043213,104.385393
5806,d,0.002385,0.117500,0.021500,14.390381,141.385393
5807,p,0.003780,0.005750,0.022000,33.494629,31.529849
5808,sd,0.018668,0.085050,0.019200,42.829834,122.917773
5809,d,0.002385,0.070650,0.019200,49.845459,92.235393
5790,s,0.023128,0.047150,0.018500,7.757080,88.778351
5791,ps,0.002840,0.014900,0.021500,27.320312,39.239786
5792,p,0.003780,0.007300,0.019200,48.421631,30.279849
5793,sp,0.018754,0.005400,0.021500,57.968994,45.653690
5794,ps,0.002840,0.097050,0.020000,76.915527,119.889786
5815,p,0.003780,0.045350,0.022000,19.058105,71.129849
5816,dp,0.002464,0.080950,0.019200,28.946533,102.614344
5817,pdp,0.002932,0.090800,0.020000,47.975586,113.731683
5818,s,0.023128,0.004900,0.022000,57.205566,50.028351
5819,ps,0.002840,0.005600,0.020000,75.502197,28.439786
5810,d,0.002385,0.059750,0.018500,6.622314,80.635393
5811,sd,0.018668,0.072500,0.019200,13.724121,110.367773
5812,s,0.023128,0.004950,0.020000,20.406006,48.078351
5813,d,0.002385,0.100400,0.022000,27.496094,124.785393
5814,s,0.023128,0.015950,0.020000,34.451172,59.078351
5820,d,0.002385,0.019350,0.022000,13.397949,43.735393
5821,s,0.023128,0.062650,0.020000,20.690430,105.778351
5822,d,0.002385,0.005350,0.020000,27.774902,27.735393
5823,s,0.023128,0.071450,0.020000,34.759521,114.578351
5824,dd,0.002426,0.004400,0.018500,41.858398,25.325915
5830,s,0.023128,0.013900,0.019200,6.703613,56.228351
5831,s,0.023128,0.054250,0.019200,13.897949,96.578351
5832,ds,0.002343,0.011500,0.022000,21.306152,35.842513
5833,s,0.023128,0.079450,0.018500,28.626221,121.078351
5834,sds,0.018566,0.010950,0.020000,35.731201,49.516086
5835,s,0.023128,0.110900,0.020000,9.625732,154.028351
5836,s,0.023128,0.059500,0.021500,17.112793,104.128351
5837,p,0.003780,0.035350,0.020000,36.429688,59.129849
5838,d,0.002385,0.051650,0.020000,46.016113,74.035393
5839,p,0.003780,0.004500,0.019200,64.564453,27.479849
5825,p,0.003780,0.088150,0.019200,22.811279,111.129849
5826,p,0.003780,0.080000,0.022000,44.488770,105.779849
5827,d,0.002385,0.018450,0.018500,54.515625,39.335393
5828,pd,0.002977,0.083700,0.022000,74.846924,108.677001
5829,dpd,0.002513,0.046450,0.022000,84.299316,70.962673
5840,d,0.002385,0.009050,0.019200,23.607422,30.635393
5841,d,0.002385,0.091950,0.020000,31.630127,114.335393
5842,pd,0.002977,0.035850,0.020000,50.308594,58.827001
5843,d,0.002385,0.024100,0.019200,60.026611,45.685393
5844,spd,0.018317,0.012750,0.021500,67.102539,52.567325
5845,p,0.003780,0.079450,0.018500,36.268555,101.729849
5846,sp,0.018754,0.055750,0.021500,46.556641,96.003690
5847,p,0.003780,0.017900,0.022000,66.447998,43.679849
5848,s,0.023128,0.067950,0.020000,76.031738,111.078351
5849,p,0.003780,0.005100,0.020000,95.101318,28.879849
5850,d,0.002385,0.004550,0.021500,14.337402,28.435393
5851,d,0.002385,0.057450,0.018500,22.973633,78.335393
5852,dd,0.002426,0.065750,0.021500,30.282471,89.675915
5853,d,0.002385,0.092400,0.020000,37.424561,114.785393
5854,p,0.003780,0.016350,0.018500,56.168457,38.629849
5855,s,0.023128,0.012800,0.021500,6.641357,57.428351
5856,ss,0.018821,0.012100,0.021500,13.870605,52.420769
5857,s,0.023128,0.005300,0.020000,21.080078,48.428351
5858,dss,0.002842,0.012950,0.018500,28.465088,34.291615
5859,ds,0.002343,0.006000,0.020000,35.889648,28.342513
5860,s,0.023128,0.018250,0.018500,6.718262,59.878351
5861,s,0.023128,0.058900,0.018500,13.756836,100.528351
5862,ps,0.002840,0.064950,0.019200,32.650146,86.989786
5863,p,0.003780,0.005400,0.019200,53.675293,28.379849
5864,d,0.002385,0.011000,0.019200,63.053711,32.585393
5865,p,0.003780,0.109550,0.018500,18.715576,131.829849
5866,p,0.003780,0.102150,0.021500,39.627441,127.429849
5867,s,0.023128,0.080100,0.022000,48.919678,125.228351
5868,d,0.002385,0.012400,0.018500,56.277344,33.285393
5869,ds,0.002343,0.070400,0.021500,63.498779,94.242513
5875,d,0.002385,0.010000,0.020000,21.148438,32.385393
5876,d,0.002385,0.066750,0.022000,29.003906,91.135393
5877,sd,0.018668,0.024350,0.021500,36.031006,64.517773
5878,d,0.002385,0.004500,0.022000,43.161865,28.885393
5879,p,0.003780,0.093450,0.021500,62.199707,118.729849
5870,d,0.002385,0.027250,0.018500,23.449707,48.135393
5871,dd,0.002426,0.058350,0.021500,31.321045,82.275915
5872,ddd,0.002493,0.069850,0.019200,38.501221,91.543417
5873,dddd,0.002612,0.092150,0.021500,45.669434,116.261713
5874,p,0.003780,0.076300,0.021500,64.213135,101.579849
5880,d,0.002385,0.012800,0.018500,24.064697,33.685393
5881,d,0.002385,0.026600,0.021500,31.724854,50.485393
5882,d,0.002385,0.065100,0.019200,38.913330,86.685393
5883,d,0.002385,0.004350,0.022000,45.924072,28.735393
5884,p,0.003780,0.066750,0.018500,64.364502,89.029849
5890,p,0.003780,0.070950,0.022000,18.417969,96.729849
5891,s,0.023128,0.007650,0.022000,28.091064,52.778351
5892,d,0.002385,0.127700,0.022000,35.316650,152.085393
5893,d,0.002385,0.014850,0.018500,42.517090,35.735393
5894,d,0.002385,0.040200,0.020000,49.727295,62.585393
5895,d,0.002385,0.007650,0.018500,7.274414,28.535393
5896,p,0.003780,0.074650,0.021500,27.497314,99.929849
5897,sp,0.018754,0.033550,0.018500,38.250488,70.803690
5898,dsp,0.002685,0.115350,0.018500,46.035645,136.534513
5899,sdsp,0.018148,0.044850,0.019200,53.377686,82.198415
5885,d,0.002385,0.007500,0.018500,6.897217,28.385393
5886,sd,0.018668,0.043250,0.018500,13.930176,80.417773
5887,s,0.023128,0.091350,0.018500,21.113770,132.978351
5888,ps,0.002840,0.014150,0.020000,39.612793,36.989786
5889,sps,0.018360,0.010900,0.020000,48.868164,49.260251
5905,s,0.023128,0.044000,0.019200,6.471436,86.328351
5906,d,0.002385,0.034950,0.020000,13.887207,57.335393
5907,ps,0.002840,0.004300,0.020000,32.685303,27.139786
5908,pd,0.002977,0.104200,0.021500,53.273926,128.677001
5909,p,0.003780,0.054600,0.019200,74.461670,77.579849
5900,d,0.002385,0.004850,0.022000,6.942627,29.235393
5901,dd,0.002426,0.004900,0.020000,14.436768,27.325915
5902,s,0.023128,0.098150,0.022000,21.667725,143.278351
5903,p,0.003780,0.018650,0.019200,40.739990,41.629849
5904,s,0.023128,0.007850,0.021500,50.270508,52.478351
5910,p,0.003780,0.123200,0.022000,18.432617,148.979849
5911,p,0.003780,0.004850,0.022000,39.452881,30.629849
5912,pp,0.002838,0.004300,0.019200,60.178223,26.338325
5913,d,0.002385,0.021500,0.022000,69.739746,45.885393
5914,dp,0.002464,0.004700,0.021500,76.823975,28.664344
5915,d,0.002385,0.005200,0.022000,23.510986,29.585393
5916,dd,0.002426,0.005700,0.020000,31.311035,28.125915
5917,d,0.002385,0.043250,0.020000,38.529297,65.635393
5918,p,0.003780,0.086500,0.021500,57.148193,111.779849
5919,s,0.023128,0.078350,0.022000,66.434326,123.478351
5920,s,0.023128,0.056150,0.020000,6.507812,99.278351
5921,s,0.023128,0.092550,0.022000,13.528809,137.678351
5922,p,0.003780,0.004500,0.018500,32.225342,26.779849
5923,s,0.023128,0.015400,0.020000,41.436035,58.528351
5924,dp,0.002464,0.005100,0.021500,48.515137,29.064344
5925,s,0.023128,0.087250,0.018500,7.018799,128.878351
5926,d,0.002385,0.071450,0.022000,15.213867,95.835393
5927,p,0.003780,0.006000,0.022000,35.681396,31.779849
5928,pd,0.002977,0.063350,0.020000,57.751709,86.327001
5929,p,0.003780,0.099850,0.021500,78.995605,125.129849
5930,d,0.002385,0.004150,0.019200,24.903320,25.735393
5931,s,0.023128,0.014200,0.018500,32.535400,55.828351
5932,s,0.023128,0.032150,0.022000,39.568604,77.278351
5933,dd,0.002426,0.006050,0.019200,46.953857,27.675915
5934,ss,0.018821,0.021700,0.022000,54.094238,62.520769
5935,d,0.002385,0.033550,0.018500,23.698486,54.435393
5936,p,0.003780,0.025500,0.021500,42.978027,50.779849
5937,pp,0.002838,0.008100,0.019200,63.569092,30.138325
5938,s,0.023128,0.008550,0.018500,72.793701,50.178351
5939,s,0.023128,0.087250,0.020000,79.614258,130.378351
5940,s,0.023128,0.004500,0.022000,23.140869,49.628351
5941,s,0.023128,0.056550,0.022000,31.073975,101.678351
5942,s,0.023128,0.051250,0.018500,38.059570,92.878351
5943,ds,0.002343,0.091300,0.019200,45.125244,112.842513
5944,s,0.023128,0.027450,0.020000,51.853027,70.578351
5950,s,0.023128,0.105600,0.018500,6.415039,147.228351
5951,p,0.003780,0.005600,0.022000,26.327148,31.379849
5952,s,0.023128,0.061150,0.019200,36.822754,103.478351
5953,ps,0.002840,0.088500,0.022000,56.967285,113.339786
5954,d,0.002385,0.048900,0.021500,66.997070,72.785393
5945,d,0.002385,0.064750,0.020000,23.991455,87.135393
5946,d,0.002385,0.006900,0.018500,31.790771,27.785393
5947,pd,0.002977,0.020100,0.018500,50.791992,41.577001
5948,sd,0.018668,0.056050,0.022000,60.354248,96.717773
5949,s,0.023128,0.006350,0.018500,67.258057,47.978351
5960,s,0.023128,0.036700,0.020000,21.744873,79.828351
5961,s,0.023128,0.112100,0.020000,29.276855,155.228351
5962,ds,0.002343,0.015900,0.021500,36.472900,39.742513
5963,s,0.023128,0.063850,0.022000,43.543457,108.978351
5964,dds,0.002685,0.023000,0.021500,50.680176,47.185273
5955,p,0.003780,0.007350,0.019200,35.410889,30.329849
5956,d,0.002385,0.014550,0.021500,45.052734,38.435393
5957,p,0.003780,0.049250,0.021500,63.654297,74.529849
5958,p,0.003780,0.005600,0.018500,84.427490,27.879849
5959,d,0.002385,0.120250,0.022000,94.243408,144.635393
5965,d,0.002385,0.088500,0.022000,6.971924,112.885393
5966,p,0.003780,0.005300,0.021500,25.511719,30.579849
5967,p,0.003780,0.087500,0.020000,46.060547,111.279849
5968,sp,0.018754,0.005300,0.018500,55.231689,42.553690
5969,pd,0.002977,0.076050,0.018500,73.342041,97.527001
5970,s,0.023128,0.026600,0.018500,6.567383,68.228351
5971,ds,0.002343,0.017650,0.021500,13.987305,41.492513
5972,s,0.023128,0.010550,0.018500,21.139893,52.178351
5973,d,0.002385,0.023650,0.021500,28.674805,47.535393
5974,sd,0.018668,0.017350,0.019200,36.582520,55.217773
5975,d,0.002385,0.004700,0.020000,6.902588,27.085393
5976,sd,0.018668,0.005500,0.020000,13.996338,44.167773
5977,d,0.002385,0.010700,0.021500,21.270508,34.585393
5978,sd,0.018668,0.010500,0.019200,28.438965,48.367773
5979,s,0.023128,0.020750,0.020000,35.537598,63.878351
5985,p,0.003780,0.075550,0.018500,18.524170,97.829849
5986,dp,0.002464,0.064250,0.022000,28.325928,88.714344
5987,p,0.003780,0.004800,0.021500,47.254150,30.079849
5988,pdp,0.002932,0.056300,0.022000,68.354248,81.231683
5989,s,0.023128,0.008000,0.018500,77.519775,49.628351
5980,p,0.003780,0.087950,0.021500,18.316406,113.229849
5981,d,0.002385,0.031850,0.019200,27.612305,53.435393
5982,s,0.023128,0.077550,0.018500,34.522217,119.178351
5983,ss,0.018821,0.025500,0.021500,41.355469,65.820769
5984,pd,0.002977,0.011100,0.020000,59.743164,34.077001
5990,d,0.002385,0.091750,0.019200,9.885254,113.335393
5991,pd,0.002977,0.064400,0.022000,29.270752,89.377001
5992,d,0.002385,0.005100,0.020000,38.956543,27.485393
5993,s,0.023128,0.088900,0.022000,46.031006,134.028351
5994,pd,0.002977,0.004800,0.018500,64.500977,26.277001
5995,p,0.003780,0.064400,0.018500,18.381592,86.679849
5996,s,0.023128,0.061250,0.019200,27.862061,103.578351
5997,pp,0.002838,0.064500,0.018500,46.365234,85.838325
5998,spp,0.018537,0.117750,0.022000,55.562256,158.287181
5999,d,0.002385,0.026950,0.021500,62.573730,50.835393
6000,p,0.003780,0.054950,0.020000,18.332764,78.729849
6001,s,0.023128,0.082700,0.021500,27.586670,127.328351
6002,ps,0.002840,0.056400,0.021500,45.789307,80.739786
6003,pps,0.002854,0.039400,0.021500,66.285889,63.754053
6004,p,0.003780,0.012600,0.019200,87.386719,35.579849
6005,s,0.023128,0.021000,0.018500,8.102539,62.628351
6006,d,0.002385,0.060200,0.022000,16.878906,84.585393
6007,d,0.002385,0.007000,0.018500,25.478760,27.885393
6008,d,0.002385,0.091600,0.020000,33.990967,113.985393
6009,sd,0.018668,0.040200,0.020000,42.525146,78.867773
6010,p,0.003780,0.075550,0.020000,18.007080,99.329849
6011,p,0.003780,0.017350,0.020000,38.538086,41.129849
6012,sp,0.018754,0.080450,0.019200,47.807373,118.403690
6013,pp,0.002838,0.005200,0.022000,67.296875,30.038325
6014,s,0.023128,0.009200,0.019200,76.719727,51.528351
6020,d,0.002385,0.012450,0.020000,7.095215,34.835393
6021,s,0.023128,0.080450,0.022000,15.012695,125.578351
6022,p,0.003780,0.025900,0.022000,35.897217,51.679849
6023,s,0.023128,0.004850,0.020000,46.670410,47.978351
6024,d,0.002385,0.059550,0.021500,54.563965,83.435393
6015,d,0.002385,0.078450,0.019200,6.885986,100.035393
6016,p,0.003780,0.093350,0.018500,25.944092,115.629849
6017,p,0.003780,0.099250,0.018500,47.021729,121.529849
6018,dd,0.002426,0.080700,0.018500,56.669922,101.625915
6019,p,0.003780,0.005350,0.020000,75.625488,29.129849
6025,p,0.003780,0.010100,0.019200,18.385254,33.079849
6026,d,0.002385,0.016600,0.021500,28.328857,40.485393
6027,s,0.023128,0.066450,0.018500,35.448730,108.078351
6028,s,0.023128,0.054850,0.018500,42.612793,96.478351
6029,s,0.023128,0.004750,0.020000,49.685303,47.878351
6030,d,0.002385,0.143100,0.020000,6.750488,165.485393
6031,dd,0.002426,0.102750,0.021500,14.094482,126.675915
6032,d,0.002385,0.014350,0.019200,21.370117,35.935393
6033,pdd,0.003045,0.033150,0.019200,40.101074,55.394804
6034,d,0.002385,0.118100,0.018500,50.141113,138.985393
6035,s,0.023128,0.029300,0.021500,10.754150,73.928351
6036,d,0.002385,0.004350,0.020000,18.659668,26.735393
6037,ds,0.002343,0.019200,0.022000,26.672607,43.542513
6038,pds,0.003022,0.071450,0.018500,47.418457,92.971933
6039,p,0.003780,0.004850,0.018500,69.325439,27.129849
6040,s,0.023128,0.010050,0.022000,23.097168,55.178351
6041,ps,0.002840,0.033400,0.018500,42.560303,54.739786
6042,sps,0.018360,0.031850,0.018500,51.681396,68.710251
6043,d,0.002385,0.058450,0.022000,58.786377,82.835393
6044,dd,0.002426,0.024100,0.020000,66.178223,46.525915
6045,d,0.002385,0.084000,0.021500,22.900391,107.885393
6046,p,0.003780,0.072650,0.021500,42.289062,97.929849
6047,s,0.023128,0.017850,0.019200,51.556152,60.178351
6048,ds,0.002343,0.044300,0.019200,58.595947,65.842513
6049,dd,0.002426,0.059550,0.018500,65.749756,80.475915
6055,s,0.023128,0.023250,0.018500,6.745117,64.878351
6056,d,0.002385,0.006500,0.019200,13.961914,28.085393
6057,ss,0.018821,0.101700,0.022000,20.943115,142.520769
6058,dd,0.002426,0.005500,0.018500,28.212402,26.425915
6059,s,0.023128,0.072950,0.022000,35.172363,118.078351
6060,s,0.023128,0.095400,0.019200,6.426758,137.728351
6061,s,0.023128,0.065150,0.022000,13.819580,110.278351
6062,ss,0.018821,0.022300,0.022000,21.147949,63.120769
6063,ds,0.002343,0.046300,0.018500,28.481201,67.142513
6064,pss,0.002833,0.024150,0.019200,47.413574,46.182709
6050,s,0.023128,0.100050,0.022000,6.592041,145.178351
6051,s,0.023128,0.071050,0.019200,13.599121,113.378351
6052,ss,0.018821,0.086200,0.022000,20.612305,127.020769
6053,s,0.023128,0.005600,0.018500,27.827148,47.228351
6054,d,0.002385,0.043950,0.019200,34.986084,65.535393
6065,p,0.003780,0.009150,0.021500,21.412842,34.429849
6066,sp,0.018754,0.009800,0.018500,30.999268,47.053690
6067,ssp,0.018787,0.018300,0.020000,38.009277,57.087195
6068,d,0.002385,0.023050,0.019200,45.316406,44.635393
6069,p,0.003780,0.004550,0.022000,64.250488,30.329849
6070,p,0.003780,0.087250,0.019200,35.712402,110.229849
6071,d,0.002385,0.065600,0.018500,45.372803,86.485393
6072,dd,0.002426,0.097900,0.022000,52.783203,122.325915
6073,d,0.002385,0.004150,0.019200,60.073242,25.735393
6074,d,0.002385,0.011050,0.020000,67.223877,33.435393
6075,s,0.023128,0.012100,0.021500,6.660645,56.728351
6076,s,0.023128,0.040100,0.020000,14.125244,83.228351
6077,ds,0.002343,0.014350,0.020000,21.578125,36.692513
6078,p,0.003780,0.066100,0.019200,40.542236,89.079849
6079,sds,0.018566,0.020700,0.018500,49.806396,57.766086
6080,s,0.023128,0.064450,0.021500,22.698730,109.078351
6081,p,0.003780,0.086350,0.018500,42.028320,108.629849
6082,p,0.003780,0.020000,0.018500,63.225342,42.279849
6083,dp,0.002464,0.020750,0.020000,73.062256,43.214344
6084,d,0.002385,0.008450,0.018500,80.322021,29.335393
6090,p,0.003780,0.014150,0.018500,24.361816,36.429849
6091,s,0.023128,0.094200,0.021500,34.094482,138.828351
6092,ss,0.018821,0.057950,0.020000,41.104736,96.770769
6093,sp,0.018754,0.016700,0.022000,47.761963,57.453690
6094,d,0.002385,0.092450,0.019200,54.819580,114.035393
6085,d,0.002385,0.011550,0.020000,6.646484,33.935393
6086,dd,0.002426,0.008350,0.020000,14.149414,30.775915
6087,d,0.002385,0.095050,0.018500,21.491699,115.935393
6088,ddd,0.002493,0.009100,0.019200,28.797363,30.793417
6089,d,0.002385,0.105000,0.019200,36.218262,126.585393
6100,s,0.023128,0.061050,0.018500,22.979980,102.678351
6101,p,0.003780,0.158900,0.021500,42.424805,184.179849
6102,d,0.002385,0.013250,0.019200,51.999756,34.835393
6103,d,0.002385,0.063350,0.021500,59.248535,87.235393
6104,ds,0.002343,0.069850,0.018500,66.276367,90.692513
6095,p,0.003780,0.051250,0.022000,36.469238,77.029849
6096,p,0.003780,0.073450,0.021500,59.224609,98.729849
6097,pp,0.002838,0.047250,0.020000,81.179199,70.088325
6098,p,0.003780,0.004850,0.021500,102.453613,30.129849
6099,s,0.023128,0.064900,0.022000,111.753906,110.028351
6105,d,0.002385,0.057400,0.021500,6.839355,81.285393
6106,s,0.023128,0.005050,0.020000,14.071533,48.178351
6107,ps,0.002840,0.005700,0.019200,32.551514,27.739786
6108,s,0.023128,0.007350,0.019200,41.988037,49.678351
6109,p,0.003780,0.093950,0.018500,60.484619,116.229849
6110,s,0.023128,0.067000,0.020000,23.169434,110.128351
6111,d,0.002385,0.006000,0.020000,31.068604,28.385393
6112,s,0.023128,0.090900,0.020000,38.150635,134.028351
6113,p,0.003780,0.011000,0.020000,56.865479,34.779849
6114,p,0.003780,0.004150,0.020000,78.072754,27.929849
6120,p,0.003780,0.063450,0.018500,40.718506,85.729849
6121,d,0.002385,0.102050,0.021500,50.852295,125.935393
6122,pp,0.002838,0.106250,0.019200,69.820801,128.288325
6123,s,0.023128,0.009850,0.020000,79.279053,52.978351
6124,ps,0.002840,0.016000,0.018500,98.114258,37.339786
6125,d,0.002385,0.044550,0.018500,6.924805,65.435393
6126,s,0.023128,0.041100,0.020000,14.345215,84.228351
6127,sd,0.018668,0.011900,0.021500,21.542969,52.067773
6128,d,0.002385,0.006500,0.022000,28.949219,30.885393
6129,p,0.003780,0.060150,0.019200,48.283936,83.129849
6115,s,0.023128,0.068200,0.020000,23.597656,111.328351
6116,d,0.002385,0.012350,0.020000,31.684082,34.735393
6117,ps,0.002840,0.088250,0.021500,50.285889,112.589786
6118,p,0.003780,0.009400,0.018500,71.104004,31.679849
6119,dps,0.002445,0.066950,0.019200,80.695801,88.594936
6130,d,0.002385,0.003800,0.021500,23.325684,27.685393
6131,s,0.023128,0.140100,0.021500,30.755615,184.728351
6132,pd,0.002977,0.064500,0.020000,49.437744,87.477001
6133,sp,0.018754,0.034050,0.020000,58.969971,72.803690
6134,ssp,0.018787,0.117750,0.018500,66.308105,155.037195
6140,s,0.023128,0.025050,0.020000,6.555664,68.178351
6141,s,0.023128,0.102050,0.018500,13.766357,143.678351
6142,d,0.002385,0.091550,0.021500,21.252930,115.435393
6143,sd,0.018668,0.093500,0.018500,28.466064,130.667773
6144,dsd,0.002613,0.043350,0.022000,36.184326,67.962551
6135,s,0.023128,0.008800,0.022000,23.890381,53.928351
6136,d,0.002385,0.026100,0.020000,31.970459,48.485393
6137,s,0.023128,0.082400,0.020000,38.902588,125.528351
6138,ss,0.018821,0.013550,0.022000,45.757324,54.370769
6139,p,0.003780,0.115000,0.020000,64.312012,138.779849
6145,d,0.002385,0.119800,0.021500,9.182129,143.685393
6146,dd,0.002426,0.063100,0.021500,20.742188,87.025915
6147,p,0.003780,0.004750,0.019200,40.087891,27.729849
6148,sp,0.018754,0.004600,0.020000,49.213379,43.353690
6149,dsp,0.002685,0.004400,0.019200,56.262451,26.284513
6150,d,0.002385,0.014300,0.020000,6.632812,36.685393
6151,s,0.023128,0.058500,0.019200,13.752197,100.828351
6152,dd,0.002426,0.013900,0.018500,21.337891,34.825915
6153,ddd,0.002493,0.016600,0.022000,28.528076,41.093417
6154,ss,0.018821,0.044900,0.020000,35.443604,83.720769
6155,d,0.002385,0.061850,0.020000,6.819336,84.235393
6156,dd,0.002426,0.080100,0.022000,14.058594,104.525915
6157,p,0.003780,0.075150,0.022000,32.454102,100.929849
6158,d,0.002385,0.093350,0.018500,41.851074,114.235393
6159,p,0.003780,0.008750,0.021500,60.051514,34.029849
6160,p,0.003780,0.043600,0.021500,20.130859,68.879849
6161,dp,0.002464,0.080400,0.019200,31.372314,102.064344
6162,pdp,0.002932,0.069450,0.022000,51.373047,94.381683
6163,ppdp,0.002887,0.075050,0.018500,72.725830,96.436698
6164,s,0.023128,0.010800,0.019200,82.408203,53.128351
6165,s,0.023128,0.019800,0.019200,24.175049,62.128351
6166,p,0.003780,0.101400,0.019200,43.541260,124.379849
6167,s,0.023128,0.065050,0.021500,52.799561,109.678351
6168,d,0.002385,0.114850,0.020000,59.767090,137.235393
6169,pp,0.002838,0.112100,0.021500,78.320801,136.438325
6170,p,0.003780,0.008950,0.020000,36.039551,32.729849
6171,d,0.002385,0.083600,0.022000,45.815430,107.985393
6172,d,0.002385,0.007650,0.018500,52.990967,28.535393
6173,d,0.002385,0.105600,0.021500,60.275391,129.485393
6174,p,0.003780,0.005600,0.021500,79.056641,30.879849
6180,s,0.023128,0.062500,0.020000,7.680176,105.628351
6181,d,0.002385,0.007250,0.020000,15.935303,29.635393
6182,sd,0.018668,0.004300,0.022000,24.228516,44.967773
6183,dsd,0.002613,0.012150,0.021500,31.916260,36.262551
6184,d,0.002385,0.011100,0.022000,39.744385,35.485393
6175,p,0.003780,0.010450,0.019200,35.147217,33.429849
6176,p,0.003780,0.073450,0.020000,55.782227,97.229849
6177,p,0.003780,0.004700,0.021500,76.399658,29.979849
6178,s,0.023128,0.085200,0.022000,85.922119,130.328351
6179,d,0.002385,0.110300,0.021500,93.165527,134.185393
6190,d,0.002385,0.013550,0.021500,23.541260,37.435393
6191,d,0.002385,0.071250,0.020000,31.694824,93.635393
6192,p,0.003780,0.057900,0.021500,50.428955,83.179849
6193,dp,0.002464,0.064900,0.019200,59.715576,86.564344
6194,pd,0.002977,0.022950,0.022000,77.979248,47.927001
6195,p,0.003780,0.015950,0.020000,31.255371,39.729849
6196,pp,0.002838,0.011900,0.018500,52.092529,33.238325
6197,pp,0.002838,0.008100,0.020000,72.905029,30.938325
6198,p,0.003780,0.047600,0.021500,93.670166,72.879849
6199,dp,0.002464,0.007150,0.019200,103.091309,28.814344
6185,s,0.023128,0.067850,0.022000,17.770020,112.978351
6186,d,0.002385,0.028250,0.019200,25.817871,49.835393
6187,dd,0.002426,0.011050,0.022000,33.159668,35.475915
6188,d,0.002385,0.061900,0.022000,40.426270,86.285393
6189,dd,0.002426,0.069750,0.021500,47.795898,93.675915
6205,d,0.002385,0.008650,0.020000,23.857178,31.035393
6206,pd,0.002977,0.014200,0.018500,43.251221,35.677001
6207,s,0.023128,0.024150,0.020000,52.603760,67.278351
6208,p,0.003780,0.007650,0.018500,71.360107,29.929849
6209,p,0.003780,0.064800,0.021500,92.645020,90.079849
6200,s,0.023128,0.041600,0.020000,19.277832,84.728351
6201,d,0.002385,0.088550,0.022000,28.582275,112.935393
6202,ss,0.018821,0.062500,0.021500,36.369629,102.820769
6203,p,0.003780,0.023000,0.019200,56.918701,45.979849
6204,p,0.003780,0.004000,0.019200,78.843994,26.979849
6210,s,0.023128,0.064850,0.020000,22.608154,107.978351
6211,p,0.003780,0.027300,0.022000,42.450439,53.079849
6212,s,0.023128,0.074100,0.021500,52.241211,118.728351
6213,pp,0.002838,0.022800,0.021500,70.988281,47.138325
6214,d,0.002385,0.080250,0.021500,83.799805,104.135393
6220,p,0.003780,0.005200,0.021500,35.118896,30.479849
6221,d,0.002385,0.005300,0.020000,44.798584,27.685393
6222,p,0.003780,0.121650,0.020000,63.417480,145.429849
6223,dp,0.002464,0.084250,0.018500,73.160889,105.214344
6224,pdp,0.002932,0.154250,0.022000,91.556152,179.181683
6225,dp,0.002464,0.058400,0.022000,21.399170,82.864344
6226,dd,0.002426,0.123750,0.019200,29.097900,145.375915
6227,d,0.002385,0.008400,0.020000,36.594238,30.785393
6228,p,0.003780,0.027050,0.020000,56.884277,50.829849
6229,d,0.002385,0.006400,0.018500,67.909668,27.285393
6215,s,0.023128,0.039400,0.019200,18.777832,81.728351
6216,p,0.003780,0.100450,0.020000,37.790771,124.229849
6217,p,0.003780,0.011250,0.019200,58.737305,34.229849
6218,dp,0.002464,0.045000,0.022000,68.631348,69.464344
6219,pdp,0.002932,0.046350,0.020000,87.477051,69.281683
6230,d,0.002385,0.098200,0.018500,6.616455,119.085393
6231,dd,0.002426,0.086950,0.019200,13.892334,108.575915
6232,s,0.023128,0.077150,0.022000,20.901123,122.278351
6233,ds,0.002343,0.055950,0.020000,27.943848,78.292513
6234,d,0.002385,0.019000,0.019200,35.129395,40.585393
6235,p,0.003780,0.070750,0.022000,18.147461,96.529849
6236,d,0.002385,0.014000,0.019200,27.952637,35.585393
6237,dd,0.002426,0.003800,0.019200,35.267334,25.425915
6238,p,0.003780,0.062800,0.021500,54.488281,88.079849
6239,s,0.023128,0.073450,0.019200,63.697754,115.778351
6240,d,0.002385,0.009850,0.022000,23.909424,34.235393
6241,s,0.023128,0.016300,0.021500,31.480225,60.928351
6242,d,0.002385,0.123750,0.022000,38.544678,148.135393
6243,sd,0.018668,0.005150,0.020000,45.899170,43.817773
6244,ssd,0.018735,0.031450,0.022000,53.327637,72.184503
6245,p,0.003780,0.012450,0.020000,18.084717,36.229849
6246,s,0.023128,0.064950,0.019200,27.502930,107.278351
6247,d,0.002385,0.021650,0.019200,34.721191,43.235393
6248,ps,0.002840,0.116850,0.022000,54.564941,141.689786
6249,p,0.003780,0.012000,0.021500,75.466064,37.279849
6250,d,0.002385,0.077150,0.018500,7.275879,98.035393
6251,s,0.023128,0.029150,0.019200,14.854736,71.478351
6252,s,0.023128,0.011050,0.022000,22.437988,56.178351
6253,dd,0.002426,0.091400,0.018500,30.117188,112.325915
6254,p,0.003780,0.068100,0.021500,49.880615,93.379849
6255,p,0.003780,0.058850,0.019200,18.484619,81.829849
6256,p,0.003780,0.009850,0.019200,39.465088,32.829849
6257,dp,0.002464,0.086350,0.018500,49.059570,107.314344
6258,ddp,0.002502,0.042200,0.021500,56.195312,66.201712
6259,d,0.002385,0.011850,0.020000,63.327148,34.235393
6260,p,0.003780,0.062200,0.018500,18.407715,84.479849
6261,d,0.002385,0.004550,0.020000,28.119141,26.935393
6262,d,0.002385,0.086700,0.018500,35.395996,107.585393
6263,sp,0.018754,0.087950,0.021500,42.344238,128.203690
6264,dd,0.002426,0.129300,0.018500,49.838867,150.225915
6265,p,0.003780,0.005050,0.021500,18.702393,30.329849
6266,s,0.023128,0.120400,0.019200,28.036865,162.728351
6267,p,0.003780,0.074000,0.018500,46.844971,96.279849
6268,d,0.002385,0.004700,0.018500,56.807373,25.585393
6269,pd,0.002977,0.005000,0.021500,75.347900,29.477001
6270,d,0.002385,0.039500,0.019200,6.688232,61.085393
6271,s,0.023128,0.004350,0.019200,13.947998,46.678351
6272,s,0.023128,0.027050,0.018500,20.902832,68.678351
6273,ds,0.002343,0.056550,0.018500,28.267090,77.392513
6274,d,0.002385,0.097200,0.022000,36.651611,121.585393
6275,s,0.023128,0.015150,0.018500,10.663818,56.778351
6276,d,0.002385,0.063350,0.022000,18.380371,87.735393
6277,p,0.003780,0.088700,0.021500,37.525146,113.979849
6278,p,0.003780,0.040900,0.019200,58.167236,63.879849
6279,p,0.003780,0.009550,0.020000,78.602783,33.329849
6280,s,0.023128,0.005200,0.018500,6.567871,46.828351
6281,p,0.003780,0.082200,0.019200,25.495850,105.179849
6282,pp,0.002838,0.082300,0.022000,48.709717,107.138325
6283,d,0.002385,0.085050,0.022000,59.563721,109.435393
6284,s,0.023128,0.005300,0.020000,67.248779,48.428351
6285,p,0.003780,0.010550,0.021500,18.147217,35.829849
6286,d,0.002385,0.070650,0.020000,27.815918,93.035393
6287,s,0.023128,0.004600,0.020000,34.736328,47.728351
6288,ss,0.018821,0.004100,0.019200,41.666260,42.120769
6289,s,0.023128,0.068950,0.021500,48.547119,113.578351
6295,d,0.002385,0.006950,0.019200,15.478516,28.535393
6296,s,0.023128,0.099750,0.022000,22.678467,144.878351
6297,ps,0.002840,0.019200,0.022000,41.359863,44.039786
6298,dps,0.002445,0.057800,0.019200,51.605469,79.444936
6299,s,0.023128,0.049250,0.018500,58.640625,90.878351
6300,d,0.002385,0.060250,0.020000,7.252930,82.635393
6301,d,0.002385,0.066500,0.021500,15.418945,90.385393
6302,d,0.002385,0.006100,0.021500,23.420166,29.985393
6303,dd,0.002426,0.034250,0.020000,31.294189,56.675915
6304,ddd,0.002493,0.039200,0.018500,39.168701,60.193417
6290,p,0.003780,0.012800,0.019200,35.620117,35.779849
6291,d,0.002385,0.017900,0.021500,45.370117,41.785393
6292,dp,0.002464,0.014300,0.019200,52.774170,35.964344
6293,s,0.023128,0.004200,0.020000,59.863281,47.328351
6294,sdp,0.018492,0.010100,0.018500,66.839600,47.091971
6310,p,0.003780,0.066200,0.021500,20.644531,91.479849
6311,d,0.002385,0.017250,0.019200,30.001953,38.835393
6312,p,0.003780,0.072650,0.021500,48.571045,97.929849
6313,d,0.002385,0.005900,0.019200,58.079590,27.485393
6314,dd,0.002426,0.007200,0.020000,65.158447,29.625915
6305,s,0.023128,0.016300,0.022000,7.378662,61.428351
6306,p,0.003780,0.008250,0.022000,26.968018,34.029849
6307,ds,0.002343,0.093800,0.020000,36.483643,116.142513
6308,dp,0.002464,0.010350,0.018500,43.871094,31.314344
6309,d,0.002385,0.083850,0.018500,51.350098,104.735393
6315,d,0.002385,0.004350,0.020000,6.781738,26.735393
6316,s,0.023128,0.089300,0.018500,13.794922,130.928351
6317,ds,0.002343,0.051850,0.020000,21.069824,74.192513
6318,dds,0.002685,0.057850,0.021500,28.303223,82.035273
6319,sdds,0.018154,0.079900,0.019200,35.325439,117.253743
6320,p,0.003780,0.074850,0.022000,34.605469,100.629849
6321,p,0.003780,0.005750,0.022000,55.304688,31.529849
6322,pp,0.002838,0.007200,0.022000,76.088867,32.038325
6323,d,0.002385,0.019100,0.020000,85.461670,41.485393
6324,dp,0.002464,0.085950,0.018500,92.527344,106.914344
6325,s,0.023128,0.010050,0.019200,22.934570,52.378351
6326,s,0.023128,0.005600,0.022000,30.888184,50.728351
6327,ps,0.002840,0.004150,0.018500,49.760498,25.489786
6328,ds,0.002343,0.011900,0.020000,59.458984,34.242513
6329,s,0.023128,0.070950,0.019200,66.538818,113.278351
6330,p,0.003780,0.081400,0.019200,36.393311,104.379849
6331,p,0.003780,0.091950,0.019200,59.117188,114.929849
6332,sp,0.018754,0.070100,0.020000,68.524414,108.853690
6333,s,0.023128,0.025050,0.019200,75.312500,67.378351
6334,p,0.003780,0.004450,0.022000,94.250488,30.229849
6340,s,0.023128,0.064200,0.022000,6.809082,109.328351
6341,d,0.002385,0.004900,0.021500,14.442383,28.785393
6342,sd,0.018668,0.004400,0.020000,21.713135,43.067773
6343,s,0.023128,0.052650,0.018500,28.685059,94.278351
6344,dsd,0.002613,0.005000,0.020000,35.862061,27.612551
6335,p,0.003780,0.075150,0.018500,19.789795,97.429849
6336,p,0.003780,0.004500,0.021500,41.467529,29.779849
6337,s,0.023128,0.016050,0.019200,50.890869,58.378351
6338,ps,0.002840,0.017350,0.021500,69.782715,41.689786
6339,sps,0.018360,0.016850,0.019200,79.412109,54.410251
6345,s,0.023128,0.065900,0.018500,18.041016,107.528351
6346,p,0.003780,0.019650,0.019200,36.985596,42.629849
6347,p,0.003780,0.085800,0.021500,58.003418,111.079849
6348,dp,0.002464,0.015650,0.020000,67.662354,38.114344
6349,sdp,0.018492,0.054550,0.022000,74.818359,95.041971
6350,d,0.002385,0.074650,0.022000,6.774414,99.035393
6351,pd,0.002977,0.098950,0.020000,27.431152,121.927001
6352,s,0.023128,0.003950,0.020000,39.050049,47.078351
6353,spd,0.018317,0.040900,0.021500,47.476074,80.717325
6354,ss,0.018821,0.004950,0.020000,55.856689,43.770769
6360,p,0.003780,0.016500,0.021500,18.228271,41.779849
6361,s,0.023128,0.030300,0.018500,27.733398,71.928351
6362,p,0.003780,0.076300,0.020000,47.139648,100.079849
6363,d,0.002385,0.059750,0.020000,57.239258,82.135393
6364,sd,0.018668,0.089250,0.022000,64.696045,129.917773
6355,s,0.023128,0.127850,0.021500,6.647949,172.478351
6356,s,0.023128,0.025100,0.020000,13.711426,68.228351
6357,s,0.023128,0.006800,0.021500,20.782471,51.428351
6358,ps,0.002840,0.009500,0.021500,39.549316,33.839786
6359,ss,0.018821,0.050000,0.018500,48.916504,87.320769
6365,d,0.002385,0.005350,0.018500,6.869873,26.235393
6366,s,0.023128,0.024800,0.022000,14.235840,69.928351
6367,d,0.002385,0.056400,0.022000,21.467041,80.785393
6368,dd,0.002426,0.074800,0.018500,28.581543,95.725915
6369,p,0.003780,0.004550,0.020000,47.500732,28.329849
6370,s,0.023128,0.067000,0.021500,7.500488,111.628351
6371,p,0.003780,0.071650,0.020000,26.087402,95.429849
6372,ss,0.018821,0.067000,0.018500,35.247559,104.320769
6373,p,0.003780,0.012700,0.022000,53.455811,38.479849
6374,pp,0.002838,0.037100,0.019200,74.106445,59.138325
6375,d,0.002385,0.013050,0.019200,6.838867,34.635393
6376,dd,0.002426,0.010350,0.018500,14.037109,31.275915
6377,p,0.003780,0.005250,0.018500,32.797607,27.529849
6378,sp,0.018754,0.004750,0.022000,41.987061,45.503690
6379,s,0.023128,0.046150,0.021500,48.919678,90.778351
6380,p,0.003780,0.107600,0.019200,35.698242,130.579849
6381,pp,0.002838,0.125150,0.020000,56.522217,147.988325
6382,d,0.002385,0.017850,0.021500,66.352539,41.735393
6383,sd,0.018668,0.010700,0.021500,73.263428,50.867773
6384,p,0.003780,0.004550,0.018500,91.970215,26.829849
6385,s,0.023128,0.125000,0.018500,17.469238,166.628351
6386,d,0.002385,0.011100,0.021500,25.689453,34.985393
6387,s,0.023128,0.004850,0.019200,32.775391,47.178351
6388,ps,0.002840,0.004950,0.020000,51.800781,27.789786
6389,p,0.003780,0.009900,0.019200,73.694580,32.879849
6395,d,0.002385,0.102050,0.020000,14.260498,124.435393
6396,p,0.003780,0.094350,0.019200,33.239258,117.329849
6397,d,0.002385,0.032600,0.020000,42.746094,54.985393
6398,s,0.023128,0.004500,0.022000,49.889893,49.628351
6399,ss,0.018821,0.003900,0.021500,56.884766,44.220769
6390,p,0.003780,0.006200,0.022000,35.695312,31.979849
6391,pp,0.002838,0.012650,0.019200,56.394775,34.688325
6392,pp,0.002838,0.017000,0.020000,77.211670,39.838325
6393,s,0.023128,0.005200,0.019200,87.164551,47.528351
6394,sp,0.018754,0.007100,0.018500,94.589355,44.353690
6400,s,0.023128,0.009050,0.020000,23.619873,52.178351
6401,s,0.023128,0.007800,0.018500,31.247803,49.428351
6402,d,0.002385,0.086850,0.018500,38.514160,107.735393
6403,ds,0.002343,0.013700,0.019200,45.913086,35.242513
6404,s,0.023128,0.047150,0.019200,52.975098,89.478351
6410,d,0.002385,0.105100,0.018500,6.596436,125.985393
6411,p,0.003780,0.007650,0.022000,25.324463,33.429849
6412,pd,0.002977,0.112250,0.018500,46.624268,133.727001
6413,d,0.002385,0.008200,0.019200,56.365723,29.785393
6414,p,0.003780,0.005100,0.020000,75.325928,28.879849
6415,s,0.023128,0.030300,0.021500,10.332520,74.928351
6416,d,0.002385,0.091400,0.018500,18.693848,112.285393
6417,p,0.003780,0.004300,0.019200,39.131104,27.279849
6418,pp,0.002838,0.005350,0.020000,60.590332,28.188325
6419,pd,0.002977,0.028800,0.022000,81.439941,53.777001
6405,d,0.002385,0.007850,0.020000,6.777344,30.235393
6406,s,0.023128,0.050650,0.019200,13.974854,92.978351
6407,ds,0.002343,0.082100,0.019200,21.114990,103.642513
6408,sds,0.018566,0.066100,0.022000,27.991211,106.666086
6409,psds,0.002945,0.057900,0.022000,46.428223,82.845423
6420,d,0.002385,0.004850,0.018500,18.538330,25.735393
6421,p,0.003780,0.074100,0.022000,37.450195,99.879849
6422,p,0.003780,0.103800,0.018500,57.925049,126.079849
6423,p,0.003780,0.074650,0.018500,78.730957,96.929849
6424,d,0.002385,0.012700,0.020000,88.013184,35.085393
6430,d,0.002385,0.081900,0.021500,6.807861,105.785393
6431,p,0.003780,0.097050,0.022000,26.199219,122.829849
6432,d,0.002385,0.008400,0.021500,35.992432,32.285393
6433,pd,0.002977,0.086350,0.019200,55.142334,108.527001
6434,d,0.002385,0.049500,0.021500,64.826660,73.385393
6425,d,0.002385,0.032250,0.019200,15.441406,53.835393
6426,s,0.023128,0.009150,0.022000,23.397705,54.278351
6427,s,0.023128,0.038600,0.021500,30.848877,83.228351
6428,sd,0.018668,0.016300,0.019200,38.168457,54.167773
6429,ss,0.018821,0.024150,0.019200,45.327881,62.170769
6435,d,0.002385,0.053500,0.021500,23.724609,77.385393
6436,pd,0.002977,0.080700,0.019200,42.828125,102.877001
6437,s,0.023128,0.059300,0.020000,51.827393,102.428351
6438,ppd,0.002827,0.061900,0.022000,69.980469,86.726719
6439,s,0.023128,0.016900,0.021500,79.081055,61.528351
6440,s,0.023128,0.088650,0.022000,23.398926,133.778351
6441,p,0.003780,0.004050,0.019200,42.458008,27.029849
6442,d,0.002385,0.035850,0.020000,51.778809,58.235393
6443,ps,0.002840,0.070500,0.019200,70.735352,92.539786
6444,dd,0.002426,0.055900,0.018500,80.329590,76.825915
6445,s,0.023128,0.035350,0.021500,6.662354,79.978351
6446,ss,0.018821,0.024250,0.020000,13.716797,63.070769
6447,s,0.023128,0.064100,0.021500,20.506836,108.728351
6448,d,0.002385,0.043350,0.019200,27.609863,64.935393
6449,s,0.023128,0.080100,0.018500,34.413574,121.728351
6450,p,0.003780,0.044300,0.022000,19.215820,70.079849
6451,s,0.023128,0.012750,0.020000,28.906738,55.878351
6452,p,0.003780,0.076350,0.019200,48.212891,99.329849
6453,pp,0.002838,0.074500,0.019200,69.455566,96.538325
6454,dp,0.002464,0.084450,0.018500,79.327881,105.414344
6455,s,0.023128,0.028900,0.018500,8.418457,70.528351
6456,d,0.002385,0.017700,0.021500,15.998291,41.585393
6457,p,0.003780,0.066450,0.019200,35.085449,89.429849
6458,dp,0.002464,0.089650,0.019200,44.763916,111.314344
6459,s,0.023128,0.014300,0.022000,51.770996,59.428351
6460,p,0.003780,0.054800,0.021500,18.012451,80.079849
6461,s,0.023128,0.016850,0.018500,27.055420,58.478351
6462,s,0.023128,0.047150,0.020000,33.929443,90.278351
6463,d,0.002385,0.026850,0.021500,40.890381,50.735393
6464,dp,0.002464,0.072400,0.019200,47.927490,94.064344
6465,d,0.002385,0.019800,0.022000,7.135986,44.185393
6466,p,0.003780,0.011100,0.020000,26.109131,34.879849
6467,d,0.002385,0.047100,0.020000,35.515381,69.485393
6468,sp,0.018754,0.004900,0.019200,42.404541,42.853690
6469,sd,0.018668,0.006800,0.022000,49.282227,47.467773
6470,p,0.003780,0.015150,0.018500,18.034668,37.429849
6471,d,0.002385,0.131100,0.020000,27.389648,153.485393
6472,d,0.002385,0.061000,0.020000,34.523926,83.385393
6473,d,0.002385,0.005750,0.021500,41.522217,29.635393
6474,dd,0.002426,0.077100,0.018500,48.516357,98.025915
6475,d,0.002385,0.048900,0.021500,20.272949,72.785393
6476,sd,0.018668,0.040100,0.018500,28.773682,77.267773
6477,p,0.003780,0.005850,0.020000,48.975342,29.629849
6478,d,0.002385,0.010800,0.020000,59.153809,33.185393
6479,p,0.003780,0.049900,0.019200,79.176514,72.879849
6485,s,0.023128,0.150300,0.018500,18.998291,191.928351
6486,p,0.003780,0.083850,0.022000,38.102295,109.629849
6487,ps,0.002840,0.059300,0.020000,58.879883,82.139786
6488,dps,0.002445,0.059150,0.022000,68.346924,83.594936
6489,d,0.002385,0.004900,0.022000,75.529297,29.285393
6480,d,0.002385,0.053150,0.020000,10.693848,75.535393
6481,d,0.002385,0.091650,0.019200,18.629150,113.235393
6482,sd,0.018668,0.080100,0.020000,26.011475,118.767773
6483,psd,0.003139,0.065100,0.019200,44.701416,87.438792
6484,p,0.003780,0.006000,0.018500,65.781250,28.279849
6490,p,0.003780,0.004250,0.018500,18.051758,26.529849
6491,s,0.023128,0.075400,0.022000,27.658691,120.528351
6492,ps,0.002840,0.076000,0.019200,46.491943,98.039786
6493,d,0.002385,0.020400,0.022000,56.173828,44.785393
6494,d,0.002385,0.036100,0.018500,63.350342,56.985393
6500,p,0.003780,0.012500,0.022000,25.895264,38.279849
6501,p,0.003780,0.061700,0.021500,47.014160,86.979849
6502,d,0.002385,0.005100,0.021500,56.941162,28.985393
6503,s,0.023128,0.098850,0.022000,64.163818,143.978351
6504,d,0.002385,0.012800,0.018500,71.551270,33.685393
6495,s,0.023128,0.005150,0.021500,23.439453,49.778351
6496,d,0.002385,0.004550,0.020000,31.467041,26.935393
6497,ss,0.018821,0.014500,0.019200,38.542969,52.520769
6498,s,0.023128,0.048900,0.020000,45.591553,92.028351
6499,d,0.002385,0.017200,0.018500,52.576172,38.085393
6505,s,0.023128,0.073250,0.019200,9.810303,115.578351
6506,p,0.003780,0.003850,0.022000,30.485840,29.629849
6507,s,0.023128,0.009300,0.022000,40.381348,54.428351
6508,pp,0.002838,0.004450,0.021500,59.389648,28.788325
6509,d,0.002385,0.118100,0.022000,69.009277,142.485393
6510,d,0.002385,0.063350,0.020000,6.773438,85.735393
6511,p,0.003780,0.171950,0.021500,25.261230,197.229849
6512,p,0.003780,0.013250,0.020000,45.811768,37.029849
6513,sd,0.018668,0.053500,0.019200,54.928223,91.367773
6514,d,0.002385,0.058350,0.022000,62.069092,82.735393
6515,d,0.002385,0.045800,0.020000,14.472412,68.185393
6516,p,0.003780,0.005550,0.020000,33.407959,29.329849
6517,s,0.023128,0.077100,0.018500,42.522217,118.728351
6518,d,0.002385,0.020700,0.022000,50.076904,45.085393
6519,sp,0.018754,0.006000,0.020000,57.031738,44.753690
6525,s,0.023128,0.041800,0.021500,6.672119,86.428351
6526,p,0.003780,0.007400,0.022000,25.623535,33.179849
6527,d,0.002385,0.089850,0.022000,35.272705,114.235393
6528,dp,0.002464,0.006550,0.018500,42.436035,27.514344
6529,sdp,0.018492,0.004050,0.021500,49.497070,44.041971
6520,p,0.003780,0.081400,0.019200,24.207520,104.379849
6521,d,0.002385,0.026000,0.021500,35.375977,49.885393
6522,s,0.023128,0.004850,0.021500,43.035156,49.478351
6523,sp,0.018754,0.073550,0.019200,50.274170,111.503690
6524,sd,0.018668,0.054950,0.020000,57.333008,93.617773
6530,d,0.002385,0.006900,0.018500,6.586670,27.785393
6531,p,0.003780,0.005600,0.020000,25.482422,29.379849
6532,p,0.003780,0.071350,0.020000,46.518799,95.129849
6533,p,0.003780,0.010150,0.021500,67.254395,35.429849
6534,d,0.002385,0.021150,0.020000,76.699707,43.535393
6540,d,0.002385,0.006400,0.019200,22.347900,27.985393
6541,s,0.023128,0.046450,0.022000,29.768311,91.578351
6542,pd,0.002977,0.006000,0.022000,48.563965,30.977001
6543,d,0.002385,0.014150,0.019200,58.104980,35.735393
6544,dp,0.002464,0.004750,0.022000,65.237061,29.214344
6545,p,0.003780,0.012500,0.022000,20.504395,38.279849
6546,pp,0.002838,0.010550,0.021500,41.378174,34.888325
6547,p,0.003780,0.041650,0.018500,63.919189,63.929849
6548,p,0.003780,0.012950,0.020000,86.233398,36.729849
6549,dp,0.002464,0.117500,0.019200,96.590332,139.164344
6535,p,0.003780,0.063850,0.019200,28.825195,86.829849
6536,s,0.023128,0.066000,0.019200,37.954346,108.328351
6537,p,0.003780,0.012050,0.020000,56.183350,35.829849
6538,ps,0.002840,0.033700,0.018500,76.619385,55.039786
6539,p,0.003780,0.027400,0.019200,97.296631,50.379849
6555,d,0.002385,0.025950,0.018500,23.244141,46.835393
6556,d,0.002385,0.004750,0.019200,31.040283,26.335393
6557,p,0.003780,0.007150,0.018500,49.648438,29.429849
6558,s,0.023128,0.014500,0.020000,58.813721,57.628351
6559,ss,0.018821,0.065700,0.018500,65.719238,103.020769
6550,p,0.003780,0.056300,0.019200,18.120361,79.279849
6551,p,0.003780,0.114500,0.021500,39.221680,139.779849
6552,p,0.003780,0.020200,0.022000,60.131348,45.979849
6553,pp,0.002838,0.056850,0.022000,80.922607,81.688325
6554,sp,0.018754,0.016500,0.018500,90.245605,53.753690
6560,p,0.003780,0.070750,0.020000,18.511719,94.529849
6561,p,0.003780,0.045000,0.022000,39.669434,70.779849
6562,pp,0.002838,0.043150,0.018500,61.076172,64.488325
6563,d,0.002385,0.010800,0.022000,70.986816,35.185393
6564,dd,0.002426,0.012800,0.019200,78.319336,34.425915
6565,d,0.002385,0.114950,0.020000,23.500000,137.335393
6566,p,0.003780,0.035400,0.021500,42.737061,60.679849
6567,pd,0.002977,0.084900,0.018500,63.641602,106.377001
6568,spd,0.018317,0.117500,0.019200,72.874023,155.017325
6569,s,0.023128,0.009200,0.022000,79.936523,54.328351
6570,s,0.023128,0.015250,0.019200,23.385254,57.578351
6571,s,0.023128,0.012000,0.020000,31.371582,55.128351
6572,ds,0.002343,0.013550,0.021500,39.167480,37.392513
6573,d,0.002385,0.087500,0.021500,47.510010,111.385393
6574,s,0.023128,0.068800,0.022000,55.389404,113.928351
6580,d,0.002385,0.070400,0.020000,23.684326,92.785393
6581,s,0.023128,0.005000,0.022000,31.239746,50.128351
6582,p,0.003780,0.019150,0.021500,50.233887,44.429849
6583,pd,0.002977,0.052650,0.021500,71.400146,77.127001
6584,p,0.003780,0.088350,0.018500,92.462646,110.629849
6575,d,0.002385,0.057400,0.021500,6.774414,81.285393
6576,s,0.023128,0.011450,0.022000,13.719482,56.578351
6577,ps,0.002840,0.017000,0.019200,32.140869,39.039786
6578,p,0.003780,0.059800,0.019200,52.727783,82.779849
6579,pd,0.002977,0.051600,0.022000,75.127930,76.577001
6585,d,0.002385,0.047450,0.022000,17.932373,71.835393
6586,s,0.023128,0.011100,0.018500,25.298828,52.728351
6587,ds,0.002343,0.005550,0.021500,32.450195,29.392513
6588,p,0.003780,0.087000,0.021500,51.245605,112.279849
6589,d,0.002385,0.022550,0.018500,60.491943,43.435393
6590,d,0.002385,0.086150,0.021500,8.000732,110.035393
6591,p,0.003780,0.004550,0.020000,26.687256,28.329849
6592,s,0.023128,0.084000,0.018500,35.812256,125.628351
6593,d,0.002385,0.015700,0.019200,42.729492,37.285393
6594,ds,0.002343,0.028950,0.019200,49.722656,50.492513
6595,s,0.023128,0.009850,0.021500,9.937500,54.478351
6596,p,0.003780,0.022800,0.022000,31.308105,48.579849
6597,s,0.023128,0.004300,0.020000,40.865967,47.428351
6598,d,0.002385,0.129700,0.022000,48.429443,154.085393
6599,d,0.002385,0.124400,0.018500,55.765137,145.285393
6600,s,0.023128,0.004750,0.021500,8.774658,49.378351
6601,p,0.003780,0.157100,0.019200,28.017334,180.079849
6602,s,0.023128,0.057800,0.021500,37.546631,102.428351
6603,d,0.002385,0.087500,0.019200,45.266113,109.085393
6604,ds,0.002343,0.099600,0.022000,52.530518,123.942513
6605,p,0.003780,0.007000,0.022000,34.132080,32.779849
6606,p,0.003780,0.084850,0.019200,55.013428,107.829849
6607,p,0.003780,0.021600,0.019200,75.933350,44.579849
6608,p,0.003780,0.012900,0.022000,96.691895,38.679849
6609,dp,0.002464,0.122600,0.020000,106.221436,145.064344
6610,d,0.002385,0.014100,0.020000,23.787598,36.485393
6611,sd,0.018668,0.006200,0.022000,31.589355,46.867773
6612,d,0.002385,0.063650,0.021500,39.337402,87.535393
6613,s,0.023128,0.037100,0.019200,47.134277,79.428351
6614,p,0.003780,0.091750,0.022000,67.324463,117.529849
6615,s,0.023128,0.026400,0.018500,6.545898,68.028351
6616,d,0.002385,0.012650,0.022000,13.998535,37.035393
6617,d,0.002385,0.004450,0.021500,21.632080,28.335393
6618,ps,0.002840,0.113600,0.020000,40.708984,136.439786
6619,p,0.003780,0.080450,0.018500,61.768555,102.729849
6620,s,0.023128,0.004950,0.018500,6.534424,46.578351
6621,d,0.002385,0.042950,0.019200,13.826660,64.535393
6622,s,0.023128,0.062800,0.020000,21.124512,105.928351
6623,d,0.002385,0.010350,0.020000,28.419922,32.735393
6624,ds,0.002343,0.098950,0.021500,35.894043,122.792513
6625,d,0.002385,0.084800,0.020000,6.604004,107.185393
6626,s,0.023128,0.043950,0.018500,13.899902,85.578351
6627,p,0.003780,0.008950,0.022000,33.133301,34.729849
6628,sp,0.018754,0.004850,0.020000,42.501465,43.603690
6629,p,0.003780,0.065500,0.020000,61.103760,89.279849
6630,s,0.023128,0.004500,0.018500,7.297607,46.128351
6631,s,0.023128,0.103750,0.022000,14.949707,148.878351
6632,d,0.002385,0.020000,0.019200,22.616699,41.585393
6633,pd,0.002977,0.010650,0.020000,41.729736,33.627001
6634,p,0.003780,0.064850,0.022000,62.473877,90.629849
6640,p,0.003780,0.006000,0.020000,18.052002,29.779849
6641,p,0.003780,0.011100,0.022000,38.955322,36.879849
6642,sp,0.018754,0.025000,0.019200,48.205322,62.953690
6643,dsp,0.002685,0.098150,0.020000,55.317139,120.834513
6644,p,0.003780,0.040100,0.018500,73.661133,62.379849
6635,p,0.003780,0.004900,0.018500,17.983398,27.179849
6636,dp,0.002464,0.006000,0.019200,27.603516,27.664344
6637,d,0.002385,0.088850,0.022000,35.080811,113.235393
6638,p,0.003780,0.016300,0.021500,54.239746,41.579849
6639,dd,0.002426,0.069850,0.022000,65.749512,94.275915
6645,s,0.023128,0.012950,0.018500,23.184570,54.578351
6646,d,0.002385,0.102650,0.022000,31.142578,127.035393
6647,s,0.023128,0.063700,0.018500,38.216064,105.328351
6648,pd,0.002977,0.046350,0.019200,56.498535,68.527001
6649,p,0.003780,0.066900,0.021500,77.384033,92.179849
6655,p,0.003780,0.008000,0.019200,18.010742,30.979849
6656,d,0.002385,0.008800,0.020000,27.677979,31.185393
6657,s,0.023128,0.073950,0.019200,35.157471,116.278351
6658,s,0.023128,0.123250,0.019200,43.093506,165.578351
6659,ds,0.002343,0.089650,0.021500,51.025146,113.492513
6650,d,0.002385,0.075250,0.022000,6.745361,99.635393
6651,s,0.023128,0.014150,0.020000,13.856689,57.278351
6652,s,0.023128,0.011950,0.022000,20.697021,57.078351
6653,ss,0.018821,0.122950,0.019200,27.670410,160.970769
6654,p,0.003780,0.072900,0.018500,46.517578,95.179849
6665,p,0.003780,0.006150,0.020000,34.446777,29.929849
6666,s,0.023128,0.083700,0.021500,43.787842,128.328351
6667,pp,0.002838,0.007900,0.020000,62.572510,30.738325
6668,p,0.003780,0.015300,0.022000,84.124512,41.079849
6669,p,0.003780,0.004300,0.020000,104.993896,28.079849
6670,s,0.023128,0.018150,0.019200,23.516113,60.478351
6671,d,0.002385,0.004600,0.020000,31.815186,26.985393
6672,ss,0.018821,0.011100,0.020000,38.821045,49.920769
6673,p,0.003780,0.038850,0.020000,57.687012,62.629849
6674,d,0.002385,0.081800,0.020000,67.292236,104.185393
6660,p,0.003780,0.004450,0.022000,24.896240,30.229849
6661,d,0.002385,0.083850,0.022000,34.826660,108.235393
6662,sp,0.018754,0.004800,0.021500,41.794189,45.053690
6663,s,0.023128,0.112150,0.020000,48.595947,155.278351
6664,ps,0.002840,0.018600,0.021500,67.210693,42.939786
6675,s,0.023128,0.007050,0.021500,23.132324,51.678351
6676,p,0.003780,0.012250,0.018500,42.382324,34.529849
6677,p,0.003780,0.105550,0.021500,63.789795,130.829849
6678,d,0.002385,0.117300,0.018500,73.396729,138.185393
6679,p,0.003780,0.067850,0.018500,91.997070,90.129849
6680,p,0.003780,0.105000,0.018500,18.010254,127.279849
6681,s,0.023128,0.011600,0.019200,27.387207,53.928351
6682,ds,0.002343,0.016400,0.021500,34.798096,40.242513
6683,s,0.023128,0.057800,0.022000,41.917969,102.928351
6684,ps,0.002840,0.026400,0.021500,60.448242,50.739786
6690,s,0.023128,0.043250,0.021500,6.527588,87.878351
6691,s,0.023128,0.142450,0.022000,15.019043,187.578351
6692,d,0.002385,0.066500,0.019200,22.686523,88.085393
6693,ss,0.018821,0.062500,0.019200,29.522705,100.520769
6694,s,0.023128,0.004050,0.021500,36.247314,48.678351
6685,ss,0.018821,0.030300,0.022000,6.477295,71.120769
6686,ds,0.002343,0.033750,0.018500,13.785645,54.592513
6687,pds,0.003022,0.010650,0.020000,32.686035,33.671933
6688,d,0.002385,0.022650,0.018500,42.100586,43.535393
6689,p,0.003780,0.015950,0.019200,61.012695,38.929849
6695,d,0.002385,0.075100,0.021500,7.208008,98.985393
6696,p,0.003780,0.119700,0.019200,26.325195,142.679849
6697,s,0.023128,0.063650,0.022000,35.524170,108.778351
6698,ps,0.002840,0.034850,0.019200,53.844482,56.889786
6699,s,0.023128,0.012450,0.019200,63.058838,54.778351
6705,s,0.023128,0.004000,0.022000,6.886719,49.128351
6706,ps,0.002840,0.004450,0.020000,26.063477,27.289786
6707,p,0.003780,0.080450,0.019200,46.857178,103.429849
6708,pp,0.002838,0.074850,0.022000,67.413330,99.688325
6709,p,0.003780,0.004950,0.020000,87.938721,28.729849
6700,s,0.023128,0.068500,0.022000,21.557373,113.628351
6701,d,0.002385,0.048250,0.019200,29.678711,69.835393
6702,ds,0.002343,0.065900,0.021500,36.658936,89.742513
6703,pds,0.003022,0.038700,0.018500,55.035645,60.221933
6704,pd,0.002977,0.096350,0.019200,75.578125,118.527001
6710,s,0.023128,0.055100,0.021500,6.472900,99.728351
6711,d,0.002385,0.004250,0.022000,13.740234,28.635393
6712,s,0.023128,0.065900,0.021500,20.919434,110.528351
6713,pd,0.002977,0.006150,0.021500,39.221680,30.627001
6714,p,0.003780,0.034550,0.020000,60.216797,58.329849
6715,s,0.023128,0.114600,0.022000,6.432373,159.728351
6716,s,0.023128,0.041650,0.018500,13.471680,83.278351
6717,s,0.023128,0.013050,0.019200,20.480469,55.378351
6718,ds,0.002343,0.005600,0.021500,27.709229,29.442513
6719,p,0.003780,0.057900,0.019200,46.532959,80.879849
6720,p,0.003780,0.021700,0.019200,18.384033,44.679849
6721,d,0.002385,0.010450,0.018500,28.509766,31.335393
6722,p,0.003780,0.033750,0.019200,47.556885,56.729849
6723,p,0.003780,0.091350,0.020000,68.200684,115.129849
6724,s,0.023128,0.009100,0.019200,77.540283,51.428351
6725,s,0.023128,0.052600,0.021500,6.569824,97.228351
6726,p,0.003780,0.008750,0.021500,25.390381,34.029849
6727,d,0.002385,0.042550,0.021500,35.349365,66.435393
6728,d,0.002385,0.024100,0.021500,42.724854,47.985393
6729,d,0.002385,0.010650,0.022000,50.475586,35.035393
6735,p,0.003780,0.008100,0.019200,19.158203,31.079849
6736,p,0.003780,0.138300,0.022000,44.361328,164.079849
6737,d,0.002385,0.060750,0.021500,54.112061,84.635393
6738,s,0.023128,0.007000,0.021500,61.287598,51.628351
6739,p,0.003780,0.019750,0.021500,79.846436,45.029849
6730,p,0.003780,0.068400,0.020000,37.333008,92.179849
6731,dp,0.002464,0.071500,0.018500,54.072266,92.464344
6732,p,0.003780,0.088400,0.020000,77.512695,112.179849
6733,sp,0.018754,0.050300,0.022000,87.895264,91.053690
6734,psp,0.002926,0.053800,0.019200,107.647705,75.925658
6745,d,0.002385,0.066350,0.021500,17.583008,90.235393
6746,s,0.023128,0.004450,0.022000,25.086670,49.578351
6747,p,0.003780,0.053500,0.021500,43.598633,78.779849
6748,d,0.002385,0.020200,0.018500,52.827148,41.085393
6749,ps,0.002840,0.012900,0.022000,71.062500,37.739786
6750,s,0.023128,0.005150,0.022000,6.618896,50.278351
6751,s,0.023128,0.015650,0.022000,13.551270,60.778351
6752,p,0.003780,0.049250,0.022000,32.310059,75.029849
6753,d,0.002385,0.067350,0.021500,41.977295,91.235393
6754,ss,0.018821,0.020150,0.021500,48.856445,60.470769
6740,d,0.002385,0.004550,0.019200,7.172852,26.135393
6741,d,0.002385,0.068150,0.018500,15.270996,89.035393
6742,d,0.002385,0.094250,0.019200,22.636719,115.835393
6743,sd,0.018668,0.107350,0.020000,29.631836,146.017773
6744,psd,0.003139,0.075150,0.019200,48.175537,97.488792
6755,d,0.002385,0.071450,0.019200,9.995850,93.035393
6756,p,0.003780,0.014300,0.022000,28.715332,40.079849
6757,dd,0.002426,0.059300,0.020000,38.114746,81.725915
6758,d,0.002385,0.080700,0.019200,45.237305,102.285393
6759,pdd,0.003045,0.040200,0.021500,64.056885,64.744804
6760,d,0.002385,0.006200,0.020000,22.534668,28.585393
6761,dd,0.002426,0.005100,0.022000,30.311768,29.525915
6762,d,0.002385,0.044800,0.019200,37.415039,66.385393
6763,sd,0.018668,0.007950,0.022000,44.384766,48.617773
6764,d,0.002385,0.044900,0.022000,51.526855,69.285393
6770,s,0.023128,0.072600,0.021500,23.016602,117.228351
6771,d,0.002385,0.012200,0.022000,31.110107,36.585393
6772,ps,0.002840,0.084250,0.022000,50.129150,109.089786
6773,d,0.002385,0.012400,0.019200,59.616943,33.985393
6774,p,0.003780,0.006400,0.019200,78.187744,29.379849
6775,d,0.002385,0.080700,0.022000,6.812988,105.085393
6776,dd,0.002426,0.114950,0.020000,14.028809,137.375915
6777,ddd,0.002493,0.050650,0.022000,21.124023,75.143417
6778,dddd,0.002612,0.063350,0.021500,28.304199,87.461713
6779,p,0.003780,0.015250,0.019200,47.344238,38.229849
6765,s,0.023128,0.012100,0.018500,13.314453,53.728351
6766,ss,0.018821,0.009550,0.020000,21.163818,48.370769
6767,s,0.023128,0.004450,0.022000,28.648926,49.578351
6768,d,0.002385,0.105150,0.018500,36.292725,126.035393
6769,pss,0.002833,0.012400,0.018500,55.722412,33.732709
6785,p,0.003780,0.008150,0.019200,19.116455,31.129849
6786,s,0.023128,0.004450,0.018500,28.826660,46.078351
6787,ds,0.002343,0.005350,0.018500,36.265625,26.192513
6788,sds,0.018566,0.008000,0.019200,43.400635,45.766086
6789,d,0.002385,0.063950,0.019200,50.873779,85.535393
6780,d,0.002385,0.012100,0.019200,14.580566,33.685393
6781,s,0.023128,0.089850,0.018500,22.550781,131.478351
6782,pd,0.002977,0.010350,0.020000,41.792725,33.327001
6783,p,0.003780,0.005050,0.020000,62.915771,28.829849
6784,s,0.023128,0.028950,0.020000,72.414062,72.078351
6790,s,0.023128,0.095250,0.018500,6.398926,136.878351
6791,s,0.023128,0.007450,0.022000,13.693115,52.578351
6792,p,0.003780,0.017350,0.020000,32.258301,41.129849
6793,ss,0.018821,0.084900,0.019200,41.372314,122.920769
6794,d,0.002385,0.048550,0.022000,48.332520,72.935393
6795,s,0.023128,0.005000,0.020000,9.804443,48.128351
6796,s,0.023128,0.017000,0.021500,20.413818,61.628351
6797,ds,0.002343,0.010650,0.020000,27.752930,32.992513
6798,ss,0.018821,0.005200,0.020000,34.637939,44.020769
6799,sds,0.018566,0.027450,0.018500,41.674561,64.516086
6800,p,0.003780,0.080850,0.022000,20.299805,106.629849
6801,s,0.023128,0.058900,0.022000,30.374268,104.028351
6802,s,0.023128,0.010900,0.020000,37.753906,54.028351
6803,ss,0.018821,0.065100,0.021500,45.075195,105.420769
6804,pp,0.002838,0.094750,0.020000,64.124756,117.588325
6805,s,0.023128,0.142500,0.021500,23.323486,187.128351
6806,s,0.023128,0.010600,0.022000,31.166504,55.728351
6807,ps,0.002840,0.099250,0.020000,50.131348,122.089786
6808,p,0.003780,0.025250,0.022000,70.989990,51.029849
6809,pps,0.002854,0.028650,0.018500,92.176758,50.004053
6810,p,0.003780,0.004450,0.021500,19.188721,29.729849
6811,p,0.003780,0.008550,0.020000,40.620361,32.329849
6812,s,0.023128,0.061800,0.019200,50.163574,104.128351
6813,sp,0.018754,0.008150,0.018500,57.314941,45.403690
6814,s,0.023128,0.091550,0.018500,64.417236,133.178351
6815,d,0.002385,0.061900,0.019200,22.829346,83.485393
6816,s,0.023128,0.013450,0.018500,30.407959,55.078351
6817,ps,0.002840,0.008350,0.020000,48.835449,31.189786
6818,s,0.023128,0.004450,0.022000,57.994385,49.578351
6819,ss,0.018821,0.006000,0.021500,64.788086,46.320769
6825,d,0.002385,0.012050,0.019200,6.996826,33.635393
6826,p,0.003780,0.063350,0.022000,26.309570,89.129849
6827,sd,0.018668,0.013250,0.018500,35.644775,50.417773
6828,ds,0.002343,0.017400,0.019200,42.813232,38.942513
6829,sds,0.018566,0.004550,0.019200,49.981201,42.316086
6820,p,0.003780,0.087450,0.022000,35.571777,113.229849
6821,s,0.023128,0.014350,0.021500,45.054443,58.978351
6822,s,0.023128,0.110500,0.022000,51.978027,155.628351
6823,ds,0.002343,0.041900,0.021500,58.898438,65.742513
6824,ps,0.002840,0.016550,0.019200,77.518311,38.589786
6830,d,0.002385,0.100400,0.022000,22.688965,124.785393
6831,p,0.003780,0.123750,0.022000,41.780273,149.529849
6832,pd,0.002977,0.116750,0.021500,62.324707,141.227001
6833,dp,0.002464,0.062650,0.019200,71.924805,84.314344
6834,p,0.003780,0.015450,0.022000,96.153809,41.229849
6840,s,0.023128,0.008250,0.018500,9.932617,49.878351
6841,s,0.023128,0.101200,0.018500,18.637451,142.828351
6842,ds,0.002343,0.062100,0.019200,25.928711,83.642513
6843,d,0.002385,0.004300,0.021500,33.468506,28.185393
6844,dd,0.002426,0.007050,0.020000,41.156494,29.475915
6835,p,0.003780,0.062100,0.018500,22.923096,84.379849
6836,s,0.023128,0.018650,0.020000,32.469238,61.778351
6837,p,0.003780,0.010150,0.022000,51.293701,35.929849
6838,ds,0.002343,0.014750,0.019200,61.329590,36.292513
6839,s,0.023128,0.072650,0.022000,68.971191,117.778351
6845,p,0.003780,0.097200,0.019200,21.220703,120.179849
6846,sp,0.018754,0.091400,0.022000,31.181641,132.153690
6847,p,0.003780,0.106800,0.018500,50.986328,129.079849
6848,p,0.003780,0.013900,0.018500,72.281738,36.179849
6849,p,0.003780,0.006700,0.019200,93.088623,29.679849
6850,d,0.002385,0.014050,0.021500,6.690186,37.935393
6851,d,0.002385,0.131100,0.022000,14.260986,155.485393
6852,d,0.002385,0.039200,0.019200,21.573242,60.785393
6853,sd,0.018668,0.028900,0.021500,28.618652,69.067773
6854,s,0.023128,0.003500,0.019200,35.706055,45.828351
6860,s,0.023128,0.087250,0.022000,6.386230,132.378351
6861,d,0.002385,0.138300,0.020000,13.728271,160.685393
6862,dd,0.002426,0.009400,0.019200,20.768799,31.025915
6863,ss,0.018821,0.094350,0.020000,27.686035,133.170769
6864,s,0.023128,0.022650,0.020000,34.960938,65.778351
6855,p,0.003780,0.004150,0.020000,36.867920,27.929849
6856,d,0.002385,0.028700,0.020000,47.470215,51.085393
6857,sp,0.018754,0.005500,0.019200,55.042969,43.453690
6858,s,0.023128,0.070650,0.018500,62.259033,112.278351
6859,ps,0.002840,0.089600,0.022000,81.707520,114.439786
6870,d,0.002385,0.052600,0.021500,24.015869,76.485393
6871,d,0.002385,0.013850,0.021500,31.638916,37.735393
6872,pd,0.002977,0.072600,0.018500,50.555908,94.077001
6873,d,0.002385,0.004000,0.020000,60.131836,26.385393
6874,pd,0.002977,0.004800,0.019200,79.122803,26.977001
6865,s,0.023128,0.027000,0.021500,18.960205,71.628351
6866,p,0.003780,0.008150,0.021500,38.053467,33.429849
6867,ss,0.018821,0.081900,0.021500,47.531250,122.220769
6868,pss,0.002833,0.052650,0.020000,66.098389,75.482709
6869,p,0.003780,0.008550,0.020000,87.183105,32.329849
6880,d,0.002385,0.064750,0.021500,7.082275,88.635393
6881,d,0.002385,0.037300,0.019200,14.233398,58.885393
6882,p,0.003780,0.098150,0.018500,32.587158,120.429849
6883,p,0.003780,0.009200,0.022000,53.716797,34.979849
6884,pd,0.002977,0.080700,0.019200,76.075684,102.877001
6875,d,0.002385,0.065900,0.020000,7.028320,88.285393
6876,sd,0.018668,0.087650,0.020000,14.264648,126.317773
6877,dsd,0.002613,0.097350,0.018500,21.542236,118.462551
6878,d,0.002385,0.007650,0.021500,28.785400,31.535393
6879,p,0.003780,0.117150,0.018500,47.932861,139.429849
6885,s,0.023128,0.028900,0.019200,22.188232,71.228351
6886,p,0.003780,0.048350,0.022000,41.943848,74.129849
6887,p,0.003780,0.102900,0.020000,63.744629,126.679849
6888,pp,0.002838,0.069600,0.019200,85.459229,91.638325
6889,p,0.003780,0.021550,0.022000,106.745605,47.329849
6890,d,0.002385,0.024150,0.022000,7.319336,48.535393
6891,sd,0.018668,0.086450,0.022000,14.968262,127.117773
6892,d,0.002385,0.045550,0.019200,22.917480,67.135393
6893,dd,0.002426,0.008550,0.021500,30.653076,32.475915
6894,d,0.002385,0.079900,0.022000,38.326904,104.285393
6895,p,0.003780,0.009200,0.019200,18.217041,32.179849
6896,pp,0.002838,0.004850,0.019200,39.203125,26.888325
6897,s,0.023128,0.006200,0.019200,48.516357,48.528351
6898,d,0.002385,0.105550,0.018500,55.732666,126.435393
6899,p,0.003780,0.004700,0.022000,74.799805,30.479849
6905,d,0.002385,0.022550,0.022000,7.059814,46.935393
6906,s,0.023128,0.049500,0.021500,13.998535,94.128351
6907,d,0.002385,0.104550,0.018500,21.075195,125.435393
6908,ps,0.002840,0.047150,0.022000,40.090088,71.989786
6909,s,0.023128,0.005850,0.021500,49.212158,50.478351
6910,s,0.023128,0.113000,0.021500,23.272705,157.628351
6911,s,0.023128,0.020600,0.022000,30.859131,65.728351
6912,s,0.023128,0.031100,0.021500,37.645752,75.728351
6913,ps,0.002840,0.011550,0.018500,56.451172,32.889786
6914,d,0.002385,0.004300,0.020000,66.077881,26.685393
6900,p,0.003780,0.061150,0.020000,36.622803,84.929849
6901,s,0.023128,0.017250,0.019200,47.098633,59.578351
6902,ds,0.002343,0.012900,0.020000,54.943359,35.242513
6903,sp,0.018754,0.011500,0.019200,62.339111,49.453690
6904,s,0.023128,0.004650,0.019200,69.633301,46.978351
6915,d,0.002385,0.011000,0.019200,7.066406,32.585393
6916,p,0.003780,0.005150,0.022000,26.064941,30.929849
6917,p,0.003780,0.079650,0.019200,47.423584,102.629849
6918,s,0.023128,0.070800,0.020000,56.722900,113.928351
6919,ps,0.002840,0.053450,0.022000,80.073730,78.289786
6920,s,0.023128,0.082150,0.020000,6.683350,125.278351
6921,s,0.023128,0.004300,0.022000,15.418945,49.428351
6922,p,0.003780,0.059500,0.019200,39.068604,82.479849
6923,d,0.002385,0.073250,0.020000,48.609375,95.635393
6924,pd,0.002977,0.082900,0.021500,66.997559,107.377001
6925,p,0.003780,0.085050,0.020000,23.528076,108.829849
6926,p,0.003780,0.027450,0.022000,46.002197,53.229849
6927,p,0.003780,0.025550,0.022000,67.228760,51.329849
6928,sp,0.018754,0.025050,0.019200,76.465576,63.003690
6929,psp,0.002926,0.017900,0.021500,94.874512,42.325658
6930,d,0.002385,0.064400,0.022000,6.693848,88.785393
6931,s,0.023128,0.075600,0.018500,13.735596,117.228351
6932,dd,0.002426,0.061950,0.020000,20.630371,84.375915
6933,s,0.023128,0.020350,0.018500,27.433350,61.978351
6934,ss,0.018821,0.060950,0.019200,34.165527,98.970769
6935,s,0.023128,0.006000,0.022000,6.653809,51.128351
6936,s,0.023128,0.040900,0.019200,13.776367,83.228351
6937,p,0.003780,0.025900,0.021500,32.962158,51.179849
6938,ps,0.002840,0.004300,0.020000,54.363525,27.139786
6939,sp,0.018754,0.004050,0.018500,63.750977,41.303690
6945,d,0.002385,0.048150,0.018500,6.891113,69.035393
6946,d,0.002385,0.012400,0.020000,14.743408,34.785393
6947,dd,0.002426,0.063350,0.021500,22.562988,87.275915
6948,d,0.002385,0.006150,0.019200,29.935303,27.735393
6949,ddd,0.002493,0.076950,0.019200,37.217773,98.643417
6940,d,0.002385,0.004950,0.020000,6.720215,27.335393
6941,d,0.002385,0.048350,0.021500,13.969482,72.235393
6942,pd,0.002977,0.043350,0.022000,32.575439,68.327001
6943,p,0.003780,0.040350,0.021500,53.196777,65.629849
6944,p,0.003780,0.005400,0.018500,73.995361,27.679849
6955,s,0.023128,0.012000,0.019200,6.764404,54.328351
6956,s,0.023128,0.020950,0.021500,14.021484,65.578351
6957,d,0.002385,0.076300,0.021500,21.549805,100.185393
6958,ss,0.018821,0.025050,0.019200,28.741455,63.070769
6959,s,0.023128,0.004500,0.021500,35.789795,49.128351
6950,s,0.023128,0.075150,0.018500,22.948975,116.778351
6951,s,0.023128,0.007050,0.019200,30.711182,49.378351
6952,s,0.023128,0.013850,0.019200,37.564941,56.178351
6953,d,0.002385,0.054100,0.018500,44.552979,74.985393
6954,d,0.002385,0.019950,0.018500,51.736816,40.835393
6965,p,0.003780,0.059850,0.019200,28.182617,82.829849
6966,s,0.023128,0.006200,0.021500,37.572510,50.828351
6967,ds,0.002343,0.011150,0.018500,44.759033,31.992513
6968,pds,0.003022,0.011150,0.019200,63.622070,33.371933
6969,p,0.003780,0.048550,0.022000,84.233154,74.329849
6970,d,0.002385,0.007000,0.018500,7.953369,27.885393
6971,d,0.002385,0.071700,0.019200,15.368408,93.285393
6972,dd,0.002426,0.010350,0.021500,23.118652,34.275915
6973,d,0.002385,0.091300,0.021500,30.358398,115.185393
6974,dd,0.002426,0.117500,0.018500,37.614258,138.425915
6960,s,0.023128,0.004850,0.021500,19.343018,49.478351
6961,s,0.023128,0.017700,0.018500,27.711426,59.328351
6962,d,0.002385,0.075250,0.019200,35.589355,96.835393
6963,ds,0.002343,0.012000,0.020000,43.340088,34.342513
6964,ss,0.018821,0.004300,0.022000,50.806152,45.120769
6975,d,0.002385,0.091100,0.021500,23.614014,114.985393
6976,s,0.023128,0.005500,0.021500,31.162842,50.128351
6977,ss,0.018821,0.003950,0.020000,38.235107,42.770769
6978,sss,0.019288,0.004900,0.022000,45.208984,46.188093
6979,d,0.002385,0.003800,0.019200,52.489990,25.385393
6985,p,0.003780,0.016050,0.019200,21.308594,39.029849
6986,d,0.002385,0.076050,0.018500,30.831055,96.935393
6987,sd,0.018668,0.067950,0.021500,37.863525,108.117773
6988,ssd,0.018735,0.049350,0.020000,44.742676,88.084503
6989,d,0.002385,0.075150,0.019200,51.861572,96.735393
6990,p,0.003780,0.018150,0.020000,23.656006,41.929849
6991,pp,0.002838,0.010300,0.018500,44.628906,31.638325
6992,d,0.002385,0.061750,0.018500,54.536133,82.635393
6993,s,0.023128,0.006400,0.020000,61.704346,49.528351
6994,ds,0.002343,0.004350,0.022000,69.062988,28.692513
6995,d,0.002385,0.056950,0.018500,6.762695,77.835393
6996,d,0.002385,0.123600,0.022000,14.117432,147.985393
6997,pd,0.002977,0.012450,0.020000,32.859131,35.427001
6998,s,0.023128,0.083300,0.018500,42.271729,124.928351
6999,d,0.002385,0.004150,0.020000,49.621094,26.535393
6980,s,0.023128,0.017450,0.020000,10.936279,60.578351
6981,d,0.002385,0.092550,0.022000,19.515137,116.935393
6982,pd,0.002977,0.045800,0.021500,40.043945,70.277001
6983,spd,0.018317,0.073150,0.018500,49.951172,109.967325
6984,s,0.023128,0.096150,0.018500,57.109375,137.778351
7000,s,0.023128,0.007000,0.021500,6.583496,51.628351
7001,d,0.002385,0.090000,0.020000,14.157715,112.385393
7002,p,0.003780,0.136450,0.020000,32.817139,160.229849
7003,sp,0.018754,0.065150,0.018500,42.208740,102.403690
7004,sd,0.018668,0.047850,0.021500,49.163818,88.017773
7005,s,0.023128,0.053450,0.019200,9.608887,95.778351
7006,d,0.002385,0.022800,0.020000,17.249023,45.185393
7007,s,0.023128,0.005000,0.018500,24.685059,46.628351
7008,s,0.023128,0.028950,0.019200,31.766357,71.278351
7009,p,0.003780,0.084250,0.020000,50.704590,108.029849
7010,p,0.003780,0.091300,0.018500,17.978271,113.579849
7011,d,0.002385,0.007500,0.020000,27.732178,29.885393
7012,sp,0.018754,0.097900,0.019200,34.897949,135.853690
7013,p,0.003780,0.046350,0.021500,53.530029,71.629849
7014,dp,0.002464,0.056600,0.020000,63.052490,79.064344
7020,p,0.003780,0.026400,0.021500,20.208740,51.679849
7021,sp,0.018754,0.025050,0.022000,30.925049,65.803690
7022,dsp,0.002685,0.056000,0.021500,38.805176,80.184513
7023,d,0.002385,0.004400,0.022000,46.823730,28.785393
7024,d,0.002385,0.036100,0.018500,54.474121,56.985393
7015,d,0.002385,0.076450,0.022000,10.740723,100.835393
7016,p,0.003780,0.011800,0.022000,29.368164,37.579849
7017,pp,0.002838,0.012000,0.020000,50.727539,34.838325
7018,s,0.023128,0.096150,0.018500,60.222656,137.778351
7019,ps,0.002840,0.079050,0.018500,78.876465,100.389786
7030,s,0.023128,0.042950,0.022000,8.050781,88.078351
7031,d,0.002385,0.036750,0.019200,15.406250,58.335393
7032,p,0.003780,0.012250,0.021500,34.515381,37.529849
7033,s,0.023128,0.094100,0.020000,43.960449,137.228351
7034,sd,0.018668,0.093850,0.022000,50.787842,134.517773
7035,p,0.003780,0.006950,0.019200,18.229004,29.929849
7036,d,0.002385,0.005950,0.020000,28.099121,28.335393
7037,sp,0.018754,0.012100,0.019200,35.314453,50.053690
7038,sd,0.018668,0.004350,0.021500,42.117432,44.517773
7039,p,0.003780,0.072400,0.022000,60.757324,98.179849
7025,d,0.002385,0.083550,0.019200,6.691895,105.135393
7026,s,0.023128,0.005750,0.020000,13.728271,48.878351
7027,p,0.003780,0.008750,0.020000,32.221680,32.529849
7028,s,0.023128,0.114500,0.018500,41.500977,156.128351
7029,ss,0.018821,0.005850,0.021500,48.657959,46.170769
7040,s,0.023128,0.014800,0.021500,18.978271,59.428351
7041,s,0.023128,0.067000,0.022000,26.142090,112.128351
7042,s,0.023128,0.129700,0.020000,33.048096,172.828351
7043,d,0.002385,0.004550,0.022000,40.460449,28.935393
7044,p,0.003780,0.114600,0.021500,59.336670,139.879849
7045,s,0.023128,0.061700,0.022000,22.433838,106.828351
7046,s,0.023128,0.027250,0.019200,30.207764,69.578351
7047,s,0.023128,0.024650,0.018500,37.221680,66.278351
7048,ps,0.002840,0.063650,0.022000,55.893311,88.489786
7049,s,0.023128,0.130600,0.020000,65.127197,173.728351
7050,s,0.023128,0.094050,0.022000,15.417725,139.178351
7051,d,0.002385,0.007850,0.019200,23.732422,29.435393
7052,p,0.003780,0.005350,0.022000,43.026367,31.129849
7053,s,0.023128,0.027950,0.018500,52.713867,69.578351
7054,sp,0.018754,0.007100,0.021500,59.942139,47.353690
7060,p,0.003780,0.004500,0.022000,32.113770,30.279849
7061,dp,0.002464,0.006200,0.019200,41.801514,27.864344
7062,s,0.023128,0.060950,0.022000,48.939697,106.078351
7063,ss,0.018821,0.082400,0.018500,55.895996,119.720769
7064,sss,0.019288,0.058800,0.022000,62.770752,100.088093
7055,p,0.003780,0.007450,0.022000,35.946777,33.229849
7056,p,0.003780,0.070950,0.021500,56.898193,96.229849
7057,s,0.023128,0.039200,0.022000,66.376953,84.328351
7058,ss,0.018821,0.096800,0.020000,73.358643,135.620769
7059,d,0.002385,0.047150,0.018500,80.461914,68.035393
7065,p,0.003780,0.022500,0.018500,18.234131,44.779849
7066,sp,0.018754,0.086500,0.022000,27.507324,127.253690
7067,p,0.003780,0.040100,0.022000,46.800049,65.879849
7068,ps,0.002840,0.109450,0.019200,70.232666,131.489786
7069,d,0.002385,0.076550,0.019200,80.560303,98.135393
7070,s,0.023128,0.007800,0.018500,9.910400,49.428351
7071,s,0.023128,0.058900,0.019200,16.886475,101.228351
7072,s,0.023128,0.004750,0.018500,23.794189,46.378351
7073,p,0.003780,0.015000,0.021500,42.498047,40.279849
7074,p,0.003780,0.048950,0.022000,63.426514,74.729849
7075,d,0.002385,0.012350,0.022000,7.179932,36.735393
7076,s,0.023128,0.021750,0.018500,14.260986,63.378351
7077,ss,0.018821,0.125500,0.018500,21.433105,162.820769
7078,p,0.003780,0.006400,0.020000,40.251709,30.179849
7079,sp,0.018754,0.005350,0.022000,49.692627,46.103690
7080,p,0.003780,0.039300,0.020000,18.127930,63.079849
7081,s,0.023128,0.052350,0.018500,27.324951,93.978351
7082,pp,0.002838,0.022950,0.018500,45.622314,44.288325
7083,ss,0.018821,0.036200,0.022000,55.998779,77.020769
7084,pss,0.002833,0.051200,0.018500,74.509033,72.532709
7085,s,0.023128,0.072450,0.021500,6.642090,117.078351
7086,d,0.002385,0.006000,0.020000,14.299316,28.385393
7087,p,0.003780,0.090650,0.020000,33.289307,114.429849
7088,pp,0.002838,0.018950,0.022000,54.008789,43.788325
7089,ds,0.002343,0.106900,0.020000,63.325195,129.242513
7090,s,0.023128,0.026000,0.018500,6.413086,67.628351
7091,p,0.003780,0.007000,0.018500,25.174805,29.279849
7092,pp,0.002838,0.005400,0.021500,46.446289,29.738325
7093,s,0.023128,0.083150,0.022000,55.785645,128.278351
7094,ds,0.002343,0.137600,0.019200,62.772949,159.142513
7095,d,0.002385,0.016200,0.020000,24.096680,38.585393
7096,s,0.023128,0.051950,0.021500,31.764893,96.578351
7097,p,0.003780,0.065250,0.020000,50.735840,89.029849
7098,p,0.003780,0.014350,0.021500,72.170166,39.629849
7099,d,0.002385,0.091300,0.018500,81.682617,112.185393
7100,s,0.023128,0.060550,0.020000,10.332764,103.678351
7101,ss,0.018821,0.065750,0.022000,17.328125,106.570769
7102,d,0.002385,0.005850,0.021500,24.383789,29.735393
7103,pss,0.002833,0.065750,0.018500,43.500244,87.082709
7104,p,0.003780,0.131100,0.019200,64.570801,154.079849
7105,p,0.003780,0.015550,0.019200,20.697021,38.529849
7106,s,0.023128,0.109850,0.018500,30.497070,151.478351
7107,p,0.003780,0.004650,0.020000,49.835938,28.429849
7108,p,0.003780,0.066550,0.022000,71.455322,92.329849
7109,ps,0.002840,0.085800,0.021500,93.201660,110.139786
7110,p,0.003780,0.076550,0.022000,34.294434,102.329849
7111,d,0.002385,0.005300,0.022000,43.769043,29.685393
7112,s,0.023128,0.027250,0.019200,50.725586,69.578351
7113,dd,0.002426,0.004350,0.018500,57.824463,25.275915
7114,p,0.003780,0.070950,0.020000,76.517578,94.729849
7115,s,0.023128,0.046450,0.021500,18.213135,91.078351
7116,s,0.023128,0.007250,0.021500,25.335938,51.878351
7117,p,0.003780,0.005750,0.020000,44.397461,29.529849
7118,d,0.002385,0.024500,0.020000,54.302734,46.885393
7119,ss,0.018821,0.056600,0.020000,61.304199,95.420769
7120,p,0.003780,0.004850,0.020000,22.749756,28.629849
7121,s,0.023128,0.019350,0.018500,32.461426,60.978351
7122,sp,0.018754,0.009000,0.018500,39.518311,46.253690
7123,d,0.002385,0.071500,0.018500,46.791504,92.385393
7124,ds,0.002343,0.004350,0.022000,54.382568,28.692513
7125,p,0.003780,0.063650,0.018500,35.907959,85.929849
7126,p,0.003780,0.050300,0.019200,57.309326,73.279849
7127,sp,0.018754,0.056550,0.022000,66.998779,97.303690
7128,p,0.003780,0.032200,0.022000,85.753662,57.979849
7129,pp,0.002838,0.109850,0.022000,106.417725,134.688325
7130,p,0.003780,0.016550,0.022000,19.962891,42.329849
7131,s,0.023128,0.045350,0.020000,29.594482,88.478351
7132,ds,0.002343,0.077150,0.021500,36.893799,100.992513
7133,dds,0.002685,0.082900,0.020000,44.299805,105.585273
7134,s,0.023128,0.024500,0.020000,51.548340,67.628351
7135,d,0.002385,0.009500,0.021500,9.536865,33.385393
7136,s,0.023128,0.060550,0.019200,19.514160,102.878351
7137,p,0.003780,0.004500,0.022000,38.406738,30.279849
7138,dp,0.002464,0.008450,0.019200,47.879150,30.114344
7139,s,0.023128,0.081450,0.022000,54.731934,126.578351
7150,s,0.023128,0.013250,0.021500,6.541748,57.878351
7151,ss,0.018821,0.010950,0.018500,13.558105,48.270769
7152,p,0.003780,0.129600,0.020000,32.708008,153.379849
7153,sss,0.019288,0.011100,0.022000,41.896729,52.388093
7154,dsss,0.003039,0.012450,0.021500,48.998291,36.988978
7145,s,0.023128,0.071750,0.019200,6.633301,114.078351
7146,p,0.003780,0.071450,0.020000,25.220459,95.229849
7147,s,0.023128,0.012100,0.020000,34.352051,55.228351
7148,ss,0.018821,0.024450,0.019200,41.130127,62.470769
7149,p,0.003780,0.093100,0.021500,59.412109,118.379849
7140,s,0.023128,0.091750,0.020000,10.018799,134.878351
7141,d,0.002385,0.117750,0.022000,19.513184,142.135393
7142,dd,0.002426,0.022650,0.022000,27.204590,47.075915
7143,ds,0.002343,0.017850,0.020000,35.159424,40.192513
7144,s,0.023128,0.095550,0.019200,43.007324,137.878351
7160,p,0.003780,0.009850,0.018500,18.926514,32.129849
7161,d,0.002385,0.112800,0.022000,28.887207,137.185393
7162,p,0.003780,0.005050,0.022000,52.152100,30.829849
7163,dd,0.002426,0.049500,0.018500,62.042480,70.425915
7164,sp,0.018754,0.006000,0.019200,69.432129,43.953690
7155,s,0.023128,0.014350,0.018500,6.531738,55.978351
7156,d,0.002385,0.131700,0.022000,13.962402,156.085393
7157,s,0.023128,0.039500,0.022000,22.592773,84.628351
7158,sd,0.018668,0.035950,0.020000,29.788086,74.617773
7159,ps,0.002840,0.045650,0.018500,49.368896,66.989786
7165,p,0.003780,0.015500,0.022000,19.779541,41.279849
7166,s,0.023128,0.052000,0.018500,30.241455,93.628351
7167,dp,0.002464,0.029250,0.022000,38.549561,53.714344
7168,sdp,0.018492,0.009150,0.020000,46.354980,47.641971
7169,d,0.002385,0.013300,0.018500,54.133301,34.185393
7170,p,0.003780,0.040300,0.019200,34.809082,63.279849
7171,p,0.003780,0.010800,0.019200,55.685547,33.779849
7172,p,0.003780,0.020200,0.018500,76.551270,42.479849
7173,sp,0.018754,0.005750,0.021500,86.033447,46.003690
7174,dsp,0.002685,0.023100,0.020000,93.243896,45.784513
7180,s,0.023128,0.057150,0.019200,6.655518,99.478351
7181,p,0.003780,0.047100,0.019200,25.234131,70.079849
7182,d,0.002385,0.087650,0.021500,34.815186,111.535393
7183,s,0.023128,0.013600,0.022000,42.358643,58.728351
7184,ps,0.002840,0.020650,0.022000,61.066406,45.489786
7185,s,0.023128,0.099350,0.022000,7.184570,144.478351
7186,ss,0.018821,0.137200,0.020000,14.569092,176.020769
7187,pss,0.002833,0.081800,0.020000,35.375488,104.632709
7188,d,0.002385,0.006800,0.022000,45.933838,31.185393
7189,dpss,0.002761,0.048300,0.019200,53.609375,70.260817
7175,p,0.003780,0.016400,0.019200,18.600098,39.379849
7176,d,0.002385,0.061250,0.021500,28.393066,85.135393
7177,p,0.003780,0.056550,0.019200,47.511963,79.529849
7178,dd,0.002426,0.016950,0.018500,57.139404,37.875915
7179,s,0.023128,0.004700,0.020000,64.316406,47.828351
7195,d,0.002385,0.099850,0.022000,6.682129,124.235393
7196,d,0.002385,0.083900,0.019200,13.994873,105.485393
7197,dd,0.002426,0.087950,0.019200,21.488281,109.575915
7198,p,0.003780,0.024350,0.020000,39.914551,48.129849
7199,s,0.023128,0.017250,0.018500,48.930908,58.878351
7190,p,0.003780,0.048250,0.019200,18.144531,71.229849
7191,dp,0.002464,0.019650,0.019200,27.736816,41.314344
7192,ddp,0.002502,0.109850,0.019200,35.017334,131.551712
7193,p,0.003780,0.075750,0.022000,54.183105,101.529849
7194,d,0.002385,0.004800,0.020000,63.520020,27.185393
7200,d,0.002385,0.003900,0.021500,6.788330,27.785393
7201,sd,0.018668,0.005700,0.022000,13.912354,46.367773
7202,p,0.003780,0.073550,0.018500,33.561035,95.829849
7203,dp,0.002464,0.064800,0.020000,42.989990,87.264344
7204,s,0.023128,0.041800,0.022000,49.724609,86.928351
7205,d,0.002385,0.079050,0.021500,13.679199,102.935393
7206,d,0.002385,0.052150,0.019200,20.923828,73.735393
7207,pd,0.002977,0.059300,0.018500,39.527588,80.777001
7208,pd,0.002977,0.024300,0.018500,60.103027,45.777001
7209,s,0.023128,0.038350,0.022000,69.207520,83.478351
7215,s,0.023128,0.004950,0.022000,23.284424,50.078351
7216,p,0.003780,0.025750,0.019200,42.682617,48.729849
7217,s,0.023128,0.094100,0.018500,51.959229,135.728351
7218,d,0.002385,0.020350,0.021500,58.996094,44.235393
7219,p,0.003780,0.004750,0.022000,77.622314,30.529849
7210,s,0.023128,0.013050,0.022000,22.500977,58.178351
7211,ss,0.018821,0.020500,0.019200,30.067871,58.520769
7212,s,0.023128,0.089650,0.022000,37.047363,134.778351
7213,s,0.023128,0.094100,0.022000,44.048340,139.228351
7214,sss,0.019288,0.007750,0.022000,50.881836,49.038093
7220,d,0.002385,0.051900,0.020000,6.777832,74.285393
7221,s,0.023128,0.079850,0.021500,14.080811,124.478351
7222,pd,0.002977,0.098850,0.020000,33.117676,121.827001
7223,ds,0.002343,0.056100,0.020000,42.800537,78.442513
7224,d,0.002385,0.004850,0.020000,50.036865,27.235393
7230,p,0.003780,0.129600,0.019200,20.847168,152.579849
7231,d,0.002385,0.004850,0.018500,30.564941,25.735393
7232,p,0.003780,0.014900,0.021500,49.114746,40.179849
7233,d,0.002385,0.016150,0.020000,58.791504,38.535393
7234,dp,0.002464,0.023750,0.022000,66.189453,48.214344
7235,p,0.003780,0.009400,0.018500,24.237061,31.679849
7236,dp,0.002464,0.101700,0.019200,33.973145,123.364344
7237,s,0.023128,0.078200,0.018500,41.012451,119.828351
7238,p,0.003780,0.004700,0.022000,59.389404,30.479849
7239,s,0.023128,0.045800,0.019200,68.944580,88.128351
7225,p,0.003780,0.019350,0.019200,34.362061,42.329849
7226,pp,0.002838,0.112050,0.020000,55.028809,134.888325
7227,p,0.003780,0.055750,0.020000,76.106445,79.529849
7228,p,0.003780,0.015350,0.020000,96.705566,39.129849
7229,d,0.002385,0.013850,0.022000,106.121826,38.235393
7240,d,0.002385,0.005800,0.021500,6.845703,29.685393
7241,d,0.002385,0.017500,0.021500,14.145508,41.385393
7242,s,0.023128,0.031100,0.022000,21.240723,76.228351
7243,dd,0.002426,0.007850,0.019200,28.414795,29.475915
7244,pdd,0.003045,0.025050,0.018500,48.201904,46.594804
7245,d,0.002385,0.090250,0.019200,6.941406,111.835393
7246,dd,0.002426,0.119700,0.020000,14.458984,142.125915
7247,p,0.003780,0.027300,0.021500,33.305176,52.579849
7248,dp,0.002464,0.008400,0.020000,43.174805,30.864344
7249,d,0.002385,0.061000,0.018500,50.562256,81.885393
7250,s,0.023128,0.004650,0.021500,6.591064,49.278351
7251,d,0.002385,0.026400,0.019200,13.984375,47.985393
7252,dd,0.002426,0.012100,0.022000,21.284668,36.525915
7253,d,0.002385,0.082650,0.018500,28.458740,103.535393
7254,s,0.023128,0.105250,0.021500,35.358154,149.878351
7255,d,0.002385,0.013250,0.020000,6.618408,35.635393
7256,p,0.003780,0.004150,0.022000,25.457275,29.929849
7257,p,0.003780,0.086700,0.020000,46.697754,110.479849
7258,dp,0.002464,0.099350,0.018500,56.325439,120.314344
7259,p,0.003780,0.005750,0.020000,75.062256,29.529849
7260,p,0.003780,0.005100,0.020000,19.757568,28.879849
7261,dp,0.002464,0.004650,0.022000,29.287354,29.114344
7262,s,0.023128,0.063950,0.022000,36.247559,109.078351
7263,ddp,0.002502,0.004900,0.020000,43.269775,27.401712
7264,p,0.003780,0.038850,0.018500,61.624756,61.129849
7265,d,0.002385,0.004650,0.020000,6.746338,27.035393
7266,d,0.002385,0.061000,0.020000,14.346191,83.385393
7267,s,0.023128,0.099350,0.018500,21.474365,140.978351
7268,sd,0.018668,0.034400,0.020000,28.488281,73.067773
7269,ssd,0.018735,0.071500,0.022000,35.477295,112.234503
7270,p,0.003780,0.034850,0.019200,20.399658,57.829849
7271,d,0.002385,0.005000,0.018500,30.402832,25.885393
7272,p,0.003780,0.045400,0.019200,51.159424,68.379849
7273,d,0.002385,0.060550,0.020000,62.226562,82.935393
7274,dd,0.002426,0.061050,0.020000,70.082520,83.475915
7275,s,0.023128,0.051650,0.021500,8.646973,96.278351
7276,s,0.023128,0.140250,0.020000,15.628174,183.378351
7277,p,0.003780,0.008950,0.022000,33.984131,34.729849
7278,p,0.003780,0.095400,0.022000,54.740723,121.179849
7279,ps,0.002840,0.056550,0.019200,75.791260,78.589786
7280,p,0.003780,0.016300,0.018500,18.219971,38.579849
7281,d,0.002385,0.012750,0.022000,27.723389,37.135393
7282,s,0.023128,0.073250,0.022000,34.591797,118.378351
7283,ds,0.002343,0.091450,0.019200,41.530762,112.992513
7284,pd,0.002977,0.007500,0.020000,59.905762,30.477001
7290,s,0.023128,0.004900,0.021500,6.667969,49.528351
7291,s,0.023128,0.093500,0.020000,13.792480,136.628351
7292,s,0.023128,0.075750,0.018500,20.845215,117.378351
7293,ss,0.018821,0.123900,0.021500,27.817383,164.220769
7294,ss,0.018821,0.005550,0.021500,34.707520,45.870769
7285,p,0.003780,0.097750,0.022000,18.463867,123.529849
7286,s,0.023128,0.005100,0.021500,28.193359,49.728351
7287,sp,0.018754,0.053800,0.020000,35.119629,92.553690
7288,ss,0.018821,0.005500,0.021500,42.087402,45.820769
7289,ssp,0.018787,0.120700,0.020000,49.022949,159.487195
7295,p,0.003780,0.006350,0.020000,35.757080,30.129849
7296,d,0.002385,0.088200,0.018500,45.221436,109.085393
7297,sd,0.018668,0.105700,0.019200,52.115967,143.567773
7298,s,0.023128,0.019750,0.022000,58.895020,64.878351
7299,p,0.003780,0.004550,0.018500,77.243896,26.829849
7305,s,0.023128,0.048350,0.021500,6.349121,92.978351
7306,ps,0.002840,0.026850,0.021500,24.843018,51.189786
7307,p,0.003780,0.003700,0.021500,46.302002,28.979849
7308,pp,0.002838,0.011550,0.019200,67.695312,33.588325
7309,d,0.002385,0.063100,0.020000,77.490723,85.485393
7300,s,0.023128,0.049350,0.022000,9.803711,94.478351
7301,s,0.023128,0.004450,0.018500,18.716064,46.078351
7302,s,0.023128,0.084000,0.022000,25.762695,129.128351
7303,d,0.002385,0.086850,0.021500,33.156738,110.735393
7304,p,0.003780,0.032600,0.019200,52.208984,55.579849
7310,s,0.023128,0.044550,0.018500,9.244873,86.178351
7311,p,0.003780,0.091300,0.020000,28.021484,115.079849
7312,pp,0.002838,0.076950,0.019200,49.090820,98.988325
7313,dpp,0.002514,0.079500,0.018500,58.800049,100.514416
7314,p,0.003780,0.004250,0.018500,77.438965,26.529849
7315,d,0.002385,0.026300,0.018500,8.956055,47.185393
7316,dd,0.002426,0.131700,0.020000,16.288574,154.125915
7317,p,0.003780,0.016800,0.018500,35.074951,39.079849
7318,s,0.023128,0.099700,0.020000,44.395264,142.828351
7319,dp,0.002464,0.047100,0.020000,51.411377,69.564344
7320,s,0.023128,0.065750,0.019200,20.968994,108.078351
7321,p,0.003780,0.017850,0.021500,40.309082,43.129849
7322,dp,0.002464,0.028250,0.020000,49.763672,50.714344
7323,p,0.003780,0.067950,0.022000,68.274170,93.729849
7324,ddp,0.002502,0.010550,0.022000,77.632324,35.051712
7325,d,0.002385,0.017850,0.020000,23.318604,40.235393
7326,s,0.023128,0.003800,0.022000,30.890381,48.928351
7327,s,0.023128,0.073250,0.019200,37.777588,115.578351
7328,ss,0.018821,0.072650,0.019200,44.878418,110.670769
7329,dd,0.002426,0.011000,0.018500,51.965820,31.925915
7330,s,0.023128,0.081800,0.019200,22.270264,124.128351
7331,p,0.003780,0.004550,0.019200,41.519775,27.529849
7332,d,0.002385,0.098500,0.018500,51.254395,119.385393
7333,ss,0.018821,0.037300,0.021500,58.919189,77.620769
7334,s,0.023128,0.013550,0.021500,66.537109,58.178351
7335,d,0.002385,0.008200,0.022000,7.199463,32.585393
7336,s,0.023128,0.129600,0.020000,14.304688,172.728351
7337,s,0.023128,0.087950,0.020000,21.418945,131.078351
7338,d,0.002385,0.083300,0.019200,28.545654,104.885393
7339,ds,0.002343,0.044900,0.021500,35.680176,68.742513
7340,s,0.023128,0.080250,0.020000,6.489746,123.378351
7341,p,0.003780,0.071100,0.021500,24.913818,96.379849
7342,d,0.002385,0.027950,0.019200,35.132080,49.535393
7343,dp,0.002464,0.095400,0.018500,42.944580,116.364344
7344,sd,0.018668,0.063250,0.020000,50.565186,101.917773
7345,p,0.003780,0.103100,0.020000,24.842285,126.879849
7346,d,0.002385,0.007900,0.019200,34.240967,29.485393
7347,d,0.002385,0.058350,0.022000,41.785400,82.735393
7348,dp,0.002464,0.065600,0.022000,49.271973,90.064344
7349,ddp,0.002502,0.066750,0.018500,56.656494,87.751712
7350,s,0.023128,0.028700,0.018500,9.642822,70.328351
7351,s,0.023128,0.004750,0.020000,17.607178,47.878351
7352,p,0.003780,0.066100,0.019200,36.390381,89.079849
7353,pp,0.002838,0.077000,0.021500,57.194580,101.338325
7354,p,0.003780,0.018700,0.020000,78.358887,42.479849
7355,d,0.002385,0.004550,0.019200,6.746582,26.135393
7356,d,0.002385,0.008350,0.019200,13.927979,29.935393
7357,d,0.002385,0.088500,0.018500,21.050781,109.385393
7358,d,0.002385,0.017050,0.020000,29.348633,39.435393
7359,sd,0.018668,0.009100,0.019200,36.293701,46.967773
7360,d,0.002385,0.065600,0.018500,7.190186,86.485393
7361,d,0.002385,0.013700,0.021500,15.380615,37.585393
7362,s,0.023128,0.007850,0.018500,23.190918,49.478351
7363,d,0.002385,0.048200,0.022000,31.446777,72.585393
7364,dd,0.002426,0.036450,0.019200,39.155273,58.075915
7365,p,0.003780,0.109450,0.022000,34.547119,135.229849
7366,s,0.023128,0.098200,0.022000,43.733887,143.328351
7367,s,0.023128,0.014050,0.018500,50.567139,55.678351
7368,ds,0.002343,0.090900,0.022000,57.930908,115.242513
7369,pds,0.003022,0.035400,0.019200,76.489746,57.621933
7370,d,0.002385,0.005350,0.019200,21.749268,26.935393
7371,p,0.003780,0.093350,0.020000,40.745605,117.129849
7372,p,0.003780,0.020700,0.022000,61.180908,46.479849
7373,d,0.002385,0.005150,0.018500,70.627686,26.035393
7374,sd,0.018668,0.004150,0.019200,77.480225,42.017773
7375,d,0.002385,0.006400,0.018500,21.174072,27.285393
7376,pd,0.002977,0.004550,0.019200,40.213623,26.727001
7377,s,0.023128,0.010950,0.018500,49.409912,52.578351
7378,d,0.002385,0.052750,0.020000,56.579590,75.135393
7379,p,0.003780,0.009550,0.018500,75.060303,31.829849
7380,d,0.002385,0.064400,0.021500,16.728027,88.285393
7381,p,0.003780,0.007200,0.021500,36.042480,32.479849
7382,s,0.023128,0.083800,0.019200,45.277832,126.128351
7383,sp,0.018754,0.010300,0.020000,52.110352,49.053690
7384,dsp,0.002685,0.007750,0.021500,59.238525,31.934513
7385,d,0.002385,0.018200,0.020000,7.025391,40.585393
7386,p,0.003780,0.004750,0.022000,27.294922,30.529849
7387,sp,0.018754,0.006400,0.020000,37.416748,45.153690
7388,dd,0.002426,0.025700,0.019200,44.907715,47.325915
7389,d,0.002385,0.032600,0.021500,52.442627,56.485393
7395,s,0.023128,0.067550,0.021500,8.160889,112.178351
7396,d,0.002385,0.066500,0.020000,15.507080,88.885393
7397,p,0.003780,0.073250,0.022000,34.368408,99.029849
7398,ps,0.002840,0.072650,0.022000,55.767822,97.489786
7399,sd,0.018668,0.074300,0.022000,65.066406,114.967773
7390,d,0.002385,0.015450,0.021500,23.411133,39.335393
7391,p,0.003780,0.056100,0.020000,43.403564,79.879849
7392,p,0.003780,0.029250,0.019200,65.980713,52.229849
7393,pp,0.002838,0.007000,0.021500,87.621338,31.338325
7394,p,0.003780,0.007950,0.020000,108.265381,31.729849
7400,s,0.023128,0.050300,0.018500,23.099609,91.928351
7401,p,0.003780,0.007500,0.018500,42.344482,29.779849
7402,s,0.023128,0.082700,0.019200,51.501465,125.028351
7403,ss,0.018821,0.091550,0.019200,58.268066,129.570769
7404,pss,0.002833,0.051900,0.018500,77.119629,73.232709
7405,d,0.002385,0.054550,0.020000,23.910889,76.935393
7406,s,0.023128,0.011900,0.022000,31.782715,57.028351
7407,p,0.003780,0.007450,0.020000,50.280029,31.229849
7408,s,0.023128,0.021250,0.018500,59.516113,62.878351
7409,ps,0.002840,0.095550,0.022000,78.189941,120.389786
7410,s,0.023128,0.057800,0.022000,21.582031,102.928351
7411,p,0.003780,0.004700,0.018500,42.366211,26.979849
7412,sp,0.018754,0.005350,0.021500,52.624023,45.603690
7413,dsp,0.002685,0.006350,0.021500,60.475830,30.534513
7414,d,0.002385,0.081550,0.019200,68.238281,103.135393
7415,d,0.002385,0.093400,0.020000,23.468506,115.785393
7416,dd,0.002426,0.088400,0.018500,31.288818,109.325915
7417,s,0.023128,0.004850,0.019200,38.175781,47.178351
7418,sdd,0.018511,0.022300,0.020000,44.979248,60.810933
7419,d,0.002385,0.078150,0.019200,52.055908,99.735393
7425,p,0.003780,0.003900,0.022000,19.565186,29.679849
7426,sp,0.018754,0.004750,0.019200,29.436523,42.703690
7427,ssp,0.018787,0.004300,0.019200,36.710449,42.287195
7428,s,0.023128,0.011100,0.022000,43.829102,56.228351
7429,p,0.003780,0.031550,0.018500,62.715576,53.829849
7420,s,0.023128,0.007450,0.022000,23.259521,52.578351
7421,s,0.023128,0.013650,0.021500,31.157715,58.278351
7422,d,0.002385,0.005100,0.020000,38.440918,27.485393
7423,ss,0.018821,0.007500,0.018500,45.448730,44.820769
7424,pd,0.002977,0.017350,0.020000,63.956055,40.327001
7430,p,0.003780,0.097350,0.022000,21.583984,123.129849
7431,d,0.002385,0.064400,0.021500,31.241455,88.285393
7432,pp,0.002838,0.058900,0.021500,50.247559,83.238325
7433,s,0.023128,0.028900,0.020000,59.510742,72.028351
7434,pd,0.002977,0.065700,0.019200,77.808350,87.877001
7435,p,0.003780,0.009150,0.022000,18.455078,34.929849
7436,d,0.002385,0.017450,0.018500,28.228027,38.335393
7437,d,0.002385,0.053800,0.021500,35.355225,77.685393
7438,dp,0.002464,0.020150,0.018500,42.487305,41.114344
7439,sd,0.018668,0.131100,0.022000,49.437012,171.767773
7440,s,0.023128,0.015600,0.022000,6.479248,60.728351
7441,ss,0.018821,0.022400,0.018500,13.425537,59.720769
7442,sss,0.019288,0.022800,0.022000,20.356689,64.088093
7443,p,0.003780,0.034500,0.022000,39.122314,60.279849
7444,dsss,0.003039,0.020000,0.022000,48.697021,45.038978
7450,d,0.002385,0.093250,0.018500,7.146973,114.135393
7451,sd,0.018668,0.091300,0.020000,17.020996,129.967773
7452,d,0.002385,0.091700,0.021500,24.112549,115.585393
7453,p,0.003780,0.078950,0.018500,42.619873,101.229849
7454,sp,0.018754,0.085050,0.018500,51.713379,122.303690
7455,p,0.003780,0.054100,0.020000,17.961426,77.879849
7456,sp,0.018754,0.053750,0.021500,27.475830,94.003690
7457,s,0.023128,0.063650,0.022000,34.302979,108.778351
7458,ps,0.002840,0.088950,0.018500,52.639160,110.289786
7459,d,0.002385,0.014550,0.018500,61.919678,35.435393
7445,p,0.003780,0.055750,0.020000,36.176270,79.529849
7446,sp,0.018754,0.073900,0.019200,46.874268,111.853690
7447,p,0.003780,0.006950,0.018500,66.695312,29.229849
7448,dsp,0.002685,0.068100,0.018500,77.020020,89.284513
7449,d,0.002385,0.033750,0.020000,84.461914,56.135393
7460,d,0.002385,0.006350,0.019200,6.662842,27.935393
7461,p,0.003780,0.028900,0.022000,25.520508,54.679849
7462,sp,0.018754,0.006900,0.020000,34.736816,45.653690
7463,p,0.003780,0.080100,0.018500,52.902588,102.379849
7464,d,0.002385,0.004450,0.021500,62.119141,28.335393
7470,s,0.023128,0.004450,0.019200,6.788818,46.778351
7471,p,0.003780,0.128450,0.021500,25.201416,153.729849
7472,s,0.023128,0.007800,0.021500,34.276367,52.428351
7473,pp,0.002838,0.105250,0.018500,52.355225,126.588325
7474,ds,0.002343,0.015550,0.019200,61.802734,37.092513
7475,p,0.003780,0.064600,0.019200,18.253906,87.579849
7476,dp,0.002464,0.090850,0.020000,27.525146,113.314344
7477,sdp,0.018492,0.078150,0.020000,34.244385,116.641971
7478,p,0.003780,0.007050,0.022000,52.325195,32.829849
7479,dsdp,0.002604,0.052600,0.018500,61.590088,73.703992
7465,s,0.023128,0.020400,0.022000,8.063477,65.528351
7466,s,0.023128,0.056850,0.019200,15.876221,99.178351
7467,s,0.023128,0.025500,0.019200,23.441162,67.828351
7468,ps,0.002840,0.052350,0.020000,42.658691,75.189786
7469,d,0.002385,0.100250,0.021500,52.129883,124.135393
7480,s,0.023128,0.080450,0.018500,6.423096,122.078351
7481,s,0.023128,0.004750,0.019200,13.500732,47.078351
7482,p,0.003780,0.050000,0.019200,32.533447,72.979849
7483,ss,0.018821,0.137200,0.021500,41.914062,177.520769
7484,dss,0.002842,0.027050,0.021500,48.901855,51.391615
7490,d,0.002385,0.093350,0.020000,29.052979,115.735393
7491,d,0.002385,0.045950,0.021500,41.686279,69.835393
7492,dd,0.002426,0.083700,0.018500,48.917969,104.625915
7493,pd,0.002977,0.052350,0.020000,67.613525,75.327001
7494,s,0.023128,0.012550,0.021500,76.895996,57.178351
7485,p,0.003780,0.088250,0.019200,30.643066,111.229849
7486,s,0.023128,0.017500,0.021500,40.012939,62.128351
7487,ps,0.002840,0.069200,0.022000,58.514648,94.039786
7488,p,0.003780,0.012400,0.018500,79.383057,34.679849
7489,p,0.003780,0.056000,0.022000,100.106689,81.779849
7495,s,0.023128,0.121650,0.022000,6.520752,166.778351
7496,s,0.023128,0.032250,0.020000,13.504395,75.378351
7497,d,0.002385,0.004550,0.020000,20.612793,26.935393
7498,ps,0.002840,0.074750,0.019200,39.239502,96.789786
7499,p,0.003780,0.064850,0.022000,60.483398,90.629849
7500,s,0.023128,0.004850,0.022000,6.625000,49.978351
7501,ss,0.018821,0.004600,0.020000,13.558594,43.420769
7502,p,0.003780,0.052000,0.022000,32.419189,77.779849
7503,dss,0.002842,0.005000,0.021500,41.863281,29.341615
7504,d,0.002385,0.053700,0.020000,49.100586,76.085393
7505,p,0.003780,0.070750,0.020000,20.099121,94.529849
7506,p,0.003780,0.006950,0.020000,42.162598,30.729849
7507,sp,0.018754,0.028550,0.018500,52.204102,65.803690
7508,p,0.003780,0.103800,0.022000,71.541260,129.579849
7509,pp,0.002838,0.127850,0.020000,93.071045,150.688325
7510,p,0.003780,0.053800,0.020000,35.202393,77.579849
7511,d,0.002385,0.010950,0.020000,44.665527,33.335393
7512,p,0.003780,0.057750,0.021500,63.170898,83.029849
7513,p,0.003780,0.014350,0.019200,83.641602,37.329849
7514,sp,0.018754,0.071500,0.020000,92.960449,110.253690
7515,d,0.002385,0.059500,0.022000,6.857178,83.885393
7516,sd,0.018668,0.049650,0.020000,13.856689,88.317773
7517,psd,0.003139,0.052650,0.020000,32.531006,75.788792
7518,dpsd,0.002649,0.082000,0.022000,42.090576,106.648851
7519,p,0.003780,0.040900,0.020000,61.258301,64.679849
7525,d,0.002385,0.007100,0.021500,17.962646,30.985393
7526,pd,0.002977,0.015850,0.018500,36.790283,37.327001
7527,spd,0.018317,0.009050,0.021500,45.941650,48.867325
7528,d,0.002385,0.049500,0.019200,53.304199,71.085393
7529,s,0.023128,0.075400,0.019200,60.337402,117.728351
7520,s,0.023128,0.034050,0.021500,6.502686,78.678351
7521,d,0.002385,0.014150,0.021500,13.674805,38.035393
7522,s,0.023128,0.013950,0.019200,20.699219,56.278351
7523,dd,0.002426,0.066750,0.019200,27.776611,88.375915
7524,ddd,0.002493,0.019350,0.020000,35.411377,41.843417
7530,s,0.023128,0.010350,0.018500,22.692627,51.978351
7531,p,0.003780,0.099050,0.020000,41.968994,122.829849
7532,s,0.023128,0.004700,0.021500,51.700195,49.328351
7533,dp,0.002464,0.026150,0.019200,58.844971,47.814344
7534,d,0.002385,0.031550,0.021500,65.960205,55.435393
7535,s,0.023128,0.101750,0.018500,8.974609,143.378351
7536,ds,0.002343,0.080700,0.021500,16.101074,104.542513
7537,d,0.002385,0.081250,0.022000,23.231689,105.635393
7538,sds,0.018566,0.075150,0.021500,30.024170,115.216086
7539,s,0.023128,0.083300,0.020000,36.752441,126.428351
7540,s,0.023128,0.051000,0.022000,9.775391,96.128351
7541,ps,0.002840,0.117150,0.022000,29.396973,141.989786
7542,dps,0.002445,0.074050,0.020000,39.529053,96.494936
7543,s,0.023128,0.068250,0.020000,46.717285,111.378351
7544,s,0.023128,0.005350,0.021500,53.973145,49.978351
7550,p,0.003780,0.103750,0.020000,22.033447,127.529849
7551,s,0.023128,0.052650,0.021500,31.541748,97.278351
7552,d,0.002385,0.101750,0.018500,38.970459,122.635393
7553,dp,0.002464,0.122000,0.018500,46.250488,142.964344
7554,ds,0.002343,0.038150,0.018500,53.696289,58.992513
7545,d,0.002385,0.084800,0.018500,8.318115,105.685393
7546,p,0.003780,0.014800,0.018500,30.555664,37.079849
7547,sd,0.018668,0.014900,0.021500,40.564941,55.067773
7548,ssd,0.018735,0.057800,0.019200,47.711426,95.734503
7549,sp,0.018754,0.010200,0.021500,54.863281,50.453690
7555,s,0.023128,0.006150,0.018500,22.436279,47.778351
7556,s,0.023128,0.028800,0.020000,30.081055,71.928351
7557,ss,0.018821,0.005200,0.018500,36.985596,42.520769
7558,s,0.023128,0.071500,0.019200,43.866699,113.828351
7559,sss,0.019288,0.005750,0.021500,50.671875,46.538093
7560,p,0.003780,0.054850,0.021500,33.813477,80.129849
7561,s,0.023128,0.004450,0.020000,43.047363,47.578351
7562,p,0.003780,0.007150,0.018500,61.460938,29.429849
7563,s,0.023128,0.053800,0.021500,70.701660,98.428351
7564,ss,0.018821,0.008450,0.021500,77.600098,48.770769
7565,s,0.023128,0.038800,0.020000,23.497070,81.928351
7566,s,0.023128,0.027900,0.019200,31.220947,70.228351
7567,ss,0.018821,0.037250,0.022000,38.069580,78.070769
7568,p,0.003780,0.012050,0.021500,56.626953,37.329849
7569,p,0.003780,0.017250,0.019200,77.365723,40.229849
7570,d,0.002385,0.062100,0.020000,14.021729,84.485393
7571,p,0.003780,0.129300,0.019200,35.075439,152.279849
7572,pd,0.002977,0.057750,0.018500,59.876953,79.227001
7573,sp,0.018754,0.058650,0.019200,69.657959,96.603690
7574,dpd,0.002513,0.141900,0.020000,77.131836,164.412673
7575,p,0.003780,0.043600,0.019200,18.479492,66.579849
7576,d,0.002385,0.036650,0.022000,29.306885,61.035393
7577,d,0.002385,0.128600,0.019200,36.835449,150.185393
7578,pd,0.002977,0.094250,0.019200,56.838379,116.427001
7579,d,0.002385,0.005050,0.021500,66.808594,28.935393
7580,s,0.023128,0.006550,0.019200,6.600830,48.878351
7581,s,0.023128,0.078050,0.019200,13.677734,120.378351
7582,ps,0.002840,0.074450,0.021500,32.083008,98.789786
7583,d,0.002385,0.042950,0.020000,41.584229,65.335393
7584,ss,0.018821,0.004350,0.021500,48.669922,44.670769
7585,s,0.023128,0.051400,0.019200,6.511963,93.728351
7586,s,0.023128,0.004550,0.018500,13.616943,46.178351
7587,ps,0.002840,0.023750,0.018500,32.257812,45.089786
7588,sps,0.018360,0.049500,0.018500,41.785889,86.360251
7589,p,0.003780,0.015250,0.022000,60.588623,41.029849
7590,s,0.023128,0.122000,0.020000,21.237549,165.128351
7591,s,0.023128,0.075400,0.021500,28.782227,120.028351
7592,p,0.003780,0.005750,0.022000,47.453613,31.529849
7593,p,0.003780,0.009000,0.022000,68.323975,34.779849
7594,dp,0.002464,0.012900,0.020000,78.498779,35.364344
7595,d,0.002385,0.019350,0.020000,6.806885,41.735393
7596,dd,0.002426,0.007900,0.018500,14.180908,28.825915
7597,p,0.003780,0.028550,0.021500,33.466309,53.829849
7598,s,0.023128,0.075150,0.019200,43.637451,117.478351
7599,s,0.023128,0.014300,0.018500,51.320557,55.928351
7600,s,0.023128,0.105950,0.022000,6.533691,151.078351
7601,s,0.023128,0.086150,0.022000,13.796143,131.278351
7602,p,0.003780,0.015150,0.019200,32.962646,38.129849
7603,ss,0.018821,0.051600,0.021500,42.207764,91.920769
7604,p,0.003780,0.005300,0.022000,61.190674,31.079849
7605,d,0.002385,0.065750,0.018500,6.916992,86.635393
7606,p,0.003780,0.006700,0.022000,25.489014,32.479849
7607,pd,0.002977,0.071500,0.020000,46.187012,94.477001
7608,s,0.023128,0.009900,0.019200,55.437988,52.228351
7609,p,0.003780,0.007100,0.021500,74.240967,32.379849
7610,p,0.003780,0.171950,0.018500,25.976807,194.229849
7611,sp,0.018754,0.013850,0.020000,36.149170,52.603690
7612,p,0.003780,0.013100,0.019200,55.710938,36.079849
7613,s,0.023128,0.034500,0.021500,65.279541,79.128351
7614,s,0.023128,0.034600,0.018500,72.273193,76.228351
7615,p,0.003780,0.065500,0.018500,34.685059,87.779849
7616,p,0.003780,0.004750,0.022000,55.193604,30.529849
7617,pp,0.002838,0.012900,0.020000,75.675049,35.738325
7618,p,0.003780,0.027600,0.019200,96.373535,50.579849
7619,p,0.003780,0.025250,0.018500,116.787354,47.529849
7620,d,0.002385,0.089250,0.018500,22.885986,110.135393
7621,p,0.003780,0.027500,0.022000,42.149658,53.279849
7622,d,0.002385,0.046050,0.018500,52.304932,66.935393
7623,pd,0.002977,0.040200,0.020000,72.669922,63.177001
7624,ppd,0.002827,0.007300,0.021500,96.142334,31.626719
7630,s,0.023128,0.007850,0.021500,6.611572,52.478351
7631,s,0.023128,0.013850,0.018500,13.568604,55.478351
7632,p,0.003780,0.090250,0.022000,32.337646,116.029849
7633,d,0.002385,0.043950,0.020000,41.879639,66.335393
7634,ss,0.018821,0.005050,0.019200,48.891113,43.070769
7625,d,0.002385,0.009300,0.020000,13.654541,31.685393
7626,d,0.002385,0.045950,0.018500,22.217041,66.835393
7627,d,0.002385,0.057000,0.019200,30.072998,78.585393
7628,d,0.002385,0.020000,0.021500,37.786133,43.885393
7629,s,0.023128,0.022550,0.022000,45.457520,67.678351
7635,d,0.002385,0.091300,0.018500,22.375977,112.185393
7636,p,0.003780,0.046050,0.021500,41.620117,71.329849
7637,s,0.023128,0.014450,0.021500,51.384277,59.078351
7638,ss,0.018821,0.008250,0.018500,58.309570,45.570769
7639,p,0.003780,0.036700,0.020000,77.159424,60.479849
7640,s,0.023128,0.080450,0.020000,18.168213,123.578351
7641,s,0.023128,0.004850,0.019200,25.552490,47.178351
7642,s,0.023128,0.017650,0.018500,32.638672,59.278351
7643,p,0.003780,0.019350,0.022000,50.958252,45.129849
7644,pp,0.002838,0.136450,0.022000,71.441406,161.288325
7650,s,0.023128,0.006700,0.020000,6.664551,49.828351
7651,ps,0.002840,0.004750,0.021500,26.033203,29.089786
7652,s,0.023128,0.030100,0.022000,36.580322,75.228351
7653,p,0.003780,0.057900,0.020000,57.069824,81.679849
7654,s,0.023128,0.071850,0.019200,66.782959,114.178351
7645,s,0.023128,0.094900,0.020000,6.582764,138.028351
7646,p,0.003780,0.009400,0.019200,25.524658,32.379849
7647,d,0.002385,0.004150,0.020000,35.066406,26.535393
7648,s,0.023128,0.116750,0.022000,42.229248,161.878351
7649,dp,0.002464,0.153000,0.021500,49.492188,176.964344
7655,d,0.002385,0.026400,0.021500,9.263184,50.285393
7656,s,0.023128,0.018250,0.020000,17.862305,61.378351
7657,ds,0.002343,0.008250,0.020000,26.521729,30.592513
7658,s,0.023128,0.005700,0.022000,33.621094,50.828351
7659,ps,0.002840,0.004500,0.022000,52.891846,29.339786
7660,d,0.002385,0.101550,0.019200,22.563721,123.135393
7661,d,0.002385,0.016900,0.019200,30.241699,38.485393
7662,d,0.002385,0.091600,0.022000,37.390625,115.985393
7663,p,0.003780,0.011000,0.022000,56.237061,36.779849
7664,p,0.003780,0.004900,0.018500,77.016602,27.179849
7670,p,0.003780,0.005150,0.022000,19.072998,30.929849
7671,d,0.002385,0.008250,0.022000,30.071777,32.635393
7672,dp,0.002464,0.010400,0.020000,37.220215,32.864344
7673,s,0.023128,0.033300,0.020000,44.158936,76.428351
7674,p,0.003780,0.078300,0.022000,62.691650,104.079849
7665,d,0.002385,0.003700,0.020000,20.645264,26.085393
7666,s,0.023128,0.005350,0.020000,28.157959,48.478351
7667,d,0.002385,0.070400,0.019200,35.594727,91.985393
7668,dd,0.002426,0.016950,0.018500,42.622314,37.875915
7669,pd,0.002977,0.014350,0.018500,61.131104,35.827001
7675,p,0.003780,0.041650,0.018500,18.212402,63.929849
7676,s,0.023128,0.005200,0.022000,28.808594,50.328351
7677,s,0.023128,0.082300,0.020000,35.624268,125.428351
7678,ss,0.018821,0.006450,0.022000,42.377930,47.270769
7679,sss,0.019288,0.006750,0.022000,49.253174,48.038093
7680,d,0.002385,0.022800,0.022000,9.302734,47.185393
7681,p,0.003780,0.026600,0.022000,33.908203,52.379849
7682,p,0.003780,0.107950,0.018500,55.900391,130.229849
7683,sp,0.018754,0.055100,0.019200,65.360840,93.053690
7684,sp,0.018754,0.127700,0.018500,72.320801,164.953690
7685,p,0.003780,0.091350,0.019200,33.694580,114.329849
7686,dp,0.002464,0.051950,0.021500,43.026123,75.914344
7687,sdp,0.018492,0.090450,0.020000,49.731445,128.941971
7688,s,0.023128,0.112800,0.019200,56.354492,155.128351
7689,p,0.003780,0.085950,0.021500,74.581543,111.229849
7690,p,0.003780,0.012700,0.021500,28.736572,37.979849
7691,p,0.003780,0.061300,0.022000,49.379395,87.079849
7692,pp,0.002838,0.066450,0.019200,69.842529,88.488325
7693,s,0.023128,0.082150,0.018500,79.340088,123.778351
7694,p,0.003780,0.007000,0.021500,98.661377,32.279849
7695,s,0.023128,0.059850,0.019200,6.577393,102.178351
7696,d,0.002385,0.083100,0.019200,14.017090,104.685393
7697,p,0.003780,0.006700,0.018500,33.713867,28.979849
7698,d,0.002385,0.003700,0.019200,43.421143,25.285393
7699,ss,0.018821,0.054000,0.019200,50.491455,92.020769
7700,p,0.003780,0.026350,0.021500,18.039795,51.629849
7701,p,0.003780,0.012800,0.018500,38.739258,35.079849
7702,p,0.003780,0.005050,0.021500,59.573486,30.329849
7703,dp,0.002464,0.007900,0.020000,69.264160,30.364344
7704,pd,0.002977,0.022400,0.019200,87.809326,44.577001
7710,s,0.023128,0.073550,0.018500,21.771240,115.178351
7711,ps,0.002840,0.080950,0.018500,42.099121,102.289786
7712,pps,0.002854,0.071500,0.021500,64.969482,95.854053
7713,s,0.023128,0.049250,0.019200,74.757568,91.578351
7714,p,0.003780,0.008400,0.022000,94.106445,34.179849
7705,d,0.002385,0.034550,0.019200,8.118408,56.135393
7706,p,0.003780,0.106250,0.019200,29.596680,129.229849
7707,pd,0.002977,0.046050,0.021500,50.035156,70.527001
7708,p,0.003780,0.005850,0.019200,70.822998,28.829849
7709,pp,0.002838,0.041850,0.022000,91.916748,66.688325
7720,p,0.003780,0.056700,0.020000,28.231201,80.479849
7721,p,0.003780,0.007900,0.022000,48.961426,33.679849
7722,pp,0.002838,0.086450,0.021500,69.726318,110.788325
7723,dpp,0.002514,0.037100,0.022000,79.902588,61.614416
7724,p,0.003780,0.070050,0.018500,100.997559,92.329849
7715,s,0.023128,0.106800,0.019200,10.344238,149.128351
7716,d,0.002385,0.061100,0.018500,20.702637,81.985393
7717,d,0.002385,0.012650,0.021500,28.161377,36.535393
7718,sd,0.018668,0.053250,0.019200,35.247070,91.117773
7719,d,0.002385,0.004150,0.022000,42.465576,28.535393
7730,s,0.023128,0.063450,0.018500,23.413818,105.078351
7731,p,0.003780,0.057850,0.018500,43.063721,80.129849
7732,s,0.023128,0.017600,0.019200,52.411621,59.928351
7733,sp,0.018754,0.132600,0.018500,59.431885,169.853690
7734,ds,0.002343,0.024200,0.021500,66.958984,48.042513
7725,d,0.002385,0.135250,0.019200,9.831299,156.835393
7726,p,0.003780,0.003700,0.021500,28.660156,28.979849
7727,d,0.002385,0.031550,0.018500,38.160156,52.435393
7728,sd,0.018668,0.032000,0.019200,45.566650,69.867773
7729,dp,0.002464,0.004150,0.022000,53.403809,28.614344
7735,d,0.002385,0.006000,0.019200,6.729492,27.585393
7736,s,0.023128,0.072950,0.020000,13.978027,116.078351
7737,d,0.002385,0.079450,0.021500,21.327393,103.335393
7738,dd,0.002426,0.007100,0.020000,28.948486,29.525915
7739,s,0.023128,0.012150,0.019200,36.217773,54.478351
7750,s,0.023128,0.048300,0.019200,22.915283,90.628351
7751,ds,0.002343,0.080850,0.021500,30.750732,104.692513
7752,p,0.003780,0.010500,0.022000,49.678223,36.279849
7753,sds,0.018566,0.007300,0.018500,59.262695,44.366086
7754,p,0.003780,0.007200,0.022000,78.394287,32.979849
7740,p,0.003780,0.013550,0.022000,35.378418,39.329849
7741,p,0.003780,0.085750,0.018500,56.262451,108.029849
7742,sp,0.018754,0.054250,0.022000,65.678711,95.003690
7743,p,0.003780,0.023050,0.020000,84.301270,46.829849
7744,dp,0.002464,0.041300,0.022000,93.887939,65.764344
7745,d,0.002385,0.038850,0.018500,22.356445,59.735393
7746,pd,0.002977,0.098500,0.022000,42.727783,123.477001
7747,d,0.002385,0.122600,0.020000,52.613525,144.985393
7748,sd,0.018668,0.079400,0.019200,59.820801,117.267773
7749,d,0.002385,0.074550,0.021500,67.119873,98.435393
7760,d,0.002385,0.019000,0.018500,19.836426,39.885393
7761,pd,0.002977,0.024100,0.019200,38.927246,46.277001
7762,s,0.023128,0.014450,0.020000,48.090088,57.578351
7763,spd,0.018317,0.015850,0.022000,54.871094,56.167325
7764,psp,0.002926,0.074300,0.022000,73.256592,99.225658
7755,d,0.002385,0.058950,0.021500,23.673828,82.835393
7756,pd,0.002977,0.072650,0.022000,43.317627,97.627001
7757,p,0.003780,0.012250,0.018500,64.143066,34.529849
7758,s,0.023128,0.049650,0.020000,73.360840,92.778351
7759,spd,0.018317,0.022300,0.020000,80.235596,60.617325
7765,p,0.003780,0.030700,0.020000,36.097900,54.479849
7766,s,0.023128,0.004550,0.020000,45.449463,47.678351
7767,d,0.002385,0.011800,0.020000,52.775391,34.185393
7768,dd,0.002426,0.006750,0.019200,60.062256,28.375915
7769,pp,0.002838,0.051850,0.018500,78.648438,73.188325
7770,d,0.002385,0.069750,0.018500,22.442627,90.635393
7771,p,0.003780,0.013600,0.020000,41.371338,37.379849
7772,pd,0.002977,0.082650,0.020000,62.130859,105.627001
7773,d,0.002385,0.004750,0.019200,71.438965,26.335393
7774,s,0.023128,0.021700,0.020000,78.276855,64.828351
7775,d,0.002385,0.005600,0.022000,9.476562,29.985393
7776,d,0.002385,0.050300,0.021500,22.757568,74.185393
7777,d,0.002385,0.100950,0.022000,32.496582,125.335393
7778,p,0.003780,0.004900,0.019200,50.821289,27.879849
7779,dd,0.002426,0.061800,0.018500,60.098145,82.725915
7780,d,0.002385,0.021700,0.019200,12.052490,43.285393
7781,s,0.023128,0.036200,0.018500,19.088379,77.828351
7782,s,0.023128,0.008750,0.020000,25.861572,51.878351
7783,ps,0.002840,0.006600,0.022000,44.754150,31.439786
7784,dps,0.002445,0.034600,0.019200,54.171631,56.244936
7790,p,0.003780,0.056100,0.021500,18.192383,81.379849
7791,p,0.003780,0.061050,0.020000,39.284912,84.829849
7792,dp,0.002464,0.140100,0.021500,48.921387,164.064344
7793,d,0.002385,0.004750,0.021500,56.140381,28.635393
7794,s,0.023128,0.061900,0.018500,63.148438,103.528351
7785,d,0.002385,0.070650,0.019200,6.803955,92.235393
7786,sd,0.018668,0.010500,0.021500,13.923828,50.667773
7787,d,0.002385,0.085050,0.022000,21.160645,109.435393
7788,sd,0.018668,0.086150,0.022000,28.082520,126.817773
7789,s,0.023128,0.004050,0.022000,34.786133,49.178351
7795,s,0.023128,0.072650,0.018500,8.182861,114.278351
7796,s,0.023128,0.081800,0.018500,15.783203,123.428351
7797,ss,0.018821,0.114950,0.019200,22.664062,152.970769
7798,s,0.023128,0.021000,0.019200,29.464111,63.328351
7799,ps,0.002840,0.087600,0.018500,50.006348,108.939786
7800,s,0.023128,0.014600,0.019200,6.460449,56.928351
7801,p,0.003780,0.086150,0.022000,24.914795,111.929849
7802,d,0.002385,0.004700,0.019200,34.345703,26.285393
7803,s,0.023128,0.049550,0.019200,41.243408,91.878351
7804,sd,0.018668,0.005150,0.019200,48.005615,43.017773
7805,d,0.002385,0.098850,0.018500,6.675049,119.735393
7806,pd,0.002977,0.091150,0.018500,25.669434,112.627001
7807,s,0.023128,0.084250,0.021500,34.797607,128.878351
7808,ppd,0.002827,0.025100,0.018500,52.956299,46.426719
7809,p,0.003780,0.004850,0.019200,73.323975,27.829849
7815,p,0.003780,0.051000,0.022000,21.496582,76.779849
7816,p,0.003780,0.009050,0.020000,42.969971,32.829849
7817,sp,0.018754,0.054550,0.019200,52.451660,92.503690
7818,d,0.002385,0.007100,0.021500,59.826416,30.985393
7819,pd,0.002977,0.012150,0.021500,78.583984,36.627001
7820,d,0.002385,0.086450,0.020000,22.978516,108.835393
7821,s,0.023128,0.050000,0.019200,30.759277,92.328351
7822,p,0.003780,0.071600,0.022000,49.374756,97.379849
7823,d,0.002385,0.018150,0.019200,58.601562,39.735393
7824,dp,0.002464,0.017150,0.020000,65.671875,39.614344
7810,d,0.002385,0.027350,0.019200,20.102051,48.935393
7811,d,0.002385,0.006600,0.020000,28.994873,28.985393
7812,p,0.003780,0.003950,0.021500,49.327637,29.229849
7813,d,0.002385,0.015650,0.019200,59.668945,37.235393
7814,s,0.023128,0.007000,0.018500,66.934570,48.628351
7830,p,0.003780,0.057750,0.020000,18.696533,81.529849
7831,p,0.003780,0.006000,0.021500,40.031250,31.279849
7832,d,0.002385,0.039500,0.020000,49.700684,61.885393
7833,dd,0.002426,0.027250,0.018500,56.874268,48.175915
7834,p,0.003780,0.006000,0.022000,75.464111,31.779849
7825,p,0.003780,0.040350,0.021500,19.464355,65.629849
7826,p,0.003780,0.005350,0.018500,40.709961,27.629849
7827,dp,0.002464,0.043650,0.022000,50.630615,68.114344
7828,p,0.003780,0.007150,0.021500,69.356689,32.429849
7829,sdp,0.018492,0.100450,0.022000,78.761475,140.941971
7835,p,0.003780,0.100350,0.018500,18.614746,122.629849
7836,p,0.003780,0.101700,0.022000,40.238037,127.479849
7837,dp,0.002464,0.117300,0.019200,49.678467,138.964344
7838,p,0.003780,0.007100,0.021500,68.512695,32.379849
7839,d,0.002385,0.007550,0.018500,78.168213,28.435393
7840,s,0.023128,0.020350,0.020000,6.469727,63.478351
7841,d,0.002385,0.005350,0.022000,14.036621,29.735393
7842,d,0.002385,0.038850,0.022000,21.795166,63.235393
7843,pd,0.002977,0.028950,0.021500,40.909180,53.427001
7844,dpd,0.002513,0.084000,0.020000,50.551270,106.512673
7845,s,0.023128,0.004900,0.021500,6.461182,49.528351
7846,ss,0.018821,0.005150,0.018500,13.593018,42.470769
7847,dss,0.002842,0.004550,0.018500,20.918213,25.891615
7848,p,0.003780,0.075750,0.019200,40.111572,98.729849
7849,s,0.023128,0.095400,0.022000,49.656250,140.528351
7855,s,0.023128,0.022500,0.021500,23.136230,67.128351
7856,p,0.003780,0.138300,0.019200,42.731689,161.279849
7857,s,0.023128,0.093950,0.020000,51.998291,137.078351
7858,d,0.002385,0.060500,0.018500,59.299316,81.385393
7859,ps,0.002840,0.008600,0.018500,77.874756,29.939786
7850,d,0.002385,0.011500,0.020000,19.542969,33.885393
7851,p,0.003780,0.047100,0.019200,38.720215,70.079849
7852,dp,0.002464,0.037700,0.022000,48.090576,62.164344
7853,p,0.003780,0.005300,0.020000,66.343506,29.079849
7854,s,0.023128,0.094050,0.021500,75.404541,138.678351
7860,s,0.023128,0.028550,0.019200,21.670166,70.878351
7861,p,0.003780,0.005500,0.018500,43.235840,27.779849
7862,ss,0.018821,0.005750,0.021500,54.368164,46.070769
7863,s,0.023128,0.068050,0.022000,61.445312,113.178351
7864,ss,0.018821,0.047650,0.022000,68.405762,88.470769
7865,p,0.003780,0.004800,0.021500,29.297852,30.079849
7866,dp,0.002464,0.008750,0.022000,38.711182,33.214344
7867,s,0.023128,0.087450,0.019200,45.512451,129.778351
7868,ddp,0.002502,0.005350,0.018500,52.360840,26.351712
7869,sdd,0.018511,0.004500,0.019200,59.670166,42.210933
7870,d,0.002385,0.016750,0.020000,23.627197,39.135393
7871,s,0.023128,0.077000,0.020000,31.222656,120.128351
7872,p,0.003780,0.122000,0.021500,49.776611,147.279849
7873,sp,0.018754,0.011100,0.021500,58.870605,51.353690
7874,ss,0.018821,0.064750,0.019200,65.638672,102.770769
7875,d,0.002385,0.040200,0.018500,9.441895,61.085393
7876,d,0.002385,0.118250,0.020000,16.640381,140.635393
7877,sd,0.018668,0.102150,0.020000,23.580322,140.817773
7878,psd,0.003139,0.031350,0.022000,42.217041,56.488792
7879,pd,0.002977,0.039650,0.020000,63.430420,62.627001
7880,p,0.003780,0.007200,0.019200,35.291992,30.179849
7881,s,0.023128,0.038450,0.019200,44.768066,80.778351
7882,p,0.003780,0.075550,0.021500,63.455566,100.829849
7883,dp,0.002464,0.083800,0.021500,73.125732,107.764344
7884,ps,0.002840,0.029450,0.019200,91.756104,51.489786
7885,p,0.003780,0.010050,0.018500,18.102051,32.329849
7886,s,0.023128,0.120400,0.020000,27.742676,163.528351
7887,s,0.023128,0.047100,0.021500,34.787598,91.728351
7888,p,0.003780,0.006050,0.020000,53.378906,29.829849
7889,d,0.002385,0.065750,0.019200,62.803467,87.335393
7890,p,0.003780,0.143900,0.019200,18.444824,166.879849
7891,d,0.002385,0.005450,0.020000,28.479492,27.835393
7892,dd,0.002426,0.005750,0.022000,36.304932,30.175915
7893,d,0.002385,0.111100,0.022000,43.708252,135.485393
7894,d,0.002385,0.086350,0.018500,51.142334,107.235393
7895,d,0.002385,0.004800,0.021500,8.602295,28.685393
7896,p,0.003780,0.051000,0.019200,27.985596,73.979849
7897,d,0.002385,0.004650,0.022000,38.030029,29.035393
7898,p,0.003780,0.007500,0.022000,56.927246,33.279849
7899,dp,0.002464,0.070250,0.021500,66.690918,94.214344
7900,s,0.023128,0.065250,0.022000,7.045898,110.378351
7901,d,0.002385,0.072600,0.018500,15.282959,93.485393
7902,s,0.023128,0.004800,0.020000,22.865479,47.928351
7903,sd,0.018668,0.082800,0.021500,30.219482,122.967773
7904,p,0.003780,0.008700,0.021500,49.791504,33.979849
7905,s,0.023128,0.020150,0.021500,6.575439,64.778351
7906,p,0.003780,0.067950,0.022000,25.255859,93.729849
7907,s,0.023128,0.054600,0.022000,34.543701,99.728351
7908,ss,0.018821,0.010550,0.021500,41.421875,50.870769
7909,s,0.023128,0.006050,0.018500,48.297363,47.678351
7910,d,0.002385,0.012450,0.018500,6.687500,33.335393
7911,p,0.003780,0.025250,0.018500,25.366211,47.529849
7912,d,0.002385,0.066100,0.018500,34.881104,86.985393
7913,p,0.003780,0.008200,0.022000,53.665283,33.979849
7914,dp,0.002464,0.007650,0.019200,63.295654,29.314344
7915,d,0.002385,0.084800,0.021500,22.964844,108.685393
7916,s,0.023128,0.005050,0.018500,30.033936,46.678351
7917,s,0.023128,0.051850,0.018500,36.849365,93.478351
7918,p,0.003780,0.024300,0.020000,55.275391,48.079849
7919,ss,0.018821,0.005700,0.019200,64.480469,43.720769
7930,d,0.002385,0.032250,0.022000,22.960938,56.635393
7931,p,0.003780,0.087650,0.019200,41.923096,110.629849
7932,p,0.003780,0.022800,0.022000,62.499268,48.579849
7933,p,0.003780,0.007250,0.022000,83.507080,33.029849
7934,sp,0.018754,0.027900,0.022000,93.103760,68.653690
7925,d,0.002385,0.005050,0.022000,10.385010,29.435393
7926,s,0.023128,0.054300,0.020000,18.136475,97.428351
7927,ps,0.002840,0.084650,0.022000,38.603271,109.489786
7928,s,0.023128,0.004950,0.021500,48.486084,49.578351
7929,d,0.002385,0.131650,0.021500,56.074951,155.535393
7935,s,0.023128,0.014800,0.021500,22.681396,59.428351
7936,s,0.023128,0.058850,0.020000,30.490234,101.978351
7937,d,0.002385,0.089800,0.020000,37.512939,112.185393
7938,p,0.003780,0.025500,0.022000,56.079102,51.279849
7939,d,0.002385,0.005000,0.018500,65.588623,25.885393
7920,s,0.023128,0.099150,0.018500,21.876709,140.778351
7921,ds,0.002343,0.060650,0.019200,29.707764,82.192513
7922,p,0.003780,0.065250,0.021500,48.361816,90.529849
7923,p,0.003780,0.005550,0.020000,69.212402,29.329849
7924,sp,0.018754,0.004750,0.020000,78.250977,43.503690
7945,p,0.003780,0.010300,0.021500,18.546875,35.579849
7946,p,0.003780,0.047250,0.020000,39.804199,71.029849
7947,dp,0.002464,0.008200,0.019200,49.639160,29.864344
7948,sp,0.018754,0.090100,0.021500,56.539307,130.353690
7949,p,0.003780,0.070650,0.018500,76.000732,92.929849
7940,d,0.002385,0.075250,0.022000,23.835938,99.635393
7941,s,0.023128,0.005900,0.018500,31.385986,47.528351
7942,s,0.023128,0.007900,0.020000,38.227295,51.028351
7943,d,0.002385,0.094750,0.021500,45.108154,118.635393
7944,pd,0.002977,0.035400,0.019200,63.427002,57.577001
7950,s,0.023128,0.075550,0.020000,23.328125,118.678351
7951,ss,0.018821,0.089850,0.021500,31.457275,130.170769
7952,d,0.002385,0.011800,0.018500,38.429688,32.685393
7953,sd,0.018668,0.005100,0.019200,45.032471,42.967773
7954,dss,0.002842,0.073250,0.019200,51.899414,95.291615
7955,d,0.002385,0.125150,0.019200,7.486084,146.735393
7956,pd,0.002977,0.056700,0.020000,27.538086,79.677001
7957,d,0.002385,0.073900,0.018500,37.333252,94.785393
7958,d,0.002385,0.011400,0.018500,44.727539,32.285393
7959,dd,0.002426,0.065050,0.022000,52.033691,89.475915
7965,d,0.002385,0.009050,0.021500,8.859375,32.935393
7966,p,0.003780,0.017650,0.019200,27.489990,40.629849
7967,s,0.023128,0.012000,0.020000,36.549805,55.128351
7968,sp,0.018754,0.105250,0.019200,43.279297,143.203690
7969,ssp,0.018787,0.018050,0.018500,50.029785,55.337195
7960,d,0.002385,0.045800,0.022000,23.829590,70.185393
7961,s,0.023128,0.005400,0.022000,31.413330,50.528351
7962,p,0.003780,0.099750,0.020000,50.150391,123.529849
7963,p,0.003780,0.012550,0.018500,72.732178,34.829849
7964,pp,0.002838,0.013100,0.021500,96.176270,37.438325
7970,p,0.003780,0.009900,0.020000,39.122803,33.679849
7971,d,0.002385,0.004500,0.020000,49.094482,26.885393
7972,d,0.002385,0.112250,0.020000,56.401123,134.635393
7973,sd,0.018668,0.004400,0.019200,63.426025,42.267773
7974,ps,0.002840,0.005500,0.021500,82.191162,29.839786
7975,s,0.023128,0.071650,0.021500,29.108887,116.278351
7976,p,0.003780,0.014900,0.020000,50.678467,38.679849
7977,p,0.003780,0.004200,0.020000,71.502930,27.979849
7978,dp,0.002464,0.012750,0.020000,81.075439,35.214344
7979,ds,0.002343,0.093800,0.021500,88.446777,117.642513
7980,p,0.003780,0.016600,0.022000,18.177490,42.379849
7981,pp,0.002838,0.012750,0.020000,39.247803,35.588325
7982,d,0.002385,0.004350,0.018500,49.033936,25.235393
7983,s,0.023128,0.099350,0.019200,56.155518,141.678351
7984,s,0.023128,0.032250,0.020000,63.219238,75.378351
7985,p,0.003780,0.017900,0.020000,21.251221,41.679849
7986,p,0.003780,0.025100,0.022000,43.247803,50.879849
7987,p,0.003780,0.005550,0.020000,64.340332,29.329849
7988,dp,0.002464,0.024500,0.018500,74.019531,45.464344
7989,d,0.002385,0.006450,0.019200,81.401123,28.035393
7990,s,0.023128,0.006200,0.020000,17.307617,49.328351
7991,d,0.002385,0.067000,0.018500,24.462646,87.885393
7992,sd,0.018668,0.059850,0.021500,31.345703,100.017773
7993,dsd,0.002613,0.088550,0.021500,38.409180,112.662551
7994,d,0.002385,0.004750,0.021500,45.558350,28.635393
8000,s,0.023128,0.005200,0.019200,9.772217,47.528351
8001,p,0.003780,0.119700,0.022000,31.221436,145.479849
8002,d,0.002385,0.015250,0.021500,42.407715,39.135393
8003,d,0.002385,0.043750,0.022000,50.839111,68.135393
8004,d,0.002385,0.006000,0.022000,58.881592,30.385393
8005,d,0.002385,0.014700,0.022000,29.157715,39.085393
8006,dd,0.002426,0.027450,0.020000,38.381348,49.875915
8007,pdd,0.003045,0.013050,0.019200,57.212158,35.294804
8008,s,0.023128,0.056600,0.018500,66.604004,98.228351
8009,dpd,0.002513,0.052150,0.018500,73.753418,73.162673
8010,s,0.023128,0.004050,0.020000,23.188965,47.178351
8011,p,0.003780,0.064500,0.018500,42.632812,86.779849
8012,ds,0.002343,0.003950,0.018500,52.123779,24.792513
8013,s,0.023128,0.011050,0.021500,58.928955,55.678351
8014,s,0.023128,0.115000,0.020000,65.657959,158.128351
7995,d,0.002385,0.014750,0.018500,6.981934,35.635393
7996,p,0.003780,0.057950,0.019200,26.345703,80.929849
7997,p,0.003780,0.023050,0.022000,47.269043,48.829849
7998,dp,0.002464,0.017200,0.022000,56.775635,41.664344
7999,s,0.023128,0.062750,0.019200,63.659424,105.078351
8020,p,0.003780,0.005150,0.021500,36.938232,30.429849
8021,s,0.023128,0.025100,0.021500,46.184082,69.728351
8022,p,0.003780,0.010000,0.022000,64.631836,35.779849
8023,ds,0.002343,0.045950,0.020000,73.963379,68.292513
8024,sds,0.018566,0.024350,0.019200,80.820557,62.116086
8025,p,0.003780,0.082150,0.022000,24.342773,107.929849
8026,p,0.003780,0.060550,0.018500,45.690186,82.829849
8027,p,0.003780,0.016000,0.019200,66.619873,38.979849
8028,d,0.002385,0.005350,0.019200,76.239258,26.935393
8029,d,0.002385,0.109500,0.022000,83.342041,133.885393
8015,s,0.023128,0.027950,0.022000,6.503174,73.078351
8016,p,0.003780,0.075900,0.018500,25.404785,98.179849
8017,dp,0.002464,0.035350,0.018500,35.004150,56.314344
8018,sdp,0.018492,0.059800,0.019200,42.086426,97.491971
8019,p,0.003780,0.014900,0.018500,61.494385,37.179849
8035,s,0.023128,0.020800,0.020000,16.848145,63.928351
8036,s,0.023128,0.066250,0.021500,24.049561,110.878351
8037,ds,0.002343,0.012000,0.020000,31.110596,34.342513
8038,dds,0.002685,0.019750,0.018500,38.242188,40.935273
8039,p,0.003780,0.094050,0.019200,57.158936,117.029849
8030,s,0.023128,0.004450,0.021500,23.309082,49.078351
8031,d,0.002385,0.057800,0.019200,31.343750,79.385393
8032,dd,0.002426,0.019850,0.021500,38.783447,43.775915
8033,ps,0.002840,0.004800,0.018500,57.696777,26.139786
8034,s,0.023128,0.056300,0.021500,67.158691,100.928351
8040,s,0.023128,0.008800,0.018500,6.382080,50.428351
8041,d,0.002385,0.089700,0.021500,13.601074,113.585393
8042,ds,0.002343,0.011150,0.018500,20.869385,31.992513
8043,d,0.002385,0.013500,0.019200,28.090576,35.085393
8044,pd,0.002977,0.005600,0.019200,46.688965,27.777001
8045,d,0.002385,0.040200,0.021500,6.686768,64.085393
8046,d,0.002385,0.005450,0.020000,14.075439,27.835393
8047,dd,0.002426,0.082000,0.022000,21.473145,106.425915
8048,pd,0.002977,0.004450,0.019200,40.182129,26.627001
8049,d,0.002385,0.006900,0.022000,49.562500,31.285393
8055,d,0.002385,0.019350,0.020000,6.818848,41.735393
8056,sd,0.018668,0.007500,0.020000,13.803467,46.167773
8057,p,0.003780,0.005000,0.021500,32.400146,30.279849
8058,ps,0.002840,0.011800,0.019200,53.272949,33.839786
8059,sp,0.018754,0.012050,0.022000,62.644531,52.803690
8050,d,0.002385,0.004950,0.021500,6.874512,28.835393
8051,p,0.003780,0.065750,0.022000,26.022705,91.529849
8052,pp,0.002838,0.064150,0.018500,46.816406,85.488325
8053,p,0.003780,0.005500,0.022000,67.542480,31.279849
8054,dpp,0.002514,0.121650,0.022000,76.895996,146.164416
8060,d,0.002385,0.017650,0.021500,6.911621,41.535393
8061,pd,0.002977,0.011100,0.021500,25.879883,35.577001
8062,d,0.002385,0.058850,0.018500,35.329834,79.735393
8063,dd,0.002426,0.090250,0.021500,42.321289,114.175915
8064,pdd,0.003045,0.056600,0.018500,60.515869,78.144804
8065,s,0.023128,0.018050,0.020000,6.945557,61.178351
8066,p,0.003780,0.078950,0.018500,26.371582,101.229849
8067,p,0.003780,0.095500,0.022000,47.101807,121.279849
8068,ps,0.002840,0.005150,0.019200,67.847412,27.189786
8069,p,0.003780,0.005550,0.020000,88.399902,29.329849
8070,d,0.002385,0.013650,0.020000,14.450684,36.035393
8071,s,0.023128,0.102900,0.022000,21.505615,148.028351
8072,p,0.003780,0.080950,0.019200,40.142090,103.929849
8073,d,0.002385,0.005350,0.021500,49.978760,29.235393
8074,pp,0.002838,0.091350,0.021500,68.767090,115.688325
8075,d,0.002385,0.027250,0.022000,22.642334,51.635393
8076,p,0.003780,0.015950,0.020000,42.311035,39.729849
8077,d,0.002385,0.004150,0.019200,52.390381,25.735393
8078,pp,0.002838,0.045150,0.018500,71.879639,66.488325
8079,p,0.003780,0.083800,0.019200,93.669189,106.779849
8080,d,0.002385,0.024400,0.021500,10.803223,48.285393
8081,s,0.023128,0.083800,0.021500,18.718750,128.428351
8082,d,0.002385,0.012900,0.022000,27.125244,37.285393
8083,d,0.002385,0.005350,0.019200,35.227295,26.935393
8084,sd,0.018668,0.004700,0.019200,42.786865,42.567773
8085,d,0.002385,0.144400,0.018500,23.803711,165.285393
8086,p,0.003780,0.016000,0.022000,43.037842,41.779849
8087,s,0.023128,0.005100,0.019200,52.350830,47.428351
8088,s,0.023128,0.020700,0.018500,59.395996,62.328351
8089,sp,0.018754,0.012800,0.022000,66.374512,53.553690
8090,p,0.003780,0.053750,0.018500,26.729736,76.029849
8091,dp,0.002464,0.121450,0.020000,36.426270,143.914344
8092,s,0.023128,0.006900,0.021500,43.494629,51.528351
8093,d,0.002385,0.005100,0.020000,50.657227,27.485393
8094,ss,0.018821,0.011350,0.022000,57.543945,52.170769
8095,s,0.023128,0.006100,0.022000,7.877930,51.228351
8096,p,0.003780,0.088950,0.020000,26.339355,112.729849
8097,d,0.002385,0.004950,0.018500,35.612793,25.835393
8098,ds,0.002343,0.006600,0.018500,43.050781,27.442513
8099,dd,0.002426,0.005000,0.018500,50.056641,25.925915
8105,d,0.002385,0.062500,0.022000,7.053467,86.885393
8106,d,0.002385,0.088150,0.018500,15.326904,109.035393
8107,p,0.003780,0.020150,0.022000,36.236084,45.929849
8108,pd,0.002977,0.057750,0.021500,58.253906,82.227001
8109,p,0.003780,0.004550,0.019200,79.036621,27.529849
8100,p,0.003780,0.012750,0.018500,18.000000,35.029849
8101,dp,0.002464,0.115000,0.022000,27.728760,139.464344
8102,s,0.023128,0.009750,0.019200,34.856934,52.078351
8103,s,0.023128,0.004150,0.022000,41.929443,49.278351
8104,ss,0.018821,0.016700,0.022000,49.117432,57.520769
8110,d,0.002385,0.061850,0.018500,23.790771,82.735393
8111,s,0.023128,0.071650,0.021500,31.438477,116.278351
8112,s,0.023128,0.010150,0.022000,38.342041,55.278351
8113,d,0.002385,0.003700,0.019200,45.291260,25.285393
8114,s,0.023128,0.034250,0.019200,52.586670,76.578351
8115,s,0.023128,0.006500,0.021500,6.678955,51.128351
8116,ps,0.002840,0.004350,0.020000,25.795654,27.189786
8117,p,0.003780,0.016300,0.018500,46.923584,38.579849
8118,d,0.002385,0.084600,0.019200,56.973633,106.185393
8119,sd,0.018668,0.054800,0.018500,64.034180,91.967773
8120,p,0.003780,0.050300,0.020000,18.381348,74.079849
8121,d,0.002385,0.075900,0.022000,28.306396,100.285393
8122,p,0.003780,0.005600,0.018500,47.194336,27.879849
8123,sp,0.018754,0.096450,0.022000,56.859131,137.203690
8124,d,0.002385,0.008100,0.021500,64.191895,31.985393
8125,s,0.023128,0.047200,0.022000,6.429688,92.328351
8126,p,0.003780,0.020150,0.018500,25.853516,42.429849
8127,p,0.003780,0.005550,0.022000,48.969727,31.329849
8128,p,0.003780,0.157100,0.021500,71.032471,182.379849
8129,sp,0.018754,0.049050,0.021500,80.690918,89.303690
8130,p,0.003780,0.009500,0.020000,26.872803,33.279849
8131,s,0.023128,0.101000,0.019200,36.195312,143.328351
8132,s,0.023128,0.005150,0.021500,43.087158,49.778351
8133,d,0.002385,0.029250,0.018500,50.564941,50.135393
8134,dp,0.002464,0.028250,0.018500,58.149902,49.214344
8140,d,0.002385,0.047100,0.021500,17.870850,70.985393
8141,s,0.023128,0.090100,0.019200,25.127441,132.428351
8142,pd,0.002977,0.049250,0.019200,43.951416,71.427001
8143,p,0.003780,0.076000,0.021500,64.888916,101.279849
8144,p,0.003780,0.003700,0.021500,85.830322,28.979849
8135,p,0.003780,0.018700,0.019200,35.568604,41.679849
8136,p,0.003780,0.060650,0.020000,56.652588,84.429849
8137,s,0.023128,0.005400,0.021500,65.838623,50.028351
8138,ps,0.002840,0.004600,0.019200,84.151367,26.639786
8139,pp,0.002838,0.069900,0.018500,104.870605,91.238325
8145,s,0.023128,0.011600,0.022000,6.843994,56.728351
8146,s,0.023128,0.060200,0.020000,14.346436,103.328351
8147,ps,0.002840,0.014300,0.018500,33.704590,35.639786
8148,s,0.023128,0.065150,0.018500,43.166504,106.778351
8149,ss,0.018821,0.043950,0.022000,50.085693,84.770769
8150,s,0.023128,0.058650,0.019200,6.618164,100.978351
8151,d,0.002385,0.071200,0.021500,14.011475,95.085393
8152,s,0.023128,0.129700,0.020000,21.060059,172.828351
8153,dd,0.002426,0.024100,0.018500,28.339111,45.025915
8154,pdd,0.003045,0.092150,0.021500,47.451172,116.694804
8155,d,0.002385,0.014000,0.019200,17.539307,35.585393
8156,p,0.003780,0.022800,0.022000,36.666504,48.579849
8157,dd,0.002426,0.004300,0.021500,46.216064,28.225915
8158,dp,0.002464,0.010500,0.020000,54.040771,32.964344
8159,p,0.003780,0.004850,0.022000,75.031982,30.629849
8160,s,0.023128,0.007550,0.019200,6.873047,49.878351
8161,p,0.003780,0.017200,0.022000,25.687988,42.979849
8162,s,0.023128,0.006900,0.018500,35.337158,48.528351
8163,dp,0.002464,0.090900,0.019200,42.802979,112.564344
8164,ss,0.018821,0.015700,0.018500,49.925293,53.020769
8165,s,0.023128,0.019000,0.018500,15.964844,60.628351
8166,ds,0.002343,0.071450,0.022000,23.525146,95.792513
8167,dds,0.002685,0.090100,0.022000,30.621338,114.785273
8168,s,0.023128,0.060150,0.019200,37.411377,102.478351
8169,s,0.023128,0.006150,0.018500,44.397461,47.778351
8170,d,0.002385,0.044450,0.021500,12.439209,68.335393
8171,d,0.002385,0.007600,0.019200,20.122559,29.185393
8172,dd,0.002426,0.021000,0.021500,27.566406,44.925915
8173,p,0.003780,0.027500,0.021500,46.568115,52.779849
8174,sd,0.018668,0.007950,0.018500,55.604248,45.117773
8175,s,0.023128,0.052350,0.018500,6.464111,93.978351
8176,d,0.002385,0.004900,0.019200,13.583740,26.485393
8177,ps,0.002840,0.083850,0.022000,31.977295,108.689786
8178,d,0.002385,0.088200,0.020000,41.350586,110.585393
8179,pd,0.002977,0.040200,0.019200,59.903564,62.377001
8180,p,0.003780,0.023100,0.021500,25.107910,48.379849
8181,p,0.003780,0.068400,0.018500,46.200684,90.679849
8182,dp,0.002464,0.015400,0.022000,55.698730,39.864344
8183,s,0.023128,0.105550,0.018500,62.739258,147.178351
8184,ps,0.002840,0.036300,0.022000,81.407715,61.139786
8190,d,0.002385,0.009600,0.019200,8.638672,31.185393
8191,p,0.003780,0.008050,0.020000,27.491211,31.829849
8192,p,0.003780,0.007250,0.021500,48.309814,32.529849
8193,s,0.023128,0.084500,0.022000,57.794678,129.628351
8194,ss,0.018821,0.090650,0.022000,67.274658,131.470769
8185,s,0.023128,0.004850,0.018500,13.861572,46.478351
8186,ds,0.002343,0.004750,0.018500,21.885498,25.592513
8187,p,0.003780,0.014150,0.021500,40.793457,39.429849
8188,ss,0.018821,0.006350,0.020000,50.188965,45.170769
8189,p,0.003780,0.088650,0.022000,68.857422,114.429849
8195,d,0.002385,0.079900,0.021500,7.734131,103.785393
8196,s,0.023128,0.095550,0.022000,15.917969,140.678351
8197,p,0.003780,0.006000,0.021500,35.958252,31.279849
8198,ds,0.002343,0.007150,0.022000,46.370361,31.492513
8199,dd,0.002426,0.059600,0.022000,53.507324,84.025915
8200,p,0.003780,0.005050,0.019200,33.174561,28.029849
8201,p,0.003780,0.005000,0.019200,53.631836,27.979849
8202,s,0.023128,0.086850,0.022000,62.850586,131.978351
8203,ds,0.002343,0.069850,0.018500,69.908203,90.692513
8204,s,0.023128,0.013950,0.019200,76.725830,56.278351
8210,p,0.003780,0.043500,0.018500,18.248291,65.779849
8211,sp,0.018754,0.015850,0.019200,27.969727,53.803690
8212,d,0.002385,0.035400,0.021500,36.133057,59.285393
8213,p,0.003780,0.099600,0.022000,55.335693,125.379849
8214,psp,0.002926,0.096050,0.022000,76.332031,120.975658
8215,p,0.003780,0.033750,0.018500,18.382568,56.029849
8216,p,0.003780,0.071450,0.018500,39.343994,93.729849
8217,s,0.023128,0.006000,0.019200,48.735840,48.328351
8218,dp,0.002464,0.117500,0.022000,55.869385,141.964344
8219,ddp,0.002502,0.123750,0.020000,62.865967,146.251712
8205,s,0.023128,0.008600,0.020000,6.482178,51.728351
8206,p,0.003780,0.038800,0.020000,25.098389,62.579849
8207,dp,0.002464,0.029400,0.019200,34.674561,51.064344
8208,d,0.002385,0.014600,0.019200,42.160889,36.185393
8209,p,0.003780,0.043350,0.020000,62.937988,67.129849
8220,d,0.002385,0.010900,0.018500,19.463135,31.785393
8221,d,0.002385,0.023350,0.019200,27.799316,44.935393
8222,p,0.003780,0.087450,0.020000,48.749268,111.229849
8223,dp,0.002464,0.117500,0.019200,58.690918,139.164344
8224,s,0.023128,0.006050,0.021500,65.769043,50.678351
8225,s,0.023128,0.062400,0.019200,23.556641,104.728351
8226,ss,0.018821,0.090850,0.021500,31.276611,131.170769
8227,s,0.023128,0.006100,0.018500,37.863525,47.728351
8228,p,0.003780,0.074500,0.019200,56.415771,97.479849
8229,pss,0.002833,0.074100,0.020000,77.439941,96.932709
8230,s,0.023128,0.004900,0.021500,23.002686,49.528351
8231,p,0.003780,0.017700,0.022000,42.774902,43.479849
8232,d,0.002385,0.059550,0.022000,52.349121,83.935393
8233,sd,0.018668,0.079050,0.021500,59.408691,119.217773
8234,ssd,0.018735,0.049350,0.019200,66.309082,87.284503
8235,d,0.002385,0.027900,0.022000,6.937988,52.285393
8236,dd,0.002426,0.029450,0.021500,14.369629,53.375915
8237,p,0.003780,0.012350,0.020000,33.960938,36.129849
8238,s,0.023128,0.028800,0.020000,45.374268,71.928351
8239,ps,0.002840,0.099250,0.020000,65.102051,122.089786
8240,p,0.003780,0.080450,0.020000,18.120117,104.229849
8241,sp,0.018754,0.075850,0.020000,27.557617,114.603690
8242,p,0.003780,0.035000,0.021500,46.429932,60.279849
8243,p,0.003780,0.115850,0.018500,67.307861,138.129849
8244,pp,0.002838,0.009850,0.018500,89.368408,31.188325
8245,p,0.003780,0.027450,0.022000,31.130127,53.229849
8246,p,0.003780,0.007550,0.019200,51.718750,30.529849
8247,dp,0.002464,0.004500,0.022000,61.212158,28.964344
8248,dp,0.002464,0.074750,0.020000,68.286133,97.214344
8249,p,0.003780,0.053150,0.020000,86.698242,76.929849
8250,d,0.002385,0.026350,0.022000,20.967285,50.735393
8251,s,0.023128,0.004650,0.020000,28.357178,47.778351
8252,p,0.003780,0.020800,0.020000,47.368896,44.579849
8253,s,0.023128,0.081650,0.019200,57.733154,123.978351
8254,ss,0.018821,0.004750,0.019200,65.477051,42.770769
8255,d,0.002385,0.083300,0.022000,8.742676,107.685393
8256,pd,0.002977,0.083800,0.019200,31.366943,105.977001
8257,d,0.002385,0.009050,0.019200,42.408691,30.635393
8258,s,0.023128,0.061750,0.020000,49.248047,104.878351
8259,ss,0.018821,0.041650,0.022000,56.087158,82.470769
8260,p,0.003780,0.059200,0.019200,17.900391,82.179849
8261,d,0.002385,0.009200,0.022000,27.694092,33.585393
8262,s,0.023128,0.073700,0.020000,34.693359,116.828351
8263,p,0.003780,0.005750,0.018500,53.219971,28.029849
8264,ps,0.002840,0.061550,0.019200,74.174072,83.589786
8265,p,0.003780,0.016550,0.021500,18.507324,41.829849
8266,p,0.003780,0.013850,0.022000,39.635254,39.629849
8267,pp,0.002838,0.018300,0.022000,60.724854,43.138325
8268,s,0.023128,0.008550,0.019200,70.165771,50.878351
8269,p,0.003780,0.041600,0.021500,88.834961,66.879849
8270,d,0.002385,0.085950,0.018500,11.031494,106.835393
8271,sd,0.018668,0.068950,0.018500,18.629639,106.117773
8272,dsd,0.002613,0.051250,0.022000,26.161865,75.862551
8273,d,0.002385,0.067850,0.021500,33.528320,91.735393
8274,p,0.003780,0.015650,0.020000,53.098633,39.429849
8275,p,0.003780,0.027550,0.019200,18.347656,50.529849
8276,sp,0.018754,0.020700,0.022000,27.777344,61.453690
8277,d,0.002385,0.083200,0.020000,35.208252,105.585393
8278,d,0.002385,0.004650,0.019200,42.374268,26.235393
8279,p,0.003780,0.071450,0.021500,60.939697,96.729849
8280,d,0.002385,0.008250,0.021500,23.947266,32.135393
8281,s,0.023128,0.074000,0.018500,30.999512,115.628351
8282,s,0.023128,0.004250,0.020000,37.956543,47.378351
8283,ps,0.002840,0.004000,0.021500,56.645996,28.339786
8284,sps,0.018360,0.009100,0.022000,66.280029,49.460251
8285,s,0.023128,0.006950,0.018500,22.934570,48.578351
8286,s,0.023128,0.004100,0.021500,30.762939,48.728351
8287,s,0.023128,0.063450,0.021500,38.389404,108.078351
8288,ps,0.002840,0.032150,0.021500,59.092773,56.489786
8289,p,0.003780,0.054100,0.020000,80.790283,77.879849
8295,s,0.023128,0.005400,0.022000,9.551758,50.528351
8296,s,0.023128,0.109500,0.018500,16.539795,151.128351
8297,ds,0.002343,0.014150,0.021500,23.813477,37.992513
8298,d,0.002385,0.075300,0.018500,31.036621,96.185393
8299,sds,0.018566,0.023250,0.022000,37.948486,63.816086
8290,d,0.002385,0.091350,0.019200,6.748291,112.935393
8291,d,0.002385,0.004550,0.020000,13.982422,26.935393
8292,p,0.003780,0.073700,0.022000,32.814941,99.479849
8293,d,0.002385,0.016300,0.018500,42.270508,37.185393
8294,dp,0.002464,0.047200,0.019200,49.457031,68.864344
8305,s,0.023128,0.016600,0.022000,6.366211,61.728351
8306,s,0.023128,0.007050,0.019200,13.286621,49.378351
8307,ss,0.018821,0.007350,0.022000,20.193359,48.170769
8308,p,0.003780,0.048250,0.021500,39.510986,73.529849
8309,sp,0.018754,0.066250,0.018500,48.940674,103.503690
8300,s,0.023128,0.023200,0.021500,21.463379,67.828351
8301,s,0.023128,0.017750,0.018500,29.171631,59.378351
8302,ss,0.018821,0.006900,0.018500,36.050293,44.220769
8303,s,0.023128,0.024450,0.019200,43.048828,66.778351
8304,ps,0.002840,0.014600,0.021500,61.935303,38.939786
8310,s,0.023128,0.018150,0.022000,23.634277,63.278351
8311,s,0.023128,0.062250,0.019200,31.426514,104.578351
8312,d,0.002385,0.053800,0.021500,38.574463,77.685393
8313,pd,0.002977,0.061100,0.019200,57.206055,83.277001
8314,d,0.002385,0.102050,0.021500,66.668701,125.935393
8315,s,0.023128,0.009500,0.021500,6.542480,54.128351
8316,ds,0.002343,0.021550,0.018500,13.874023,42.392513
8317,s,0.023128,0.006700,0.021500,20.930908,51.328351
8318,sds,0.018566,0.012400,0.019200,27.955811,50.166086
8319,p,0.003780,0.120700,0.018500,46.981934,142.979849
8320,p,0.003780,0.009500,0.022000,18.337158,35.279849
8321,p,0.003780,0.046450,0.019200,39.327881,69.429849
8322,d,0.002385,0.023200,0.022000,49.018799,47.585393
8323,d,0.002385,0.059550,0.022000,56.223389,83.935393
8324,pd,0.002977,0.066300,0.019200,74.858643,88.477001
8330,d,0.002385,0.011550,0.019200,23.111328,33.135393
8331,s,0.023128,0.091100,0.022000,30.604980,136.228351
8332,p,0.003780,0.095400,0.021500,49.625977,120.679849
8333,dp,0.002464,0.019200,0.020000,60.160400,41.664344
8334,ds,0.002343,0.047250,0.022000,68.197510,71.592513
8325,s,0.023128,0.004750,0.020000,26.081299,47.878351
8326,d,0.002385,0.084650,0.019200,35.425537,106.235393
8327,p,0.003780,0.059800,0.018500,53.963135,82.079849
8328,d,0.002385,0.013350,0.020000,63.323730,35.735393
8329,dp,0.002464,0.027450,0.020000,70.406494,49.914344
8335,p,0.003780,0.047850,0.021500,17.955566,73.129849
8336,p,0.003780,0.043500,0.018500,39.842285,65.779849
8337,d,0.002385,0.089250,0.019200,50.344971,110.835393
8338,dp,0.002464,0.017400,0.019200,58.150391,39.064344
8339,pp,0.002838,0.081650,0.021500,77.594238,105.988325
8340,d,0.002385,0.089650,0.019200,6.712891,111.235393
8341,d,0.002385,0.091300,0.020000,13.802246,113.685393
8342,pd,0.002977,0.083650,0.020000,32.640625,106.627001
8343,d,0.002385,0.038150,0.020000,42.333984,60.535393
8344,d,0.002385,0.029550,0.022000,49.608887,53.935393
8345,p,0.003780,0.101550,0.018500,18.336426,123.829849
8346,d,0.002385,0.054000,0.019200,28.074219,75.585393
8347,p,0.003780,0.052350,0.022000,47.094238,78.129849
8348,s,0.023128,0.004550,0.022000,57.126465,49.678351
8349,ds,0.002343,0.003800,0.022000,64.281982,28.142513
8355,s,0.023128,0.004350,0.020000,6.644287,47.478351
8356,p,0.003780,0.013600,0.021500,25.493652,38.879849
8357,dp,0.002464,0.009150,0.018500,35.268311,30.114344
8358,ddp,0.002502,0.012100,0.020000,42.464844,34.601712
8359,s,0.023128,0.047100,0.022000,49.336426,92.228351
8350,p,0.003780,0.085100,0.022000,18.470703,110.879849
8351,s,0.023128,0.131700,0.019200,27.825684,174.028351
8352,sp,0.018754,0.073250,0.022000,35.188721,114.003690
8353,p,0.003780,0.004900,0.022000,55.231445,30.679849
8354,ps,0.002840,0.079800,0.022000,77.375977,104.639786
8360,d,0.002385,0.018250,0.021500,6.709961,42.135393
8361,sd,0.018668,0.112100,0.021500,13.778564,152.267773
8362,p,0.003780,0.004750,0.018500,32.286377,27.029849
8363,ssd,0.018735,0.153000,0.019200,41.694336,190.934503
8364,d,0.002385,0.079550,0.018500,49.138184,100.435393
8365,p,0.003780,0.097050,0.021500,35.599854,122.329849
8366,s,0.023128,0.063550,0.022000,44.863281,108.678351
8367,d,0.002385,0.004800,0.018500,51.905518,25.685393
8368,d,0.002385,0.056450,0.021500,59.088867,80.335393
8369,dd,0.002426,0.069850,0.018500,66.209473,90.775915
8370,p,0.003780,0.054200,0.019200,31.481934,77.179849
8371,s,0.023128,0.004900,0.021500,40.851562,49.528351
8372,p,0.003780,0.061050,0.022000,59.792236,86.829849
8373,d,0.002385,0.065600,0.019200,69.327881,87.185393
8374,pd,0.002977,0.047100,0.020000,87.826416,70.077001
8375,p,0.003780,0.004400,0.022000,33.704102,30.179849
8376,d,0.002385,0.055750,0.019200,43.277832,77.335393
8377,s,0.023128,0.008200,0.022000,50.287354,53.328351
8378,d,0.002385,0.036550,0.020000,57.388672,58.935393
8379,pd,0.002977,0.079850,0.022000,76.155273,104.827001
8380,s,0.023128,0.094100,0.021500,7.948975,138.728351
8381,s,0.023128,0.005300,0.019200,15.819580,47.628351
8382,p,0.003780,0.012000,0.020000,35.367920,35.779849
8383,d,0.002385,0.060750,0.021500,45.243408,84.635393
8384,p,0.003780,0.032150,0.018500,64.166504,54.429849
8385,s,0.023128,0.004750,0.021500,8.772949,49.378351
8386,d,0.002385,0.008800,0.020000,16.115234,31.185393
8387,ps,0.002840,0.004550,0.018500,34.865234,25.889786
8388,p,0.003780,0.019150,0.020000,55.621826,42.929849
8389,dp,0.002464,0.012250,0.021500,65.078369,36.214344
8390,p,0.003780,0.005800,0.021500,35.498779,31.079849
8391,d,0.002385,0.047400,0.022000,45.275391,71.785393
8392,pp,0.002838,0.004550,0.020000,64.380615,27.388325
8393,pd,0.002977,0.043250,0.020000,86.053223,66.227001
8394,p,0.003780,0.056550,0.022000,109.878418,82.329849
8400,p,0.003780,0.065800,0.019200,18.030518,88.779849
8401,s,0.023128,0.004500,0.022000,27.375244,49.628351
8402,p,0.003780,0.120400,0.020000,46.035889,144.179849
8403,d,0.002385,0.011500,0.021500,55.381836,35.385393
8404,pd,0.002977,0.005850,0.021500,73.963623,30.327001
8395,p,0.003780,0.010350,0.020000,25.418701,34.129849
8396,pp,0.002838,0.012700,0.018500,46.328125,34.038325
8397,p,0.003780,0.088250,0.018500,67.297119,110.529849
8398,d,0.002385,0.010650,0.020000,76.795410,33.035393
8399,d,0.002385,0.064400,0.021500,83.976318,88.285393
8410,s,0.023128,0.005650,0.019200,14.507324,47.978351
8411,s,0.023128,0.061050,0.018500,22.443115,102.678351
8412,d,0.002385,0.125150,0.020000,30.763428,147.535393
8413,ss,0.018821,0.006150,0.020000,38.305664,44.970769
8414,p,0.003780,0.060550,0.019200,58.170654,83.529849
8405,s,0.023128,0.004900,0.022000,22.284424,50.028351
8406,p,0.003780,0.059550,0.019200,41.622803,82.529849
8407,d,0.002385,0.071850,0.022000,51.408203,96.235393
8408,s,0.023128,0.020150,0.020000,58.275879,63.278351
8409,ss,0.018821,0.005550,0.018500,67.159668,42.870769
8415,d,0.002385,0.076350,0.018500,6.678711,97.235393
8416,p,0.003780,0.038450,0.018500,25.765625,60.729849
8417,s,0.023128,0.005050,0.018500,35.226074,46.678351
8418,dd,0.002426,0.073550,0.021500,42.488281,97.475915
8419,p,0.003780,0.021250,0.022000,61.067871,47.029849
8420,d,0.002385,0.004550,0.021500,6.835938,28.435393
8421,p,0.003780,0.005850,0.018500,26.147949,28.129849
8422,s,0.023128,0.067350,0.019200,36.110596,109.678351
8423,dp,0.002464,0.006150,0.019200,43.965332,27.814344
8424,p,0.003780,0.084800,0.022000,64.350830,110.579849
8425,s,0.023128,0.004650,0.018500,6.740723,46.278351
8426,s,0.023128,0.007850,0.019200,13.750977,50.178351
8427,ss,0.018821,0.016750,0.018500,20.868408,54.070769
8428,p,0.003780,0.073500,0.018500,39.441162,95.779849
8429,p,0.003780,0.103300,0.018500,60.229980,125.579849
8430,p,0.003780,0.005500,0.020000,36.156738,29.279849
8431,dp,0.002464,0.004750,0.022000,45.644287,29.214344
8432,p,0.003780,0.096800,0.019200,63.954834,119.779849
8433,sp,0.018754,0.061950,0.019200,73.317871,99.903690
8434,d,0.002385,0.004950,0.020000,80.422852,27.335393
8435,p,0.003780,0.040900,0.022000,32.990723,66.679849
8436,s,0.023128,0.008150,0.018500,42.108398,49.778351
8437,d,0.002385,0.004400,0.022000,49.197754,28.785393
8438,ss,0.018821,0.007150,0.022000,56.091797,47.970769
8439,pp,0.002838,0.060200,0.022000,74.496826,85.038325
8440,d,0.002385,0.017450,0.021500,24.116455,41.335393
8441,s,0.023128,0.044850,0.022000,31.618652,89.978351
8442,pd,0.002977,0.012550,0.020000,50.168213,35.527001
8443,s,0.023128,0.094050,0.018500,59.452881,135.678351
8444,s,0.023128,0.056950,0.022000,66.284424,102.078351
8445,p,0.003780,0.006500,0.018500,21.898438,28.779849
8446,sp,0.018754,0.005650,0.018500,31.062744,42.903690
8447,p,0.003780,0.115150,0.019200,49.434082,138.129849
8448,p,0.003780,0.035500,0.018500,70.113037,57.779849
8449,sp,0.018754,0.017000,0.018500,79.399414,54.253690
8450,d,0.002385,0.060650,0.018500,6.666992,81.535393
8451,d,0.002385,0.004300,0.021500,14.294678,28.185393
8452,dd,0.002426,0.062500,0.022000,21.427246,86.925915
8453,dd,0.002426,0.004200,0.019200,28.568604,25.825915
8454,s,0.023128,0.007000,0.020000,35.473633,50.128351
8460,p,0.003780,0.011200,0.018500,33.436523,33.479849
8461,pp,0.002838,0.008800,0.019200,56.752197,30.838325
8462,dp,0.002464,0.013700,0.020000,67.176758,36.164344
8463,s,0.023128,0.102050,0.021500,74.438965,146.678351
8464,ss,0.018821,0.067350,0.021500,81.530029,107.670769
8455,s,0.023128,0.043350,0.021500,22.329102,87.978351
8456,s,0.023128,0.012250,0.019200,29.935059,54.578351
8457,d,0.002385,0.080450,0.019200,37.046387,102.035393
8458,ss,0.018821,0.007100,0.019200,44.031494,45.120769
8459,s,0.023128,0.024800,0.018500,50.932129,66.428351
8465,s,0.023128,0.062250,0.021500,9.686035,106.878351
8466,p,0.003780,0.005950,0.022000,32.092285,31.729849
8467,sp,0.018754,0.007250,0.020000,41.418945,46.003690
8468,s,0.023128,0.054350,0.018500,48.394043,95.978351
8469,dsp,0.002685,0.003650,0.019200,55.621094,25.534513
8475,d,0.002385,0.063650,0.021500,7.168213,87.535393
8476,s,0.023128,0.067400,0.022000,14.134766,112.528351
8477,dd,0.002426,0.083650,0.021500,23.732178,107.575915
8478,s,0.023128,0.019650,0.019200,30.659668,61.978351
8479,pdd,0.003045,0.067750,0.021500,49.052734,92.294804
8470,s,0.023128,0.006350,0.019200,6.484375,48.678351
8471,p,0.003780,0.123600,0.022000,25.301270,149.379849
8472,dp,0.002464,0.046350,0.020000,35.158936,68.814344
8473,s,0.023128,0.050550,0.019200,42.684326,92.878351
8474,ss,0.018821,0.007850,0.022000,50.291504,48.670769
8480,s,0.023128,0.118100,0.021500,6.375977,162.728351
8481,p,0.003780,0.060650,0.018500,25.008301,82.929849
8482,s,0.023128,0.007200,0.018500,34.310059,48.828351
8483,ps,0.002840,0.021000,0.020000,52.706055,43.839786
8484,ds,0.002343,0.112800,0.020000,62.052490,135.142513
8490,s,0.023128,0.015250,0.020000,19.381836,58.378351
8491,ps,0.002840,0.007650,0.022000,48.159912,32.489786
8492,p,0.003780,0.077550,0.018500,69.073730,99.829849
8493,d,0.002385,0.084250,0.018500,78.678467,105.135393
8494,p,0.003780,0.008400,0.020000,97.329346,32.179849
8485,d,0.002385,0.077050,0.022000,10.139893,101.435393
8486,p,0.003780,0.004350,0.018500,29.531250,26.629849
8487,p,0.003780,0.096600,0.021500,50.164307,121.879849
8488,dp,0.002464,0.112100,0.021500,59.722412,136.064344
8489,dd,0.002426,0.117500,0.018500,66.871094,138.425915
8495,s,0.023128,0.010350,0.020000,6.440186,53.478351
8496,p,0.003780,0.063650,0.019200,25.103027,86.629849
8497,dp,0.002464,0.105550,0.022000,34.371582,130.014344
8498,d,0.002385,0.102900,0.021500,41.446045,126.785393
8499,sd,0.018668,0.097900,0.020000,48.274902,136.567773
8500,d,0.002385,0.012000,0.020000,6.720703,34.385393
8501,p,0.003780,0.032150,0.020000,25.282471,55.929849
8502,sp,0.018754,0.041950,0.020000,34.778320,80.703690
8503,s,0.023128,0.004750,0.022000,41.801758,49.878351
8504,s,0.023128,0.007550,0.019200,48.623047,49.878351
8505,s,0.023128,0.059550,0.018500,6.651367,101.178351
8506,s,0.023128,0.093850,0.022000,13.914795,138.978351
8507,s,0.023128,0.012950,0.020000,21.077881,56.078351
8508,ds,0.002343,0.048150,0.019200,28.122559,69.692513
8509,p,0.003780,0.076050,0.018500,46.545898,98.329849
8510,p,0.003780,0.006050,0.020000,18.120117,29.829849
8511,pp,0.002838,0.004750,0.020000,38.905273,27.588325
8512,s,0.023128,0.013300,0.018500,48.195312,54.928351
8513,s,0.023128,0.027900,0.020000,55.100098,71.028351
8514,d,0.002385,0.104850,0.019200,62.391113,126.435393
8515,p,0.003780,0.009300,0.022000,18.221924,35.079849
8516,p,0.003780,0.056450,0.020000,39.229980,80.229849
8517,dp,0.002464,0.013550,0.022000,49.488525,38.014344
8518,s,0.023128,0.056650,0.021500,57.177979,101.278351
8519,pp,0.002838,0.069000,0.021500,77.463379,93.338325
8525,d,0.002385,0.033900,0.022000,6.645996,58.285393
8526,s,0.023128,0.116750,0.022000,13.634277,161.878351
8527,p,0.003780,0.006650,0.020000,33.402588,30.429849
8528,sp,0.018754,0.004850,0.022000,43.881348,45.603690
8529,ss,0.018821,0.081850,0.018500,51.600342,119.170769
8520,d,0.002385,0.123750,0.021500,6.891602,147.635393
8521,p,0.003780,0.017850,0.020000,25.384033,41.629849
8522,d,0.002385,0.116850,0.021500,35.276367,140.735393
8523,sd,0.018668,0.082200,0.018500,42.471436,119.367773
8524,ssd,0.018735,0.048350,0.020000,49.681641,87.084503
8530,s,0.023128,0.016150,0.021500,6.641357,60.778351
8531,ds,0.002343,0.011600,0.018500,13.995117,32.442513
8532,s,0.023128,0.024300,0.020000,21.006592,67.428351
8533,d,0.002385,0.044850,0.020000,28.209473,67.235393
8534,ss,0.018821,0.031550,0.022000,35.419922,72.370769
8535,p,0.003780,0.047150,0.022000,20.422119,72.929849
8536,pp,0.002838,0.119700,0.021500,42.357178,144.038325
8537,dpp,0.002514,0.072950,0.019200,52.101318,94.664416
8538,p,0.003780,0.028300,0.022000,71.691162,54.079849
8539,dp,0.002464,0.016750,0.021500,81.382812,40.714344
8540,s,0.023128,0.004900,0.019200,6.255859,47.228351
8541,s,0.023128,0.017100,0.019200,13.063965,59.428351
8542,p,0.003780,0.123750,0.018500,33.443115,146.029849
8543,p,0.003780,0.061750,0.020000,56.136719,85.529849
8544,sp,0.018754,0.068050,0.022000,66.046387,108.803690
8545,d,0.002385,0.005400,0.022000,6.944336,29.785393
8546,pd,0.002977,0.009850,0.021500,26.478760,34.327001
8547,p,0.003780,0.069750,0.019200,47.632080,92.729849
8548,pp,0.002838,0.054750,0.020000,69.030273,77.588325
8549,dpp,0.002514,0.056850,0.022000,78.682373,81.364416
8555,s,0.023128,0.091150,0.021500,6.445312,135.778351
8556,d,0.002385,0.010400,0.021500,13.735596,34.285393
8557,dd,0.002426,0.007600,0.021500,20.944580,31.525915
8558,d,0.002385,0.004750,0.020000,28.259033,27.135393
8559,d,0.002385,0.072600,0.019200,35.453613,94.185393
8560,s,0.023128,0.061850,0.021500,23.255859,106.478351
8561,p,0.003780,0.129600,0.018500,42.569092,151.879849
8562,sp,0.018754,0.051150,0.022000,51.954346,91.903690
8563,d,0.002385,0.063650,0.022000,59.125000,88.035393
8564,d,0.002385,0.011000,0.022000,66.676514,35.385393
8565,s,0.023128,0.005550,0.020000,23.174805,48.678351
8566,ps,0.002840,0.004500,0.018500,42.732666,25.839786
8567,d,0.002385,0.023550,0.018500,54.560791,44.435393
8568,p,0.003780,0.051500,0.021500,81.035889,76.779849
8569,d,0.002385,0.087250,0.020000,90.910889,109.635393
8550,p,0.003780,0.086300,0.018500,35.590332,108.579849
8551,s,0.023128,0.025500,0.019200,45.819580,67.828351
8552,dp,0.002464,0.097050,0.021500,53.199463,121.014344
8553,ds,0.002343,0.005900,0.021500,60.502686,29.742513
8554,ddp,0.002502,0.029400,0.018500,67.771729,50.401712
8570,s,0.023128,0.005600,0.019200,6.847412,47.928351
8571,d,0.002385,0.007300,0.019200,14.188477,28.885393
8572,ss,0.018821,0.005050,0.018500,21.128174,42.370769
8573,p,0.003780,0.064600,0.022000,39.971680,90.379849
8574,p,0.003780,0.071150,0.021500,61.000244,96.429849
8575,p,0.003780,0.029650,0.019200,18.047119,52.629849
8576,s,0.023128,0.041650,0.022000,27.442383,86.778351
8577,sp,0.018754,0.129600,0.020000,34.363525,168.353690
8578,p,0.003780,0.081850,0.022000,52.714355,107.629849
8579,pp,0.002838,0.012450,0.021500,73.582031,36.788325
8585,s,0.023128,0.011450,0.018500,7.708740,53.078351
8586,p,0.003780,0.034050,0.019200,28.567383,57.029849
8587,sp,0.018754,0.092300,0.021500,38.399414,132.553690
8588,ssp,0.018787,0.071000,0.020000,45.572754,109.787195
8589,pssp,0.002921,0.020750,0.019200,64.693848,42.871367
8580,s,0.023128,0.012050,0.021500,17.617432,56.678351
8581,ps,0.002840,0.010800,0.018500,36.606445,32.139786
8582,d,0.002385,0.081850,0.019200,46.189697,103.435393
8583,d,0.002385,0.070500,0.018500,53.526611,91.385393
8584,dd,0.002426,0.038150,0.018500,60.758057,59.075915
8590,p,0.003780,0.061050,0.021500,31.118652,86.329849
8591,dp,0.002464,0.055450,0.018500,41.404297,76.414344
8592,s,0.023128,0.004250,0.022000,48.565918,49.378351
8593,p,0.003780,0.094350,0.020000,67.610840,118.129849
8594,ss,0.018821,0.004350,0.020000,76.906982,43.170769
8595,d,0.002385,0.056400,0.019200,22.213135,77.985393
8596,sd,0.018668,0.057100,0.020000,29.586426,95.767773
8597,dsd,0.002613,0.032150,0.021500,36.657959,56.262551
8598,s,0.023128,0.049250,0.019200,43.548096,91.578351
8599,d,0.002385,0.082650,0.021500,50.612549,106.535393
8600,p,0.003780,0.068500,0.022000,18.040039,94.279849
8601,pp,0.002838,0.046350,0.021500,39.046875,70.688325
8602,spp,0.018537,0.068800,0.019200,48.245361,106.537181
8603,p,0.003780,0.088250,0.018500,66.489990,110.529849
8604,dp,0.002464,0.096550,0.019200,76.368408,118.214344
8605,p,0.003780,0.029550,0.020000,31.084473,53.329849
8606,pp,0.002838,0.003650,0.020000,52.133545,26.488325
8607,p,0.003780,0.108650,0.020000,73.080078,132.429849
8608,p,0.003780,0.084250,0.018500,94.589844,106.529849
8609,pp,0.002838,0.025100,0.022000,115.377686,49.938325
8610,p,0.003780,0.077450,0.019200,18.973877,100.429849
8611,p,0.003780,0.032000,0.020000,39.774170,55.779849
8612,d,0.002385,0.010500,0.020000,49.300781,32.885393
8613,d,0.002385,0.004550,0.018500,56.947754,25.435393
8614,dd,0.002426,0.007200,0.021500,64.024414,31.125915
8615,p,0.003780,0.017000,0.022000,35.409912,42.779849
8616,d,0.002385,0.027900,0.020000,45.120117,50.285393
8617,s,0.023128,0.138300,0.021500,52.272949,182.928351
8618,ss,0.018821,0.071850,0.021500,59.364502,112.170769
8619,s,0.023128,0.113450,0.019200,66.381104,155.778351
8620,p,0.003780,0.020350,0.019200,17.914551,43.329849
8621,p,0.003780,0.084600,0.018500,38.755127,106.879849
8622,s,0.023128,0.074100,0.020000,47.859863,117.228351
8623,ps,0.002840,0.056050,0.019200,65.967773,78.089786
8624,pp,0.002838,0.022300,0.018500,86.689453,43.638325
8625,d,0.002385,0.069000,0.022000,6.754639,93.385393
8626,sd,0.018668,0.061150,0.022000,14.093994,101.817773
8627,s,0.023128,0.088500,0.022000,21.136719,133.628351
8628,s,0.023128,0.005650,0.022000,27.912598,50.778351
8629,ss,0.018821,0.005700,0.018500,34.666260,43.020769
8630,s,0.023128,0.067900,0.021500,12.417480,112.528351
8631,s,0.023128,0.022300,0.018500,21.130371,63.928351
8632,ds,0.002343,0.118850,0.019200,29.065186,140.392513
8633,s,0.023128,0.064600,0.019200,36.713623,106.928351
8634,dds,0.002685,0.029250,0.020000,44.429688,51.935273
8635,d,0.002385,0.009600,0.020000,17.550537,31.985393
8636,s,0.023128,0.099350,0.018500,25.075928,140.978351
8637,sd,0.018668,0.025150,0.021500,31.884277,65.317773
8638,d,0.002385,0.070500,0.022000,38.952393,94.885393
8639,sd,0.018668,0.079900,0.021500,45.778809,120.067773
8640,s,0.023128,0.023000,0.018500,23.084717,64.628351
8641,p,0.003780,0.004850,0.018500,42.842041,27.129849
8642,ds,0.002343,0.100400,0.022000,52.256592,124.742513
8643,p,0.003780,0.007950,0.021500,70.670654,33.229849
8644,d,0.002385,0.004750,0.020000,80.403564,27.135393
8645,d,0.002385,0.005600,0.021500,6.790039,29.485393
8646,d,0.002385,0.009850,0.019200,14.113281,31.435393
8647,p,0.003780,0.061250,0.021500,33.055664,86.529849
8648,s,0.023128,0.007250,0.019200,42.444336,49.578351
8649,p,0.003780,0.081650,0.019200,61.012939,104.629849
8650,s,0.023128,0.070800,0.020000,7.214600,113.928351
8651,p,0.003780,0.029450,0.018500,27.039062,51.729849
8652,d,0.002385,0.013250,0.019200,37.012939,34.835393
8653,p,0.003780,0.004200,0.021500,55.672363,29.479849
8654,sp,0.018754,0.081250,0.021500,65.134766,121.503690
8660,d,0.002385,0.101400,0.022000,23.755371,125.785393
8661,s,0.023128,0.105550,0.018500,31.370850,147.178351
8662,dd,0.002426,0.099350,0.022000,38.285645,123.775915
8663,d,0.002385,0.007050,0.019200,45.219238,28.635393
8664,ps,0.002840,0.054200,0.022000,63.908447,79.039786
8655,p,0.003780,0.054350,0.019200,30.995361,77.329849
8656,s,0.023128,0.008200,0.021500,40.382812,52.828351
8657,d,0.002385,0.025000,0.021500,47.531738,48.885393
8658,dp,0.002464,0.035450,0.019200,54.650391,57.114344
8659,dd,0.002426,0.031550,0.020000,61.811035,53.975915
8665,d,0.002385,0.075200,0.022000,6.659668,99.585393
8666,d,0.002385,0.129150,0.019200,14.466064,150.735393
8667,p,0.003780,0.005000,0.018500,33.264404,27.279849
8668,pd,0.002977,0.087950,0.020000,54.358887,110.927001
8669,d,0.002385,0.005500,0.018500,63.893799,26.385393
8670,s,0.023128,0.024300,0.018500,7.223389,65.928351
8671,ss,0.018821,0.062850,0.020000,15.315430,101.670769
8672,p,0.003780,0.019750,0.021500,35.862549,45.029849
8673,pp,0.002838,0.020100,0.022000,57.199707,44.938325
8674,s,0.023128,0.004600,0.021500,66.506104,49.228351
8675,p,0.003780,0.053150,0.019200,35.656738,76.129849
8676,p,0.003780,0.058800,0.020000,56.190674,82.579849
8677,p,0.003780,0.007050,0.020000,76.551758,30.829849
8678,p,0.003780,0.015600,0.022000,96.945068,41.379849
8679,dp,0.002464,0.073550,0.018500,106.473389,94.514344
8680,s,0.023128,0.070100,0.019200,6.526367,112.428351
8681,d,0.002385,0.056950,0.019200,13.698730,78.535393
8682,p,0.003780,0.010700,0.018500,32.267090,32.979849
8683,ps,0.002840,0.058900,0.022000,54.510498,83.739786
8684,sd,0.018668,0.060200,0.022000,64.523438,100.867773
8685,s,0.023128,0.091750,0.021500,6.515869,136.378351
8686,s,0.023128,0.031550,0.022000,13.455811,76.678351
8687,d,0.002385,0.014900,0.021500,20.694336,38.785393
8688,ss,0.018821,0.117500,0.018500,28.144531,154.820769
8689,pss,0.002833,0.060300,0.022000,47.087891,85.132709
8690,d,0.002385,0.013550,0.021500,23.943115,37.435393
8691,p,0.003780,0.071150,0.019200,43.297363,94.129849
8692,pp,0.002838,0.105600,0.022000,64.383057,130.438325
8693,p,0.003780,0.057900,0.019200,85.037109,80.879849
8694,spp,0.018537,0.143900,0.019200,94.186279,181.637181
8695,d,0.002385,0.008250,0.020000,12.748291,30.635393
8696,d,0.002385,0.020750,0.020000,20.046631,43.135393
8697,p,0.003780,0.125150,0.018500,38.865479,147.429849
8698,d,0.002385,0.013550,0.020000,48.450684,35.935393
8699,p,0.003780,0.087650,0.019200,67.153809,110.629849
8700,d,0.002385,0.107350,0.018500,23.723145,128.235393
8701,d,0.002385,0.005350,0.019200,31.713379,26.935393
8702,pd,0.002977,0.104000,0.020000,50.295166,126.977001
8703,s,0.023128,0.029150,0.018500,59.428467,70.778351
8704,s,0.023128,0.007100,0.019200,66.344238,49.428351
8705,p,0.003780,0.094850,0.022000,34.363281,120.629849
8706,s,0.023128,0.077550,0.020000,43.789307,120.678351
8707,ps,0.002840,0.036750,0.020000,62.297607,59.589786
8708,d,0.002385,0.007350,0.021500,72.204834,31.235393
8709,sp,0.018754,0.078450,0.021500,79.251221,118.703690
8710,s,0.023128,0.014750,0.022000,6.479492,59.878351
8711,ds,0.002343,0.006750,0.018500,13.827393,27.592513
8712,sds,0.018566,0.020400,0.018500,21.077637,57.466086
8713,d,0.002385,0.012600,0.022000,28.522217,36.985393
8714,p,0.003780,0.053400,0.021500,47.430664,78.679849
8720,s,0.023128,0.011050,0.019200,6.909424,53.378351
8721,s,0.023128,0.061800,0.020000,13.899414,104.928351
8722,s,0.023128,0.038050,0.020000,20.885254,81.178351
8723,ds,0.002343,0.014150,0.021500,28.003906,37.992513
8724,dds,0.002685,0.025050,0.018500,35.091064,46.235273
8715,p,0.003780,0.060150,0.019200,18.690674,83.129849
8716,d,0.002385,0.021550,0.021500,28.284180,45.435393
8717,p,0.003780,0.004900,0.018500,46.801270,27.179849
8718,dd,0.002426,0.032600,0.018500,56.283203,53.525915
8719,sp,0.018754,0.004300,0.018500,63.293701,41.553690
8725,d,0.002385,0.070400,0.020000,23.389160,92.785393
8726,pd,0.002977,0.075750,0.022000,42.526855,100.727001
8727,d,0.002385,0.004450,0.019200,52.064453,26.035393
8728,s,0.023128,0.097900,0.021500,58.838135,142.528351
8729,p,0.003780,0.015450,0.019200,77.365234,38.429849
8730,d,0.002385,0.047650,0.020000,23.702881,70.035393
8731,sd,0.018668,0.066800,0.021500,31.267090,106.967773
8732,ssd,0.018735,0.060650,0.019200,37.863770,98.584503
8733,p,0.003780,0.004700,0.022000,56.196777,30.479849
8734,d,0.002385,0.076100,0.021500,65.661377,99.985393
8735,p,0.003780,0.013950,0.019200,26.034668,36.929849
8736,dp,0.002464,0.004700,0.020000,35.882080,27.164344
8737,s,0.023128,0.008750,0.021500,43.097412,53.378351
8738,s,0.023128,0.036200,0.022000,50.351807,81.328351
8739,p,0.003780,0.005600,0.021500,69.994385,30.879849
8740,p,0.003780,0.084450,0.020000,33.541504,108.229849
8741,s,0.023128,0.136900,0.020000,43.107422,180.028351
8742,d,0.002385,0.021600,0.020000,50.301758,43.985393
8743,p,0.003780,0.004750,0.018500,68.976807,27.029849
8744,sp,0.018754,0.004900,0.019200,78.690186,42.853690
8745,p,0.003780,0.010400,0.019200,34.939453,33.379849
8746,dp,0.002464,0.013050,0.018500,44.553955,34.014344
8747,s,0.023128,0.095150,0.020000,51.707031,138.278351
8748,d,0.002385,0.004800,0.018500,59.171387,25.685393
8749,sd,0.018668,0.004400,0.020000,66.324219,43.067773
8750,s,0.023128,0.075150,0.021500,19.217773,119.778351
8751,s,0.023128,0.012700,0.018500,26.512207,54.328351
8752,p,0.003780,0.056750,0.020000,44.786621,80.529849
8753,pp,0.002838,0.049050,0.021500,65.224365,73.388325
8754,dpp,0.002514,0.096200,0.022000,74.508545,120.714416
8760,s,0.023128,0.040900,0.019200,8.172363,83.228351
8761,ps,0.002840,0.032250,0.020000,26.931641,55.089786
8762,d,0.002385,0.003800,0.021500,36.587891,27.685393
8763,s,0.023128,0.010550,0.019200,43.820312,52.878351
8764,ss,0.018821,0.010150,0.018500,50.900391,47.470769
8755,d,0.002385,0.049250,0.018500,24.598877,70.135393
8756,s,0.023128,0.005000,0.022000,41.688477,50.128351
8757,ds,0.002343,0.006450,0.022000,48.992188,30.792513
8758,d,0.002385,0.020350,0.020000,56.059570,42.735393
8759,sd,0.018668,0.085800,0.020000,62.837402,124.467773
8765,s,0.023128,0.007100,0.021500,6.354980,51.728351
8766,s,0.023128,0.004400,0.021500,13.405762,49.028351
8767,p,0.003780,0.042200,0.021500,32.394531,67.479849
8768,sp,0.018754,0.091450,0.020000,41.647217,130.203690
8769,s,0.023128,0.100000,0.019200,48.553467,142.328351
8770,s,0.023128,0.012350,0.018500,21.561768,53.978351
8771,ds,0.002343,0.011500,0.021500,29.542725,35.342513
8772,pds,0.003022,0.020200,0.020000,50.578369,43.221933
8773,d,0.002385,0.005750,0.022000,60.399414,30.135393
8774,d,0.002385,0.075150,0.018500,67.730225,96.035393
8775,s,0.023128,0.064850,0.019200,23.339355,107.178351
8776,d,0.002385,0.006250,0.021500,31.377686,30.135393
8777,ps,0.002840,0.025900,0.018500,51.277588,47.239786
8778,s,0.023128,0.086750,0.019200,61.687744,129.078351
8779,sps,0.018360,0.027900,0.020000,69.367920,66.260251
8780,d,0.002385,0.004900,0.022000,6.714844,29.285393
8781,d,0.002385,0.020350,0.020000,14.026367,42.735393
8782,p,0.003780,0.031900,0.020000,32.638672,55.679849
8783,dd,0.002426,0.029650,0.021500,42.060791,53.575915
8784,d,0.002385,0.004600,0.021500,49.401855,28.485393
8795,s,0.023128,0.005550,0.022000,23.342529,50.678351
8796,s,0.023128,0.024550,0.019200,31.021484,66.878351
8797,ps,0.002840,0.004500,0.018500,49.670410,25.839786
8798,d,0.002385,0.020850,0.019200,59.369629,42.435393
8799,p,0.003780,0.063100,0.022000,77.935547,88.879849
8790,s,0.023128,0.005400,0.021500,23.145996,50.028351
8791,s,0.023128,0.007450,0.019200,30.783447,49.778351
8792,s,0.023128,0.094750,0.021500,37.746582,139.378351
8793,p,0.003780,0.068450,0.019200,56.791504,91.429849
8794,ss,0.018821,0.024800,0.021500,66.030029,65.120769
8785,p,0.003780,0.027900,0.020000,23.272949,51.679849
8786,p,0.003780,0.004400,0.019200,44.589111,27.379849
8787,d,0.002385,0.027700,0.021500,54.285645,51.585393
8788,d,0.002385,0.017450,0.021500,61.680176,41.335393
8789,pd,0.002977,0.012050,0.020000,80.445801,35.027001
8800,s,0.023128,0.084850,0.019200,25.233398,127.178351
8801,d,0.002385,0.055100,0.018500,32.889404,75.985393
8802,ps,0.002840,0.087600,0.018500,52.217285,108.939786
8803,dps,0.002445,0.054100,0.021500,62.060791,78.044936
8804,p,0.003780,0.019000,0.022000,81.622803,44.779849
8805,p,0.003780,0.085100,0.019200,29.107666,108.079849
8806,p,0.003780,0.010150,0.020000,52.401611,33.929849
8807,dp,0.002464,0.079450,0.018500,62.447021,100.414344
8808,s,0.023128,0.067450,0.018500,69.671631,109.078351
8809,p,0.003780,0.004500,0.021500,88.761230,29.779849
8810,s,0.023128,0.063600,0.022000,6.502441,108.728351
8811,p,0.003780,0.099600,0.021500,25.230957,124.879849
8812,d,0.002385,0.012550,0.022000,34.626465,36.935393
8813,dp,0.002464,0.046900,0.018500,41.937744,67.864344
8814,s,0.023128,0.005250,0.022000,48.959717,50.378351
8815,s,0.023128,0.086450,0.022000,6.579590,131.578351
8816,d,0.002385,0.136350,0.019200,14.115967,157.935393
8817,s,0.023128,0.010150,0.021500,21.370850,54.778351
8818,p,0.003780,0.091300,0.019200,40.387451,114.279849
8819,ps,0.002840,0.037150,0.018500,62.979736,58.489786
8825,s,0.023128,0.073000,0.018500,6.609863,114.628351
8826,d,0.002385,0.004400,0.018500,13.877441,25.285393
8827,p,0.003780,0.060750,0.021500,33.385254,86.029849
8828,sp,0.018754,0.071250,0.021500,42.689453,111.503690
8829,ss,0.018821,0.073550,0.022000,49.671387,114.370769
8820,p,0.003780,0.073800,0.018500,18.687744,96.079849
8821,s,0.023128,0.029650,0.019200,28.053467,71.978351
8822,s,0.023128,0.057800,0.021500,35.042969,102.428351
8823,pp,0.002838,0.116850,0.022000,53.630615,141.688325
8824,p,0.003780,0.012750,0.021500,74.493164,38.029849
8830,p,0.003780,0.056600,0.020000,18.349121,80.379849
8831,d,0.002385,0.004800,0.022000,28.016602,29.185393
8832,pp,0.002838,0.062350,0.019200,46.883057,84.388325
8833,s,0.023128,0.068100,0.020000,56.301758,111.228351
8834,d,0.002385,0.005300,0.022000,63.402588,29.685393
8835,s,0.023128,0.006450,0.018500,9.434326,48.078351
8836,s,0.023128,0.118100,0.018500,16.886963,159.728351
8837,s,0.023128,0.017500,0.018500,24.281982,59.128351
8838,ps,0.002840,0.036200,0.019200,44.564209,58.239786
8839,pps,0.002854,0.067950,0.021500,68.352051,92.304053
8840,d,0.002385,0.061700,0.019200,6.858154,83.285393
8841,d,0.002385,0.052000,0.019200,14.300537,73.585393
8842,dd,0.002426,0.060200,0.019200,21.693115,81.825915
8843,pdd,0.003045,0.020850,0.018500,42.704346,42.394804
8844,pd,0.002977,0.051600,0.019200,64.857178,73.777001
8845,p,0.003780,0.005100,0.021500,18.465332,30.379849
8846,pp,0.002838,0.005350,0.018500,39.596436,26.688325
8847,s,0.023128,0.027750,0.018500,49.126953,69.378351
8848,s,0.023128,0.077000,0.018500,56.478516,118.628351
8849,p,0.003780,0.004750,0.019200,75.061279,27.729849
8855,p,0.003780,0.051900,0.020000,18.573486,75.679849
8856,s,0.023128,0.008100,0.019200,28.290283,50.428351
8857,d,0.002385,0.109850,0.018500,35.677979,130.735393
8858,ps,0.002840,0.014150,0.021500,54.656982,38.489786
8859,d,0.002385,0.059300,0.022000,64.849121,83.685393
8860,p,0.003780,0.004350,0.021500,20.942627,29.629849
8861,p,0.003780,0.040200,0.019200,45.733154,63.179849
8862,s,0.023128,0.054450,0.019200,56.945557,96.778351
8863,s,0.023128,0.011700,0.022000,64.679932,56.828351
8864,s,0.023128,0.041850,0.020000,72.261230,84.978351
8850,s,0.023128,0.005150,0.021500,6.759766,49.778351
8851,ds,0.002343,0.006350,0.020000,13.923096,28.692513
8852,d,0.002385,0.044550,0.020000,21.152832,66.935393
8853,d,0.002385,0.017500,0.022000,28.512695,41.885393
8854,sds,0.018566,0.004200,0.021500,35.578125,44.266086
8865,p,0.003780,0.016600,0.018500,19.318115,38.879849
8866,dp,0.002464,0.015450,0.021500,29.219971,39.414344
8867,p,0.003780,0.022800,0.021500,48.130615,48.079849
8868,dp,0.002464,0.129250,0.022000,58.413330,153.714344
8869,d,0.002385,0.066800,0.019200,66.457275,88.385393
8870,s,0.023128,0.071150,0.020000,6.504639,114.278351
8871,ps,0.002840,0.132500,0.021500,25.276855,156.839786
8872,s,0.023128,0.010650,0.022000,34.455566,55.778351
8873,dps,0.002445,0.035950,0.022000,41.500732,60.394936
8874,s,0.023128,0.088100,0.020000,48.315430,131.228351
8875,s,0.023128,0.005450,0.020000,6.505371,48.578351
8876,s,0.023128,0.009550,0.020000,13.477783,52.678351
8877,s,0.023128,0.075300,0.020000,20.529541,118.428351
8878,ss,0.018821,0.004950,0.018500,27.552979,42.270769
8879,sss,0.019288,0.004250,0.018500,34.517822,42.038093
8880,p,0.003780,0.012400,0.020000,37.172119,36.179849
8881,p,0.003780,0.064450,0.020000,58.198975,88.229849
8882,s,0.023128,0.007900,0.019200,67.836670,50.228351
8883,s,0.023128,0.017450,0.020000,74.943359,60.578351
8884,ds,0.002343,0.085200,0.022000,82.115723,109.542513
8885,d,0.002385,0.091300,0.020000,23.393066,113.685393
8886,s,0.023128,0.008550,0.020000,30.982422,51.678351
8887,ds,0.002343,0.004750,0.020000,38.004150,27.092513
8888,p,0.003780,0.018750,0.022000,56.529785,44.529849
8889,s,0.023128,0.016400,0.021500,65.811035,61.028351
8890,d,0.002385,0.084000,0.021500,21.764160,107.885393
8891,p,0.003780,0.008750,0.021500,40.966064,34.029849
8892,sd,0.018668,0.064450,0.022000,50.152832,105.117773
8893,s,0.023128,0.100800,0.021500,56.746094,145.428351
8894,sp,0.018754,0.012050,0.019200,63.362793,50.003690
8895,p,0.003780,0.069150,0.022000,18.407715,94.929849
8896,d,0.002385,0.004900,0.018500,28.250732,25.785393
8897,p,0.003780,0.142450,0.020000,47.393799,166.229849
8898,d,0.002385,0.081650,0.018500,56.781250,102.535393
8899,dp,0.002464,0.024100,0.021500,63.809082,48.064344
8900,d,0.002385,0.027400,0.022000,6.673584,51.785393
8901,s,0.023128,0.006200,0.019200,13.772705,48.528351
8902,s,0.023128,0.025250,0.018500,20.822754,66.878351
8903,ss,0.018821,0.019200,0.018500,27.788330,56.520769
8904,p,0.003780,0.061550,0.022000,46.568115,87.329849
8905,s,0.023128,0.089850,0.020000,17.608887,132.978351
8906,p,0.003780,0.093500,0.018500,36.480957,115.779849
8907,ps,0.002840,0.087250,0.020000,57.096191,110.089786
8908,sp,0.018754,0.052750,0.021500,66.281494,93.003690
8909,dsp,0.002685,0.086100,0.019200,73.815674,107.984513
8910,d,0.002385,0.005650,0.021500,19.860352,29.535393
8911,s,0.023128,0.066900,0.020000,28.004150,110.028351
8912,p,0.003780,0.022650,0.019200,48.555176,45.629849
8913,d,0.002385,0.011950,0.019200,59.454346,33.535393
8914,p,0.003780,0.004750,0.020000,79.046875,28.529849
8920,d,0.002385,0.066150,0.019200,13.923340,87.735393
8921,d,0.002385,0.003800,0.018500,21.302734,24.685393
8922,dd,0.002426,0.101750,0.021500,28.489014,125.675915
8923,sdd,0.018511,0.096150,0.021500,35.402588,136.160933
8924,psdd,0.002888,0.064600,0.022000,54.170654,89.488175
8915,d,0.002385,0.064400,0.019200,24.931641,85.985393
8916,s,0.023128,0.086950,0.020000,32.536133,130.078351
8917,s,0.023128,0.084000,0.019200,39.427002,126.328351
8918,d,0.002385,0.008450,0.021500,46.593506,32.335393
8919,sd,0.018668,0.006250,0.020000,53.656250,44.917773
8925,p,0.003780,0.064150,0.019200,36.685547,87.129849
8926,dp,0.002464,0.084650,0.022000,47.151367,109.114344
8927,p,0.003780,0.061800,0.021500,67.519531,87.079849
8928,sdp,0.018492,0.057900,0.019200,77.103516,95.591971
8929,s,0.023128,0.012000,0.019200,84.030273,54.328351
8930,p,0.003780,0.070750,0.019200,18.154053,93.729849
8931,s,0.023128,0.008950,0.021500,27.653809,53.578351
8932,p,0.003780,0.019750,0.018500,46.209961,42.029849
8933,p,0.003780,0.081000,0.019200,66.805176,103.979849
8934,dp,0.002464,0.010800,0.018500,76.251709,31.764344
8935,d,0.002385,0.003850,0.019200,6.673096,25.435393
8936,d,0.002385,0.019350,0.019200,14.005127,40.935393
8937,dd,0.002426,0.041850,0.018500,21.323730,62.775915
8938,p,0.003780,0.018850,0.021500,40.084961,44.129849
8939,pd,0.002977,0.032200,0.021500,60.693848,56.677001
8940,s,0.023128,0.005300,0.020000,7.322266,48.428351
8941,p,0.003780,0.020500,0.022000,26.773438,46.279849
8942,pp,0.002838,0.008800,0.021500,48.075684,33.138325
8943,ppp,0.002790,0.016950,0.021500,69.244873,41.239957
8944,d,0.002385,0.003900,0.019200,78.801025,25.485393
8945,p,0.003780,0.004400,0.022000,33.610596,30.179849
8946,pp,0.002838,0.004350,0.019200,54.251709,26.388325
8947,s,0.023128,0.037800,0.021500,63.496094,82.428351
8948,p,0.003780,0.007850,0.018500,81.839600,30.129849
8949,ps,0.002840,0.094850,0.022000,102.428467,119.689786
8950,p,0.003780,0.005200,0.022000,18.697754,30.979849
8951,pp,0.002838,0.005200,0.022000,39.779785,30.038325
8952,pp,0.002838,0.011000,0.021500,60.416992,35.338325
8953,s,0.023128,0.012000,0.018500,69.651123,53.628351
8954,s,0.023128,0.071500,0.020000,76.414551,114.628351
8955,p,0.003780,0.117350,0.019200,21.071777,140.329849
8956,s,0.023128,0.119700,0.018500,33.340576,161.328351
8957,d,0.002385,0.004650,0.019200,40.464600,26.235393
8958,ps,0.002840,0.075400,0.019200,58.874023,97.439786
8959,d,0.002385,0.005300,0.018500,68.323975,26.185393
8960,s,0.023128,0.059550,0.022000,6.646484,104.678351
8961,d,0.002385,0.061000,0.021500,13.911621,84.885393
8962,d,0.002385,0.011050,0.021500,21.167725,34.935393
8963,dd,0.002426,0.005700,0.022000,29.238037,30.125915
8964,s,0.023128,0.071800,0.021500,36.720947,116.428351
8970,p,0.003780,0.005700,0.022000,19.685791,31.479849
8971,s,0.023128,0.076550,0.018500,29.845703,118.178351
8972,p,0.003780,0.064800,0.021500,50.608887,90.079849
8973,sp,0.018754,0.129150,0.018500,60.592529,166.403690
8974,s,0.023128,0.062800,0.020000,67.498535,105.928351
8965,s,0.023128,0.015350,0.020000,6.510254,58.478351
8966,d,0.002385,0.073450,0.019200,13.838135,95.035393
8967,ss,0.018821,0.101200,0.020000,20.834961,140.020769
8968,sss,0.019288,0.019200,0.019200,27.731689,57.688093
8969,d,0.002385,0.010150,0.018500,35.305420,31.035393
8975,s,0.023128,0.020850,0.019200,9.889893,63.178351
8976,d,0.002385,0.004400,0.019200,17.202881,25.985393
8977,sd,0.018668,0.004700,0.021500,24.372559,44.867773
8978,ds,0.002343,0.026400,0.022000,31.719482,50.742513
8979,p,0.003780,0.077050,0.018500,50.700928,99.329849
8980,p,0.003780,0.113000,0.021500,25.311279,138.279849
8981,p,0.003780,0.004500,0.022000,46.487549,30.279849
8982,pp,0.002838,0.006000,0.022000,67.418213,30.838325
8983,pp,0.002838,0.090450,0.020000,88.160156,113.288325
8984,d,0.002385,0.029100,0.020000,97.651123,51.485393
8985,d,0.002385,0.042200,0.021500,13.698242,66.085393
8986,d,0.002385,0.064500,0.020000,20.860107,86.885393
8987,sd,0.018668,0.026400,0.022000,27.702881,67.067773
8988,p,0.003780,0.004600,0.022000,46.503174,30.379849
8989,sp,0.018754,0.005550,0.019200,55.748535,43.503690
8990,s,0.023128,0.005500,0.019200,6.960449,47.828351
8991,p,0.003780,0.109450,0.019200,26.519775,132.429849
8992,d,0.002385,0.072950,0.018500,36.093018,93.835393
8993,p,0.003780,0.084250,0.019200,54.722168,107.229849
8994,dd,0.002426,0.056550,0.021500,64.234863,80.475915
8995,d,0.002385,0.006000,0.019200,23.636963,27.585393
8996,d,0.002385,0.029650,0.020000,31.750488,52.035393
8997,sd,0.018668,0.119100,0.018500,38.729248,156.267773
8998,d,0.002385,0.079850,0.021500,45.869873,103.735393
8999,dsd,0.002613,0.041600,0.020000,52.853516,64.212551
9000,p,0.003780,0.009100,0.021500,20.768311,34.379849
9001,p,0.003780,0.062800,0.022000,42.229492,88.579849
9002,sp,0.018754,0.054400,0.020000,51.645996,93.153690
9003,s,0.023128,0.005350,0.022000,58.821045,50.478351
9004,p,0.003780,0.140100,0.021500,78.974609,165.379849
9010,p,0.003780,0.069850,0.019200,21.040771,92.829849
9011,p,0.003780,0.011800,0.018500,42.283691,34.079849
9012,d,0.002385,0.055900,0.019200,51.768311,77.485393
9013,s,0.023128,0.013950,0.019200,58.610352,56.278351
9014,p,0.003780,0.020700,0.020000,77.400879,44.479849
9005,s,0.023128,0.070400,0.020000,6.455811,113.528351
9006,d,0.002385,0.004450,0.021500,13.633789,28.335393
9007,d,0.002385,0.115000,0.019200,21.251953,136.585393
9008,p,0.003780,0.054400,0.019200,39.873291,77.379849
9009,sp,0.018754,0.036450,0.021500,49.083252,76.703690
9015,p,0.003780,0.039350,0.019200,28.192871,62.329849
9016,p,0.003780,0.062100,0.018500,50.976318,84.379849
9017,s,0.023128,0.085150,0.019200,60.736572,127.478351
9018,ss,0.018821,0.040050,0.018500,67.901123,77.370769
9019,pp,0.002838,0.083700,0.021500,86.719482,108.038325
9020,d,0.002385,0.014200,0.022000,23.792725,38.585393
9021,d,0.002385,0.064400,0.021500,32.122070,88.285393
9022,pd,0.002977,0.097200,0.021500,50.665283,121.677001
9023,p,0.003780,0.027000,0.019200,71.456787,49.979849
9024,p,0.003780,0.049650,0.019200,92.638672,72.629849
9030,d,0.002385,0.004450,0.019200,7.488037,26.035393
9031,p,0.003780,0.008250,0.022000,26.571045,34.029849
9032,p,0.003780,0.093300,0.019200,47.578857,116.279849
9033,sp,0.018754,0.008350,0.022000,56.896484,49.103690
9034,ds,0.002343,0.005150,0.021500,64.173584,28.992513
9040,d,0.002385,0.081400,0.018500,9.416016,102.285393
9041,p,0.003780,0.029450,0.022000,30.166992,55.229849
9042,d,0.002385,0.037300,0.019200,41.053711,58.885393
9043,pd,0.002977,0.069050,0.018500,61.738525,90.527001
9044,dpd,0.002513,0.105550,0.022000,71.877197,130.062673
9035,d,0.002385,0.004200,0.018500,7.042480,25.085393
9036,s,0.023128,0.014350,0.020000,14.282715,57.478351
9037,s,0.023128,0.055550,0.020000,21.412598,98.678351
9038,dd,0.002426,0.005600,0.020000,28.831543,28.025915
9039,s,0.023128,0.098150,0.019200,36.194092,140.478351
9025,s,0.023128,0.018050,0.018500,6.825439,59.678351
9026,ss,0.018821,0.006200,0.018500,13.793213,43.520769
9027,dss,0.002842,0.007650,0.018500,20.969727,28.991615
9028,ddss,0.002785,0.007750,0.018500,28.419922,29.035416
9029,s,0.023128,0.004450,0.018500,35.424072,46.078351
9045,p,0.003780,0.008950,0.018500,21.758545,31.229849
9046,d,0.002385,0.076050,0.018500,33.433350,96.935393
9047,dp,0.002464,0.004350,0.019200,42.252686,26.014344
9048,s,0.023128,0.056000,0.018500,49.827881,97.628351
9049,pd,0.002977,0.033400,0.019200,69.064697,55.577001
9055,p,0.003780,0.005200,0.021500,36.283691,30.479849
9056,d,0.002385,0.009050,0.021500,46.036621,32.935393
9057,pp,0.002838,0.005350,0.018500,64.608398,26.688325
9058,p,0.003780,0.111100,0.019200,85.468262,134.079849
9059,d,0.002385,0.011950,0.020000,95.060791,34.335393
9050,s,0.023128,0.041850,0.018500,6.404053,83.478351
9051,s,0.023128,0.083300,0.019200,13.414551,125.628351
9052,ds,0.002343,0.007300,0.021500,20.628662,31.142513
9053,dds,0.002685,0.067450,0.022000,27.656982,92.135273
9054,s,0.023128,0.005300,0.019200,34.529541,47.628351
9065,d,0.002385,0.069750,0.022000,11.377686,94.135393
9066,d,0.002385,0.101400,0.020000,18.589600,123.785393
9067,sd,0.018668,0.128600,0.022000,27.533203,169.267773
9068,d,0.002385,0.013250,0.021500,34.734863,37.135393
9069,sd,0.018668,0.019100,0.020000,41.721680,57.767773
9060,d,0.002385,0.025000,0.020000,23.131104,47.385393
9061,pd,0.002977,0.060200,0.021500,42.470947,84.677001
9062,d,0.002385,0.060250,0.020000,52.293945,82.635393
9063,d,0.002385,0.055250,0.019200,59.606689,76.835393
9064,d,0.002385,0.005700,0.021500,66.966309,29.585393
9070,p,0.003780,0.005000,0.020000,19.473633,28.779849
9071,pp,0.002838,0.006300,0.022000,40.681641,31.138325
9072,s,0.023128,0.066300,0.019200,50.076172,108.628351
9073,d,0.002385,0.084600,0.022000,57.513672,108.985393
9074,sp,0.018754,0.004700,0.018500,64.539062,41.953690
9085,s,0.023128,0.005000,0.018500,6.497803,46.628351
9086,s,0.023128,0.016950,0.021500,13.483643,61.578351
9087,p,0.003780,0.057450,0.018500,32.299805,79.729849
9088,dp,0.002464,0.068150,0.021500,41.686035,92.114344
9089,s,0.023128,0.115000,0.019200,48.417725,157.328351
9080,s,0.023128,0.069750,0.019200,7.337891,112.078351
9081,p,0.003780,0.106250,0.021500,28.326904,131.529849
9082,s,0.023128,0.026300,0.021500,38.676025,70.928351
9083,s,0.023128,0.008900,0.019200,45.726318,51.228351
9084,p,0.003780,0.004750,0.020000,64.469727,28.529849
9075,p,0.003780,0.023200,0.018500,18.306641,45.479849
9076,dp,0.002464,0.030250,0.020000,28.066650,52.714344
9077,s,0.023128,0.079850,0.021500,35.186279,124.478351
9078,ddp,0.002502,0.093850,0.022000,42.264893,118.351712
9079,d,0.002385,0.037350,0.022000,49.912109,61.735393
9090,s,0.023128,0.128600,0.019200,7.234375,170.928351
9091,d,0.002385,0.067850,0.022000,17.242920,92.235393
9092,dd,0.002426,0.051250,0.022000,24.392578,75.675915
9093,pdd,0.003045,0.088350,0.022000,42.934570,113.394804
9094,spdd,0.018011,0.075300,0.019200,51.943359,112.511157
9095,p,0.003780,0.055450,0.018500,18.230469,77.729849
9096,p,0.003780,0.103750,0.022000,38.936035,129.529849
9097,p,0.003780,0.004250,0.022000,60.040039,30.029849
9098,sp,0.018754,0.069100,0.021500,69.569580,109.353690
9099,pp,0.002838,0.048900,0.020000,88.081299,71.738325
9100,s,0.023128,0.004900,0.022000,6.941406,50.028351
9101,ps,0.002840,0.005150,0.020000,26.835205,27.989786
9102,s,0.023128,0.084650,0.018500,36.500732,126.278351
9103,p,0.003780,0.086300,0.019200,55.192627,109.279849
9104,d,0.002385,0.007100,0.021500,64.717529,30.985393
9110,d,0.002385,0.083800,0.021500,8.025879,107.685393
9111,s,0.023128,0.071150,0.021500,15.261719,115.778351
9112,ss,0.018821,0.092400,0.022000,22.698242,133.220769
9113,d,0.002385,0.018650,0.018500,30.086426,39.535393
9114,pd,0.002977,0.070050,0.019200,49.326660,92.227001
9105,p,0.003780,0.071750,0.018500,19.040039,94.029849
9106,s,0.023128,0.005700,0.022000,28.697510,50.828351
9107,d,0.002385,0.088950,0.021500,36.111816,112.835393
9108,sp,0.018754,0.046350,0.022000,43.622070,87.103690
9109,ssp,0.018787,0.123900,0.019200,50.631836,161.887195
9125,p,0.003780,0.004350,0.021500,18.289307,29.629849
9126,sp,0.018754,0.003800,0.021500,27.531494,44.053690
9127,ssp,0.018787,0.016750,0.022000,34.363037,57.537195
9128,p,0.003780,0.059550,0.018500,52.758545,81.829849
9129,ps,0.002840,0.004650,0.020000,73.200928,27.489786
9120,p,0.003780,0.073250,0.022000,19.203857,99.029849
9121,p,0.003780,0.097050,0.019200,40.784424,120.029849
9122,s,0.023128,0.014700,0.020000,50.251465,57.828351
9123,ds,0.002343,0.013400,0.022000,57.300537,37.742513
9124,pp,0.002838,0.090000,0.018500,75.584473,111.338325
9115,p,0.003780,0.024150,0.022000,18.493164,49.929849
9116,dp,0.002464,0.140100,0.018500,28.330078,161.064344
9117,s,0.023128,0.004450,0.022000,35.373535,49.578351
9118,pdp,0.002932,0.100350,0.021500,53.852295,124.781683
9119,ppd,0.002827,0.056150,0.020000,74.551025,78.976719
9130,d,0.002385,0.007150,0.021500,6.789551,31.035393
9131,pd,0.002977,0.024200,0.019200,25.427002,46.377001
9132,s,0.023128,0.032250,0.021500,34.743896,76.878351
9133,s,0.023128,0.008600,0.022000,41.718506,53.728351
9134,ds,0.002343,0.098850,0.019200,48.880615,120.392513
9135,p,0.003780,0.074850,0.020000,19.470703,98.629849
9136,pp,0.002838,0.076550,0.020000,40.954590,99.388325
9137,s,0.023128,0.004450,0.022000,50.456787,49.578351
9138,s,0.023128,0.072600,0.022000,57.466797,117.728351
9139,s,0.023128,0.043250,0.021500,64.443604,87.878351
9140,d,0.002385,0.013900,0.018500,6.992432,34.785393
9141,d,0.002385,0.118100,0.019200,14.669678,139.685393
9142,sd,0.018668,0.011050,0.018500,21.667480,48.217773
9143,s,0.023128,0.055750,0.021500,28.593994,100.378351
9144,ds,0.002343,0.079450,0.021500,35.659424,103.292513
9145,s,0.023128,0.013650,0.022000,6.483643,58.778351
9146,s,0.023128,0.069600,0.020000,13.553467,112.728351
9147,d,0.002385,0.025250,0.018500,20.780762,46.135393
9148,p,0.003780,0.063350,0.018500,39.780273,85.629849
9149,pd,0.002977,0.061450,0.019200,60.518555,83.627001
9150,d,0.002385,0.048150,0.020000,9.723389,70.535393
9151,s,0.023128,0.004950,0.019200,16.788086,47.278351
9152,d,0.002385,0.012000,0.018500,23.774902,32.885393
9153,pd,0.002977,0.020900,0.020000,42.072021,43.877001
9154,p,0.003780,0.061100,0.019200,62.535889,84.079849
9155,p,0.003780,0.096450,0.022000,18.061523,122.229849
9156,s,0.023128,0.075250,0.019200,27.326904,117.578351
9157,ds,0.002343,0.094350,0.021500,34.404541,118.192513
9158,d,0.002385,0.027650,0.022000,41.509766,52.035393
9159,d,0.002385,0.005850,0.019200,48.628662,27.435393
9160,p,0.003780,0.012000,0.018500,18.498047,34.279849
9161,d,0.002385,0.027850,0.021500,28.134277,51.735393
9162,p,0.003780,0.093850,0.021500,47.013184,119.129849
9163,d,0.002385,0.005000,0.019200,56.926514,26.585393
9164,pd,0.002977,0.008600,0.019200,77.180176,30.777001
9165,d,0.002385,0.067850,0.020000,6.756348,90.235393
9166,d,0.002385,0.067950,0.022000,14.136475,92.335393
9167,p,0.003780,0.068950,0.020000,33.811768,92.729849
9168,s,0.023128,0.011100,0.019200,43.687988,53.428351
9169,ss,0.018821,0.018800,0.019200,50.664551,56.820769
9175,d,0.002385,0.063250,0.020000,6.790527,85.635393
9176,p,0.003780,0.023600,0.018500,25.569824,45.879849
9177,sp,0.018754,0.003800,0.022000,34.888916,44.553690
9178,sd,0.018668,0.104200,0.019200,41.938232,142.067773
9179,dsp,0.002685,0.109850,0.018500,49.315430,131.034513
9170,d,0.002385,0.038800,0.022000,6.900879,63.185393
9171,sd,0.018668,0.053100,0.022000,13.933350,93.767773
9172,d,0.002385,0.047850,0.021500,21.125732,71.735393
9173,dd,0.002426,0.061250,0.022000,28.411377,85.675915
9174,d,0.002385,0.010400,0.021500,35.615479,34.285393
9180,s,0.023128,0.070250,0.021500,6.978516,114.878351
9181,d,0.002385,0.068150,0.019200,14.880371,89.735393
9182,ps,0.002840,0.083850,0.020000,35.572754,106.689786
9183,dps,0.002445,0.047150,0.021500,45.959473,71.094936
9184,pdps,0.002951,0.056700,0.021500,65.848877,81.150740
9185,d,0.002385,0.023350,0.022000,17.955322,47.735393
9186,d,0.002385,0.104800,0.019200,25.503418,126.385393
9187,pd,0.002977,0.015950,0.022000,44.171387,40.927001
9188,p,0.003780,0.114950,0.020000,64.916260,138.729849
9189,s,0.023128,0.027950,0.020000,74.081787,71.078351
9190,s,0.023128,0.041100,0.021500,9.214355,85.728351
9191,ss,0.018821,0.017450,0.019200,16.308838,55.470769
9192,s,0.023128,0.100750,0.022000,23.090088,145.878351
9193,ss,0.018821,0.046450,0.021500,29.905273,86.770769
9194,s,0.023128,0.045800,0.019200,36.659424,88.128351
9195,s,0.023128,0.008550,0.019200,8.281006,50.878351
9196,s,0.023128,0.004550,0.019200,15.290771,46.878351
9197,ps,0.002840,0.025150,0.019200,34.235840,47.189786
9198,dps,0.002445,0.024450,0.018500,43.861084,45.394936
9199,d,0.002385,0.038350,0.021500,51.088379,62.235393
9200,s,0.023128,0.014350,0.021500,23.588623,58.978351
9201,s,0.023128,0.084250,0.021500,31.432861,128.878351
9202,p,0.003780,0.027750,0.020000,49.869141,51.529849
9203,ps,0.002840,0.027950,0.018500,70.556641,49.289786
9204,dp,0.002464,0.059200,0.020000,79.973389,81.664344
9205,s,0.023128,0.027000,0.022000,14.185059,72.128351
9206,d,0.002385,0.043750,0.020000,24.192383,66.135393
9207,ss,0.018821,0.048150,0.020000,31.990234,86.970769
9208,sd,0.018668,0.082650,0.019200,39.540771,120.517773
9209,d,0.002385,0.007900,0.021500,47.048828,31.785393
9210,d,0.002385,0.088900,0.021500,22.170410,112.785393
9211,p,0.003780,0.004550,0.020000,41.029785,28.329849
9212,s,0.023128,0.056450,0.022000,50.293701,101.578351
9213,s,0.023128,0.083750,0.019200,57.688477,126.078351
9214,p,0.003780,0.005750,0.019200,79.133789,28.729849
9215,s,0.023128,0.080550,0.019200,19.251953,122.878351
9216,ss,0.018821,0.064400,0.018500,27.140137,101.720769
9217,p,0.003780,0.056550,0.019200,45.617676,79.529849
9218,p,0.003780,0.082900,0.020000,66.358887,106.679849
9219,p,0.003780,0.004650,0.018500,87.035156,26.929849
9220,d,0.002385,0.094100,0.019200,15.530762,115.685393
9221,p,0.003780,0.029650,0.021500,34.598877,54.929849
9222,d,0.002385,0.015500,0.020000,43.946533,37.885393
9223,d,0.002385,0.063650,0.021500,51.036865,87.535393
9224,pd,0.002977,0.064450,0.022000,69.257812,89.427001
9225,s,0.023128,0.016300,0.018500,11.535400,57.928351
9226,s,0.023128,0.007500,0.021500,18.557129,52.128351
9227,d,0.002385,0.066950,0.021500,25.644531,90.835393
9228,sd,0.018668,0.111600,0.021500,32.478271,151.767773
9229,p,0.003780,0.086700,0.018500,50.792480,108.979849
9235,s,0.023128,0.007500,0.019200,12.276611,49.828351
9236,p,0.003780,0.067750,0.022000,30.800293,93.529849
9237,d,0.002385,0.069200,0.018500,40.259521,90.085393
9238,ps,0.002840,0.007000,0.022000,58.860107,31.839786
9239,d,0.002385,0.044450,0.021500,68.305908,68.335393
9230,d,0.002385,0.086300,0.018500,24.439697,107.185393
9231,d,0.002385,0.005100,0.021500,33.010010,28.985393
9232,d,0.002385,0.082700,0.021500,40.354248,106.585393
9233,pd,0.002977,0.071200,0.019200,60.297607,93.377001
9234,d,0.002385,0.007350,0.020000,71.160156,29.735393
9240,p,0.003780,0.066800,0.018500,29.715088,89.079849
9241,dp,0.002464,0.051850,0.022000,39.122070,76.314344
9242,pdp,0.002932,0.070950,0.020000,57.646240,93.881683
9243,s,0.023128,0.005300,0.020000,66.804443,48.428351
9244,ppdp,0.002887,0.055950,0.019200,85.214600,78.036698
9250,d,0.002385,0.071600,0.022000,10.044678,95.985393
9251,p,0.003780,0.007950,0.020000,32.999268,31.729849
9252,p,0.003780,0.005800,0.022000,57.239258,31.579849
9253,dp,0.002464,0.004850,0.020000,67.953613,27.314344
9254,d,0.002385,0.097050,0.021500,75.738281,120.935393
9245,p,0.003780,0.059750,0.022000,22.806885,85.529849
9246,d,0.002385,0.063050,0.020000,32.493408,85.435393
9247,pp,0.002838,0.061000,0.019200,50.869141,83.038325
9248,d,0.002385,0.009850,0.018500,60.785400,30.735393
9249,sd,0.018668,0.099750,0.020000,67.832031,138.417773
9255,p,0.003780,0.039350,0.022000,18.403320,65.129849
9256,s,0.023128,0.049150,0.020000,27.712402,92.278351
9257,p,0.003780,0.011800,0.018500,46.045654,34.079849
9258,ss,0.018821,0.100950,0.021500,55.453613,141.270769
9259,dp,0.002464,0.006150,0.021500,62.574463,30.114344
9260,d,0.002385,0.061100,0.018500,20.614502,81.985393
9261,pd,0.002977,0.083550,0.021500,39.494629,108.027001
9262,s,0.023128,0.005100,0.020000,48.512207,48.228351
9263,d,0.002385,0.051700,0.018500,55.420166,72.585393
9264,s,0.023128,0.023650,0.022000,62.176025,68.778351
9265,s,0.023128,0.079600,0.018500,6.560791,121.228351
9266,p,0.003780,0.106250,0.020000,25.379395,130.029849
9267,p,0.003780,0.008100,0.022000,49.087158,33.879849
9268,ss,0.018821,0.061850,0.018500,60.584473,99.170769
9269,p,0.003780,0.093350,0.022000,80.976318,119.129849
9270,d,0.002385,0.005750,0.021500,14.267578,29.635393
9271,p,0.003780,0.064650,0.022000,33.214600,90.429849
9272,s,0.023128,0.004900,0.020000,42.823975,48.028351
9273,p,0.003780,0.047150,0.019200,61.514404,70.129849
9274,pp,0.002838,0.054950,0.022000,82.724854,79.788325
9275,d,0.002385,0.100750,0.021500,6.679199,124.635393
9276,sd,0.018668,0.013650,0.022000,13.807373,54.317773
9277,ssd,0.018735,0.061700,0.019200,20.996582,99.634503
9278,p,0.003780,0.066950,0.020000,40.656982,90.729849
9279,s,0.023128,0.057450,0.018500,50.166992,99.078351
9280,s,0.023128,0.022800,0.021500,9.764160,67.428351
9281,p,0.003780,0.023200,0.022000,28.508057,48.979849
9282,dp,0.002464,0.037300,0.020000,38.095459,59.764344
9283,ss,0.018821,0.010350,0.022000,45.105713,51.170769
9284,d,0.002385,0.061850,0.022000,52.378418,86.235393
9290,p,0.003780,0.004750,0.020000,18.901611,28.529849
9291,p,0.003780,0.036200,0.021500,39.925293,61.479849
9292,s,0.023128,0.063450,0.019200,49.343262,105.778351
9293,d,0.002385,0.047850,0.019200,56.658691,69.435393
9294,ds,0.002343,0.027750,0.022000,63.816650,52.092513
9285,d,0.002385,0.093800,0.018500,6.823730,114.685393
9286,dd,0.002426,0.030300,0.019200,14.054443,51.925915
9287,p,0.003780,0.062850,0.020000,32.866699,86.629849
9288,dp,0.002464,0.044100,0.018500,42.584229,65.064344
9289,pdp,0.002932,0.057800,0.021500,61.417480,82.231683
9300,s,0.023128,0.056600,0.020000,6.505859,99.728351
9301,p,0.003780,0.020400,0.019200,25.344727,43.379849
9302,d,0.002385,0.061250,0.022000,34.962646,85.635393
9303,ss,0.018821,0.073150,0.020000,42.004883,111.970769
9304,pss,0.002833,0.033750,0.020000,60.547607,56.582709
9295,d,0.002385,0.008400,0.019200,24.408203,29.985393
9296,s,0.023128,0.006450,0.022000,32.051270,51.578351
9297,s,0.023128,0.020850,0.019200,39.004883,63.178351
9298,s,0.023128,0.032250,0.021500,46.153564,76.878351
9299,sd,0.018668,0.008950,0.022000,53.089844,49.617773
9305,s,0.023128,0.005500,0.018500,16.206787,47.128351
9306,p,0.003780,0.048150,0.021500,37.192383,73.429849
9307,p,0.003780,0.041650,0.019200,59.389160,64.629849
9308,sp,0.018754,0.046050,0.019200,69.070312,84.003690
9309,psp,0.002926,0.041850,0.020000,87.723145,64.775658
9310,s,0.023128,0.085950,0.018500,8.918701,127.578351
9311,s,0.023128,0.012400,0.022000,15.867920,57.528351
9312,ss,0.018821,0.008800,0.021500,22.667480,49.120769
9313,ps,0.002840,0.077050,0.022000,41.005127,101.889786
9314,d,0.002385,0.129600,0.022000,50.273926,153.985393
9315,p,0.003780,0.049650,0.021500,18.206787,74.929849
9316,s,0.023128,0.007550,0.019200,28.110107,49.878351
9317,ps,0.002840,0.006550,0.021500,48.503662,30.889786
9318,dps,0.002445,0.004550,0.018500,59.195557,25.494936
9319,d,0.002385,0.062100,0.019200,66.960938,83.685393
9320,d,0.002385,0.099150,0.021500,20.527588,123.035393
9321,p,0.003780,0.005200,0.022000,39.726807,30.979849
9322,p,0.003780,0.095500,0.019200,60.133545,118.479849
9323,s,0.023128,0.088500,0.019200,69.219482,130.828351
9324,d,0.002385,0.004600,0.019200,76.239014,26.185393
9325,p,0.003780,0.004750,0.020000,33.288330,28.529849
9326,d,0.002385,0.057450,0.021500,42.951904,81.335393
9327,pd,0.002977,0.091500,0.020000,61.594482,114.477001
9328,s,0.023128,0.008600,0.022000,70.841797,53.728351
9329,s,0.023128,0.101400,0.018500,77.568359,143.028351
9330,s,0.023128,0.042950,0.019200,6.552979,85.278351
9331,d,0.002385,0.016050,0.018500,13.838623,36.935393
9332,dd,0.002426,0.021000,0.018500,21.387695,41.925915
9333,ds,0.002343,0.103300,0.018500,28.711914,124.142513
9334,sdd,0.018511,0.007500,0.022000,36.127686,48.010933
9335,s,0.023128,0.061850,0.022000,6.622070,106.978351
9336,s,0.023128,0.006000,0.022000,13.691406,51.128351
9337,ss,0.018821,0.078450,0.020000,20.697754,117.270769
9338,d,0.002385,0.026850,0.021500,27.865723,50.735393
9339,p,0.003780,0.020900,0.019200,46.757568,43.879849
9340,p,0.003780,0.007250,0.019200,20.251465,30.229849
9341,p,0.003780,0.106250,0.022000,41.667236,132.029849
9342,p,0.003780,0.059200,0.021500,63.518799,84.479849
9343,sp,0.018754,0.044850,0.021500,73.367920,85.103690
9344,s,0.023128,0.019750,0.022000,80.296143,64.878351
9345,d,0.002385,0.061150,0.019200,8.513916,82.735393
9346,p,0.003780,0.008250,0.022000,31.572021,34.029849
9347,d,0.002385,0.014500,0.018500,42.579834,35.385393
9348,pd,0.002977,0.034600,0.019200,65.871338,56.777001
9349,pp,0.002838,0.020500,0.019200,88.370605,42.538325
9355,d,0.002385,0.005000,0.021500,6.803955,28.885393
9356,p,0.003780,0.013850,0.019200,25.625977,36.829849
9357,pp,0.002838,0.025150,0.020000,47.593018,47.988325
9358,d,0.002385,0.046350,0.019200,57.418213,67.935393
9359,sd,0.018668,0.136450,0.018500,64.526855,173.617773
9350,s,0.023128,0.004350,0.018500,23.612549,45.978351
9351,p,0.003780,0.123250,0.018500,45.983398,145.529849
9352,p,0.003780,0.086700,0.020000,67.065430,110.479849
9353,d,0.002385,0.077150,0.021500,76.962891,101.035393
9354,pd,0.002977,0.071500,0.019200,95.759766,93.677001
9360,p,0.003780,0.008550,0.019200,18.102783,31.529849
9361,sp,0.018754,0.003700,0.019200,27.445312,41.653690
9362,s,0.023128,0.004850,0.021500,34.372314,49.478351
9363,dsp,0.002685,0.016850,0.022000,41.577881,41.534513
9364,s,0.023128,0.049350,0.021500,48.806641,93.978351
9365,d,0.002385,0.070250,0.021500,6.775146,94.135393
9366,d,0.002385,0.007950,0.020000,14.150146,30.335393
9367,p,0.003780,0.053150,0.020000,33.092285,76.929849
9368,s,0.023128,0.004350,0.018500,42.634521,45.978351
9369,pp,0.002838,0.071500,0.022000,61.291016,96.338325
9370,s,0.023128,0.028800,0.019200,9.527344,71.128351
9371,d,0.002385,0.061000,0.020000,16.650635,83.385393
9372,ds,0.002343,0.091550,0.022000,23.620117,115.892513
9373,pds,0.003022,0.047100,0.022000,42.520020,72.121933
9374,sd,0.018668,0.057850,0.019200,52.290039,95.717773
9375,p,0.003780,0.084000,0.021500,24.944092,109.279849
9376,p,0.003780,0.053800,0.022000,46.046631,79.579849
9377,dp,0.002464,0.023000,0.022000,56.143799,47.464344
9378,sdp,0.018492,0.057850,0.019200,63.494141,95.541971
9379,s,0.023128,0.005850,0.018500,70.577637,47.478351
9380,s,0.023128,0.078350,0.021500,23.592041,122.978351
9381,s,0.023128,0.005400,0.022000,31.478516,50.528351
9382,p,0.003780,0.008800,0.020000,50.381836,32.579849
9383,ss,0.018821,0.026150,0.019200,59.991943,64.170769
9384,d,0.002385,0.026000,0.020000,67.410889,48.385393
9385,d,0.002385,0.003850,0.019200,23.537109,25.435393
9386,p,0.003780,0.011100,0.019200,43.041016,34.079849
9387,s,0.023128,0.048900,0.022000,52.185791,94.028351
9388,d,0.002385,0.024150,0.018500,59.184814,45.035393
9389,p,0.003780,0.122000,0.019200,77.643555,144.979849
9390,d,0.002385,0.080100,0.022000,23.809082,104.485393
9391,s,0.023128,0.004750,0.020000,31.513184,47.878351
9392,d,0.002385,0.041950,0.021500,38.630371,65.835393
9393,sd,0.018668,0.081000,0.019200,45.646240,118.867773
9394,s,0.023128,0.011800,0.019200,52.508301,54.128351
9400,p,0.003780,0.035550,0.019200,18.738281,58.529849
9401,s,0.023128,0.038600,0.018500,28.200439,80.228351
9402,p,0.003780,0.086100,0.021500,47.415771,111.379849
9403,ss,0.018821,0.020750,0.021500,56.973389,61.070769
9404,sss,0.019288,0.061150,0.022000,64.013428,102.438093
9405,p,0.003780,0.033750,0.020000,18.188232,57.529849
9406,s,0.023128,0.112700,0.022000,27.654053,157.828351
9407,p,0.003780,0.006650,0.019200,46.409912,29.629849
9408,pp,0.002838,0.080450,0.020000,66.991699,103.288325
9409,d,0.002385,0.035850,0.021500,76.202637,59.735393
9395,p,0.003780,0.070900,0.020000,35.563477,94.679849
9396,p,0.003780,0.007450,0.022000,57.699463,33.229849
9397,pp,0.002838,0.015050,0.020000,81.420898,37.888325
9398,dp,0.002464,0.021150,0.021500,91.693359,45.114344
9399,p,0.003780,0.009100,0.022000,110.813477,34.879849
9415,p,0.003780,0.113000,0.021500,19.673584,138.279849
9416,p,0.003780,0.028650,0.018500,40.774414,50.929849
9417,dp,0.002464,0.085050,0.021500,50.310791,109.014344
9418,s,0.023128,0.043150,0.019200,57.253418,85.478351
9419,ddp,0.002502,0.099700,0.022000,64.463135,124.201712
9410,d,0.002385,0.043500,0.018500,6.721680,64.385393
9411,s,0.023128,0.012100,0.019200,13.682617,54.428351
9412,dd,0.002426,0.015200,0.022000,20.817383,39.625915
9413,p,0.003780,0.004600,0.021500,39.425781,29.879849
9414,d,0.002385,0.025550,0.018500,49.023682,46.435393
9420,p,0.003780,0.015050,0.020000,18.180176,38.829849
9421,s,0.023128,0.114500,0.022000,27.532227,159.628351
9422,p,0.003780,0.004150,0.021500,45.846680,29.429849
9423,sp,0.018754,0.008200,0.022000,54.979980,48.953690
9424,ss,0.018821,0.062800,0.019200,61.752930,100.820769
9425,s,0.023128,0.036700,0.022000,6.407227,81.828351
9426,p,0.003780,0.076350,0.022000,25.487793,102.129849
9427,d,0.002385,0.004750,0.021500,34.935303,28.635393
9428,d,0.002385,0.102100,0.018500,42.003174,122.985393
9429,s,0.023128,0.007350,0.019200,49.005127,49.678351
9430,s,0.023128,0.099600,0.020000,14.770508,142.728351
9431,s,0.023128,0.010100,0.019200,22.359619,52.428351
9432,p,0.003780,0.122600,0.021500,42.829590,147.879849
9433,d,0.002385,0.004450,0.020000,53.094727,26.835393
9434,sd,0.018668,0.004250,0.019200,60.506836,42.117773
9435,p,0.003780,0.015250,0.019200,18.857910,38.229849
9436,d,0.002385,0.051300,0.018500,28.575928,72.185393
9437,d,0.002385,0.006650,0.019200,35.843506,28.235393
9438,s,0.023128,0.045800,0.019200,42.870361,88.128351
9439,pd,0.002977,0.006300,0.019200,61.417969,28.477001
9440,p,0.003780,0.022950,0.018500,18.205078,45.229849
9441,s,0.023128,0.070250,0.022000,27.647705,115.378351
9442,pp,0.002838,0.088400,0.018500,46.923828,109.738325
9443,p,0.003780,0.004300,0.022000,67.993652,30.079849
9444,sp,0.018754,0.006350,0.021500,77.497314,46.603690
9445,s,0.023128,0.081900,0.018500,6.754150,123.528351
9446,p,0.003780,0.113450,0.020000,25.758789,137.229849
9447,d,0.002385,0.049500,0.018500,35.490723,70.385393
9448,sp,0.018754,0.066150,0.021500,42.730713,106.403690
9449,d,0.002385,0.004950,0.022000,49.947266,29.335393
9450,s,0.023128,0.011050,0.018500,6.586670,52.678351
9451,d,0.002385,0.004700,0.018500,13.755859,25.585393
9452,sd,0.018668,0.004150,0.018500,20.627441,41.317773
9453,p,0.003780,0.092450,0.021500,39.936523,117.729849
9454,ss,0.018821,0.007850,0.020000,50.068115,46.670769
9460,p,0.003780,0.005450,0.020000,18.279297,29.229849
9461,d,0.002385,0.060250,0.019200,27.998535,81.835393
9462,sp,0.018754,0.005600,0.018500,35.037354,42.853690
9463,ps,0.002840,0.007350,0.022000,53.724121,32.189786
9464,p,0.003780,0.016500,0.022000,74.632812,42.279849
9455,s,0.023128,0.044300,0.019200,21.347168,86.628351
9456,ss,0.018821,0.054100,0.018500,28.915039,91.420769
9457,p,0.003780,0.009950,0.021500,47.569336,35.229849
9458,p,0.003780,0.004800,0.018500,68.366211,27.079849
9459,p,0.003780,0.018750,0.020000,89.043213,42.529849
9465,s,0.023128,0.123600,0.020000,23.230713,166.728351
9466,s,0.023128,0.010650,0.019200,31.032715,52.978351
9467,ps,0.002840,0.044300,0.018500,49.533691,65.639786
9468,p,0.003780,0.010800,0.021500,70.343262,36.079849
9469,sps,0.018360,0.040200,0.022000,79.664307,80.560251
9470,p,0.003780,0.011950,0.022000,35.346436,37.729849
9471,pp,0.002838,0.086350,0.021500,56.003906,110.688325
9472,pp,0.002838,0.066900,0.020000,76.754639,89.738325
9473,s,0.023128,0.009100,0.018500,85.959229,50.728351
9474,s,0.023128,0.008950,0.018500,92.847900,50.578351
9475,p,0.003780,0.034500,0.021500,35.008301,59.779849
9476,sp,0.018754,0.061150,0.021500,44.783447,101.403690
9477,s,0.023128,0.088650,0.021500,51.839600,133.278351
9478,d,0.002385,0.006550,0.020000,58.997803,28.935393
9479,ds,0.002343,0.056550,0.022000,66.182861,80.892513
9485,d,0.002385,0.071250,0.020000,18.987793,93.635393
9486,d,0.002385,0.024100,0.019200,27.759033,45.685393
9487,d,0.002385,0.064200,0.022000,35.012695,88.585393
9488,sd,0.018668,0.074100,0.019200,41.974609,111.967773
9489,pd,0.002977,0.105700,0.022000,61.014893,130.677001
9480,d,0.002385,0.113450,0.022000,6.924316,137.835393
9481,s,0.023128,0.006200,0.020000,14.102539,49.328351
9482,ss,0.018821,0.005200,0.020000,21.039307,44.020769
9483,d,0.002385,0.029250,0.021500,28.010254,53.135393
9484,pss,0.002833,0.011000,0.018500,46.479980,32.332709
9490,s,0.023128,0.015050,0.019200,6.367188,57.378351
9491,s,0.023128,0.069750,0.022000,13.312744,114.878351
9492,s,0.023128,0.027700,0.020000,20.145752,70.828351
9493,d,0.002385,0.009500,0.020000,27.139893,31.885393
9494,pd,0.002977,0.005400,0.021500,46.166504,29.877001
9495,d,0.002385,0.017050,0.019200,6.826172,38.635393
9496,p,0.003780,0.054150,0.020000,25.638184,77.929849
9497,d,0.002385,0.008150,0.018500,35.060303,29.035393
9498,p,0.003780,0.025250,0.019200,53.452148,48.229849
9499,sd,0.018668,0.005350,0.021500,62.743408,45.517773
9500,d,0.002385,0.005300,0.022000,14.078369,29.685393
9501,p,0.003780,0.069450,0.021500,33.376465,94.729849
9502,d,0.002385,0.021150,0.018500,43.100098,42.035393
9503,pp,0.002838,0.067850,0.022000,62.215576,92.688325
9504,d,0.002385,0.008500,0.020000,71.983154,30.885393
9510,s,0.023128,0.107950,0.019200,6.594971,150.278351
9511,p,0.003780,0.011150,0.021500,25.375732,36.429849
9512,ps,0.002840,0.032700,0.018500,46.279297,54.039786
9513,s,0.023128,0.027950,0.018500,55.573486,69.578351
9514,p,0.003780,0.006000,0.019200,74.024902,28.979849
9505,s,0.023128,0.015400,0.021500,13.466064,60.028351
9506,d,0.002385,0.008450,0.020000,20.758301,30.835393
9507,s,0.023128,0.113450,0.018500,27.665527,155.078351
9508,ps,0.002840,0.011100,0.018500,46.689697,32.439786
9509,ds,0.002343,0.056150,0.021500,57.087158,79.992513
9515,d,0.002385,0.013250,0.021500,6.691650,37.135393
9516,pd,0.002977,0.017500,0.021500,25.299072,41.977001
9517,d,0.002385,0.061450,0.020000,34.785889,83.835393
9518,d,0.002385,0.059600,0.019200,42.074219,81.185393
9519,d,0.002385,0.005450,0.022000,49.080566,29.835393
9520,s,0.023128,0.064750,0.018500,22.924072,106.378351
9521,p,0.003780,0.039350,0.019200,42.429932,62.329849
9522,sp,0.018754,0.110500,0.022000,51.805664,151.253690
9523,s,0.023128,0.024500,0.019200,58.807373,66.828351
9524,s,0.023128,0.007500,0.019200,65.881348,49.828351
9525,d,0.002385,0.046050,0.018500,7.166504,66.935393
9526,d,0.002385,0.107650,0.022000,14.480713,132.035393
9527,d,0.002385,0.013850,0.021500,21.833984,37.735393
9528,d,0.002385,0.005050,0.021500,29.090332,28.935393
9529,pd,0.002977,0.136450,0.020000,47.637695,159.427001
9530,s,0.023128,0.030250,0.019200,22.962891,72.578351
9531,p,0.003780,0.020350,0.018500,42.234131,42.629849
9532,p,0.003780,0.054300,0.021500,63.352051,79.579849
9533,p,0.003780,0.005600,0.021500,85.041504,30.879849
9534,pp,0.002838,0.050000,0.019200,107.872070,72.038325
9535,s,0.023128,0.087450,0.019200,9.634766,129.778351
9536,ps,0.002840,0.062400,0.022000,28.269531,87.239786
9537,s,0.023128,0.006050,0.019200,37.513672,48.378351
9538,dps,0.002445,0.071350,0.020000,44.622559,93.794936
9539,p,0.003780,0.015450,0.018500,62.919189,37.729849
9540,d,0.002385,0.068400,0.020000,6.760986,90.785393
9541,p,0.003780,0.004500,0.018500,25.312988,26.779849
9542,p,0.003780,0.018750,0.021500,46.418457,44.029849
9543,sd,0.018668,0.051200,0.018500,55.843994,88.367773
9544,dp,0.002464,0.079300,0.020000,62.949951,101.764344
9545,d,0.002385,0.039350,0.020000,7.165527,61.735393
9546,p,0.003780,0.059550,0.021500,26.235352,84.829849
9547,p,0.003780,0.079850,0.022000,48.187988,105.629849
9548,p,0.003780,0.079200,0.021500,69.933594,104.479849
9549,d,0.002385,0.005200,0.021500,79.528564,29.085393
9550,s,0.023128,0.016950,0.022000,23.473145,62.078351
9551,ps,0.002840,0.058350,0.021500,43.030518,82.689786
9552,p,0.003780,0.005350,0.021500,63.979248,30.629849
9553,sp,0.018754,0.003900,0.021500,73.378418,44.153690
9554,dsp,0.002685,0.006000,0.022000,80.600586,30.684513
9555,d,0.002385,0.015250,0.020000,23.666504,37.635393
9556,d,0.002385,0.132600,0.022000,31.707031,156.985393
9557,d,0.002385,0.065600,0.018500,38.926025,86.485393
9558,dd,0.002426,0.014600,0.019200,45.979492,36.225915
9559,pd,0.002977,0.011400,0.020000,64.426025,34.377001
9565,d,0.002385,0.048250,0.019200,8.978516,69.835393
9566,d,0.002385,0.056100,0.021500,16.966064,79.985393
9567,s,0.023128,0.007900,0.020000,24.721436,51.028351
9568,sd,0.018668,0.103400,0.019200,31.837646,141.267773
9569,p,0.003780,0.044100,0.018500,51.089844,66.379849
9570,s,0.023128,0.010400,0.020000,7.730225,53.528351
9571,ss,0.018821,0.014300,0.021500,14.484863,54.620769
9572,pss,0.002833,0.007550,0.018500,33.550293,28.882709
9573,s,0.023128,0.071250,0.018500,42.873535,112.878351
9574,d,0.002385,0.064600,0.022000,50.052979,88.985393
9560,s,0.023128,0.043350,0.019200,26.104980,85.678351
9561,s,0.023128,0.010800,0.022000,34.406738,55.928351
9562,s,0.023128,0.004750,0.021500,41.376709,49.378351
9563,p,0.003780,0.107600,0.022000,60.029541,133.379849
9564,dp,0.002464,0.041850,0.021500,69.630859,65.814344
9575,s,0.023128,0.010000,0.021500,6.544922,54.628351
9576,ps,0.002840,0.047850,0.021500,25.346924,72.189786
9577,pps,0.002854,0.009950,0.022000,46.291504,34.804053
9578,d,0.002385,0.005700,0.019200,55.909912,27.285393
9579,sd,0.018668,0.008150,0.021500,63.102783,48.317773
9580,s,0.023128,0.061150,0.022000,6.558838,106.278351
9581,d,0.002385,0.027700,0.020000,14.017578,50.085393
9582,d,0.002385,0.083200,0.021500,21.320557,107.085393
9583,ss,0.018821,0.007950,0.019200,28.367188,45.970769
9584,pd,0.002977,0.112100,0.018500,46.885010,133.577001
9585,s,0.023128,0.004750,0.019200,6.540039,47.078351
9586,ss,0.018821,0.008750,0.018500,13.590576,46.070769
9587,s,0.023128,0.052350,0.021500,20.807861,96.978351
9588,p,0.003780,0.082150,0.022000,39.623779,107.929849
9589,sss,0.019288,0.005100,0.018500,48.887451,42.888093
9590,p,0.003780,0.004900,0.019200,17.967529,27.879849
9591,s,0.023128,0.061450,0.019200,27.765625,103.778351
9592,sp,0.018754,0.004850,0.021500,35.557861,45.103690
9593,p,0.003780,0.042650,0.022000,56.985596,68.429849
9594,ss,0.018821,0.004350,0.022000,67.541748,45.170769
9600,s,0.023128,0.083750,0.018500,10.312012,125.378351
9601,s,0.023128,0.004150,0.021500,17.973877,48.778351
9602,d,0.002385,0.010300,0.020000,25.301514,32.685393
9603,pd,0.002977,0.008800,0.019200,43.894043,30.977001
9604,d,0.002385,0.074300,0.021500,53.995850,98.185393
9595,p,0.003780,0.041800,0.020000,34.018311,65.579849
9596,p,0.003780,0.032700,0.019200,55.060059,55.679849
9597,dp,0.002464,0.027700,0.020000,65.075684,50.164344
9598,d,0.002385,0.073800,0.018500,72.583252,94.685393
9599,p,0.003780,0.024450,0.020000,93.167969,48.229849
9605,d,0.002385,0.038700,0.020000,23.712646,61.085393
9606,s,0.023128,0.038150,0.018500,31.339355,79.778351
9607,p,0.003780,0.005150,0.019200,49.873291,28.129849
9608,d,0.002385,0.027950,0.019200,59.365479,49.535393
9609,pd,0.002977,0.094900,0.022000,77.813721,119.877001
9610,p,0.003780,0.078050,0.020000,18.210205,101.829849
9611,d,0.002385,0.031900,0.020000,27.962646,54.285393
9612,d,0.002385,0.003900,0.021500,35.129395,27.785393
9613,p,0.003780,0.074650,0.018500,53.514160,96.929849
9614,dp,0.002464,0.088650,0.022000,63.549561,113.114344
9615,p,0.003780,0.074000,0.020000,24.259521,97.779849
9616,s,0.023128,0.143100,0.020000,34.356445,186.228351
9617,ps,0.002840,0.076550,0.021500,53.701904,100.889786
9618,s,0.023128,0.015700,0.018500,62.990967,57.328351
9619,dps,0.002445,0.087650,0.018500,70.110107,108.594936
9620,s,0.023128,0.076650,0.022000,6.541504,121.778351
9621,p,0.003780,0.051850,0.021500,25.606934,77.129849
9622,p,0.003780,0.010300,0.019200,46.505371,33.279849
9623,ds,0.002343,0.117500,0.022000,55.847412,141.842513
9624,d,0.002385,0.004400,0.022000,62.797119,28.785393
9625,d,0.002385,0.129300,0.021500,6.821777,153.185393
9626,sd,0.018668,0.084600,0.022000,13.719238,125.267773
9627,s,0.023128,0.069900,0.019200,20.448486,112.228351
9628,d,0.002385,0.062750,0.021500,27.312256,86.635393
9629,psd,0.003139,0.090100,0.018500,45.797607,111.738792
9630,s,0.023128,0.124400,0.019200,21.585449,166.728351
9631,d,0.002385,0.071150,0.022000,29.625732,95.535393
9632,p,0.003780,0.005700,0.019200,48.004639,28.679849
9633,sd,0.018668,0.035350,0.021500,57.101318,75.517773
9634,ds,0.002343,0.069050,0.022000,64.048828,93.392513
9635,p,0.003780,0.005200,0.018500,35.382080,27.479849
9636,p,0.003780,0.024400,0.021500,56.702881,49.679849
9637,p,0.003780,0.010700,0.019200,77.403809,33.679849
9638,sp,0.018754,0.008750,0.018500,86.590820,46.003690
9639,p,0.003780,0.005500,0.021500,104.893311,30.779849
9640,d,0.002385,0.111100,0.022000,8.533936,135.485393
9641,d,0.002385,0.003500,0.022000,19.520752,27.885393
9642,d,0.002385,0.010400,0.021500,26.948242,34.285393
9643,pd,0.002977,0.013700,0.018500,45.560303,35.177001
9644,pd,0.002977,0.047100,0.021500,66.169189,71.577001
9650,s,0.023128,0.057450,0.020000,6.724609,100.578351
9651,ds,0.002343,0.061700,0.018500,14.028320,82.542513
9652,d,0.002385,0.025950,0.021500,21.289795,49.835393
9653,p,0.003780,0.010800,0.019200,39.881592,33.779849
9654,dd,0.002426,0.123250,0.021500,49.656738,147.175915
9660,p,0.003780,0.013550,0.021500,18.016846,38.829849
9661,sp,0.018754,0.012800,0.018500,27.242188,50.053690
9662,ssp,0.018787,0.006450,0.019200,34.261719,44.437195
9663,pssp,0.002921,0.010650,0.021500,52.878418,35.071367
9664,dpss,0.002761,0.014550,0.019200,62.508545,36.510817
9655,d,0.002385,0.004550,0.020000,6.679932,26.935393
9656,p,0.003780,0.007700,0.020000,25.230225,31.479849
9657,d,0.002385,0.070800,0.018500,34.799316,91.685393
9658,d,0.002385,0.005400,0.022000,41.985596,29.785393
9659,s,0.023128,0.027650,0.022000,49.282227,72.778351
9645,s,0.023128,0.056750,0.019200,23.298340,99.078351
9646,ds,0.002343,0.119800,0.018500,31.444336,140.642513
9647,d,0.002385,0.038450,0.022000,38.619629,62.835393
9648,s,0.023128,0.005350,0.020000,45.484131,48.478351
9649,d,0.002385,0.061000,0.020000,53.055908,83.385393
9665,d,0.002385,0.080000,0.018500,6.699707,100.885393
9666,p,0.003780,0.009100,0.022000,25.483398,34.879849
9667,dp,0.002464,0.027550,0.018500,34.830078,48.514344
9668,s,0.023128,0.081650,0.020000,41.723389,124.778351
9669,d,0.002385,0.096350,0.021500,48.678223,120.235393
9675,p,0.003780,0.075250,0.018500,25.261230,97.529849
9676,dp,0.002464,0.086700,0.021500,35.340088,110.664344
9677,p,0.003780,0.070800,0.022000,54.301025,96.579849
9678,pp,0.002838,0.112250,0.021500,75.034424,136.588325
9679,d,0.002385,0.005000,0.021500,84.624023,28.885393
9670,p,0.003780,0.056450,0.022000,24.300781,82.229849
9671,p,0.003780,0.007300,0.022000,44.885986,33.079849
9672,sp,0.018754,0.005200,0.021500,54.125244,45.453690
9673,psp,0.002926,0.005100,0.021500,72.630371,29.525658
9674,pps,0.002854,0.003950,0.021500,93.322510,28.304053
9680,s,0.023128,0.084200,0.018500,23.345215,125.828351
9681,d,0.002385,0.065150,0.021500,31.156250,89.035393
9682,s,0.023128,0.020100,0.019200,38.325684,62.428351
9683,ps,0.002840,0.085950,0.020000,58.671631,108.789786
9684,dps,0.002445,0.057900,0.021500,69.169434,81.844936
9685,p,0.003780,0.070150,0.018500,20.826172,92.429849
9686,s,0.023128,0.004800,0.018500,30.046387,46.428351
9687,p,0.003780,0.011050,0.019200,48.346924,34.029849
9688,sp,0.018754,0.012450,0.021500,57.479736,52.703690
9689,d,0.002385,0.085950,0.022000,64.653809,110.335393
9690,d,0.002385,0.004750,0.018500,23.934326,25.635393
9691,pd,0.002977,0.009550,0.022000,44.514648,34.527001
9692,p,0.003780,0.101700,0.019200,67.005371,124.679849
9693,d,0.002385,0.082800,0.022000,76.843506,107.185393
9694,pd,0.002977,0.056100,0.019200,95.406738,78.277001
9695,s,0.023128,0.054300,0.018500,22.974121,95.928351
9696,d,0.002385,0.011950,0.020000,30.952881,34.335393
9697,s,0.023128,0.095500,0.019200,37.808838,137.828351
9698,dd,0.002426,0.016400,0.021500,44.939209,40.325915
9699,d,0.002385,0.004600,0.018500,52.240967,25.485393
9700,d,0.002385,0.043950,0.021500,7.226807,67.835393
9701,s,0.023128,0.064750,0.022000,14.085449,109.878351
9702,pd,0.002977,0.041300,0.022000,32.695557,66.277001
9703,d,0.002385,0.004400,0.021500,42.176514,28.285393
9704,pd,0.002977,0.005050,0.021500,60.613525,29.527001
9705,p,0.003780,0.024100,0.022000,18.638916,49.879849
9706,p,0.003780,0.010600,0.020000,39.961426,34.379849
9707,pp,0.002838,0.024150,0.021500,60.971680,48.488325
9708,sp,0.018754,0.070700,0.020000,70.357178,109.453690
9709,p,0.003780,0.084000,0.020000,89.147461,107.779849
9710,s,0.023128,0.005150,0.021500,6.588135,49.778351
9711,ps,0.002840,0.004950,0.020000,25.839355,27.789786
9712,s,0.023128,0.084500,0.022000,35.302490,129.628351
9713,ds,0.002343,0.020750,0.022000,42.637939,45.092513
9714,dps,0.002445,0.008450,0.020000,49.938477,30.894936
9715,s,0.023128,0.150300,0.021500,6.831787,194.928351
9716,ps,0.002840,0.025900,0.022000,26.576416,50.739786
9717,s,0.023128,0.012450,0.022000,36.892578,57.578351
9718,d,0.002385,0.005600,0.021500,44.493164,29.485393
9719,ds,0.002343,0.005750,0.022000,52.189209,30.092513
9720,d,0.002385,0.053150,0.021500,23.748047,77.035393
9721,s,0.023128,0.136350,0.018500,31.333252,177.978351
9722,s,0.023128,0.053450,0.019200,38.081299,95.778351
9723,ss,0.018821,0.074850,0.022000,45.111572,115.670769
9724,d,0.002385,0.004800,0.022000,51.993408,29.185393
9725,p,0.003780,0.004650,0.020000,18.857178,28.429849
9726,s,0.023128,0.017850,0.022000,28.388184,62.978351
9727,s,0.023128,0.081900,0.019200,36.578369,124.228351
9728,p,0.003780,0.063350,0.018500,55.307129,85.629849
9729,ps,0.002840,0.061050,0.020000,75.714355,83.889786
9730,p,0.003780,0.020100,0.018500,35.056641,42.379849
9731,d,0.002385,0.055550,0.019200,44.521729,77.135393
9732,p,0.003780,0.004550,0.021500,62.716797,29.829849
9733,sp,0.018754,0.006050,0.018500,71.955811,43.303690
9734,psp,0.002926,0.004550,0.019200,90.411621,26.675658
9740,s,0.023128,0.008150,0.022000,18.515625,53.278351
9741,d,0.002385,0.085100,0.022000,27.430420,109.485393
9742,ds,0.002343,0.004700,0.022000,35.245605,29.042513
9743,sds,0.018566,0.004850,0.022000,42.951416,45.416086
9744,d,0.002385,0.074800,0.019200,50.623535,96.385393
9745,p,0.003780,0.017350,0.021500,36.069336,42.629849
9746,sp,0.018754,0.028900,0.021500,45.419922,69.153690
9747,ssp,0.018787,0.025050,0.020000,52.260254,63.837195
9748,p,0.003780,0.054650,0.022000,70.861816,80.429849
9749,p,0.003780,0.031550,0.019200,91.802490,54.529849
9735,d,0.002385,0.013350,0.021500,6.817139,37.235393
9736,d,0.002385,0.005650,0.019200,14.160400,27.235393
9737,d,0.002385,0.122600,0.020000,21.459229,144.985393
9738,sd,0.018668,0.058500,0.021500,28.535889,98.667773
9739,d,0.002385,0.066450,0.019200,35.877441,88.035393
9755,p,0.003780,0.007250,0.022000,19.689941,33.029849
9756,p,0.003780,0.096150,0.021500,41.005371,121.429849
9757,d,0.002385,0.011650,0.018500,51.108887,32.535393
9758,p,0.003780,0.017850,0.022000,70.145264,43.629849
9759,sp,0.018754,0.083850,0.018500,79.758301,121.103690
9750,d,0.002385,0.008800,0.018500,6.861816,29.685393
9751,pd,0.002977,0.071600,0.021500,25.988525,96.077001
9752,pp,0.002838,0.030250,0.019200,47.975586,52.288325
9753,s,0.023128,0.074450,0.020000,57.632080,117.578351
9754,dpp,0.002514,0.053150,0.018500,65.222900,74.164416
9760,d,0.002385,0.105000,0.019200,9.272949,126.585393
9761,dd,0.002426,0.073250,0.019200,18.385498,94.875915
9762,s,0.023128,0.015950,0.019200,25.850342,58.278351
9763,ddd,0.002493,0.049150,0.022000,33.387695,73.643417
9764,ss,0.018821,0.011100,0.022000,40.560547,51.920769
9765,d,0.002385,0.074850,0.018500,6.769043,95.735393
9766,d,0.002385,0.112850,0.019200,13.996582,134.435393
9767,s,0.023128,0.010600,0.021500,21.250732,55.228351
9768,d,0.002385,0.076300,0.020000,28.281738,98.685393
9769,ps,0.002840,0.007000,0.020000,46.812988,29.839786
9770,d,0.002385,0.014550,0.018500,6.950928,35.435393
9771,s,0.023128,0.020850,0.022000,14.133301,65.978351
9772,d,0.002385,0.003900,0.022000,21.404297,28.285393
9773,dd,0.002426,0.004250,0.022000,28.603271,28.675915
9774,p,0.003780,0.071350,0.022000,47.369385,97.129849
9780,s,0.023128,0.005800,0.018500,23.461182,47.428351
9781,s,0.023128,0.131650,0.020000,30.958984,174.778351
9782,ds,0.002343,0.005300,0.022000,38.615479,29.642513
9783,p,0.003780,0.046300,0.019200,57.186279,69.279849
9784,d,0.002385,0.073350,0.021500,66.594971,97.235393
9775,d,0.002385,0.020800,0.022000,23.584961,45.185393
9776,p,0.003780,0.018750,0.019200,42.818848,41.729849
9777,dd,0.002426,0.010100,0.019200,52.346191,31.725915
9778,d,0.002385,0.036050,0.021500,59.506104,59.935393
9779,ddd,0.002493,0.009800,0.020000,66.627686,32.293417
9785,d,0.002385,0.070250,0.019200,9.819336,91.835393
9786,p,0.003780,0.071450,0.018500,28.380615,93.729849
9787,d,0.002385,0.004050,0.020000,37.582520,26.435393
9788,sd,0.018668,0.008550,0.021500,44.399902,48.717773
9789,sd,0.018668,0.004500,0.018500,51.178955,41.667773
9790,p,0.003780,0.056100,0.022000,18.302734,81.879849
9791,pp,0.002838,0.094350,0.020000,39.020752,117.188325
9792,s,0.023128,0.017850,0.021500,48.195312,62.478351
9793,spp,0.018537,0.087950,0.018500,55.153320,124.987181
9794,p,0.003780,0.007250,0.020000,73.537598,31.029849
9795,s,0.023128,0.006000,0.021500,6.633057,50.628351
9796,ps,0.002840,0.005450,0.018500,25.390625,26.789786
9797,s,0.023128,0.089600,0.020000,34.592041,132.728351
9798,d,0.002385,0.020700,0.021500,42.074951,44.585393
9799,s,0.023128,0.072850,0.018500,49.126709,114.478351
9800,s,0.023128,0.013700,0.022000,23.820068,58.828351
9801,d,0.002385,0.143650,0.019200,32.449707,165.235393
9802,d,0.002385,0.010150,0.019200,39.611816,31.735393
9803,ps,0.002840,0.011200,0.021500,58.157715,35.539786
9804,pd,0.002977,0.089800,0.019200,78.619873,111.977001
9805,d,0.002385,0.048900,0.020000,10.046631,71.285393
9806,d,0.002385,0.064400,0.020000,17.540039,86.785393
9807,s,0.023128,0.041600,0.018500,29.074219,83.228351
9808,dd,0.002426,0.057900,0.021500,36.848145,81.825915
9809,p,0.003780,0.008200,0.019200,55.137695,31.179849
9810,s,0.023128,0.080200,0.020000,16.997559,123.328351
9811,ds,0.002343,0.053250,0.022000,24.702393,77.592513
9812,dds,0.002685,0.112700,0.021500,31.872314,136.885273
9813,sdds,0.018154,0.013300,0.021500,38.791260,52.953743
9814,p,0.003780,0.014900,0.021500,57.223633,40.179849
9825,s,0.023128,0.023100,0.021500,13.285400,67.728351
9826,p,0.003780,0.033400,0.020000,37.475586,57.179849
9827,ds,0.002343,0.015500,0.019200,47.225830,37.042513
9828,sds,0.018566,0.015700,0.018500,54.600342,52.766086
9829,sp,0.018754,0.101700,0.019200,61.820801,139.653690
9815,d,0.002385,0.063100,0.018500,23.528076,83.985393
9816,s,0.023128,0.091600,0.018500,31.003418,133.228351
9817,p,0.003780,0.070850,0.022000,49.333496,96.629849
9818,p,0.003780,0.005550,0.022000,69.906006,31.329849
9819,pd,0.002977,0.044300,0.022000,90.207764,69.277001
9820,s,0.023128,0.115150,0.018500,23.134521,156.778351
9821,d,0.002385,0.103300,0.020000,30.895020,125.685393
9822,p,0.003780,0.004100,0.019200,49.415771,27.079849
9823,pd,0.002977,0.026000,0.020000,70.734619,48.977001
9824,d,0.002385,0.004250,0.022000,81.017334,28.635393
9830,p,0.003780,0.064400,0.018500,18.021240,86.679849
9831,d,0.002385,0.006400,0.022000,27.561523,30.785393
9832,s,0.023128,0.088250,0.020000,34.876465,131.378351
9833,ps,0.002840,0.108650,0.021500,53.817627,132.989786
9834,sp,0.018754,0.076300,0.022000,63.114502,117.053690
9835,d,0.002385,0.043500,0.019200,23.380615,65.085393
9836,dd,0.002426,0.025250,0.020000,31.268066,47.675915
9837,d,0.002385,0.117150,0.019200,39.309082,138.735393
9838,d,0.002385,0.036200,0.022000,47.233643,60.585393
9839,dd,0.002426,0.121650,0.020000,54.990967,144.075915
9845,p,0.003780,0.120400,0.021500,34.856445,145.679849
9846,p,0.003780,0.084000,0.020000,55.632324,107.779849
9847,dp,0.002464,0.027100,0.018500,64.860352,48.064344
9848,sdp,0.018492,0.067950,0.020000,72.135742,106.441971
9849,d,0.002385,0.005600,0.018500,79.354736,26.485393
9840,s,0.023128,0.096050,0.021500,6.452148,140.678351
9841,s,0.023128,0.066200,0.020000,13.508789,109.328351
9842,d,0.002385,0.086950,0.020000,20.970215,109.335393
9843,pd,0.002977,0.086450,0.022000,39.601318,111.427001
9844,ss,0.018821,0.057250,0.021500,48.983887,97.570769
9850,p,0.003780,0.022300,0.020000,17.931396,46.079849
9851,pp,0.002838,0.033250,0.022000,39.743896,58.088325
9852,ppp,0.002790,0.071450,0.020000,60.408447,94.239957
9853,p,0.003780,0.045000,0.019200,81.025391,67.979849
9854,d,0.002385,0.013450,0.018500,90.443604,34.335393
9860,d,0.002385,0.014350,0.020000,6.773926,36.735393
9861,p,0.003780,0.098950,0.018500,25.459961,121.229849
9862,sd,0.018668,0.009850,0.018500,34.554443,47.017773
9863,sp,0.018754,0.054650,0.018500,41.367920,91.903690
9864,p,0.003780,0.025100,0.018500,59.684082,47.379849
9855,p,0.003780,0.052600,0.022000,18.108643,78.379849
9856,s,0.023128,0.066300,0.020000,27.548096,109.428351
9857,p,0.003780,0.012950,0.018500,45.850586,35.229849
9858,s,0.023128,0.005100,0.022000,55.083496,50.228351
9859,sp,0.018754,0.023350,0.021500,61.876465,63.603690
9870,p,0.003780,0.074000,0.018500,30.853516,96.279849
9871,p,0.003780,0.049250,0.020000,51.907471,73.029849
9872,d,0.002385,0.005100,0.019200,61.251709,26.685393
9873,sp,0.018754,0.108350,0.022000,68.521240,149.103690
9874,ssp,0.018787,0.086750,0.021500,75.200684,127.037195
9865,d,0.002385,0.016800,0.018500,23.462158,37.685393
9866,pd,0.002977,0.013300,0.020000,42.694580,36.277001
9867,s,0.023128,0.010200,0.019200,52.500977,52.528351
9868,ds,0.002343,0.011650,0.019200,59.781250,33.192513
9869,p,0.003780,0.093950,0.019200,79.875732,116.929849
9875,p,0.003780,0.033900,0.019200,35.970947,56.879849
9876,p,0.003780,0.010200,0.021500,56.887451,35.479849
9877,pp,0.002838,0.032250,0.019200,77.491455,54.288325
9878,s,0.023128,0.083800,0.020000,86.977539,126.928351
9879,s,0.023128,0.015450,0.019200,94.071289,57.778351
9885,p,0.003780,0.040750,0.020000,23.380371,64.529849
9886,d,0.002385,0.012900,0.022000,32.777588,37.285393
9887,pd,0.002977,0.004800,0.020000,51.246826,27.777001
9888,sp,0.018754,0.061700,0.018500,60.710693,98.953690
9889,dpd,0.002513,0.004300,0.018500,67.747070,25.312673
9880,d,0.002385,0.103300,0.022000,23.453613,127.685393
9881,dd,0.002426,0.058450,0.018500,31.270264,79.375915
9882,p,0.003780,0.006750,0.021500,49.960449,32.029849
9883,s,0.023128,0.076350,0.019200,59.130859,118.678351
9884,p,0.003780,0.027000,0.020000,77.579834,50.779849
9890,p,0.003780,0.047600,0.019200,19.160645,70.579849
9891,p,0.003780,0.011000,0.021500,40.705322,36.279849
9892,p,0.003780,0.072500,0.022000,61.812500,98.279849
9893,s,0.023128,0.024100,0.018500,71.326904,65.728351
9894,ds,0.002343,0.056000,0.021500,78.458008,79.842513
9895,s,0.023128,0.015500,0.022000,6.508057,60.628351
9896,s,0.023128,0.056050,0.020000,13.560547,99.178351
9897,s,0.023128,0.112050,0.022000,20.597412,157.178351
9898,s,0.023128,0.036700,0.018500,27.621826,78.328351
9899,ds,0.002343,0.073550,0.021500,34.767822,97.392513
9900,s,0.023128,0.035000,0.021500,6.592041,79.628351
9901,ds,0.002343,0.011400,0.018500,14.140381,32.242513
9902,p,0.003780,0.004200,0.020000,32.896484,27.979849
9903,s,0.023128,0.094250,0.021500,42.344971,138.878351
9904,d,0.002385,0.056000,0.019200,49.829590,77.585393
9905,p,0.003780,0.054950,0.021500,34.882812,80.229849
9906,p,0.003780,0.008900,0.021500,55.791992,34.179849
9907,d,0.002385,0.076300,0.021500,65.251709,100.185393
9908,s,0.023128,0.008600,0.020000,72.127197,51.728351
9909,ps,0.002840,0.004300,0.021500,90.387939,28.639786
9910,p,0.003780,0.057850,0.018500,18.930908,80.129849
9911,p,0.003780,0.004750,0.018500,39.935547,27.029849
9912,s,0.023128,0.010050,0.021500,49.088623,54.678351
9913,d,0.002385,0.038150,0.018500,56.149414,59.035393
9914,dd,0.002426,0.117350,0.022000,63.691162,141.775915
9915,d,0.002385,0.021150,0.018500,23.482178,42.035393
9916,dd,0.002426,0.031250,0.021500,31.329590,55.175915
9917,s,0.023128,0.100250,0.021500,38.167969,144.878351
9918,d,0.002385,0.042450,0.022000,45.436768,66.835393
9919,d,0.002385,0.072600,0.018500,57.527832,93.485393
9920,p,0.003780,0.011050,0.018500,35.470947,33.329849
9921,pp,0.002838,0.018050,0.020000,56.127441,40.888325
9922,s,0.023128,0.032950,0.020000,65.292236,76.078351
9923,ds,0.002343,0.083300,0.019200,72.346924,104.842513
9924,dds,0.002685,0.079800,0.022000,79.493896,104.485273
9925,d,0.002385,0.010250,0.018500,23.124756,31.135393
9926,d,0.002385,0.038750,0.021500,31.085449,62.635393
9927,dd,0.002426,0.053100,0.018500,38.202881,74.025915
9928,s,0.023128,0.021150,0.022000,45.027588,66.278351
9929,dd,0.002426,0.006000,0.018500,52.071289,26.925915
9930,s,0.023128,0.101700,0.022000,8.777832,146.828351
9931,s,0.023128,0.051950,0.022000,19.092529,97.078351
9932,ds,0.002343,0.039650,0.022000,26.262939,63.992513
9933,d,0.002385,0.008800,0.021500,33.299072,32.685393
9934,dd,0.002426,0.072650,0.019200,40.349609,94.275915
9940,p,0.003780,0.061700,0.018500,20.522705,83.979849
9941,d,0.002385,0.004800,0.021500,30.453613,28.685393
9942,sp,0.018754,0.057150,0.019200,37.650635,95.103690
9943,psp,0.002926,0.063650,0.020000,56.392578,86.575658
9944,d,0.002385,0.072650,0.019200,66.001953,94.235393
9935,s,0.023128,0.112250,0.022000,6.578369,157.378351
9936,s,0.023128,0.035150,0.020000,13.493164,78.278351
9937,ss,0.018821,0.049250,0.022000,20.465088,90.070769
9938,s,0.023128,0.012650,0.018500,27.805176,54.278351
9939,pss,0.002833,0.131650,0.019200,46.456787,153.682709
9950,p,0.003780,0.007100,0.020000,18.964844,30.879849
9951,p,0.003780,0.005100,0.022000,40.110596,30.879849
9952,sp,0.018754,0.009850,0.021500,49.601807,50.103690
9953,d,0.002385,0.079850,0.021500,57.110107,103.735393
9954,dd,0.002426,0.095100,0.019200,64.330566,116.725915
9945,p,0.003780,0.004200,0.021500,18.277588,29.479849
9946,p,0.003780,0.026850,0.022000,39.960938,52.629849
9947,p,0.003780,0.077450,0.021500,61.713623,102.729849
9948,sp,0.018754,0.080450,0.021500,72.912598,120.703690
9949,pp,0.002838,0.044800,0.020000,91.590088,67.638325
9955,d,0.002385,0.055900,0.018500,6.713867,76.785393
9956,p,0.003780,0.015350,0.022000,25.512939,41.129849
9957,p,0.003780,0.005350,0.019200,46.329590,28.329849
9958,pp,0.002838,0.008400,0.021500,66.945557,32.738325
9959,p,0.003780,0.092550,0.019200,87.799316,115.529849
9960,p,0.003780,0.060550,0.018500,18.184326,82.829849
9961,s,0.023128,0.105950,0.021500,27.578125,150.578351
9962,ds,0.002343,0.117300,0.018500,34.468018,138.142513
9963,s,0.023128,0.099800,0.021500,41.317139,144.428351
9964,ps,0.002840,0.091550,0.021500,60.106689,115.889786
9965,d,0.002385,0.104000,0.022000,6.943604,128.385393
9966,pd,0.002977,0.049050,0.022000,25.871826,74.027001
9967,s,0.023128,0.057150,0.022000,35.154785,102.278351
9968,d,0.002385,0.005000,0.018500,42.293457,25.885393
9969,pd,0.002977,0.004750,0.018500,60.942383,26.227001
9970,s,0.023128,0.052650,0.018500,23.535889,94.278351
9971,p,0.003780,0.012000,0.022000,43.134277,37.779849
9972,sp,0.018754,0.010300,0.022000,52.416992,51.053690
9973,s,0.023128,0.033150,0.021500,59.439941,77.778351
9974,p,0.003780,0.062650,0.022000,78.102051,88.429849
9980,s,0.023128,0.012000,0.019200,6.471436,54.328351
9981,s,0.023128,0.051000,0.018500,13.435059,92.628351
9982,d,0.002385,0.068050,0.021500,20.770752,91.935393
9983,pd,0.002977,0.071700,0.019200,39.081055,93.877001
9984,spd,0.018317,0.123600,0.018500,48.149414,160.417325
9985,d,0.002385,0.016700,0.022000,6.403320,41.085393
9986,d,0.002385,0.070400,0.021500,13.550537,94.285393
9987,d,0.002385,0.005650,0.019200,20.803711,27.235393
9988,sd,0.018668,0.051850,0.021500,27.742432,92.017773
9989,dd,0.002426,0.005200,0.020000,34.928711,27.625915
9975,p,0.003780,0.097750,0.020000,21.442871,121.529849
9976,d,0.002385,0.027350,0.020000,31.176758,49.735393
9977,pp,0.002838,0.085800,0.022000,50.067383,110.638325
9978,p,0.003780,0.091300,0.021500,71.584229,116.579849
9979,p,0.003780,0.021600,0.018500,92.969971,43.879849
9995,s,0.023128,0.007700,0.022000,6.547363,52.828351
9996,p,0.003780,0.060100,0.021500,25.097168,85.379849
9997,dp,0.002464,0.017850,0.019200,34.467773,39.514344
9998,ss,0.018821,0.017250,0.019200,41.307861,55.270769
9999,p,0.003780,0.063650,0.018500,59.637939,85.929849
9990,d,0.002385,0.004800,0.020000,9.485840,27.185393
9991,d,0.002385,0.086950,0.019200,17.114258,108.535393
9992,d,0.002385,0.007500,0.019200,24.656738,29.085393
9993,s,0.023128,0.086150,0.021500,32.080811,130.778351
9994,pd,0.002977,0.011850,0.019200,50.751709,34.027001
10000,p,0.003780,0.019550,0.020000,35.949219,43.329849
10001,p,0.003780,0.038750,0.019200,57.024414,61.729849
10002,dp,0.002464,0.105850,0.022000,66.645996,130.314344
10003,p,0.003780,0.077000,0.020000,85.239014,100.779849
10004,sdp,0.018492,0.015200,0.018500,94.498047,52.191971
10005,p,0.003780,0.007400,0.022000,35.919434,33.179849
10006,d,0.002385,0.068500,0.018500,45.539062,89.385393
10007,sd,0.018668,0.094200,0.018500,52.590332,131.367773
10008,d,0.002385,0.013900,0.019200,59.931641,35.485393
10009,dp,0.002464,0.004650,0.018500,67.197021,25.614344
10010,d,0.002385,0.062350,0.020000,10.579590,84.735393
10011,d,0.002385,0.007750,0.021500,17.993408,31.635393
10012,pd,0.002977,0.085050,0.021500,36.818115,109.527001
10013,dd,0.002426,0.006650,0.018500,46.158203,27.575915
10014,d,0.002385,0.027000,0.021500,53.254395,50.885393
10015,d,0.002385,0.005650,0.020000,23.588135,28.035393
10016,d,0.002385,0.071500,0.018500,31.310547,92.385393
10017,dd,0.002426,0.061000,0.019200,38.398438,82.625915
10018,sdd,0.018511,0.088550,0.021500,45.422363,128.560933
10019,d,0.002385,0.013900,0.022000,52.496826,38.285393
10020,d,0.002385,0.005200,0.018500,6.631836,26.085393
10021,s,0.023128,0.020900,0.018500,13.772461,62.528351
10022,d,0.002385,0.099600,0.019200,20.990723,121.185393
10023,ps,0.002840,0.013050,0.021500,39.449951,37.389786
10024,sd,0.018668,0.072600,0.021500,48.795166,112.767773
10025,d,0.002385,0.064400,0.018500,23.880371,85.285393
10026,d,0.002385,0.059750,0.022000,31.668457,84.135393
10027,p,0.003780,0.028000,0.022000,50.486328,53.779849
10028,sd,0.018668,0.073350,0.020000,59.756836,112.017773
10029,s,0.023128,0.061750,0.018500,66.396240,103.378351
10030,s,0.023128,0.004600,0.020000,6.550781,47.728351
10031,s,0.023128,0.083900,0.019200,13.622314,126.228351
10032,ds,0.002343,0.059300,0.019200,20.840332,80.842513
10033,p,0.003780,0.014850,0.021500,39.442139,40.129849
10034,pds,0.003022,0.054400,0.019200,65.041748,76.621933
10035,p,0.003780,0.065600,0.018500,18.221436,87.879849
10036,s,0.023128,0.010950,0.020000,27.494141,54.078351
10037,s,0.023128,0.100850,0.018500,34.718750,142.478351
10038,s,0.023128,0.012150,0.021500,41.807373,56.778351
10039,ds,0.002343,0.004950,0.018500,49.122803,25.792513
10045,s,0.023128,0.093000,0.018500,6.949951,134.628351
10046,s,0.023128,0.017800,0.018500,14.374023,59.428351
10047,s,0.023128,0.014350,0.019200,21.840088,56.678351
10048,ds,0.002343,0.100950,0.018500,29.390381,121.792513
10049,s,0.023128,0.004750,0.021500,36.628174,49.378351
10040,p,0.003780,0.004750,0.018500,19.258789,27.029849
10041,p,0.003780,0.007600,0.018500,41.290283,29.879849
10042,dp,0.002464,0.019150,0.020000,51.156982,41.614344
10043,s,0.023128,0.081800,0.019200,58.356689,124.128351
10044,ss,0.018821,0.119100,0.018500,65.660400,156.420769
10050,s,0.023128,0.017000,0.019200,6.378662,59.328351
10051,d,0.002385,0.101300,0.020000,13.558594,123.685393
10052,p,0.003780,0.098850,0.021500,32.387695,124.129849
10053,pp,0.002838,0.067950,0.019200,52.990479,89.988325
10054,ppp,0.002790,0.018750,0.021500,73.622559,43.039957
10055,s,0.023128,0.007900,0.019200,6.874268,50.228351
10056,ps,0.002840,0.017750,0.022000,26.248291,42.589786
10057,p,0.003780,0.054350,0.022000,47.312744,80.129849
10058,s,0.023128,0.037900,0.022000,56.537109,83.028351
10059,dp,0.002464,0.006700,0.021500,63.481445,30.664344
10060,d,0.002385,0.105150,0.021500,7.907715,129.035393
10061,pd,0.002977,0.042800,0.021500,27.406006,67.277001
10062,s,0.023128,0.075400,0.022000,36.962891,120.528351
10063,s,0.023128,0.006000,0.020000,43.983887,49.128351
10064,ps,0.002840,0.037800,0.021500,62.699951,62.139786
10065,p,0.003780,0.005500,0.018500,23.440674,27.779849
10066,s,0.023128,0.010800,0.021500,32.719971,55.428351
10067,p,0.003780,0.078700,0.021500,51.186279,103.979849
10068,p,0.003780,0.076450,0.021500,71.779541,101.729849
10069,sp,0.018754,0.027700,0.019200,81.394775,65.653690
10075,d,0.002385,0.005600,0.022000,8.010010,29.985393
10076,s,0.023128,0.030250,0.019200,15.202148,72.578351
10077,dd,0.002426,0.007250,0.018500,22.602051,28.175915
10078,s,0.023128,0.009600,0.018500,29.695801,51.228351
10079,ds,0.002343,0.020750,0.021500,37.141357,44.592513
10070,d,0.002385,0.014300,0.022000,9.183105,38.685393
10071,pd,0.002977,0.032400,0.021500,29.391846,56.877001
10072,d,0.002385,0.067600,0.022000,39.537109,91.985393
10073,dpd,0.002513,0.021400,0.019200,47.145264,43.112673
10074,p,0.003780,0.004800,0.020000,66.572754,28.579849
10080,p,0.003780,0.096450,0.021500,18.997314,121.729849
10081,s,0.023128,0.103800,0.019200,28.344727,146.128351
10082,p,0.003780,0.064600,0.020000,47.453613,88.379849
10083,p,0.003780,0.005200,0.021500,68.709961,30.479849
10084,ds,0.002343,0.049500,0.019200,78.099854,71.042513
10085,d,0.002385,0.098850,0.021500,10.461914,122.735393
10086,p,0.003780,0.043350,0.021500,29.224121,68.629849
10087,sp,0.018754,0.026800,0.018500,38.493896,64.053690
10088,p,0.003780,0.080450,0.019200,57.109863,103.429849
10089,sp,0.018754,0.087000,0.022000,66.473145,127.753690
10095,d,0.002385,0.079200,0.018500,6.855225,100.085393
10096,pd,0.002977,0.008550,0.021500,25.479980,33.027001
10097,s,0.023128,0.084450,0.019200,34.760742,126.778351
10098,s,0.023128,0.047850,0.022000,41.897949,92.978351
10099,ss,0.018821,0.013850,0.020000,48.924561,52.670769
10090,d,0.002385,0.037800,0.022000,15.784180,62.185393
10091,p,0.003780,0.006000,0.019200,37.460693,28.979849
10092,d,0.002385,0.014450,0.018500,48.271973,35.335393
10093,p,0.003780,0.069100,0.020000,68.298096,92.879849
10094,sp,0.018754,0.050300,0.022000,78.099121,91.053690
10105,d,0.002385,0.097900,0.020000,6.726074,120.285393
10106,p,0.003780,0.099150,0.019200,25.330566,122.129849
10107,p,0.003780,0.028300,0.021500,45.779053,53.579849
10108,s,0.023128,0.004850,0.018500,54.907227,46.478351
10109,p,0.003780,0.083600,0.021500,73.021484,108.879849
10110,s,0.023128,0.008100,0.019200,6.515137,50.428351
10111,p,0.003780,0.089800,0.020000,25.771973,113.579849
10112,d,0.002385,0.092450,0.020000,35.889893,114.835393
10113,s,0.023128,0.004550,0.022000,43.069092,49.678351
10114,dp,0.002464,0.081550,0.019200,50.116943,103.214344
10100,s,0.023128,0.033050,0.020000,8.889404,76.178351
10101,s,0.023128,0.004400,0.021500,15.953125,49.028351
10102,d,0.002385,0.018300,0.021500,23.155273,42.185393
10103,s,0.023128,0.027300,0.020000,30.127930,70.428351
10104,ss,0.018821,0.009850,0.022000,36.985840,50.670769
10120,s,0.023128,0.004650,0.018500,6.479248,46.278351
10121,ps,0.002840,0.004450,0.021500,25.644531,28.789786
10122,p,0.003780,0.073500,0.022000,46.385254,99.279849
10123,d,0.002385,0.055450,0.018500,55.849121,76.335393
10124,sp,0.018754,0.022950,0.019200,62.643799,60.903690
10115,p,0.003780,0.014500,0.021500,19.085449,39.779849
10116,d,0.002385,0.088700,0.018500,28.919678,109.585393
10117,s,0.023128,0.004900,0.020000,35.913574,48.028351
10118,sp,0.018754,0.025500,0.021500,42.679932,65.753690
10119,ds,0.002343,0.006950,0.020000,49.731445,29.292513
10125,s,0.023128,0.091350,0.022000,6.524658,136.478351
10126,d,0.002385,0.004750,0.020000,13.717773,27.135393
10127,pd,0.002977,0.004450,0.018500,32.352295,25.927001
10128,d,0.002385,0.078500,0.018500,41.842773,99.385393
10129,p,0.003780,0.005500,0.020000,60.469482,29.279849
10135,p,0.003780,0.007900,0.021500,35.270020,33.179849
10136,p,0.003780,0.068950,0.020000,56.113525,92.729849
10137,p,0.003780,0.035450,0.021500,77.176514,60.729849
10138,s,0.023128,0.007350,0.022000,86.644775,52.478351
10139,d,0.002385,0.025250,0.021500,93.763916,49.135393
10130,s,0.023128,0.014750,0.020000,18.365723,57.878351
10131,s,0.023128,0.056100,0.019200,26.219238,98.428351
10132,s,0.023128,0.078050,0.022000,33.795166,123.178351
10133,ds,0.002343,0.051950,0.018500,41.563965,72.792513
10134,s,0.023128,0.010000,0.019200,48.899902,52.328351
10140,p,0.003780,0.038150,0.022000,18.048828,63.929849
10141,p,0.003780,0.021650,0.022000,38.808838,47.429849
10142,p,0.003780,0.007100,0.021500,59.525146,32.379849
10143,p,0.003780,0.021600,0.019200,80.247803,44.579849
10144,s,0.023128,0.101300,0.021500,89.626465,145.928351
10145,d,0.002385,0.005450,0.019200,6.726807,27.035393
10146,s,0.023128,0.117150,0.022000,13.604492,162.278351
10147,dd,0.002426,0.006200,0.020000,20.598145,28.625915
10148,pd,0.002977,0.004250,0.020000,39.174561,27.227001
10149,ds,0.002343,0.090600,0.018500,48.548584,111.442513
10150,p,0.003780,0.006000,0.020000,18.251465,29.779849
10151,s,0.023128,0.009200,0.020000,27.465576,52.328351
10152,s,0.023128,0.028650,0.020000,34.198730,71.778351
10153,p,0.003780,0.064950,0.022000,52.655029,90.729849
10154,ss,0.018821,0.056150,0.022000,61.767334,96.970769
10155,p,0.003780,0.015350,0.020000,34.294678,39.129849
10156,p,0.003780,0.087500,0.022000,55.458496,113.279849
10157,dp,0.002464,0.081550,0.018500,68.236084,102.514344
10158,p,0.003780,0.033250,0.021500,88.672852,58.529849
10159,dp,0.002464,0.114600,0.019200,99.816895,136.264344
10160,s,0.023128,0.102750,0.019200,18.861084,145.078351
10161,d,0.002385,0.004850,0.021500,26.645020,28.735393
10162,s,0.023128,0.012450,0.021500,33.722900,57.078351
10163,ds,0.002343,0.038750,0.019200,41.169189,60.292513
10164,dds,0.002685,0.023250,0.022000,48.526367,47.935273
10165,d,0.002385,0.008550,0.018500,23.957764,29.435393
10166,s,0.023128,0.008150,0.019200,31.735840,50.478351
10167,dd,0.002426,0.036750,0.022000,38.979492,61.175915
10168,sdd,0.018511,0.021800,0.021500,45.971680,61.810933
10169,p,0.003780,0.003700,0.021500,64.732910,28.979849
10170,d,0.002385,0.078050,0.018500,6.940674,98.935393
10171,d,0.002385,0.047850,0.022000,14.063721,72.235393
10172,p,0.003780,0.032150,0.021500,33.074463,57.429849
10173,sd,0.018668,0.063650,0.021500,42.562988,103.817773
10174,dd,0.002426,0.034600,0.018500,49.921387,55.525915
10175,d,0.002385,0.061150,0.019200,6.820801,82.735393
10176,p,0.003780,0.012500,0.020000,25.550537,36.279849
10177,p,0.003780,0.079850,0.021500,46.460693,105.129849
10178,p,0.003780,0.005650,0.019200,67.116699,28.629849
10179,d,0.002385,0.006800,0.018500,77.020996,27.685393
10180,p,0.003780,0.007150,0.018500,25.092773,29.429849
10181,d,0.002385,0.085050,0.021500,35.123291,108.935393
10182,d,0.002385,0.004800,0.018500,42.616943,25.685393
10183,s,0.023128,0.043500,0.021500,49.700684,88.128351
10184,p,0.003780,0.020150,0.019200,68.246582,43.129849
10185,p,0.003780,0.013000,0.020000,36.087891,36.779849
10186,p,0.003780,0.008400,0.020000,56.844238,32.179849
10187,dp,0.002464,0.004750,0.018500,66.406250,25.714344
10188,p,0.003780,0.107600,0.020000,85.267578,131.379849
10189,p,0.003780,0.013600,0.021500,106.065430,38.879849
10195,d,0.002385,0.016300,0.019200,6.789307,37.885393
10196,s,0.023128,0.099600,0.019200,13.868408,141.928351
10197,p,0.003780,0.004350,0.020000,32.340576,28.129849
10198,p,0.003780,0.009500,0.021500,52.875244,34.779849
10199,p,0.003780,0.084000,0.020000,73.467773,107.779849
10200,p,0.003780,0.097300,0.020000,19.841064,121.079849
10201,p,0.003780,0.091550,0.022000,42.134277,117.329849
10202,d,0.002385,0.016700,0.018500,51.936768,37.585393
10203,p,0.003780,0.004850,0.018500,70.267090,27.129849
10204,dp,0.002464,0.090800,0.018500,79.471191,111.764344
10190,s,0.023128,0.006250,0.022000,19.485352,51.378351
10191,p,0.003780,0.038850,0.018500,38.480957,61.129849
10192,s,0.023128,0.057250,0.020000,47.582275,100.378351
10193,p,0.003780,0.014750,0.022000,65.637451,40.529849
10194,s,0.023128,0.083750,0.020000,74.914795,126.878351
10205,s,0.023128,0.019550,0.020000,10.520020,62.678351
10206,s,0.023128,0.013700,0.019200,17.341553,56.028351
10207,p,0.003780,0.064600,0.018500,35.749268,86.879849
10208,s,0.023128,0.005000,0.019200,44.823486,47.328351
10209,ds,0.002343,0.008800,0.021500,51.791748,32.642513
10210,d,0.002385,0.098150,0.022000,7.335205,122.535393
10211,d,0.002385,0.018800,0.018500,14.507568,39.685393
10212,p,0.003780,0.004500,0.021500,32.984375,29.779849
10213,sd,0.018668,0.012550,0.021500,42.046143,52.717773
10214,sd,0.018668,0.059150,0.022000,48.831055,99.817773
10215,s,0.023128,0.077550,0.018500,7.057129,119.178351
10216,ps,0.002840,0.057800,0.018500,26.945557,79.139786
10217,p,0.003780,0.004800,0.018500,48.314941,27.079849
10218,d,0.002385,0.023550,0.021500,58.027588,47.435393
10219,dd,0.002426,0.015500,0.019200,65.335449,37.125915
10220,d,0.002385,0.075250,0.021500,6.779785,99.135393
10221,s,0.023128,0.065300,0.022000,13.949463,110.428351
10222,d,0.002385,0.084600,0.020000,21.232178,106.985393
10223,sd,0.018668,0.091400,0.019200,28.089111,129.267773
10224,p,0.003780,0.004700,0.018500,46.653809,26.979849
10225,s,0.023128,0.059550,0.020000,22.581543,102.678351
10226,d,0.002385,0.016500,0.018500,31.056152,37.385393
10227,d,0.002385,0.065600,0.020000,38.103271,87.985393
10228,pd,0.002977,0.104200,0.022000,56.570801,129.177001
10229,dpd,0.002513,0.035550,0.021500,66.048584,59.562673
10230,s,0.023128,0.095250,0.021500,23.431396,139.878351
10231,d,0.002385,0.004600,0.018500,31.512695,25.485393
10232,dd,0.002426,0.004150,0.020000,38.464111,26.575915
10233,s,0.023128,0.057250,0.019200,45.641357,99.578351
10234,ss,0.018821,0.048350,0.018500,52.981934,85.670769
10235,d,0.002385,0.074650,0.018500,6.591553,95.535393
10236,p,0.003780,0.007650,0.020000,25.603516,31.429849
10237,pp,0.002838,0.004650,0.020000,46.097656,27.488325
10238,s,0.023128,0.010350,0.022000,55.225342,55.478351
10239,p,0.003780,0.061150,0.019200,73.545654,84.129849
10240,p,0.003780,0.063050,0.020000,18.790283,86.829849
10241,s,0.023128,0.014050,0.021500,28.203369,58.678351
10242,p,0.003780,0.052750,0.019200,50.562988,75.729849
10243,p,0.003780,0.004750,0.019200,74.246338,27.729849
10244,sp,0.018754,0.036100,0.021500,83.578369,76.353690
10245,s,0.023128,0.084500,0.018500,7.453369,126.128351
10246,s,0.023128,0.013100,0.020000,14.846680,56.228351
10247,p,0.003780,0.075900,0.021500,33.419678,101.179849
10248,s,0.023128,0.078200,0.020000,42.768799,121.328351
10249,dp,0.002464,0.066950,0.021500,50.331055,90.914344
10250,d,0.002385,0.085800,0.021500,13.507812,109.685393
10251,d,0.002385,0.005150,0.021500,21.428955,29.035393
10252,dd,0.002426,0.143900,0.018500,29.634521,164.825915
10253,p,0.003780,0.071450,0.020000,51.094238,95.229849
10254,sp,0.018754,0.135050,0.018500,60.929932,172.303690
10255,ss,0.018821,0.063200,0.021500,6.523682,103.520769
10256,sss,0.019288,0.093350,0.018500,13.631104,131.138093
10257,p,0.003780,0.012800,0.022000,32.714844,38.579849
10258,p,0.003780,0.088150,0.021500,54.070801,113.429849
10259,dss,0.002842,0.081450,0.018500,63.473877,102.791615
10260,d,0.002385,0.070850,0.018500,6.997314,91.735393
10261,s,0.023128,0.100950,0.022000,14.373535,146.078351
10262,s,0.023128,0.012000,0.020000,21.577148,55.128351
10263,p,0.003780,0.004750,0.019200,40.826660,27.729849
10264,ss,0.018821,0.009200,0.018500,50.237305,46.520769
10265,d,0.002385,0.027950,0.019200,6.739258,49.535393
10266,s,0.023128,0.060950,0.021500,13.885986,105.578351
10267,p,0.003780,0.005200,0.019200,32.624268,28.179849
10268,p,0.003780,0.038150,0.018500,53.362793,60.429849
10269,pp,0.002838,0.018750,0.020000,73.931885,41.588325
10270,d,0.002385,0.005250,0.021500,6.871582,29.135393
10271,dd,0.002426,0.005150,0.019200,14.654785,26.775915
10272,s,0.023128,0.067300,0.022000,22.093018,112.428351
10273,s,0.023128,0.012450,0.018500,29.497803,54.078351
10274,ps,0.002840,0.071350,0.019200,49.429932,93.389786
10275,p,0.003780,0.088400,0.018500,18.195312,110.679849
10276,d,0.002385,0.009300,0.019200,27.726562,30.885393
10277,s,0.023128,0.036650,0.021500,34.761719,81.278351
10278,ss,0.018821,0.062350,0.018500,41.827148,99.670769
10279,sd,0.018668,0.016000,0.018500,48.571777,53.167773
10280,d,0.002385,0.008750,0.021500,6.715820,32.635393
10281,p,0.003780,0.004400,0.018500,25.197266,26.679849
10282,sp,0.018754,0.004850,0.018500,34.676025,42.103690
10283,s,0.023128,0.075150,0.019200,42.088135,117.478351
10284,p,0.003780,0.056600,0.021500,62.695557,81.879849
10285,s,0.023128,0.054300,0.020000,6.629395,97.428351
10286,p,0.003780,0.096350,0.022000,25.308838,122.129849
10287,ss,0.018821,0.137600,0.020000,34.494629,176.420769
10288,sss,0.019288,0.076550,0.021500,41.341309,117.338093
10289,s,0.023128,0.005450,0.018500,48.126465,47.078351
10290,d,0.002385,0.040750,0.020000,6.958740,63.135393
10291,d,0.002385,0.039250,0.022000,14.046387,63.635393
10292,s,0.023128,0.071450,0.018500,21.084229,113.078351
10293,pd,0.002977,0.076300,0.022000,39.614746,101.277001
10294,p,0.003780,0.004850,0.019200,60.649170,27.829849
10295,p,0.003780,0.004800,0.019200,18.219482,27.779849
10296,d,0.002385,0.050550,0.021500,27.807861,74.435393
10297,d,0.002385,0.084000,0.018500,35.192139,104.885393
10298,pd,0.002977,0.011950,0.021500,54.038818,36.427001
10299,d,0.002385,0.004550,0.021500,63.601807,28.435393
10300,p,0.003780,0.022900,0.021500,18.185547,48.179849
10301,s,0.023128,0.048300,0.018500,27.612549,89.928351
10302,s,0.023128,0.079450,0.019200,34.890381,121.778351
10303,pp,0.002838,0.030250,0.019200,53.687744,52.288325
10304,ds,0.002343,0.101700,0.018500,63.205078,122.542513
10305,s,0.023128,0.012500,0.022000,12.550049,57.628351
10306,ds,0.002343,0.012450,0.019200,19.942871,33.992513
10307,p,0.003780,0.105550,0.020000,38.488525,129.329849
10308,p,0.003780,0.005550,0.019200,59.291016,28.529849
10309,d,0.002385,0.078050,0.018500,68.708008,98.935393
10310,s,0.023128,0.008800,0.021500,6.503174,53.428351
10311,d,0.002385,0.070750,0.019200,13.780029,92.335393
10312,p,0.003780,0.004400,0.020000,32.589355,28.179849
10313,dp,0.002464,0.008600,0.022000,41.999512,33.064344
10314,sd,0.018668,0.077000,0.021500,48.922607,117.167773
10320,p,0.003780,0.057250,0.021500,36.075928,82.529849
10321,p,0.003780,0.004750,0.020000,56.786133,28.529849
10322,dp,0.002464,0.004750,0.019200,66.435791,26.414344
10323,pdp,0.002932,0.004250,0.021500,84.919678,28.681683
10324,p,0.003780,0.063650,0.020000,106.010498,87.429849
10315,p,0.003780,0.057850,0.020000,20.191650,81.629849
10316,s,0.023128,0.005150,0.020000,30.538330,48.278351
10317,p,0.003780,0.018950,0.018500,50.603760,41.229849
10318,d,0.002385,0.017900,0.022000,60.465332,42.285393
10319,s,0.023128,0.104000,0.019200,67.639648,146.328351
10325,d,0.002385,0.093950,0.018500,6.694092,114.835393
10326,dd,0.002426,0.071500,0.020000,13.875977,93.925915
10327,s,0.023128,0.004700,0.019200,20.937256,47.028351
10328,ps,0.002840,0.004850,0.019200,39.325684,26.889786
10329,s,0.023128,0.040200,0.018500,48.315918,81.828351
10330,p,0.003780,0.036450,0.018500,19.068115,58.729849
10331,s,0.023128,0.013100,0.021500,28.400391,57.728351
10332,p,0.003780,0.072000,0.021500,47.003174,97.279849
10333,ss,0.018821,0.004350,0.018500,56.468018,41.670769
10334,sp,0.018754,0.066200,0.022000,63.414795,106.953690
10335,s,0.023128,0.053250,0.018500,17.405762,94.878351
10336,ds,0.002343,0.068100,0.021500,25.927490,91.942513
10337,s,0.023128,0.029450,0.019200,33.548584,71.778351
10338,ss,0.018821,0.096150,0.020000,41.043457,134.970769
10339,pss,0.002833,0.121800,0.019200,60.737549,143.832709
10345,d,0.002385,0.016700,0.018500,6.783203,37.585393
10346,pd,0.002977,0.017600,0.022000,25.476318,42.577001
10347,p,0.003780,0.004800,0.020000,46.854492,28.579849
10348,p,0.003780,0.048150,0.022000,67.945312,73.929849
10349,d,0.002385,0.079050,0.020000,77.577637,101.435393
10340,d,0.002385,0.059550,0.020000,6.601318,81.935393
10341,d,0.002385,0.054550,0.019200,13.800537,76.135393
10342,s,0.023128,0.007100,0.020000,20.987793,50.228351
10343,sd,0.018668,0.101300,0.018500,28.153076,138.467773
10344,ss,0.018821,0.005400,0.020000,35.082275,44.220769
10350,s,0.023128,0.006350,0.020000,7.241699,49.478351
10351,s,0.023128,0.015950,0.018500,14.672363,57.578351
10352,ss,0.018821,0.004850,0.020000,21.810059,43.670769
10353,dss,0.002842,0.004300,0.022000,29.320312,29.141615
10354,s,0.023128,0.097300,0.020000,36.556152,140.428351
10355,s,0.023128,0.054300,0.018500,6.548584,95.928351
10356,p,0.003780,0.094050,0.021500,25.232910,119.329849
10357,p,0.003780,0.066900,0.022000,45.935547,92.679849
10358,sp,0.018754,0.053900,0.021500,55.310303,94.153690
10359,s,0.023128,0.004150,0.018500,62.341309,45.778351
10360,p,0.003780,0.058350,0.018500,19.007568,80.629849
10361,pp,0.002838,0.031750,0.019200,40.122803,53.788325
10362,d,0.002385,0.070400,0.021500,49.600342,94.285393
10363,s,0.023128,0.013050,0.022000,56.458984,58.178351
10364,p,0.003780,0.005150,0.022000,74.713867,30.929849
10365,p,0.003780,0.004350,0.020000,34.998535,28.129849
10366,s,0.023128,0.051650,0.020000,44.097656,94.778351
10367,d,0.002385,0.027450,0.020000,51.033203,49.835393
10368,ss,0.018821,0.078200,0.021500,57.885498,118.520769
10369,pd,0.002977,0.018250,0.022000,76.162842,43.227001
10375,d,0.002385,0.016300,0.022000,8.118408,40.685393
10376,d,0.002385,0.084200,0.020000,18.008545,106.585393
10377,s,0.023128,0.005350,0.021500,26.118896,49.978351
10378,dd,0.002426,0.071400,0.019200,33.834717,93.025915
10379,p,0.003780,0.018200,0.021500,53.718994,43.479849
10380,s,0.023128,0.071000,0.022000,6.533691,116.128351
10381,d,0.002385,0.010550,0.018500,13.897705,31.435393
10382,p,0.003780,0.007950,0.022000,32.852295,33.729849
10383,p,0.003780,0.082000,0.021500,54.624512,107.279849
10384,sp,0.018754,0.020350,0.022000,64.011475,61.103690
10370,p,0.003780,0.035350,0.019200,17.819580,58.329849
10371,d,0.002385,0.096150,0.019200,27.470459,117.735393
10372,d,0.002385,0.005350,0.020000,34.785889,27.735393
10373,dp,0.002464,0.007800,0.018500,42.060547,28.764344
10374,pdp,0.002932,0.015250,0.020000,60.772461,38.181683
10385,p,0.003780,0.084000,0.020000,18.374512,107.779849
10386,d,0.002385,0.010900,0.018500,28.013184,31.785393
10387,dp,0.002464,0.091100,0.021500,35.293945,115.064344
10388,ddp,0.002502,0.082700,0.022000,42.610107,107.201712
10389,p,0.003780,0.125500,0.021500,61.627686,150.779849
10395,s,0.023128,0.011400,0.021500,7.912354,56.028351
10396,s,0.023128,0.027250,0.018500,16.190674,68.878351
10397,p,0.003780,0.067050,0.022000,36.156006,92.829849
10398,d,0.002385,0.004800,0.021500,46.016602,28.685393
10399,s,0.023128,0.103800,0.020000,53.165283,146.928351
10390,d,0.002385,0.011300,0.022000,7.404785,35.685393
10391,s,0.023128,0.097900,0.021500,14.470215,142.528351
10392,d,0.002385,0.004450,0.022000,21.536621,28.835393
10393,pd,0.002977,0.018950,0.020000,40.029785,41.927001
10394,dd,0.002426,0.004550,0.020000,49.437256,26.975915
10400,s,0.023128,0.067350,0.019200,9.241943,109.678351
10401,s,0.023128,0.009550,0.019200,16.225830,51.878351
10402,s,0.023128,0.046300,0.019200,23.310059,88.628351
10403,ps,0.002840,0.068600,0.018500,41.636230,89.939786
10404,ss,0.018821,0.049550,0.022000,50.606201,90.370769
10405,p,0.003780,0.038150,0.022000,18.235352,63.929849
10406,s,0.023128,0.016750,0.021500,27.690430,61.378351
10407,ss,0.018821,0.004150,0.018500,34.805176,41.470769
10408,pss,0.002833,0.007000,0.018500,53.311768,28.332709
10409,d,0.002385,0.086700,0.019200,62.839600,108.285393
10420,d,0.002385,0.005550,0.022000,6.767090,29.935393
10421,pd,0.002977,0.004800,0.018500,25.504395,26.277001
10422,s,0.023128,0.057100,0.021500,34.846680,101.728351
10423,dp,0.002464,0.003900,0.022000,41.942627,28.364344
10424,d,0.002385,0.060150,0.018500,49.160156,81.035393
10415,s,0.023128,0.070100,0.018500,23.655029,111.728351
10416,s,0.023128,0.020950,0.018500,31.585938,62.578351
10417,p,0.003780,0.021700,0.022000,50.189453,47.479849
10418,ds,0.002343,0.014950,0.021500,59.791748,38.792513
10419,sp,0.018754,0.060750,0.018500,67.014648,98.003690
10410,p,0.003780,0.004400,0.020000,28.938232,28.179849
10411,d,0.002385,0.080700,0.020000,38.460205,103.085393
10412,d,0.002385,0.009550,0.019200,46.072510,31.135393
10413,d,0.002385,0.045800,0.021500,54.524414,69.685393
10414,p,0.003780,0.004400,0.021500,75.688965,29.679849
10430,p,0.003780,0.004500,0.022000,19.157715,30.279849
10431,pp,0.002838,0.004300,0.019200,40.439453,26.338325
10432,dp,0.002464,0.004500,0.018500,49.902832,25.464344
10433,ddp,0.002502,0.004850,0.022000,57.009766,29.351712
10434,s,0.023128,0.067950,0.019200,63.983154,110.278351
10435,d,0.002385,0.053700,0.018500,6.827881,74.585393
10436,sd,0.018668,0.014900,0.021500,13.926270,55.067773
10437,s,0.023128,0.015950,0.022000,20.814941,61.078351
10438,s,0.023128,0.071450,0.022000,27.656494,116.578351
10439,ps,0.002840,0.057350,0.018500,46.210205,78.689786
10425,p,0.003780,0.054450,0.019200,21.350098,77.429849
10426,p,0.003780,0.091100,0.020000,42.552246,114.879849
10427,p,0.003780,0.006400,0.018500,63.557861,28.679849
10428,p,0.003780,0.006200,0.019200,84.124268,29.179849
10429,dp,0.002464,0.112250,0.022000,93.865234,136.714344
10440,s,0.023128,0.075850,0.021500,6.311523,120.478351
10441,ds,0.002343,0.081000,0.019200,13.434326,102.542513
10442,d,0.002385,0.100750,0.021500,20.599121,124.635393
10443,s,0.023128,0.004550,0.020000,27.371094,47.678351
10444,dd,0.002426,0.100750,0.020000,34.265381,123.175915
10445,p,0.003780,0.012450,0.018500,21.909912,34.729849
10446,p,0.003780,0.005150,0.022000,44.102783,30.929849
10447,s,0.023128,0.048550,0.021500,53.675049,93.178351
10448,p,0.003780,0.057100,0.020000,72.249512,80.879849
10449,ss,0.018821,0.034050,0.022000,81.748779,74.870769
10450,p,0.003780,0.057900,0.021500,33.292969,83.179849
10451,p,0.003780,0.061150,0.021500,54.037598,86.429849
10452,d,0.002385,0.021250,0.022000,63.641602,45.635393
10453,pd,0.002977,0.054100,0.020000,82.566162,77.077001
10454,d,0.002385,0.003850,0.021500,92.236816,27.735393
10455,d,0.002385,0.073250,0.021500,24.336182,97.135393
10456,p,0.003780,0.012700,0.020000,43.454346,36.479849
10457,pd,0.002977,0.059550,0.021500,65.706299,84.027001
10458,p,0.003780,0.016750,0.020000,88.183105,40.529849
10459,d,0.002385,0.026400,0.019200,98.080322,47.985393
10460,s,0.023128,0.098150,0.020000,6.656738,141.278351
10461,s,0.023128,0.017850,0.018500,13.793213,59.478351
10462,ps,0.002840,0.012400,0.020000,33.540527,35.239786
10463,p,0.003780,0.090000,0.021500,54.881836,115.279849
10464,p,0.003780,0.009750,0.019200,76.255615,32.729849
10470,s,0.023128,0.048150,0.018500,6.627441,89.778351
10471,d,0.002385,0.004950,0.021500,13.959473,28.835393
10472,p,0.003780,0.039250,0.021500,32.554688,64.529849
10473,s,0.023128,0.086750,0.020000,41.682373,129.878351
10474,s,0.023128,0.014550,0.020000,48.507324,57.678351
10475,d,0.002385,0.028800,0.022000,23.404785,53.185393
10476,d,0.002385,0.130950,0.018500,31.053955,151.835393
10477,sd,0.018668,0.053150,0.020000,37.865723,91.817773
10478,dsd,0.002613,0.090100,0.018500,44.725586,111.212551
10479,p,0.003780,0.007050,0.021500,63.353271,32.329849
10465,d,0.002385,0.012500,0.020000,22.654541,34.885393
10466,p,0.003780,0.034350,0.019200,43.620850,57.329849
10467,p,0.003780,0.074850,0.019200,66.093994,97.829849
10468,p,0.003780,0.016400,0.020000,87.672607,40.179849
10469,s,0.023128,0.004000,0.019200,97.060547,46.328351
10480,p,0.003780,0.050300,0.018500,27.746582,72.579849
10481,pp,0.002838,0.091650,0.018500,48.451904,112.988325
10482,p,0.003780,0.004600,0.018500,68.976074,26.879849
10483,ppp,0.002790,0.088250,0.020000,90.142334,111.039957
10484,d,0.002385,0.006700,0.019200,99.914307,28.285393
10485,p,0.003780,0.054400,0.018500,21.154785,76.679849
10486,p,0.003780,0.066550,0.018500,41.864502,88.829849
10487,sp,0.018754,0.085950,0.021500,51.239258,126.203690
10488,p,0.003780,0.016650,0.018500,69.639648,38.929849
10489,dp,0.002464,0.015650,0.019200,79.343262,37.314344
10490,d,0.002385,0.016050,0.019200,8.809814,37.635393
10491,s,0.023128,0.024100,0.022000,15.907227,69.228351
10492,s,0.023128,0.140250,0.019200,22.922363,182.578351
10493,sd,0.018668,0.007150,0.022000,29.889648,47.817773
10494,ssd,0.018735,0.011450,0.019200,36.792480,49.384503
10495,d,0.002385,0.081650,0.019200,23.277100,103.235393
10496,d,0.002385,0.089250,0.021500,31.141357,113.135393
10497,dd,0.002426,0.061850,0.018500,38.415771,82.775915
10498,d,0.002385,0.006900,0.018500,45.533203,27.785393
10499,dd,0.002426,0.015500,0.020000,52.692139,37.925915
10500,p,0.003780,0.101400,0.022000,35.869385,127.179849
10501,d,0.002385,0.075600,0.019200,45.358887,97.185393
10502,sd,0.018668,0.057900,0.019200,52.267822,95.767773
10503,ssd,0.018735,0.088150,0.021500,58.880371,128.384503
10504,sp,0.018754,0.087650,0.021500,65.711182,127.903690
10505,s,0.023128,0.075750,0.022000,15.718018,120.878351
10506,s,0.023128,0.104550,0.018500,23.199707,146.178351
10507,s,0.023128,0.102650,0.021500,30.999756,147.278351
10508,ps,0.002840,0.131100,0.022000,50.167236,155.939786
10509,ss,0.018821,0.105550,0.020000,59.804443,144.370769
10510,p,0.003780,0.071500,0.021500,43.471924,96.779849
10511,s,0.023128,0.005850,0.019200,53.061035,48.178351
10512,pp,0.002838,0.075750,0.019200,71.490234,97.788325
10513,d,0.002385,0.010550,0.020000,81.287598,32.935393
10514,d,0.002385,0.081800,0.019200,88.434814,103.385393
10515,s,0.023128,0.018050,0.019200,13.138672,60.378351
10516,d,0.002385,0.056300,0.019200,20.481201,77.885393
10517,d,0.002385,0.006550,0.019200,27.525146,28.135393
10518,sd,0.018668,0.004450,0.019200,34.509277,42.317773
10519,sd,0.018668,0.085950,0.022000,41.419678,126.617773
10520,p,0.003780,0.006200,0.021500,35.676514,31.479849
10521,sp,0.018754,0.007800,0.022000,44.891357,48.553690
10522,s,0.023128,0.074650,0.021500,52.049316,119.278351
10523,ps,0.002840,0.035000,0.022000,70.655029,59.839786
10524,p,0.003780,0.004300,0.019200,91.486572,27.279849
10525,p,0.003780,0.015350,0.022000,18.566895,41.129849
10526,dp,0.002464,0.033250,0.019200,28.386719,54.914344
10527,s,0.023128,0.080700,0.020000,35.465088,123.828351
10528,s,0.023128,0.005950,0.019200,42.625244,48.278351
10529,p,0.003780,0.080850,0.019200,61.171631,103.829849
10530,s,0.023128,0.007800,0.019200,7.066162,50.128351
10531,s,0.023128,0.005100,0.021500,14.667236,49.728351
10532,s,0.023128,0.065150,0.022000,22.166992,110.278351
10533,ps,0.002840,0.098200,0.018500,41.602295,119.539786
10534,ps,0.002840,0.004050,0.020000,62.358398,26.889786
10535,d,0.002385,0.097300,0.018500,26.404785,118.185393
10536,d,0.002385,0.103400,0.019200,34.546631,124.985393
10537,p,0.003780,0.027300,0.019200,52.908447,50.279849
10538,d,0.002385,0.005200,0.018500,62.089355,26.085393
10539,pd,0.002977,0.004500,0.021500,80.811523,28.977001
10540,p,0.003780,0.010950,0.021500,18.173340,36.229849
10541,d,0.002385,0.047250,0.019200,27.821777,68.835393
10542,pp,0.002838,0.020000,0.022000,46.384277,44.838325
10543,sd,0.018668,0.070400,0.018500,55.771484,107.567773
10544,s,0.023128,0.094100,0.021500,62.723389,138.728351
10545,d,0.002385,0.005650,0.019200,14.336426,27.235393
10546,d,0.002385,0.057100,0.018500,21.930420,77.985393
10547,d,0.002385,0.086150,0.020000,29.349854,108.535393
10548,sd,0.018668,0.026750,0.018500,36.510986,63.917773
10549,d,0.002385,0.005850,0.022000,43.888672,30.235393
10555,d,0.002385,0.038150,0.018500,10.744629,59.035393
10556,s,0.023128,0.005400,0.021500,27.242432,50.028351
10557,d,0.002385,0.032200,0.019200,34.538574,53.785393
10558,dd,0.002426,0.025050,0.019200,41.630371,46.675915
10559,ds,0.002343,0.004550,0.018500,48.716797,25.392513
10550,d,0.002385,0.016600,0.020000,7.051514,38.985393
10551,d,0.002385,0.070650,0.021500,14.990479,94.535393
10552,p,0.003780,0.006800,0.020000,33.633789,30.579849
10553,pd,0.002977,0.096450,0.019200,54.383789,118.627001
10554,dpd,0.002513,0.054450,0.018500,63.717041,75.462673
10565,p,0.003780,0.115000,0.019200,36.458008,137.979849
10566,d,0.002385,0.066450,0.020000,46.253662,88.835393
10567,p,0.003780,0.005200,0.020000,65.234131,28.979849
10568,pp,0.002838,0.015300,0.021500,86.222656,39.638325
10569,d,0.002385,0.035550,0.020000,95.755615,57.935393
10560,p,0.003780,0.025050,0.022000,25.114746,50.829849
10561,d,0.002385,0.068050,0.021500,39.508057,91.935393
10562,dd,0.002426,0.083900,0.019200,47.387695,105.525915
10563,sdd,0.018511,0.060950,0.019200,54.616211,98.660933
10564,p,0.003780,0.004850,0.022000,73.662598,30.629849
10570,s,0.023128,0.102750,0.021500,6.498779,147.378351
10571,p,0.003780,0.004650,0.022000,25.029053,30.429849
10572,d,0.002385,0.013650,0.018500,34.812256,34.535393
10573,ds,0.002343,0.100800,0.021500,42.162109,124.642513
10574,p,0.003780,0.061000,0.019200,60.839111,83.979849
10575,p,0.003780,0.019750,0.018500,21.766113,42.029849
10576,p,0.003780,0.005850,0.022000,42.701172,31.629849
10577,sp,0.018754,0.004550,0.021500,51.950439,44.803690
10578,sp,0.018754,0.010000,0.020000,58.920898,48.753690
10579,s,0.023128,0.075150,0.020000,65.781738,118.278351
10585,s,0.023128,0.005450,0.021500,6.550537,50.078351
10586,s,0.023128,0.026800,0.018500,13.707031,68.428351
10587,d,0.002385,0.010200,0.021500,20.993164,34.085393
10588,ss,0.018821,0.004500,0.019200,28.515137,42.520769
10589,s,0.023128,0.097350,0.020000,35.466309,140.478351
10580,s,0.023128,0.060350,0.019200,6.635742,102.678351
10581,p,0.003780,0.014150,0.019200,25.679932,37.129849
10582,d,0.002385,0.064850,0.020000,35.666504,87.235393
10583,ds,0.002343,0.064800,0.021500,43.291260,88.642513
10584,s,0.023128,0.029150,0.022000,50.437988,74.278351
10590,p,0.003780,0.005350,0.022000,23.907227,31.129849
10591,s,0.023128,0.018750,0.022000,34.149414,63.878351
10592,pp,0.002838,0.004850,0.018500,53.651855,26.188325
10593,d,0.002385,0.086350,0.020000,63.651611,108.735393
10594,d,0.002385,0.062650,0.020000,71.260498,85.035393
10595,s,0.023128,0.014000,0.021500,16.314697,58.628351
10596,s,0.023128,0.084450,0.021500,23.445557,129.078351
10597,ps,0.002840,0.083900,0.018500,41.870117,105.239786
10598,dps,0.002445,0.075400,0.018500,51.396973,96.344936
10599,p,0.003780,0.020750,0.022000,70.013184,46.529849
10600,d,0.002385,0.020850,0.021500,23.870361,44.735393
10601,p,0.003780,0.007200,0.018500,43.132324,29.479849
10602,sp,0.018754,0.004600,0.021500,52.227539,44.853690
10603,s,0.023128,0.053400,0.018500,59.006104,95.028351
10604,p,0.003780,0.006750,0.021500,77.246826,32.029849
10605,s,0.023128,0.058950,0.021500,6.398193,103.578351
10606,ps,0.002840,0.045450,0.021500,25.102783,69.789786
10607,sps,0.018360,0.116850,0.020000,34.291016,155.210251
10608,p,0.003780,0.005100,0.022000,53.003906,30.879849
10609,s,0.023128,0.071150,0.021500,62.322510,115.778351
10610,p,0.003780,0.075550,0.021500,18.377197,100.829849
10611,dp,0.002464,0.077150,0.022000,28.231201,101.614344
10612,s,0.023128,0.020750,0.020000,35.216797,63.878351
10613,p,0.003780,0.011000,0.018500,53.915039,33.279849
10614,d,0.002385,0.016150,0.018500,63.615234,37.035393
10615,p,0.003780,0.082350,0.022000,18.481445,108.129849
10616,dp,0.002464,0.070250,0.022000,28.562256,94.714344
10617,s,0.023128,0.005400,0.020000,35.653564,48.528351
10618,s,0.023128,0.012650,0.022000,42.668701,57.778351
10619,s,0.023128,0.032950,0.020000,49.640381,76.078351
10620,p,0.003780,0.091550,0.019200,36.682129,114.529849
10621,d,0.002385,0.005000,0.022000,47.510986,29.385393
10622,p,0.003780,0.062350,0.018500,67.402588,84.629849
10623,d,0.002385,0.049650,0.021500,76.963867,73.535393
10624,p,0.003780,0.005150,0.021500,95.577881,30.429849
10625,s,0.023128,0.017450,0.021500,22.687744,62.078351
10626,d,0.002385,0.017450,0.018500,30.718750,38.335393
10627,s,0.023128,0.092550,0.022000,37.564453,137.678351
10628,ds,0.002343,0.037150,0.022000,44.552979,61.492513
10629,sds,0.018566,0.024150,0.019200,51.650391,61.916086
10630,p,0.003780,0.069100,0.022000,35.353516,94.879849
10631,p,0.003780,0.060300,0.022000,55.914307,86.079849
10632,dp,0.002464,0.114950,0.019200,65.197754,136.614344
10633,p,0.003780,0.029250,0.021500,83.981445,54.529849
10634,sdp,0.018492,0.039400,0.022000,93.053223,79.891971
10635,d,0.002385,0.005150,0.018500,14.580566,26.035393
10636,d,0.002385,0.006500,0.018500,22.060791,27.385393
10637,s,0.023128,0.089000,0.020000,28.899902,132.128351
10638,ss,0.018821,0.053500,0.019200,35.693115,91.520769
10639,s,0.023128,0.093350,0.018500,42.312500,134.978351
10640,s,0.023128,0.110300,0.021500,23.475342,154.928351
10641,d,0.002385,0.004950,0.022000,31.479248,29.335393
10642,p,0.003780,0.016750,0.018500,49.952393,39.029849
10643,p,0.003780,0.006350,0.019200,72.637939,29.329849
10644,sp,0.018754,0.004200,0.019200,83.114014,42.153690
10645,d,0.002385,0.047450,0.022000,23.980225,71.835393
10646,p,0.003780,0.059400,0.019200,43.434814,82.379849
10647,p,0.003780,0.004550,0.020000,64.790527,28.329849
10648,pp,0.002838,0.120700,0.021500,85.762451,145.038325
10649,ppp,0.002790,0.035400,0.018500,107.089111,56.689957
10650,p,0.003780,0.024500,0.019200,25.062012,47.479849
10651,d,0.002385,0.014300,0.019200,35.208740,35.885393
10652,d,0.002385,0.058900,0.020000,42.767822,81.285393
10653,dd,0.002426,0.015150,0.020000,49.985840,37.575915
10654,p,0.003780,0.032000,0.018500,68.545410,54.279849
10655,s,0.023128,0.059150,0.021500,21.822510,103.778351
10656,d,0.002385,0.060250,0.018500,30.058838,81.135393
10657,d,0.002385,0.088950,0.018500,37.854004,109.835393
10658,ss,0.018821,0.056950,0.018500,45.542725,94.270769
10659,sd,0.018668,0.062650,0.020000,53.116699,101.317773
10660,d,0.002385,0.090000,0.021500,23.946777,113.885393
10661,dd,0.002426,0.072600,0.020000,31.589355,95.025915
10662,s,0.023128,0.016700,0.019200,38.376709,59.028351
10663,p,0.003780,0.077150,0.021500,56.698486,102.429849
10664,ss,0.018821,0.007450,0.022000,65.702637,48.270769
10665,p,0.003780,0.119100,0.019200,42.945801,142.079849
10666,pp,0.002838,0.036200,0.019200,63.582520,58.238325
10667,d,0.002385,0.008250,0.019200,72.965576,29.835393
10668,sd,0.018668,0.025050,0.018500,79.744141,62.217773
10669,p,0.003780,0.053150,0.021500,98.041748,78.429849
10670,d,0.002385,0.014450,0.018500,14.390869,35.335393
10671,d,0.002385,0.072500,0.019200,21.797363,94.085393
10672,d,0.002385,0.006650,0.019200,28.872803,28.235393
10673,pd,0.002977,0.005150,0.018500,47.294189,26.627001
10674,pp,0.002838,0.004300,0.018500,67.976807,25.638325
10675,d,0.002385,0.065800,0.018500,7.017090,86.685393
10676,p,0.003780,0.088850,0.021500,25.800537,114.129849
10677,d,0.002385,0.095050,0.021500,35.732178,118.935393
10678,s,0.023128,0.020900,0.019200,43.511719,63.228351
10679,pd,0.002977,0.060550,0.018500,62.661377,82.027001
10680,s,0.023128,0.007950,0.019200,6.559570,50.278351
10681,d,0.002385,0.006700,0.018500,13.974854,27.585393
10682,p,0.003780,0.049250,0.019200,33.293213,72.229849
10683,pp,0.002838,0.056750,0.021500,54.669678,81.088325
10684,spp,0.018537,0.066950,0.022000,64.726562,107.487181
10685,s,0.023128,0.012750,0.020000,22.554688,55.878351
10686,p,0.003780,0.162000,0.021500,41.999268,187.279849
10687,ds,0.002343,0.012950,0.019200,51.530029,34.492513
10688,s,0.023128,0.072800,0.022000,58.390137,117.928351
10689,d,0.002385,0.022950,0.019200,65.482666,44.535393
10690,p,0.003780,0.078700,0.021500,32.575684,103.979849
10691,s,0.023128,0.123550,0.021500,41.826416,168.178351
10692,dp,0.002464,0.066450,0.019200,48.846436,88.114344
10693,ds,0.002343,0.121450,0.020000,56.104980,143.792513
10694,p,0.003780,0.038600,0.018500,74.752197,60.879849
10695,p,0.003780,0.053450,0.018500,31.267822,75.729849
10696,s,0.023128,0.017400,0.020000,40.430664,60.528351
10697,p,0.003780,0.004950,0.019200,59.035889,27.929849
10698,d,0.002385,0.104550,0.022000,68.481934,128.935393
10699,sp,0.018754,0.004300,0.020000,75.462891,43.053690
10705,s,0.023128,0.059750,0.018500,6.649170,101.378351
10706,p,0.003780,0.017350,0.018500,26.119873,39.629849
10707,s,0.023128,0.026400,0.020000,35.888184,69.528351
10708,sp,0.018754,0.011500,0.018500,42.971436,48.753690
10709,s,0.023128,0.029650,0.018500,49.945801,71.278351
10700,p,0.003780,0.009750,0.018500,18.403809,32.029849
10701,s,0.023128,0.011100,0.018500,27.953369,52.728351
10702,s,0.023128,0.006750,0.021500,34.979492,51.378351
10703,d,0.002385,0.026000,0.022000,42.286865,50.385393
10704,dd,0.002426,0.047600,0.018500,49.568359,68.525915
10710,p,0.003780,0.099350,0.020000,18.465088,123.129849
10711,d,0.002385,0.016300,0.021500,28.188477,40.185393
10712,pd,0.002977,0.088200,0.018500,47.191895,109.677001
10713,p,0.003780,0.081000,0.018500,68.412354,103.279849
10714,pp,0.002838,0.118100,0.020000,89.313232,140.938325
10715,d,0.002385,0.004150,0.020000,6.849121,26.535393
10716,s,0.023128,0.053400,0.021500,13.980713,98.028351
10717,s,0.023128,0.103100,0.021500,21.072754,147.728351
10718,d,0.002385,0.009150,0.022000,28.099121,33.535393
10719,s,0.023128,0.095400,0.022000,35.105469,140.528351
10720,s,0.023128,0.006200,0.022000,22.110352,51.328351
10721,p,0.003780,0.036750,0.020000,41.517334,60.529849
10722,d,0.002385,0.023000,0.021500,50.945801,46.885393
10723,pp,0.002838,0.130950,0.022000,69.245117,155.788325
10724,p,0.003780,0.068250,0.018500,90.154053,90.529849
10725,s,0.023128,0.033950,0.020000,14.617676,77.078351
10726,s,0.023128,0.089650,0.021500,22.159912,134.278351
10727,p,0.003780,0.004800,0.018500,40.587402,27.079849
10728,ps,0.002840,0.061100,0.018500,62.220947,82.439786
10729,p,0.003780,0.008200,0.021500,83.670654,33.479849
10730,s,0.023128,0.036050,0.020000,6.643555,79.178351
10731,d,0.002385,0.056400,0.020000,13.989014,78.785393
10732,s,0.023128,0.006700,0.022000,20.844482,51.828351
10733,ps,0.002840,0.098200,0.019200,39.416992,120.239786
10734,ds,0.002343,0.006300,0.020000,49.178955,28.642513
10735,p,0.003780,0.062800,0.020000,22.120850,86.579849
10736,d,0.002385,0.004900,0.020000,32.764893,27.285393
10737,dd,0.002426,0.004900,0.022000,40.960938,29.325915
10738,sp,0.018754,0.093850,0.022000,48.904297,134.603690
10739,s,0.023128,0.010100,0.021500,56.681152,54.728351
10740,p,0.003780,0.065600,0.021500,21.468750,90.879849
10741,d,0.002385,0.006100,0.021500,31.127197,29.985393
10742,s,0.023128,0.110500,0.020000,38.260742,153.628351
10743,d,0.002385,0.070400,0.022000,45.490479,94.785393
10744,ds,0.002343,0.022950,0.019200,52.675537,44.492513
10745,p,0.003780,0.085700,0.022000,34.936035,111.479849
10746,d,0.002385,0.012900,0.020000,44.623291,35.285393
10747,pp,0.002838,0.052250,0.018500,63.264648,73.588325
10748,d,0.002385,0.066800,0.019200,73.014404,88.385393
10749,d,0.002385,0.005750,0.021500,80.430664,29.635393
10750,s,0.023128,0.010250,0.021500,19.482910,54.878351
10751,p,0.003780,0.023750,0.020000,38.735352,47.529849
10752,ss,0.018821,0.004650,0.019200,48.031982,42.670769
10753,s,0.023128,0.079850,0.022000,55.150146,124.978351
10754,s,0.023128,0.007850,0.020000,62.144287,50.978351
10755,p,0.003780,0.012750,0.021500,33.195557,38.029849
10756,sp,0.018754,0.010300,0.020000,42.544922,49.053690
10757,s,0.023128,0.012750,0.022000,49.386963,57.878351
10758,ps,0.002840,0.067600,0.019200,67.902100,89.639786
10759,ds,0.002343,0.012400,0.019200,77.463379,33.942513
10765,s,0.023128,0.086700,0.019200,24.531006,129.028351
10766,ss,0.018821,0.058950,0.020000,32.568848,97.770769
10767,s,0.023128,0.092400,0.019200,39.402344,134.728351
10768,s,0.023128,0.091300,0.022000,46.212891,136.428351
10769,s,0.023128,0.004700,0.019200,53.220703,47.028351
10760,d,0.002385,0.060250,0.019200,23.741699,81.835393
10761,dd,0.002426,0.106800,0.021500,32.034912,130.725915
10762,pdd,0.003045,0.033400,0.022000,52.882812,58.444804
10763,ppdd,0.003100,0.052250,0.020000,75.845215,75.350421
10764,p,0.003780,0.071550,0.018500,97.076904,93.829849
10770,p,0.003780,0.006350,0.021500,17.987549,31.629849
10771,d,0.002385,0.012450,0.018500,27.590332,33.335393
10772,d,0.002385,0.033900,0.018500,34.803955,54.785393
10773,sd,0.018668,0.074750,0.019200,41.817383,112.617773
10774,psd,0.003139,0.119500,0.018500,60.497070,141.138792
10780,s,0.023128,0.020950,0.022000,8.225586,66.078351
10781,d,0.002385,0.053250,0.018500,16.606201,74.135393
10782,p,0.003780,0.105550,0.021500,36.086670,130.829849
10783,d,0.002385,0.084600,0.022000,46.352051,108.985393
10784,dd,0.002426,0.019350,0.019200,53.492920,40.975915
10775,p,0.003780,0.005900,0.019200,18.044189,28.879849
10776,s,0.023128,0.018250,0.020000,27.467041,61.378351
10777,pp,0.002838,0.011950,0.018500,46.049561,33.288325
10778,p,0.003780,0.005500,0.018500,67.136719,27.779849
10779,ss,0.018821,0.089700,0.020000,76.511719,128.520769
10785,d,0.002385,0.018950,0.022000,9.658936,43.335393
10786,d,0.002385,0.042200,0.020000,16.974609,64.585393
10787,s,0.023128,0.010550,0.022000,23.875977,55.678351
10788,d,0.002385,0.008450,0.018500,30.821533,29.335393
10789,s,0.023128,0.044300,0.021500,37.814209,88.928351
10790,p,0.003780,0.016600,0.018500,35.796631,38.879849
10791,s,0.023128,0.057950,0.019200,44.985596,100.278351
10792,p,0.003780,0.100450,0.022000,63.213867,126.229849
10793,ps,0.002840,0.080700,0.018500,83.854980,102.039786
10794,p,0.003780,0.009600,0.020000,106.701172,33.379849
10795,d,0.002385,0.092450,0.022000,12.212158,116.835393
10796,s,0.023128,0.012950,0.020000,19.260498,56.078351
10797,ps,0.002840,0.017400,0.018500,38.078125,38.739786
10798,s,0.023128,0.004450,0.018500,47.282227,46.078351
10799,s,0.023128,0.131100,0.019200,54.263428,173.428351
10800,p,0.003780,0.061550,0.021500,35.322266,86.829849
10801,s,0.023128,0.046450,0.020000,44.813965,89.578351
10802,pp,0.002838,0.113450,0.022000,63.500000,138.288325
10803,p,0.003780,0.049250,0.018500,84.678467,71.529849
10804,dpp,0.002514,0.104850,0.018500,94.108398,125.864416
10810,s,0.023128,0.004450,0.018500,6.933594,46.078351
10811,s,0.023128,0.056650,0.021500,13.842529,101.278351
10812,p,0.003780,0.010350,0.021500,32.648438,35.629849
10813,d,0.002385,0.041900,0.018500,42.044189,62.785393
10814,p,0.003780,0.005750,0.018500,60.967041,28.029849
10805,d,0.002385,0.065050,0.020000,7.191406,87.435393
10806,d,0.002385,0.033750,0.018500,14.489502,54.635393
10807,p,0.003780,0.031250,0.019200,33.089600,54.229849
10808,s,0.023128,0.004550,0.019200,42.426758,46.878351
10809,p,0.003780,0.008100,0.018500,61.651367,30.379849
10820,d,0.002385,0.074800,0.022000,9.804688,99.185393
10821,s,0.023128,0.015400,0.021500,18.336182,60.028351
10822,pd,0.002977,0.061550,0.020000,38.590332,84.527001
10823,spd,0.018317,0.088200,0.018500,48.473633,125.017325
10824,d,0.002385,0.091100,0.019200,55.890381,112.685393
10815,p,0.003780,0.064850,0.019200,35.950439,87.829849
10816,d,0.002385,0.005850,0.022000,45.632812,30.235393
10817,p,0.003780,0.064250,0.018500,64.068848,86.529849
10818,sp,0.018754,0.058500,0.021500,73.482422,98.753690
10819,pp,0.002838,0.063650,0.018500,91.811523,84.988325
10825,s,0.023128,0.040350,0.018500,9.912842,81.978351
10826,p,0.003780,0.018200,0.021500,29.259277,43.479849
10827,sp,0.018754,0.047450,0.021500,38.901855,87.703690
10828,p,0.003780,0.005300,0.022000,57.825439,31.079849
10829,ds,0.002343,0.043350,0.018500,68.063965,64.192513
10830,d,0.002385,0.034600,0.022000,6.658203,58.985393
10831,dd,0.002426,0.008750,0.018500,13.950928,29.675915
10832,s,0.023128,0.063850,0.022000,20.944824,108.978351
10833,ps,0.002840,0.084000,0.020000,39.256348,106.839786
10834,dd,0.002426,0.008800,0.019200,49.269775,30.425915
10835,d,0.002385,0.020400,0.019200,6.680664,41.985393
10836,pd,0.002977,0.008750,0.018500,25.684814,30.227001
10837,s,0.023128,0.069000,0.018500,34.974609,110.628351
10838,p,0.003780,0.083300,0.022000,53.542236,109.079849
10839,s,0.023128,0.012100,0.018500,63.381104,53.728351
10840,s,0.023128,0.055900,0.021500,22.240234,100.528351
10841,p,0.003780,0.005100,0.018500,41.555664,27.379849
10842,d,0.002385,0.024650,0.022000,51.112549,49.035393
10843,d,0.002385,0.125500,0.020000,58.458496,147.885393
10844,dp,0.002464,0.004150,0.019200,65.563965,25.814344
10845,d,0.002385,0.004400,0.021500,7.046875,28.285393
10846,d,0.002385,0.010650,0.019200,15.112549,32.235393
10847,s,0.023128,0.094250,0.018500,22.383789,135.878351
10848,p,0.003780,0.005350,0.021500,41.423584,30.629849
10849,p,0.003780,0.072050,0.020000,62.992676,95.829849
10850,d,0.002385,0.090250,0.022000,6.714111,114.635393
10851,s,0.023128,0.032150,0.018500,13.683350,73.778351
10852,d,0.002385,0.019550,0.018500,20.679443,40.435393
10853,pd,0.002977,0.056950,0.018500,38.927490,78.427001
10854,dpd,0.002513,0.041300,0.020000,48.648682,63.812673
10855,p,0.003780,0.122950,0.018500,33.151123,145.229849
10856,d,0.002385,0.012600,0.020000,42.702148,34.985393
10857,s,0.023128,0.028800,0.021500,49.627197,73.428351
10858,ss,0.018821,0.154250,0.019200,56.602051,192.270769
10859,p,0.003780,0.005150,0.022000,74.933838,30.929849
10865,d,0.002385,0.059500,0.022000,6.639893,83.885393
10866,d,0.002385,0.145150,0.022000,13.979736,169.535393
10867,s,0.023128,0.007650,0.021500,20.856201,52.278351
10868,pd,0.002977,0.022300,0.021500,39.276855,46.777001
10869,spd,0.018317,0.081250,0.022000,48.323242,121.567325
10870,s,0.023128,0.051850,0.020000,6.303711,94.978351
10871,d,0.002385,0.093450,0.022000,13.689209,117.835393
10872,sd,0.018668,0.036300,0.019200,20.692627,74.167773
10873,psd,0.003139,0.086500,0.019200,41.370605,108.838792
10874,ss,0.018821,0.042550,0.022000,51.683105,83.370769
10860,s,0.023128,0.053400,0.022000,13.948242,98.528351
10861,d,0.002385,0.004300,0.022000,21.346191,28.685393
10862,s,0.023128,0.074650,0.022000,28.213135,119.778351
10863,ss,0.018821,0.060750,0.019200,35.026367,98.770769
10864,sd,0.018668,0.004300,0.021500,41.819824,44.467773
10875,s,0.023128,0.083200,0.020000,6.423340,126.328351
10876,s,0.023128,0.016550,0.019200,13.435547,58.878351
10877,ds,0.002343,0.065100,0.021500,20.480957,88.942513
10878,p,0.003780,0.009600,0.019200,39.663574,32.579849
10879,p,0.003780,0.042950,0.018500,60.522217,65.229849
10880,s,0.023128,0.083650,0.022000,6.528564,128.778351
10881,s,0.023128,0.128600,0.022000,13.467529,173.728351
10882,s,0.023128,0.012950,0.019200,20.390381,55.278351
10883,ds,0.002343,0.056850,0.022000,27.463379,81.192513
10884,p,0.003780,0.067350,0.020000,46.190430,91.129849
10885,d,0.002385,0.025550,0.020000,11.765625,47.935393
10886,pd,0.002977,0.011900,0.019200,30.444824,34.077001
10887,d,0.002385,0.057250,0.019200,40.002930,78.835393
10888,pd,0.002977,0.080450,0.022000,58.289062,105.427001
10889,s,0.023128,0.016500,0.020000,67.484863,59.628351
10890,p,0.003780,0.082100,0.020000,19.229248,105.879849
10891,pp,0.002838,0.067050,0.019200,39.866699,89.088325
10892,ppp,0.002790,0.087450,0.020000,60.454102,110.239957
10893,s,0.023128,0.045800,0.020000,69.569580,88.928351
10894,pppp,0.002878,0.068500,0.020000,88.205811,91.377743
10895,p,0.003780,0.088900,0.021500,21.165283,114.179849
10896,p,0.003780,0.010150,0.021500,42.254150,35.429849
10897,dp,0.002464,0.083050,0.020000,52.237061,105.514344
10898,s,0.023128,0.040350,0.019200,59.132812,82.678351
10899,p,0.003780,0.016500,0.020000,77.727051,40.279849
10900,s,0.023128,0.116850,0.019200,6.572021,159.178351
10901,s,0.023128,0.006200,0.021500,13.381836,50.828351
10902,ds,0.002343,0.075100,0.018500,20.339355,95.942513
10903,s,0.023128,0.104000,0.018500,27.059814,145.628351
10904,s,0.023128,0.004750,0.019200,33.839844,47.078351
10905,p,0.003780,0.094300,0.020000,19.555664,118.079849
10906,sp,0.018754,0.056200,0.019200,29.135742,94.153690
10907,s,0.023128,0.061100,0.022000,36.154053,106.228351
10908,d,0.002385,0.023600,0.021500,43.360107,47.485393
10909,psp,0.002926,0.086550,0.020000,62.011475,109.475658
10910,s,0.023128,0.059200,0.019200,6.461670,101.528351
10911,ss,0.018821,0.018950,0.022000,13.460205,59.770769
10912,pss,0.002833,0.063650,0.020000,32.305176,86.482709
10913,ppss,0.002998,0.026600,0.020000,53.198975,49.597567
10914,d,0.002385,0.054300,0.020000,62.829346,76.685393
10915,s,0.023128,0.020000,0.018500,6.405518,61.628351
10916,ps,0.002840,0.016300,0.019200,25.329590,38.339786
10917,s,0.023128,0.100350,0.018500,34.613037,141.978351
10918,ds,0.002343,0.121800,0.020000,41.686279,144.142513
10919,s,0.023128,0.005800,0.020000,48.479492,48.928351
10920,d,0.002385,0.082700,0.018500,8.187500,103.585393
10921,s,0.023128,0.017250,0.018500,15.037598,58.878351
10922,p,0.003780,0.083300,0.021500,33.430908,108.579849
10923,sp,0.018754,0.074000,0.020000,42.649902,112.753690
10924,ds,0.002343,0.020700,0.019200,49.593750,42.242513
10925,s,0.023128,0.084600,0.020000,6.440186,127.728351
10926,ds,0.002343,0.085100,0.022000,13.458496,109.442513
10927,s,0.023128,0.017850,0.022000,20.186035,62.978351
10928,dds,0.002685,0.061250,0.022000,27.405029,85.935273
10929,s,0.023128,0.004650,0.018500,34.595947,46.278351
10930,d,0.002385,0.016550,0.019200,6.859375,38.135393
10931,s,0.023128,0.133750,0.019200,14.113770,176.078351
10932,d,0.002385,0.007050,0.022000,21.431396,31.435393
10933,ds,0.002343,0.078950,0.019200,28.516357,100.492513
10934,pd,0.002977,0.014800,0.018500,46.936768,36.277001
10935,s,0.023128,0.022800,0.019200,9.620361,65.128351
10936,ss,0.018821,0.027300,0.022000,17.092773,68.120769
10937,p,0.003780,0.005150,0.020000,35.999512,28.929849
10938,d,0.002385,0.061750,0.019200,45.739502,83.335393
10939,dd,0.002426,0.129700,0.021500,53.190430,153.625915
10940,d,0.002385,0.010900,0.020000,7.055908,33.285393
10941,pd,0.002977,0.013450,0.018500,26.332031,34.927001
10942,d,0.002385,0.068250,0.019200,35.876953,89.835393
10943,dp,0.002464,0.013550,0.019200,43.127930,35.214344
10944,s,0.023128,0.029450,0.018500,50.255371,71.078351
10950,s,0.023128,0.068250,0.022000,22.888916,113.378351
10951,ss,0.018821,0.032200,0.018500,30.571045,69.520769
10952,d,0.002385,0.081250,0.021500,37.660156,105.135393
10953,p,0.003780,0.004950,0.022000,56.250000,30.729849
10954,s,0.023128,0.014900,0.022000,65.328125,60.028351
10945,d,0.002385,0.055250,0.018500,22.653564,76.135393
10946,pd,0.002977,0.050000,0.020000,41.762207,72.977001
10947,s,0.023128,0.005750,0.020000,50.792969,48.878351
10948,s,0.023128,0.012250,0.021500,57.389648,56.878351
10949,d,0.002385,0.018600,0.019200,64.249268,40.185393
10955,p,0.003780,0.089250,0.018500,34.694824,111.529849
10956,p,0.003780,0.061250,0.022000,55.377686,87.029849
10957,pp,0.002838,0.087450,0.020000,76.158936,110.288325
10958,p,0.003780,0.005050,0.022000,96.736328,30.829849
10959,d,0.002385,0.035550,0.019200,106.154297,57.135393
10960,s,0.023128,0.056850,0.019200,20.097412,99.178351
10961,s,0.023128,0.131100,0.018500,27.517090,172.728351
10962,ds,0.002343,0.056600,0.019200,34.473633,78.142513
10963,ps,0.002840,0.043650,0.022000,52.962158,68.489786
10964,sps,0.018360,0.066300,0.019200,62.172119,103.860251
10965,d,0.002385,0.056850,0.020000,9.449219,79.235393
10966,d,0.002385,0.047850,0.020000,17.099609,70.235393
10967,dd,0.002426,0.080250,0.022000,28.310059,104.675915
10968,sdd,0.018511,0.079600,0.022000,35.132568,120.110933
10969,ssdd,0.018091,0.061400,0.019200,41.772949,98.691216
10970,p,0.003780,0.079650,0.021500,34.885254,104.929849
10971,pp,0.002838,0.075550,0.022000,55.525635,100.388325
10972,p,0.003780,0.083300,0.020000,76.065430,107.079849
10973,d,0.002385,0.022800,0.018500,85.457520,43.685393
10974,s,0.023128,0.007900,0.018500,92.352051,49.528351
10975,p,0.003780,0.111600,0.019200,35.435791,134.579849
10976,dp,0.002464,0.053900,0.018500,45.006592,74.864344
10977,d,0.002385,0.029400,0.022000,52.121826,53.785393
10978,p,0.003780,0.005750,0.019200,71.444092,28.729849
10979,d,0.002385,0.129300,0.019200,80.957764,150.885393
10985,d,0.002385,0.005000,0.021500,6.966797,28.885393
10986,p,0.003780,0.078150,0.018500,25.920166,100.429849
10987,pp,0.002838,0.074550,0.021500,46.884521,98.888325
10988,d,0.002385,0.028300,0.018500,56.793213,49.185393
10989,d,0.002385,0.040050,0.021500,64.173828,63.935393
10990,d,0.002385,0.091100,0.019200,6.915771,112.685393
10991,pd,0.002977,0.087650,0.018500,26.176758,109.127001
10992,ppd,0.002827,0.110100,0.018500,47.229248,131.426719
10993,d,0.002385,0.011100,0.019200,57.491211,32.685393
10994,pppd,0.002875,0.080450,0.022000,80.032959,105.324708
10995,d,0.002385,0.043950,0.018500,9.689941,64.835393
10996,p,0.003780,0.023000,0.022000,28.965576,48.779849
10997,sp,0.018754,0.049350,0.021500,38.979248,89.603690
10998,p,0.003780,0.012450,0.021500,58.346191,37.729849
10999,d,0.002385,0.006000,0.018500,68.846680,26.885393
10980,s,0.023128,0.037150,0.020000,6.713135,80.278351
10981,s,0.023128,0.006000,0.018500,13.931885,47.628351
10982,s,0.023128,0.011450,0.022000,21.197266,56.578351
10983,ss,0.018821,0.009550,0.021500,28.293945,49.870769
10984,ds,0.002343,0.007600,0.018500,35.708496,28.442513
11005,d,0.002385,0.008950,0.019200,7.648193,30.535393
11006,d,0.002385,0.028800,0.022000,15.283691,53.185393
11007,pd,0.002977,0.016300,0.020000,33.978271,39.277001
11008,s,0.023128,0.024300,0.022000,43.730225,69.428351
11009,p,0.003780,0.079900,0.022000,62.330078,105.679849
11000,s,0.023128,0.028000,0.018500,8.242188,69.628351
11001,p,0.003780,0.004900,0.019200,29.347900,27.879849
11002,ps,0.002840,0.009550,0.019200,50.014160,31.589786
11003,d,0.002385,0.091700,0.018500,59.440918,112.585393
11004,sd,0.018668,0.031550,0.018500,66.247070,68.717773
11010,p,0.003780,0.014350,0.019200,20.031494,37.329849
11011,d,0.002385,0.028700,0.018500,29.410889,49.585393
11012,s,0.023128,0.074550,0.019200,36.333984,116.878351
11013,pp,0.002838,0.080400,0.021500,54.311035,104.738325
11014,d,0.002385,0.004250,0.020000,63.541992,26.635393
11015,s,0.023128,0.099400,0.022000,24.832520,144.528351
11016,s,0.023128,0.083050,0.019200,32.296631,125.378351
11017,d,0.002385,0.010150,0.019200,39.324219,31.735393
11018,d,0.002385,0.007650,0.018500,46.438232,28.535393
11019,d,0.002385,0.035850,0.018500,53.533936,56.735393
11025,p,0.003780,0.038450,0.022000,18.105713,64.229849
11026,d,0.002385,0.012700,0.019200,28.261963,34.285393
11027,p,0.003780,0.108350,0.021500,47.152100,133.629849
11028,sd,0.018668,0.010350,0.020000,56.319092,49.017773
11029,d,0.002385,0.078300,0.019200,63.262207,99.885393
11020,d,0.002385,0.065300,0.021500,21.866211,89.185393
11021,p,0.003780,0.035850,0.020000,40.635498,59.629849
11022,d,0.002385,0.049150,0.018500,49.965332,70.035393
11023,pd,0.002977,0.077150,0.022000,68.298340,102.127001
11024,ppd,0.002827,0.066150,0.022000,89.023438,90.976719
11030,p,0.003780,0.059500,0.018500,18.633057,81.779849
11031,pp,0.002838,0.150300,0.020000,39.380127,173.138325
11032,s,0.023128,0.005300,0.022000,48.680420,50.428351
11033,p,0.003780,0.097350,0.022000,67.219727,123.129849
11034,s,0.023128,0.011850,0.018500,76.527344,53.478351
11035,s,0.023128,0.067750,0.018500,6.447510,109.378351
11036,d,0.002385,0.012100,0.019200,13.648193,33.685393
11037,d,0.002385,0.078300,0.020000,20.799805,100.685393
11038,p,0.003780,0.020750,0.018500,39.240479,43.029849
11039,pd,0.002977,0.115000,0.019200,60.118164,137.177001
11040,d,0.002385,0.073150,0.019200,7.189453,94.735393
11041,p,0.003780,0.005250,0.022000,25.759766,31.029849
11042,sp,0.018754,0.005200,0.018500,34.970215,42.453690
11043,s,0.023128,0.105550,0.021500,41.790527,150.178351
11044,dd,0.002426,0.080000,0.018500,48.751709,100.925915
11050,s,0.023128,0.129300,0.018500,6.568604,170.928351
11051,p,0.003780,0.061750,0.021500,25.002197,87.029849
11052,sp,0.018754,0.099750,0.021500,34.045166,140.003690
11053,s,0.023128,0.009750,0.022000,40.767334,54.878351
11054,psp,0.002926,0.136000,0.019200,59.045898,158.125658
11045,p,0.003780,0.025050,0.019200,21.205078,48.029849
11046,dp,0.002464,0.014350,0.022000,31.110352,38.814344
11047,p,0.003780,0.005100,0.019200,49.759521,28.079849
11048,d,0.002385,0.013700,0.020000,59.312988,36.085393
11049,dd,0.002426,0.014500,0.018500,66.590332,35.425915
11055,s,0.023128,0.021400,0.020000,6.497559,64.528351
11056,d,0.002385,0.081450,0.018500,13.593994,102.335393
11057,dd,0.002426,0.058350,0.018500,20.710938,79.275915
11058,ddd,0.002493,0.071200,0.022000,27.830322,95.693417
11059,ss,0.018821,0.018650,0.019200,34.822998,56.670769
11060,p,0.003780,0.087950,0.020000,18.022217,111.729849
11061,sp,0.018754,0.084250,0.021500,27.153320,124.503690
11062,psp,0.002926,0.054200,0.019200,45.372559,76.325658
11063,d,0.002385,0.022800,0.022000,54.626953,47.185393
11064,p,0.003780,0.005200,0.018500,73.455078,27.479849
11065,p,0.003780,0.034400,0.019200,36.276611,57.379849
11066,s,0.023128,0.010650,0.018500,46.038818,52.278351
11067,s,0.023128,0.032150,0.021500,53.609619,76.778351
11068,ss,0.018821,0.113600,0.018500,60.454834,150.920769
11069,pss,0.002833,0.038600,0.019200,78.973633,60.632709
11070,s,0.023128,0.004800,0.021500,6.673584,49.428351
11071,d,0.002385,0.072650,0.022000,13.974121,97.035393
11072,ds,0.002343,0.013500,0.020000,21.187256,35.842513
11073,p,0.003780,0.112100,0.022000,40.028564,137.879849
11074,p,0.003780,0.005000,0.021500,63.740234,30.279849
11075,p,0.003780,0.029100,0.019200,35.907959,52.079849
11076,p,0.003780,0.059050,0.019200,56.432373,82.029849
11077,d,0.002385,0.007250,0.018500,66.017090,28.135393
11078,s,0.023128,0.098500,0.022000,73.116943,143.628351
11079,d,0.002385,0.015250,0.022000,80.058594,39.635393
11080,p,0.003780,0.104550,0.018500,18.256836,126.829849
11081,sp,0.018754,0.066350,0.018500,27.783936,103.603690
11082,dsp,0.002685,0.095400,0.022000,35.352783,120.084513
11083,s,0.023128,0.004800,0.021500,42.480713,49.428351
11084,d,0.002385,0.071350,0.019200,49.889893,92.935393
11085,p,0.003780,0.087500,0.018500,18.474365,109.779849
11086,pp,0.002838,0.040700,0.019200,43.797607,62.738325
11087,s,0.023128,0.088900,0.018500,54.723633,130.528351
11088,p,0.003780,0.005050,0.022000,74.147217,30.829849
11089,ps,0.002840,0.054400,0.022000,95.340088,79.239786
11090,d,0.002385,0.024200,0.020000,21.393555,46.585393
11091,p,0.003780,0.004950,0.022000,40.299805,30.729849
11092,d,0.002385,0.063550,0.021500,49.827881,87.435393
11093,sp,0.018754,0.005100,0.022000,56.686279,45.853690
11094,ssp,0.018787,0.006600,0.019200,63.454590,44.587195
11100,d,0.002385,0.110900,0.018500,20.820557,131.785393
11101,sd,0.018668,0.093800,0.022000,28.623047,134.467773
11102,s,0.023128,0.005600,0.022000,35.289062,50.728351
11103,ssd,0.018735,0.038350,0.022000,42.023193,79.084503
11104,p,0.003780,0.013850,0.019200,60.579834,36.829849
11095,d,0.002385,0.067000,0.021500,20.671875,90.885393
11096,s,0.023128,0.009750,0.019200,27.993164,52.078351
11097,ss,0.018821,0.008150,0.021500,34.711426,48.470769
11098,p,0.003780,0.007850,0.020000,53.026123,31.629849
11099,dss,0.002842,0.007850,0.022000,62.180908,32.691615
11105,p,0.003780,0.109550,0.021500,31.228516,134.829849
11106,p,0.003780,0.004500,0.018500,51.692627,26.779849
11107,sp,0.018754,0.004700,0.021500,60.829590,44.953690
11108,p,0.003780,0.136350,0.018500,79.150879,158.629849
11109,ds,0.002343,0.004850,0.020000,88.541504,27.192513
11110,p,0.003780,0.072650,0.022000,20.628174,98.429849
11111,d,0.002385,0.008400,0.019200,30.724121,29.985393
11112,s,0.023128,0.064900,0.019200,37.794189,107.228351
11113,pd,0.002977,0.004500,0.021500,56.689453,28.977001
11114,sp,0.018754,0.045950,0.019200,66.055176,83.903690
11115,s,0.023128,0.019550,0.021500,21.681641,64.178351
11116,s,0.023128,0.003950,0.018500,29.168701,45.578351
11117,s,0.023128,0.055900,0.022000,36.563477,101.028351
11118,ps,0.002840,0.004200,0.022000,55.219482,29.039786
11119,ss,0.018821,0.084550,0.020000,66.459961,123.370769
11120,p,0.003780,0.010050,0.022000,36.423340,35.829849
11121,s,0.023128,0.003950,0.021500,46.526611,48.578351
11122,p,0.003780,0.063650,0.018500,67.145996,85.929849
11123,ps,0.002840,0.004450,0.020000,88.630615,27.289786
11124,s,0.023128,0.012000,0.019200,98.304688,54.328351
11130,s,0.023128,0.038800,0.018500,22.279297,80.428351
11131,s,0.023128,0.004400,0.018500,30.204102,46.028351
11132,ds,0.002343,0.004750,0.020000,37.623291,27.092513
11133,dds,0.002685,0.004300,0.020000,44.952881,26.985273
11134,ds,0.002343,0.044850,0.021500,52.146484,68.692513
11125,d,0.002385,0.028300,0.022000,17.187256,52.685393
11126,p,0.003780,0.093000,0.021500,36.005127,118.279849
11127,sd,0.018668,0.048550,0.018500,45.190430,85.717773
11128,sp,0.018754,0.036200,0.019200,51.878174,74.153690
11129,ps,0.002840,0.031900,0.020000,69.987061,54.739786
11135,p,0.003780,0.014850,0.022000,35.005127,40.629849
11136,p,0.003780,0.058950,0.021500,55.553711,84.229849
11137,sp,0.018754,0.012400,0.020000,64.683838,51.153690
11138,pp,0.002838,0.025050,0.020000,82.966309,47.888325
11139,p,0.003780,0.059550,0.022000,103.653809,85.329849
11140,p,0.003780,0.010050,0.018500,35.820068,32.329849
11141,d,0.002385,0.067000,0.021500,45.214355,90.885393
11142,dd,0.002426,0.060550,0.022000,52.377197,84.975915
11143,d,0.002385,0.004750,0.021500,59.329590,28.635393
11144,d,0.002385,0.091550,0.022000,66.292236,115.935393
11145,s,0.023128,0.012200,0.022000,21.743896,57.328351
11146,d,0.002385,0.023000,0.018500,29.217773,43.885393
11147,d,0.002385,0.053150,0.021500,36.590820,77.035393
11148,d,0.002385,0.008000,0.018500,43.923340,28.885393
11149,s,0.023128,0.078300,0.020000,51.045410,121.428351
11150,p,0.003780,0.098150,0.022000,23.060791,123.929849
11151,s,0.023128,0.009850,0.021500,33.197754,54.478351
11152,s,0.023128,0.004450,0.022000,40.483154,49.578351
11153,ss,0.018821,0.013350,0.020000,47.885742,52.170769
11154,s,0.023128,0.025500,0.021500,54.877686,70.128351
11155,d,0.002385,0.095500,0.021500,9.666016,119.385393
11156,dd,0.002426,0.086700,0.020000,16.694824,109.125915
11157,d,0.002385,0.008800,0.022000,23.694336,33.185393
11158,pd,0.002977,0.028250,0.018500,42.300537,49.727001
11159,sdd,0.018511,0.026400,0.019200,51.903076,64.110933
11165,d,0.002385,0.074100,0.018500,11.129395,94.985393
11166,d,0.002385,0.004850,0.019200,18.294922,26.435393
11167,pd,0.002977,0.090800,0.018500,36.705566,112.277001
11168,p,0.003780,0.062500,0.019200,57.572998,85.479849
11169,dpd,0.002513,0.067050,0.018500,67.028564,88.062673
11160,p,0.003780,0.055950,0.018500,36.411865,78.229849
11161,p,0.003780,0.086300,0.020000,57.149414,110.079849
11162,dp,0.002464,0.029350,0.021500,67.003174,53.314344
11163,pdp,0.002932,0.053750,0.021500,85.560547,78.181683
11164,pp,0.002838,0.054800,0.021500,106.312256,79.138325
11170,p,0.003780,0.009100,0.019200,17.899658,32.079849
11171,pp,0.002838,0.009950,0.020000,38.521240,32.788325
11172,p,0.003780,0.004750,0.019200,58.919922,27.729849
11173,s,0.023128,0.088400,0.022000,68.040527,133.528351
11174,pp,0.002838,0.005600,0.019200,86.153564,27.638325
11175,s,0.023128,0.012650,0.021500,6.710449,57.278351
11176,ss,0.018821,0.008650,0.021500,14.363525,48.970769
11177,dss,0.002842,0.005050,0.022000,22.121094,29.891615
11178,p,0.003780,0.049250,0.020000,42.188721,73.029849
11179,p,0.003780,0.063550,0.019200,63.832275,86.529849
11180,d,0.002385,0.071400,0.021500,6.907715,95.285393
11181,d,0.002385,0.141900,0.021500,14.165771,165.785393
11182,p,0.003780,0.091650,0.022000,33.771729,117.429849
11183,dd,0.002426,0.052350,0.018500,43.873047,73.275915
11184,pdd,0.003045,0.033750,0.021500,63.772949,58.294804
11185,p,0.003780,0.005300,0.021500,28.851074,30.579849
11186,d,0.002385,0.087950,0.018500,38.221924,108.835393
11187,pp,0.002838,0.005900,0.018500,56.341797,27.238325
11188,pp,0.002838,0.007200,0.018500,76.613770,28.538325
11189,s,0.023128,0.015300,0.022000,85.703125,60.428351
11190,d,0.002385,0.048150,0.020000,6.925293,70.535393
11191,s,0.023128,0.086750,0.019200,14.097900,129.078351
11192,s,0.023128,0.024800,0.022000,21.207275,69.928351
11193,ss,0.018821,0.092400,0.022000,28.237793,133.220769
11194,sd,0.018668,0.012750,0.021500,35.415283,52.917773
11195,s,0.023128,0.078200,0.021500,6.691650,122.828351
11196,d,0.002385,0.005200,0.022000,14.680664,29.585393
11197,sd,0.018668,0.010300,0.021500,22.261475,50.467773
11198,s,0.023128,0.015650,0.022000,29.886719,60.778351
11199,p,0.003780,0.022900,0.018500,52.838623,45.179849
11200,s,0.023128,0.011250,0.019200,6.339355,53.578351
11201,p,0.003780,0.007600,0.018500,24.717529,29.879849
11202,d,0.002385,0.051900,0.020000,35.032471,74.285393
11203,dd,0.002426,0.027400,0.018500,43.024414,48.325915
11204,p,0.003780,0.004500,0.021500,64.708740,29.779849
11205,p,0.003780,0.036100,0.019200,19.553711,59.079849
11206,dp,0.002464,0.090600,0.021500,31.864258,114.564344
11207,d,0.002385,0.066200,0.020000,45.325928,88.585393
11208,d,0.002385,0.017750,0.021500,59.226074,41.635393
11209,s,0.023128,0.024150,0.018500,71.971924,65.778351
11210,d,0.002385,0.024400,0.019200,6.673096,45.985393
11211,p,0.003780,0.035550,0.018500,26.220215,57.829849
11212,dd,0.002426,0.140100,0.018500,35.959229,161.025915
11213,d,0.002385,0.018950,0.018500,43.270752,39.835393
11214,pd,0.002977,0.102900,0.022000,62.528076,127.877001
11215,d,0.002385,0.043950,0.018500,6.533447,64.835393
11216,d,0.002385,0.004350,0.021500,13.806396,28.235393
11217,p,0.003780,0.077500,0.019200,32.662109,100.479849
11218,d,0.002385,0.027300,0.018500,41.853027,48.185393
11219,pd,0.002977,0.060750,0.020000,60.300537,83.727001
11220,d,0.002385,0.116750,0.021500,6.557617,140.635393
11221,d,0.002385,0.103300,0.019200,13.775635,124.885393
11222,p,0.003780,0.003950,0.019200,32.358643,26.929849
11223,d,0.002385,0.060350,0.020000,41.870605,82.735393
11224,d,0.002385,0.058650,0.020000,49.356445,81.035393
11225,p,0.003780,0.015250,0.022000,18.071533,41.029849
11226,pp,0.002838,0.020400,0.020000,39.732910,43.238325
11227,p,0.003780,0.093850,0.020000,61.622559,117.629849
11228,p,0.003780,0.012700,0.021500,82.527344,37.979849
11229,sp,0.018754,0.011400,0.021500,91.774414,51.653690
11230,p,0.003780,0.082650,0.018500,35.582031,104.929849
11231,p,0.003780,0.046050,0.019200,55.916016,69.029849
11232,p,0.003780,0.036550,0.022000,76.351807,62.329849
11233,dp,0.002464,0.018450,0.020000,85.669922,40.914344
11234,pdp,0.002932,0.051300,0.019200,103.810547,73.431683
11235,p,0.003780,0.005100,0.019200,35.400635,28.079849
11236,p,0.003780,0.047600,0.022000,55.926025,73.379849
11237,dp,0.002464,0.121450,0.021500,65.691162,145.414344
11238,s,0.023128,0.015850,0.021500,72.895996,60.478351
11239,ps,0.002840,0.054000,0.020000,91.322021,76.839786
11240,d,0.002385,0.117500,0.019200,6.949219,139.085393
11241,p,0.003780,0.099050,0.022000,26.075195,124.829849
11242,s,0.023128,0.050550,0.019200,35.690186,92.878351
11243,p,0.003780,0.005850,0.022000,54.103271,31.629849
11244,dp,0.002464,0.017900,0.018500,63.499268,38.864344
11250,d,0.002385,0.004900,0.018500,7.204590,25.785393
11251,s,0.023128,0.008200,0.020000,14.240479,51.328351
11252,s,0.023128,0.060650,0.022000,21.115479,105.778351
11253,p,0.003780,0.100450,0.019200,39.774170,123.429849
11254,ps,0.002840,0.061000,0.022000,60.580078,85.839786
11245,d,0.002385,0.136350,0.019200,23.389648,157.935393
11246,s,0.023128,0.013100,0.020000,30.915283,56.228351
11247,p,0.003780,0.026950,0.021500,49.353271,52.229849
11248,dd,0.002426,0.091350,0.019200,58.631348,112.975915
11249,ps,0.002840,0.010900,0.020000,76.921631,33.739786
11260,d,0.002385,0.019750,0.020000,6.709961,42.135393
11261,sd,0.018668,0.005700,0.021500,13.620361,45.867773
11262,ssd,0.018735,0.020150,0.022000,20.428711,60.884503
11263,d,0.002385,0.012850,0.021500,27.615234,36.735393
11264,pssd,0.002940,0.017750,0.021500,46.361572,42.189578
11255,s,0.023128,0.024950,0.021500,6.556885,69.578351
11256,d,0.002385,0.009050,0.021500,14.237549,32.935393
11257,sd,0.018668,0.010350,0.022000,21.325684,51.017773
11258,d,0.002385,0.005750,0.022000,28.488770,30.135393
11259,s,0.023128,0.102050,0.021500,35.397949,146.678351
11265,p,0.003780,0.033250,0.021500,18.081787,58.529849
11266,s,0.023128,0.010350,0.022000,27.343262,55.478351
11267,s,0.023128,0.060950,0.019200,34.153809,103.278351
11268,ss,0.018821,0.019100,0.022000,40.989990,59.920769
11269,pss,0.002833,0.017000,0.018500,59.376709,38.332709
11270,d,0.002385,0.004300,0.020000,6.712158,26.685393
11271,p,0.003780,0.081450,0.019200,25.620605,104.429849
11272,p,0.003780,0.006650,0.022000,46.927246,32.429849
11273,p,0.003780,0.084800,0.020000,68.185303,108.579849
11274,dp,0.002464,0.031750,0.019200,77.813965,53.414344
11275,s,0.023128,0.029450,0.021500,20.659668,74.078351
11276,p,0.003780,0.012100,0.022000,39.946533,37.879849
11277,p,0.003780,0.049350,0.018500,60.917236,71.629849
11278,s,0.023128,0.026750,0.018500,70.163818,68.378351
11279,ds,0.002343,0.103400,0.018500,77.198242,124.242513
11280,p,0.003780,0.092400,0.022000,22.325195,118.179849
11281,dp,0.002464,0.037150,0.019200,33.131592,58.814344
11282,p,0.003780,0.091450,0.018500,53.813721,113.729849
11283,pdp,0.002932,0.026000,0.020000,77.118164,48.931683
11284,dpdp,0.002699,0.091300,0.021500,87.185303,115.498646
11285,d,0.002385,0.012450,0.021500,8.859863,36.335393
11286,s,0.023128,0.067550,0.018500,15.955322,109.178351
11287,ps,0.002840,0.050000,0.020000,34.594727,72.839786
11288,s,0.023128,0.007000,0.020000,44.009766,50.128351
11289,ps,0.002840,0.006200,0.020000,62.680908,29.039786
11290,s,0.023128,0.058600,0.022000,6.775391,103.728351
11291,s,0.023128,0.013650,0.021500,14.037354,58.278351
11292,ps,0.002840,0.086150,0.018500,32.643311,107.489786
11293,ss,0.018821,0.010950,0.019200,42.379639,48.970769
11294,d,0.002385,0.019700,0.022000,49.513672,44.085393
11300,d,0.002385,0.028000,0.018500,7.008789,48.885393
11301,d,0.002385,0.039200,0.019200,14.388428,60.785393
11302,pd,0.002977,0.020700,0.019200,33.555176,42.877001
11303,d,0.002385,0.004500,0.020000,42.828857,26.885393
11304,pd,0.002977,0.007100,0.018500,61.053711,28.577001
11295,p,0.003780,0.095550,0.019200,18.154053,118.529849
11296,p,0.003780,0.073550,0.022000,39.179688,99.329849
11297,p,0.003780,0.004800,0.018500,59.606934,27.079849
11298,pp,0.002838,0.004450,0.018500,80.178955,25.788325
11299,sp,0.018754,0.006900,0.018500,89.461670,44.153690
11305,s,0.023128,0.075250,0.021500,6.418945,119.878351
11306,p,0.003780,0.019800,0.020000,24.984131,43.579849
11307,ds,0.002343,0.066450,0.018500,34.378662,87.292513
11308,s,0.023128,0.004450,0.021500,41.108154,49.078351
11309,p,0.003780,0.021150,0.020000,59.195557,44.929849
11310,s,0.023128,0.061700,0.019200,6.417969,104.028351
11311,p,0.003780,0.071500,0.019200,25.288818,94.479849
11312,p,0.003780,0.119700,0.019200,46.635010,142.679849
11313,pp,0.002838,0.072950,0.022000,67.437256,97.788325
11314,ps,0.002840,0.058850,0.020000,89.082520,81.689786
11315,p,0.003780,0.019200,0.019200,35.786621,42.179849
11316,p,0.003780,0.004200,0.022000,56.525635,29.979849
11317,d,0.002385,0.078550,0.022000,66.011719,102.935393
11318,dd,0.002426,0.015000,0.022000,73.059570,39.425915
11319,d,0.002385,0.109850,0.022000,80.104248,134.235393
11320,s,0.023128,0.005200,0.020000,6.412109,48.328351
11321,ps,0.002840,0.005350,0.021500,24.922852,29.689786
11322,s,0.023128,0.056400,0.021500,34.047119,101.028351
11323,pps,0.002854,0.006150,0.019200,52.413818,28.204053
11324,d,0.002385,0.018450,0.018500,61.891602,39.335393
11330,d,0.002385,0.013250,0.021500,6.704590,37.135393
11331,pd,0.002977,0.008600,0.022000,25.633789,33.577001
11332,s,0.023128,0.040100,0.018500,35.078857,81.728351
11333,ds,0.002343,0.056850,0.022000,42.151123,81.192513
11334,s,0.023128,0.015300,0.018500,49.039551,56.928351
11335,p,0.003780,0.012150,0.022000,18.130127,37.929849
11336,s,0.023128,0.004900,0.020000,27.656250,48.028351
11337,ps,0.002840,0.005200,0.018500,46.364746,26.539786
11338,s,0.023128,0.019350,0.018500,56.260010,60.978351
11339,ps,0.002840,0.021650,0.019200,75.384766,43.689786
11325,p,0.003780,0.009550,0.018500,35.791016,31.829849
11326,p,0.003780,0.019550,0.022000,57.098389,45.329849
11327,d,0.002385,0.005450,0.020000,67.454590,27.835393
11328,dp,0.002464,0.025250,0.019200,75.395264,46.914344
11329,s,0.023128,0.080700,0.018500,83.377686,122.328351
11345,p,0.003780,0.099750,0.021500,18.995605,125.029849
11346,p,0.003780,0.051000,0.018500,42.277344,73.279849
11347,p,0.003780,0.080700,0.020000,64.100830,104.479849
11348,d,0.002385,0.015550,0.021500,73.791992,39.435393
11349,sd,0.018668,0.012800,0.022000,80.815186,53.467773
11350,s,0.023128,0.012900,0.022000,6.765137,58.028351
11351,d,0.002385,0.117350,0.019200,14.125732,138.935393
11352,s,0.023128,0.088400,0.018500,21.088623,130.028351
11353,pd,0.002977,0.010650,0.020000,39.616211,33.627001
11354,ds,0.002343,0.008450,0.022000,49.166748,32.792513
11340,s,0.023128,0.057400,0.022000,6.542969,102.528351
11341,s,0.023128,0.004350,0.019200,13.704102,46.678351
11342,p,0.003780,0.118100,0.019200,32.202637,141.079849
11343,pp,0.002838,0.054250,0.021500,53.492432,78.588325
11344,spp,0.018537,0.053100,0.021500,62.806885,93.137181
11360,p,0.003780,0.006000,0.019200,18.580811,28.979849
11361,p,0.003780,0.061050,0.018500,39.573730,83.329849
11362,pp,0.002838,0.118250,0.019200,61.174316,140.288325
11363,dpp,0.002514,0.016950,0.020000,70.875732,39.464416
11364,pdpp,0.003067,0.025700,0.020000,89.327148,48.767275
11355,s,0.023128,0.110300,0.020000,6.497070,153.428351
11356,s,0.023128,0.011050,0.019200,13.499756,53.378351
11357,ds,0.002343,0.074300,0.020000,20.851074,96.642513
11358,pds,0.003022,0.054550,0.018500,40.236572,76.071933
11359,spds,0.018151,0.021600,0.019200,49.541260,58.950699
11365,d,0.002385,0.085050,0.021500,24.265381,108.935393
11366,p,0.003780,0.005050,0.019200,43.645508,28.029849
11367,dp,0.002464,0.025050,0.021500,53.126221,49.014344
11368,p,0.003780,0.089300,0.020000,71.808594,113.079849
11369,p,0.003780,0.004150,0.022000,92.422363,29.929849
11370,d,0.002385,0.078700,0.020000,6.750244,101.085393
11371,d,0.002385,0.020150,0.019200,13.879395,41.735393
11372,pd,0.002977,0.008550,0.021500,33.617920,33.027001
11373,d,0.002385,0.004650,0.018500,44.265625,25.535393
11374,p,0.003780,0.035500,0.022000,65.391602,61.279849
11375,s,0.023128,0.027900,0.022000,8.877686,73.028351
11376,s,0.023128,0.016300,0.021500,15.777832,60.928351
11377,ps,0.002840,0.018450,0.021500,34.224121,42.789786
11378,ds,0.002343,0.127700,0.022000,43.810791,152.042513
11379,d,0.002385,0.066550,0.018500,50.989258,87.435393
11380,s,0.023128,0.079900,0.018500,6.517822,121.528351
11381,s,0.023128,0.084350,0.019200,13.209229,126.678351
11382,p,0.003780,0.020650,0.022000,31.766602,46.429849
11383,d,0.002385,0.046450,0.020000,41.662842,68.835393
11384,ps,0.002840,0.153000,0.020000,59.689697,175.839786
11385,p,0.003780,0.004700,0.021500,18.015137,29.979849
11386,sp,0.018754,0.004750,0.018500,27.260742,42.003690
11387,d,0.002385,0.094200,0.021500,34.300537,118.085393
11388,ps,0.002840,0.006400,0.020000,52.460449,29.239786
11389,p,0.003780,0.006900,0.018500,73.385010,29.179849
11390,p,0.003780,0.003950,0.020000,19.351318,27.729849
11391,p,0.003780,0.054450,0.022000,43.285889,80.229849
11392,d,0.002385,0.093850,0.022000,53.055908,118.235393
11393,pd,0.002977,0.091500,0.018500,71.373779,112.977001
11394,s,0.023128,0.005150,0.021500,80.529053,49.778351
11395,d,0.002385,0.027650,0.018500,23.854980,48.535393
11396,d,0.002385,0.056650,0.020000,31.875977,79.035393
11397,p,0.003780,0.011150,0.018500,53.347656,33.429849
11398,p,0.003780,0.010500,0.022000,75.498535,36.279849
11399,sp,0.018754,0.065250,0.021500,85.134033,105.503690
11400,p,0.003780,0.068150,0.022000,19.944092,93.929849
11401,s,0.023128,0.009100,0.021500,29.213135,53.728351
11402,d,0.002385,0.109850,0.020000,36.246338,132.235393
11403,sp,0.018754,0.083850,0.019200,43.367920,121.803690
11404,p,0.003780,0.003950,0.019200,61.915771,26.929849
11405,s,0.023128,0.039250,0.018500,6.781006,80.878351
11406,p,0.003780,0.096150,0.021500,26.034668,121.429849
11407,ps,0.002840,0.076950,0.018500,47.328369,98.289786
11408,sps,0.018360,0.033050,0.018500,56.536133,69.910251
11409,p,0.003780,0.073450,0.019200,74.991699,96.429849
11410,d,0.002385,0.077500,0.021500,6.655273,101.385393
11411,pd,0.002977,0.090000,0.019200,25.198975,112.177001
11412,p,0.003780,0.045000,0.022000,46.145996,70.779849
11413,ppd,0.002827,0.043750,0.022000,66.861328,68.576719
11414,dppd,0.002735,0.061000,0.018500,76.128418,82.235472
11415,d,0.002385,0.050300,0.019200,6.693115,71.885393
11416,d,0.002385,0.067000,0.019200,13.932129,88.585393
11417,s,0.023128,0.024400,0.019200,20.847656,66.728351
11418,s,0.023128,0.005200,0.021500,27.605713,49.828351
11419,sd,0.018668,0.096150,0.022000,34.439209,136.817773
11420,s,0.023128,0.093500,0.018500,22.194824,135.128351
11421,d,0.002385,0.018200,0.022000,30.384766,42.585393
11422,d,0.002385,0.063450,0.018500,37.552490,84.335393
11423,dd,0.002426,0.059850,0.021500,44.688721,83.775915
11424,p,0.003780,0.005300,0.022000,63.255615,31.079849
11425,p,0.003780,0.009150,0.021500,18.214844,34.429849
11426,d,0.002385,0.056850,0.018500,27.588867,77.735393
11427,d,0.002385,0.088200,0.019200,34.612305,109.785393
11428,dd,0.002426,0.062200,0.020000,41.539062,84.625915
11429,sp,0.018754,0.026400,0.022000,48.156738,67.153690
11430,p,0.003780,0.012700,0.022000,19.245605,38.479849
11431,dp,0.002464,0.017500,0.021500,30.103760,41.464344
11432,s,0.023128,0.004100,0.020000,37.638184,47.228351
11433,d,0.002385,0.097300,0.021500,45.219238,121.185393
11434,pd,0.002977,0.009050,0.021500,64.347168,33.527001
11440,s,0.023128,0.020400,0.019200,11.105713,62.728351
11441,s,0.023128,0.008800,0.018500,18.011475,50.428351
11442,ps,0.002840,0.027500,0.018500,36.739990,48.839786
11443,ds,0.002343,0.006200,0.018500,46.332275,27.042513
11444,pps,0.002854,0.135050,0.018500,64.868896,156.404053
11435,s,0.023128,0.004950,0.020000,6.517090,48.078351
11436,p,0.003780,0.030050,0.021500,25.651855,55.329849
11437,s,0.023128,0.063650,0.020000,34.930176,106.778351
11438,d,0.002385,0.011650,0.021500,41.790527,35.535393
11439,d,0.002385,0.072950,0.021500,48.754639,96.835393
11450,p,0.003780,0.110900,0.021500,18.001221,136.179849
11451,d,0.002385,0.020500,0.021500,28.169189,44.385393
11452,d,0.002385,0.024150,0.020000,36.321289,46.535393
11453,dp,0.002464,0.091950,0.021500,44.302246,115.914344
11454,d,0.002385,0.051600,0.021500,52.524902,75.485393
11445,p,0.003780,0.095150,0.022000,36.958740,120.929849
11446,dp,0.002464,0.017850,0.022000,46.738770,42.314344
11447,p,0.003780,0.063650,0.018500,65.406006,85.929849
11448,pdp,0.002932,0.028700,0.019200,86.797852,50.831683
11449,p,0.003780,0.004500,0.019200,107.962891,27.479849
11460,p,0.003780,0.026350,0.018500,21.130371,48.629849
11461,p,0.003780,0.076300,0.020000,41.941650,100.079849
11462,s,0.023128,0.051150,0.022000,51.070801,96.278351
11463,s,0.023128,0.009600,0.021500,58.061279,54.228351
11464,ps,0.002840,0.016950,0.018500,77.148193,38.289786
11455,d,0.002385,0.042650,0.019200,14.217529,64.235393
11456,p,0.003780,0.051850,0.020000,34.026367,75.629849
11457,d,0.002385,0.006000,0.018500,44.977783,26.885393
11458,dd,0.002426,0.008500,0.020000,52.970459,30.925915
11459,sp,0.018754,0.045800,0.021500,60.391602,86.053690
11465,s,0.023128,0.048550,0.020000,6.547607,91.678351
11466,d,0.002385,0.008550,0.022000,14.027588,32.935393
11467,s,0.023128,0.109850,0.019200,21.006836,152.178351
11468,sd,0.018668,0.005200,0.021500,28.178223,45.367773
11469,ss,0.018821,0.021700,0.018500,35.274902,59.020769
11470,s,0.023128,0.071500,0.018500,6.577148,113.128351
11471,p,0.003780,0.007950,0.020000,25.547852,31.729849
11472,p,0.003780,0.005100,0.021500,46.106445,30.379849
11473,p,0.003780,0.012950,0.019200,66.868652,35.929849
11474,s,0.023128,0.080200,0.021500,75.961670,124.828351
11480,p,0.003780,0.024800,0.020000,18.042725,48.579849
11481,s,0.023128,0.008250,0.019200,27.387939,50.578351
11482,p,0.003780,0.093800,0.020000,46.386230,117.579849
11483,dp,0.002464,0.025000,0.022000,55.757324,49.464344
11484,dp,0.002464,0.020200,0.020000,62.879395,42.664344
11475,d,0.002385,0.054100,0.020000,11.195068,76.485393
11476,d,0.002385,0.006650,0.021500,18.452637,30.535393
11477,dd,0.002426,0.014750,0.018500,25.533447,35.675915
11478,dd,0.002426,0.051150,0.019200,32.585205,72.775915
11479,d,0.002385,0.066200,0.018500,39.675537,87.085393
11490,d,0.002385,0.004650,0.019200,8.157471,26.235393
11491,s,0.023128,0.088550,0.021500,15.048828,133.178351
11492,ds,0.002343,0.061900,0.019200,21.960938,83.442513
11493,sds,0.018566,0.057900,0.018500,28.564453,94.966086
11494,d,0.002385,0.014000,0.021500,35.495117,37.885393
11485,d,0.002385,0.004700,0.022000,6.714355,29.085393
11486,p,0.003780,0.029300,0.018500,25.157227,51.579849
11487,pp,0.002838,0.027000,0.022000,45.805664,51.838325
11488,d,0.002385,0.073550,0.022000,55.144775,97.935393
11489,dd,0.002426,0.066200,0.019200,61.993652,87.825915
11495,d,0.002385,0.004700,0.018500,6.736084,25.585393
11496,pd,0.002977,0.005250,0.019200,25.562744,27.427001
11497,s,0.023128,0.050350,0.021500,35.010742,94.978351
11498,s,0.023128,0.029450,0.018500,41.926758,71.078351
11499,p,0.003780,0.011400,0.018500,60.501709,33.679849
11500,d,0.002385,0.006050,0.020000,13.473389,28.435393
11501,sd,0.018668,0.006050,0.019200,20.439697,43.917773
11502,d,0.002385,0.044100,0.018500,27.610596,64.985393
11503,dsd,0.002613,0.005150,0.022000,34.906006,29.762551
11504,s,0.023128,0.057100,0.020000,41.917236,100.228351
11505,s,0.023128,0.049500,0.020000,11.311523,92.628351
11506,s,0.023128,0.070050,0.022000,18.622803,115.178351
11507,ds,0.002343,0.019700,0.019200,26.093018,41.242513
11508,p,0.003780,0.090350,0.020000,45.064209,114.129849
11509,p,0.003780,0.060550,0.022000,65.675293,86.329849
11510,s,0.023128,0.056600,0.021500,23.232910,101.228351
11511,s,0.023128,0.012150,0.019200,30.877930,54.478351
11512,s,0.023128,0.004750,0.019200,37.626221,47.078351
11513,s,0.023128,0.087650,0.018500,44.343262,129.278351
11514,ss,0.018821,0.004400,0.021500,51.094971,44.720769
11515,d,0.002385,0.004950,0.022000,20.627441,29.335393
11516,p,0.003780,0.074100,0.018500,40.355957,96.379849
11517,d,0.002385,0.061150,0.019200,49.599609,82.735393
11518,dd,0.002426,0.029450,0.020000,56.916992,51.875915
11519,p,0.003780,0.024800,0.019200,75.142578,47.779849
11520,d,0.002385,0.004650,0.019200,24.120605,26.235393
11521,p,0.003780,0.011400,0.019200,45.959717,34.379849
11522,d,0.002385,0.076000,0.019200,56.486084,97.585393
11523,p,0.003780,0.059300,0.022000,75.792725,85.079849
11524,p,0.003780,0.077850,0.019200,97.026855,100.829849
11530,d,0.002385,0.016500,0.022000,13.297852,40.885393
11531,sd,0.018668,0.023650,0.019200,20.498047,61.517773
11532,d,0.002385,0.011800,0.018500,27.890381,32.685393
11533,s,0.023128,0.020350,0.018500,35.018555,61.978351
11534,ps,0.002840,0.017450,0.019200,54.242676,39.489786
11525,d,0.002385,0.007500,0.018500,23.534180,28.385393
11526,s,0.023128,0.081650,0.021500,31.363525,126.278351
11527,pd,0.002977,0.010950,0.022000,50.127686,35.927001
11528,p,0.003780,0.073350,0.018500,71.014893,95.629849
11529,p,0.003780,0.003700,0.021500,91.515137,28.979849
11535,d,0.002385,0.013850,0.020000,7.883545,36.235393
11536,s,0.023128,0.004550,0.021500,15.714111,49.178351
11537,ps,0.002840,0.004000,0.018500,35.434814,25.339786
11538,s,0.023128,0.111600,0.021500,45.079102,156.228351
11539,ds,0.002343,0.066450,0.018500,52.304443,87.292513
11540,d,0.002385,0.004850,0.021500,6.630859,28.735393
11541,p,0.003780,0.088100,0.020000,25.413818,111.879849
11542,sd,0.018668,0.004450,0.020000,34.948486,43.117773
11543,pp,0.002838,0.069050,0.018500,53.495361,90.388325
11544,p,0.003780,0.020100,0.022000,74.221191,45.879849
11545,p,0.003780,0.072850,0.020000,21.792236,96.629849
11546,s,0.023128,0.011100,0.022000,31.819580,56.228351
11547,ds,0.002343,0.069850,0.020000,39.316406,92.192513
11548,pds,0.003022,0.026650,0.019200,58.276367,48.871933
11549,dpds,0.002826,0.098500,0.020000,68.073242,121.325574
11550,p,0.003780,0.091400,0.019200,18.770020,114.379849
11551,p,0.003780,0.084550,0.019200,40.071045,107.529849
11552,p,0.003780,0.012100,0.018500,60.888184,34.379849
11553,pp,0.002838,0.091300,0.019200,82.505371,113.338325
11554,p,0.003780,0.004850,0.018500,103.361328,27.129849
11555,p,0.003780,0.122000,0.022000,19.584961,147.779849
11556,s,0.023128,0.005650,0.021500,29.432373,50.278351
11557,ps,0.002840,0.005650,0.022000,48.570557,30.489786
11558,d,0.002385,0.058500,0.018500,58.296387,79.385393
11559,dd,0.002426,0.080850,0.022000,65.708984,105.275915
11560,p,0.003780,0.045800,0.021500,19.156738,71.079849
11561,p,0.003780,0.014900,0.019200,41.500732,37.879849
11562,d,0.002385,0.066900,0.022000,52.052734,91.285393
11563,sd,0.018668,0.061700,0.019200,59.632080,99.567773
11564,ssd,0.018735,0.114950,0.018500,66.583008,152.184503
11565,d,0.002385,0.078500,0.021500,8.032471,102.385393
11566,sd,0.018668,0.047400,0.019200,15.072998,85.267773
11567,d,0.002385,0.129600,0.022000,22.417236,153.985393
11568,ssd,0.018735,0.081650,0.021500,29.534180,121.884503
11569,pd,0.002977,0.066750,0.021500,48.250244,91.227001
11570,d,0.002385,0.004800,0.019200,10.848633,26.385393
11571,s,0.023128,0.086550,0.022000,21.967041,131.678351
11572,dd,0.002426,0.004750,0.020000,31.428711,27.175915
11573,ds,0.002343,0.062500,0.020000,39.111816,84.842513
11574,pd,0.002977,0.004000,0.019200,58.300781,26.177001
11575,d,0.002385,0.039500,0.020000,12.027832,61.885393
11576,d,0.002385,0.006200,0.018500,19.326904,27.085393
11577,sd,0.018668,0.013900,0.022000,26.611572,54.567773
11578,ps,0.002840,0.007800,0.020000,46.652344,30.639786
11579,sd,0.018668,0.017000,0.020000,56.953125,55.667773
11580,d,0.002385,0.048300,0.021500,21.030762,72.185393
11581,s,0.023128,0.023650,0.021500,28.467529,68.278351
11582,ds,0.002343,0.060600,0.021500,35.656494,84.442513
11583,s,0.023128,0.006400,0.018500,42.714844,48.028351
11584,dd,0.002426,0.086950,0.022000,49.844727,111.375915
11585,p,0.003780,0.020000,0.019200,32.152832,42.979849
11586,dp,0.002464,0.031900,0.018500,41.490967,52.864344
11587,ddp,0.002502,0.029450,0.018500,48.576416,50.451712
11588,s,0.023128,0.005350,0.019200,55.465576,47.678351
11589,p,0.003780,0.080100,0.018500,75.010498,102.379849
11590,d,0.002385,0.078050,0.018500,16.399902,98.935393
11591,p,0.003780,0.005500,0.021500,35.191650,30.779849
11592,sp,0.018754,0.009200,0.019200,44.309570,47.153690
11593,s,0.023128,0.130600,0.022000,51.003174,175.728351
11594,ssp,0.018787,0.004450,0.019200,57.734619,42.437195
11600,s,0.023128,0.006000,0.019200,7.358154,48.328351
11601,d,0.002385,0.018750,0.020000,14.626221,41.135393
11602,s,0.023128,0.045400,0.021500,21.638428,90.028351
11603,ds,0.002343,0.072650,0.021500,28.849365,96.492513
11604,p,0.003780,0.088650,0.020000,47.398438,112.429849
11595,p,0.003780,0.007850,0.018500,20.902588,30.129849
11596,p,0.003780,0.027450,0.021500,42.291504,52.729849
11597,d,0.002385,0.004700,0.018500,51.868652,25.585393
11598,d,0.002385,0.014200,0.019200,59.099121,35.785393
11599,dd,0.002426,0.005000,0.020000,66.314941,27.425915
11605,s,0.023128,0.006900,0.022000,9.562012,52.028351
11606,d,0.002385,0.113000,0.020000,17.274658,135.385393
11607,dd,0.002426,0.073150,0.020000,24.390137,95.575915
11608,sdd,0.018511,0.075250,0.020000,31.124512,113.760933
11609,s,0.023128,0.073500,0.022000,37.855225,118.628351
11610,s,0.023128,0.006400,0.018500,19.156982,48.028351
11611,s,0.023128,0.070650,0.022000,26.284424,115.778351
11612,p,0.003780,0.051600,0.018500,44.796875,73.879849
11613,dp,0.002464,0.064400,0.019200,54.164062,86.064344
11614,ds,0.002343,0.007200,0.022000,61.382080,31.542513
11615,d,0.002385,0.098150,0.019200,25.366455,119.735393
11616,s,0.023128,0.021000,0.021500,33.706055,65.628351
11617,p,0.003780,0.048200,0.019200,53.199219,71.179849
11618,p,0.003780,0.012350,0.022000,74.248535,38.129849
11619,dp,0.002464,0.040300,0.018500,84.108643,61.264344
11620,s,0.023128,0.004450,0.021500,22.302490,49.078351
11621,p,0.003780,0.061050,0.019200,41.593506,84.029849
11622,ss,0.018821,0.004400,0.018500,50.738281,41.720769
11623,dss,0.002842,0.005000,0.021500,57.763428,29.341615
11624,ddss,0.002785,0.005150,0.021500,64.805664,29.435416
11625,s,0.023128,0.143650,0.019200,6.527588,185.978351
11626,s,0.023128,0.005450,0.022000,13.687744,50.578351
11627,ss,0.018821,0.118250,0.018500,20.927490,155.570769
11628,d,0.002385,0.096150,0.019200,28.441162,117.735393
11629,p,0.003780,0.154250,0.022000,47.937988,180.029849
11630,s,0.023128,0.026750,0.021500,9.022217,71.378351
11631,d,0.002385,0.026950,0.021500,16.258789,50.835393
11632,ds,0.002343,0.100850,0.022000,23.615234,125.192513
11633,d,0.002385,0.016500,0.021500,30.736084,40.385393
11634,sds,0.018566,0.017050,0.019200,37.791504,54.816086
11635,p,0.003780,0.016650,0.020000,30.613281,40.429849
11636,p,0.003780,0.049250,0.022000,51.145508,75.029849
11637,p,0.003780,0.048300,0.021500,71.646484,73.579849
11638,d,0.002385,0.005050,0.020000,81.062744,27.435393
11639,p,0.003780,0.017450,0.020000,99.448242,41.229849
11640,s,0.023128,0.116850,0.020000,6.475342,159.978351
11641,d,0.002385,0.008800,0.020000,13.986328,31.185393
11642,pd,0.002977,0.007550,0.018500,33.025879,29.027001
11643,p,0.003780,0.004950,0.020000,53.776367,28.729849
11644,p,0.003780,0.033950,0.018500,74.286621,56.229849
11645,s,0.023128,0.061250,0.018500,6.572754,102.878351
11646,s,0.023128,0.130600,0.018500,13.376465,172.228351
11647,p,0.003780,0.004800,0.022000,31.748047,30.579849
11648,ds,0.002343,0.038800,0.022000,40.996826,63.142513
11649,s,0.023128,0.035400,0.021500,47.784668,80.028351
11650,d,0.002385,0.064500,0.019200,6.771973,86.085393
11651,pd,0.002977,0.064400,0.022000,25.682129,89.377001
11652,ppd,0.002827,0.044100,0.021500,46.609863,68.426719
11653,p,0.003780,0.017350,0.019200,67.245605,40.329849
11654,p,0.003780,0.007500,0.022000,87.901855,33.279849
11655,d,0.002385,0.011150,0.020000,23.869629,33.535393
11656,s,0.023128,0.005000,0.020000,33.336426,48.128351
11657,pd,0.002977,0.009750,0.022000,53.225342,34.727001
11658,d,0.002385,0.032000,0.018500,63.137207,52.885393
11659,d,0.002385,0.073800,0.020000,70.462402,96.185393
11660,d,0.002385,0.063650,0.020000,6.624756,86.035393
11661,pd,0.002977,0.085050,0.020000,25.843994,108.027001
11662,s,0.023128,0.007650,0.020000,35.040039,50.778351
11663,p,0.003780,0.088250,0.020000,53.407715,112.029849
11664,p,0.003780,0.018650,0.022000,74.677490,44.429849
11665,p,0.003780,0.088900,0.020000,23.506836,112.679849
11666,d,0.002385,0.048550,0.019200,32.789795,70.135393
11667,p,0.003780,0.008900,0.022000,51.041260,34.679849
11668,d,0.002385,0.058850,0.019200,60.207275,80.435393
11669,sp,0.018754,0.011450,0.019200,66.997314,49.403690
11670,p,0.003780,0.114500,0.018500,28.999268,136.779849
11671,p,0.003780,0.044000,0.022000,49.482422,69.779849
11672,dp,0.002464,0.004300,0.022000,58.814697,28.764344
11673,p,0.003780,0.008200,0.019200,77.000488,31.179849
11674,sp,0.018754,0.024400,0.020000,86.206055,63.153690
11680,s,0.023128,0.098150,0.019200,11.382812,140.478351
11681,s,0.023128,0.078550,0.021500,19.976807,123.178351
11682,p,0.003780,0.004300,0.020000,38.971191,28.079849
11683,d,0.002385,0.075550,0.020000,48.515625,97.935393
11684,sp,0.018754,0.008450,0.021500,55.632080,48.703690
11685,s,0.023128,0.004750,0.020000,23.290283,47.878351
11686,s,0.023128,0.087250,0.018500,30.940918,128.878351
11687,ps,0.002840,0.004550,0.022000,49.191406,29.389786
11688,p,0.003780,0.020350,0.022000,69.851562,46.129849
11689,p,0.003780,0.046050,0.022000,90.925537,71.829849
11675,p,0.003780,0.071850,0.022000,35.895020,97.629849
11676,d,0.002385,0.004900,0.020000,45.490479,27.285393
11677,sp,0.018754,0.023000,0.020000,52.872803,61.753690
11678,d,0.002385,0.120250,0.018500,61.078613,141.135393
11679,d,0.002385,0.028550,0.022000,69.101318,52.935393
11690,p,0.003780,0.004200,0.020000,18.949707,27.979849
11691,p,0.003780,0.066450,0.020000,39.321045,90.229849
11692,s,0.023128,0.012350,0.021500,48.479248,56.978351
11693,pp,0.002838,0.056300,0.019200,66.607178,78.338325
11694,p,0.003780,0.080850,0.020000,87.507324,104.629849
11695,d,0.002385,0.005150,0.020000,11.643066,27.535393
11696,sd,0.018668,0.006900,0.020000,18.626465,45.567773
11697,s,0.023128,0.011200,0.019200,25.535889,53.528351
11698,d,0.002385,0.026350,0.019200,32.796631,47.935393
11699,d,0.002385,0.104200,0.018500,40.005127,125.085393
11700,d,0.002385,0.014850,0.019200,6.761475,36.435393
11701,p,0.003780,0.077100,0.018500,25.250488,99.379849
11702,s,0.023128,0.034850,0.020000,34.538574,77.978351
11703,dd,0.002426,0.020400,0.022000,41.690674,44.825915
11704,s,0.023128,0.005450,0.018500,48.521240,47.078351
11705,s,0.023128,0.061150,0.019200,6.423340,103.478351
11706,d,0.002385,0.012900,0.021500,13.708496,36.785393
11707,ss,0.018821,0.086500,0.020000,20.627197,125.320769
11708,p,0.003780,0.059750,0.020000,39.741943,83.529849
11709,p,0.003780,0.013650,0.022000,60.412109,39.429849
11715,p,0.003780,0.005000,0.022000,34.504639,30.779849
11716,p,0.003780,0.026300,0.020000,55.274902,50.079849
11717,p,0.003780,0.024100,0.020000,75.875488,47.879849
11718,p,0.003780,0.004900,0.019200,96.479492,27.879849
11719,p,0.003780,0.012650,0.020000,117.120117,36.429849
11720,d,0.002385,0.079300,0.021500,6.795410,103.185393
11721,s,0.023128,0.008750,0.021500,16.223145,53.378351
11722,d,0.002385,0.005100,0.022000,23.554199,29.485393
11723,ps,0.002840,0.016700,0.020000,42.518799,39.539786
11724,dps,0.002445,0.013900,0.020000,52.143555,36.344936
11725,p,0.003780,0.027050,0.018500,33.722656,49.329849
11726,d,0.002385,0.004150,0.020000,43.148926,26.535393
11727,p,0.003780,0.013350,0.021500,62.224365,38.629849
11728,d,0.002385,0.004800,0.020000,71.754395,27.185393
11729,s,0.023128,0.101550,0.021500,78.674072,146.178351
11710,d,0.002385,0.016900,0.019200,8.554688,38.485393
11711,dd,0.002426,0.005300,0.019200,17.631836,26.925915
11712,ddd,0.002493,0.003950,0.022000,25.560303,28.443417
11713,p,0.003780,0.015350,0.020000,45.966553,39.129849
11714,s,0.023128,0.131650,0.018500,55.659180,173.278351
11730,s,0.023128,0.107000,0.021500,15.765869,151.628351
11731,p,0.003780,0.084650,0.018500,36.913086,106.929849
11732,p,0.003780,0.004900,0.018500,57.604492,27.179849
11733,pp,0.002838,0.048200,0.020000,78.123291,71.038325
11734,ps,0.002840,0.074300,0.021500,99.213867,98.639786
11735,d,0.002385,0.017800,0.019200,23.560303,39.385393
11736,d,0.002385,0.080200,0.021500,31.695557,104.085393
11737,d,0.002385,0.099150,0.018500,38.814941,120.035393
11738,p,0.003780,0.007600,0.018500,57.399170,29.879849
11739,p,0.003780,0.092150,0.019200,78.683350,115.129849
11740,p,0.003780,0.061800,0.018500,35.993164,84.079849
11741,dp,0.002464,0.100450,0.021500,45.722168,124.414344
11742,ddp,0.002502,0.014150,0.022000,53.079102,38.651712
11743,d,0.002385,0.080850,0.020000,60.376221,103.235393
11744,s,0.023128,0.020700,0.019200,67.536865,63.028351
11750,p,0.003780,0.004850,0.018500,19.677490,27.129849
11751,d,0.002385,0.046050,0.020000,29.902344,68.435393
11752,sd,0.018668,0.085150,0.021500,37.058838,125.317773
11753,s,0.023128,0.075750,0.020000,44.020020,118.878351
11754,s,0.023128,0.009950,0.019200,50.892578,52.278351
11745,p,0.003780,0.024350,0.018500,35.501953,46.629849
11746,sp,0.018754,0.082000,0.021500,45.026611,122.253690
11747,ssp,0.018787,0.103300,0.022000,52.186768,144.087195
11748,pssp,0.002921,0.033150,0.022000,71.074951,58.071367
11749,s,0.023128,0.008400,0.019200,80.556641,50.728351
11755,s,0.023128,0.065750,0.022000,12.799561,110.878351
11756,p,0.003780,0.012450,0.018500,32.328613,34.729849
11757,s,0.023128,0.015250,0.019200,41.894287,57.578351
11758,d,0.002385,0.018950,0.020000,49.484375,41.335393
11759,sd,0.018668,0.012100,0.022000,56.794434,52.767773
11760,p,0.003780,0.018750,0.020000,35.995361,42.529849
11761,dp,0.002464,0.079300,0.020000,45.773682,101.764344
11762,d,0.002385,0.040300,0.019200,53.087646,61.885393
11763,sdp,0.018492,0.020350,0.020000,60.424316,58.841971
11764,d,0.002385,0.036750,0.022000,67.780762,61.135393
11770,d,0.002385,0.046450,0.021500,14.509521,70.335393
11771,d,0.002385,0.087000,0.018500,21.912354,107.885393
11772,dd,0.002426,0.082800,0.020000,28.864746,105.225915
11773,p,0.003780,0.112150,0.018500,47.323975,134.429849
11774,pp,0.002838,0.117150,0.022000,68.631348,141.988325
11775,s,0.023128,0.004050,0.019200,21.661377,46.378351
11776,p,0.003780,0.025500,0.022000,40.787842,51.279849
11777,p,0.003780,0.040300,0.021500,61.558838,65.579849
11778,s,0.023128,0.006450,0.022000,71.408203,51.578351
11779,ps,0.002840,0.004300,0.020000,90.084473,27.139786
11765,p,0.003780,0.086450,0.019200,19.801025,109.429849
11766,p,0.003780,0.016950,0.021500,40.687012,42.229849
11767,d,0.002385,0.032400,0.022000,50.186768,56.785393
11768,sp,0.018754,0.014350,0.019200,57.180176,52.303690
11769,d,0.002385,0.127850,0.018500,64.777832,148.735393
11780,s,0.023128,0.017650,0.018500,16.666992,59.278351
11781,d,0.002385,0.015850,0.020000,24.375244,38.235393
11782,sd,0.018668,0.015450,0.020000,31.467285,54.117773
11783,psd,0.003139,0.022550,0.020000,50.113037,45.688792
11784,p,0.003780,0.107950,0.019200,70.968994,130.929849
11790,s,0.023128,0.092300,0.019200,6.347900,134.628351
11791,s,0.023128,0.069750,0.022000,13.558594,114.878351
11792,d,0.002385,0.005550,0.022000,20.928467,29.935393
11793,ds,0.002343,0.048200,0.021500,28.194580,72.042513
11794,dds,0.002685,0.070400,0.019200,35.489502,92.285273
11795,d,0.002385,0.136900,0.018500,12.701172,157.785393
11796,sd,0.018668,0.067050,0.022000,21.070557,107.717773
11797,p,0.003780,0.005100,0.021500,40.311035,30.379849
11798,d,0.002385,0.028550,0.020000,49.956055,50.935393
11799,d,0.002385,0.042800,0.020000,57.267578,65.185393
11785,s,0.023128,0.021000,0.022000,6.304932,66.128351
11786,p,0.003780,0.043650,0.019200,27.889648,66.629849
11787,p,0.003780,0.017000,0.021500,50.850830,42.279849
11788,pp,0.002838,0.032950,0.022000,71.792236,57.788325
11789,dpp,0.002514,0.051700,0.020000,81.515381,74.214416
11805,d,0.002385,0.070050,0.019200,27.426514,91.635393
11806,p,0.003780,0.066950,0.018500,49.466553,89.229849
11807,dd,0.002426,0.032150,0.021500,60.808838,56.075915
11808,sp,0.018754,0.054450,0.021500,68.358643,94.703690
11809,psp,0.002926,0.064600,0.020000,87.437744,87.525658
11800,s,0.023128,0.047100,0.019200,19.648926,89.428351
11801,d,0.002385,0.006550,0.019200,30.809814,28.135393
11802,sd,0.018668,0.004700,0.018500,38.021240,41.867773
11803,d,0.002385,0.082700,0.022000,45.604248,107.085393
11804,d,0.002385,0.011500,0.022000,53.136719,35.885393
11815,s,0.023128,0.115350,0.020000,11.106689,158.478351
11816,ds,0.002343,0.106250,0.020000,18.867676,128.592513
11817,p,0.003780,0.005000,0.019200,37.505371,27.979849
11818,pds,0.003022,0.033550,0.019200,58.160400,55.771933
11819,p,0.003780,0.045550,0.021500,79.016602,70.829849
11810,s,0.023128,0.110900,0.019200,22.189941,153.228351
11811,s,0.023128,0.012650,0.021500,29.698730,57.278351
11812,d,0.002385,0.080700,0.019200,37.006592,102.285393
11813,ds,0.002343,0.016650,0.021500,44.038086,40.492513
11814,s,0.023128,0.092450,0.022000,50.853027,137.578351
11820,s,0.023128,0.046150,0.021500,13.620117,90.778351
11821,d,0.002385,0.010650,0.022000,21.743652,35.035393
11822,ps,0.002840,0.098950,0.018500,42.994385,120.289786
11823,s,0.023128,0.038800,0.021500,53.013916,83.428351
11824,s,0.023128,0.004950,0.021500,60.213867,49.578351
11825,p,0.003780,0.013600,0.018500,21.220947,35.879849
11826,pp,0.002838,0.011450,0.020000,42.585693,34.288325
11827,s,0.023128,0.005150,0.020000,52.015381,48.278351
11828,pp,0.002838,0.011350,0.019200,70.969727,33.388325
11829,sp,0.018754,0.025050,0.019200,80.225830,63.003690
11835,d,0.002385,0.081850,0.021500,6.835693,105.735393
11836,p,0.003780,0.014350,0.022000,26.125977,40.129849
11837,s,0.023128,0.082100,0.021500,35.690186,126.728351
11838,d,0.002385,0.018600,0.022000,43.123535,42.985393
11839,ds,0.002343,0.038700,0.018500,50.631836,59.542513
11830,s,0.023128,0.059300,0.018500,7.172363,100.928351
11831,p,0.003780,0.005750,0.020000,31.028320,29.529849
11832,p,0.003780,0.086850,0.021500,57.470947,112.129849
11833,s,0.023128,0.037100,0.021500,68.019531,81.728351
11834,ds,0.002343,0.078200,0.019200,75.588623,99.742513
11840,d,0.002385,0.024250,0.019200,7.499023,45.835393
11841,dd,0.002426,0.013550,0.018500,15.550781,34.475915
11842,p,0.003780,0.059300,0.018500,35.990967,81.579849
11843,d,0.002385,0.010900,0.020000,46.398438,33.285393
11844,p,0.003780,0.034400,0.020000,66.962402,58.179849
11850,d,0.002385,0.005650,0.019200,23.397949,27.235393
11851,s,0.023128,0.029150,0.018500,31.121826,70.778351
11852,pd,0.002977,0.004400,0.019200,50.183350,26.577001
11853,p,0.003780,0.041100,0.022000,71.525879,66.879849
11854,ps,0.002840,0.018050,0.019200,97.493652,40.089786
11845,d,0.002385,0.025250,0.021500,23.701904,49.135393
11846,s,0.023128,0.041100,0.019200,31.406738,83.428351
11847,s,0.023128,0.075300,0.020000,38.471191,118.428351
11848,p,0.003780,0.019750,0.022000,56.987549,45.529849
11849,ss,0.018821,0.046050,0.022000,66.285645,86.870769
11855,s,0.023128,0.016300,0.022000,23.311035,61.428351
11856,d,0.002385,0.007650,0.018500,31.542236,28.535393
11857,s,0.023128,0.075250,0.019200,38.500732,117.578351
11858,pd,0.002977,0.007750,0.022000,57.188232,32.727001
11859,ss,0.018821,0.088250,0.020000,66.447754,127.070769
11865,d,0.002385,0.004550,0.019200,6.870850,26.135393
11866,s,0.023128,0.083650,0.019200,14.114502,125.978351
11867,ds,0.002343,0.084800,0.018500,21.257324,105.642513
11868,sd,0.018668,0.005750,0.020000,28.130127,44.417773
11869,s,0.023128,0.140100,0.021500,34.937012,184.728351
11860,ds,0.002343,0.097900,0.018500,6.643066,118.742513
11861,s,0.023128,0.118250,0.022000,13.728027,163.378351
11862,ds,0.002343,0.025700,0.021500,20.918213,49.542513
11863,dds,0.002685,0.040350,0.020000,28.288086,63.035273
11864,d,0.002385,0.005700,0.019200,35.781006,27.285393
11870,s,0.023128,0.004800,0.021500,10.349365,49.428351
11871,ss,0.018821,0.011700,0.018500,17.270020,49.020769
11872,d,0.002385,0.061700,0.020000,24.615723,84.085393
11873,pss,0.002833,0.004150,0.020000,43.665527,26.982709
11874,s,0.023128,0.012550,0.019200,53.177490,54.878351
11880,s,0.023128,0.014100,0.018500,6.740479,55.728351
11881,p,0.003780,0.095200,0.018500,27.421631,117.479849
11882,p,0.003780,0.011750,0.019200,50.152344,34.729849
11883,s,0.023128,0.059550,0.022000,59.932129,104.678351
11884,dp,0.002464,0.014850,0.021500,67.434570,38.814344
11885,d,0.002385,0.029650,0.019200,7.257324,51.235393
11886,d,0.002385,0.014600,0.018500,14.440918,35.485393
11887,pd,0.002977,0.010600,0.021500,32.950928,35.077001
11888,d,0.002385,0.014300,0.020000,42.410645,36.685393
11889,p,0.003780,0.064600,0.020000,60.822510,88.379849
11875,s,0.023128,0.012750,0.022000,6.419922,57.878351
11876,ss,0.018821,0.008100,0.021500,13.391846,48.420769
11877,d,0.002385,0.022500,0.022000,20.786865,46.885393
11878,d,0.002385,0.032150,0.018500,28.092773,53.035393
11879,sd,0.018668,0.009550,0.020000,35.062744,48.217773
11890,p,0.003780,0.037800,0.018500,18.069580,60.079849
11891,d,0.002385,0.008750,0.018500,27.440430,29.635393
11892,sp,0.018754,0.071500,0.019200,34.390625,109.453690
11893,s,0.023128,0.015400,0.021500,41.130371,60.028351
11894,s,0.023128,0.041850,0.021500,47.911133,86.478351
11895,d,0.002385,0.066950,0.021500,6.870117,90.835393
11896,d,0.002385,0.079850,0.022000,14.179688,104.235393
11897,pd,0.002977,0.014150,0.022000,32.770996,39.127001
11898,p,0.003780,0.005100,0.019200,53.690430,28.079849
11899,pp,0.002838,0.004150,0.022000,74.399902,28.988325
11900,d,0.002385,0.013400,0.022000,6.878662,37.785393
11901,pd,0.002977,0.014350,0.022000,25.739014,39.327001
11902,pp,0.002838,0.013050,0.022000,47.149414,37.888325
11903,d,0.002385,0.025950,0.022000,57.473633,50.335393
11904,p,0.003780,0.135050,0.018500,76.700195,157.329849
11905,s,0.023128,0.004650,0.020000,22.404297,47.778351
11906,s,0.023128,0.051650,0.020000,30.632568,94.778351
11907,ss,0.018821,0.004400,0.019200,38.044189,42.420769
11908,ss,0.018821,0.074100,0.021500,45.651367,114.420769
11909,dss,0.002842,0.083800,0.019200,53.279785,105.841615
11910,s,0.023128,0.078700,0.018500,14.049316,120.328351
11911,ds,0.002343,0.059300,0.018500,21.509766,80.142513
11912,s,0.023128,0.037900,0.022000,28.266602,83.028351
11913,p,0.003780,0.008200,0.022000,47.004639,33.979849
11914,p,0.003780,0.004900,0.019200,67.944336,27.879849
11920,d,0.002385,0.051950,0.021500,6.826172,75.835393
11921,s,0.023128,0.095400,0.018500,14.005371,137.028351
11922,pd,0.002977,0.077150,0.021500,32.639160,101.627001
11923,d,0.002385,0.099400,0.021500,41.989258,123.285393
11924,sd,0.018668,0.086450,0.018500,48.925049,123.617773
11915,d,0.002385,0.004450,0.019200,27.217041,26.035393
11916,p,0.003780,0.042450,0.021500,50.641113,67.729849
11917,p,0.003780,0.084600,0.022000,72.965820,110.379849
11918,s,0.023128,0.090000,0.019200,82.866943,132.328351
11919,dp,0.002464,0.019700,0.019200,90.295166,41.364344
11925,s,0.023128,0.080000,0.021500,10.914795,124.628351
11926,s,0.023128,0.004200,0.022000,17.868896,49.328351
11927,ds,0.002343,0.067750,0.022000,24.975342,92.092513
11928,pds,0.003022,0.078050,0.020000,43.495605,101.071933
11929,ppds,0.002919,0.058400,0.021500,64.248047,82.818950
11930,d,0.002385,0.061350,0.019200,6.811768,82.935393
11931,pd,0.002977,0.067000,0.019200,25.681641,89.177001
11932,s,0.023128,0.005300,0.018500,34.880859,46.928351
11933,spd,0.018317,0.075300,0.022000,41.697998,115.617325
11934,s,0.023128,0.008800,0.021500,48.510010,53.428351
11935,p,0.003780,0.004900,0.020000,18.214355,28.679849
11936,p,0.003780,0.056600,0.020000,39.291504,80.379849
11937,s,0.023128,0.021750,0.020000,48.940918,64.878351
11938,sp,0.018754,0.057900,0.021500,56.086426,98.153690
11939,p,0.003780,0.009600,0.022000,74.744141,35.379849
11940,d,0.002385,0.034500,0.021500,7.144287,58.385393
11941,sd,0.018668,0.047100,0.018500,14.478516,84.267773
11942,p,0.003780,0.013100,0.022000,33.264648,38.879849
11943,p,0.003780,0.103100,0.022000,54.165283,128.879849
11944,dsd,0.002613,0.016550,0.019200,63.507812,38.362551
11945,d,0.002385,0.019950,0.020000,7.284180,42.335393
11946,d,0.002385,0.007250,0.021500,14.662354,31.135393
11947,s,0.023128,0.057250,0.021500,21.736572,101.878351
11948,dd,0.002426,0.061450,0.022000,29.082764,85.875915
11949,d,0.002385,0.032150,0.022000,36.486816,56.535393
11950,s,0.023128,0.004900,0.020000,6.576172,48.028351
11951,p,0.003780,0.048300,0.022000,25.822998,74.079849
11952,p,0.003780,0.007150,0.020000,47.933105,30.929849
11953,d,0.002385,0.080450,0.020000,58.570068,102.835393
11954,dp,0.002464,0.011650,0.021500,65.989990,35.614344
11955,s,0.023128,0.064600,0.020000,10.626953,107.728351
11956,ps,0.002840,0.053400,0.022000,29.239258,78.239786
11957,pps,0.002854,0.074450,0.019200,50.063232,96.504053
11958,s,0.023128,0.080850,0.021500,59.346924,125.478351
11959,s,0.023128,0.004750,0.019200,66.314209,47.078351
11960,d,0.002385,0.004650,0.020000,12.392578,27.035393
11961,s,0.023128,0.011550,0.019200,20.090820,53.878351
11962,p,0.003780,0.086700,0.020000,40.887695,110.479849
11963,p,0.003780,0.079650,0.021500,63.100830,104.929849
11964,s,0.023128,0.005100,0.022000,72.996582,50.228351
11965,d,0.002385,0.088850,0.021500,23.939941,112.735393
11966,d,0.002385,0.099750,0.021500,31.936279,123.635393
11967,p,0.003780,0.011300,0.020000,50.648926,35.079849
11968,sp,0.018754,0.011550,0.021500,60.137939,51.803690
11969,dsp,0.002685,0.007200,0.020000,67.666504,29.884513
11970,s,0.023128,0.025650,0.022000,6.584961,70.778351
11971,s,0.023128,0.095250,0.019200,13.471924,137.578351
11972,s,0.023128,0.162000,0.019200,20.388184,204.328351
11973,d,0.002385,0.044100,0.018500,27.510010,64.985393
11974,p,0.003780,0.007650,0.018500,46.149414,29.929849
11975,d,0.002385,0.007650,0.022000,22.200928,32.035393
11976,p,0.003780,0.059050,0.020000,41.230225,82.829849
11977,d,0.002385,0.010650,0.019200,50.874268,32.235393
11978,p,0.003780,0.006650,0.019200,69.681152,29.629849
11979,p,0.003780,0.042650,0.018500,90.413086,64.929849
11985,s,0.023128,0.093350,0.021500,23.231445,137.978351
11986,p,0.003780,0.051500,0.021500,42.655029,76.779849
11987,dp,0.002464,0.119500,0.019200,52.149414,141.164344
11988,d,0.002385,0.056050,0.021500,59.770752,79.935393
11989,pd,0.002977,0.091500,0.022000,78.382080,116.477001
11980,s,0.023128,0.004850,0.019200,7.001709,47.178351
11981,p,0.003780,0.008750,0.020000,26.419678,32.529849
11982,d,0.002385,0.018300,0.022000,36.407959,42.685393
11983,p,0.003780,0.071350,0.020000,55.604980,95.129849
11984,p,0.003780,0.025850,0.019200,76.544189,48.829849
11990,s,0.023128,0.091700,0.022000,21.620361,136.828351
11991,s,0.023128,0.013850,0.020000,28.484131,56.978351
11992,ps,0.002840,0.028800,0.021500,46.977539,53.139786
11993,d,0.002385,0.004850,0.020000,56.577148,27.235393
11994,sps,0.018360,0.142450,0.021500,63.551514,182.310251
11995,s,0.023128,0.056850,0.021500,23.584717,101.478351
11996,s,0.023128,0.004700,0.021500,31.520264,49.328351
11997,p,0.003780,0.015250,0.019200,50.408936,38.229849
11998,ss,0.018821,0.005000,0.020000,59.736816,43.820769
11999,dss,0.002842,0.005150,0.019200,67.043701,27.191615
12000,p,0.003780,0.115850,0.019200,19.422363,138.829849
12001,sp,0.018754,0.089800,0.018500,29.591309,127.053690
12002,s,0.023128,0.093000,0.022000,36.899414,138.128351
12003,psp,0.002926,0.090250,0.022000,56.671875,115.175658
12004,ds,0.002343,0.052350,0.022000,66.286377,76.692513
12010,p,0.003780,0.080700,0.018500,24.515381,102.979849
12011,s,0.023128,0.091300,0.021500,34.371582,135.928351
12012,s,0.023128,0.005550,0.022000,41.372070,50.678351
12013,ds,0.002343,0.004550,0.020000,48.413574,26.892513
12014,p,0.003780,0.017750,0.022000,66.752441,43.529849
12005,d,0.002385,0.008800,0.022000,6.652588,33.185393
12006,d,0.002385,0.070400,0.022000,13.968506,94.785393
12007,p,0.003780,0.004750,0.021500,32.665039,30.029849
12008,p,0.003780,0.036750,0.021500,53.149414,62.029849
12009,dd,0.002426,0.062100,0.020000,62.728271,84.525915
12015,d,0.002385,0.060200,0.020000,10.708496,82.585393
12016,p,0.003780,0.013350,0.022000,29.180908,39.129849
12017,p,0.003780,0.004450,0.019200,49.476807,27.429849
12018,sp,0.018754,0.005050,0.019200,58.936523,43.003690
12019,pd,0.002977,0.051850,0.020000,77.091553,74.827001
12020,s,0.023128,0.008400,0.020000,11.200195,51.528351
12021,ss,0.018821,0.013450,0.019200,23.902100,51.470769
12022,sss,0.019288,0.020800,0.020000,31.962891,60.088093
12023,d,0.002385,0.078050,0.021500,39.183350,101.935393
12024,s,0.023128,0.043350,0.019200,46.105469,85.678351
12030,p,0.003780,0.057550,0.019200,18.071289,80.529849
12031,pp,0.002838,0.051500,0.018500,38.899902,72.838325
12032,spp,0.018537,0.097750,0.019200,48.150146,135.487181
12033,d,0.002385,0.020000,0.018500,55.466309,40.885393
12034,dd,0.002426,0.050300,0.021500,62.706055,74.225915
12025,p,0.003780,0.095900,0.021500,17.941895,121.179849
12026,s,0.023128,0.071100,0.020000,27.361572,114.228351
12027,s,0.023128,0.005200,0.021500,34.360352,49.828351
12028,s,0.023128,0.004500,0.021500,41.288330,49.128351
12029,d,0.002385,0.094250,0.018500,48.385986,115.135393
12035,p,0.003780,0.006150,0.022000,36.206787,31.929849
12036,d,0.002385,0.071150,0.018500,46.063477,92.035393
12037,p,0.003780,0.034050,0.019200,64.696045,57.029849
12038,p,0.003780,0.004500,0.018500,86.170410,26.779849
12039,p,0.003780,0.087450,0.021500,107.265625,112.729849
12040,d,0.002385,0.024000,0.018500,6.924316,44.885393
12041,s,0.023128,0.012750,0.020000,14.104248,55.878351
12042,pd,0.002977,0.077550,0.021500,32.565186,102.027001
12043,s,0.023128,0.063450,0.021500,41.901123,108.078351
12044,ps,0.002840,0.131650,0.021500,60.164551,155.989786
12045,p,0.003780,0.008200,0.021500,20.463135,33.479849
12046,dp,0.002464,0.021000,0.021500,30.577637,44.964344
12047,p,0.003780,0.062400,0.018500,49.933350,84.679849
12048,s,0.023128,0.007200,0.019200,59.249023,49.528351
12049,sd,0.018668,0.018850,0.022000,66.041260,59.517773
12050,d,0.002385,0.070050,0.022000,10.044189,94.435393
12051,d,0.002385,0.086750,0.019200,20.125977,108.335393
12052,s,0.023128,0.123900,0.021500,27.203369,168.528351
12053,dd,0.002426,0.058850,0.019200,34.314209,80.475915
12054,dd,0.002426,0.013600,0.018500,41.367188,34.525915
12055,p,0.003780,0.012450,0.020000,32.692383,36.229849
12056,pp,0.002838,0.003700,0.018500,53.267090,25.038325
12057,p,0.003780,0.004850,0.018500,73.724365,27.129849
12058,sp,0.018754,0.004150,0.018500,82.962158,41.403690
12059,dsp,0.002685,0.015550,0.021500,90.563232,39.734513
12060,p,0.003780,0.039400,0.018500,35.053467,61.679849
12061,s,0.023128,0.004500,0.018500,44.348389,46.128351
12062,ps,0.002840,0.007550,0.018500,62.921631,28.889786
12063,dp,0.002464,0.059050,0.022000,72.603760,83.514344
12064,p,0.003780,0.009200,0.019200,91.117188,32.179849
12070,s,0.023128,0.005400,0.019200,22.987305,47.728351
12071,p,0.003780,0.007300,0.019200,42.251953,30.279849
12072,s,0.023128,0.088900,0.022000,51.536865,134.028351
12073,ss,0.018821,0.100950,0.019200,58.452393,138.970769
12074,dss,0.002842,0.072900,0.020000,65.614990,95.741615
12075,s,0.023128,0.023000,0.021500,23.524414,67.628351
12076,s,0.023128,0.007750,0.021500,31.094971,52.378351
12077,s,0.023128,0.094750,0.021500,38.122559,139.378351
12078,ps,0.002840,0.015150,0.021500,57.416992,39.489786
12079,d,0.002385,0.004800,0.019200,67.121826,26.385393
12065,s,0.023128,0.043350,0.018500,9.554688,84.978351
12066,p,0.003780,0.051200,0.020000,30.857666,74.979849
12067,p,0.003780,0.071050,0.021500,52.646240,96.329849
12068,ss,0.018821,0.071800,0.018500,62.444580,109.120769
12069,dss,0.002842,0.046450,0.019200,69.712646,68.491615
12080,p,0.003780,0.019800,0.020000,36.102783,43.579849
12081,p,0.003780,0.074850,0.020000,57.034912,98.629849
12082,d,0.002385,0.129300,0.020000,66.626221,151.685393
12083,s,0.023128,0.018750,0.018500,73.697754,60.378351
12084,dd,0.002426,0.057850,0.020000,80.943115,80.275915
12085,p,0.003780,0.066100,0.019200,18.376221,89.079849
12086,dp,0.002464,0.042200,0.021500,27.747314,66.164344
12087,s,0.023128,0.037150,0.019200,34.509277,79.478351
12088,ds,0.002343,0.043500,0.019200,41.455078,65.042513
12089,s,0.023128,0.034050,0.022000,48.134277,79.178351
12090,p,0.003780,0.045000,0.022000,19.748535,70.779849
12091,s,0.023128,0.006050,0.020000,30.649170,49.178351
12092,s,0.023128,0.098650,0.018500,38.444092,140.278351
12093,p,0.003780,0.006200,0.022000,58.772461,31.979849
12094,ss,0.018821,0.004550,0.019200,68.343018,42.570769
12095,p,0.003780,0.022850,0.021500,18.562256,48.129849
12096,pp,0.002838,0.077850,0.020000,39.626953,100.688325
12097,p,0.003780,0.035450,0.022000,60.487061,61.229849
12098,pp,0.002838,0.046050,0.021500,81.220215,70.388325
12099,d,0.002385,0.014800,0.019200,90.653320,36.385393
12105,d,0.002385,0.011050,0.018500,10.941895,31.935393
12106,d,0.002385,0.004900,0.020000,18.325195,27.285393
12107,s,0.023128,0.016600,0.021500,25.323730,61.228351
12108,p,0.003780,0.070400,0.021500,43.976807,95.679849
12109,d,0.002385,0.095050,0.019200,53.317383,116.635393
12100,p,0.003780,0.020650,0.022000,18.218262,46.429849
12101,p,0.003780,0.011500,0.019200,40.161377,34.479849
12102,sp,0.018754,0.012750,0.019200,49.746338,50.703690
12103,d,0.002385,0.080250,0.020000,57.288818,102.635393
12104,ssp,0.018787,0.014750,0.018500,64.294434,52.037195
12110,s,0.023128,0.028300,0.019200,9.807861,70.628351
12111,d,0.002385,0.068100,0.020000,17.073730,90.485393
12112,p,0.003780,0.058850,0.022000,36.000977,84.629849
12113,pd,0.002977,0.067750,0.018500,56.754150,89.227001
12114,dpd,0.002513,0.101550,0.022000,66.436035,126.062673
12115,p,0.003780,0.005200,0.021500,29.067383,30.479849
12116,d,0.002385,0.044850,0.018500,39.451660,65.735393
12117,s,0.023128,0.009300,0.019200,46.784424,51.628351
12118,s,0.023128,0.072950,0.018500,53.803711,114.578351
12119,pd,0.002977,0.059750,0.021500,72.530273,84.227001
12120,p,0.003780,0.006800,0.018500,21.552979,29.079849
12121,p,0.003780,0.004800,0.019200,42.656494,27.779849
12122,d,0.002385,0.041600,0.018500,52.372803,62.485393
12123,d,0.002385,0.023000,0.018500,59.737793,43.885393
12124,s,0.023128,0.035000,0.018500,66.757324,76.628351
12130,s,0.023128,0.082400,0.020000,7.181641,125.528351
12131,s,0.023128,0.071400,0.021500,14.934814,116.028351
12132,ds,0.002343,0.044300,0.022000,22.902588,68.642513
12133,dds,0.002685,0.075150,0.018500,30.731689,96.335273
12134,p,0.003780,0.021000,0.022000,52.624023,46.779849
12125,s,0.023128,0.047850,0.021500,6.503174,92.478351
12126,s,0.023128,0.056600,0.018500,13.508301,98.228351
12127,d,0.002385,0.003650,0.022000,20.657715,28.035393
12128,ps,0.002840,0.018950,0.019200,39.158447,40.989786
12129,p,0.003780,0.022500,0.022000,59.883301,48.279849
12135,s,0.023128,0.093400,0.021500,10.253174,138.028351
12136,ps,0.002840,0.025900,0.021500,31.133301,50.239786
12137,pps,0.002854,0.101700,0.020000,52.450684,124.554053
12138,ppps,0.002903,0.026400,0.018500,73.769287,47.802583
12139,d,0.002385,0.007150,0.020000,83.291992,29.535393
12140,p,0.003780,0.004400,0.019200,23.233398,27.379849
12141,p,0.003780,0.053750,0.018500,44.754883,76.029849
12142,s,0.023128,0.113600,0.020000,54.058838,156.728351
12143,s,0.023128,0.012000,0.021500,61.023438,56.628351
12144,sp,0.018754,0.107150,0.022000,67.842773,147.903690
12145,s,0.023128,0.005650,0.022000,6.394043,50.778351
12146,p,0.003780,0.008800,0.022000,26.787598,34.579849
12147,d,0.002385,0.067000,0.021500,37.459229,90.885393
12148,p,0.003780,0.023350,0.018500,56.997070,45.629849
12149,p,0.003780,0.012050,0.019200,78.043213,35.029849
12150,s,0.023128,0.043150,0.018500,13.048828,84.778351
12151,d,0.002385,0.004400,0.022000,20.183594,28.785393
12152,d,0.002385,0.013400,0.022000,27.679443,37.785393
12153,d,0.002385,0.070750,0.019200,34.754883,92.335393
12154,pd,0.002977,0.047200,0.021500,53.059570,71.677001
12155,s,0.023128,0.021150,0.018500,6.478027,62.778351
12156,s,0.023128,0.088500,0.021500,13.411133,133.128351
12157,d,0.002385,0.022300,0.022000,20.575195,46.685393
12158,ps,0.002840,0.021500,0.022000,39.619873,46.339786
12159,dd,0.002426,0.023250,0.021500,49.159912,47.175915
12160,p,0.003780,0.077000,0.022000,18.050537,102.779849
12161,d,0.002385,0.010450,0.018500,27.672363,31.335393
12162,p,0.003780,0.011500,0.022000,46.993896,37.279849
12163,dd,0.002426,0.021000,0.022000,56.318604,45.425915
12164,dp,0.002464,0.045450,0.018500,63.357666,66.414344
12165,d,0.002385,0.132500,0.022000,6.856934,156.885393
12166,s,0.023128,0.066900,0.020000,13.827148,110.028351
12167,dd,0.002426,0.038750,0.020000,20.814209,61.175915
12168,d,0.002385,0.011500,0.022000,28.184082,35.885393
12169,dd,0.002426,0.015450,0.020000,35.429688,37.875915
12175,s,0.023128,0.025750,0.018500,6.754150,67.378351
12176,d,0.002385,0.016300,0.020000,14.378418,38.685393
12177,pd,0.002977,0.084350,0.018500,33.922607,105.827001
12178,p,0.003780,0.010350,0.020000,55.721191,34.129849
12179,s,0.023128,0.006350,0.022000,65.155518,51.478351
12170,s,0.023128,0.004800,0.020000,6.845947,47.928351
12171,d,0.002385,0.083900,0.018500,14.599121,104.785393
12172,p,0.003780,0.017050,0.022000,34.308838,42.829849
12173,dd,0.002426,0.075150,0.021500,43.897949,99.075915
12174,p,0.003780,0.051500,0.021500,62.543213,76.779849
12180,p,0.003780,0.012400,0.019200,17.982666,35.379849
12181,dp,0.002464,0.005750,0.019200,27.625244,27.414344
12182,pdp,0.002932,0.011050,0.019200,46.045654,33.181683
12183,d,0.002385,0.016550,0.020000,55.492676,38.935393
12184,s,0.023128,0.089650,0.018500,62.758301,131.278351
12185,s,0.023128,0.053750,0.020000,6.475098,96.878351
12186,ps,0.002840,0.015950,0.022000,25.061768,40.789786
12187,s,0.023128,0.023000,0.022000,34.297852,68.128351
12188,p,0.003780,0.006300,0.022000,53.017822,32.079849
12189,sp,0.018754,0.004750,0.021500,62.465576,45.003690
12200,d,0.002385,0.005500,0.021500,6.952393,29.385393
12201,pd,0.002977,0.006050,0.018500,26.111084,27.527001
12202,p,0.003780,0.063100,0.019200,47.541260,86.079849
12203,d,0.002385,0.005150,0.021500,57.047363,29.035393
12204,pd,0.002977,0.005700,0.018500,75.509521,27.177001
12195,p,0.003780,0.004350,0.020000,18.743896,28.129849
12196,p,0.003780,0.078700,0.022000,39.845215,104.479849
12197,p,0.003780,0.054600,0.022000,60.926758,80.379849
12198,pp,0.002838,0.054300,0.021500,81.812744,78.638325
12199,pp,0.002838,0.099850,0.022000,102.690430,124.688325
12190,p,0.003780,0.004600,0.022000,19.725342,30.379849
12191,s,0.023128,0.106250,0.022000,29.852539,151.378351
12192,pp,0.002838,0.004550,0.020000,49.086670,27.388325
12193,ss,0.018821,0.054250,0.019200,58.641113,92.270769
12194,sp,0.018754,0.004800,0.020000,66.062744,43.553690
12205,s,0.023128,0.004400,0.020000,9.570068,47.528351
12206,p,0.003780,0.064450,0.020000,29.061279,88.229849
12207,p,0.003780,0.020350,0.021500,50.082275,45.629849
12208,sp,0.018754,0.088100,0.021500,59.572998,128.353690
12209,s,0.023128,0.043350,0.020000,66.540771,86.478351
12210,p,0.003780,0.019200,0.019200,18.409912,42.179849
12211,d,0.002385,0.107950,0.018500,28.555420,128.835393
12212,d,0.002385,0.019100,0.021500,36.229736,42.985393
12213,dd,0.002426,0.075150,0.021500,43.803955,99.075915
12214,p,0.003780,0.008150,0.020000,62.878418,31.929849
12215,s,0.023128,0.006500,0.022000,23.396484,51.628351
12216,d,0.002385,0.054850,0.018500,31.443604,75.735393
12217,sd,0.018668,0.020850,0.022000,39.169189,61.517773
12218,d,0.002385,0.035450,0.022000,46.580078,59.835393
12219,sd,0.018668,0.016050,0.021500,53.679688,56.217773
12225,p,0.003780,0.069650,0.022000,18.077148,95.429849
12226,p,0.003780,0.025050,0.018500,38.984619,47.329849
12227,p,0.003780,0.056000,0.018500,59.978760,78.279849
12228,p,0.003780,0.065750,0.021500,82.986328,91.029849
12229,pp,0.002838,0.008800,0.022000,105.795410,33.638325
12220,d,0.002385,0.006450,0.021500,15.764893,30.335393
12221,p,0.003780,0.095900,0.021500,35.984863,121.179849
12222,s,0.023128,0.005200,0.018500,45.115234,46.828351
12223,d,0.002385,0.010650,0.021500,52.038574,34.535393
12224,s,0.023128,0.066900,0.021500,58.861328,111.528351
12230,s,0.023128,0.087650,0.018500,22.732910,129.278351
12231,ds,0.002343,0.084650,0.019200,30.594238,106.192513
12232,p,0.003780,0.010100,0.021500,48.869873,35.379849
12233,p,0.003780,0.006400,0.019200,69.222412,29.379849
12234,p,0.003780,0.015250,0.021500,90.433350,40.529849
12235,p,0.003780,0.067300,0.018500,34.794189,89.579849
12236,dp,0.002464,0.078050,0.020000,44.088135,100.514344
12237,d,0.002385,0.098500,0.019200,51.512207,120.085393
12238,ddp,0.002502,0.068800,0.021500,58.479492,92.801712
12239,s,0.023128,0.013600,0.020000,65.291748,56.728351
12245,s,0.023128,0.143100,0.021500,6.705566,187.728351
12246,ss,0.018821,0.014150,0.018500,13.696045,51.470769
12247,d,0.002385,0.010900,0.018500,20.954590,31.785393
12248,d,0.002385,0.027450,0.021500,28.187500,51.335393
12249,d,0.002385,0.074000,0.018500,35.469238,94.885393
12250,p,0.003780,0.045800,0.018500,21.385010,68.079849
12251,pp,0.002838,0.057200,0.022000,42.268311,82.038325
12252,s,0.023128,0.051400,0.019200,51.691406,93.728351
12253,ds,0.002343,0.049350,0.021500,59.044678,73.192513
12254,spp,0.018537,0.025750,0.022000,66.172363,66.287181
12240,s,0.023128,0.004550,0.022000,20.322754,49.678351
12241,ds,0.002343,0.004250,0.018500,28.927979,25.092513
12242,p,0.003780,0.047400,0.021500,49.929932,72.679849
12243,dp,0.002464,0.011100,0.022000,60.622070,35.564344
12244,p,0.003780,0.005200,0.020000,80.195801,28.979849
12255,d,0.002385,0.004800,0.020000,22.992676,27.185393
12256,p,0.003780,0.080700,0.018500,42.210205,102.979849
12257,dp,0.002464,0.061550,0.020000,51.743164,84.014344
12258,s,0.023128,0.004150,0.021500,58.686035,48.778351
12259,d,0.002385,0.048300,0.022000,66.070068,72.685393
12260,p,0.003780,0.012400,0.022000,24.316162,38.179849
12261,s,0.023128,0.005800,0.018500,36.058350,47.428351
12262,ss,0.018821,0.004750,0.021500,44.517578,45.070769
12263,d,0.002385,0.057750,0.019200,52.173096,79.335393
12264,s,0.023128,0.036300,0.020000,59.198242,79.428351
12265,p,0.003780,0.080700,0.019200,18.231201,103.679849
12266,p,0.003780,0.027250,0.020000,39.452881,51.029849
12267,p,0.003780,0.064850,0.018500,60.969238,87.129849
12268,s,0.023128,0.011950,0.021500,70.724854,56.578351
12269,d,0.002385,0.007200,0.018500,78.138672,28.085393
12270,p,0.003780,0.012600,0.020000,18.425049,36.379849
12271,p,0.003780,0.018250,0.021500,40.103027,43.529849
12272,sp,0.018754,0.090100,0.021500,49.583252,130.353690
12273,s,0.023128,0.015500,0.019200,56.533691,57.828351
12274,psp,0.002926,0.102750,0.019200,75.126465,124.875658
12275,d,0.002385,0.081400,0.019200,14.400879,102.985393
12276,s,0.023128,0.024100,0.021500,22.120361,68.728351
12277,p,0.003780,0.019800,0.019200,42.313965,42.779849
12278,pp,0.002838,0.010000,0.021500,63.813721,34.338325
12279,sd,0.018668,0.133750,0.022000,73.057373,174.417773
12280,d,0.002385,0.080850,0.018500,23.701904,101.735393
12281,pd,0.002977,0.094300,0.019200,43.212158,116.477001
12282,s,0.023128,0.088950,0.020000,52.593018,132.078351
12283,spd,0.018317,0.136450,0.020000,59.609863,174.767325
12284,ss,0.018821,0.070400,0.019200,66.647705,108.420769
12285,d,0.002385,0.005300,0.020000,16.340820,27.685393
12286,d,0.002385,0.117350,0.018500,23.651855,138.235393
12287,s,0.023128,0.012200,0.018500,30.913818,53.828351
12288,s,0.023128,0.062250,0.020000,38.191650,105.378351
12289,d,0.002385,0.005350,0.019200,45.466309,26.935393
12290,p,0.003780,0.024400,0.019200,18.115479,47.379849
12291,s,0.023128,0.073400,0.021500,27.495361,118.028351
12292,ss,0.018821,0.079850,0.019200,34.438477,117.870769
12293,sp,0.018754,0.010950,0.018500,41.343994,48.203690
12294,p,0.003780,0.004250,0.021500,60.065430,29.529849
12295,s,0.023128,0.045800,0.019200,10.148193,88.128351
12296,ss,0.018821,0.031750,0.019200,17.294922,69.770769
12297,p,0.003780,0.004200,0.022000,36.247559,29.979849
12298,p,0.003780,0.066500,0.018500,57.238037,88.779849
12299,pss,0.002833,0.034050,0.021500,78.070068,58.382709
12300,d,0.002385,0.071500,0.020000,12.934570,93.885393
12301,s,0.023128,0.005550,0.018500,19.886719,47.178351
12302,ds,0.002343,0.004650,0.018500,26.886963,25.492513
12303,p,0.003780,0.048550,0.020000,45.676514,72.329849
12304,pp,0.002838,0.024150,0.020000,66.510010,46.988325
12305,s,0.023128,0.085800,0.019200,19.960449,128.128351
12306,d,0.002385,0.004750,0.022000,27.532227,29.135393
12307,p,0.003780,0.064200,0.020000,46.064453,87.979849
12308,p,0.003780,0.015450,0.019200,66.539551,38.429849
12309,sp,0.018754,0.014450,0.020000,75.933105,53.203690
12310,d,0.002385,0.054550,0.018500,6.736084,75.435393
12311,p,0.003780,0.005750,0.021500,25.915039,31.029849
12312,d,0.002385,0.032950,0.018500,35.536133,53.835393
12313,d,0.002385,0.060300,0.021500,42.951416,84.185393
12314,sd,0.018668,0.024300,0.018500,50.051758,61.467773
12315,d,0.002385,0.005600,0.020000,12.452393,27.985393
12316,d,0.002385,0.086150,0.019200,25.397217,107.735393
12317,dd,0.002426,0.007900,0.021500,33.986328,31.825915
12318,dd,0.002426,0.007200,0.020000,41.655273,29.625915
12319,s,0.023128,0.074550,0.019200,48.665771,116.878351
12320,s,0.023128,0.004150,0.021500,23.249756,48.778351
12321,d,0.002385,0.031250,0.021500,31.544922,55.135393
12322,s,0.023128,0.012200,0.019200,38.564209,54.528351
12323,d,0.002385,0.083800,0.020000,45.686768,106.185393
12324,dd,0.002426,0.078300,0.018500,52.719238,99.225915
12325,p,0.003780,0.029400,0.018500,20.942871,51.679849
12326,p,0.003780,0.004200,0.019200,41.496094,27.179849
12327,s,0.023128,0.027750,0.021500,50.769775,72.378351
12328,s,0.023128,0.069750,0.019200,57.696045,112.078351
12329,ss,0.018821,0.026750,0.022000,64.810791,67.570769
12330,s,0.023128,0.007250,0.022000,11.623291,52.378351
12331,s,0.023128,0.030300,0.020000,19.122314,73.428351
12332,d,0.002385,0.072850,0.020000,26.373535,95.235393
12333,d,0.002385,0.009750,0.019200,33.929199,31.335393
12334,sd,0.018668,0.014150,0.022000,40.964600,54.817773
12335,s,0.023128,0.005050,0.019200,23.528320,47.378351
12336,s,0.023128,0.065750,0.019200,31.270752,108.078351
12337,d,0.002385,0.009300,0.022000,38.341309,33.685393
12338,pd,0.002977,0.007650,0.018500,57.302734,29.127001
12339,p,0.003780,0.052750,0.019200,77.951660,75.729849
12340,s,0.023128,0.004300,0.022000,10.641602,49.428351
12341,d,0.002385,0.098150,0.019200,19.626953,119.735393
12342,s,0.023128,0.064950,0.021500,27.517578,109.578351
12343,p,0.003780,0.095500,0.022000,47.696289,121.279849
12344,pd,0.002977,0.036100,0.022000,68.724609,61.077001
12350,s,0.023128,0.099700,0.018500,9.634277,141.328351
12351,ss,0.018821,0.083800,0.021500,20.548584,124.120769
12352,s,0.023128,0.012050,0.019200,29.513428,54.378351
12353,s,0.023128,0.005400,0.022000,36.342529,50.528351
12354,ps,0.002840,0.004900,0.022000,54.906738,29.739786
12345,d,0.002385,0.080850,0.021500,21.327637,104.735393
12346,p,0.003780,0.064250,0.022000,41.898926,90.029849
12347,dp,0.002464,0.060650,0.021500,51.971680,84.614344
12348,sdp,0.018492,0.057750,0.022000,59.236084,98.241971
12349,s,0.023128,0.004850,0.018500,66.500732,46.478351
12360,s,0.023128,0.009000,0.021500,23.602051,53.628351
12361,ds,0.002343,0.004600,0.018500,31.059326,25.442513
12362,s,0.023128,0.105550,0.019200,37.928711,147.878351
12363,s,0.023128,0.069900,0.022000,44.761230,115.028351
12364,ps,0.002840,0.080700,0.021500,63.206055,105.039786
12355,d,0.002385,0.053800,0.022000,15.108398,78.185393
12356,d,0.002385,0.083750,0.020000,22.459229,106.135393
12357,sd,0.018668,0.022650,0.018500,29.327881,59.817773
12358,dd,0.002426,0.062500,0.018500,36.370850,83.425915
12359,ssd,0.018735,0.031350,0.020000,43.288330,70.084503
12365,s,0.023128,0.103650,0.019200,6.409424,145.978351
12366,ss,0.018821,0.048300,0.021500,13.176270,88.620769
12367,dss,0.002842,0.044750,0.021500,20.676514,69.091615
12368,d,0.002385,0.005150,0.021500,27.831299,29.035393
12369,s,0.023128,0.056850,0.022000,34.861328,101.978351
12370,p,0.003780,0.044300,0.022000,18.162598,70.079849
12371,sp,0.018754,0.045950,0.020000,27.387939,84.703690
12372,p,0.003780,0.010500,0.018500,45.890381,32.779849
12373,p,0.003780,0.086700,0.020000,66.648682,110.479849
12374,d,0.002385,0.076950,0.021500,76.839844,100.835393
12375,p,0.003780,0.050000,0.020000,35.250244,73.779849
12376,s,0.023128,0.014450,0.020000,44.362305,57.578351
12377,ds,0.002343,0.011000,0.022000,51.484863,35.342513
12378,s,0.023128,0.004350,0.020000,58.271240,47.478351
12379,sp,0.018754,0.027700,0.019200,65.067627,65.653690
12380,d,0.002385,0.058500,0.018500,23.245605,79.385393
12381,s,0.023128,0.060350,0.022000,30.879639,105.478351
12382,ss,0.018821,0.087250,0.020000,37.689453,126.070769
12383,sss,0.019288,0.036200,0.022000,44.312012,77.488093
12384,p,0.003780,0.025500,0.020000,62.812744,49.279849
12385,s,0.023128,0.086750,0.018500,9.668945,128.378351
12386,ps,0.002840,0.053400,0.019200,28.025391,75.439786
12387,sps,0.018360,0.055550,0.019200,36.980469,93.110251
12388,p,0.003780,0.004750,0.020000,55.251465,28.529849
12389,dp,0.002464,0.005350,0.018500,66.670654,26.314344
12390,p,0.003780,0.008350,0.018500,33.399902,30.629849
12391,pp,0.002838,0.013600,0.018500,54.140137,34.938325
12392,p,0.003780,0.004900,0.018500,79.181885,27.179849
12393,s,0.023128,0.071550,0.020000,88.739746,114.678351
12394,p,0.003780,0.064850,0.019200,107.633057,87.829849
12400,p,0.003780,0.131650,0.018500,22.959473,153.929849
12401,s,0.023128,0.028250,0.021500,32.616455,72.878351
12402,p,0.003780,0.081450,0.018500,52.004639,103.729849
12403,dp,0.002464,0.109850,0.020000,61.624756,132.314344
12404,ss,0.018821,0.035350,0.021500,68.591797,75.670769
12395,d,0.002385,0.005600,0.021500,13.274902,29.485393
12396,p,0.003780,0.047250,0.021500,32.279053,72.529849
12397,sd,0.018668,0.013100,0.021500,41.470215,53.267773
12398,s,0.023128,0.032950,0.021500,48.388184,77.578351
12399,p,0.003780,0.005700,0.018500,66.699219,27.979849
12410,s,0.023128,0.020850,0.019200,6.448242,63.178351
12411,p,0.003780,0.015550,0.021500,25.217529,40.829849
12412,p,0.003780,0.011050,0.022000,46.286133,36.829849
12413,s,0.023128,0.086450,0.021500,55.553223,131.078351
12414,p,0.003780,0.049350,0.021500,74.199951,74.629849
12415,p,0.003780,0.004150,0.018500,34.992432,26.429849
12416,d,0.002385,0.029600,0.019200,44.494629,51.185393
12417,p,0.003780,0.061000,0.021500,63.057129,86.279849
12418,s,0.023128,0.004350,0.019200,72.355225,46.678351
12419,p,0.003780,0.112800,0.022000,92.832764,138.579849
12405,s,0.023128,0.070400,0.022000,12.362793,115.528351
12406,s,0.023128,0.018250,0.019200,20.123047,60.578351
12407,ps,0.002840,0.087000,0.021500,40.315674,111.339786
12408,pps,0.002854,0.075250,0.019200,61.548096,97.304053
12409,ppps,0.002903,0.087650,0.020000,82.619629,110.552583
12420,s,0.023128,0.004500,0.021500,23.413330,49.128351
12421,s,0.023128,0.010950,0.022000,31.186768,56.078351
12422,d,0.002385,0.080700,0.018500,38.485596,101.585393
12423,s,0.023128,0.023200,0.022000,45.425537,68.328351
12424,pd,0.002977,0.066750,0.020000,64.116455,89.727001
12425,s,0.023128,0.044450,0.019200,22.551514,86.778351
12426,d,0.002385,0.119800,0.018500,30.541260,140.685393
12427,d,0.002385,0.004500,0.022000,37.758789,28.885393
12428,dd,0.002426,0.024700,0.018500,44.859863,45.625915
12429,pd,0.002977,0.004750,0.022000,63.618408,29.727001
12430,d,0.002385,0.025000,0.019200,6.972900,46.585393
12431,d,0.002385,0.016950,0.018500,14.550049,37.835393
12432,p,0.003780,0.004800,0.021500,35.471436,30.079849
12433,dd,0.002426,0.006800,0.022000,46.447998,31.225915
12434,p,0.003780,0.068150,0.022000,66.536377,93.929849
12435,p,0.003780,0.033750,0.021500,20.021484,59.029849
12436,dp,0.002464,0.073400,0.019200,30.517822,95.064344
12437,d,0.002385,0.022300,0.021500,38.299072,46.185393
12438,p,0.003780,0.013400,0.021500,58.135742,38.679849
12439,dd,0.002426,0.058850,0.022000,68.611816,83.275915
12440,s,0.023128,0.032150,0.020000,7.088379,75.278351
12441,p,0.003780,0.024150,0.018500,26.828125,46.429849
12442,d,0.002385,0.020250,0.022000,36.768066,44.635393
12443,p,0.003780,0.014800,0.020000,55.478271,38.579849
12444,s,0.023128,0.007000,0.021500,64.987793,51.628351
12445,d,0.002385,0.011250,0.021500,7.124756,35.135393
12446,d,0.002385,0.026150,0.019200,14.723389,47.735393
12447,p,0.003780,0.006050,0.020000,34.535400,29.829849
12448,p,0.003780,0.016200,0.021500,56.331299,41.479849
12449,p,0.003780,0.004200,0.021500,78.679199,29.479849
12450,d,0.002385,0.129700,0.019200,23.907227,151.285393
12451,s,0.023128,0.007400,0.019200,31.624756,49.728351
12452,d,0.002385,0.063600,0.022000,38.798096,87.985393
12453,s,0.023128,0.078350,0.021500,45.767090,122.978351
12454,sd,0.018668,0.076550,0.018500,52.770264,113.717773
12455,d,0.002385,0.053900,0.019200,8.538574,75.485393
12456,s,0.023128,0.017200,0.021500,16.464600,61.828351
12457,s,0.023128,0.033550,0.022000,23.916992,78.678351
12458,ss,0.018821,0.075250,0.022000,31.072754,116.070769
12459,sss,0.019288,0.109000,0.022000,38.896973,150.288093
12460,d,0.002385,0.054400,0.021500,6.779297,78.285393
12461,s,0.023128,0.004200,0.019200,13.754150,46.528351
12462,ds,0.002343,0.004500,0.018500,20.759277,25.342513
12463,p,0.003780,0.054450,0.022000,39.619873,80.229849
12464,s,0.023128,0.009950,0.022000,48.795166,55.078351
12465,s,0.023128,0.015750,0.020000,6.616699,58.878351
12466,s,0.023128,0.005650,0.020000,13.427246,48.778351
12467,d,0.002385,0.044100,0.021500,20.503906,67.985393
12468,p,0.003780,0.078700,0.020000,39.027588,102.479849
12469,sp,0.018754,0.060200,0.021500,48.302734,100.453690
12470,p,0.003780,0.060250,0.022000,19.894043,86.029849
12471,sp,0.018754,0.137600,0.019200,29.751953,175.553690
12472,d,0.002385,0.083900,0.022000,37.177490,108.285393
12473,p,0.003780,0.004250,0.018500,55.845703,26.529849
12474,pp,0.002838,0.004800,0.018500,76.430420,26.138325
12480,d,0.002385,0.077500,0.021500,6.799072,101.385393
12481,s,0.023128,0.015050,0.019200,13.764893,57.378351
12482,s,0.023128,0.077550,0.019200,20.750488,119.878351
12483,d,0.002385,0.005200,0.022000,27.807617,29.585393
12484,s,0.023128,0.076550,0.021500,34.744385,121.178351
12475,p,0.003780,0.004800,0.022000,19.435303,30.579849
12476,d,0.002385,0.013050,0.020000,29.074463,35.435393
12477,s,0.023128,0.062800,0.019200,35.955811,105.128351
12478,s,0.023128,0.059800,0.019200,43.061279,102.128351
12479,d,0.002385,0.005450,0.018500,50.615234,26.335393
12485,d,0.002385,0.093850,0.022000,18.024170,118.235393
12486,s,0.023128,0.010000,0.019200,25.696777,52.328351
12487,ds,0.002343,0.004850,0.019200,32.678711,26.392513
12488,d,0.002385,0.007800,0.018500,39.623779,28.685393
12489,dd,0.002426,0.083550,0.019200,46.604980,105.175915
12490,d,0.002385,0.109500,0.019200,7.212158,131.085393
12491,d,0.002385,0.004800,0.020000,14.476562,27.185393
12492,dd,0.002426,0.029550,0.018500,21.574951,50.475915
12493,ddd,0.002493,0.023000,0.022000,28.975586,47.493417
12494,d,0.002385,0.041650,0.021500,36.330322,65.535393
12495,d,0.002385,0.020650,0.018500,7.269043,41.535393
12496,s,0.023128,0.006300,0.020000,14.666260,49.428351
12497,s,0.023128,0.086750,0.022000,21.721191,131.878351
12498,sd,0.018668,0.011900,0.020000,28.604736,50.567773
12499,ss,0.018821,0.006650,0.020000,35.504639,45.470769
12500,d,0.002385,0.103750,0.018500,6.455078,124.635393
12501,s,0.023128,0.069750,0.020000,13.394043,112.878351
12502,d,0.002385,0.005250,0.021500,20.405762,29.135393
12503,sd,0.018668,0.004900,0.018500,27.270996,42.067773
12504,ssd,0.018735,0.016750,0.022000,34.097900,57.484503
12510,p,0.003780,0.037300,0.021500,21.587646,62.579849
12511,s,0.023128,0.053400,0.019200,31.121582,95.728351
12512,p,0.003780,0.005250,0.022000,49.668945,31.029849
12513,ds,0.002343,0.060950,0.018500,59.225342,81.792513
12514,pds,0.003022,0.061300,0.019200,78.285156,83.521933
12505,d,0.002385,0.117500,0.021500,7.337646,141.385393
12506,p,0.003780,0.033400,0.021500,27.444580,58.679849
12507,dp,0.002464,0.091950,0.019200,37.377197,113.614344
12508,dd,0.002426,0.057950,0.021500,45.026611,81.875915
12509,d,0.002385,0.004750,0.021500,52.568848,28.635393
12515,s,0.023128,0.064450,0.019200,21.878174,106.778351
12516,d,0.002385,0.038050,0.020000,29.932617,60.435393
12517,s,0.023128,0.004600,0.022000,37.000732,49.728351
12518,ss,0.018821,0.004500,0.019200,43.946045,42.520769
12519,ds,0.002343,0.069850,0.018500,51.598145,90.692513
12520,p,0.003780,0.006000,0.018500,35.818604,28.279849
12521,p,0.003780,0.013250,0.020000,56.499268,37.029849
12522,p,0.003780,0.018300,0.021500,77.046387,43.579849
12523,d,0.002385,0.005000,0.020000,86.586426,27.385393
12524,dp,0.002464,0.120250,0.021500,93.702148,144.214344
12525,s,0.023128,0.007900,0.020000,6.610596,51.028351
12526,ds,0.002343,0.004550,0.022000,13.711182,28.892513
12527,d,0.002385,0.100350,0.022000,20.771729,124.735393
12528,d,0.002385,0.015550,0.022000,27.934326,39.935393
12529,s,0.023128,0.054450,0.020000,34.904297,97.578351
12530,p,0.003780,0.094250,0.022000,18.181396,120.029849
12531,s,0.023128,0.128250,0.022000,27.518799,173.378351
12532,ds,0.002343,0.026600,0.019200,34.778564,48.142513
12533,p,0.003780,0.005050,0.021500,53.550293,30.329849
12534,s,0.023128,0.056050,0.018500,62.898193,97.678351
12535,p,0.003780,0.073250,0.018500,35.699219,95.529849
12536,d,0.002385,0.083800,0.019200,45.063232,105.385393
12537,d,0.002385,0.012450,0.020000,52.198730,34.835393
12538,sd,0.018668,0.106800,0.020000,59.165771,145.467773
12539,s,0.023128,0.031250,0.018500,66.212646,72.878351
12545,s,0.023128,0.047400,0.020000,10.235596,90.528351
12546,s,0.023128,0.016750,0.021500,17.084717,61.378351
12547,d,0.002385,0.053750,0.018500,24.264404,74.635393
12548,ss,0.018821,0.011150,0.020000,31.175781,49.970769
12549,pss,0.002833,0.007650,0.018500,50.272705,28.982709
12550,p,0.003780,0.059550,0.019200,18.310059,82.529849
12551,dp,0.002464,0.076300,0.022000,28.129639,100.764344
12552,p,0.003780,0.004750,0.021500,46.794678,30.029849
12553,pp,0.002838,0.005700,0.020000,67.586182,28.538325
12554,pdp,0.002932,0.073150,0.021500,88.529541,97.581683
12540,d,0.002385,0.010500,0.022000,14.005127,34.885393
12541,sd,0.018668,0.092300,0.021500,21.011963,132.467773
12542,s,0.023128,0.049150,0.022000,27.905762,94.278351
12543,ssd,0.018735,0.067400,0.019200,34.949707,105.334503
12544,s,0.023128,0.040350,0.018500,41.966797,81.978351
12565,s,0.023128,0.084450,0.019200,6.437012,126.778351
12566,p,0.003780,0.029100,0.021500,25.140625,54.379849
12567,s,0.023128,0.004750,0.018500,34.552002,46.378351
12568,dp,0.002464,0.027950,0.022000,41.708252,52.414344
12569,ds,0.002343,0.014300,0.021500,48.913330,38.142513
12560,p,0.003780,0.015550,0.022000,23.573242,41.329849
12561,sp,0.018754,0.014600,0.021500,33.439941,54.853690
12562,p,0.003780,0.067050,0.021500,52.850586,92.329849
12563,pp,0.002838,0.088950,0.019200,74.636963,110.988325
12564,p,0.003780,0.015250,0.019200,95.955566,38.229849
12555,d,0.002385,0.006200,0.019200,6.675781,27.785393
12556,d,0.002385,0.109000,0.020000,14.321777,131.385393
12557,p,0.003780,0.070750,0.019200,33.440674,93.729849
12558,d,0.002385,0.007750,0.019200,42.968994,29.335393
12559,sd,0.018668,0.020750,0.018500,50.207520,57.917773
12570,d,0.002385,0.037100,0.020000,17.497314,59.485393
12571,p,0.003780,0.009750,0.022000,36.221924,35.529849
12572,d,0.002385,0.095550,0.020000,45.842529,117.935393
12573,s,0.023128,0.101700,0.019200,52.880127,144.028351
12574,sd,0.018668,0.008800,0.021500,59.960449,48.967773
12580,s,0.023128,0.113600,0.021500,8.526855,158.228351
12581,p,0.003780,0.106750,0.022000,31.628174,132.529849
12582,sp,0.018754,0.066750,0.020000,42.033447,105.503690
12583,s,0.023128,0.054250,0.021500,49.452881,98.878351
12584,p,0.003780,0.005100,0.021500,68.804932,30.379849
12575,d,0.002385,0.039650,0.019200,23.590576,61.235393
12576,d,0.002385,0.080700,0.020000,31.507568,103.085393
12577,sd,0.018668,0.113000,0.018500,38.396484,150.167773
12578,dsd,0.002613,0.101700,0.018500,45.348389,122.812551
12579,s,0.023128,0.011900,0.019200,52.147217,54.228351
12585,p,0.003780,0.007950,0.020000,25.787109,31.729849
12586,d,0.002385,0.083050,0.020000,35.218018,105.435393
12587,sp,0.018754,0.048250,0.018500,41.973877,85.503690
12588,ssp,0.018787,0.026650,0.022000,48.862549,67.437195
12589,d,0.002385,0.023000,0.021500,55.985840,46.885393
12595,p,0.003780,0.016600,0.022000,20.138672,42.379849
12596,s,0.023128,0.028800,0.021500,30.533203,73.428351
12597,ps,0.002840,0.047150,0.021500,50.447998,71.489786
12598,d,0.002385,0.121800,0.019200,60.895508,143.385393
12599,sps,0.018360,0.090100,0.019200,68.021973,127.660251
12590,s,0.023128,0.015650,0.022000,11.323486,60.778351
12591,d,0.002385,0.022500,0.020000,18.600098,44.885393
12592,p,0.003780,0.051450,0.019200,37.385986,74.429849
12593,sp,0.018754,0.041650,0.018500,46.718262,78.903690
12594,ps,0.002840,0.005500,0.018500,67.599609,26.839786
12600,p,0.003780,0.006150,0.021500,40.738525,31.429849
12601,s,0.023128,0.056700,0.018500,50.644531,98.328351
12602,d,0.002385,0.035400,0.019200,58.476318,56.985393
12603,s,0.023128,0.071200,0.019200,65.933350,113.528351
12604,ps,0.002840,0.083800,0.020000,85.499756,106.639786
12605,s,0.023128,0.055200,0.020000,23.600586,98.328351
12606,s,0.023128,0.072450,0.019200,31.445312,114.778351
12607,d,0.002385,0.011050,0.018500,38.506348,31.935393
12608,ds,0.002343,0.115000,0.018500,45.661133,135.842513
12609,p,0.003780,0.082200,0.018500,64.666016,104.479849
12610,p,0.003780,0.023550,0.022000,18.186768,49.329849
12611,s,0.023128,0.065150,0.020000,27.524170,108.278351
12612,s,0.023128,0.005950,0.019200,34.487549,48.278351
12613,ps,0.002840,0.100800,0.019200,53.271973,122.839786
12614,dp,0.002464,0.012050,0.019200,63.041748,33.714344
12615,d,0.002385,0.042650,0.020000,23.512695,65.035393
12616,sd,0.018668,0.023100,0.018500,31.276611,60.267773
12617,d,0.002385,0.003850,0.019200,38.481934,25.435393
12618,psd,0.003139,0.015250,0.020000,57.284424,38.388792
12619,s,0.023128,0.013850,0.019200,66.659180,56.178351
12620,p,0.003780,0.086500,0.021500,31.392822,111.779849
12621,p,0.003780,0.004650,0.022000,54.836182,30.429849
12622,p,0.003780,0.072600,0.020000,77.826416,96.379849
12623,pp,0.002838,0.098150,0.018500,98.858398,119.488325
12624,pp,0.002838,0.096550,0.021500,119.620117,120.888325
12625,d,0.002385,0.012400,0.021500,23.364990,36.285393
12626,p,0.003780,0.061450,0.019200,42.683838,84.429849
12627,s,0.023128,0.045800,0.022000,51.910889,90.928351
12628,s,0.023128,0.004450,0.022000,58.710693,49.578351
12629,ds,0.002343,0.004900,0.022000,65.922119,29.242513
12635,d,0.002385,0.052350,0.022000,21.319580,76.735393
12636,d,0.002385,0.005500,0.018500,28.889893,26.385393
12637,s,0.023128,0.027400,0.018500,35.935059,69.028351
12638,sd,0.018668,0.008450,0.018500,42.715088,45.617773
12639,ss,0.018821,0.080200,0.019200,49.543457,118.220769
12630,d,0.002385,0.019200,0.020000,6.764160,41.585393
12631,s,0.023128,0.005250,0.019200,13.681152,47.578351
12632,p,0.003780,0.014900,0.018500,32.093994,37.179849
12633,s,0.023128,0.057550,0.020000,41.150879,100.678351
12634,ds,0.002343,0.028700,0.019200,48.162598,50.242513
12640,p,0.003780,0.068250,0.022000,21.006592,94.029849
12641,d,0.002385,0.035950,0.018500,31.798340,56.835393
12642,s,0.023128,0.096450,0.020000,39.495361,139.578351
12643,ds,0.002343,0.057000,0.020000,47.286621,79.342513
12644,p,0.003780,0.007500,0.018500,66.468262,29.779849
12645,s,0.023128,0.057000,0.020000,6.408936,100.128351
12646,p,0.003780,0.070400,0.019200,25.090332,93.379849
12647,p,0.003780,0.018700,0.018500,45.776855,40.979849
12648,pp,0.002838,0.037250,0.021500,66.895752,61.588325
12649,s,0.023128,0.041950,0.019200,76.303467,84.278351
12650,p,0.003780,0.040200,0.021500,21.887695,65.479849
12651,d,0.002385,0.034450,0.018500,31.589111,55.335393
12652,dd,0.002426,0.140100,0.019200,38.865234,161.725915
12653,sdd,0.018511,0.026750,0.021500,45.859863,66.760933
12654,s,0.023128,0.003950,0.020000,52.915283,47.078351
12655,s,0.023128,0.017750,0.021500,6.625732,62.378351
12656,d,0.002385,0.011550,0.018500,14.144775,32.435393
12657,s,0.023128,0.017800,0.018500,21.375977,59.428351
12658,dd,0.002426,0.015950,0.021500,28.729004,39.875915
12659,p,0.003780,0.111600,0.018500,47.909424,133.879849
12665,p,0.003780,0.012450,0.021500,35.089600,37.729849
12666,d,0.002385,0.043150,0.018500,44.725586,64.035393
12667,sd,0.018668,0.071450,0.021500,51.787598,111.617773
12668,d,0.002385,0.012950,0.019200,58.947998,34.535393
12669,sd,0.018668,0.024400,0.021500,65.706543,64.567773
12660,d,0.002385,0.056200,0.022000,8.324707,80.585393
12661,s,0.023128,0.014750,0.021500,15.713623,59.378351
12662,s,0.023128,0.004800,0.020000,22.562988,47.928351
12663,pd,0.002977,0.049050,0.020000,41.191406,72.027001
12664,ps,0.002840,0.020600,0.019200,62.009521,42.639786
12670,d,0.002385,0.106600,0.022000,12.995850,130.985393
12671,d,0.002385,0.008900,0.019200,20.984131,30.485393
12672,p,0.003780,0.075600,0.020000,39.540527,99.379849
12673,d,0.002385,0.046350,0.019200,48.747803,67.935393
12674,pp,0.002838,0.079850,0.018500,66.906738,101.188325
12675,p,0.003780,0.054550,0.019200,18.162354,77.529849
12676,sp,0.018754,0.008950,0.021500,27.293945,49.203690
12677,p,0.003780,0.076000,0.020000,45.487305,99.779849
12678,dsp,0.002685,0.052150,0.019200,54.723389,74.034513
12679,dp,0.002464,0.058900,0.021500,61.724121,82.864344
12680,s,0.023128,0.129250,0.020000,6.470703,172.378351
12681,s,0.023128,0.099400,0.021500,13.411133,144.028351
12682,ss,0.018821,0.093850,0.021500,20.278076,134.170769
12683,d,0.002385,0.004400,0.018500,27.532715,25.285393
12684,ds,0.002343,0.074650,0.021500,34.609375,98.492513
12690,s,0.023128,0.006400,0.020000,6.456787,49.528351
12691,s,0.023128,0.026350,0.021500,13.433105,70.978351
12692,ds,0.002343,0.026400,0.022000,20.759033,50.742513
12693,d,0.002385,0.064600,0.022000,27.857178,88.985393
12694,d,0.002385,0.012400,0.022000,34.766357,36.785393
12685,p,0.003780,0.010250,0.021500,20.153320,35.529849
12686,s,0.023128,0.011550,0.021500,30.178711,56.178351
12687,p,0.003780,0.089850,0.018500,49.391113,112.129849
12688,p,0.003780,0.004450,0.020000,70.259766,28.229849
12689,pp,0.002838,0.058800,0.019200,91.218018,80.838325
12695,s,0.023128,0.004850,0.022000,8.945801,49.978351
12696,p,0.003780,0.006900,0.020000,27.778320,30.679849
12697,p,0.003780,0.072450,0.018500,48.871338,94.729849
12698,sp,0.018754,0.007050,0.022000,58.261230,47.803690
12699,d,0.002385,0.020750,0.021500,65.350098,44.635393
12705,d,0.002385,0.008950,0.021500,9.861572,32.835393
12706,p,0.003780,0.073150,0.018500,28.686035,95.429849
12707,pp,0.002838,0.083850,0.021500,49.615723,108.188325
12708,s,0.023128,0.047750,0.021500,58.867188,92.378351
12709,p,0.003780,0.095050,0.020000,77.458496,118.829849
12700,s,0.023128,0.011350,0.018500,7.730225,52.978351
12701,p,0.003780,0.088900,0.020000,26.439209,112.679849
12702,ss,0.018821,0.043250,0.021500,35.919189,83.570769
12703,d,0.002385,0.008600,0.018500,43.135254,29.485393
12704,pp,0.002838,0.088100,0.018500,61.722168,109.438325
12710,s,0.023128,0.004750,0.022000,17.412598,49.878351
12711,s,0.023128,0.054300,0.020000,24.644287,97.428351
12712,d,0.002385,0.056000,0.022000,31.828125,80.385393
12713,sd,0.018668,0.018750,0.020000,40.315430,57.417773
12714,ss,0.018821,0.007250,0.022000,47.539795,48.070769
12715,d,0.002385,0.067950,0.021500,18.975830,91.835393
12716,d,0.002385,0.009000,0.019200,27.496338,30.585393
12717,pd,0.002977,0.011050,0.022000,48.415771,36.027001
12718,s,0.023128,0.006750,0.022000,58.677490,51.878351
12719,p,0.003780,0.023050,0.018500,77.977295,45.329849
12720,d,0.002385,0.004700,0.022000,7.017090,29.085393
12721,d,0.002385,0.078950,0.022000,14.458252,103.335393
12722,p,0.003780,0.071750,0.019200,33.127930,94.729849
12723,s,0.023128,0.005200,0.019200,42.409424,47.528351
12724,dd,0.002426,0.067750,0.022000,49.489258,92.175915
12725,d,0.002385,0.005600,0.018500,6.667969,26.485393
12726,pd,0.002977,0.011000,0.021500,25.821777,35.477001
12727,s,0.023128,0.014450,0.022000,35.285400,59.578351
12728,sp,0.018754,0.006300,0.020000,42.177246,45.053690
12729,ps,0.002840,0.011400,0.020000,60.642578,34.239786
12730,s,0.023128,0.005800,0.020000,7.023682,48.928351
12731,d,0.002385,0.107150,0.022000,15.071533,131.535393
12732,s,0.023128,0.014350,0.022000,22.047852,59.478351
12733,d,0.002385,0.022950,0.018500,29.356689,43.835393
12734,d,0.002385,0.082900,0.018500,36.494141,103.785393
12735,s,0.023128,0.048900,0.018500,21.627930,90.528351
12736,p,0.003780,0.009750,0.020000,40.724609,33.529849
12737,ps,0.002840,0.075550,0.019200,61.905029,97.589786
12738,p,0.003780,0.005250,0.021500,82.580322,30.529849
12739,sps,0.018360,0.093950,0.021500,92.463379,133.810251
12740,s,0.023128,0.005900,0.019200,23.324219,48.228351
12741,p,0.003780,0.015950,0.022000,42.828125,41.729849
12742,d,0.002385,0.057250,0.022000,52.577393,81.635393
12743,d,0.002385,0.031100,0.020000,59.905029,53.485393
12744,dd,0.002426,0.016800,0.018500,67.169922,37.725915
12745,p,0.003780,0.025250,0.018500,34.670166,47.529849
12746,dp,0.002464,0.033300,0.019200,44.180908,54.964344
12747,d,0.002385,0.030300,0.022000,51.437744,54.685393
12748,pdp,0.002932,0.045650,0.018500,70.082031,67.081683
12749,dd,0.002426,0.037900,0.018500,79.811523,58.825915
12750,p,0.003780,0.040300,0.021500,35.904053,65.579849
12751,d,0.002385,0.044450,0.020000,45.264160,66.835393
12752,s,0.023128,0.040350,0.022000,52.218506,85.478351
12753,d,0.002385,0.005250,0.020000,59.107422,27.635393
12754,dd,0.002426,0.011750,0.018500,66.103516,32.675915
12755,d,0.002385,0.003700,0.019200,6.793457,25.285393
12756,d,0.002385,0.021800,0.021500,14.369141,45.685393
12757,p,0.003780,0.025950,0.019200,35.156250,48.929849
12758,pp,0.002838,0.047150,0.022000,58.653809,71.988325
12759,p,0.003780,0.116850,0.022000,79.961914,142.629849
12760,s,0.023128,0.066750,0.021500,6.460205,111.378351
12761,d,0.002385,0.068500,0.018500,13.783447,89.385393
12762,p,0.003780,0.004750,0.018500,32.500244,27.029849
12763,pd,0.002977,0.076650,0.020000,53.684326,99.627001
12764,s,0.023128,0.004750,0.019200,63.042725,47.078351
12765,p,0.003780,0.026150,0.021500,18.429199,51.429849
12766,s,0.023128,0.005650,0.021500,29.369629,50.278351
12767,d,0.002385,0.100350,0.020000,36.931396,122.735393
12768,sp,0.018754,0.033950,0.020000,44.240479,72.703690
12769,sd,0.018668,0.127700,0.018500,51.158936,164.867773
12770,p,0.003780,0.064900,0.018500,18.823730,87.179849
12771,d,0.002385,0.017000,0.020000,28.826416,39.385393
12772,pp,0.002838,0.079850,0.018500,48.010498,101.188325
12773,d,0.002385,0.047250,0.021500,58.872070,71.135393
12774,d,0.002385,0.004750,0.018500,66.914307,25.635393
12775,s,0.023128,0.004550,0.020000,6.571045,47.678351
12776,p,0.003780,0.011250,0.022000,25.165527,37.029849
12777,s,0.023128,0.047850,0.018500,35.055664,89.478351
12778,s,0.023128,0.017850,0.018500,42.250977,59.478351
12779,sp,0.018754,0.027650,0.020000,49.231689,66.403690
12785,p,0.003780,0.061400,0.021500,17.986084,86.679849
12786,d,0.002385,0.015700,0.020000,27.408203,38.085393
12787,pp,0.002838,0.062350,0.018500,46.151367,83.688325
12788,dd,0.002426,0.006800,0.022000,55.622559,31.225915
12789,d,0.002385,0.020000,0.021500,62.735352,43.885393
12790,d,0.002385,0.006700,0.020000,6.982178,29.085393
12791,p,0.003780,0.098150,0.018500,25.683105,120.429849
12792,d,0.002385,0.005850,0.018500,35.410400,26.735393
12793,d,0.002385,0.051950,0.021500,42.745605,75.835393
12794,p,0.003780,0.015050,0.020000,62.235596,38.829849
12780,p,0.003780,0.004750,0.019200,20.296631,27.729849
12781,d,0.002385,0.013900,0.021500,31.047363,37.785393
12782,sd,0.018668,0.052150,0.018500,38.765381,89.317773
12783,dp,0.002464,0.004050,0.021500,46.489258,28.014344
12784,d,0.002385,0.094850,0.018500,54.267090,115.735393
12795,s,0.023128,0.123750,0.018500,6.489990,165.378351
12796,p,0.003780,0.038850,0.022000,25.065674,64.629849
12797,p,0.003780,0.005000,0.018500,46.341309,27.279849
12798,p,0.003780,0.041850,0.018500,67.416748,64.129849
12799,p,0.003780,0.076300,0.019200,89.997314,99.279849
12800,s,0.023128,0.040050,0.020000,21.090820,83.178351
12801,d,0.002385,0.093350,0.021500,29.400635,117.235393
12802,sd,0.018668,0.118850,0.020000,36.489990,157.517773
12803,d,0.002385,0.005550,0.019200,43.880615,27.135393
12804,ss,0.018821,0.128600,0.018500,50.925049,165.920769
12810,p,0.003780,0.088150,0.019200,35.033203,111.129849
12811,pp,0.002838,0.048900,0.020000,55.501953,71.738325
12812,ppp,0.002790,0.087500,0.018500,76.231689,108.789957
12813,pppp,0.002878,0.061800,0.022000,96.886230,86.677743
12814,d,0.002385,0.047400,0.020000,106.176270,69.785393
12805,s,0.023128,0.070100,0.022000,15.681641,115.228351
12806,d,0.002385,0.006400,0.021500,22.778076,30.285393
12807,p,0.003780,0.011800,0.018500,41.135986,34.079849
12808,pp,0.002838,0.015350,0.019200,61.550293,37.388325
12809,dpp,0.002514,0.018950,0.018500,70.932861,39.964416
12815,s,0.023128,0.005350,0.020000,23.135986,48.478351
12816,d,0.002385,0.071500,0.020000,32.197754,93.885393
12817,sd,0.018668,0.060550,0.018500,40.526855,97.717773
12818,ps,0.002840,0.003800,0.019200,58.908691,25.839786
12819,d,0.002385,0.064000,0.019200,68.148926,85.585393
12825,s,0.023128,0.072050,0.021500,24.053467,116.678351
12826,d,0.002385,0.006200,0.018500,32.264160,27.085393
12827,sd,0.018668,0.016750,0.021500,39.333252,56.917773
12828,p,0.003780,0.009550,0.018500,58.035889,31.829849
12829,d,0.002385,0.100350,0.019200,68.068115,121.935393
12820,p,0.003780,0.082650,0.021500,36.007812,107.929849
12821,sp,0.018754,0.086500,0.020000,45.225098,125.253690
12822,s,0.023128,0.039000,0.018500,51.888428,80.628351
12823,p,0.003780,0.029600,0.022000,69.989990,55.379849
12824,p,0.003780,0.004500,0.018500,90.641357,26.779849
12830,s,0.023128,0.008800,0.018500,6.818604,50.428351
12831,p,0.003780,0.004950,0.021500,25.562012,30.229849
12832,p,0.003780,0.016300,0.022000,46.806152,42.079849
12833,dp,0.002464,0.079400,0.022000,56.635254,103.864344
12834,d,0.002385,0.056850,0.022000,63.886475,81.235393
12835,s,0.023128,0.075600,0.020000,6.461426,118.728351
12836,d,0.002385,0.012750,0.021500,13.598877,36.635393
12837,s,0.023128,0.004500,0.018500,20.543213,46.128351
12838,ss,0.018821,0.004550,0.022000,27.290771,45.370769
12839,p,0.003780,0.074300,0.020000,45.994141,98.079849
12840,d,0.002385,0.042650,0.020000,6.824219,65.035393
12841,pd,0.002977,0.009750,0.022000,25.651855,34.727001
12842,p,0.003780,0.043750,0.020000,46.354980,67.529849
12843,p,0.003780,0.086300,0.019200,67.011230,109.279849
12844,p,0.003780,0.084500,0.020000,87.883301,108.279849
12850,p,0.003780,0.058600,0.021500,18.682861,83.879849
12851,d,0.002385,0.025700,0.020000,28.030273,48.085393
12852,d,0.002385,0.017250,0.021500,35.191650,41.135393
12853,sp,0.018754,0.072600,0.019200,42.304688,110.553690
12854,p,0.003780,0.119800,0.020000,60.940186,143.579849
12845,d,0.002385,0.109850,0.018500,23.965088,130.735393
12846,p,0.003780,0.046350,0.019200,43.640137,69.329849
12847,d,0.002385,0.101700,0.019200,53.198975,123.285393
12848,dp,0.002464,0.059500,0.019200,60.190918,81.164344
12849,pd,0.002977,0.090650,0.021500,78.720703,115.127001
12855,s,0.023128,0.100050,0.018500,23.496582,141.678351
12856,s,0.023128,0.035400,0.019200,31.412842,77.728351
12857,p,0.003780,0.004350,0.018500,49.878418,26.629849
12858,p,0.003780,0.029600,0.020000,70.609375,53.379849
12859,ss,0.018821,0.071150,0.022000,79.966064,111.970769
12860,p,0.003780,0.064400,0.021500,19.126221,89.679849
12861,p,0.003780,0.010800,0.020000,39.609619,34.579849
12862,sp,0.018754,0.031550,0.018500,48.757080,68.803690
12863,s,0.023128,0.004700,0.020000,55.345703,47.828351
12864,s,0.023128,0.107350,0.020000,61.873535,150.478351
12865,p,0.003780,0.016750,0.021500,18.389648,42.029849
12866,d,0.002385,0.024150,0.020000,27.848145,46.535393
12867,p,0.003780,0.060650,0.018500,46.830566,82.929849
12868,sp,0.018754,0.069900,0.022000,55.989990,110.653690
12869,s,0.023128,0.005200,0.018500,62.670410,46.828351
12870,d,0.002385,0.105550,0.018500,6.984863,126.435393
12871,p,0.003780,0.095550,0.020000,28.366211,119.329849
12872,sp,0.018754,0.009500,0.022000,37.663086,50.253690
12873,ssp,0.018787,0.012950,0.020000,44.589600,51.737195
12874,s,0.023128,0.064250,0.018500,51.408203,105.878351
12880,p,0.003780,0.007400,0.020000,21.524902,31.179849
12881,s,0.023128,0.006150,0.020000,30.961670,49.278351
12882,s,0.023128,0.027350,0.021500,37.885986,71.978351
12883,d,0.002385,0.087950,0.021500,45.187988,111.835393
12884,ps,0.002840,0.074300,0.018500,63.706543,95.639786
12885,d,0.002385,0.046050,0.022000,9.982422,70.435393
12886,s,0.023128,0.088350,0.021500,18.140625,132.978351
12887,sd,0.018668,0.083750,0.022000,25.303467,124.417773
12888,p,0.003780,0.061450,0.018500,44.348389,83.729849
12889,ssd,0.018735,0.045950,0.020000,53.638428,84.684503
12875,d,0.002385,0.007100,0.021500,23.653564,30.985393
12876,s,0.023128,0.028300,0.021500,31.289062,72.928351
12877,d,0.002385,0.064800,0.020000,38.631104,87.185393
12878,d,0.002385,0.023000,0.021500,45.699219,46.885393
12879,sd,0.018668,0.026300,0.018500,52.558350,63.467773
12890,d,0.002385,0.088650,0.018500,6.910156,109.535393
12891,p,0.003780,0.085050,0.018500,25.613281,107.329849
12892,p,0.003780,0.004500,0.022000,46.527344,30.279849
12893,sd,0.018668,0.084200,0.020000,56.019531,122.867773
12894,s,0.023128,0.039000,0.020000,62.765625,82.128351
12895,d,0.002385,0.039300,0.020000,21.123047,61.685393
12896,dd,0.002426,0.106800,0.022000,28.730469,131.225915
12897,p,0.003780,0.006200,0.018500,47.743896,28.479849
12898,p,0.003780,0.071500,0.022000,68.376953,97.279849
12899,ddd,0.002493,0.027050,0.021500,77.738281,51.043417
12900,p,0.003780,0.130950,0.019200,33.114990,153.929849
12901,p,0.003780,0.004900,0.022000,53.630859,30.679849
12902,pp,0.002838,0.004550,0.022000,74.243896,29.388325
12903,p,0.003780,0.075400,0.021500,94.914062,100.679849
12904,s,0.023128,0.005550,0.020000,104.422119,48.678351
12910,d,0.002385,0.037100,0.020000,6.978027,59.485393
12911,p,0.003780,0.011450,0.018500,25.864746,33.729849
12912,sp,0.018754,0.042650,0.021500,35.289551,82.903690
12913,pd,0.002977,0.032200,0.022000,53.773193,57.177001
12914,pp,0.002838,0.080000,0.021500,74.936523,104.338325
12915,d,0.002385,0.006600,0.020000,6.809814,28.985393
12916,s,0.023128,0.056400,0.020000,13.942871,99.528351
12917,p,0.003780,0.004200,0.020000,32.632568,27.979849
12918,ps,0.002840,0.071700,0.021500,53.922607,96.039786
12919,s,0.023128,0.032400,0.022000,63.185791,77.528351
12905,p,0.003780,0.086950,0.019200,19.027832,109.929849
12906,s,0.023128,0.065700,0.022000,28.447510,110.828351
12907,sp,0.018754,0.099400,0.021500,35.307129,139.653690
12908,p,0.003780,0.004650,0.022000,54.017822,30.429849
12909,p,0.003780,0.099600,0.021500,75.559570,124.879849
12920,d,0.002385,0.004950,0.019200,17.108643,26.535393
12921,s,0.023128,0.020750,0.018500,24.392822,62.378351
12922,s,0.023128,0.016050,0.018500,31.150635,57.678351
12923,d,0.002385,0.071800,0.020000,38.121094,94.185393
12924,dd,0.002426,0.065250,0.021500,45.202881,89.175915
12930,p,0.003780,0.067450,0.022000,19.572021,93.229849
12931,dp,0.002464,0.136000,0.021500,29.953125,159.964344
12932,s,0.023128,0.009150,0.019200,37.379883,51.478351
12933,p,0.003780,0.004500,0.020000,56.619873,28.279849
12934,pdp,0.002932,0.023200,0.019200,77.299072,45.331683
12925,p,0.003780,0.049150,0.022000,18.709717,74.929849
12926,d,0.002385,0.009300,0.021500,28.013428,33.185393
12927,pp,0.002838,0.094050,0.022000,46.068359,118.888325
12928,sd,0.018668,0.013700,0.021500,55.128418,53.867773
12929,ps,0.002840,0.047850,0.020000,73.492432,70.689786
12935,s,0.023128,0.046150,0.018500,6.986084,87.778351
12936,s,0.023128,0.011050,0.020000,14.026367,54.178351
12937,p,0.003780,0.065150,0.019200,33.100098,88.129849
12938,dp,0.002464,0.066750,0.018500,42.597900,87.714344
12939,ddp,0.002502,0.043500,0.021500,49.863525,67.501712
12945,s,0.023128,0.057000,0.019200,17.450928,99.328351
12946,ds,0.002343,0.055100,0.019200,25.554932,76.642513
12947,d,0.002385,0.066150,0.022000,33.683350,90.535393
12948,pds,0.003022,0.034250,0.019200,53.670654,56.471933
12949,s,0.023128,0.010400,0.022000,63.715820,55.528351
12940,s,0.023128,0.079400,0.022000,11.359863,124.528351
12941,d,0.002385,0.123750,0.020000,20.349854,146.135393
12942,ss,0.018821,0.045950,0.021500,31.411865,86.270769
12943,d,0.002385,0.021000,0.018500,38.346436,41.885393
12944,sd,0.018668,0.009300,0.018500,45.126709,46.467773
12950,s,0.023128,0.036300,0.021500,6.462891,80.928351
12951,d,0.002385,0.084250,0.019200,13.658936,105.835393
12952,s,0.023128,0.056550,0.020000,20.474854,99.678351
12953,ss,0.018821,0.036650,0.022000,27.168213,77.470769
12954,p,0.003780,0.005450,0.019200,45.819580,28.429849
12955,p,0.003780,0.004300,0.019200,18.746094,27.279849
12956,s,0.023128,0.067050,0.021500,28.143555,111.678351
12957,sp,0.018754,0.003950,0.022000,35.042480,44.703690
12958,ss,0.018821,0.060650,0.020000,41.802734,99.470769
12959,s,0.023128,0.026000,0.019200,48.407715,68.328351
12960,d,0.002385,0.028650,0.022000,15.277344,53.035393
12961,p,0.003780,0.014350,0.018500,36.891357,36.629849
12962,dp,0.002464,0.025550,0.021500,46.265137,49.514344
12963,p,0.003780,0.005200,0.018500,65.685547,27.479849
12964,s,0.023128,0.016600,0.020000,76.144043,59.728351
12965,p,0.003780,0.150300,0.022000,17.885986,176.079849
12966,pp,0.002838,0.060200,0.019200,39.000732,82.238325
12967,d,0.002385,0.097050,0.018500,48.436035,117.935393
12968,p,0.003780,0.004450,0.022000,66.754639,30.229849
12969,p,0.003780,0.009200,0.021500,87.766357,34.479849
12970,s,0.023128,0.053150,0.018500,23.553711,94.778351
12971,ss,0.018821,0.039800,0.021500,31.204346,80.120769
12972,p,0.003780,0.004800,0.021500,49.727539,30.079849
12973,dss,0.002842,0.040750,0.022000,59.365234,65.591615
12974,ddss,0.002785,0.063350,0.022000,66.541260,88.135416
12975,p,0.003780,0.043350,0.020000,19.756592,67.129849
12976,s,0.023128,0.011100,0.018500,29.052246,52.728351
12977,ps,0.002840,0.004750,0.021500,47.887939,29.089786
12978,d,0.002385,0.068050,0.020000,57.870605,90.435393
12979,sd,0.018668,0.040750,0.020000,65.032715,79.417773
12985,p,0.003780,0.005750,0.021500,19.011719,31.029849
12986,dp,0.002464,0.017000,0.019200,28.872803,38.664344
12987,s,0.023128,0.064650,0.021500,35.843994,109.278351
12988,ps,0.002840,0.067000,0.020000,54.138672,89.839786
12989,d,0.002385,0.098500,0.019200,63.413818,120.085393
12980,d,0.002385,0.011750,0.022000,6.691406,36.135393
12981,p,0.003780,0.009600,0.021500,27.474609,34.879849
12982,sp,0.018754,0.006600,0.018500,37.168457,43.853690
12983,s,0.023128,0.106800,0.020000,44.130859,149.928351
12984,p,0.003780,0.009550,0.019200,63.213135,32.529849
12990,p,0.003780,0.066450,0.018500,35.693359,88.729849
12991,sp,0.018754,0.084200,0.022000,45.093506,124.953690
12992,ssp,0.018787,0.056050,0.022000,52.230225,96.837195
12993,p,0.003780,0.005150,0.021500,72.018066,30.429849
12994,d,0.002385,0.047100,0.019200,83.017334,68.685393
12995,d,0.002385,0.007500,0.022000,23.924805,31.885393
12996,p,0.003780,0.025750,0.018500,43.993408,48.029849
12997,p,0.003780,0.091300,0.020000,64.977051,115.079849
12998,p,0.003780,0.012900,0.018500,85.965332,35.179849
12999,p,0.003780,0.038450,0.019200,107.014404,61.429849
13000,p,0.003780,0.007100,0.018500,18.004150,29.379849
13001,s,0.023128,0.053750,0.020000,27.209229,96.878351
13002,p,0.003780,0.013350,0.021500,45.529297,38.629849
13003,s,0.023128,0.034050,0.020000,54.715332,77.178351
13004,s,0.023128,0.007200,0.020000,61.456299,50.328351
13005,s,0.023128,0.026400,0.022000,23.312012,71.528351
13006,ss,0.018821,0.092450,0.021500,31.341309,132.770769
13007,s,0.023128,0.005350,0.022000,38.823242,50.478351
13008,p,0.003780,0.052350,0.021500,59.318848,77.629849
13009,p,0.003780,0.011400,0.020000,82.280029,35.179849
13010,p,0.003780,0.065050,0.018500,18.538574,87.329849
13011,sp,0.018754,0.087450,0.019200,28.303223,125.403690
13012,dsp,0.002685,0.061050,0.018500,35.541748,82.234513
13013,p,0.003780,0.005500,0.020000,54.515381,29.279849
13014,pdsp,0.002995,0.133750,0.022000,75.450439,158.744609
13015,d,0.002385,0.044100,0.018500,6.635986,64.985393
13016,p,0.003780,0.078050,0.018500,25.829590,100.329849
13017,p,0.003780,0.007500,0.018500,46.510742,29.779849
13018,sd,0.018668,0.035000,0.022000,55.809082,75.667773
13019,sp,0.018754,0.070400,0.021500,62.756592,110.653690
13020,d,0.002385,0.049900,0.022000,6.688232,74.285393
13021,dd,0.002426,0.065150,0.022000,13.939697,89.575915
13022,p,0.003780,0.007850,0.018500,32.620850,30.129849
13023,pp,0.002838,0.006700,0.022000,53.560547,31.538325
13024,sdd,0.018511,0.093950,0.022000,62.789307,134.460933
13025,p,0.003780,0.050000,0.018500,19.396729,72.279849
13026,p,0.003780,0.014450,0.020000,40.342041,38.229849
13027,dp,0.002464,0.035400,0.018500,50.119385,56.364344
13028,p,0.003780,0.099800,0.022000,69.053467,125.579849
13029,s,0.023128,0.051650,0.018500,78.811768,93.278351
13030,s,0.023128,0.032150,0.018500,6.438232,73.778351
13031,p,0.003780,0.053900,0.022000,25.766113,79.679849
13032,sp,0.018754,0.083200,0.022000,34.995605,123.953690
13033,ds,0.002343,0.056750,0.022000,41.944580,81.092513
13034,sds,0.018566,0.053700,0.019200,48.679199,91.466086
13040,s,0.023128,0.007100,0.018500,22.965088,48.728351
13041,ss,0.018821,0.023650,0.019200,30.675781,61.670769
13042,p,0.003780,0.136900,0.020000,49.345703,160.679849
13043,d,0.002385,0.008450,0.019200,58.764648,30.035393
13044,ps,0.002840,0.013250,0.022000,77.200439,38.089786
13045,p,0.003780,0.096600,0.020000,35.417480,120.379849
13046,p,0.003780,0.072850,0.021500,56.322266,98.129849
13047,d,0.002385,0.058650,0.019200,65.677490,80.235393
13048,p,0.003780,0.005750,0.019200,85.341797,28.729849
13049,dp,0.002464,0.083800,0.022000,95.836914,108.264344
13035,p,0.003780,0.061350,0.018500,30.316162,83.629849
13036,p,0.003780,0.117750,0.020000,51.134766,141.529849
13037,sp,0.018754,0.082650,0.020000,60.852051,121.403690
13038,d,0.002385,0.112250,0.018500,68.040283,133.135393
13039,s,0.023128,0.005000,0.022000,74.676270,50.128351
13055,s,0.023128,0.100350,0.019200,6.491699,142.678351
13056,p,0.003780,0.005650,0.020000,25.244385,29.429849
13057,s,0.023128,0.052600,0.021500,34.559082,97.228351
13058,d,0.002385,0.015750,0.018500,41.604492,36.635393
13059,d,0.002385,0.020700,0.018500,48.731201,41.585393
13050,s,0.023128,0.093450,0.021500,6.469727,138.078351
13051,ds,0.002343,0.069000,0.021500,13.696777,92.842513
13052,sds,0.018566,0.045450,0.022000,20.626465,86.016086
13053,d,0.002385,0.023200,0.019200,27.738770,44.785393
13054,p,0.003780,0.005350,0.020000,46.488037,29.129849
13060,p,0.003780,0.003700,0.021500,20.867676,28.979849
13061,s,0.023128,0.011200,0.018500,30.705811,52.828351
13062,sp,0.018754,0.005300,0.019200,38.221191,43.253690
13063,ds,0.002343,0.009000,0.021500,45.805176,32.842513
13064,d,0.002385,0.072950,0.021500,53.219727,96.835393
13065,d,0.002385,0.045950,0.021500,6.745605,69.835393
13066,d,0.002385,0.005150,0.018500,14.049316,26.035393
13067,dd,0.002426,0.008800,0.022000,21.347168,33.225915
13068,dd,0.002426,0.051700,0.018500,28.629639,72.625915
13069,s,0.023128,0.004700,0.020000,35.697510,47.828351
13070,p,0.003780,0.004850,0.022000,18.307617,30.629849
13071,dp,0.002464,0.004300,0.021500,28.110107,28.264344
13072,p,0.003780,0.077100,0.021500,47.456055,102.379849
13073,s,0.023128,0.023550,0.019200,56.934082,65.878351
13074,p,0.003780,0.059150,0.018500,75.551025,81.429849
13075,p,0.003780,0.011250,0.021500,35.174561,36.529849
13076,d,0.002385,0.041800,0.020000,44.796631,64.185393
13077,s,0.023128,0.009200,0.021500,51.836670,53.828351
13078,p,0.003780,0.013250,0.018500,71.878418,35.529849
13079,ss,0.018821,0.003950,0.018500,82.515137,41.270769
13085,d,0.002385,0.048550,0.018500,14.052979,69.435393
13086,s,0.023128,0.061400,0.019200,21.724365,103.728351
13087,s,0.023128,0.004850,0.019200,29.302734,47.178351
13088,sd,0.018668,0.118100,0.020000,36.810791,156.767773
13089,d,0.002385,0.094750,0.019200,44.616699,116.335393
13080,p,0.003780,0.085100,0.022000,31.988525,110.879849
13081,s,0.023128,0.047150,0.022000,41.450684,92.278351
13082,pp,0.002838,0.067050,0.022000,59.801270,91.888325
13083,ppp,0.002790,0.071350,0.020000,80.582764,94.139957
13084,pppp,0.002878,0.057900,0.018500,101.405518,79.277743
13090,s,0.023128,0.006500,0.022000,6.498047,51.628351
13091,p,0.003780,0.018950,0.021500,25.420410,44.229849
13092,s,0.023128,0.086300,0.022000,34.994385,131.428351
13093,p,0.003780,0.064600,0.018500,54.377197,86.879849
13094,d,0.002385,0.015650,0.020000,63.947998,38.035393
13095,d,0.002385,0.044800,0.018500,6.662109,65.685393
13096,s,0.023128,0.010650,0.019200,13.677490,52.978351
13097,p,0.003780,0.027100,0.020000,32.482910,50.879849
13098,s,0.023128,0.073450,0.020000,41.793701,116.578351
13099,d,0.002385,0.005600,0.021500,48.895996,29.485393
13100,d,0.002385,0.012050,0.022000,6.853271,36.435393
13101,dd,0.002426,0.011800,0.019200,14.245117,33.425915
13102,d,0.002385,0.077550,0.021500,21.544922,101.435393
13103,d,0.002385,0.016050,0.019200,29.151855,37.635393
13104,pd,0.002977,0.016550,0.018500,47.928223,38.027001
13105,p,0.003780,0.051250,0.022000,20.114258,77.029849
13106,s,0.023128,0.107000,0.018500,30.881592,148.628351
13107,s,0.023128,0.012350,0.022000,38.619141,57.478351
13108,ss,0.018821,0.015650,0.022000,45.954834,56.470769
13109,ds,0.002343,0.056950,0.021500,53.249512,80.792513
13110,p,0.003780,0.083900,0.021500,17.991943,109.179849
13111,dp,0.002464,0.069150,0.021500,27.409668,93.114344
13112,d,0.002385,0.004650,0.019200,34.632568,26.235393
13113,s,0.023128,0.007600,0.022000,41.667236,52.728351
13114,s,0.023128,0.015200,0.021500,48.512695,59.828351
13115,p,0.003780,0.024500,0.022000,18.383545,50.279849
13116,p,0.003780,0.004650,0.020000,39.610840,28.429849
13117,dp,0.002464,0.005000,0.018500,49.352051,25.964344
13118,dp,0.002464,0.066750,0.020000,56.846436,89.214344
13119,p,0.003780,0.085950,0.019200,76.318359,108.929849
13120,p,0.003780,0.119100,0.022000,18.111816,144.879849
13121,s,0.023128,0.011450,0.020000,27.282227,54.578351
13122,s,0.023128,0.067050,0.020000,34.052734,110.178351
13123,d,0.002385,0.078350,0.022000,40.965332,102.735393
13124,ds,0.002343,0.047850,0.019200,47.913574,69.392513
13125,p,0.003780,0.065500,0.020000,18.337158,89.279849
13126,d,0.002385,0.015600,0.018500,28.250977,36.485393
13127,pp,0.002838,0.064150,0.022000,46.760254,88.988325
13128,d,0.002385,0.004650,0.019200,56.393799,26.235393
13129,sd,0.018668,0.011100,0.022000,63.140869,51.767773
13130,p,0.003780,0.087650,0.019200,20.551514,110.629849
13131,s,0.023128,0.010550,0.021500,29.850830,55.178351
13132,ss,0.018821,0.014450,0.021500,36.760254,54.770769
13133,dss,0.002842,0.011900,0.020000,44.027832,34.741615
13134,d,0.002385,0.054450,0.021500,51.314209,78.335393
13135,d,0.002385,0.016300,0.020000,23.222412,38.685393
13136,s,0.023128,0.034350,0.021500,30.745605,78.978351
13137,p,0.003780,0.004600,0.019200,49.090088,27.579849
13138,dd,0.002426,0.020900,0.021500,58.507324,44.825915
13139,d,0.002385,0.035350,0.020000,65.641357,57.735393
13140,s,0.023128,0.005350,0.021500,23.251953,49.978351
13141,ps,0.002840,0.004850,0.018500,42.648682,26.189786
13142,s,0.023128,0.100850,0.018500,51.746582,142.478351
13143,d,0.002385,0.011150,0.022000,58.809082,35.535393
13144,s,0.023128,0.048300,0.018500,65.746338,89.928351
13145,d,0.002385,0.009600,0.020000,23.742676,31.985393
13146,s,0.023128,0.080700,0.022000,31.799072,125.828351
13147,ps,0.002840,0.087950,0.019200,50.569092,109.989786
13148,p,0.003780,0.039300,0.020000,71.250488,63.079849
13149,d,0.002385,0.008550,0.020000,80.792969,30.935393
13150,d,0.002385,0.112250,0.022000,23.238037,136.635393
13151,p,0.003780,0.099800,0.020000,42.895264,123.579849
13152,s,0.023128,0.004900,0.021500,52.147217,49.528351
13153,ps,0.002840,0.005750,0.018500,70.809326,27.089786
13154,pd,0.002977,0.052650,0.018500,91.842285,74.127001
13165,d,0.002385,0.005600,0.020000,6.835693,27.985393
13166,d,0.002385,0.083800,0.019200,14.056641,105.385393
13167,s,0.023128,0.075200,0.022000,21.015137,120.328351
13168,s,0.023128,0.059400,0.020000,27.892578,102.528351
13169,ss,0.018821,0.016300,0.021500,35.185059,56.620769
13160,s,0.023128,0.066350,0.019200,9.430664,108.678351
13161,ss,0.018821,0.054600,0.022000,16.817139,95.420769
13162,p,0.003780,0.063250,0.021500,35.927246,88.529849
13163,sss,0.019288,0.015350,0.021500,45.296387,56.138093
13164,psss,0.002892,0.034350,0.021500,63.809326,58.742287
13155,d,0.002385,0.004400,0.019200,7.375244,25.985393
13156,sd,0.018668,0.007300,0.020000,15.151367,45.967773
13157,d,0.002385,0.022950,0.018500,23.161133,43.835393
13158,ps,0.002840,0.004550,0.018500,42.953613,25.889786
13159,pd,0.002977,0.020250,0.021500,64.127930,44.727001
13175,s,0.023128,0.029450,0.020000,8.379395,72.578351
13176,p,0.003780,0.005650,0.018500,27.017090,27.929849
13177,p,0.003780,0.015500,0.018500,48.028564,37.779849
13178,ps,0.002840,0.058350,0.021500,69.004395,82.689786
13179,d,0.002385,0.067350,0.021500,78.518311,91.235393
13180,d,0.002385,0.140250,0.021500,7.586914,164.135393
13181,p,0.003780,0.124400,0.022000,26.875732,150.179849
13182,p,0.003780,0.005750,0.021500,47.956787,31.029849
13183,sp,0.018754,0.005250,0.019200,57.145752,43.203690
13184,sd,0.018668,0.112250,0.019200,63.898193,150.117773
13170,p,0.003780,0.066900,0.022000,18.604980,92.679849
13171,sp,0.018754,0.025900,0.019200,27.989258,63.853690
13172,s,0.023128,0.019800,0.018500,34.884033,61.428351
13173,dsp,0.002685,0.054000,0.020000,41.972168,76.684513
13174,ds,0.002343,0.010800,0.018500,49.312012,31.642513
13185,p,0.003780,0.086450,0.020000,32.836182,110.229849
13186,p,0.003780,0.004550,0.019200,53.699463,27.529849
13187,dp,0.002464,0.006050,0.018500,63.414795,27.014344
13188,pd,0.002977,0.009850,0.018500,82.094727,31.327001
13189,d,0.002385,0.084200,0.020000,92.465332,106.585393
13195,d,0.002385,0.057550,0.018500,6.805420,78.435393
13196,p,0.003780,0.011400,0.019200,25.674072,34.379849
13197,s,0.023128,0.097050,0.020000,35.086670,140.178351
13198,s,0.023128,0.004450,0.020000,42.106689,47.578351
13199,d,0.002385,0.085550,0.019200,49.261230,107.135393
13190,s,0.023128,0.048200,0.021500,16.314453,92.828351
13191,ds,0.002343,0.075150,0.022000,23.595459,99.492513
13192,sds,0.018566,0.066100,0.020000,30.296875,104.666086
13193,dsds,0.002713,0.084900,0.018500,37.233643,106.113025
13194,d,0.002385,0.017900,0.018500,44.600342,38.785393
13200,p,0.003780,0.092450,0.020000,21.863525,116.229849
13201,d,0.002385,0.068100,0.022000,31.390869,92.485393
13202,pp,0.002838,0.066350,0.020000,49.777100,89.188325
13203,p,0.003780,0.010300,0.021500,70.341797,35.579849
13204,dp,0.002464,0.054550,0.021500,79.986572,78.514344
13205,s,0.023128,0.077150,0.019200,6.315674,119.478351
13206,p,0.003780,0.091750,0.022000,24.603271,117.529849
13207,ss,0.018821,0.091450,0.020000,33.771484,130.270769
13208,s,0.023128,0.011950,0.022000,40.373779,57.078351
13209,ds,0.002343,0.008400,0.018500,47.299072,29.242513
13215,p,0.003780,0.047850,0.018500,18.217041,70.129849
13216,p,0.003780,0.120700,0.021500,38.674561,145.979849
13217,p,0.003780,0.005550,0.018500,59.349121,27.829849
13218,d,0.002385,0.043150,0.019200,68.578857,64.735393
13219,dp,0.002464,0.008750,0.020000,75.508545,31.214344
13220,p,0.003780,0.035950,0.021500,21.261719,61.229849
13221,s,0.023128,0.057850,0.022000,31.839355,102.978351
13222,d,0.002385,0.006200,0.021500,39.611084,30.085393
13223,p,0.003780,0.006450,0.020000,58.833740,30.229849
13224,pp,0.002838,0.089800,0.022000,80.007812,114.638325
13225,p,0.003780,0.085100,0.019200,18.349121,108.079849
13226,p,0.003780,0.012450,0.018500,39.651123,34.729849
13227,p,0.003780,0.006900,0.018500,60.539307,29.179849
13228,sp,0.018754,0.005050,0.018500,69.887939,42.303690
13229,d,0.002385,0.033400,0.022000,76.889404,57.785393
13210,s,0.023128,0.057900,0.021500,15.650146,102.528351
13211,d,0.002385,0.009050,0.019200,25.139404,30.635393
13212,d,0.002385,0.005550,0.022000,32.117920,29.935393
13213,s,0.023128,0.032950,0.021500,38.950928,77.578351
13214,s,0.023128,0.012750,0.021500,45.689453,57.378351
13230,p,0.003780,0.004350,0.021500,18.104980,29.629849
13231,s,0.023128,0.014750,0.018500,27.437988,56.378351
13232,s,0.023128,0.026850,0.021500,34.406738,71.478351
13233,dp,0.002464,0.004050,0.019200,41.806396,25.714344
13234,ds,0.002343,0.035350,0.021500,49.081787,59.192513
13240,p,0.003780,0.006300,0.022000,28.001709,32.079849
13241,s,0.023128,0.091350,0.021500,37.347168,135.978351
13242,s,0.023128,0.020750,0.020000,44.366455,63.878351
13243,ds,0.002343,0.093350,0.019200,51.474121,114.892513
13244,pds,0.003022,0.128450,0.019200,70.279297,150.671933
13235,p,0.003780,0.011600,0.019200,18.070312,34.579849
13236,dp,0.002464,0.012800,0.019200,28.706787,34.464344
13237,p,0.003780,0.058800,0.021500,50.330566,84.079849
13238,d,0.002385,0.010800,0.020000,60.961182,33.185393
13239,p,0.003780,0.004900,0.018500,80.761719,27.179849
13245,p,0.003780,0.030250,0.022000,18.334961,56.029849
13246,s,0.023128,0.007350,0.022000,27.837402,52.478351
13247,s,0.023128,0.011700,0.021500,34.841309,56.328351
13248,ps,0.002840,0.006000,0.021500,53.703613,30.339786
13249,sps,0.018360,0.004150,0.018500,63.287842,41.010251
13255,s,0.023128,0.022400,0.019200,6.356689,64.728351
13256,s,0.023128,0.053700,0.021500,13.389893,98.328351
13257,ds,0.002343,0.059500,0.019200,20.822998,81.042513
13258,s,0.023128,0.098150,0.021500,28.144043,142.778351
13259,s,0.023128,0.006250,0.022000,35.079590,51.378351
13250,p,0.003780,0.011750,0.019200,19.049072,34.729849
13251,s,0.023128,0.007850,0.020000,28.992920,50.978351
13252,p,0.003780,0.120400,0.020000,48.411133,144.179849
13253,d,0.002385,0.018950,0.018500,58.091797,39.835393
13254,sd,0.018668,0.006200,0.021500,65.221191,46.367773
13265,s,0.023128,0.058450,0.020000,21.543213,101.578351
13266,d,0.002385,0.095550,0.020000,29.366699,117.935393
13267,p,0.003780,0.063650,0.022000,47.826172,89.429849
13268,ss,0.018821,0.066750,0.020000,56.953125,105.570769
13269,s,0.023128,0.007850,0.022000,63.660889,52.978351
13260,p,0.003780,0.074650,0.019200,18.967285,97.629849
13261,p,0.003780,0.004450,0.022000,40.045410,30.229849
13262,pp,0.002838,0.067950,0.019200,60.765137,89.988325
13263,d,0.002385,0.014800,0.021500,72.238770,38.685393
13264,spp,0.018537,0.086300,0.019200,79.478516,124.037181
13275,p,0.003780,0.020750,0.018500,34.760254,43.029849
13276,p,0.003780,0.004750,0.019200,56.000977,27.729849
13277,p,0.003780,0.025500,0.018500,78.608643,47.779849
13278,d,0.002385,0.144400,0.020000,89.213867,166.785393
13279,dp,0.002464,0.015850,0.022000,97.078125,40.314344
13270,p,0.003780,0.013250,0.019200,36.158447,36.229849
13271,d,0.002385,0.053500,0.022000,45.630127,77.885393
13272,d,0.002385,0.123250,0.022000,52.550293,147.635393
13273,sp,0.018754,0.015650,0.022000,59.569580,56.403690
13274,sd,0.018668,0.084450,0.020000,66.315186,123.117773
13285,p,0.003780,0.013700,0.018500,18.194336,35.979849
13286,pp,0.002838,0.015750,0.021500,38.762451,40.088325
13287,d,0.002385,0.071750,0.020000,48.766357,94.135393
13288,p,0.003780,0.020850,0.018500,67.564697,43.129849
13289,p,0.003780,0.011600,0.018500,88.131836,33.879849
13280,s,0.023128,0.086500,0.020000,6.288818,129.628351
13281,ss,0.018821,0.072000,0.022000,13.270996,112.820769
13282,d,0.002385,0.014800,0.020000,20.428467,37.185393
13283,dss,0.002842,0.061700,0.020000,27.629639,84.541615
13284,s,0.023128,0.029250,0.018500,34.582031,70.878351
13295,p,0.003780,0.068400,0.022000,32.107666,94.179849
13296,dp,0.002464,0.077050,0.022000,42.011963,101.514344
13297,d,0.002385,0.059400,0.021500,49.345703,83.285393
13298,s,0.023128,0.038450,0.022000,56.438232,83.578351
13299,s,0.023128,0.008950,0.018500,63.354980,50.578351
13300,s,0.023128,0.004750,0.018500,13.447510,46.378351
13301,d,0.002385,0.045400,0.021500,21.739502,69.285393
13302,pd,0.002977,0.093500,0.020000,42.220703,116.477001
13303,dpd,0.002513,0.107350,0.020000,52.356445,129.862673
13304,s,0.023128,0.091650,0.021500,59.698242,136.278351
13290,d,0.002385,0.109550,0.019200,24.042480,131.135393
13291,d,0.002385,0.118100,0.018500,32.171143,138.985393
13292,p,0.003780,0.017850,0.018500,51.097900,40.129849
13293,s,0.023128,0.068600,0.020000,60.459717,111.728351
13294,pd,0.002977,0.063650,0.018500,78.978516,85.127001
13320,d,0.002385,0.051850,0.020000,6.788818,74.235393
13321,pd,0.002977,0.072600,0.020000,25.170898,95.577001
13322,s,0.023128,0.085200,0.021500,34.122070,129.828351
13323,ds,0.002343,0.047600,0.018500,40.973145,68.442513
13324,d,0.002385,0.102150,0.021500,47.970215,126.035393
13305,p,0.003780,0.101550,0.020000,18.719482,125.329849
13306,dp,0.002464,0.034400,0.018500,28.121094,55.364344
13307,p,0.003780,0.096550,0.022000,46.754150,122.329849
13308,dp,0.002464,0.030050,0.018500,56.255615,51.014344
13309,sdp,0.018492,0.034050,0.021500,63.528076,74.041971
13315,s,0.023128,0.005750,0.019200,6.488037,48.078351
13316,p,0.003780,0.006950,0.018500,25.329834,29.229849
13317,d,0.002385,0.061050,0.019200,35.355713,82.635393
13318,ss,0.018821,0.004450,0.021500,42.450928,44.770769
13319,sss,0.019288,0.005100,0.021500,49.405273,45.888093
13310,s,0.023128,0.004500,0.021500,6.474365,49.128351
13311,s,0.023128,0.067950,0.020000,13.538086,111.078351
13312,d,0.002385,0.017600,0.020000,20.657227,39.985393
13313,ss,0.018821,0.005600,0.018500,27.557861,42.920769
13314,pd,0.002977,0.005850,0.020000,46.133057,28.827001
13325,d,0.002385,0.036100,0.021500,23.892090,59.985393
13326,p,0.003780,0.006400,0.022000,43.253174,32.179849
13327,p,0.003780,0.089600,0.020000,63.934814,113.379849
13328,p,0.003780,0.091300,0.020000,84.463867,115.079849
13329,s,0.023128,0.007500,0.021500,93.679443,52.128351
13330,d,0.002385,0.063700,0.021500,6.789551,87.585393
13331,s,0.023128,0.058700,0.018500,13.879395,100.328351
13332,ps,0.002840,0.074750,0.021500,32.486816,99.089786
13333,s,0.023128,0.004550,0.021500,41.766113,49.178351
13334,pd,0.002977,0.043300,0.021500,61.004639,67.777001
13340,d,0.002385,0.048200,0.020000,13.797363,70.585393
13341,s,0.023128,0.013250,0.022000,20.854980,58.378351
13342,ds,0.002343,0.011400,0.020000,27.948486,33.742513
13343,p,0.003780,0.005550,0.022000,46.546387,31.329849
13344,p,0.003780,0.072950,0.019200,67.855225,95.929849
13335,p,0.003780,0.010150,0.019200,35.789551,33.129849
13336,d,0.002385,0.048900,0.018500,45.277832,69.785393
13337,pd,0.002977,0.068450,0.020000,63.450928,91.427001
13338,s,0.023128,0.015700,0.021500,72.445068,60.328351
13339,ppd,0.002827,0.084000,0.020000,90.651611,106.826719
13345,p,0.003780,0.016600,0.018500,19.595215,38.879849
13346,sp,0.018754,0.088200,0.021500,29.562744,128.453690
13347,psp,0.002926,0.056650,0.018500,48.195068,78.075658
13348,pps,0.002854,0.070400,0.022000,69.226074,95.254053
13349,p,0.003780,0.076000,0.019200,90.370361,98.979849
13350,d,0.002385,0.133750,0.022000,22.750488,158.135393
13351,d,0.002385,0.033050,0.022000,30.405273,57.435393
13352,dd,0.002426,0.099750,0.018500,37.641602,120.675915
13353,d,0.002385,0.006800,0.021500,44.925537,30.685393
13354,sd,0.018668,0.057250,0.021500,51.969971,97.417773
13355,d,0.002385,0.004550,0.019200,16.948242,26.135393
13356,p,0.003780,0.013950,0.021500,44.536621,39.229849
13357,d,0.002385,0.006950,0.020000,54.266113,29.335393
13358,s,0.023128,0.062200,0.019200,61.581055,104.528351
13359,dd,0.002426,0.009300,0.019200,69.526611,30.925915
13360,p,0.003780,0.005500,0.022000,18.102539,31.279849
13361,s,0.023128,0.008100,0.018500,27.547363,49.728351
13362,ss,0.018821,0.016300,0.021500,34.501221,56.620769
13363,d,0.002385,0.049650,0.022000,41.705078,74.035393
13364,pd,0.002977,0.016600,0.019200,60.455078,38.777001
13365,p,0.003780,0.060200,0.021500,19.050781,85.479849
13366,p,0.003780,0.081250,0.018500,40.154785,103.529849
13367,sp,0.018754,0.051450,0.018500,49.519043,88.703690
13368,p,0.003780,0.119100,0.018500,68.358643,141.379849
13369,p,0.003780,0.005700,0.018500,89.133301,27.979849
13370,d,0.002385,0.014800,0.018500,6.738525,35.685393
13371,p,0.003780,0.024100,0.021500,25.479492,49.379849
13372,s,0.023128,0.072000,0.021500,34.750977,116.628351
13373,dd,0.002426,0.047750,0.018500,41.837158,68.675915
13374,d,0.002385,0.022500,0.018500,49.000244,43.385393
13375,d,0.002385,0.014550,0.020000,23.946045,36.935393
13376,d,0.002385,0.094100,0.018500,32.194824,114.985393
13377,s,0.023128,0.023200,0.021500,39.927002,67.828351
13378,ds,0.002343,0.015350,0.021500,47.601562,39.192513
13379,sd,0.018668,0.050000,0.020000,55.199951,88.667773
13385,d,0.002385,0.010550,0.020000,10.303711,32.935393
13386,sd,0.018668,0.005750,0.022000,18.629639,46.417773
13387,p,0.003780,0.106800,0.018500,37.942139,129.079849
13388,ss,0.018821,0.009750,0.019200,47.478027,47.770769
13389,s,0.023128,0.082350,0.022000,54.592041,127.478351
13380,s,0.023128,0.005300,0.019200,7.227539,47.628351
13381,s,0.023128,0.081850,0.020000,15.645264,124.978351
13382,s,0.023128,0.054750,0.021500,23.594727,99.378351
13383,d,0.002385,0.096450,0.019200,31.520508,118.035393
13384,d,0.002385,0.021500,0.020000,39.814209,43.885393
13395,d,0.002385,0.056800,0.021500,6.900391,80.685393
13396,d,0.002385,0.061150,0.021500,14.671387,85.035393
13397,sd,0.018668,0.080850,0.019200,21.822754,118.717773
13398,p,0.003780,0.010650,0.022000,40.349854,36.429849
13399,d,0.002385,0.004650,0.020000,50.064209,27.035393
13400,d,0.002385,0.003650,0.018500,23.865723,24.535393
13401,s,0.023128,0.035550,0.020000,31.633789,78.678351
13402,dd,0.002426,0.006650,0.021500,38.647461,30.575915
13403,s,0.023128,0.089000,0.018500,45.591064,130.628351
13404,ps,0.002840,0.011950,0.020000,64.290039,34.789786
13390,d,0.002385,0.006450,0.020000,17.361084,28.835393
13391,dd,0.002426,0.017750,0.019200,25.844482,39.375915
13392,s,0.023128,0.031250,0.019200,32.680908,73.578351
13393,p,0.003780,0.013700,0.022000,51.187500,39.479849
13394,p,0.003780,0.007000,0.019200,72.197998,29.979849
13405,d,0.002385,0.092300,0.022000,7.846191,116.685393
13406,s,0.023128,0.043250,0.020000,15.401611,86.378351
13407,p,0.003780,0.053450,0.022000,34.781494,79.229849
13408,pp,0.002838,0.059500,0.022000,55.480469,84.338325
13409,s,0.023128,0.057000,0.019200,65.063965,99.328351
13420,d,0.002385,0.082400,0.019200,7.020752,103.985393
13421,d,0.002385,0.072450,0.021500,14.476074,96.335393
13422,s,0.023128,0.106800,0.021500,21.656738,151.428351
13423,ps,0.002840,0.020850,0.020000,41.111572,43.689786
13424,p,0.003780,0.016750,0.020000,62.464844,40.529849
13415,p,0.003780,0.073550,0.018500,18.489502,95.829849
13416,d,0.002385,0.080450,0.019200,28.574951,102.035393
13417,dp,0.002464,0.072800,0.019200,35.704590,94.464344
13418,ddp,0.002502,0.082700,0.019200,42.765381,104.401712
13419,s,0.023128,0.005250,0.022000,49.725830,50.378351
13410,p,0.003780,0.016500,0.019200,18.540527,39.479849
13411,dp,0.002464,0.005750,0.018500,28.307373,26.714344
13412,s,0.023128,0.093350,0.019200,35.639893,135.678351
13413,d,0.002385,0.060550,0.021500,43.039551,84.435393
13414,p,0.003780,0.005050,0.019200,61.947510,28.029849
13425,d,0.002385,0.020400,0.022000,6.866211,44.785393
13426,p,0.003780,0.045650,0.019200,25.754395,68.629849
13427,d,0.002385,0.097350,0.022000,35.500000,121.735393
13428,dp,0.002464,0.016950,0.022000,42.591309,41.414344
13429,pdp,0.002932,0.027050,0.019200,61.601318,49.181683
13430,p,0.003780,0.003800,0.020000,18.217041,27.579849
13431,p,0.003780,0.013250,0.018500,39.667480,35.529849
13432,d,0.002385,0.005550,0.018500,49.377686,26.435393
13433,dp,0.002464,0.021000,0.019200,56.777344,42.664344
13434,sd,0.018668,0.009200,0.020000,63.988770,47.867773
13435,s,0.023128,0.052250,0.020000,6.556885,95.378351
13436,d,0.002385,0.017650,0.021500,14.175293,41.535393
13437,d,0.002385,0.005350,0.022000,21.474854,29.735393
13438,s,0.023128,0.011100,0.019200,28.389893,53.428351
13439,ds,0.002343,0.012600,0.018500,35.712402,33.442513
13445,d,0.002385,0.015000,0.018500,9.617432,35.885393
13446,s,0.023128,0.004200,0.021500,16.570068,48.828351
13447,d,0.002385,0.061400,0.022000,23.714355,85.785393
13448,ss,0.018821,0.004150,0.022000,30.695801,44.970769
13449,dd,0.002426,0.067950,0.020000,37.720459,90.375915
13440,d,0.002385,0.057200,0.020000,6.881836,79.585393
13441,s,0.023128,0.074450,0.018500,14.228760,116.078351
13442,pd,0.002977,0.070850,0.020000,32.981201,93.827001
13443,s,0.023128,0.011850,0.018500,42.521240,53.478351
13444,spd,0.018317,0.026400,0.019200,49.710205,63.917325
13455,d,0.002385,0.017500,0.019200,13.937744,39.085393
13456,sd,0.018668,0.120700,0.020000,21.218750,159.367773
13457,p,0.003780,0.008250,0.018500,40.150879,30.529849
13458,d,0.002385,0.071200,0.018500,49.679688,92.085393
13459,d,0.002385,0.018450,0.021500,57.033203,42.335393
13460,s,0.023128,0.099050,0.019200,23.456543,141.378351
13461,p,0.003780,0.023650,0.019200,43.725098,46.629849
13462,p,0.003780,0.105700,0.019200,64.878174,128.679849
13463,s,0.023128,0.004500,0.022000,74.114990,49.628351
13464,ps,0.002840,0.006200,0.022000,92.702637,31.039786
13450,p,0.003780,0.017250,0.022000,18.214600,43.029849
13451,d,0.002385,0.015000,0.018500,27.987061,35.885393
13452,dp,0.002464,0.012750,0.018500,35.272461,33.714344
13453,d,0.002385,0.005450,0.022000,42.499023,29.835393
13454,dd,0.002426,0.004600,0.022000,49.792969,29.025915
13465,s,0.023128,0.020950,0.022000,6.970703,66.078351
13466,s,0.023128,0.005850,0.019200,14.000977,48.178351
13467,p,0.003780,0.088500,0.018500,32.987793,110.779849
13468,d,0.002385,0.082900,0.021500,42.573975,106.785393
13469,sp,0.018754,0.054950,0.020000,49.520264,93.703690
13475,p,0.003780,0.007250,0.018500,20.884766,29.529849
13476,p,0.003780,0.054550,0.019200,41.784912,77.529849
13477,d,0.002385,0.004550,0.018500,51.617432,25.435393
13478,pp,0.002838,0.017900,0.019200,70.075928,39.938325
13479,p,0.003780,0.004950,0.021500,90.754150,30.229849
13470,s,0.023128,0.061700,0.020000,6.600586,104.828351
13471,s,0.023128,0.120700,0.018500,13.748779,162.328351
13472,p,0.003780,0.015600,0.022000,33.194824,41.379849
13473,ss,0.018821,0.026750,0.022000,42.755127,67.570769
13474,sp,0.018754,0.013050,0.019200,49.757568,51.003690
13480,d,0.002385,0.028050,0.021500,7.258545,51.935393
13481,d,0.002385,0.005350,0.021500,15.257568,29.235393
13482,p,0.003780,0.012150,0.021500,34.845703,37.429849
13483,d,0.002385,0.105700,0.018500,44.632812,126.585393
13484,p,0.003780,0.062350,0.018500,63.683838,84.629849
13490,s,0.023128,0.067850,0.022000,17.432861,112.978351
13491,p,0.003780,0.090850,0.019200,36.164551,113.829849
13492,dp,0.002464,0.115150,0.019200,45.732178,136.814344
13493,sdp,0.018492,0.066450,0.018500,52.594727,103.441971
13494,s,0.023128,0.016750,0.021500,59.424805,61.378351
13485,s,0.023128,0.009000,0.020000,22.030029,52.128351
13486,s,0.023128,0.091600,0.019200,29.682617,133.928351
13487,d,0.002385,0.015400,0.022000,36.955811,39.785393
13488,dd,0.002426,0.121800,0.019200,44.070557,143.425915
13489,ss,0.018821,0.010800,0.018500,51.001709,48.120769
13495,p,0.003780,0.067400,0.022000,33.833008,93.179849
13496,sp,0.018754,0.041950,0.021500,42.970703,82.203690
13497,p,0.003780,0.004350,0.020000,61.284668,28.129849
13498,s,0.023128,0.070100,0.021500,70.956299,114.728351
13499,ds,0.002343,0.057900,0.019200,78.110840,79.442513
13500,s,0.023128,0.034250,0.022000,6.434082,79.378351
13501,p,0.003780,0.012200,0.022000,30.614258,37.979849
13502,p,0.003780,0.079600,0.018500,51.621094,101.879849
13503,sp,0.018754,0.020000,0.022000,60.902344,60.753690
13504,d,0.002385,0.005350,0.022000,68.058105,29.735393
13505,d,0.002385,0.004850,0.022000,7.194092,29.235393
13506,p,0.003780,0.027950,0.019200,26.985352,50.929849
13507,s,0.023128,0.026150,0.020000,37.458984,69.278351
13508,p,0.003780,0.006900,0.018500,58.920654,29.179849
13509,d,0.002385,0.013000,0.018500,69.257324,33.885393
13510,p,0.003780,0.073550,0.020000,26.588135,97.329849
13511,d,0.002385,0.004500,0.020000,36.102539,26.885393
13512,p,0.003780,0.043350,0.022000,54.495850,69.129849
13513,d,0.002385,0.007000,0.021500,63.874756,30.885393
13514,pp,0.002838,0.061150,0.019200,82.387939,83.188325
13515,d,0.002385,0.051900,0.021500,6.857666,75.785393
13516,dd,0.002426,0.043750,0.022000,14.029053,68.175915
13517,s,0.023128,0.025700,0.020000,20.929443,68.828351
13518,s,0.023128,0.014900,0.019200,28.030273,57.228351
13519,ds,0.002343,0.084550,0.018500,35.560303,105.392513
13525,p,0.003780,0.051300,0.018500,18.251465,73.579849
13526,p,0.003780,0.004500,0.021500,39.088135,29.779849
13527,p,0.003780,0.060400,0.022000,59.859375,86.179849
13528,p,0.003780,0.093850,0.020000,80.902588,117.629849
13529,dp,0.002464,0.112100,0.020000,90.196289,134.564344
13520,s,0.023128,0.046050,0.018500,6.357910,87.678351
13521,s,0.023128,0.107650,0.020000,13.453369,150.778351
13522,s,0.023128,0.014950,0.020000,20.517822,58.078351
13523,ps,0.002840,0.018050,0.022000,39.111816,42.889786
13524,d,0.002385,0.005300,0.022000,48.673096,29.685393
13530,s,0.023128,0.018750,0.018500,23.429932,60.378351
13531,ps,0.002840,0.057250,0.021500,42.925293,81.589786
13532,p,0.003780,0.013850,0.022000,63.734863,39.629849
13533,p,0.003780,0.090250,0.021500,84.652832,115.529849
13534,pp,0.002838,0.096550,0.018500,105.375488,117.888325
13540,p,0.003780,0.045450,0.019200,19.618652,68.429849
13541,p,0.003780,0.008100,0.018500,41.264648,30.379849
13542,pp,0.002838,0.038150,0.021500,62.374023,62.488325
13543,pp,0.002838,0.025700,0.021500,83.073975,50.038325
13544,dp,0.002464,0.080400,0.022000,94.835449,104.864344
13535,p,0.003780,0.020350,0.022000,18.121338,46.129849
13536,sp,0.018754,0.049350,0.022000,27.618896,90.103690
13537,d,0.002385,0.007250,0.020000,35.048096,29.635393
13538,ssp,0.018787,0.053800,0.020000,42.065186,92.587195
13539,dd,0.002426,0.015600,0.020000,49.292236,38.025915
13545,s,0.023128,0.011150,0.020000,7.987061,54.278351
13546,d,0.002385,0.055550,0.019200,15.305420,77.135393
13547,sd,0.018668,0.068500,0.020000,22.360352,107.167773
13548,s,0.023128,0.004850,0.022000,29.138916,49.978351
13549,d,0.002385,0.054300,0.019200,36.330078,75.885393
13555,p,0.003780,0.011000,0.020000,18.101807,34.779849
13556,p,0.003780,0.108350,0.022000,40.430664,134.129849
13557,p,0.003780,0.005500,0.018500,62.752197,27.779849
13558,p,0.003780,0.003700,0.022000,84.078613,29.479849
13559,sp,0.018754,0.056150,0.021500,94.076660,96.403690
13550,d,0.002385,0.034250,0.018500,23.531982,55.135393
13551,d,0.002385,0.008800,0.022000,31.366455,33.185393
13552,d,0.002385,0.056600,0.022000,38.405518,80.985393
13553,p,0.003780,0.086450,0.019200,57.109619,109.429849
13554,sp,0.018754,0.080000,0.020000,66.255127,118.753690
13560,d,0.002385,0.004400,0.019200,6.834961,25.985393
13561,p,0.003780,0.025500,0.022000,25.758057,51.279849
13562,d,0.002385,0.091300,0.021500,35.574951,115.185393
13563,d,0.002385,0.010950,0.020000,42.597412,33.335393
13564,dd,0.002426,0.020350,0.020000,49.590820,42.775915
13565,p,0.003780,0.009500,0.022000,18.903564,35.279849
13566,p,0.003780,0.005000,0.019200,39.958496,27.979849
13567,s,0.023128,0.076450,0.020000,49.565918,119.578351
13568,ds,0.002343,0.049250,0.020000,56.848145,71.592513
13569,d,0.002385,0.077000,0.021500,64.309082,100.885393
13570,s,0.023128,0.010800,0.019200,6.312744,53.128351
13571,p,0.003780,0.084250,0.018500,25.154053,106.529849
13572,s,0.023128,0.095250,0.019200,34.409668,137.578351
13573,ds,0.002343,0.075050,0.020000,41.534668,97.392513
13574,p,0.003780,0.022800,0.019200,60.073242,45.779849
13575,p,0.003780,0.039400,0.020000,18.247314,63.179849
13576,s,0.023128,0.012700,0.019200,27.737549,55.028351
13577,p,0.003780,0.031550,0.022000,46.614258,57.329849
13578,pp,0.002838,0.105250,0.019200,67.375488,127.288325
13579,s,0.023128,0.093950,0.018500,77.084229,135.578351
13580,s,0.023128,0.137200,0.019200,6.463867,179.528351
13581,d,0.002385,0.019150,0.021500,13.673096,43.035393
13582,s,0.023128,0.106750,0.021500,20.494141,151.378351
13583,ds,0.002343,0.066450,0.021500,27.615234,90.292513
13584,ss,0.018821,0.105850,0.018500,34.308838,143.170769
13585,s,0.023128,0.106750,0.022000,6.795166,151.878351
13586,ps,0.002840,0.072600,0.021500,26.338623,96.939786
13587,s,0.023128,0.003400,0.022000,35.773682,48.528351
13588,s,0.023128,0.023250,0.022000,42.655518,68.378351
13589,ps,0.002840,0.162000,0.019200,61.419922,184.039786
13590,p,0.003780,0.106250,0.022000,35.592529,132.029849
13591,pp,0.002838,0.033750,0.018500,57.078125,55.088325
13592,s,0.023128,0.015050,0.020000,66.572754,58.178351
13593,dpp,0.002514,0.024950,0.018500,73.887207,45.964416
13594,d,0.002385,0.062100,0.020000,81.327393,84.485393
13595,s,0.023128,0.047100,0.018500,8.956299,88.728351
13596,p,0.003780,0.024200,0.022000,28.559082,49.979849
13597,p,0.003780,0.080100,0.019200,49.643066,103.079849
13598,sp,0.018754,0.095550,0.018500,58.794678,132.803690
13599,d,0.002385,0.094300,0.021500,65.831299,118.185393
13600,d,0.002385,0.081550,0.020000,23.289551,103.935393
13601,dd,0.002426,0.062500,0.018500,31.090576,83.425915
13602,d,0.002385,0.057550,0.019200,38.170166,79.135393
13603,sdd,0.018511,0.099400,0.018500,44.994873,136.410933
13604,p,0.003780,0.005150,0.021500,63.307129,30.429849
13605,d,0.002385,0.063650,0.018500,6.796875,84.535393
13606,p,0.003780,0.018450,0.020000,25.410156,42.229849
13607,d,0.002385,0.017850,0.022000,34.736084,42.235393
13608,sd,0.018668,0.099600,0.022000,41.558838,140.267773
13609,s,0.023128,0.085750,0.020000,48.248779,128.878351
13615,p,0.003780,0.012800,0.021500,19.789307,38.079849
13616,p,0.003780,0.006750,0.022000,41.026855,32.529849
13617,dp,0.002464,0.029250,0.022000,51.066406,53.714344
13618,sp,0.018754,0.004550,0.018500,58.540771,41.803690
13619,d,0.002385,0.089300,0.021500,66.355469,113.185393
13610,p,0.003780,0.024100,0.020000,18.397949,47.879849
13611,d,0.002385,0.075250,0.019200,27.979736,96.835393
13612,sd,0.018668,0.080250,0.020000,34.869629,118.917773
13613,s,0.023128,0.010650,0.020000,41.642822,53.778351
13614,pp,0.002838,0.112250,0.020000,60.172119,135.088325
13620,p,0.003780,0.011300,0.022000,25.200684,37.079849
13621,s,0.023128,0.005250,0.021500,34.658936,49.878351
13622,dp,0.002464,0.016500,0.022000,41.921143,40.964344
13623,p,0.003780,0.066450,0.022000,60.699951,92.229849
13624,p,0.003780,0.110900,0.019200,82.400635,133.879849
13630,s,0.023128,0.107150,0.021500,6.550049,151.778351
13631,d,0.002385,0.009150,0.019200,13.918457,30.735393
13632,s,0.023128,0.007450,0.018500,21.165283,49.078351
13633,s,0.023128,0.094100,0.020000,28.266113,137.228351
13634,ps,0.002840,0.136900,0.020000,46.612061,159.739786
13625,s,0.023128,0.100950,0.020000,6.971680,144.078351
13626,d,0.002385,0.006900,0.018500,14.528076,27.785393
13627,d,0.002385,0.070900,0.020000,21.875977,93.285393
13628,pd,0.002977,0.008700,0.018500,40.878662,30.177001
13629,s,0.023128,0.054950,0.022000,49.991943,100.078351
13640,d,0.002385,0.035550,0.019200,7.105957,57.135393
13641,dd,0.002426,0.011000,0.019200,14.959229,32.625915
13642,ddd,0.002493,0.007100,0.021500,22.319092,31.093417
13643,d,0.002385,0.005300,0.018500,29.582031,26.185393
13644,s,0.023128,0.076300,0.021500,36.436279,120.928351
13645,s,0.023128,0.054250,0.019200,6.983398,96.578351
13646,p,0.003780,0.014200,0.021500,26.841553,39.479849
13647,s,0.023128,0.005000,0.021500,36.701172,49.628351
13648,p,0.003780,0.035450,0.019200,55.701416,58.429849
13649,s,0.023128,0.017850,0.019200,65.130127,60.178351
13635,p,0.003780,0.100750,0.022000,23.989014,126.529849
13636,d,0.002385,0.031100,0.022000,33.590576,55.485393
13637,s,0.023128,0.077450,0.021500,40.551270,122.078351
13638,s,0.023128,0.007600,0.018500,47.488525,49.228351
13639,ds,0.002343,0.062100,0.018500,54.685303,82.942513
13650,s,0.023128,0.016300,0.020000,23.442871,59.428351
13651,ss,0.018821,0.102750,0.022000,31.235107,143.570769
13652,p,0.003780,0.008100,0.018500,49.798828,30.379849
13653,s,0.023128,0.028800,0.022000,59.120117,73.928351
13654,p,0.003780,0.071450,0.019200,77.537598,94.429849
13655,d,0.002385,0.011100,0.019200,11.985352,32.685393
13656,p,0.003780,0.005600,0.020000,30.511475,29.379849
13657,d,0.002385,0.014150,0.020000,39.944824,36.535393
13658,sd,0.018668,0.018850,0.019200,46.799561,56.717773
13659,d,0.002385,0.058400,0.022000,54.030029,82.785393
13660,s,0.023128,0.015700,0.022000,23.499512,60.828351
13661,p,0.003780,0.090800,0.021500,43.086670,116.079849
13662,d,0.002385,0.058450,0.020000,52.652344,80.835393
13663,dd,0.002426,0.128600,0.018500,60.100342,149.525915
13664,p,0.003780,0.049550,0.020000,78.723633,73.329849
13665,d,0.002385,0.006350,0.022000,13.678467,30.735393
13666,pd,0.002977,0.004650,0.020000,32.895264,27.627001
13667,d,0.002385,0.057900,0.018500,42.559814,78.785393
13668,dp,0.002464,0.007850,0.022000,49.791016,32.314344
13669,s,0.023128,0.027450,0.018500,57.086182,69.078351
13670,p,0.003780,0.007850,0.019200,31.165039,30.829849
13671,s,0.023128,0.071450,0.022000,40.338379,116.578351
13672,sp,0.018754,0.005150,0.021500,47.122070,45.403690
13673,d,0.002385,0.062100,0.021500,54.244385,85.985393
13674,ps,0.002840,0.004400,0.018500,72.685791,25.739786
13675,p,0.003780,0.061000,0.022000,36.408936,86.779849
13676,s,0.023128,0.004550,0.021500,45.824219,49.178351
13677,p,0.003780,0.056650,0.019200,64.240479,79.629849
13678,ps,0.002840,0.004150,0.019200,85.027588,26.189786
13679,dps,0.002445,0.004450,0.020000,94.538818,26.894936
13685,s,0.023128,0.044550,0.021500,7.135254,89.178351
13686,ps,0.002840,0.018050,0.022000,27.211182,42.889786
13687,p,0.003780,0.044850,0.022000,48.645996,70.629849
13688,d,0.002385,0.005050,0.022000,57.908936,29.435393
13689,s,0.023128,0.011600,0.022000,64.996338,56.728351
13680,s,0.023128,0.098650,0.020000,6.468018,141.778351
13681,d,0.002385,0.006750,0.022000,13.858887,31.135393
13682,d,0.002385,0.005600,0.018500,21.302002,26.485393
13683,p,0.003780,0.115850,0.021500,40.452148,141.129849
13684,ps,0.002840,0.003800,0.018500,61.283447,25.139786
13690,d,0.002385,0.065150,0.022000,6.905273,89.535393
13691,d,0.002385,0.007450,0.021500,14.452881,31.335393
13692,d,0.002385,0.032000,0.019200,22.006104,53.585393
13693,sd,0.018668,0.015050,0.018500,29.030029,52.217773
13694,dsd,0.002613,0.054550,0.022000,36.241211,79.162551
13695,d,0.002385,0.074300,0.020000,7.170654,96.685393
13696,d,0.002385,0.006200,0.019200,14.744629,27.785393
13697,sd,0.018668,0.032400,0.018500,21.936523,69.567773
13698,ssd,0.018735,0.010000,0.019200,29.274414,47.934503
13699,dssd,0.002931,0.003700,0.020000,36.738281,26.631476
13700,s,0.023128,0.007700,0.018500,6.642090,49.328351
13701,p,0.003780,0.031550,0.022000,27.178711,57.329849
13702,p,0.003780,0.007250,0.018500,53.084717,29.529849
13703,d,0.002385,0.102650,0.020000,64.092773,125.035393
13704,p,0.003780,0.016550,0.021500,83.604980,41.829849
13710,d,0.002385,0.007000,0.020000,7.765137,29.385393
13711,p,0.003780,0.041800,0.018500,31.122070,64.079849
13712,p,0.003780,0.087950,0.022000,54.781982,113.729849
13713,d,0.002385,0.032600,0.019200,65.701904,54.185393
13714,p,0.003780,0.013500,0.019200,86.635986,36.479849
13715,s,0.023128,0.101700,0.021500,6.456055,146.328351
13716,d,0.002385,0.062250,0.021500,13.781006,86.135393
13717,s,0.023128,0.071150,0.022000,20.726807,116.278351
13718,ps,0.002840,0.044800,0.022000,39.750488,69.639786
13719,pps,0.002854,0.079550,0.020000,61.046387,102.404053
13705,s,0.023128,0.034450,0.022000,6.745117,79.578351
13706,d,0.002385,0.032150,0.019200,14.458008,53.735393
13707,pd,0.002977,0.086850,0.021500,33.617920,111.327001
13708,ppd,0.002827,0.020750,0.019200,55.471680,42.776719
13709,p,0.003780,0.007300,0.020000,77.867188,31.079849
13725,p,0.003780,0.057800,0.021500,28.572510,83.079849
13726,s,0.023128,0.005300,0.021500,37.656494,49.928351
13727,ds,0.002343,0.004050,0.018500,44.695068,24.892513
13728,s,0.023128,0.016950,0.020000,51.615723,60.078351
13729,sp,0.018754,0.061050,0.018500,58.480469,98.303690
13730,s,0.023128,0.012450,0.019200,22.088867,54.778351
13731,d,0.002385,0.114950,0.018500,30.112061,135.835393
13732,p,0.003780,0.004550,0.018500,48.870117,26.829849
13733,ss,0.018821,0.011850,0.018500,58.091553,49.170769
13734,dp,0.002464,0.006000,0.019200,65.054688,27.664344
13720,d,0.002385,0.075150,0.018500,7.142822,96.035393
13721,p,0.003780,0.007250,0.019200,27.940918,30.229849
13722,d,0.002385,0.089700,0.019200,38.549072,111.285393
13723,sp,0.018754,0.005150,0.021500,45.896973,45.403690
13724,d,0.002385,0.071450,0.020000,53.042969,93.835393
13735,s,0.023128,0.043750,0.019200,9.293457,86.078351
13736,s,0.023128,0.016500,0.021500,16.345459,61.128351
13737,d,0.002385,0.072050,0.021500,23.450928,95.935393
13738,ds,0.002343,0.023650,0.022000,30.530518,47.992513
13739,pd,0.002977,0.020000,0.022000,49.031494,44.977001
13745,p,0.003780,0.029150,0.022000,18.036865,54.929849
13746,p,0.003780,0.074850,0.021500,39.024414,100.129849
13747,s,0.023128,0.010150,0.019200,48.461914,52.478351
13748,p,0.003780,0.031100,0.022000,67.258301,56.879849
13749,d,0.002385,0.004900,0.020000,76.523193,27.285393
13750,s,0.023128,0.100050,0.019200,6.445068,142.378351
13751,d,0.002385,0.025250,0.018500,13.620850,46.135393
13752,s,0.023128,0.007850,0.018500,20.644531,49.478351
13753,ps,0.002840,0.014800,0.020000,39.569824,37.639786
13754,sps,0.018360,0.021400,0.018500,49.006104,58.260251
13740,s,0.023128,0.079600,0.022000,15.471680,124.728351
13741,d,0.002385,0.003800,0.022000,22.644531,28.185393
13742,d,0.002385,0.054100,0.020000,29.816162,76.485393
13743,p,0.003780,0.054450,0.022000,50.623779,80.229849
13744,sd,0.018668,0.015950,0.019200,61.217285,53.817773
13760,d,0.002385,0.066200,0.018500,7.136719,87.085393
13761,s,0.023128,0.025100,0.018500,14.233887,66.728351
13762,s,0.023128,0.005500,0.020000,21.116943,48.628351
13763,p,0.003780,0.074300,0.018500,39.999756,96.579849
13764,sd,0.018668,0.129150,0.021500,49.834961,169.317773
13755,s,0.023128,0.051850,0.022000,7.478760,96.978351
13756,p,0.003780,0.020150,0.018500,26.130615,42.429849
13757,ss,0.018821,0.058450,0.022000,35.619385,99.270769
13758,d,0.002385,0.080400,0.021500,42.909424,104.285393
13759,s,0.023128,0.005300,0.018500,50.027344,46.928351
13765,d,0.002385,0.004550,0.021500,17.904541,28.435393
13766,p,0.003780,0.007950,0.021500,38.025635,33.229849
13767,d,0.002385,0.070650,0.021500,47.351318,94.535393
13768,sp,0.018754,0.012400,0.021500,54.291016,52.653690
13769,p,0.003780,0.068250,0.019200,72.515381,91.229849
13770,d,0.002385,0.083200,0.018500,14.624512,104.085393
13771,p,0.003780,0.028300,0.019200,35.498291,51.279849
13772,d,0.002385,0.005500,0.020000,44.711914,27.885393
13773,s,0.023128,0.037300,0.021500,51.525391,81.928351
13774,sd,0.018668,0.007250,0.020000,58.330078,45.917773
13775,p,0.003780,0.004850,0.021500,25.720459,30.129849
13776,d,0.002385,0.017500,0.020000,36.028564,39.885393
13777,sp,0.018754,0.006300,0.019200,43.431641,44.253690
13778,pd,0.002977,0.009050,0.018500,62.625000,30.527001
13779,spd,0.018317,0.008550,0.022000,71.905029,48.867325
13785,p,0.003780,0.057550,0.019200,21.661377,80.529849
13786,s,0.023128,0.062250,0.021500,32.950928,106.878351
13787,s,0.023128,0.011050,0.018500,41.322754,52.678351
13788,pp,0.002838,0.057000,0.021500,61.794434,81.338325
13789,ss,0.018821,0.060300,0.022000,71.155518,101.120769
13780,d,0.002385,0.013250,0.019200,6.714600,34.835393
13781,sd,0.018668,0.007000,0.019200,13.991455,44.867773
13782,p,0.003780,0.052650,0.022000,33.145508,78.429849
13783,p,0.003780,0.078150,0.021500,54.297363,103.429849
13784,s,0.023128,0.005150,0.022000,63.736328,50.278351
13790,s,0.023128,0.077050,0.021500,6.414551,121.678351
13791,p,0.003780,0.162000,0.020000,24.952148,185.779849
13792,p,0.003780,0.034350,0.022000,45.821777,60.129849
13793,d,0.002385,0.009500,0.018500,55.358887,30.385393
13794,pp,0.002838,0.040100,0.019200,74.153809,62.138325
13800,s,0.023128,0.006500,0.022000,6.404785,51.628351
13801,s,0.023128,0.026100,0.019200,13.352539,68.428351
13802,d,0.002385,0.004700,0.022000,20.912598,29.085393
13803,d,0.002385,0.067350,0.022000,28.187500,91.735393
13804,ds,0.002343,0.042650,0.019200,35.203125,64.192513
13805,p,0.003780,0.006650,0.022000,36.312744,32.429849
13806,s,0.023128,0.007600,0.021500,45.595215,52.228351
13807,p,0.003780,0.084450,0.020000,64.067627,108.229849
13808,p,0.003780,0.005900,0.020000,84.891357,29.679849
13809,ds,0.002343,0.005750,0.020000,94.256836,28.092513
13795,d,0.002385,0.123750,0.022000,7.781982,148.135393
13796,dd,0.002426,0.038700,0.022000,15.520996,63.125915
13797,d,0.002385,0.004600,0.019200,22.942871,26.185393
13798,s,0.023128,0.011400,0.022000,30.281250,56.528351
13799,d,0.002385,0.025250,0.022000,37.925781,49.635393
13810,d,0.002385,0.007800,0.020000,12.445557,30.185393
13811,p,0.003780,0.054450,0.021500,32.553223,79.729849
13812,p,0.003780,0.136450,0.022000,53.563965,162.229849
13813,dp,0.002464,0.081800,0.021500,63.148193,105.764344
13814,sp,0.018754,0.015350,0.021500,70.125977,55.603690
13815,p,0.003780,0.018750,0.018500,29.467529,41.029849
13816,d,0.002385,0.010100,0.021500,38.924316,33.985393
13817,p,0.003780,0.084000,0.022000,57.436279,109.779849
13818,p,0.003780,0.009500,0.018500,78.041748,31.779849
13819,pp,0.002838,0.075150,0.021500,98.584473,99.488325
13825,p,0.003780,0.083150,0.020000,18.109375,106.929849
13826,d,0.002385,0.006800,0.018500,27.403320,27.685393
13827,s,0.023128,0.063200,0.022000,34.294922,108.328351
13828,dd,0.002426,0.008100,0.019200,43.424316,29.725915
13829,ds,0.002343,0.095500,0.020000,50.462646,117.842513
13820,p,0.003780,0.057750,0.022000,18.364258,83.529849
13821,s,0.023128,0.059500,0.022000,27.714355,104.628351
13822,p,0.003780,0.070800,0.022000,46.031006,96.579849
13823,dp,0.002464,0.087650,0.022000,55.329590,112.114344
13824,ds,0.002343,0.024100,0.022000,62.314453,48.442513
13830,s,0.023128,0.018950,0.022000,22.944092,64.078351
13831,s,0.023128,0.021000,0.018500,30.524170,62.628351
13832,p,0.003780,0.006400,0.022000,49.097900,32.179849
13833,ps,0.002840,0.047750,0.019200,70.165039,69.789786
13834,dp,0.002464,0.004400,0.022000,79.920166,28.864344
13835,s,0.023128,0.073800,0.018500,12.631348,115.428351
13836,ss,0.018821,0.083900,0.019200,20.827148,121.920769
13837,p,0.003780,0.088400,0.022000,40.195312,114.179849
13838,p,0.003780,0.014350,0.020000,61.956787,38.129849
13839,dp,0.002464,0.009550,0.022000,71.795898,34.014344
13840,d,0.002385,0.075550,0.021500,6.759033,99.435393
13841,s,0.023128,0.014450,0.018500,13.833008,56.078351
13842,d,0.002385,0.039200,0.018500,21.111084,60.085393
13843,ds,0.002343,0.021150,0.020000,28.554932,43.492513
13844,dd,0.002426,0.064650,0.022000,35.675293,89.075915
13845,d,0.002385,0.063200,0.018500,9.148926,84.085393
13846,d,0.002385,0.089650,0.021500,17.565918,113.535393
13847,s,0.023128,0.004400,0.022000,25.253174,49.528351
13848,pd,0.002977,0.023200,0.019200,45.441406,45.377001
13849,ppd,0.002827,0.131100,0.019200,66.654541,153.126719
13850,p,0.003780,0.083200,0.022000,19.441895,108.979849
13851,d,0.002385,0.050300,0.021500,29.173096,74.185393
13852,s,0.023128,0.020800,0.021500,36.314453,65.428351
13853,ss,0.018821,0.011450,0.019200,43.366455,49.470769
13854,p,0.003780,0.029400,0.021500,61.922363,54.679849
13855,s,0.023128,0.004250,0.019200,23.198975,46.578351
13856,ps,0.002840,0.006350,0.019200,42.738770,28.389786
13857,s,0.023128,0.051850,0.018500,52.041016,93.478351
13858,p,0.003780,0.109450,0.020000,70.469482,133.229849
13859,s,0.023128,0.014300,0.018500,79.804199,55.928351
13865,s,0.023128,0.027950,0.022000,9.381348,73.078351
13866,s,0.023128,0.008450,0.022000,16.529297,53.578351
13867,d,0.002385,0.007000,0.020000,24.333740,29.385393
13868,dd,0.002426,0.016050,0.019200,32.473633,37.675915
13869,sdd,0.018511,0.013400,0.018500,40.122559,50.410933
13860,p,0.003780,0.041300,0.021500,18.063721,66.579849
13861,sp,0.018754,0.059200,0.019200,27.336914,97.153690
13862,s,0.023128,0.005500,0.021500,34.317383,50.128351
13863,d,0.002385,0.011450,0.018500,41.536133,32.335393
13864,sd,0.018668,0.011250,0.022000,48.516357,51.917773
13870,s,0.023128,0.004600,0.019200,6.476807,46.928351
13871,p,0.003780,0.007950,0.019200,32.342041,30.929849
13872,s,0.023128,0.012750,0.022000,41.660156,57.878351
13873,p,0.003780,0.112100,0.019200,60.395996,135.079849
13874,p,0.003780,0.056150,0.022000,81.306641,81.929849
13880,s,0.023128,0.057750,0.021500,14.503418,102.378351
13881,ps,0.002840,0.049150,0.021500,35.079346,73.489786
13882,p,0.003780,0.061150,0.020000,56.555664,84.929849
13883,p,0.003780,0.153000,0.018500,77.357178,175.279849
13884,sp,0.018754,0.119800,0.021500,86.435547,160.053690
13875,s,0.023128,0.024300,0.022000,23.367188,69.428351
13876,p,0.003780,0.011800,0.021500,42.978760,37.079849
13877,ss,0.018821,0.080550,0.020000,52.018066,119.370769
13878,s,0.023128,0.004700,0.021500,58.944580,49.328351
13879,d,0.002385,0.058450,0.022000,66.177979,82.835393
13885,p,0.003780,0.004350,0.021500,29.116211,29.629849
13886,d,0.002385,0.018450,0.021500,38.554443,42.335393
13887,p,0.003780,0.008200,0.021500,56.944824,33.479849
13888,d,0.002385,0.065600,0.020000,66.588135,87.985393
13889,p,0.003780,0.092550,0.020000,85.944580,116.329849
13890,p,0.003780,0.033900,0.020000,18.666992,57.679849
13891,d,0.002385,0.004000,0.021500,28.189209,27.885393
13892,s,0.023128,0.014700,0.018500,35.174072,56.328351
13893,dd,0.002426,0.006700,0.022000,42.869629,31.125915
13894,d,0.002385,0.082100,0.018500,50.225342,102.985393
13895,d,0.002385,0.009200,0.022000,20.184814,33.585393
13896,dd,0.002426,0.010300,0.020000,27.852051,32.725915
13897,sdd,0.018511,0.003700,0.019200,34.868408,41.410933
13898,ssdd,0.018091,0.014550,0.019200,41.700439,51.841216
13899,p,0.003780,0.057100,0.018500,60.359375,79.379849
13900,p,0.003780,0.007650,0.022000,35.475830,33.429849
13901,s,0.023128,0.016950,0.019200,44.622070,59.278351
13902,p,0.003780,0.037350,0.018500,62.901611,59.629849
13903,dp,0.002464,0.058450,0.018500,72.316895,79.414344
13904,d,0.002385,0.007850,0.020000,79.436035,30.235393
13905,p,0.003780,0.007200,0.020000,18.165527,30.979849
13906,pp,0.002838,0.038150,0.020000,40.779297,60.988325
13907,s,0.023128,0.099150,0.020000,51.039062,142.278351
13908,ss,0.018821,0.059750,0.018500,58.406006,97.070769
13909,s,0.023128,0.093400,0.019200,65.422852,135.728351
13915,s,0.023128,0.004600,0.022000,18.046875,49.728351
13916,ps,0.002840,0.005750,0.021500,42.514160,30.089786
13917,dps,0.002445,0.005000,0.018500,52.013184,25.944936
13918,pdp,0.002932,0.004900,0.020000,70.568848,27.831683
13919,s,0.023128,0.021550,0.021500,79.995850,66.178351
13910,p,0.003780,0.069000,0.020000,18.492432,92.779849
13911,d,0.002385,0.018500,0.019200,28.134521,40.085393
13912,p,0.003780,0.087250,0.021500,47.149414,112.529849
13913,s,0.023128,0.006150,0.020000,56.683105,49.278351
13914,pp,0.002838,0.071550,0.020000,75.627197,94.388325
13920,s,0.023128,0.056100,0.020000,6.901123,99.228351
13921,p,0.003780,0.066200,0.018500,26.258057,88.479849
13922,ds,0.002343,0.069650,0.019200,35.975098,91.192513
13923,s,0.023128,0.048600,0.022000,43.184814,93.728351
13924,s,0.023128,0.013000,0.020000,50.106201,56.128351
13925,s,0.023128,0.057900,0.022000,6.419678,103.028351
13926,d,0.002385,0.014150,0.022000,13.712646,38.535393
13927,ss,0.018821,0.051250,0.021500,21.091309,91.570769
13928,s,0.023128,0.090300,0.018500,27.795166,131.928351
13929,s,0.023128,0.099250,0.022000,34.466553,144.378351
13930,s,0.023128,0.071150,0.020000,6.517822,114.278351
13931,ds,0.002343,0.091100,0.018500,13.886230,111.942513
13932,p,0.003780,0.073900,0.019200,32.528809,96.879849
13933,s,0.023128,0.006350,0.020000,41.808594,49.478351
13934,p,0.003780,0.007000,0.020000,60.186768,30.779849
13935,s,0.023128,0.023000,0.019200,23.160645,65.328351
13936,ds,0.002343,0.036450,0.018500,31.636719,57.292513
13937,d,0.002385,0.055950,0.022000,39.721436,80.335393
13938,p,0.003780,0.085150,0.022000,60.091309,110.929849
13939,d,0.002385,0.016500,0.019200,70.216064,38.085393
13940,d,0.002385,0.007350,0.019200,6.798340,28.935393
13941,pd,0.002977,0.009300,0.020000,25.385986,32.277001
13942,d,0.002385,0.067350,0.018500,35.072510,88.235393
13943,d,0.002385,0.031350,0.022000,42.300293,55.735393
13944,sp,0.018754,0.028250,0.019200,49.412109,66.203690
13945,p,0.003780,0.046350,0.018500,25.753174,68.629849
13946,s,0.023128,0.010100,0.019200,35.032715,52.428351
13947,p,0.003780,0.058350,0.020000,53.738037,82.129849
13948,ps,0.002840,0.013550,0.020000,74.721680,36.389786
13949,p,0.003780,0.024550,0.020000,95.968506,48.329849
13950,p,0.003780,0.006950,0.020000,32.917480,30.729849
13951,d,0.002385,0.110300,0.021500,42.383057,134.185393
13952,p,0.003780,0.123550,0.021500,60.839600,148.829849
13953,s,0.023128,0.014700,0.022000,69.940430,59.828351
13954,d,0.002385,0.090850,0.019200,77.195068,112.435393
13955,p,0.003780,0.007200,0.018500,18.635742,29.479849
13956,d,0.002385,0.033550,0.018500,28.318848,54.435393
13957,p,0.003780,0.067950,0.018500,46.933350,90.229849
13958,s,0.023128,0.014150,0.020000,56.012207,57.278351
13959,ps,0.002840,0.020400,0.018500,74.085449,41.739786
13960,d,0.002385,0.082000,0.019200,9.234131,103.585393
13961,d,0.002385,0.065500,0.020000,16.394775,87.885393
13962,p,0.003780,0.006350,0.019200,34.772461,29.329849
13963,p,0.003780,0.015450,0.020000,55.369873,39.229849
13964,d,0.002385,0.004650,0.020000,64.993408,27.035393
13965,d,0.002385,0.098150,0.018500,6.876953,119.035393
13966,p,0.003780,0.075400,0.019200,26.238525,98.379849
13967,p,0.003780,0.004600,0.020000,47.264648,28.379849
13968,dd,0.002426,0.111100,0.021500,57.076904,135.025915
13969,ddd,0.002493,0.057850,0.020000,64.397949,80.343417
13980,p,0.003780,0.061750,0.019200,18.547852,84.729849
13981,p,0.003780,0.047450,0.022000,39.350586,73.229849
13982,p,0.003780,0.063350,0.019200,59.924805,86.329849
13983,p,0.003780,0.004200,0.018500,80.429688,26.479849
13984,pp,0.002838,0.075550,0.021500,100.918701,99.888325
13975,p,0.003780,0.027750,0.022000,18.296387,53.529849
13976,s,0.023128,0.056550,0.021500,27.717529,101.178351
13977,d,0.002385,0.015450,0.020000,34.835205,37.835393
13978,ps,0.002840,0.091600,0.021500,53.277344,115.939786
13979,p,0.003780,0.014550,0.020000,74.014648,38.329849
13970,s,0.023128,0.070200,0.021500,6.445068,114.828351
13971,d,0.002385,0.005100,0.020000,13.942139,27.485393
13972,s,0.023128,0.052750,0.021500,21.561035,97.378351
13973,p,0.003780,0.007900,0.022000,41.923584,33.679849
13974,d,0.002385,0.017200,0.022000,52.391357,41.585393
13985,d,0.002385,0.035850,0.018500,9.753662,56.735393
13986,p,0.003780,0.061700,0.019200,28.266602,84.679849
13987,dp,0.002464,0.088700,0.021500,37.544922,112.664344
13988,d,0.002385,0.008250,0.019200,44.604736,29.835393
13989,pd,0.002977,0.014550,0.021500,62.930176,39.027001
13990,p,0.003780,0.007000,0.022000,34.143799,32.779849
13991,d,0.002385,0.097050,0.020000,43.951172,119.435393
13992,d,0.002385,0.004500,0.022000,51.155273,28.885393
13993,p,0.003780,0.047850,0.021500,69.572998,73.129849
13994,pp,0.002838,0.008800,0.019200,90.269775,30.838325
13995,d,0.002385,0.034050,0.019200,6.640381,55.635393
13996,p,0.003780,0.016900,0.018500,25.047119,39.179849
13997,pp,0.002838,0.007100,0.022000,46.157959,31.938325
13998,dpp,0.002514,0.004050,0.022000,55.741455,28.564416
13999,d,0.002385,0.110900,0.018500,62.932617,131.785393
14000,d,0.002385,0.020350,0.022000,6.944092,44.735393
14001,dd,0.002426,0.029650,0.022000,14.385254,54.075915
14002,s,0.023128,0.071700,0.021500,21.680664,116.328351
14003,ds,0.002343,0.061850,0.018500,29.018555,82.692513
14004,p,0.003780,0.062100,0.021500,47.993408,87.379849
14005,s,0.023128,0.039300,0.021500,6.519043,83.928351
14006,d,0.002385,0.111600,0.021500,13.810059,135.485393
14007,ds,0.002343,0.067600,0.019200,20.877441,89.142513
14008,pds,0.003022,0.082150,0.018500,39.623779,103.671933
14009,p,0.003780,0.030300,0.021500,60.537598,55.579849
14015,s,0.023128,0.098500,0.021500,6.454346,143.128351
14016,p,0.003780,0.005300,0.020000,25.302979,29.079849
14017,d,0.002385,0.038800,0.020000,35.005371,61.185393
14018,s,0.023128,0.009150,0.021500,42.089844,53.778351
14019,ps,0.002840,0.035850,0.020000,60.903809,58.689786
14010,d,0.002385,0.150300,0.021500,7.149170,174.185393
14011,pd,0.002977,0.038750,0.020000,26.753906,61.727001
14012,d,0.002385,0.080000,0.018500,36.488525,100.885393
14013,s,0.023128,0.073550,0.018500,43.470215,115.178351
14014,dd,0.002426,0.157100,0.019200,50.503174,178.725915
14025,s,0.023128,0.061100,0.020000,23.872314,104.228351
14026,ps,0.002840,0.090550,0.018500,43.114746,111.889786
14027,dps,0.002445,0.101550,0.022000,52.456055,125.994936
14028,d,0.002385,0.004700,0.018500,59.631836,25.585393
14029,dd,0.002426,0.003800,0.022000,66.812988,28.225915
14030,s,0.023128,0.015250,0.018500,24.216797,56.878351
14031,d,0.002385,0.022950,0.019200,33.186768,44.535393
14032,s,0.023128,0.003850,0.019200,40.547607,46.178351
14033,ss,0.018821,0.006950,0.018500,47.531982,44.270769
14034,sd,0.018668,0.018750,0.021500,56.293213,58.917773
14020,p,0.003780,0.006050,0.018500,17.851074,28.329849
14021,p,0.003780,0.045450,0.019200,38.734375,68.429849
14022,d,0.002385,0.008750,0.021500,48.227051,32.635393
14023,dp,0.002464,0.027650,0.022000,55.440430,52.114344
14024,sd,0.018668,0.007150,0.020000,62.257812,45.817773
14040,s,0.023128,0.005350,0.020000,6.348389,48.478351
14041,d,0.002385,0.017450,0.019200,13.583984,39.035393
14042,p,0.003780,0.083200,0.022000,32.296143,108.979849
14043,d,0.002385,0.025700,0.018500,41.537842,46.585393
14044,pd,0.002977,0.025750,0.018500,59.754883,47.227001
14035,d,0.002385,0.134700,0.021500,6.652344,158.585393
14036,p,0.003780,0.088100,0.021500,25.421143,113.379849
14037,d,0.002385,0.004500,0.021500,34.672607,28.385393
14038,dd,0.002426,0.038850,0.018500,41.630859,59.775915
14039,s,0.023128,0.011900,0.018500,48.912842,53.528351
14045,d,0.002385,0.040350,0.021500,6.760010,64.235393
14046,s,0.023128,0.024300,0.018500,13.867188,65.928351
14047,p,0.003780,0.068250,0.019200,32.454834,91.229849
14048,p,0.003780,0.005150,0.018500,53.331543,27.429849
14049,pp,0.002838,0.005100,0.021500,73.972900,29.438325
14050,p,0.003780,0.093400,0.019200,19.050537,116.379849
14051,s,0.023128,0.005200,0.021500,28.872803,49.828351
14052,s,0.023128,0.059750,0.021500,36.070801,104.378351
14053,p,0.003780,0.010200,0.022000,55.099609,35.979849
14054,s,0.023128,0.018600,0.021500,64.785645,63.228351
14055,d,0.002385,0.005650,0.022000,9.065186,30.035393
14056,s,0.023128,0.062400,0.022000,16.650146,107.528351
14057,ds,0.002343,0.068200,0.018500,24.523438,89.042513
14058,s,0.023128,0.097550,0.021500,31.655029,142.178351
14059,p,0.003780,0.005500,0.021500,50.463135,30.779849
14060,s,0.023128,0.025650,0.018500,7.056396,67.278351
14061,d,0.002385,0.059300,0.021500,14.974365,83.185393
14062,sd,0.018668,0.021150,0.020000,22.486572,59.817773
14063,ps,0.002840,0.018350,0.020000,41.886963,41.189786
14064,sps,0.018360,0.014150,0.021500,51.393799,54.010251
14065,s,0.023128,0.074100,0.019200,6.512451,116.428351
14066,p,0.003780,0.005850,0.021500,28.411621,31.129849
14067,ps,0.002840,0.052350,0.018500,55.637939,73.689786
14068,p,0.003780,0.025050,0.018500,76.254639,47.329849
14069,d,0.002385,0.075150,0.022000,86.132568,99.535393
14070,s,0.023128,0.006200,0.021500,20.714844,50.828351
14071,p,0.003780,0.063650,0.020000,40.026123,87.429849
14072,d,0.002385,0.033250,0.019200,49.368652,54.835393
14073,pd,0.002977,0.100000,0.021500,67.924316,124.477001
14074,s,0.023128,0.095550,0.019200,77.110596,137.878351
14075,s,0.023128,0.031550,0.020000,22.598633,74.678351
14076,ss,0.018821,0.114950,0.021500,30.222168,155.270769
14077,p,0.003780,0.015250,0.019200,48.705322,38.229849
14078,sss,0.019288,0.073700,0.020000,57.644775,112.988093
14079,s,0.023128,0.004600,0.022000,64.261230,49.728351
14080,p,0.003780,0.093350,0.019200,33.949219,116.329849
14081,p,0.003780,0.006000,0.018500,56.492432,28.279849
14082,s,0.023128,0.066500,0.021500,66.335938,111.128351
14083,d,0.002385,0.036050,0.022000,73.797363,60.435393
14084,sd,0.018668,0.094300,0.021500,80.904297,134.467773
14085,s,0.023128,0.060950,0.021500,6.311035,105.578351
14086,ss,0.018821,0.064250,0.022000,13.322998,105.070769
14087,s,0.023128,0.110300,0.022000,20.105225,155.428351
14088,d,0.002385,0.007850,0.022000,26.985596,32.235393
14089,p,0.003780,0.013250,0.021500,45.448730,38.529849
14090,p,0.003780,0.119700,0.019200,17.996826,142.679849
14091,p,0.003780,0.014150,0.019200,38.808350,37.129849
14092,p,0.003780,0.041800,0.020000,59.532715,65.579849
14093,s,0.023128,0.072900,0.021500,69.029297,117.528351
14094,p,0.003780,0.028300,0.018500,87.594482,50.579849
14095,d,0.002385,0.018250,0.022000,6.688721,42.635393
14096,p,0.003780,0.083300,0.019200,34.585938,106.279849
14097,d,0.002385,0.010550,0.018500,44.475342,31.435393
14098,sp,0.018754,0.121800,0.018500,51.541260,159.053690
14099,dd,0.002426,0.013000,0.021500,58.772705,36.925915
14100,p,0.003780,0.017450,0.021500,18.067139,42.729849
14101,d,0.002385,0.014150,0.019200,27.735840,35.735393
14102,dp,0.002464,0.016800,0.020000,35.086670,39.264344
14103,dd,0.002426,0.016600,0.021500,42.272705,40.525915
14104,sdp,0.018492,0.090100,0.019200,49.101562,127.791971
14105,d,0.002385,0.123750,0.019200,7.139893,145.335393
14106,pd,0.002977,0.089650,0.022000,25.832764,114.627001
14107,s,0.023128,0.119500,0.022000,35.429932,164.628351
14108,ppd,0.002827,0.036200,0.022000,53.964844,61.026719
14109,d,0.002385,0.125500,0.020000,63.309570,147.885393
14110,d,0.002385,0.007650,0.020000,6.968262,30.035393
14111,s,0.023128,0.082350,0.021500,14.173096,126.978351
14112,d,0.002385,0.079500,0.022000,21.489258,103.885393
14113,ps,0.002840,0.071450,0.020000,40.359863,94.289786
14114,p,0.003780,0.004150,0.019200,61.488037,27.129849
14115,s,0.023128,0.060150,0.022000,24.033691,105.278351
14116,d,0.002385,0.020000,0.022000,32.425781,44.385393
14117,sd,0.018668,0.046450,0.019200,39.235596,84.317773
14118,p,0.003780,0.020350,0.021500,57.868896,45.629849
14119,p,0.003780,0.006750,0.018500,78.338623,29.029849
14125,s,0.023128,0.011950,0.020000,20.382324,55.078351
14126,ds,0.002343,0.018450,0.019200,28.261230,39.992513
14127,p,0.003780,0.144400,0.020000,46.663330,168.179849
14128,p,0.003780,0.070750,0.019200,67.511475,93.729849
14129,d,0.002385,0.011750,0.021500,77.096191,35.635393
14120,s,0.023128,0.047750,0.021500,10.361572,92.378351
14121,s,0.023128,0.063200,0.021500,17.330078,107.828351
14122,ss,0.018821,0.012450,0.020000,24.105713,51.270769
14123,ss,0.018821,0.129250,0.021500,30.957520,169.570769
14124,d,0.002385,0.073550,0.018500,38.218506,94.435393
14135,p,0.003780,0.105150,0.019200,22.848633,128.129849
14136,d,0.002385,0.084250,0.018500,33.247559,105.135393
14137,d,0.002385,0.100000,0.018500,40.745850,120.885393
14138,d,0.002385,0.018300,0.021500,48.011475,42.185393
14139,sp,0.018754,0.055900,0.021500,55.174316,96.153690
14130,d,0.002385,0.021400,0.022000,26.710449,45.785393
14131,p,0.003780,0.004950,0.018500,48.089355,27.229849
14132,d,0.002385,0.026400,0.022000,57.747803,50.785393
14133,pd,0.002977,0.091550,0.021500,76.347656,116.027001
14134,d,0.002385,0.011550,0.019200,85.844727,33.135393
14140,d,0.002385,0.069600,0.018500,8.516113,90.485393
14141,s,0.023128,0.013000,0.022000,16.267334,58.128351
14142,s,0.023128,0.004950,0.019200,23.419922,47.278351
14143,d,0.002385,0.063650,0.022000,30.701416,88.035393
14144,dd,0.002426,0.105700,0.020000,38.264893,128.125915
14145,d,0.002385,0.026400,0.021500,10.051758,50.285393
14146,sd,0.018668,0.061150,0.020000,19.089600,99.817773
14147,s,0.023128,0.073450,0.018500,27.954834,115.078351
14148,dsd,0.002613,0.027250,0.020000,37.138672,49.862551
14149,ddsd,0.002653,0.086150,0.022000,47.293213,110.803469
14150,p,0.003780,0.056400,0.022000,18.442871,82.179849
14151,p,0.003780,0.060300,0.020000,41.811035,84.079849
14152,p,0.003780,0.004300,0.020000,64.277100,28.079849
14153,dp,0.002464,0.016300,0.021500,74.050049,40.264344
14154,s,0.023128,0.015950,0.020000,81.083252,59.078351
14155,p,0.003780,0.037800,0.019200,18.095703,60.779849
14156,s,0.023128,0.004250,0.022000,27.403809,49.378351
14157,d,0.002385,0.008750,0.021500,34.589111,32.635393
14158,dd,0.002426,0.017450,0.021500,41.628174,41.375915
14159,d,0.002385,0.113600,0.022000,48.773682,137.985393
14160,s,0.023128,0.014300,0.018500,23.153076,55.928351
14161,d,0.002385,0.007450,0.020000,31.785400,29.835393
14162,ss,0.018821,0.006600,0.021500,38.791504,46.920769
14163,s,0.023128,0.053500,0.018500,45.739746,95.128351
14164,sss,0.019288,0.008100,0.021500,52.642334,48.888093
14165,d,0.002385,0.085950,0.018500,24.180420,106.835393
14166,s,0.023128,0.063850,0.018500,31.791260,105.478351
14167,d,0.002385,0.029550,0.020000,38.787109,51.935393
14168,pd,0.002977,0.006000,0.018500,57.183594,27.477001
14169,d,0.002385,0.007800,0.020000,66.535400,30.185393
14170,s,0.023128,0.004850,0.018500,10.088623,46.478351
14171,d,0.002385,0.069650,0.022000,20.362549,94.035393
14172,p,0.003780,0.017450,0.018500,39.184814,39.729849
14173,s,0.023128,0.048150,0.020000,48.618896,91.278351
14174,ds,0.002343,0.007000,0.022000,55.818115,31.342513
14175,p,0.003780,0.097050,0.022000,18.022461,122.829849
14176,s,0.023128,0.078550,0.019200,27.402588,120.878351
14177,s,0.023128,0.013250,0.022000,34.283936,58.378351
14178,d,0.002385,0.109850,0.021500,41.307373,133.735393
14179,dd,0.002426,0.056450,0.020000,48.332764,78.875915
14180,d,0.002385,0.009200,0.022000,24.184326,33.585393
14181,d,0.002385,0.093100,0.018500,32.461426,113.985393
14182,d,0.002385,0.007350,0.021500,39.788330,31.235393
14183,p,0.003780,0.065750,0.018500,58.664062,88.029849
14184,pd,0.002977,0.016300,0.019200,79.522461,38.477001
14185,d,0.002385,0.035450,0.022000,24.094482,59.835393
14186,p,0.003780,0.131650,0.019200,43.891357,154.629849
14187,dd,0.002426,0.072500,0.021500,53.182373,96.425915
14188,d,0.002385,0.005500,0.019200,60.298584,27.085393
14189,s,0.023128,0.105250,0.022000,67.165039,150.378351
14190,s,0.023128,0.066950,0.019200,22.798828,109.278351
14191,d,0.002385,0.054150,0.022000,30.797119,78.535393
14192,s,0.023128,0.027600,0.022000,37.779541,72.728351
14193,s,0.023128,0.081450,0.020000,44.675537,124.578351
14194,ss,0.018821,0.027350,0.021500,51.637451,67.670769
14195,p,0.003780,0.085950,0.022000,31.988525,111.729849
14196,p,0.003780,0.009300,0.020000,52.444580,33.079849
14197,d,0.002385,0.004550,0.019200,61.980225,26.135393
14198,d,0.002385,0.058350,0.021500,69.176514,82.235393
14199,sp,0.018754,0.077500,0.020000,76.129883,116.253690
14200,s,0.023128,0.044900,0.019200,10.935547,87.228351
14201,d,0.002385,0.020000,0.021500,21.412109,43.885393
14202,s,0.023128,0.060550,0.018500,28.240723,102.178351
14203,p,0.003780,0.004600,0.018500,46.802490,26.879849
14204,sp,0.018754,0.006550,0.021500,56.141357,46.803690
14205,d,0.002385,0.061850,0.018500,22.482422,82.735393
14206,s,0.023128,0.135050,0.018500,30.139404,176.678351
14207,p,0.003780,0.004500,0.021500,48.442383,29.779849
14208,d,0.002385,0.010050,0.022000,57.774414,34.435393
14209,dd,0.002426,0.011500,0.022000,64.705566,35.925915
14215,p,0.003780,0.061050,0.019200,35.968994,84.029849
14216,s,0.023128,0.027100,0.021500,45.148682,71.728351
14217,sp,0.018754,0.090550,0.021500,51.891357,130.803690
14218,s,0.023128,0.010800,0.020000,58.530518,53.928351
14219,s,0.023128,0.006600,0.019200,65.135742,48.928351
14210,s,0.023128,0.063850,0.021500,23.831299,108.478351
14211,ps,0.002840,0.096500,0.019200,45.199707,118.539786
14212,s,0.023128,0.070700,0.018500,55.712891,112.328351
14213,ss,0.018821,0.026300,0.020000,63.137207,65.120769
14214,d,0.002385,0.004500,0.019200,70.729492,26.085393
14220,s,0.023128,0.115750,0.020000,23.666504,158.878351
14221,s,0.023128,0.058850,0.020000,31.304443,101.978351
14222,d,0.002385,0.004600,0.022000,38.352051,28.985393
14223,ps,0.002840,0.075150,0.018500,56.917236,96.489786
14224,ss,0.018821,0.090250,0.021500,65.964111,130.570769
14225,p,0.003780,0.103100,0.020000,35.604980,126.879849
14226,p,0.003780,0.018050,0.022000,58.632080,43.829849
14227,d,0.002385,0.124150,0.018500,68.716553,145.035393
14228,sp,0.018754,0.157100,0.021500,75.851562,197.353690
14229,d,0.002385,0.004700,0.021500,83.147461,28.585393
14230,p,0.003780,0.019500,0.018500,18.272461,41.779849
14231,d,0.002385,0.016750,0.020000,27.909424,39.135393
14232,pd,0.002977,0.007350,0.022000,46.831543,32.327001
14233,dp,0.002464,0.135050,0.022000,56.748291,159.514344
14234,s,0.023128,0.137600,0.019200,63.693115,179.928351
14235,s,0.023128,0.094100,0.020000,8.010254,137.228351
14236,p,0.003780,0.059150,0.020000,30.496582,82.929849
14237,ps,0.002840,0.088250,0.018500,51.586426,109.589786
14238,dp,0.002464,0.086700,0.022000,61.060547,111.164344
14239,s,0.023128,0.005350,0.020000,68.079834,48.478351
14245,p,0.003780,0.074300,0.021500,18.091309,99.579849
14246,p,0.003780,0.009500,0.022000,38.937744,35.279849
14247,s,0.023128,0.058800,0.019200,48.898926,101.128351
14248,sp,0.018754,0.020950,0.018500,55.899902,58.203690
14249,s,0.023128,0.004800,0.020000,63.062500,47.928351
14250,s,0.023128,0.055450,0.019200,6.469971,97.778351
14251,d,0.002385,0.006350,0.020000,13.443359,28.735393
14252,p,0.003780,0.012550,0.021500,31.854248,37.829849
14253,s,0.023128,0.035350,0.020000,41.023438,78.478351
14254,s,0.023128,0.026400,0.021500,47.821777,71.028351
14240,s,0.023128,0.029550,0.018500,6.425293,71.178351
14241,ss,0.018821,0.005200,0.022000,13.464355,46.020769
14242,p,0.003780,0.061900,0.021500,32.142090,87.179849
14243,d,0.002385,0.011100,0.019200,41.520020,32.685393
14244,sp,0.018754,0.043300,0.020000,48.561768,82.053690
14255,d,0.002385,0.011950,0.020000,9.925293,34.335393
14256,s,0.023128,0.036650,0.022000,17.173584,81.778351
14257,s,0.023128,0.070250,0.020000,24.084473,113.378351
14258,ds,0.002343,0.056550,0.018500,31.057129,77.392513
14259,ps,0.002840,0.094100,0.019200,49.390381,116.139786
14260,s,0.023128,0.004650,0.022000,6.520264,49.778351
14261,p,0.003780,0.142500,0.020000,25.294678,166.279849
14262,p,0.003780,0.082200,0.018500,46.125977,104.479849
14263,s,0.023128,0.007200,0.021500,55.277832,51.828351
14264,dp,0.002464,0.094750,0.020000,62.377686,117.214344
14270,p,0.003780,0.005400,0.020000,20.711426,29.179849
14271,s,0.023128,0.086200,0.018500,31.160889,127.828351
14272,ss,0.018821,0.097050,0.020000,38.658691,135.870769
14273,s,0.023128,0.011450,0.022000,45.704102,56.578351
14274,ss,0.018821,0.009600,0.018500,52.746582,46.920769
14275,p,0.003780,0.015050,0.019200,20.789307,38.029849
14276,s,0.023128,0.004700,0.022000,30.242188,49.828351
14277,d,0.002385,0.053500,0.020000,37.577881,75.885393
14278,d,0.002385,0.026300,0.020000,44.907471,48.685393
14279,ps,0.002840,0.004300,0.018500,64.182861,25.639786
14280,s,0.023128,0.049150,0.019200,14.057617,91.478351
14281,s,0.023128,0.017050,0.022000,21.168701,62.178351
14282,p,0.003780,0.106800,0.018500,40.345947,129.079849
14283,p,0.003780,0.006650,0.022000,61.692383,32.429849
14284,dp,0.002464,0.015300,0.021500,71.539062,39.264344
14265,d,0.002385,0.017500,0.019200,6.835205,39.085393
14266,d,0.002385,0.088200,0.018500,14.003906,109.085393
14267,d,0.002385,0.005100,0.020000,21.246826,27.485393
14268,pd,0.002977,0.010150,0.020000,39.932373,33.127001
14269,sp,0.018754,0.004250,0.020000,49.207031,43.003690
14285,d,0.002385,0.024800,0.022000,6.908203,49.185393
14286,d,0.002385,0.026100,0.021500,14.165527,49.985393
14287,d,0.002385,0.057400,0.020000,21.457031,79.785393
14288,s,0.023128,0.028900,0.021500,28.724609,73.528351
14289,d,0.002385,0.004800,0.018500,35.929443,25.685393
14290,d,0.002385,0.016900,0.019200,6.737793,38.485393
14291,s,0.023128,0.057950,0.018500,13.899414,99.578351
14292,dd,0.002426,0.004450,0.022000,20.784180,28.875915
14293,ps,0.002840,0.061100,0.020000,39.763184,83.939786
14294,s,0.023128,0.011850,0.022000,49.601807,56.978351
14295,s,0.023128,0.075100,0.018500,6.419434,116.728351
14296,s,0.023128,0.020600,0.018500,13.300049,62.228351
14297,p,0.003780,0.009000,0.021500,31.851807,34.279849
14298,s,0.023128,0.040200,0.020000,41.182861,83.328351
14299,ss,0.018821,0.014750,0.022000,47.928711,55.570769
14300,d,0.002385,0.004500,0.021500,23.641846,28.385393
14301,s,0.023128,0.010150,0.020000,31.185059,53.278351
14302,p,0.003780,0.090850,0.022000,50.025391,116.629849
14303,s,0.023128,0.005450,0.020000,59.334717,48.578351
14304,ds,0.002343,0.004200,0.019200,66.305176,25.742513
14315,p,0.003780,0.022950,0.022000,18.632812,48.729849
14316,d,0.002385,0.056100,0.021500,28.407227,79.985393
14317,sp,0.018754,0.011850,0.020000,35.393311,50.603690
14318,d,0.002385,0.004350,0.021500,42.269775,28.235393
14319,dsp,0.002685,0.029150,0.021500,49.212158,53.334513
14310,s,0.023128,0.004900,0.021500,6.404541,49.528351
14311,p,0.003780,0.027500,0.021500,25.382812,52.779849
14312,d,0.002385,0.012450,0.020000,35.019287,34.835393
14313,p,0.003780,0.011150,0.022000,53.324707,36.929849
14314,d,0.002385,0.006200,0.021500,62.647217,30.085393
14305,s,0.023128,0.006050,0.020000,6.360352,49.178351
14306,d,0.002385,0.014800,0.019200,13.582275,36.385393
14307,p,0.003780,0.050300,0.018500,32.481934,72.579849
14308,dp,0.002464,0.027650,0.018500,42.163574,48.614344
14309,d,0.002385,0.056200,0.018500,49.269043,77.085393
14325,p,0.003780,0.005600,0.019200,18.070801,28.579849
14326,d,0.002385,0.107000,0.018500,27.910645,127.885393
14327,p,0.003780,0.120700,0.020000,46.649658,144.479849
14328,p,0.003780,0.013950,0.022000,68.412354,39.729849
14329,pp,0.002838,0.029650,0.018500,90.208008,50.988325
14330,s,0.023128,0.004050,0.018500,6.786133,45.678351
14331,s,0.023128,0.065600,0.022000,14.270752,110.728351
14332,p,0.003780,0.017850,0.019200,35.097412,40.829849
14333,s,0.023128,0.067000,0.018500,45.108887,108.628351
14334,p,0.003780,0.004850,0.021500,64.794922,30.129849
14320,p,0.003780,0.004550,0.022000,18.033447,30.329849
14321,s,0.023128,0.016150,0.018500,27.441650,57.778351
14322,s,0.023128,0.043750,0.022000,34.468506,88.878351
14323,p,0.003780,0.026350,0.021500,52.954346,51.629849
14324,p,0.003780,0.005700,0.018500,74.162354,27.979849
14335,p,0.003780,0.006200,0.019200,18.162109,29.179849
14336,d,0.002385,0.019200,0.021500,28.077148,43.085393
14337,dp,0.002464,0.011400,0.021500,35.396240,35.364344
14338,d,0.002385,0.009550,0.020000,42.619873,31.935393
14339,pd,0.002977,0.004800,0.021500,61.347412,29.277001
14340,p,0.003780,0.013700,0.021500,18.302734,38.979849
14341,pp,0.002838,0.014000,0.020000,39.547119,36.838325
14342,s,0.023128,0.137600,0.019200,49.021240,179.928351
14343,ps,0.002840,0.107950,0.021500,69.124756,132.289786
14344,dps,0.002445,0.045800,0.020000,80.113525,68.244936
14345,s,0.023128,0.081400,0.021500,6.396240,126.028351
14346,ps,0.002840,0.080000,0.019200,25.185059,102.039786
14347,pps,0.002854,0.060950,0.021500,46.505371,85.304053
14348,s,0.023128,0.009100,0.018500,55.957275,50.728351
14349,s,0.023128,0.055900,0.018500,62.896729,97.528351
14350,d,0.002385,0.080700,0.018500,6.708252,101.585393
14351,s,0.023128,0.005750,0.018500,13.778320,47.378351
14352,d,0.002385,0.045950,0.021500,20.896973,69.835393
14353,pd,0.002977,0.053450,0.021500,39.846436,77.927001
14354,spd,0.018317,0.091750,0.018500,49.191406,128.567325
14355,s,0.023128,0.094750,0.022000,6.492188,139.878351
14356,s,0.023128,0.009550,0.022000,13.572510,54.678351
14357,s,0.023128,0.035450,0.022000,20.350586,80.578351
14358,p,0.003780,0.010300,0.022000,38.859375,36.079849
14359,ss,0.018821,0.080250,0.020000,48.131104,119.070769
14370,p,0.003780,0.004400,0.021500,25.829834,29.679849
14371,d,0.002385,0.029450,0.021500,35.403320,53.335393
14372,d,0.002385,0.006800,0.019200,42.796875,28.385393
14373,sd,0.018668,0.035550,0.021500,49.792725,75.717773
14374,p,0.003780,0.041600,0.021500,68.325195,66.879849
14360,s,0.023128,0.023500,0.021500,12.135010,68.128351
14361,ss,0.018821,0.125500,0.021500,21.796875,165.820769
14362,p,0.003780,0.068950,0.021500,40.272217,94.229849
14363,s,0.023128,0.050000,0.022000,49.314453,95.128351
14364,d,0.002385,0.005750,0.020000,56.249268,28.135393
14365,d,0.002385,0.004550,0.020000,6.759521,26.935393
14366,d,0.002385,0.084200,0.019200,13.936523,105.785393
14367,dd,0.002426,0.005450,0.018500,20.898682,26.375915
14368,sd,0.018668,0.071500,0.021500,28.051758,111.667773
14369,s,0.023128,0.027400,0.020000,34.847900,70.528351
14375,s,0.023128,0.093500,0.020000,6.371582,136.628351
14376,s,0.023128,0.007900,0.022000,13.305176,53.028351
14377,s,0.023128,0.041800,0.021500,20.226318,86.428351
14378,ds,0.002343,0.067600,0.020000,27.461914,89.942513
14379,sds,0.018566,0.063150,0.019200,34.695557,100.916086
14380,p,0.003780,0.056150,0.020000,18.116455,79.929849
14381,d,0.002385,0.042550,0.022000,27.482178,66.935393
14382,p,0.003780,0.016550,0.019200,45.804443,39.529849
14383,pp,0.002838,0.061900,0.022000,66.401123,86.738325
14384,spp,0.018537,0.075850,0.018500,75.460693,112.887181
14385,s,0.023128,0.016950,0.019200,9.158936,59.278351
14386,ds,0.002343,0.067400,0.019200,16.970703,88.942513
14387,d,0.002385,0.004350,0.022000,24.703125,28.735393
14388,d,0.002385,0.051850,0.022000,32.372559,76.235393
14389,s,0.023128,0.003700,0.018500,39.620117,45.328351
14390,p,0.003780,0.006650,0.018500,20.860107,28.929849
14391,s,0.023128,0.063550,0.021500,30.213379,108.178351
14392,pp,0.002838,0.054550,0.018500,48.554688,75.888325
14393,dp,0.002464,0.015050,0.022000,58.137695,39.514344
14394,s,0.023128,0.006450,0.020000,65.476074,49.578351
14395,p,0.003780,0.012450,0.022000,36.548340,38.229849
14396,d,0.002385,0.004950,0.019200,46.235107,26.535393
14397,pp,0.002838,0.007900,0.018500,64.890137,29.238325
14398,p,0.003780,0.125500,0.019200,85.775879,148.479849
14399,s,0.023128,0.006000,0.019200,95.042236,48.328351
14400,p,0.003780,0.062650,0.020000,19.143555,86.429849
14401,d,0.002385,0.008450,0.018500,29.304443,29.335393
14402,p,0.003780,0.013300,0.018500,48.655273,35.579849
14403,p,0.003780,0.021800,0.019200,69.733398,44.779849
14404,s,0.023128,0.011650,0.018500,79.049316,53.278351
14405,d,0.002385,0.081450,0.018500,6.704834,102.335393
14406,s,0.023128,0.072800,0.022000,13.707275,117.928351
14407,s,0.023128,0.008150,0.021500,20.569824,52.778351
14408,p,0.003780,0.040100,0.022000,39.261719,65.879849
14409,ds,0.002343,0.061700,0.018500,48.701660,82.542513
14410,s,0.023128,0.006050,0.020000,9.128662,49.178351
14411,d,0.002385,0.034600,0.021500,16.377930,58.485393
14412,d,0.002385,0.066450,0.020000,23.613770,88.835393
14413,s,0.023128,0.020000,0.020000,30.517090,63.128351
14414,ps,0.002840,0.017800,0.019200,48.909912,39.839786
14415,d,0.002385,0.091300,0.020000,22.922852,113.685393
14416,s,0.023128,0.033900,0.018500,30.611084,75.528351
14417,d,0.002385,0.018700,0.022000,37.593994,43.085393
14418,sd,0.018668,0.136900,0.020000,44.874756,175.567773
14419,dsd,0.002613,0.075150,0.021500,52.419678,99.262551
14420,s,0.023128,0.064600,0.021500,16.500488,109.228351
14421,ss,0.018821,0.052600,0.019200,24.146973,90.620769
14422,s,0.023128,0.025100,0.021500,31.400879,69.728351
14423,ss,0.018821,0.033750,0.018500,38.590820,71.070769
14424,pss,0.002833,0.076650,0.018500,58.283203,97.982709
14425,s,0.023128,0.070400,0.018500,23.680908,112.028351
14426,s,0.023128,0.008950,0.020000,31.727295,52.078351
14427,ss,0.018821,0.071500,0.020000,38.700684,110.320769
14428,sss,0.019288,0.039400,0.020000,45.475586,78.688093
14429,p,0.003780,0.051300,0.018500,64.904297,73.579849
14430,d,0.002385,0.014350,0.021500,23.085938,38.235393
14431,d,0.002385,0.119700,0.018500,30.818604,140.585393
14432,sd,0.018668,0.013700,0.022000,37.646484,54.367773
14433,p,0.003780,0.005300,0.018500,55.918701,27.579849
14434,d,0.002385,0.047400,0.018500,65.147217,68.285393
14435,s,0.023128,0.039250,0.022000,15.651123,84.378351
14436,s,0.023128,0.066900,0.019200,23.101074,109.228351
14437,d,0.002385,0.080450,0.020000,30.310059,102.835393
14438,dd,0.002426,0.086500,0.020000,37.489258,108.925915
14439,ddd,0.002493,0.061700,0.019200,44.520752,83.393417
14440,d,0.002385,0.050300,0.020000,24.154053,72.685393
14441,p,0.003780,0.012950,0.018500,43.685059,35.229849
14442,p,0.003780,0.025950,0.018500,64.252441,48.229849
14443,dp,0.002464,0.016950,0.020000,73.566406,39.414344
14444,pd,0.002977,0.016550,0.022000,91.972412,41.527001
14445,s,0.023128,0.090250,0.019200,6.559082,132.578351
14446,d,0.002385,0.024100,0.019200,13.864990,45.685393
14447,pd,0.002977,0.066500,0.019200,33.051514,88.677001
14448,s,0.023128,0.033400,0.019200,43.745605,75.728351
14449,spd,0.018317,0.031750,0.020000,51.622314,70.067325
14455,s,0.023128,0.005250,0.019200,6.367920,47.578351
14456,s,0.023128,0.046450,0.020000,13.409668,89.578351
14457,p,0.003780,0.112800,0.022000,32.469238,138.579849
14458,d,0.002385,0.012900,0.021500,42.406982,36.785393
14459,sp,0.018754,0.162000,0.021500,49.491943,202.253690
14450,d,0.002385,0.013100,0.018500,11.152588,33.985393
14451,s,0.023128,0.051300,0.022000,18.190430,96.428351
14452,d,0.002385,0.064900,0.021500,25.256104,88.785393
14453,ss,0.018821,0.034850,0.022000,32.092529,75.670769
14454,d,0.002385,0.005450,0.021500,39.023193,29.335393
14460,s,0.023128,0.016200,0.021500,6.460205,60.828351
14461,ss,0.018821,0.005200,0.021500,13.422607,45.520769
14462,p,0.003780,0.017450,0.022000,32.324219,43.229849
14463,sss,0.019288,0.008600,0.019200,41.787598,47.088093
14464,ssss,0.018888,0.008550,0.018500,48.847168,45.938175
14465,s,0.023128,0.006050,0.022000,25.535156,51.178351
14466,ps,0.002840,0.005350,0.020000,45.686523,28.189786
14467,s,0.023128,0.044850,0.022000,55.156738,89.978351
14468,ss,0.018821,0.045950,0.021500,62.051758,86.270769
14469,s,0.023128,0.078050,0.021500,69.304443,122.678351
14470,d,0.002385,0.011600,0.021500,23.699707,35.485393
14471,pd,0.002977,0.011050,0.018500,42.916260,32.527001
14472,p,0.003780,0.006050,0.021500,65.849121,31.329849
14473,p,0.003780,0.046900,0.020000,88.527344,70.679849
14474,d,0.002385,0.016200,0.018500,98.645264,37.085393
14480,s,0.023128,0.041850,0.019200,6.454102,84.178351
14481,d,0.002385,0.064900,0.022000,13.547607,89.285393
14482,p,0.003780,0.004850,0.019200,32.163574,27.829849
14483,ds,0.002343,0.016400,0.021500,41.587402,40.242513
14484,dp,0.002464,0.009750,0.018500,49.030762,30.714344
14485,p,0.003780,0.081850,0.019200,18.062256,104.829849
14486,sp,0.018754,0.046300,0.022000,27.501465,87.053690
14487,p,0.003780,0.010300,0.021500,46.661865,35.579849
14488,d,0.002385,0.082800,0.021500,56.190186,106.685393
14489,sd,0.018668,0.048150,0.018500,63.056152,85.317773
14475,p,0.003780,0.011100,0.019200,18.111816,34.079849
14476,d,0.002385,0.027000,0.018500,27.744141,47.885393
14477,dd,0.002426,0.116750,0.022000,35.014648,141.175915
14478,s,0.023128,0.105100,0.018500,41.986084,146.728351
14479,p,0.003780,0.049150,0.020000,61.416748,72.929849
14490,d,0.002385,0.091750,0.020000,23.662109,114.135393
14491,d,0.002385,0.020900,0.019200,31.884277,42.485393
14492,s,0.023128,0.101300,0.019200,39.329346,143.628351
14493,pd,0.002977,0.010500,0.021500,59.416992,34.977001
14494,dpd,0.002513,0.013700,0.019200,69.538330,35.412673
14495,d,0.002385,0.009050,0.019200,9.575439,30.635393
14496,p,0.003780,0.027450,0.018500,27.972656,49.729849
14497,dp,0.002464,0.006200,0.021500,37.346191,30.164344
14498,p,0.003780,0.028950,0.021500,55.682617,54.229849
14499,p,0.003780,0.119700,0.019200,76.875977,142.679849
14500,s,0.023128,0.089700,0.019200,19.572754,132.028351
14501,s,0.023128,0.004650,0.020000,27.015381,47.778351
14502,d,0.002385,0.067350,0.021500,34.249756,91.235393
14503,pd,0.002977,0.073150,0.022000,52.787354,98.127001
14504,ppd,0.002827,0.060150,0.019200,73.542480,82.176719
14505,p,0.003780,0.020100,0.020000,22.593506,43.879849
14506,s,0.023128,0.010150,0.021500,32.092041,54.778351
14507,ps,0.002840,0.004700,0.021500,50.778076,29.039786
14508,p,0.003780,0.061850,0.020000,77.119629,85.629849
14509,s,0.023128,0.029450,0.018500,86.433838,71.078351
14515,d,0.002385,0.020350,0.022000,23.941650,44.735393
14516,sd,0.018668,0.069600,0.018500,31.556641,106.767773
14517,s,0.023128,0.004750,0.021500,38.883789,49.378351
14518,p,0.003780,0.150300,0.021500,57.600586,175.579849
14519,sp,0.018754,0.024800,0.021500,66.825928,65.053690
14510,s,0.023128,0.044850,0.018500,6.468018,86.478351
14511,ps,0.002840,0.123600,0.022000,25.042969,148.439786
14512,pps,0.002854,0.056150,0.021500,45.915771,80.504053
14513,p,0.003780,0.008950,0.020000,66.724121,32.729849
14514,ppps,0.002903,0.089250,0.020000,87.605469,112.152583
14525,d,0.002385,0.051500,0.019200,16.124512,73.085393
14526,s,0.023128,0.015400,0.021500,23.182129,60.028351
14527,ps,0.002840,0.024100,0.019200,42.080811,46.139786
14528,s,0.023128,0.005850,0.019200,51.672852,48.178351
14529,s,0.023128,0.060550,0.019200,58.767334,102.878351
14520,s,0.023128,0.060100,0.020000,23.627441,103.228351
14521,p,0.003780,0.021650,0.019200,43.722168,44.629849
14522,d,0.002385,0.005400,0.021500,54.181152,29.285393
14523,ss,0.018821,0.070250,0.022000,62.115234,111.070769
14524,pss,0.002833,0.101700,0.022000,82.182617,126.532709
14530,p,0.003780,0.101550,0.018500,32.938721,123.829849
14531,p,0.003780,0.004700,0.021500,53.344482,29.979849
14532,pp,0.002838,0.029550,0.019200,73.769287,51.588325
14533,pp,0.002838,0.039400,0.019200,94.270996,61.438325
14534,s,0.023128,0.010100,0.022000,103.381592,55.228351
14540,d,0.002385,0.100450,0.019200,20.385254,122.035393
14541,d,0.002385,0.005300,0.021500,27.879395,29.185393
14542,d,0.002385,0.019650,0.020000,35.135498,42.035393
14543,dd,0.002426,0.069650,0.020000,42.511719,92.075915
14544,pdd,0.003045,0.023200,0.018500,61.583252,44.744804
14535,d,0.002385,0.064600,0.022000,23.112061,88.985393
14536,d,0.002385,0.037250,0.022000,30.905762,61.635393
14537,s,0.023128,0.005750,0.022000,37.745850,50.878351
14538,dd,0.002426,0.022750,0.020000,44.628418,45.175915
14539,d,0.002385,0.007500,0.019200,51.542969,29.085393
14545,s,0.023128,0.051000,0.019200,6.837158,93.328351
14546,d,0.002385,0.084000,0.018500,13.920898,104.885393
14547,s,0.023128,0.114850,0.020000,20.683594,157.978351
14548,ds,0.002343,0.022500,0.022000,27.591064,46.842513
14549,s,0.023128,0.010000,0.021500,34.465088,54.628351
14550,p,0.003780,0.005850,0.018500,33.521240,28.129849
14551,d,0.002385,0.016300,0.020000,44.179199,38.685393
14552,p,0.003780,0.059850,0.020000,64.430908,83.629849
14553,d,0.002385,0.012550,0.018500,74.450928,33.435393
14554,pp,0.002838,0.047100,0.019200,93.113037,69.138325
14555,p,0.003780,0.015350,0.019200,17.940186,38.329849
14556,p,0.003780,0.035450,0.021500,39.050781,60.729849
14557,pp,0.002838,0.068250,0.022000,60.949219,93.088325
14558,p,0.003780,0.125150,0.018500,83.536865,147.429849
14559,p,0.003780,0.010950,0.018500,104.883057,33.229849
14560,d,0.002385,0.009300,0.020000,6.681396,31.685393
14561,s,0.023128,0.112100,0.020000,13.707764,155.228351
14562,s,0.023128,0.005000,0.021500,20.694336,49.628351
14563,s,0.023128,0.007550,0.021500,27.415283,52.178351
14564,d,0.002385,0.123200,0.019200,34.425537,144.785393
14565,p,0.003780,0.060650,0.020000,18.915283,84.429849
14566,p,0.003780,0.008000,0.018500,41.016602,30.279849
14567,d,0.002385,0.017250,0.022000,50.634277,41.635393
14568,p,0.003780,0.044100,0.020000,69.192383,67.879849
14569,sp,0.018754,0.056700,0.021500,78.652344,96.953690
14570,s,0.023128,0.084800,0.021500,6.627441,129.428351
14571,s,0.023128,0.011750,0.019200,13.525391,54.078351
14572,s,0.023128,0.096500,0.020000,20.531738,139.628351
14573,ds,0.002343,0.054350,0.019200,27.591553,75.892513
14574,d,0.002385,0.013900,0.021500,34.716797,37.785393
14575,d,0.002385,0.058650,0.021500,6.686523,82.535393
14576,s,0.023128,0.035550,0.021500,13.854248,80.178351
14577,s,0.023128,0.004850,0.021500,20.907227,49.478351
14578,ds,0.002343,0.009400,0.019200,28.165771,30.942513
14579,ss,0.018821,0.004850,0.022000,35.226562,45.670769
14580,p,0.003780,0.076950,0.022000,18.772217,102.729849
14581,p,0.003780,0.093850,0.020000,39.681641,117.629849
14582,s,0.023128,0.084000,0.021500,48.811768,128.628351
14583,dp,0.002464,0.091300,0.022000,55.922607,115.764344
14584,s,0.023128,0.009000,0.022000,62.802734,54.128351
14585,p,0.003780,0.128450,0.021500,18.506348,153.729849
14586,dp,0.002464,0.058850,0.019200,28.208984,80.514344
14587,ddp,0.002502,0.051250,0.018500,35.504639,72.251712
14588,d,0.002385,0.017850,0.020000,43.040527,40.235393
14589,d,0.002385,0.024450,0.019200,50.426758,46.035393
14590,d,0.002385,0.005500,0.021500,6.652344,29.385393
14591,d,0.002385,0.026950,0.021500,13.990234,50.835393
14592,s,0.023128,0.014500,0.019200,21.022217,56.828351
14593,s,0.023128,0.048150,0.020000,28.094482,91.278351
14594,sd,0.018668,0.006400,0.018500,35.106445,43.567773
14600,p,0.003780,0.054300,0.018500,41.508545,76.579849
14601,p,0.003780,0.021500,0.020000,62.360352,45.279849
14602,p,0.003780,0.027450,0.019200,83.179443,50.429849
14603,dp,0.002464,0.040200,0.022000,92.772949,64.664344
14604,ddp,0.002502,0.026350,0.018500,99.828125,47.351712
14595,p,0.003780,0.035850,0.019200,18.421875,58.829849
14596,d,0.002385,0.004750,0.020000,28.417236,27.135393
14597,d,0.002385,0.072600,0.018500,35.959961,93.485393
14598,d,0.002385,0.020800,0.019200,43.212891,42.385393
14599,d,0.002385,0.121450,0.021500,50.280029,145.335393
14605,p,0.003780,0.061400,0.018500,18.052490,83.679849
14606,p,0.003780,0.022900,0.021500,39.270752,48.179849
14607,sp,0.018754,0.050650,0.019200,50.211426,88.603690
14608,p,0.003780,0.007500,0.019200,72.287354,30.479849
14609,psp,0.002926,0.097050,0.022000,95.723633,121.975658
14610,p,0.003780,0.005550,0.020000,18.111816,29.329849
14611,s,0.023128,0.017450,0.020000,27.294678,60.578351
14612,ps,0.002840,0.008950,0.020000,46.028076,31.789786
14613,p,0.003780,0.010650,0.021500,66.840088,35.929849
14614,d,0.002385,0.043250,0.021500,76.282715,67.135393
14615,p,0.003780,0.025500,0.019200,34.217529,48.479849
14616,p,0.003780,0.091300,0.018500,54.687012,113.579849
14617,p,0.003780,0.082350,0.022000,75.078613,108.129849
14618,d,0.002385,0.056400,0.018500,84.315674,77.285393
14619,pd,0.002977,0.100250,0.021500,102.592285,124.727001
14620,d,0.002385,0.069750,0.021500,19.838867,93.635393
14621,pd,0.002977,0.054350,0.021500,38.867188,78.827001
14622,p,0.003780,0.007650,0.022000,59.028076,33.429849
14623,p,0.003780,0.005850,0.019200,79.364746,28.829849
14624,s,0.023128,0.054950,0.020000,88.317871,98.078351
14625,s,0.023128,0.043150,0.020000,22.130859,86.278351
14626,p,0.003780,0.099150,0.019200,41.266846,122.129849
14627,ss,0.018821,0.049550,0.020000,50.311768,88.370769
14628,d,0.002385,0.103650,0.019200,57.191162,125.235393
14629,s,0.023128,0.006350,0.021500,64.412109,50.978351
14630,d,0.002385,0.050550,0.021500,9.588135,74.435393
14631,s,0.023128,0.128250,0.020000,16.574707,171.378351
14632,p,0.003780,0.010200,0.020000,35.505127,33.979849
14633,ss,0.018821,0.046450,0.019200,45.588623,84.470769
14634,p,0.003780,0.057850,0.019200,66.291260,80.829849
14635,d,0.002385,0.008050,0.020000,23.364746,30.435393
14636,dd,0.002426,0.004550,0.022000,31.254395,28.975915
14637,d,0.002385,0.036200,0.022000,38.390381,60.585393
14638,d,0.002385,0.024100,0.019200,45.532227,45.685393
14639,dd,0.002426,0.090000,0.022000,52.684082,114.425915
14640,p,0.003780,0.085200,0.022000,19.171631,110.979849
14641,d,0.002385,0.004500,0.021500,28.582031,28.385393
14642,d,0.002385,0.097300,0.020000,35.680908,119.685393
14643,sd,0.018668,0.064650,0.021500,42.518555,104.817773
14644,pp,0.002838,0.105850,0.021500,60.579102,130.188325
14650,p,0.003780,0.004900,0.021500,20.798828,30.179849
14651,s,0.023128,0.080700,0.021500,29.923096,125.328351
14652,p,0.003780,0.095400,0.018500,49.509521,117.679849
14653,dp,0.002464,0.075200,0.021500,59.906982,99.164344
14654,ss,0.018821,0.089250,0.018500,67.385498,126.570769
14645,d,0.002385,0.054250,0.020000,23.539062,76.635393
14646,p,0.003780,0.025700,0.022000,42.738525,51.479849
14647,sd,0.018668,0.065150,0.021500,51.834961,105.317773
14648,d,0.002385,0.007150,0.020000,59.042725,29.535393
14649,s,0.023128,0.009850,0.020000,65.906738,52.978351
14665,d,0.002385,0.005400,0.022000,7.736572,29.785393
14666,dd,0.002426,0.005400,0.020000,16.012695,27.825915
14667,s,0.023128,0.070650,0.020000,23.838867,113.778351
14668,s,0.023128,0.099350,0.020000,31.601562,142.478351
14669,s,0.023128,0.079650,0.018500,38.939941,121.278351
14660,p,0.003780,0.089650,0.019200,18.279053,112.629849
14661,s,0.023128,0.005000,0.019200,27.566895,47.328351
14662,ss,0.018821,0.005600,0.020000,34.599365,44.420769
14663,s,0.023128,0.093100,0.019200,41.732422,135.428351
14664,dss,0.002842,0.004800,0.020000,48.764648,27.641615
14655,d,0.002385,0.112700,0.018500,6.883301,133.585393
14656,p,0.003780,0.098150,0.019200,26.500244,121.129849
14657,pp,0.002838,0.101750,0.021500,47.828857,126.088325
14658,spp,0.018537,0.058600,0.019200,57.291748,96.337181
14659,d,0.002385,0.005200,0.022000,64.631592,29.585393
14675,d,0.002385,0.045550,0.022000,7.322998,69.935393
14676,d,0.002385,0.091550,0.019200,14.969727,113.135393
14677,d,0.002385,0.084900,0.019200,22.320312,106.485393
14678,pd,0.002977,0.011750,0.020000,40.740479,34.727001
14679,dd,0.002426,0.057450,0.018500,50.416260,78.375915
14670,d,0.002385,0.054250,0.022000,6.624756,78.635393
14671,p,0.003780,0.010150,0.018500,27.696045,32.429849
14672,d,0.002385,0.028550,0.020000,38.510010,50.935393
14673,pp,0.002838,0.004900,0.020000,58.979980,27.738325
14674,s,0.023128,0.013400,0.018500,68.940918,55.028351
14680,s,0.023128,0.105150,0.022000,6.563721,150.278351
14681,ds,0.002343,0.106250,0.019200,14.874023,127.792513
14682,p,0.003780,0.005000,0.022000,34.161133,30.779849
14683,p,0.003780,0.018750,0.022000,56.265869,44.529849
14684,s,0.023128,0.089000,0.020000,66.294678,132.128351
14685,d,0.002385,0.008100,0.020000,28.612305,30.485393
14686,s,0.023128,0.018450,0.019200,38.100830,60.778351
14687,p,0.003780,0.009200,0.019200,56.776611,32.179849
14688,s,0.023128,0.015450,0.018500,66.057129,57.078351
14689,dp,0.002464,0.004400,0.019200,73.304443,26.064344
14695,s,0.023128,0.058850,0.022000,22.926025,103.978351
14696,s,0.023128,0.005350,0.021500,30.629150,49.978351
14697,ds,0.002343,0.123200,0.020000,37.861328,145.542513
14698,ds,0.002343,0.005000,0.021500,44.869141,28.842513
14699,d,0.002385,0.006200,0.022000,51.970947,30.585393
14690,p,0.003780,0.008250,0.022000,35.045654,34.029849
14691,s,0.023128,0.051600,0.022000,44.410889,96.728351
14692,d,0.002385,0.096450,0.022000,51.437500,120.835393
14693,p,0.003780,0.102050,0.019200,69.966309,125.029849
14694,ds,0.002343,0.090450,0.018500,79.291504,111.292513
14700,d,0.002385,0.015900,0.022000,7.175537,40.285393
14701,p,0.003780,0.012450,0.021500,26.726807,37.729849
14702,s,0.023128,0.009150,0.019200,36.195801,51.478351
14703,sd,0.018668,0.054350,0.021500,43.131104,94.517773
14704,ds,0.002343,0.013100,0.020000,50.337891,35.442513
14710,s,0.023128,0.068100,0.019200,6.317383,110.428351
14711,s,0.023128,0.010600,0.018500,13.345459,52.228351
14712,p,0.003780,0.090100,0.022000,32.605469,115.879849
14713,ds,0.002343,0.014850,0.020000,42.121338,37.192513
14714,p,0.003780,0.006050,0.019200,68.303223,29.029849
14705,p,0.003780,0.112850,0.018500,19.103516,135.129849
14706,p,0.003780,0.018200,0.021500,40.255127,43.479849
14707,sp,0.018754,0.056700,0.021500,49.728760,96.953690
14708,dp,0.002464,0.069850,0.019200,57.031738,91.514344
14709,s,0.023128,0.008800,0.018500,64.190186,50.428351
14715,s,0.023128,0.017450,0.019200,6.388428,59.778351
14716,s,0.023128,0.022500,0.018500,13.347900,64.128351
14717,p,0.003780,0.012450,0.018500,32.265625,34.729849
14718,ps,0.002840,0.025100,0.021500,53.260498,49.439786
14719,p,0.003780,0.070200,0.022000,74.054932,95.979849
14720,p,0.003780,0.004300,0.019200,35.479248,27.279849
14721,sp,0.018754,0.005050,0.019200,44.789062,43.003690
14722,ssp,0.018787,0.004600,0.022000,51.585205,45.387195
14723,pss,0.002833,0.006000,0.021500,70.120117,30.332709
14724,s,0.023128,0.047100,0.019200,79.326172,89.428351
14730,s,0.023128,0.008600,0.019200,22.971436,50.928351
14731,d,0.002385,0.016300,0.020000,31.290771,38.685393
14732,sd,0.018668,0.059500,0.018500,38.342773,96.667773
14733,d,0.002385,0.061250,0.022000,45.971680,85.635393
14734,s,0.023128,0.009950,0.019200,52.997070,52.278351
14735,p,0.003780,0.083800,0.021500,18.050537,109.079849
14736,sp,0.018754,0.060650,0.019200,27.409668,98.603690
14737,s,0.023128,0.063650,0.022000,34.163818,108.778351
14738,p,0.003780,0.038750,0.019200,52.392334,61.729849
14739,ds,0.002343,0.019950,0.020000,61.653809,42.292513
14725,p,0.003780,0.103300,0.018500,18.541260,125.579849
14726,s,0.023128,0.021800,0.021500,27.845459,66.428351
14727,p,0.003780,0.016500,0.019200,46.359375,39.479849
14728,pp,0.002838,0.016800,0.020000,67.139160,39.638325
14729,ds,0.002343,0.096050,0.022000,76.878662,120.392513
14740,d,0.002385,0.007500,0.020000,23.125244,29.885393
14741,pd,0.002977,0.012000,0.022000,42.399170,36.977001
14742,d,0.002385,0.140100,0.020000,52.117432,162.485393
14743,d,0.002385,0.036450,0.019200,59.340332,58.035393
14744,dd,0.002426,0.103400,0.022000,66.468018,127.825915
14745,p,0.003780,0.082800,0.020000,17.937012,106.579849
14746,d,0.002385,0.017350,0.018500,27.421143,38.235393
14747,p,0.003780,0.023000,0.020000,45.927490,46.779849
14748,s,0.023128,0.006950,0.020000,56.353271,50.078351
14749,dp,0.002464,0.020850,0.022000,63.595947,45.314344
14750,p,0.003780,0.070750,0.020000,20.163818,94.529849
14751,p,0.003780,0.058650,0.020000,43.076660,82.429849
14752,sp,0.018754,0.021000,0.019200,52.788330,58.953690
14753,s,0.023128,0.004450,0.021500,60.066895,49.078351
14754,sp,0.018754,0.086350,0.018500,67.142578,123.603690
14755,p,0.003780,0.025650,0.022000,18.263184,51.429849
14756,d,0.002385,0.090850,0.019200,27.927002,112.435393
14757,d,0.002385,0.071400,0.019200,35.132324,92.985393
14758,s,0.023128,0.026300,0.022000,42.122314,71.428351
14759,pd,0.002977,0.059750,0.018500,60.654297,81.227001
14760,d,0.002385,0.009900,0.022000,24.187012,34.285393
14761,pd,0.002977,0.023550,0.021500,43.323242,48.027001
14762,d,0.002385,0.040200,0.019200,52.764404,61.785393
14763,pd,0.002977,0.071850,0.020000,71.118408,94.827001
14764,p,0.003780,0.013100,0.022000,91.841309,38.879849
14765,d,0.002385,0.022800,0.018500,6.669189,43.685393
14766,dd,0.002426,0.044450,0.018500,14.178955,65.375915
14767,d,0.002385,0.005050,0.021500,21.634766,28.935393
14768,pdd,0.003045,0.018950,0.018500,40.308838,40.494804
14769,p,0.003780,0.017450,0.022000,62.074463,43.229849
14770,s,0.023128,0.006400,0.018500,6.755127,48.028351
14771,ds,0.002343,0.004750,0.019200,14.299561,26.292513
14772,dds,0.002685,0.005050,0.018500,21.993164,26.235273
14773,p,0.003780,0.070650,0.019200,41.435059,93.629849
14774,s,0.023128,0.007550,0.022000,51.128662,52.678351
14775,s,0.023128,0.015950,0.018500,23.700928,57.578351
14776,ps,0.002840,0.033900,0.021500,43.354004,58.239786
14777,d,0.002385,0.015550,0.022000,53.023438,39.935393
14778,sps,0.018360,0.070400,0.018500,60.139404,107.260251
14779,s,0.023128,0.048550,0.018500,67.190186,90.178351
14780,p,0.003780,0.017900,0.021500,30.634521,43.179849
14781,s,0.023128,0.003850,0.022000,41.337402,48.978351
14782,sp,0.018754,0.022650,0.020000,49.200195,61.403690
14783,d,0.002385,0.065900,0.022000,57.056641,90.285393
14784,ds,0.002343,0.005300,0.020000,64.436279,27.642513
14785,d,0.002385,0.015650,0.022000,23.760986,40.035393
14786,p,0.003780,0.005550,0.021500,43.091309,30.829849
14787,s,0.023128,0.101200,0.018500,52.620117,142.828351
14788,ss,0.018821,0.016800,0.021500,63.126709,57.120769
14789,pss,0.002833,0.051500,0.019200,85.562500,73.532709
14790,s,0.023128,0.095650,0.020000,6.277344,138.778351
14791,ps,0.002840,0.069650,0.022000,24.880615,94.489786
14792,d,0.002385,0.059600,0.019200,34.705811,81.185393
14793,s,0.023128,0.005300,0.019200,41.661133,47.628351
14794,s,0.023128,0.043350,0.019200,50.408203,85.678351
14795,d,0.002385,0.143900,0.019200,9.966064,165.485393
14796,sd,0.018668,0.015300,0.022000,16.936279,55.967773
14797,s,0.023128,0.096450,0.021500,23.796875,141.078351
14798,p,0.003780,0.054350,0.020000,43.000977,78.129849
14799,psd,0.003139,0.026000,0.021500,69.179199,50.638792
14800,p,0.003780,0.043750,0.020000,21.127930,67.529849
14801,p,0.003780,0.027050,0.021500,43.243896,52.329849
14802,s,0.023128,0.116750,0.022000,52.747559,161.878351
14803,sp,0.018754,0.087250,0.018500,59.643066,124.503690
14804,s,0.023128,0.010800,0.021500,66.445801,55.428351
14805,d,0.002385,0.064400,0.018500,7.304688,85.285393
14806,pd,0.002977,0.030100,0.019200,27.828857,52.277001
14807,d,0.002385,0.094900,0.019200,37.974609,116.485393
14808,p,0.003780,0.005300,0.020000,56.854736,29.079849
14809,pd,0.002977,0.062250,0.020000,78.030273,85.227001
14815,s,0.023128,0.016950,0.020000,6.455811,60.078351
14816,d,0.002385,0.006350,0.018500,13.756348,27.235393
14817,s,0.023128,0.090800,0.022000,20.794922,135.928351
14818,p,0.003780,0.045400,0.019200,39.559082,68.379849
14819,ss,0.018821,0.007900,0.018500,49.231689,45.220769
14810,s,0.023128,0.078050,0.021500,20.344238,122.678351
14811,d,0.002385,0.069850,0.019200,27.964111,91.435393
14812,p,0.003780,0.007500,0.022000,46.457275,33.279849
14813,dd,0.002426,0.038850,0.020000,55.911865,61.275915
14814,dp,0.002464,0.009500,0.020000,63.107178,31.964344
14820,p,0.003780,0.171950,0.019200,34.454346,194.929849
14821,d,0.002385,0.064850,0.018500,44.622314,85.735393
14822,sd,0.018668,0.118250,0.020000,51.875977,156.917773
14823,p,0.003780,0.068500,0.021500,70.969238,93.779849
14824,s,0.023128,0.003950,0.020000,80.588135,47.078351
14825,s,0.023128,0.014350,0.019200,6.646484,56.678351
14826,p,0.003780,0.099850,0.021500,25.492188,125.129849
14827,s,0.023128,0.112850,0.020000,34.961426,155.978351
14828,pp,0.002838,0.051250,0.021500,53.638428,75.588325
14829,ps,0.002840,0.054100,0.021500,74.804443,78.439786
14830,s,0.023128,0.009150,0.021500,9.022949,53.778351
14831,p,0.003780,0.086100,0.022000,27.493408,111.879849
14832,d,0.002385,0.011750,0.018500,36.934082,32.635393
14833,dd,0.002426,0.024100,0.018500,44.041016,45.025915
14834,s,0.023128,0.075100,0.019200,50.843506,117.428351
14840,d,0.002385,0.056150,0.021500,23.683838,80.035393
14841,s,0.023128,0.023100,0.019200,31.160645,65.428351
14842,d,0.002385,0.004950,0.021500,38.150635,28.835393
14843,d,0.002385,0.087500,0.019200,45.625488,109.085393
14844,pd,0.002977,0.105600,0.022000,64.408447,130.577001
14835,d,0.002385,0.015500,0.020000,7.922852,37.885393
14836,pd,0.002977,0.006950,0.018500,26.521484,28.427001
14837,s,0.023128,0.006900,0.019200,35.967041,49.228351
14838,spd,0.018317,0.017850,0.018500,42.970703,54.667325
14839,dsp,0.002685,0.015700,0.021500,50.359375,39.884513
14845,d,0.002385,0.005150,0.019200,23.855957,26.735393
14846,s,0.023128,0.078700,0.021500,31.929443,123.328351
14847,ss,0.018821,0.089300,0.021500,39.029785,129.620769
14848,pss,0.002833,0.067750,0.020000,57.697998,90.582709
14849,s,0.023128,0.004400,0.019200,66.944092,46.728351
14850,p,0.003780,0.013400,0.018500,19.808105,35.679849
14851,p,0.003780,0.005300,0.019200,41.270996,28.279849
14852,p,0.003780,0.014850,0.020000,65.258057,38.629849
14853,d,0.002385,0.005100,0.020000,76.124756,27.485393
14854,d,0.002385,0.064850,0.021500,84.167480,88.735393
14855,p,0.003780,0.006000,0.019200,18.671875,28.979849
14856,p,0.003780,0.013550,0.021500,40.241211,38.829849
14857,d,0.002385,0.028550,0.021500,50.313721,52.435393
14858,s,0.023128,0.032150,0.018500,57.533691,73.778351
14859,p,0.003780,0.004500,0.021500,76.132080,29.779849
14860,d,0.002385,0.080200,0.022000,6.828125,104.585393
14861,d,0.002385,0.005250,0.021500,14.330566,29.135393
14862,s,0.023128,0.018850,0.022000,21.470215,63.978351
14863,d,0.002385,0.080450,0.021500,28.865479,104.335393
14864,sd,0.018668,0.032250,0.021500,36.017334,72.417773
14865,s,0.023128,0.005850,0.018500,6.449951,47.478351
14866,d,0.002385,0.034350,0.018500,13.971924,55.235393
14867,ds,0.002343,0.004750,0.021500,21.417725,28.592513
14868,dd,0.002426,0.059850,0.021500,28.952393,83.775915
14869,d,0.002385,0.058850,0.022000,36.120605,83.235393
14870,s,0.023128,0.005650,0.021500,7.504395,50.278351
14871,ss,0.018821,0.005450,0.022000,14.736328,46.270769
14872,dss,0.002842,0.005550,0.022000,22.190918,30.391615
14873,p,0.003780,0.066250,0.019200,41.238770,89.229849
14874,p,0.003780,0.003800,0.021500,63.517578,29.079849
14875,p,0.003780,0.094100,0.019200,17.935059,117.079849
14876,s,0.023128,0.006450,0.022000,27.247314,51.578351
14877,p,0.003780,0.017350,0.019200,45.721191,40.329849
14878,dp,0.002464,0.040200,0.020000,55.412598,62.664344
14879,d,0.002385,0.061900,0.019200,63.016602,83.485393
14880,s,0.023128,0.052650,0.022000,6.522217,97.778351
14881,ss,0.018821,0.030050,0.022000,13.520508,70.870769
14882,s,0.023128,0.068400,0.021500,20.624023,113.028351
14883,d,0.002385,0.004600,0.019200,27.665039,26.185393
14884,s,0.023128,0.078550,0.022000,34.502197,123.678351
14890,p,0.003780,0.005100,0.018500,35.930420,27.379849
14891,d,0.002385,0.071600,0.022000,45.500732,95.985393
14892,sd,0.018668,0.039200,0.022000,52.571533,79.867773
14893,s,0.023128,0.112150,0.021500,59.288574,156.778351
14894,ds,0.002343,0.075400,0.018500,66.304199,96.242513
14885,d,0.002385,0.012250,0.019200,7.110596,33.835393
14886,p,0.003780,0.034400,0.020000,26.604736,58.179849
14887,pp,0.002838,0.089200,0.021500,47.740967,113.538325
14888,dpp,0.002514,0.087450,0.019200,56.979492,109.164416
14889,ddpp,0.002702,0.086150,0.019200,64.394531,108.052463
14895,s,0.023128,0.043500,0.018500,21.746826,85.128351
14896,p,0.003780,0.013050,0.022000,41.061523,38.829849
14897,pp,0.002838,0.007500,0.020000,61.709961,30.338325
14898,d,0.002385,0.005550,0.018500,71.205322,26.435393
14899,dd,0.002426,0.006700,0.018500,78.400391,27.625915
14900,s,0.023128,0.112250,0.021500,6.751221,156.878351
14901,s,0.023128,0.064450,0.020000,13.987549,107.578351
14902,s,0.023128,0.051500,0.022000,21.167725,96.628351
14903,p,0.003780,0.007100,0.018500,40.215088,29.379849
14904,dp,0.002464,0.011050,0.021500,49.847168,35.014344
14905,d,0.002385,0.016750,0.018500,6.910156,37.635393
14906,dd,0.002426,0.011950,0.019200,14.337402,33.575915
14907,d,0.002385,0.026400,0.018500,21.636230,47.285393
14908,ddd,0.002493,0.006950,0.018500,28.897217,27.943417
14909,s,0.023128,0.007050,0.022000,36.023193,52.178351
14910,p,0.003780,0.023650,0.022000,17.934570,49.429849
14911,d,0.002385,0.012050,0.021500,27.371582,35.935393
14912,s,0.023128,0.099800,0.018500,34.306396,141.428351
14913,p,0.003780,0.118250,0.019200,52.859131,141.229849
14914,ds,0.002343,0.054600,0.022000,62.628174,78.942513
14915,s,0.023128,0.083800,0.019200,6.699219,126.128351
14916,d,0.002385,0.010500,0.021500,14.060059,34.385393
14917,s,0.023128,0.009750,0.020000,21.089600,52.878351
14918,p,0.003780,0.075600,0.021500,39.785889,100.879849
14919,p,0.003780,0.017600,0.021500,61.288086,42.879849
14920,p,0.003780,0.123250,0.021500,18.235596,148.529849
14921,pp,0.002838,0.040900,0.019200,39.194580,62.938325
14922,s,0.023128,0.054600,0.020000,48.838135,97.728351
14923,p,0.003780,0.004350,0.021500,67.575195,29.629849
14924,spp,0.018537,0.076450,0.020000,76.933350,114.987181
14930,s,0.023128,0.070950,0.021500,6.888672,115.578351
14931,s,0.023128,0.021400,0.019200,14.372559,63.728351
14932,ps,0.002840,0.084450,0.018500,33.218018,105.789786
14933,d,0.002385,0.005050,0.018500,42.747314,25.935393
14934,dd,0.002426,0.008750,0.019200,49.951172,30.375915
14925,d,0.002385,0.004800,0.019200,24.092773,26.385393
14926,s,0.023128,0.034400,0.018500,31.614990,76.028351
14927,d,0.002385,0.023350,0.019200,38.524414,44.935393
14928,ss,0.018821,0.057950,0.021500,45.646484,98.270769
14929,s,0.023128,0.056550,0.018500,52.323486,98.178351
14940,s,0.023128,0.036200,0.022000,6.518311,81.328351
14941,s,0.023128,0.005850,0.018500,13.547119,47.478351
14942,ps,0.002840,0.009550,0.021500,32.377441,33.889786
14943,ps,0.002840,0.070200,0.019200,53.657715,92.239786
14944,pps,0.002854,0.036650,0.020000,74.290771,59.504053
14945,d,0.002385,0.040300,0.022000,23.463867,64.685393
14946,d,0.002385,0.005350,0.022000,31.143066,29.735393
14947,dd,0.002426,0.100950,0.021500,38.107178,124.875915
14948,s,0.023128,0.005200,0.022000,44.865967,50.328351
14949,d,0.002385,0.059200,0.021500,51.704102,83.085393
14935,d,0.002385,0.005200,0.020000,13.139404,27.585393
14936,p,0.003780,0.100400,0.018500,32.077148,122.679849
14937,pp,0.002838,0.029250,0.019200,53.026123,51.288325
14938,dpp,0.002514,0.092150,0.018500,62.816650,113.164416
14939,p,0.003780,0.013550,0.018500,81.584717,35.829849
14955,p,0.003780,0.115350,0.022000,18.647949,141.129849
14956,dp,0.002464,0.065150,0.019200,28.291992,86.814344
14957,s,0.023128,0.008800,0.022000,35.477295,53.928351
14958,ps,0.002840,0.011400,0.022000,54.254639,36.239786
14959,d,0.002385,0.077550,0.018500,63.875977,98.435393
14950,s,0.023128,0.023600,0.019200,6.481689,65.928351
14951,p,0.003780,0.016500,0.022000,25.332764,42.279849
14952,d,0.002385,0.074100,0.022000,35.019775,98.485393
14953,p,0.003780,0.107150,0.019200,53.505859,130.129849
14954,d,0.002385,0.004550,0.021500,63.094238,28.435393
14960,s,0.023128,0.065900,0.022000,6.426758,111.028351
14961,d,0.002385,0.004450,0.018500,13.516357,25.335393
14962,d,0.002385,0.074300,0.020000,20.676514,96.685393
14963,dd,0.002426,0.004550,0.022000,27.980469,28.975915
14964,dd,0.002426,0.026400,0.018500,35.102051,47.325915
14965,s,0.023128,0.116850,0.020000,7.376709,159.978351
14966,s,0.023128,0.004950,0.019200,14.450195,47.278351
14967,d,0.002385,0.091300,0.020000,21.778564,113.685393
14968,ss,0.018821,0.114500,0.022000,28.951172,155.320769
14969,dss,0.002842,0.036750,0.022000,36.199951,61.591615
14970,s,0.023128,0.061750,0.022000,19.062500,106.878351
14971,d,0.002385,0.012750,0.020000,26.776611,35.135393
14972,s,0.023128,0.047400,0.022000,33.613037,92.528351
14973,ds,0.002343,0.026750,0.021500,40.749023,50.592513
14974,pd,0.002977,0.007150,0.020000,59.640625,30.127001
14980,p,0.003780,0.094750,0.021500,27.461426,120.029849
14981,d,0.002385,0.130950,0.019200,37.540283,152.535393
14982,sp,0.018754,0.035550,0.020000,45.102539,74.303690
14983,p,0.003780,0.015850,0.019200,65.745850,38.829849
14984,pp,0.002838,0.012250,0.021500,90.155273,36.588325
14985,s,0.023128,0.061550,0.018500,7.178955,103.178351
14986,s,0.023128,0.004500,0.022000,14.536621,49.628351
14987,ps,0.002840,0.094900,0.021500,39.173340,119.239786
14988,dps,0.002445,0.068400,0.018500,48.895996,89.344936
14989,d,0.002385,0.016000,0.018500,56.216309,36.885393
14975,p,0.003780,0.004950,0.021500,18.319824,30.229849
14976,pp,0.002838,0.012900,0.021500,39.273438,37.238325
14977,d,0.002385,0.070400,0.022000,48.893311,94.785393
14978,d,0.002385,0.095200,0.021500,56.062744,119.085393
14979,d,0.002385,0.010650,0.019200,63.481201,32.235393
14995,s,0.023128,0.047250,0.021500,23.245850,91.878351
14996,s,0.023128,0.073400,0.020000,31.258789,116.528351
14997,p,0.003780,0.013850,0.020000,49.866455,37.629849
14998,ss,0.018821,0.056600,0.022000,59.229004,97.420769
14999,s,0.023128,0.004300,0.020000,65.905518,47.428351
14990,d,0.002385,0.045000,0.020000,6.916016,67.385393
14991,s,0.023128,0.099750,0.022000,14.169434,144.878351
14992,p,0.003780,0.025150,0.020000,33.171387,48.929849
14993,p,0.003780,0.057150,0.022000,53.930664,82.929849
14994,sd,0.018668,0.079800,0.018500,63.185303,116.967773
15000,p,0.003780,0.040000,0.020000,18.554932,63.779849
15001,p,0.003780,0.008100,0.021500,40.239258,33.379849
15002,s,0.023128,0.085200,0.018500,49.596436,126.828351
15003,dp,0.002464,0.062200,0.020000,56.666748,84.664344
15004,p,0.003780,0.084000,0.021500,75.190430,109.279849
