request_id,request_type,computation_delay,propagation_delay,transmission_delay,queueing_delay,total_latency
0,d,0.002385,0.004150,0.021500,24.395996,28.035393
1,pd,0.002977,0.004150,0.018500,43.766357,25.627001
2,dp,0.002464,0.005250,0.019200,53.354004,26.914344
3,ddp,0.002502,0.004900,0.021500,60.738770,28.901712
4,dddp,0.002699,0.004500,0.021500,68.432861,28.699161
5,p,0.003780,0.007900,0.018500,27.733643,30.179849
6,pp,0.002838,0.006650,0.022000,50.546143,31.488325
7,dp,0.002464,0.004200,0.021500,60.741699,28.164344
8,sdp,0.018492,0.005850,0.019200,68.268799,43.541971
9,s,0.023128,0.015950,0.022000,75.298584,61.078351
10,s,0.023128,0.004550,0.018500,22.487793,46.178351
11,ds,0.002343,0.004850,0.021500,30.918213,28.692513
12,pds,0.003022,0.004400,0.020000,49.461426,27.421933
13,pp,0.002838,0.004700,0.019200,69.992432,26.738325
14,pp,0.002838,0.004200,0.022000,91.065186,29.038325
15,p,0.003780,0.004450,0.020000,19.649658,28.229849
16,sp,0.018754,0.005150,0.021500,29.431152,45.403690
17,d,0.002385,0.013250,0.022000,36.991211,37.635393
18,dd,0.002426,0.007150,0.021500,44.490967,31.075915
19,ps,0.002840,0.007450,0.019200,63.704346,29.489786
20,p,0.003780,0.004400,0.018500,19.329590,26.679849
21,sp,0.018754,0.005550,0.021500,28.633301,45.803690
22,ssp,0.018787,0.005150,0.020000,35.310791,43.937195
23,sssp,0.018690,0.006700,0.021500,42.024170,46.889656
24,dsss,0.003039,0.005450,0.021500,49.203369,29.988978
25,d,0.002385,0.004150,0.020000,21.163574,26.535393
26,dd,0.002426,0.006700,0.021500,28.658447,30.625915
27,ddd,0.002493,0.004950,0.021500,35.886230,28.943417
28,dddd,0.002612,0.004800,0.018500,43.209961,25.911713
29,pdd,0.003045,0.006050,0.019200,61.380371,28.294804
30,p,0.003780,0.004550,0.018500,29.828857,26.829849
31,sp,0.018754,0.004050,0.018500,39.012695,41.303690
32,ssp,0.018787,0.005200,0.022000,45.728271,45.987195
33,pss,0.002833,0.004450,0.019200,63.955811,26.482709
34,pps,0.002854,0.005000,0.019200,87.849121,27.054053
35,p,0.003780,0.009200,0.022000,47.568604,34.979849
36,pp,0.002838,0.004900,0.022000,67.952393,29.738325
37,dpp,0.002514,0.005500,0.022000,77.652344,30.014416
38,p,0.003780,0.017450,0.021500,95.802002,42.729849
39,dd,0.002426,0.004450,0.020000,105.144531,26.875915
45,p,0.003780,0.005750,0.018500,34.485352,28.029849
46,d,0.002385,0.008950,0.021500,44.023926,32.835393
47,dp,0.002464,0.016150,0.020000,51.306396,38.614344
48,pd,0.002977,0.004600,0.019200,69.909424,26.777001
49,pp,0.002838,0.012450,0.018500,91.606445,33.788325
40,p,0.003780,0.004750,0.019200,18.341797,27.729849
41,dp,0.002464,0.004750,0.018500,28.131836,25.714344
42,ddp,0.002502,0.005700,0.020000,35.350342,28.201712
43,sddp,0.017807,0.008250,0.021500,42.405273,47.556817
44,psd,0.003139,0.004350,0.021500,60.612061,28.988792
55,p,0.003780,0.004600,0.021500,19.109863,29.879849
56,dp,0.002464,0.004000,0.022000,29.193848,28.464344
57,pdp,0.002932,0.006650,0.021500,48.296631,31.081683
58,pp,0.002838,0.004800,0.020000,69.040527,27.638325
59,dpp,0.002514,0.004650,0.018500,78.362549,25.664416
50,p,0.003780,0.005150,0.018500,36.100830,27.429849
51,dp,0.002464,0.005200,0.020000,45.392578,27.664344
52,pd,0.002977,0.003900,0.020000,63.649658,26.877001
53,dp,0.002464,0.004800,0.020000,73.065674,27.264344
54,p,0.003780,0.021500,0.020000,91.433105,45.279849
60,d,0.002385,0.005850,0.021500,6.773193,29.735393
61,dd,0.002426,0.004350,0.021500,14.202148,28.275915
62,pdd,0.003045,0.008150,0.022000,33.018799,33.194804
63,pp,0.002838,0.009100,0.020000,54.056641,31.938325
64,spp,0.018537,0.004500,0.018500,64.122070,41.537181
65,d,0.002385,0.006150,0.020000,23.105225,28.535393
66,pd,0.002977,0.004300,0.019200,42.370117,26.477001
67,spd,0.018317,0.004300,0.022000,51.410889,44.617325
68,s,0.023128,0.012550,0.022000,58.391357,57.678351
69,ps,0.002840,0.004500,0.022000,76.745117,29.339786
70,s,0.023128,0.004500,0.018500,11.689209,46.128351
71,ss,0.018821,0.005300,0.020000,18.664307,44.120769
72,pss,0.002833,0.005350,0.020000,37.317139,28.182709
73,pps,0.002854,0.009550,0.019200,58.156250,31.604053
74,dp,0.002464,0.004300,0.018500,67.928955,25.264344
75,d,0.002385,0.008200,0.020000,11.644043,30.585393
76,d,0.002385,0.004700,0.022000,19.354492,29.085393
77,pd,0.002977,0.004950,0.018500,38.310059,26.427001
78,dpd,0.002513,0.009050,0.020000,48.278320,31.562673
79,ddp,0.002502,0.006050,0.018500,55.955078,27.051712
85,p,0.003780,0.004950,0.022000,18.739990,30.729849
86,dp,0.002464,0.004300,0.020000,28.299805,26.764344
87,sdp,0.018492,0.004650,0.018500,35.057861,41.641971
88,ssdp,0.018187,0.010150,0.022000,41.683838,50.337445
80,d,0.002385,0.004550,0.020000,6.714844,26.935393
81,dd,0.002426,0.004850,0.021500,13.882324,28.775915
82,sdd,0.018511,0.004850,0.019200,20.860840,42.560933
83,dsdd,0.002830,0.005150,0.022000,28.435547,29.979964
84,pds,0.003022,0.005600,0.021500,48.512207,30.121933
90,d,0.002385,0.004500,0.019200,8.590576,26.085393
91,dd,0.002426,0.005500,0.021500,17.006104,29.425915
92,sdd,0.018511,0.005000,0.020000,24.617676,43.510933
93,dsdd,0.002830,0.008950,0.018500,32.600342,30.279964
94,pds,0.003022,0.005000,0.018500,51.800293,26.521933
95,p,0.003780,0.008450,0.021500,34.750977,33.729849
96,dp,0.002464,0.004500,0.020000,44.128906,26.964344
97,ddp,0.002502,0.005600,0.018500,51.205566,26.601712
98,dddp,0.002699,0.004950,0.019200,58.180908,26.849161
100,s,0.023128,0.005050,0.018500,9.937500,46.678351
101,ds,0.002343,0.004450,0.019200,20.387695,25.992513
102,pds,0.003022,0.005600,0.019200,39.279785,27.821933
103,sps,0.018360,0.006700,0.022000,48.337646,47.060251
104,dsps,0.002950,0.003950,0.019200,55.313721,26.100393
105,s,0.023128,0.006050,0.020000,6.771973,49.178351
106,ps,0.002840,0.007250,0.022000,27.309814,32.089786
107,sps,0.018360,0.005850,0.021500,36.963379,45.710251
108,dsps,0.002950,0.004750,0.020000,44.516357,27.700393
110,d,0.002385,0.017750,0.020000,6.635010,40.135393
111,d,0.002385,0.012350,0.022000,14.017334,36.735393
112,sd,0.018668,0.005300,0.021500,21.012939,45.467773
113,dsd,0.002613,0.006950,0.021500,28.060059,31.062551
114,pdsd,0.002929,0.004550,0.020000,46.546387,27.478927
115,p,0.003780,0.008400,0.020000,17.740234,32.179849
116,dp,0.002464,0.005650,0.018500,31.363525,26.614344
117,ddp,0.002502,0.006150,0.018500,38.704590,27.151712
118,pd,0.002977,0.005700,0.020000,58.817383,28.677001
119,pp,0.002838,0.005750,0.021500,82.244629,30.088325
120,d,0.002385,0.004050,0.022000,19.507324,28.435393
121,pd,0.002977,0.004150,0.018500,38.289795,25.627001
122,spd,0.018317,0.004900,0.018500,47.498291,41.717325
123,ssp,0.018787,0.004450,0.020000,54.584717,43.237195
124,dssp,0.002732,0.005150,0.022000,61.646484,29.881810
125,p,0.003780,0.004650,0.019200,35.830322,27.629849
126,pp,0.002838,0.004450,0.022000,56.741699,29.288325
127,dp,0.002464,0.004000,0.021500,66.490234,27.964344
128,ddp,0.002502,0.005650,0.022000,73.702148,30.151712
129,sddp,0.017807,0.008600,0.020000,81.169678,46.406817
130,d,0.002385,0.009100,0.020000,16.882324,31.485393
131,d,0.002385,0.008950,0.018500,30.850098,29.835393
132,dd,0.002426,0.005250,0.022000,38.262695,29.675915
133,pdd,0.003045,0.007000,0.019200,56.726318,29.244804
134,pp,0.002838,0.004800,0.019200,77.852295,26.838325
135,p,0.003780,0.006750,0.018500,20.876953,29.029849
136,dp,0.002464,0.006300,0.021500,30.313721,30.264344
137,sdp,0.018492,0.008950,0.022000,37.150391,49.441971
138,dsdp,0.002604,0.006750,0.021500,44.280762,30.853992
139,ddsd,0.002653,0.009150,0.020000,51.324707,31.803469
140,p,0.003780,0.017750,0.022000,31.330322,43.529849
141,p,0.003780,0.009950,0.021500,53.925293,35.229849
142,sp,0.018754,0.004850,0.019200,63.836670,42.803690
143,dsp,0.002685,0.004050,0.022000,71.382568,28.734513
144,sds,0.018566,0.007900,0.018500,78.633301,44.966086
145,s,0.023128,0.029550,0.022000,16.278564,74.678351
146,ss,0.018821,0.009100,0.021500,24.167725,49.420769
147,pss,0.002833,0.004900,0.019200,42.907471,26.932709
148,ppss,0.002998,0.006050,0.020000,63.616943,29.047567
149,spss,0.018655,0.004900,0.022000,72.626953,45.555113
150,d,0.002385,0.004450,0.018500,12.673584,25.335393
151,d,0.002385,0.015350,0.021500,21.261230,39.235393
152,dd,0.002426,0.004900,0.020000,28.379150,27.325915
153,pd,0.002977,0.005100,0.020000,46.604980,28.077001
154,pp,0.002838,0.010450,0.022000,66.807617,35.288325
155,s,0.023128,0.005250,0.018500,6.348877,46.878351
156,ds,0.002343,0.005300,0.019200,13.521973,26.842513
157,pds,0.003022,0.005300,0.020000,31.846191,28.321933
158,dps,0.002445,0.006050,0.018500,41.509766,26.994936
159,ddps,0.002746,0.005950,0.022000,48.671387,30.695776
165,d,0.002385,0.007250,0.019200,7.088623,28.835393
166,dd,0.002426,0.004500,0.020000,14.791748,26.925915
167,pdd,0.003045,0.004100,0.018500,35.202881,25.644804
168,pp,0.002838,0.005650,0.020000,58.624268,28.488325
169,dp,0.002464,0.008050,0.020000,69.126465,30.514344
160,s,0.023128,0.005700,0.020000,6.765381,48.828351
161,ds,0.002343,0.004700,0.022000,14.213379,29.042513
162,sds,0.018566,0.004750,0.019200,21.758057,42.516086
163,s,0.023128,0.013900,0.022000,30.053955,59.028351
164,ssds,0.018930,0.004450,0.018500,37.498291,41.880221
170,p,0.003780,0.004400,0.022000,20.236328,30.179849
171,sp,0.018754,0.005550,0.018500,30.788574,42.803690
172,psp,0.002926,0.005650,0.020000,50.096436,28.575658
173,sps,0.018360,0.004450,0.021500,59.625732,44.310251
174,psp,0.002926,0.006950,0.021500,78.579346,31.375658
175,s,0.023128,0.016700,0.020000,13.251465,59.828351
176,d,0.002385,0.010550,0.019200,20.798584,32.135393
177,sd,0.018668,0.007450,0.022000,27.887695,48.117773
178,ssd,0.018735,0.006150,0.019200,34.699951,44.084503
179,pss,0.002833,0.004950,0.019200,53.315918,26.982709
180,d,0.002385,0.004600,0.021500,6.692139,28.485393
181,d,0.002385,0.010050,0.022000,14.592041,34.435393
182,sd,0.018668,0.005400,0.020000,21.903564,44.067773
183,ps,0.002840,0.007850,0.022000,41.706299,32.689786
184,sps,0.018360,0.008050,0.021500,51.685547,47.910251
185,s,0.023128,0.007200,0.019200,7.654053,49.528351
186,s,0.023128,0.009200,0.021500,15.101074,53.828351
187,ds,0.002343,0.005500,0.021500,23.496582,29.342513
188,ps,0.002840,0.015700,0.019200,46.441895,37.739786
189,ss,0.018821,0.022500,0.018500,59.644287,59.820769
190,s,0.023128,0.005500,0.018500,6.662354,47.128351
191,ss,0.018821,0.005650,0.022000,14.065918,46.470769
192,sss,0.019288,0.004800,0.018500,21.333496,42.588093
193,ssss,0.018888,0.008600,0.019200,28.522949,46.688175
195,s,0.023128,0.005150,0.021500,6.867188,49.778351
196,ss,0.018821,0.005200,0.021500,14.860596,45.520769
197,sss,0.019288,0.006350,0.021500,22.663330,47.138093
198,dsss,0.003039,0.004600,0.018500,30.522461,26.138978
200,d,0.002385,0.005100,0.022000,20.781006,29.485393
201,p,0.003780,0.013250,0.021500,40.117920,38.529849
202,dd,0.002426,0.017350,0.018500,49.669678,38.275915
203,pp,0.002838,0.008150,0.019200,69.263184,30.188325
204,dd,0.002426,0.004950,0.022000,79.045166,29.375915
205,s,0.023128,0.006300,0.022000,6.417480,51.428351
206,ss,0.018821,0.005050,0.020000,13.411865,43.870769
207,pss,0.002833,0.010350,0.021500,31.929199,34.682709
208,ppss,0.002998,0.014000,0.021500,53.208252,38.497567
209,s,0.023128,0.018700,0.021500,62.463867,63.328351
210,p,0.003780,0.005350,0.018500,19.447998,27.629849
211,pp,0.002838,0.004650,0.022000,41.203369,29.488325
212,pp,0.002838,0.005100,0.019200,62.167236,27.138325
213,sp,0.018754,0.005650,0.018500,71.815918,42.903690
214,ps,0.002840,0.004850,0.020000,90.171875,27.689786
215,d,0.002385,0.015450,0.020000,6.694580,37.835393
216,p,0.003780,0.004000,0.022000,25.898438,29.779849
217,sd,0.018668,0.020150,0.018500,35.584229,57.317773
218,pp,0.002838,0.004350,0.018500,54.305176,25.688325
219,sp,0.018754,0.005150,0.020000,63.533936,43.903690
220,d,0.002385,0.013850,0.018500,6.846924,34.735393
221,p,0.003780,0.006200,0.021500,25.393066,31.479849
222,pp,0.002838,0.007650,0.018500,46.059814,28.988325
223,spp,0.018537,0.009550,0.020000,55.080566,48.087181
224,ssp,0.018787,0.004950,0.019200,61.843018,42.937195
225,s,0.023128,0.025250,0.020000,6.927979,68.378351
226,s,0.023128,0.007050,0.019200,14.784668,49.378351
227,ds,0.002343,0.006450,0.018500,22.706543,27.292513
228,pds,0.003022,0.004050,0.019200,41.324463,26.271933
229,sps,0.018360,0.004900,0.019200,50.610596,42.460251
230,p,0.003780,0.005500,0.021500,17.797607,30.779849
231,dp,0.002464,0.009750,0.018500,27.174561,30.714344
232,pdp,0.002932,0.004250,0.018500,45.458252,25.681683
233,spd,0.018317,0.004650,0.022000,54.834961,44.967325
234,ssp,0.018787,0.006400,0.020000,61.784180,45.187195
235,p,0.003780,0.006350,0.019200,21.188965,29.329849
236,p,0.003780,0.096150,0.018500,41.764160,118.429849
237,s,0.023128,0.008550,0.020000,51.445801,51.678351
238,ds,0.002343,0.005400,0.019200,58.869385,26.942513
239,s,0.023128,0.064900,0.022000,65.650391,110.028351
240,d,0.002385,0.010250,0.020000,6.510498,32.635393
241,dd,0.002426,0.004900,0.019200,13.989258,26.525915
242,ddd,0.002493,0.005150,0.021500,21.247314,29.143417
243,sddd,0.017932,0.005200,0.022000,28.177002,45.131734
245,s,0.023128,0.005300,0.019200,6.364502,47.628351
246,ps,0.002840,0.007100,0.018500,24.893799,28.439786
247,pps,0.002854,0.005550,0.021500,45.330811,29.904053
248,pp,0.002838,0.006950,0.021500,65.657227,31.288325
249,dpp,0.002514,0.005200,0.018500,74.921875,26.214416
250,p,0.003780,0.004450,0.020000,18.308105,28.229849
251,pp,0.002838,0.004200,0.019200,39.196289,26.238325
252,sp,0.018754,0.004150,0.018500,48.351807,41.403690
253,dsp,0.002685,0.004750,0.020000,55.576172,27.434513
254,ddsp,0.002864,0.005450,0.021500,62.653320,29.813565
255,d,0.002385,0.004900,0.018500,16.164795,25.785393
256,pd,0.002977,0.006200,0.020000,35.931885,29.177001
257,pp,0.002838,0.008950,0.022000,57.160156,33.788325
258,p,0.003780,0.007650,0.021500,78.038574,32.929849
259,sp,0.018754,0.004750,0.022000,87.340576,45.503690
260,d,0.002385,0.009750,0.020000,6.709473,32.135393
261,sd,0.018668,0.004300,0.021500,13.696045,44.467773
262,psd,0.003139,0.004850,0.021500,31.941895,29.488792
263,sps,0.018360,0.008450,0.020000,41.131348,46.810251
264,psp,0.002926,0.005500,0.018500,59.376709,26.925658
270,p,0.003780,0.004400,0.022000,17.473633,30.179849
271,sp,0.018754,0.005400,0.019200,26.889404,43.353690
272,psp,0.002926,0.003900,0.021500,45.757324,28.325658
273,pps,0.002854,0.016900,0.020000,66.032227,39.754053
274,p,0.003780,0.010100,0.018500,86.603027,32.379849
265,s,0.023128,0.011700,0.021500,6.753174,56.328351
266,d,0.002385,0.017250,0.019200,14.533936,38.835393
267,ds,0.002343,0.004950,0.018500,21.894287,25.792513
268,sds,0.018566,0.004750,0.018500,28.934570,41.816086
269,dd,0.002426,0.017500,0.022000,36.041504,41.925915
275,d,0.002385,0.005250,0.021500,24.108398,29.135393
276,dd,0.002426,0.004400,0.021500,32.036133,28.325915
277,pdd,0.003045,0.004300,0.021500,50.163086,28.844804
278,dpd,0.002513,0.005200,0.018500,59.710693,26.212673
279,ddp,0.002502,0.005350,0.019200,66.749756,27.051712
280,s,0.023128,0.005200,0.018500,6.465088,46.828351
281,ss,0.018821,0.005450,0.018500,13.270508,42.770769
282,dss,0.002842,0.006000,0.022000,20.489746,30.841615
283,pdss,0.002957,0.004400,0.022000,39.463867,29.356682
285,p,0.003780,0.010000,0.020000,17.666992,33.779849
286,d,0.002385,0.005600,0.022000,27.363770,29.985393
287,dp,0.002464,0.004200,0.022000,35.005127,28.664344
288,sdp,0.018492,0.005150,0.018500,42.118164,42.141971
289,ssdp,0.018187,0.005050,0.021500,48.926514,44.737445
290,p,0.003780,0.004900,0.021500,26.994873,30.179849
291,dp,0.002464,0.004150,0.022000,36.542236,28.614344
292,sdp,0.018492,0.010150,0.022000,43.625244,50.641971
293,dsdp,0.002604,0.006450,0.021500,50.878418,30.553992
294,sdsd,0.018197,0.005050,0.022000,57.947998,45.247164
295,p,0.003780,0.005150,0.020000,39.198975,28.929849
296,dp,0.002464,0.003500,0.022000,48.840088,27.964344
297,ddp,0.002502,0.003800,0.022000,56.167725,28.301712
298,sddp,0.017807,0.029550,0.020000,63.100098,67.356817
299,ssdd,0.018091,0.012900,0.019200,70.089111,50.191216
305,s,0.023128,0.004550,0.020000,22.717285,47.678351
306,ds,0.002343,0.005750,0.020000,30.605957,28.092513
307,sds,0.018566,0.005200,0.022000,38.022461,45.766086
308,psds,0.002945,0.016150,0.019200,56.207764,38.295423
309,dpss,0.002761,0.005000,0.021500,65.481201,29.260817
300,p,0.003780,0.008150,0.020000,17.697754,31.929849
301,p,0.003780,0.004750,0.022000,38.365723,30.529849
302,sp,0.018754,0.044000,0.021500,47.653320,84.253690
303,ssp,0.018787,0.005350,0.018500,54.527832,42.637195
304,dssp,0.002732,0.004550,0.021500,61.614014,28.781810
310,d,0.002385,0.004500,0.020000,22.841797,26.885393
311,p,0.003780,0.012750,0.021500,43.511475,38.029849
312,s,0.023128,0.004950,0.022000,53.918457,50.078351
313,ds,0.002343,0.004550,0.021500,61.822266,28.392513
314,dds,0.002685,0.005400,0.018500,69.575684,26.585273
315,p,0.003780,0.005200,0.021500,18.244629,30.479849
316,pp,0.002838,0.004900,0.021500,39.186279,29.238325
317,dp,0.002464,0.005100,0.019200,49.056396,26.764344
318,sdp,0.018492,0.004550,0.022000,56.062256,45.041971
319,dsdp,0.002604,0.010150,0.019200,63.254639,31.953992
320,d,0.002385,0.008600,0.022000,6.703857,32.985393
321,dd,0.002426,0.005000,0.021500,13.980957,28.925915
322,pdd,0.003045,0.004850,0.021500,32.497803,29.394804
323,dpd,0.002513,0.006750,0.021500,42.031982,30.762673
324,pdp,0.002932,0.004750,0.018500,60.430908,26.181683
325,s,0.023128,0.005350,0.021500,6.368164,49.978351
326,s,0.023128,0.020100,0.021500,13.285645,64.728351
327,ps,0.002840,0.004550,0.021500,32.031006,28.889786
328,dps,0.002445,0.004450,0.021500,41.679443,28.394936
329,ddps,0.002746,0.005250,0.018500,48.896729,26.495776
330,p,0.003780,0.004200,0.021500,17.743164,29.479849
331,s,0.023128,0.007150,0.018500,26.862549,48.778351
332,pp,0.002838,0.011000,0.018500,45.335938,32.338325
333,sp,0.018754,0.004750,0.019200,54.607910,42.703690
334,ssp,0.018787,0.004900,0.018500,61.660645,42.187195
335,d,0.002385,0.015600,0.022000,7.210205,39.985393
336,d,0.002385,0.007100,0.020000,14.740967,29.485393
337,dd,0.002426,0.005200,0.019200,22.074463,26.825915
338,sdd,0.018511,0.005650,0.019200,29.459961,43.360933
339,dsdd,0.002830,0.006700,0.019200,36.644043,28.729964
340,s,0.023128,0.005500,0.018500,12.189209,47.128351
341,ps,0.002840,0.005650,0.020000,30.718750,28.489786
342,s,0.023128,0.011050,0.018500,40.033936,52.678351
343,dps,0.002445,0.005350,0.022000,47.229248,29.794936
344,ddps,0.002746,0.006350,0.018500,54.397217,27.595776
345,s,0.023128,0.004950,0.019200,9.408203,47.278351
346,ds,0.002343,0.008600,0.018500,17.162842,29.442513
347,dds,0.002685,0.005100,0.021500,24.978760,29.285273
348,pdds,0.002946,0.006350,0.018500,45.049805,27.795651
349,sps,0.018360,0.003950,0.019200,54.548828,41.510251
350,p,0.003780,0.004800,0.021500,33.435547,30.079849
351,sp,0.018754,0.006400,0.021500,42.578613,46.653690
352,psp,0.002926,0.008450,0.020000,61.143555,31.375658
353,d,0.002385,0.026600,0.019200,70.666504,48.185393
354,pps,0.002854,0.005450,0.019200,88.925293,27.504053
355,p,0.003780,0.004450,0.020000,34.942139,28.229849
356,pp,0.002838,0.005100,0.020000,56.039062,27.938325
357,dp,0.002464,0.005600,0.019200,65.749023,27.264344
358,p,0.003780,0.006200,0.021500,85.171875,31.479849
359,d,0.002385,0.008050,0.021500,94.937500,31.935393
360,s,0.023128,0.004800,0.021500,6.245605,49.428351
361,p,0.003780,0.007950,0.021500,24.738281,33.229849
362,ps,0.002840,0.004500,0.019200,46.257324,26.539786
363,sp,0.018754,0.004600,0.021500,56.512451,44.853690
364,ps,0.002840,0.004950,0.019200,76.550293,26.989786
365,p,0.003780,0.004000,0.021500,20.314941,29.279849
366,sp,0.018754,0.017750,0.020000,30.256348,56.503690
367,dsp,0.002685,0.004250,0.019200,37.783691,26.134513
368,pds,0.003022,0.005550,0.021500,57.702637,30.071933
369,pps,0.002854,0.009750,0.019200,80.345703,31.804053
370,s,0.023128,0.005850,0.021500,6.292969,50.478351
371,ps,0.002840,0.007350,0.020000,24.636230,30.189786
372,sps,0.018360,0.004900,0.021500,34.083496,44.760251
373,psps,0.002923,0.004400,0.020000,52.976318,27.322585
374,sps,0.018360,0.005750,0.018500,62.525635,42.610251
375,p,0.003780,0.005200,0.019200,34.809326,28.179849
376,sp,0.018754,0.006350,0.020000,44.154297,45.103690
377,dsp,0.002685,0.007350,0.020000,51.664307,30.034513
378,sdsp,0.018148,0.006350,0.021500,58.688965,45.998415
379,dsds,0.002713,0.007250,0.018500,65.899902,28.463025
380,p,0.003780,0.004150,0.020000,32.935791,27.929849
381,pp,0.002838,0.005350,0.018500,54.006104,26.688325
382,dp,0.002464,0.005450,0.020000,63.711426,27.914344
383,pd,0.002977,0.004900,0.020000,82.313477,27.877001
384,dp,0.002464,0.005950,0.020000,92.023682,28.414344
385,s,0.023128,0.005100,0.022000,14.403809,50.228351
386,ps,0.002840,0.006050,0.020000,34.870850,28.889786
387,sps,0.018360,0.007250,0.022000,45.344727,47.610251
388,ps,0.002840,0.010900,0.021500,68.114014,35.239786
389,dps,0.002445,0.004900,0.020000,78.138428,27.344936
400,p,0.003780,0.005300,0.021500,34.713867,30.579849
401,sp,0.018754,0.004850,0.020000,43.803223,43.603690
402,ssp,0.018787,0.007300,0.020000,50.562012,46.087195
403,sssp,0.018690,0.006000,0.020000,57.326660,44.689656
390,d,0.002385,0.004800,0.020000,10.632324,27.185393
391,pd,0.002977,0.004600,0.019200,31.110352,26.777001
392,dp,0.002464,0.010150,0.021500,40.925781,34.114344
393,pd,0.002977,0.004850,0.021500,59.464355,29.327001
394,dpd,0.002513,0.004250,0.020000,68.778320,26.762673
395,d,0.002385,0.005150,0.021500,19.447998,29.035393
396,pd,0.002977,0.012050,0.022000,41.780273,37.027001
397,pp,0.002838,0.004950,0.021500,63.688477,29.288325
398,dpp,0.002514,0.004950,0.018500,73.433594,25.964416
399,sdp,0.018492,0.005400,0.021500,80.839600,45.391971
405,s,0.023128,0.005950,0.020000,16.303467,49.078351
406,s,0.023128,0.008800,0.018500,23.851318,50.428351
407,ss,0.018821,0.004500,0.021500,30.741943,44.820769
408,dss,0.002842,0.005450,0.021500,38.010010,29.791615
409,sdss,0.018223,0.005700,0.021500,45.291260,45.422624
410,p,0.003780,0.005100,0.020000,37.519043,28.879849
411,sp,0.018754,0.004800,0.022000,46.710938,45.553690
412,psp,0.002926,0.003800,0.020000,64.975098,26.725658
413,dps,0.002445,0.004500,0.019200,74.635742,26.144936
414,sdps,0.018183,0.006000,0.018500,81.588379,42.682897
415,p,0.003780,0.005400,0.018500,19.697998,27.679849
416,d,0.002385,0.009100,0.020000,29.504639,31.485393
417,p,0.003780,0.007100,0.022000,47.838623,32.879849
418,pp,0.002838,0.005000,0.021500,68.499268,29.338325
419,pp,0.002838,0.004250,0.022000,88.865723,29.088325
420,p,0.003780,0.004650,0.022000,18.269531,30.429849
421,pp,0.002838,0.006250,0.020000,39.271729,29.088325
422,pp,0.002838,0.004850,0.018500,59.637451,26.188325
423,sp,0.018754,0.021000,0.019200,69.261230,58.953690
424,ps,0.002840,0.005000,0.020000,87.588623,27.839786
425,s,0.023128,0.005550,0.021500,6.436523,50.178351
426,ps,0.002840,0.006000,0.020000,25.638428,28.839786
427,sps,0.018360,0.013100,0.021500,34.770996,52.960251
428,ssps,0.018466,0.003850,0.021500,41.808105,43.816056
430,p,0.003780,0.004800,0.021500,17.852051,30.079849
431,pp,0.002838,0.012000,0.019200,38.924072,34.038325
432,pp,0.002838,0.004700,0.019200,59.396484,26.738325
433,spp,0.018537,0.004250,0.020000,68.520996,42.787181
434,ps,0.002840,0.003950,0.019200,86.877686,25.989786
435,s,0.023128,0.004900,0.020000,22.212891,48.028351
436,s,0.023128,0.019100,0.021500,29.772949,63.728351
437,ds,0.002343,0.004300,0.020000,36.905518,26.642513
438,dds,0.002685,0.008600,0.018500,43.986084,29.785273
439,pdds,0.002946,0.005150,0.018500,62.454346,26.595651
440,d,0.002385,0.004900,0.019200,21.760498,26.485393
441,d,0.002385,0.016600,0.019200,29.529053,38.185393
442,dd,0.002426,0.004550,0.018500,36.816650,25.475915
443,sdd,0.018511,0.004650,0.018500,43.632324,41.660933
444,ps,0.002840,0.004850,0.021500,63.220947,29.189786
445,p,0.003780,0.004850,0.021500,18.171875,30.129849
446,pp,0.002838,0.005000,0.019200,38.847168,27.038325
447,dp,0.002464,0.004550,0.019200,48.403320,26.214344
448,s,0.023128,0.019750,0.021500,55.302490,64.378351
449,pd,0.002977,0.004300,0.019200,73.991455,26.477001
450,s,0.023128,0.004700,0.022000,6.559326,49.828351
451,ds,0.002343,0.005600,0.018500,13.763916,26.442513
452,dds,0.002685,0.005050,0.019200,21.052734,26.935273
453,ddds,0.002761,0.005150,0.018500,28.401855,26.410792
454,pdds,0.002946,0.004400,0.022000,47.043945,29.345651
455,s,0.023128,0.004850,0.021500,22.949951,49.478351
456,ss,0.018821,0.006950,0.018500,30.468506,44.270769
457,sss,0.019288,0.009200,0.020000,37.231201,48.488093
458,psss,0.002892,0.007350,0.019200,55.862305,29.442287
459,pps,0.002854,0.004000,0.019200,76.312012,26.054053
460,d,0.002385,0.004600,0.019200,23.499268,26.185393
461,dd,0.002426,0.005550,0.021500,31.261963,29.475915
462,pd,0.002977,0.005300,0.018500,51.121094,26.777001
463,sp,0.018754,0.004550,0.018500,60.859863,41.803690
464,dsp,0.002685,0.004350,0.020000,68.404541,27.034513
465,p,0.003780,0.003800,0.021500,18.078857,29.079849
466,dp,0.002464,0.004400,0.022000,27.360352,28.864344
467,p,0.003780,0.014900,0.020000,45.568359,38.679849
468,p,0.003780,0.005000,0.022000,65.844971,30.779849
469,dp,0.002464,0.008600,0.022000,75.118652,33.064344
470,s,0.023128,0.018050,0.022000,6.680420,63.178351
471,p,0.003780,0.005650,0.020000,25.508545,29.429849
472,sp,0.018754,0.004750,0.019200,35.129639,42.703690
473,ssp,0.018787,0.009850,0.020000,42.400146,48.637195
474,dssp,0.002732,0.005750,0.018500,49.848633,26.981810
475,s,0.023128,0.005250,0.019200,14.163574,47.578351
476,ps,0.002840,0.005450,0.022000,33.157227,30.289786
477,d,0.002385,0.008250,0.022000,43.059082,32.635393
478,dps,0.002445,0.004150,0.020000,50.595947,26.594936
479,ddps,0.002746,0.003650,0.022000,58.176270,28.395776
480,s,0.023128,0.029550,0.021500,23.891846,74.178351
481,ss,0.018821,0.005500,0.022000,31.834473,46.320769
482,pss,0.002833,0.005150,0.022000,51.354004,29.982709
483,ppss,0.002998,0.005100,0.021500,74.353516,29.597567
484,dps,0.002445,0.004500,0.018500,85.155518,25.444936
485,p,0.003780,0.005750,0.019200,35.626953,28.729849
486,pp,0.002838,0.004350,0.019200,55.871826,26.388325
487,pp,0.002838,0.005550,0.020000,76.079834,28.388325
488,dp,0.002464,0.006150,0.021500,85.684570,30.114344
489,ddp,0.002502,0.005850,0.021500,92.908936,29.851712
490,d,0.002385,0.004950,0.019200,23.870850,26.535393
491,p,0.003780,0.047750,0.018500,44.575684,70.029849
492,s,0.023128,0.005800,0.022000,56.520996,50.928351
493,ds,0.002343,0.005350,0.022000,63.881104,29.692513
494,pds,0.003022,0.004650,0.019200,82.816650,26.871933
500,d,0.002385,0.004200,0.021500,6.764648,28.085393
501,dd,0.002426,0.005250,0.020000,14.167236,27.675915
502,pdd,0.003045,0.005750,0.021500,32.574951,30.294804
503,dp,0.002464,0.005500,0.018500,42.144531,26.464344
504,sdp,0.018492,0.004300,0.021500,49.697998,44.291971
495,s,0.023128,0.004050,0.018500,9.636230,45.678351
496,ps,0.002840,0.004500,0.021500,28.380859,28.839786
497,sps,0.018360,0.004450,0.022000,37.731934,44.810251
498,psp,0.002926,0.004850,0.019200,56.068115,26.975658
499,sps,0.018360,0.006400,0.020000,65.240234,44.760251
505,d,0.002385,0.005400,0.021500,6.991455,29.285393
506,dd,0.002426,0.004450,0.020000,14.352295,26.875915
507,ddd,0.002493,0.004500,0.019200,21.432373,26.193417
508,dddd,0.002612,0.004650,0.018500,28.494141,25.761713
510,p,0.003780,0.005800,0.018500,18.000244,28.079849
511,dp,0.002464,0.005550,0.022000,27.651855,30.014344
512,sdp,0.018492,0.004500,0.020000,34.783447,42.991971
513,psd,0.003139,0.004550,0.020000,53.642334,27.688792
514,sps,0.018360,0.005500,0.020000,63.022705,43.860251
515,s,0.023128,0.005550,0.019200,7.038818,47.878351
516,ps,0.002840,0.004350,0.018500,27.147949,25.689786
517,d,0.002385,0.007000,0.019200,37.851562,28.585393
518,p,0.003780,0.005300,0.022000,56.388184,31.079849
519,pp,0.002838,0.004300,0.018500,77.284424,25.638325
520,p,0.003780,0.008750,0.019200,25.651611,31.729849
521,sp,0.018754,0.008450,0.022000,35.049316,49.203690
522,ssp,0.018787,0.004400,0.019200,42.260010,42.387195
523,dssp,0.002732,0.010150,0.019200,49.697754,32.081810
525,p,0.003780,0.004900,0.021500,20.050781,30.179849
526,pp,0.002838,0.005200,0.018500,40.331543,26.538325
527,spp,0.018537,0.005000,0.021500,49.392334,45.037181
528,ssp,0.018787,0.004150,0.018500,56.244141,41.437195
529,sssp,0.018690,0.008250,0.022000,63.265137,48.939656
530,p,0.003780,0.005150,0.020000,17.760010,28.929849
531,pp,0.002838,0.005200,0.019200,37.959473,27.238325
532,sp,0.018754,0.004450,0.018500,47.218994,41.703690
533,dsp,0.002685,0.006500,0.019200,54.346191,28.384513
534,ddsp,0.002864,0.009200,0.022000,61.563721,34.063565
535,p,0.003780,0.005650,0.019200,23.139160,28.629849
536,dp,0.002464,0.006000,0.021500,36.105713,29.964344
537,sdp,0.018492,0.004500,0.022000,42.912109,44.991971
538,dsdp,0.002604,0.004900,0.022000,49.989258,29.503992
539,pds,0.003022,0.004600,0.018500,68.881104,26.121933
545,d,0.002385,0.006000,0.020000,6.888672,28.385393
546,sd,0.018668,0.004800,0.018500,13.887695,41.967773
547,ssd,0.018735,0.004750,0.021500,21.030762,44.984503
548,sssd,0.017999,0.006550,0.020000,27.903809,44.548568
540,s,0.023128,0.005750,0.018500,6.553711,47.378351
541,ps,0.002840,0.008400,0.020000,27.551025,31.239786
542,sps,0.018360,0.007100,0.021500,38.142090,46.960251
543,dsps,0.002950,0.005400,0.022000,46.060303,30.350393
550,d,0.002385,0.005200,0.018500,15.422363,26.085393
551,dd,0.002426,0.004250,0.018500,23.239258,25.175915
552,sdd,0.018511,0.004800,0.020000,30.050049,43.310933
553,dsdd,0.002830,0.005950,0.019200,37.011230,27.979964
554,sdsd,0.018197,0.004450,0.019200,44.031738,41.847164
555,d,0.002385,0.005200,0.020000,7.747070,27.585393
556,pd,0.002977,0.009750,0.022000,26.286133,34.727001
557,dp,0.002464,0.004500,0.020000,35.900635,26.964344
558,ddp,0.002502,0.004500,0.019200,43.178223,26.201712
559,dddp,0.002699,0.005250,0.020000,50.339844,27.949161
560,s,0.023128,0.004850,0.020000,6.603027,47.978351
561,ss,0.018821,0.010900,0.018500,13.669434,48.220769
562,pss,0.002833,0.004850,0.022000,32.382812,29.682709
563,ppss,0.002998,0.006400,0.021500,53.102295,30.897567
564,dp,0.002464,0.004550,0.021500,62.689453,28.514344
565,d,0.002385,0.010450,0.021500,6.586426,34.335393
566,sd,0.018668,0.006400,0.021500,13.557861,46.567773
567,ssd,0.018735,0.004500,0.021500,20.290771,44.734503
568,pssd,0.002940,0.004750,0.020000,38.837402,27.689578
569,ppss,0.002998,0.006050,0.022000,59.409180,31.047567
570,p,0.003780,0.004950,0.018500,18.021484,27.229849
571,sp,0.018754,0.004300,0.022000,27.376709,45.053690
572,ssp,0.018787,0.005300,0.019200,34.378906,43.287195
573,pss,0.002833,0.005250,0.018500,52.678711,26.582709
574,pps,0.002854,0.008950,0.022000,73.453613,33.804053
575,s,0.023128,0.005700,0.019200,6.552979,48.028351
576,ps,0.002840,0.004650,0.018500,25.451416,25.989786
577,sps,0.018360,0.005300,0.020000,34.985107,43.660251
578,dsps,0.002950,0.005300,0.020000,42.255127,28.250393
579,pds,0.003022,0.006700,0.020000,60.593018,29.721933
580,d,0.002385,0.007550,0.022000,6.980713,31.935393
581,pd,0.002977,0.004250,0.018500,27.045898,25.727001
582,spd,0.018317,0.004900,0.020000,36.357178,43.217325
583,dsp,0.002685,0.005300,0.019200,43.561768,27.184513
584,ddsp,0.002864,0.016150,0.018500,50.716064,37.513565
585,s,0.023128,0.005350,0.019200,6.915283,47.678351
586,ps,0.002840,0.004650,0.021500,25.348145,28.989786
587,dps,0.002445,0.005650,0.020000,34.914551,28.094936
588,ddps,0.002746,0.005800,0.022000,42.227783,30.545776
590,s,0.023128,0.006000,0.019200,6.654053,48.328351
591,ss,0.018821,0.004050,0.022000,13.723877,44.870769
592,d,0.002385,0.015250,0.018500,21.025391,36.135393
593,pss,0.002833,0.005100,0.022000,39.850586,29.932709
594,dpss,0.002761,0.006300,0.021500,49.212646,30.560817
595,p,0.003780,0.014150,0.022000,18.665283,39.929849
596,s,0.023128,0.010150,0.020000,28.097656,53.278351
597,ps,0.002840,0.006700,0.022000,46.580078,31.539786
598,pps,0.002854,0.005850,0.019200,67.152100,27.904053
599,pp,0.002838,0.005200,0.022000,87.971191,30.038325
600,d,0.002385,0.004950,0.019200,8.270264,26.535393
601,pd,0.002977,0.005100,0.021500,28.547363,29.577001
602,pp,0.002838,0.004900,0.022000,51.630371,29.738325
603,dp,0.002464,0.009500,0.018500,61.914551,30.464344
604,pdp,0.002932,0.008050,0.019200,81.306152,30.181683
605,p,0.003780,0.016300,0.021500,35.385742,41.579849
606,d,0.002385,0.014300,0.019200,45.001953,35.885393
607,dd,0.002426,0.004300,0.022000,52.125732,28.725915
608,pdd,0.003045,0.004850,0.018500,70.165039,26.394804
609,dpdd,0.002641,0.006050,0.020000,79.491455,28.690967
610,p,0.003780,0.004400,0.020000,18.358398,28.179849
611,sp,0.018754,0.010550,0.018500,27.932617,47.803690
612,ps,0.002840,0.005550,0.019200,46.891846,27.589786
613,pps,0.002854,0.007400,0.019200,67.304199,29.454053
614,pp,0.002838,0.004650,0.019200,88.006348,26.688325
615,p,0.003780,0.006700,0.019200,19.520996,29.679849
616,sp,0.018754,0.005100,0.022000,28.955811,45.853690
617,dsp,0.002685,0.004000,0.018500,36.273926,25.184513
618,pds,0.003022,0.004650,0.020000,55.185547,27.671933
619,dps,0.002445,0.005600,0.020000,64.819824,28.044936
620,d,0.002385,0.006300,0.018500,6.624268,27.185393
621,dd,0.002426,0.005900,0.019200,13.968994,27.525915
622,ddd,0.002493,0.006400,0.020000,21.541016,28.893417
623,p,0.003780,0.011900,0.019200,40.062988,34.879849
624,sd,0.018668,0.005050,0.022000,49.894287,45.717773
625,d,0.002385,0.005850,0.018500,6.952881,26.735393
626,dd,0.002426,0.004850,0.021500,14.362793,28.775915
627,ddd,0.002493,0.004850,0.021500,21.532959,28.843417
628,pdd,0.003045,0.005050,0.022000,40.088379,30.094804
629,spd,0.018317,0.004300,0.019200,49.164307,41.817325
630,p,0.003780,0.012450,0.019200,25.141113,35.429849
631,dp,0.002464,0.004550,0.021500,35.445801,28.514344
632,pdp,0.002932,0.003800,0.018500,55.780518,25.231683
633,sp,0.018754,0.004100,0.022000,66.025391,44.853690
634,dsp,0.002685,0.012050,0.020000,73.788330,34.734513
635,p,0.003780,0.016900,0.019200,29.095459,39.879849
636,pp,0.002838,0.004800,0.022000,49.524170,29.638325
637,spp,0.018537,0.012150,0.019200,58.690430,49.887181
638,psp,0.002926,0.012450,0.019200,76.630371,34.575658
639,pps,0.002854,0.006900,0.019200,96.917480,28.954053
640,s,0.023128,0.007250,0.019200,6.318604,49.578351
641,ds,0.002343,0.005200,0.022000,14.079834,29.542513
642,sds,0.018566,0.007000,0.019200,21.442871,44.766086
643,psds,0.002945,0.004700,0.020000,39.955566,27.645423
644,pps,0.002854,0.006200,0.020000,61.216797,29.054053
645,s,0.023128,0.007350,0.021500,6.442871,51.978351
646,ps,0.002840,0.008450,0.020000,24.891846,31.289786
647,sps,0.018360,0.003850,0.018500,34.206299,40.710251
648,ssps,0.018466,0.004700,0.022000,41.356201,45.166056
650,p,0.003780,0.006500,0.018500,19.793457,28.779849
651,pp,0.002838,0.015550,0.021500,41.728271,39.888325
652,pp,0.002838,0.007400,0.018500,62.421387,28.738325
653,spp,0.018537,0.005150,0.021500,71.818359,45.187181
654,psp,0.002926,0.003950,0.018500,90.125000,25.375658
655,s,0.023128,0.004850,0.021500,22.275146,49.478351
656,ss,0.018821,0.005250,0.022000,29.891602,46.070769
657,dss,0.002842,0.013950,0.018500,37.202881,35.291615
658,sdss,0.018223,0.004150,0.019200,44.228760,41.572624
665,s,0.023128,0.004350,0.021500,8.206055,48.978351
666,ds,0.002343,0.004750,0.019200,15.463623,26.292513
667,pds,0.003022,0.009550,0.022000,34.812744,34.571933
668,pps,0.002854,0.003950,0.018500,55.970215,25.304053
669,dpp,0.002514,0.010350,0.019200,65.503418,32.064416
660,s,0.023128,0.005300,0.019200,8.756104,47.628351
661,ps,0.002840,0.004900,0.020000,27.529541,27.739786
662,sps,0.018360,0.005350,0.021500,37.045166,45.210251
663,dsps,0.002950,0.004500,0.019200,44.332764,26.650393
664,pds,0.003022,0.008600,0.019200,63.172119,30.821933
675,p,0.003780,0.005000,0.022000,18.086426,30.779849
676,sp,0.018754,0.004850,0.021500,27.228271,45.103690
677,psp,0.002926,0.004150,0.022000,45.727295,29.075658
678,dps,0.002445,0.004550,0.022000,55.150391,28.994936
679,pdp,0.002932,0.004800,0.019200,73.405762,26.931683
670,d,0.002385,0.004450,0.020000,23.189453,26.835393
671,sd,0.018668,0.004950,0.018500,30.969971,42.117773
672,psd,0.003139,0.004900,0.019200,49.123779,27.238792
673,dps,0.002445,0.004300,0.022000,58.637939,28.744936
674,pd,0.002977,0.005000,0.021500,77.265625,29.477001
680,p,0.003780,0.004350,0.020000,17.618896,28.129849
681,pp,0.002838,0.004450,0.018500,38.635254,25.788325
682,dp,0.002464,0.005050,0.022000,48.218262,29.514344
683,d,0.002385,0.008800,0.020000,55.643066,31.185393
684,sdp,0.018492,0.004500,0.019200,62.806152,42.191971
685,p,0.003780,0.006350,0.019200,18.794922,29.329849
686,sp,0.018754,0.005350,0.022000,28.502197,46.103690
687,dsp,0.002685,0.004950,0.021500,35.990234,29.134513
688,ddsp,0.002864,0.005700,0.019200,43.301514,27.763565
689,ddds,0.002761,0.005100,0.019200,50.636475,27.060792
690,p,0.003780,0.005100,0.020000,26.706299,28.879849
691,pp,0.002838,0.008050,0.019200,48.768799,30.088325
692,pp,0.002838,0.006350,0.021500,70.550781,30.688325
693,p,0.003780,0.114850,0.020000,91.284912,138.629849
694,sp,0.018754,0.008150,0.018500,100.354736,45.403690
695,d,0.002385,0.005200,0.020000,8.907471,27.585393
696,p,0.003780,0.012900,0.020000,28.066406,36.679849
697,d,0.002385,0.005650,0.022000,37.728760,30.035393
698,sp,0.018754,0.010050,0.019200,44.802246,48.003690
699,ssp,0.018787,0.010400,0.018500,51.839600,47.687195
700,s,0.023128,0.004850,0.019200,6.447754,47.178351
701,ss,0.018821,0.005850,0.018500,13.207275,43.170769
702,dss,0.002842,0.005500,0.019200,20.591797,27.541615
703,sdss,0.018223,0.006500,0.022000,27.889160,46.722624
705,p,0.003780,0.014500,0.020000,20.922607,38.279849
706,s,0.023128,0.004300,0.022000,31.081787,49.428351
707,ss,0.018821,0.005150,0.019200,38.410645,43.170769
708,dss,0.002842,0.006400,0.022000,46.565674,31.241615
709,sdss,0.018223,0.004550,0.020000,53.967285,42.772624
710,d,0.002385,0.004200,0.019200,11.870117,25.785393
711,pd,0.002977,0.004050,0.020000,31.809814,27.027001
712,p,0.003780,0.011800,0.022000,54.094971,37.579849
713,s,0.023128,0.005000,0.020000,63.690674,48.128351
714,ds,0.002343,0.004500,0.018500,71.203125,25.342513
715,d,0.002385,0.004650,0.018500,6.769531,25.535393
716,pd,0.002977,0.003950,0.020000,25.416260,26.927001
717,pp,0.002838,0.007350,0.020000,46.240234,30.188325
718,dp,0.002464,0.005300,0.021500,55.947510,29.264344
719,pdp,0.002932,0.005600,0.018500,74.027100,27.031683
720,p,0.003780,0.005800,0.018500,18.135986,28.079849
721,dp,0.002464,0.007650,0.022000,28.180176,32.114344
722,sdp,0.018492,0.006350,0.022000,35.372070,46.841971
723,ssdp,0.018187,0.005500,0.018500,42.339844,42.187445
724,pss,0.002833,0.004700,0.022000,60.483887,29.532709
725,s,0.023128,0.006200,0.019200,21.315674,48.528351
726,ps,0.002840,0.004150,0.019200,40.645264,26.189786
727,s,0.023128,0.012550,0.018500,49.856934,54.178351
728,p,0.003780,0.014500,0.020000,68.144043,38.279849
729,s,0.023128,0.006400,0.018500,77.386475,48.028351
730,p,0.003780,0.003800,0.022000,17.917480,29.579849
731,d,0.002385,0.017700,0.018500,27.444824,38.585393
732,sp,0.018754,0.005450,0.022000,34.338623,46.203690
733,ps,0.002840,0.005200,0.019200,53.060791,27.239786
734,p,0.003780,0.015950,0.020000,74.103027,39.729849
735,p,0.003780,0.004650,0.021500,21.386963,29.929849
736,pp,0.002838,0.008950,0.020000,41.856689,31.788325
737,dpp,0.002514,0.004800,0.019200,51.229492,26.514416
738,pdp,0.002932,0.008600,0.019200,69.553223,30.731683
739,pp,0.002838,0.005200,0.018500,89.683594,26.538325
740,s,0.023128,0.005650,0.018500,9.244385,47.278351
741,ss,0.018821,0.005100,0.022000,16.157959,45.920769
742,sss,0.019288,0.009450,0.019200,23.050293,47.938093
743,dsss,0.003039,0.013950,0.022000,30.232910,38.988978
745,s,0.023128,0.005200,0.022000,9.970947,50.328351
746,ps,0.002840,0.005350,0.022000,30.177002,30.189786
747,dps,0.002445,0.005100,0.020000,39.585205,27.544936
748,sdps,0.018183,0.004300,0.019200,46.453125,41.682897
749,psd,0.003139,0.004550,0.019200,64.676270,26.888792
750,p,0.003780,0.004950,0.022000,33.979248,30.729849
751,dp,0.002464,0.005450,0.021500,43.688965,29.414344
752,pdp,0.002932,0.004550,0.020000,62.160400,27.481683
753,p,0.003780,0.010900,0.020000,82.777832,34.679849
754,d,0.002385,0.005450,0.020000,92.243896,27.835393
755,d,0.002385,0.005000,0.018500,25.128906,25.885393
756,pd,0.002977,0.007850,0.021500,45.684326,32.327001
757,pp,0.002838,0.006400,0.022000,68.843994,31.238325
758,p,0.003780,0.012100,0.020000,90.664795,35.879849
759,s,0.023128,0.004350,0.020000,100.464844,47.478351
760,p,0.003780,0.006050,0.021500,35.618408,31.329849
761,sp,0.018754,0.008450,0.021500,44.834717,48.703690
762,ssp,0.018787,0.006700,0.021500,51.738281,46.987195
763,d,0.002385,0.015600,0.018500,59.043701,36.485393
764,sssp,0.018690,0.006000,0.020000,66.049072,44.689656
765,p,0.003780,0.005750,0.019200,31.184570,28.729849
766,s,0.023128,0.041900,0.021500,40.700439,86.528351
767,dp,0.002464,0.008600,0.020000,48.078125,31.064344
768,pd,0.002977,0.005100,0.022000,66.564941,30.077001
769,dpd,0.002513,0.005100,0.022000,76.152588,29.612673
770,d,0.002385,0.005450,0.022000,23.420166,29.835393
771,sd,0.018668,0.005350,0.018500,31.180176,42.517773
772,dsd,0.002613,0.010450,0.021500,38.501221,34.562551
773,sdsd,0.018197,0.005550,0.018500,45.489258,42.247164
774,psds,0.002945,0.006700,0.021500,64.379639,31.145423
785,d,0.002385,0.005150,0.019200,16.387451,26.735393
786,sd,0.018668,0.003800,0.022000,23.462158,44.467773
787,ssd,0.018735,0.012050,0.021500,30.227539,52.284503
788,sssd,0.017999,0.005750,0.020000,37.003662,43.748568
789,dsss,0.003039,0.004850,0.020000,44.170166,27.888978
775,s,0.023128,0.004900,0.019200,22.964600,47.228351
776,ds,0.002343,0.006050,0.019200,30.901855,27.592513
777,dds,0.002685,0.004200,0.021500,37.924072,28.385273
778,pdds,0.002946,0.005000,0.020000,56.846924,27.945651
779,spds,0.018151,0.004650,0.022000,65.896240,44.800699
780,d,0.002385,0.004650,0.018500,6.578125,25.535393
781,dd,0.002426,0.006000,0.022000,13.746338,30.425915
782,ddd,0.002493,0.006050,0.022000,21.105713,30.543417
783,dddd,0.002612,0.006450,0.018500,28.759277,27.561713
784,dddd,0.002612,0.004750,0.021500,36.194336,28.861713
790,p,0.003780,0.007850,0.019200,17.852783,30.829849
791,dp,0.002464,0.004450,0.018500,27.732178,25.414344
792,sdp,0.018492,0.004900,0.022000,34.873047,45.391971
793,dsdp,0.002604,0.004250,0.019200,41.950439,26.053992
794,ddsd,0.002653,0.005450,0.018500,49.039307,26.603469
795,p,0.003780,0.004250,0.019200,20.087158,27.229849
796,sp,0.018754,0.005150,0.019200,30.361816,43.103690
797,dsp,0.002685,0.005200,0.018500,37.929932,26.384513
798,pds,0.003022,0.003950,0.021500,56.771484,28.471933
799,d,0.002385,0.028250,0.019200,66.392334,49.835393
800,s,0.023128,0.005300,0.018500,23.218506,46.928351
801,ss,0.018821,0.004500,0.019200,30.804932,42.520769
802,dss,0.002842,0.011800,0.019200,37.986816,33.841615
803,sdss,0.018223,0.004850,0.021500,44.953613,44.572624
805,p,0.003780,0.004700,0.019200,19.052490,27.679849
806,sp,0.018754,0.005100,0.021500,28.354248,45.353690
807,psp,0.002926,0.010350,0.018500,46.475586,31.775658
808,sps,0.018360,0.004500,0.018500,55.540771,41.360251
809,ssps,0.018466,0.005150,0.019200,62.302734,42.816056
810,d,0.002385,0.005000,0.022000,8.852539,29.385393
811,sd,0.018668,0.005800,0.022000,15.926514,46.467773
812,dsd,0.002613,0.021000,0.020000,23.090820,43.612551
813,ddsd,0.002653,0.006300,0.021500,30.196289,30.453469
814,pdds,0.002946,0.005400,0.021500,48.947754,29.845651
815,d,0.002385,0.004900,0.019200,10.256836,26.485393
816,dd,0.002426,0.006700,0.021500,19.888184,30.625915
817,pd,0.002977,0.004350,0.022000,38.481689,29.327001
818,s,0.023128,0.014800,0.021500,47.810547,59.428351
819,sp,0.018754,0.007900,0.019200,54.572021,45.853690
820,s,0.023128,0.005050,0.020000,7.511475,48.178351
821,ds,0.002343,0.005100,0.022000,15.201904,29.442513
822,dds,0.002685,0.007050,0.021500,22.609863,31.235273
823,sdds,0.018154,0.005000,0.019200,29.788574,42.353743
824,psds,0.002945,0.005400,0.018500,48.602539,26.845423
825,d,0.002385,0.008150,0.018500,16.586426,29.035393
826,pd,0.002977,0.004250,0.020000,35.653564,27.227001
827,spd,0.018317,0.005600,0.019200,44.741943,43.117325
828,ssp,0.018787,0.004050,0.021500,51.469727,44.337195
829,sssp,0.018690,0.004650,0.021500,58.236572,44.839656
830,p,0.003780,0.005300,0.022000,17.836670,31.079849
831,pp,0.002838,0.007650,0.018500,37.980713,28.988325
832,pp,0.002838,0.005550,0.021500,58.656006,29.888325
833,dp,0.002464,0.005200,0.019200,68.212891,26.864344
834,sdp,0.018492,0.009050,0.019200,75.420654,46.741971
840,d,0.002385,0.005700,0.022000,23.622559,30.085393
841,dd,0.002426,0.005650,0.018500,31.539062,26.575915
842,sdd,0.018511,0.004950,0.020000,38.567139,43.460933
843,psd,0.003139,0.005150,0.021500,57.239990,29.788792
844,d,0.002385,0.014100,0.020000,66.983643,36.485393
835,d,0.002385,0.004550,0.022000,21.498535,28.935393
836,pd,0.002977,0.009050,0.019200,40.389160,31.227001
837,dpd,0.002513,0.005650,0.018500,49.966553,26.662673
838,ddp,0.002502,0.007450,0.020000,57.368164,29.951712
839,sddp,0.017807,0.004850,0.020000,64.385498,42.656817
845,p,0.003780,0.004600,0.021500,18.377686,29.879849
846,sp,0.018754,0.004700,0.018500,27.714355,41.953690
847,psp,0.002926,0.005250,0.019200,46.009521,27.375658
848,sps,0.018360,0.004850,0.019200,55.063721,42.410251
849,psp,0.002926,0.004650,0.018500,73.172119,26.075658
850,s,0.023128,0.009150,0.018500,6.595459,50.778351
851,ps,0.002840,0.006150,0.018500,25.389160,27.489786
852,dps,0.002445,0.005850,0.022000,34.883301,30.294936
853,s,0.023128,0.017450,0.021500,42.066162,62.078351
854,pd,0.002977,0.004550,0.018500,60.861084,26.027001
855,p,0.003780,0.006300,0.018500,18.759766,28.579849
856,pp,0.002838,0.004550,0.018500,39.816406,25.888325
857,pp,0.002838,0.004750,0.022000,60.807373,29.588325
858,dp,0.002464,0.005950,0.022000,70.389648,30.414344
859,pdp,0.002932,0.008250,0.018500,88.500488,29.681683
860,s,0.023128,0.004750,0.021500,6.285889,49.378351
861,ps,0.002840,0.011800,0.021500,24.841309,36.139786
862,pps,0.002854,0.004750,0.021500,45.819336,29.104053
863,pp,0.002838,0.004450,0.018500,66.284668,25.788325
864,pp,0.002838,0.005000,0.022000,87.281982,29.838325
865,d,0.002385,0.009000,0.018500,23.638916,29.885393
866,sd,0.018668,0.004700,0.020000,31.268066,43.367773
867,p,0.003780,0.012900,0.021500,49.733643,38.179849
868,ds,0.002343,0.004350,0.022000,59.078125,28.692513
869,sds,0.018566,0.004550,0.020000,66.074219,43.116086
870,s,0.023128,0.004200,0.021500,6.609619,48.828351
871,ds,0.002343,0.006950,0.020000,14.083984,29.292513
872,pds,0.003022,0.004650,0.019200,33.060059,26.871933
873,pps,0.002854,0.006300,0.021500,53.771240,30.654053
874,sp,0.018754,0.005850,0.021500,63.282959,46.103690
880,s,0.023128,0.005300,0.021500,21.087158,49.928351
881,ss,0.018821,0.004250,0.019200,28.574463,42.270769
882,pss,0.002833,0.004450,0.020000,47.697510,27.282709
883,spss,0.018655,0.005700,0.019200,57.285156,43.555113
884,d,0.002385,0.029600,0.018500,64.855469,50.485393
875,d,0.002385,0.006150,0.021500,23.057861,30.035393
876,pd,0.002977,0.007850,0.018500,41.810547,29.327001
877,dpd,0.002513,0.004950,0.021500,51.087158,28.962673
878,ddp,0.002502,0.004250,0.020000,58.260498,26.751712
879,dddp,0.002699,0.006300,0.019200,65.933838,28.199161
885,p,0.003780,0.004800,0.020000,26.567383,28.579849
886,pp,0.002838,0.004500,0.022000,46.800781,29.338325
887,pp,0.002838,0.005450,0.020000,66.975586,28.288325
888,s,0.023128,0.020400,0.020000,76.879150,63.528351
889,d,0.002385,0.013700,0.019200,84.251953,35.285393
890,p,0.003780,0.006650,0.022000,33.530762,32.429849
891,dp,0.002464,0.007850,0.022000,44.263184,32.314344
892,pdp,0.002932,0.013000,0.022000,64.413818,37.931683
893,spd,0.018317,0.008450,0.020000,74.203613,46.767325
894,ssp,0.018787,0.005400,0.018500,81.352051,42.687195
895,d,0.002385,0.012050,0.019200,23.265869,33.635393
896,p,0.003780,0.005500,0.020000,42.218750,29.279849
897,dp,0.002464,0.010250,0.022000,51.545654,34.714344
898,sdp,0.018492,0.006000,0.019200,58.341553,43.691971
899,ssdp,0.018187,0.005850,0.019200,65.214111,43.237445
900,d,0.002385,0.005100,0.022000,7.790283,29.485393
901,pd,0.002977,0.004250,0.018500,26.054443,25.727001
902,pp,0.002838,0.006700,0.021500,46.253906,31.038325
903,pp,0.002838,0.004800,0.021500,66.622070,29.138325
904,dpp,0.002514,0.005150,0.019200,76.158936,26.864416
905,p,0.003780,0.004300,0.019200,19.268311,27.279849
906,sp,0.018754,0.004850,0.022000,28.483154,45.603690
907,psp,0.002926,0.005450,0.021500,46.527100,29.875658
908,dps,0.002445,0.009750,0.020000,55.822266,32.194936
909,pdp,0.002932,0.004600,0.021500,74.267822,29.031683
910,p,0.003780,0.004000,0.018500,17.889893,26.279849
911,dp,0.002464,0.004800,0.020000,27.359375,27.264344
912,ddp,0.002502,0.004950,0.020000,34.454346,27.451712
913,dddp,0.002699,0.004450,0.020000,41.542236,27.149161
914,p,0.003780,0.016000,0.020000,59.985596,39.779849
920,d,0.002385,0.004450,0.022000,6.741699,28.835393
921,sd,0.018668,0.005400,0.020000,14.035400,44.067773
922,dsd,0.002613,0.005250,0.019200,21.295898,27.062551
923,ddsd,0.002653,0.004500,0.020000,28.633789,27.153469
924,d,0.002385,0.009950,0.020000,36.113037,32.335393
915,p,0.003780,0.005000,0.019200,18.205811,27.979849
916,dp,0.002464,0.006350,0.019200,27.869873,28.014344
917,pdp,0.002932,0.010900,0.020000,45.988281,33.831683
918,spd,0.018317,0.006700,0.020000,55.136719,45.017325
919,ssp,0.018787,0.005200,0.020000,62.059082,43.987195
925,d,0.002385,0.019350,0.018500,7.905273,40.235393
926,d,0.002385,0.012000,0.022000,15.397217,36.385393
927,pd,0.002977,0.004050,0.018500,34.070557,25.527001
928,spd,0.018317,0.004300,0.022000,43.882324,44.617325
929,ps,0.002840,0.005150,0.021500,63.124756,29.489786
930,d,0.002385,0.004900,0.020000,7.404785,27.285393
931,dd,0.002426,0.005750,0.020000,15.384033,28.175915
932,ddd,0.002493,0.007200,0.021500,23.425293,31.193417
933,sddd,0.017932,0.005600,0.022000,30.615723,45.531734
934,dsdd,0.002830,0.004250,0.020000,38.257080,27.079964
935,s,0.023128,0.003950,0.022000,6.576172,49.078351
936,ss,0.018821,0.003850,0.020000,13.749512,42.670769
937,dss,0.002842,0.004800,0.021500,21.284180,29.141615
938,sdss,0.018223,0.006500,0.022000,28.491455,46.722624
940,p,0.003780,0.006050,0.022000,29.568848,31.829849
941,dp,0.002464,0.005600,0.020000,39.209717,28.064344
942,pdp,0.002932,0.004350,0.019200,57.741211,26.481683
943,dp,0.002464,0.004400,0.021500,67.312500,28.364344
944,sdp,0.018492,0.004850,0.018500,74.288818,41.841971
945,s,0.023128,0.005600,0.018500,22.791504,47.228351
946,ss,0.018821,0.014000,0.019200,30.585693,52.020769
947,dss,0.002842,0.005650,0.022000,37.862305,30.491615
948,sdss,0.018223,0.006050,0.021500,44.763672,45.772624
950,p,0.003780,0.006950,0.019200,35.813232,29.929849
951,pp,0.002838,0.013500,0.020000,56.502441,36.338325
952,pp,0.002838,0.005650,0.021500,77.012939,29.988325
953,dpp,0.002514,0.004750,0.021500,87.078125,28.764416
954,ddp,0.002502,0.008450,0.021500,94.440674,32.451712
955,d,0.002385,0.004900,0.018500,23.497559,25.785393
956,pd,0.002977,0.005500,0.019200,42.722900,27.677001
957,pp,0.002838,0.005650,0.020000,63.052734,28.488325
958,sp,0.018754,0.004350,0.022000,72.130127,45.103690
959,ssp,0.018787,0.004350,0.019200,78.904297,42.337195
960,p,0.003780,0.005050,0.020000,35.670166,28.829849
961,dp,0.002464,0.007850,0.019200,45.162598,29.514344
962,ddp,0.002502,0.004750,0.022000,52.614990,29.251712
963,dddp,0.002699,0.004650,0.019200,59.812744,26.549161
964,dddd,0.002612,0.004850,0.019200,67.287598,26.661713
965,d,0.002385,0.006400,0.022000,8.656006,30.785393
966,pd,0.002977,0.012000,0.019200,30.225098,34.177001
967,spd,0.018317,0.005500,0.022000,39.366699,45.817325
968,ssp,0.018787,0.007350,0.020000,46.103271,46.137195
969,sssp,0.018690,0.005100,0.019200,53.014404,42.989656
970,s,0.023128,0.005300,0.021500,6.421875,49.928351
971,ss,0.018821,0.011700,0.020000,13.498047,50.520769
972,pss,0.002833,0.004850,0.019200,32.162598,26.882709
973,dpss,0.002761,0.008400,0.018500,42.035156,29.660817
975,p,0.003780,0.005200,0.021500,26.153076,30.479849
976,pp,0.002838,0.005850,0.021500,46.806641,30.188325
977,spp,0.018537,0.005350,0.022000,56.118164,45.887181
978,dsp,0.002685,0.005400,0.020000,63.465820,28.084513
979,sdsp,0.018148,0.004850,0.022000,70.921631,44.998415
985,d,0.002385,0.004700,0.021500,21.319336,28.585393
986,sd,0.018668,0.004700,0.019200,28.650391,42.567773
987,ssd,0.018735,0.003850,0.020000,35.686523,42.584503
988,s,0.023128,0.011900,0.019200,42.507568,54.228351
989,sssd,0.017999,0.005000,0.020000,49.299805,42.998568
980,s,0.023128,0.005000,0.019200,22.586914,47.328351
981,s,0.023128,0.008250,0.019200,30.300537,50.578351
982,ss,0.018821,0.004550,0.022000,37.213135,45.370769
983,pss,0.002833,0.005150,0.022000,55.441650,29.982709
984,dpss,0.002761,0.007100,0.020000,65.398438,29.860817
990,p,0.003780,0.006350,0.019200,35.298828,29.329849
991,pp,0.002838,0.005150,0.022000,56.207764,29.988325
992,dp,0.002464,0.004550,0.022000,66.142578,29.014344
993,ddp,0.002502,0.009200,0.019200,73.504395,30.901712
994,sddp,0.017807,0.014300,0.018500,80.777344,50.606817
995,d,0.002385,0.004950,0.021500,9.628174,28.835393
996,pd,0.002977,0.005850,0.019200,27.909424,28.027001
997,pp,0.002838,0.008950,0.019200,48.304932,30.988325
998,dp,0.002464,0.009450,0.018500,57.682129,30.414344
999,sdp,0.018492,0.005450,0.022000,64.821045,45.941971
1005,s,0.023128,0.006600,0.019200,18.474365,48.928351
1006,s,0.023128,0.005200,0.018500,26.935791,46.828351
1007,ds,0.002343,0.004950,0.022000,34.212646,29.292513
1008,sds,0.018566,0.005200,0.022000,41.169678,45.766086
1009,psds,0.002945,0.006900,0.020000,59.320068,29.845423
1000,p,0.003780,0.004700,0.022000,18.042725,30.479849
1001,sp,0.018754,0.004450,0.021500,27.116211,44.703690
1002,p,0.003780,0.012450,0.021500,45.109619,37.729849
1003,ds,0.002343,0.005100,0.018500,54.390625,25.942513
1004,sds,0.018566,0.004550,0.018500,61.311035,41.616086
1010,s,0.023128,0.006450,0.019200,6.356445,48.778351
1011,ps,0.002840,0.009000,0.019200,25.012939,31.039786
1012,dps,0.002445,0.012150,0.019200,34.847168,33.794936
1013,pdps,0.002951,0.005400,0.019200,53.625732,27.550740
1014,pp,0.002838,0.005100,0.021500,74.077637,29.438325
1015,p,0.003780,0.005350,0.021500,20.883789,30.629849
1016,sp,0.018754,0.005300,0.020000,30.576660,44.053690
1017,ssp,0.018787,0.005150,0.021500,37.614746,45.437195
1018,sssp,0.018690,0.006900,0.018500,44.872803,44.089656
1019,p,0.003780,0.015550,0.018500,63.643555,37.829849
1025,p,0.003780,0.005950,0.020000,34.799561,29.729849
1026,dp,0.002464,0.007300,0.022000,44.332031,31.764344
1027,ddp,0.002502,0.005150,0.021500,51.395508,29.151712
1028,pdd,0.003045,0.004400,0.018500,69.947754,25.944804
1029,pp,0.002838,0.008550,0.022000,90.491699,33.388325
1020,s,0.023128,0.004350,0.018500,6.333496,45.978351
1021,ps,0.002840,0.004550,0.021500,25.174561,28.889786
1022,sps,0.018360,0.006400,0.019200,34.698730,43.960251
1023,psp,0.002926,0.005750,0.021500,53.384277,30.175658
1024,pps,0.002854,0.005550,0.022000,75.504883,30.404053
1030,s,0.023128,0.005100,0.019200,9.335449,47.428351
1031,ps,0.002840,0.005500,0.019200,27.742432,27.539786
1032,sps,0.018360,0.004600,0.018500,37.267822,41.460251
1033,ssps,0.018466,0.014000,0.022000,44.291504,54.466056
1034,pss,0.002833,0.005150,0.022000,63.011230,29.982709
1035,d,0.002385,0.005400,0.019200,23.518066,26.985393
1036,dd,0.002426,0.010000,0.019200,31.177979,31.625915
1037,pdd,0.003045,0.007200,0.020000,49.635498,30.244804
1038,s,0.023128,0.026400,0.019200,59.354248,68.728351
1039,dp,0.002464,0.004850,0.022000,67.292969,29.314344
1040,p,0.003780,0.005000,0.019200,27.704590,27.979849
1041,dp,0.002464,0.004950,0.020000,37.207275,27.414344
1042,sdp,0.018492,0.004800,0.018500,44.106934,41.791971
1043,dsdp,0.002604,0.005450,0.018500,51.233154,26.553992
1044,ddsd,0.002653,0.005350,0.019200,58.480957,27.203469
1045,d,0.002385,0.004400,0.018500,12.960693,25.285393
1046,dd,0.002426,0.004050,0.019200,20.589111,25.675915
1047,pd,0.002977,0.004550,0.022000,39.106445,29.527001
1048,pp,0.002838,0.007550,0.021500,59.612061,31.888325
1049,pp,0.002838,0.005300,0.020000,80.044189,28.138325
1050,d,0.002385,0.006650,0.019200,9.222168,28.235393
1051,s,0.023128,0.005150,0.020000,16.028564,48.278351
1052,ds,0.002343,0.005100,0.022000,23.491943,29.442513
1053,dds,0.002685,0.006750,0.020000,31.603760,29.435273
1054,pds,0.003022,0.012000,0.020000,53.308838,35.021933
1055,d,0.002385,0.008450,0.019200,23.569824,30.035393
1056,sd,0.018668,0.007250,0.020000,31.154785,45.917773
1057,ssd,0.018735,0.005150,0.021500,37.982178,45.384503
1058,s,0.023128,0.007050,0.020000,44.980469,50.178351
1059,pss,0.002833,0.006400,0.020000,63.088867,29.232709
1060,p,0.003780,0.004300,0.022000,17.719482,30.079849
1061,dp,0.002464,0.005100,0.021500,27.161133,29.064344
1062,pdp,0.002932,0.013000,0.021500,45.503906,37.431683
1063,d,0.002385,0.109450,0.020000,55.350586,131.835393
1064,dp,0.002464,0.005500,0.020000,62.526611,27.964344
1065,d,0.002385,0.005350,0.020000,6.989746,27.735393
1066,sd,0.018668,0.013950,0.022000,14.218262,54.617773
1067,ssd,0.018735,0.006200,0.022000,21.282959,46.934503
1068,pss,0.002833,0.004300,0.021500,39.748535,28.632709
1069,dpss,0.002761,0.005000,0.022000,49.310791,29.760817
1070,p,0.003780,0.003800,0.020000,20.454834,27.579849
1071,pp,0.002838,0.005750,0.022000,42.619629,30.588325
1072,sp,0.018754,0.003650,0.022000,52.100342,44.403690
1073,ssp,0.018787,0.007100,0.020000,59.228271,45.887195
1074,dssp,0.002732,0.004050,0.020000,66.574219,26.781810
1075,s,0.023128,0.006350,0.019200,23.101807,48.678351
1076,ds,0.002343,0.004750,0.022000,31.043701,29.092513
1077,pds,0.003022,0.005400,0.020000,49.316895,28.421933
1078,spds,0.018151,0.004700,0.022000,58.369141,44.850699
1079,psp,0.002926,0.004700,0.022000,76.408203,29.625658
1080,s,0.023128,0.004550,0.022000,23.668701,49.678351
1081,ps,0.002840,0.007850,0.018500,43.320312,29.189786
1082,d,0.002385,0.017650,0.018500,52.708252,38.535393
1083,dps,0.002445,0.006050,0.021500,60.001465,29.994936
1084,sd,0.018668,0.010650,0.018500,67.080322,47.817773
1085,d,0.002385,0.005700,0.019200,9.826416,27.285393
1086,pd,0.002977,0.004350,0.020000,28.336182,27.327001
1087,dp,0.002464,0.004900,0.021500,37.876221,28.864344
1088,sdp,0.018492,0.004350,0.021500,44.887451,44.341971
1089,psd,0.003139,0.010150,0.022000,63.154541,35.288792
1090,p,0.003780,0.007350,0.020000,23.120117,31.129849
1091,p,0.003780,0.013100,0.018500,44.486572,35.379849
1092,p,0.003780,0.005700,0.022000,65.266846,31.479849
1093,sp,0.018754,0.004850,0.018500,74.903564,42.103690
1094,dsp,0.002685,0.004950,0.020000,82.223145,27.634513
1095,d,0.002385,0.005450,0.018500,22.962158,26.335393
1096,sd,0.018668,0.003650,0.022000,30.679932,44.317773
1097,dsd,0.002613,0.006750,0.019200,37.711182,28.562551
1098,sdsd,0.018197,0.008450,0.021500,44.468750,48.147164
1099,ssds,0.018930,0.005100,0.021500,51.335449,45.530221
1100,s,0.023128,0.005000,0.021500,6.888916,49.628351
1101,ds,0.002343,0.007900,0.020000,15.145996,30.242513
1102,dds,0.002685,0.004000,0.019200,23.546631,25.885273
1103,ddds,0.002761,0.006700,0.020000,31.689453,29.460792
1115,p,0.003780,0.004150,0.022000,17.906006,29.929849
1116,pp,0.002838,0.004800,0.022000,38.840088,29.638325
1117,pp,0.002838,0.006650,0.021500,59.846191,30.988325
1118,p,0.003780,0.064900,0.019200,81.083496,87.879849
1119,sp,0.018754,0.008450,0.021500,90.737549,48.703690
1110,s,0.023128,0.005300,0.019200,6.443359,47.628351
1111,ps,0.002840,0.003650,0.022000,24.905273,28.489786
1112,sps,0.018360,0.005000,0.018500,34.228760,41.860251
1113,d,0.002385,0.011150,0.018500,41.514648,32.035393
1114,ps,0.002840,0.004700,0.019200,60.192871,26.739786
1105,d,0.002385,0.005850,0.018500,9.254395,26.735393
1106,dd,0.002426,0.006300,0.021500,16.966553,30.225915
1107,ddd,0.002493,0.006400,0.021500,24.421387,30.393417
1108,sddd,0.017932,0.005150,0.018500,31.704590,41.581734
1109,dsdd,0.002830,0.005700,0.022000,38.918701,30.529964
1120,p,0.003780,0.008000,0.020000,35.255859,31.779849
1121,pp,0.002838,0.008750,0.021500,56.230225,33.088325
1122,dpp,0.002514,0.004150,0.022000,65.832764,28.664416
1123,ddp,0.002502,0.005200,0.019200,73.166504,26.901712
1124,pdd,0.003045,0.005100,0.019200,92.685059,27.344804
1125,s,0.023128,0.008550,0.019200,15.656006,50.878351
1126,ss,0.018821,0.012000,0.021500,22.815186,52.320769
1127,pss,0.002833,0.004800,0.019200,41.697266,26.832709
1128,ppss,0.002998,0.004350,0.021500,63.632568,28.847567
1129,dps,0.002445,0.007550,0.022000,73.512939,31.994936
1130,p,0.003780,0.004600,0.019200,35.297607,27.579849
1131,sp,0.018754,0.005850,0.019200,44.817383,43.803690
1132,ssp,0.018787,0.004750,0.020000,51.775635,43.537195
1133,sssp,0.018690,0.005350,0.020000,58.995117,44.039656
1134,psss,0.002892,0.008750,0.019200,77.628662,30.842287
1135,s,0.023128,0.005150,0.018500,6.348389,46.778351
1136,p,0.003780,0.015950,0.020000,25.471191,39.729849
1137,ss,0.018821,0.006400,0.019200,36.276611,44.420769
1138,sss,0.019288,0.005150,0.019200,44.142822,43.638093
1139,ssss,0.018888,0.005450,0.018500,52.538330,42.838175
1140,p,0.003780,0.004400,0.019200,37.440918,27.379849
1141,dp,0.002464,0.005200,0.022000,47.014160,29.664344
1142,pd,0.002977,0.004550,0.018500,65.886230,26.027001
1143,spd,0.018317,0.006000,0.022000,75.204834,46.317325
1144,dsp,0.002685,0.005050,0.020000,82.553711,27.734513
1145,s,0.023128,0.006000,0.021500,22.946289,50.628351
1146,ps,0.002840,0.004600,0.022000,41.904785,29.439786
1147,pps,0.002854,0.007850,0.020000,62.383789,30.704053
1148,sps,0.018360,0.005600,0.021500,71.663086,45.460251
1149,psp,0.002926,0.007250,0.018500,90.471191,28.675658
1150,d,0.002385,0.004400,0.019200,23.451416,25.985393
1151,pd,0.002977,0.005150,0.019200,42.341309,27.327001
1152,sp,0.018754,0.004400,0.018500,51.393555,41.653690
1153,dsp,0.002685,0.006350,0.021500,58.412842,30.534513
1154,sdsp,0.018148,0.007350,0.019200,65.174316,44.698415
1155,p,0.003780,0.005150,0.019200,36.609375,28.129849
1156,sp,0.018754,0.004500,0.020000,46.961426,43.253690
1157,ps,0.002840,0.004750,0.020000,66.707275,27.589786
1158,dps,0.002445,0.004550,0.019200,76.542236,26.194936
1159,pd,0.002977,0.005150,0.020000,94.986084,28.127001
1160,s,0.023128,0.006550,0.019200,18.784668,48.878351
1161,ds,0.002343,0.004700,0.020000,26.959717,27.042513
1162,s,0.023128,0.016600,0.020000,34.056396,59.728351
1163,dds,0.002685,0.005150,0.021500,41.296631,29.335273
1164,sdds,0.018154,0.004200,0.018500,48.315674,40.853743
1170,d,0.002385,0.008250,0.018500,6.858887,29.135393
1171,pd,0.002977,0.005550,0.020000,25.670898,28.527001
1172,dp,0.002464,0.007650,0.018500,36.759277,28.614344
1173,ddp,0.002502,0.005700,0.018500,44.067383,26.701712
1174,dddp,0.002699,0.006950,0.018500,51.365967,28.149161
1165,d,0.002385,0.008950,0.022000,21.925781,33.335393
1166,dd,0.002426,0.011700,0.019200,29.971191,33.325915
1167,pdd,0.003045,0.003950,0.021500,48.751465,28.494804
1168,spd,0.018317,0.006700,0.021500,58.176270,46.517325
1169,psp,0.002926,0.008950,0.022000,76.834717,33.875658
1175,d,0.002385,0.008400,0.018500,22.589111,29.285393
1176,pd,0.002977,0.004250,0.022000,41.511230,29.227001
1177,d,0.002385,0.021000,0.021500,51.188477,44.885393
1178,sp,0.018754,0.004550,0.019200,58.322266,42.503690
1179,ps,0.002840,0.004000,0.020000,77.461670,26.839786
1185,d,0.002385,0.004700,0.020000,12.629883,27.085393
1186,sd,0.018668,0.004700,0.020000,19.784912,43.367773
1187,psd,0.003139,0.004750,0.021500,38.290771,29.388792
1188,pps,0.002854,0.005000,0.020000,58.993652,27.854053
1189,sp,0.018754,0.007000,0.021500,68.036377,47.253690
1180,d,0.002385,0.005350,0.018500,7.184570,26.235393
1181,dd,0.002426,0.004950,0.020000,14.683594,27.375915
1182,ddd,0.002493,0.007850,0.018500,22.188232,28.843417
1183,sddd,0.017932,0.008400,0.022000,29.278809,48.331734
1184,dsdd,0.002830,0.005750,0.020000,36.525146,28.579964
1190,s,0.023128,0.005850,0.021500,22.189941,50.478351
1191,ps,0.002840,0.005150,0.021500,41.093506,29.489786
1192,pps,0.002854,0.011700,0.021500,61.497314,36.054053
1193,pp,0.002838,0.004450,0.022000,82.206055,29.288325
1194,dpp,0.002514,0.006700,0.020000,92.215576,29.214416
1195,d,0.002385,0.005450,0.022000,23.392090,29.835393
1196,sd,0.018668,0.004750,0.019200,31.270020,42.617773
1197,ssd,0.018735,0.004350,0.020000,38.032715,43.084503
1198,pss,0.002833,0.006200,0.020000,56.286865,29.032709
1199,dpss,0.002761,0.005150,0.019200,66.021484,27.110817
1200,p,0.003780,0.009550,0.020000,28.672363,33.329849
1201,pp,0.002838,0.007650,0.020000,49.949463,30.488325
1202,dpp,0.002514,0.004400,0.019200,59.587158,26.114416
1203,ddp,0.002502,0.021000,0.020000,67.090576,43.501712
1204,pd,0.002977,0.004600,0.021500,85.712402,29.077001
1205,s,0.023128,0.011000,0.022000,7.949707,56.128351
1206,ds,0.002343,0.005500,0.021500,15.943115,29.342513
1207,pds,0.003022,0.010150,0.019200,35.770264,32.371933
1208,pps,0.002854,0.004650,0.020000,57.566162,27.504053
1209,pp,0.002838,0.012000,0.021500,78.216797,36.338325
1210,p,0.003780,0.003700,0.020000,35.416260,27.479849
1211,dp,0.002464,0.003900,0.021500,45.041992,27.864344
1212,sdp,0.018492,0.004650,0.022000,52.190430,45.141971
1213,ssdp,0.018187,0.005300,0.018500,59.310303,41.987445
1214,sssd,0.017999,0.005500,0.019200,66.247559,42.698568
1215,p,0.003780,0.004000,0.019200,18.509033,26.979849
1216,dp,0.002464,0.009550,0.022000,28.349609,34.014344
1217,s,0.023128,0.012100,0.022000,35.424316,57.228351
1218,ddp,0.002502,0.005150,0.021500,42.673340,29.151712
1219,ddd,0.002493,0.004200,0.020000,49.952148,26.693417
1220,s,0.023128,0.008750,0.020000,6.294678,51.878351
1221,ps,0.002840,0.005200,0.020000,26.339355,28.039786
1222,sps,0.018360,0.005250,0.019200,37.200439,42.810251
1223,dsps,0.002950,0.007350,0.021500,45.010742,31.800393
1225,d,0.002385,0.006000,0.021500,6.784424,29.885393
1226,sd,0.018668,0.004900,0.018500,13.973145,42.067773
1227,ssd,0.018735,0.006350,0.019200,21.038818,44.284503
1228,sssd,0.017999,0.005150,0.018500,28.033447,41.648568
1230,s,0.023128,0.005300,0.021500,6.731689,49.928351
1231,ds,0.002343,0.004850,0.018500,14.312256,25.692513
1232,sds,0.018566,0.010150,0.020000,21.374512,48.716086
1233,pss,0.002833,0.005300,0.022000,40.165771,30.132709
1234,spss,0.018655,0.010350,0.022000,49.372559,51.005113
1235,s,0.023128,0.004900,0.021500,6.397217,49.528351
1236,ps,0.002840,0.009850,0.021500,24.766602,34.189786
1237,pps,0.002854,0.009200,0.022000,45.641113,34.054053
1238,pp,0.002838,0.006150,0.020000,66.072510,28.988325
1239,spp,0.018537,0.004300,0.020000,75.197754,42.837181
1240,s,0.023128,0.005450,0.020000,8.961914,48.578351
1241,s,0.023128,0.005850,0.020000,16.454590,48.978351
1242,ss,0.018821,0.004450,0.019200,23.927002,42.470769
1243,pss,0.002833,0.004900,0.020000,43.232666,27.732709
1244,spss,0.018655,0.006250,0.018500,52.761719,43.405113
1245,p,0.003780,0.004150,0.021500,27.243652,29.429849
1246,pp,0.002838,0.004500,0.018500,47.731934,25.838325
1247,p,0.003780,0.012650,0.018500,68.541748,34.929849
1248,sp,0.018754,0.007500,0.018500,77.877197,44.753690
1249,s,0.023128,0.004550,0.019200,86.692627,46.878351
1250,p,0.003780,0.007350,0.020000,17.923340,31.129849
1251,sp,0.018754,0.004850,0.019200,27.205078,42.803690
1252,ssp,0.018787,0.004300,0.019200,34.130371,42.287195
1253,sssp,0.018690,0.007050,0.022000,41.204102,47.739656
1254,s,0.023128,0.006150,0.021500,48.446777,50.778351
1255,d,0.002385,0.005400,0.021500,10.165771,29.285393
1256,sd,0.018668,0.006050,0.021500,21.263916,46.217773
1257,dsd,0.002613,0.004250,0.021500,29.490967,28.362551
1258,p,0.003780,0.016500,0.022000,48.761475,42.279849
1259,ss,0.018821,0.004300,0.022000,58.390137,45.120769
1260,p,0.003780,0.074650,0.019200,18.060547,97.629849
1261,d,0.002385,0.004700,0.020000,27.891113,27.085393
1262,dd,0.002426,0.004150,0.021500,35.371338,28.075915
1263,sdd,0.018511,0.006000,0.018500,42.436279,43.010933
1264,dsdd,0.002830,0.012000,0.019200,50.704834,34.029964
1270,d,0.002385,0.007450,0.019200,7.114746,29.035393
1271,sd,0.018668,0.005200,0.020000,14.075195,43.867773
1272,dsd,0.002613,0.004500,0.018500,21.179199,25.612551
1273,pds,0.003022,0.004550,0.018500,40.064697,26.071933
1274,pp,0.002838,0.009550,0.020000,60.573975,32.388325
1265,d,0.002385,0.005550,0.021500,6.739014,29.435393
1266,pd,0.002977,0.011800,0.022000,25.252441,36.777001
1267,dpd,0.002513,0.004650,0.021500,34.828613,28.662673
1268,pdp,0.002932,0.006300,0.018500,53.462891,27.731683
1269,pp,0.002838,0.004850,0.018500,74.177979,26.188325
1275,p,0.003780,0.005350,0.019200,35.392090,28.329849
1276,sp,0.018754,0.004300,0.019200,44.783691,42.253690
1277,dsp,0.002685,0.003900,0.019200,52.621582,25.784513
1278,sdsp,0.018148,0.004200,0.018500,60.143799,40.848415
1279,pss,0.002833,0.005300,0.022000,80.202881,30.132709
1280,d,0.002385,0.006300,0.018500,23.549072,27.185393
1281,pd,0.002977,0.007350,0.019200,42.585693,29.527001
1282,sp,0.018754,0.004100,0.021500,51.648682,44.353690
1283,dsp,0.002685,0.017350,0.022000,58.787842,42.034513
1284,pds,0.003022,0.005100,0.018500,76.968262,26.621933
1285,d,0.002385,0.004500,0.020000,23.294678,26.885393
1286,pd,0.002977,0.009750,0.020000,43.258545,32.727001
1287,sp,0.018754,0.006000,0.020000,53.018555,44.753690
1288,ssp,0.018787,0.004150,0.019200,60.197754,42.137195
1289,pss,0.002833,0.006200,0.018500,78.934570,27.532709
1290,d,0.002385,0.006400,0.019200,6.756104,27.985393
1291,sd,0.018668,0.004750,0.022000,13.880615,45.417773
1292,dsd,0.002613,0.004650,0.019200,21.092041,26.462551
1293,ddsd,0.002653,0.004450,0.020000,28.289795,27.103469
1294,pdds,0.002946,0.006050,0.020000,47.251465,28.995651
1295,s,0.023128,0.004900,0.020000,27.688721,48.028351
1296,ss,0.018821,0.004450,0.019200,36.440186,42.470769
1297,s,0.023128,0.066900,0.021500,43.348145,111.528351
1298,sss,0.019288,0.004700,0.019200,50.091309,43.188093
1299,dsss,0.003039,0.004750,0.020000,57.451416,27.788978
1305,s,0.023128,0.005100,0.022000,21.597412,50.228351
1306,p,0.003780,0.010000,0.022000,40.663818,35.779849
1307,ss,0.018821,0.017750,0.019200,49.906006,55.770769
1308,sss,0.019288,0.004200,0.021500,56.761475,44.988093
1309,dsss,0.003039,0.007550,0.019200,64.031982,29.788978
1310,d,0.002385,0.008450,0.019200,7.857910,30.035393
1311,sd,0.018668,0.005150,0.020000,17.071289,43.817773
1312,psd,0.003139,0.004800,0.018500,35.148438,26.438792
1313,dps,0.002445,0.004750,0.018500,44.438965,25.694936
1314,pd,0.002977,0.004850,0.019200,62.942871,27.027001
1300,s,0.023128,0.005150,0.022000,6.458252,50.278351
1301,ss,0.018821,0.006300,0.020000,13.664795,45.120769
1302,sss,0.019288,0.005550,0.020000,20.608154,44.838093
1303,dsss,0.003039,0.005200,0.020000,27.649658,28.238978
1320,s,0.023128,0.004400,0.021500,9.375000,49.028351
1321,ds,0.002343,0.005000,0.019200,18.121338,26.542513
1322,dds,0.002685,0.005700,0.019200,25.417480,27.585273
1323,sdds,0.018154,0.004750,0.021500,32.380615,44.403743
1315,s,0.023128,0.012050,0.020000,6.489746,55.178351
1316,ds,0.002343,0.006650,0.022000,13.648682,30.992513
1317,dds,0.002685,0.004500,0.022000,21.251221,29.185273
1318,pdds,0.002946,0.004200,0.021500,41.046387,28.645651
1319,dps,0.002445,0.006700,0.022000,51.876953,31.144936
1325,d,0.002385,0.006300,0.019200,9.786377,27.885393
1326,sd,0.018668,0.010000,0.022000,16.841309,50.667773
1327,dsd,0.002613,0.009000,0.022000,23.870117,33.612551
1328,ddsd,0.002653,0.004800,0.018500,31.090576,25.953469
1329,pdds,0.002946,0.004450,0.019200,49.951416,26.595651
1330,s,0.023128,0.009500,0.020000,19.674805,52.628351
1331,ds,0.002343,0.004750,0.021500,27.455811,28.592513
1332,sds,0.018566,0.005250,0.022000,34.414551,45.816086
1333,psds,0.002945,0.004900,0.021500,52.668457,29.345423
1334,pps,0.002854,0.009450,0.021500,73.110840,33.804053
1335,d,0.002385,0.006800,0.019200,21.628906,28.385393
1336,d,0.002385,0.007200,0.019200,29.269531,28.785393
1337,pd,0.002977,0.005800,0.022000,47.443115,30.777001
1338,dpd,0.002513,0.004950,0.022000,56.719971,29.462673
1339,pdp,0.002932,0.005700,0.022000,75.188232,30.631683
1345,d,0.002385,0.005050,0.020000,20.272217,27.435393
1346,sd,0.018668,0.004500,0.021500,28.314453,44.667773
1347,ssd,0.018735,0.004700,0.022000,36.121338,45.434503
1348,sssd,0.017999,0.005950,0.021500,44.160156,45.448568
1349,psss,0.002892,0.007900,0.018500,63.650635,29.292287
1340,s,0.023128,0.012550,0.019200,19.390381,54.878351
1341,d,0.002385,0.010450,0.018500,28.056885,31.335393
1342,pd,0.002977,0.005400,0.021500,46.378906,29.877001
1343,dpd,0.002513,0.005350,0.020000,55.614014,27.862673
1344,sdp,0.018492,0.004350,0.021500,62.432861,44.341971
1350,p,0.003780,0.004650,0.018500,18.070068,26.929849
1351,dp,0.002464,0.005800,0.020000,28.032227,28.264344
1352,pd,0.002977,0.005450,0.018500,46.368896,26.927001
1353,dpd,0.002513,0.009550,0.020000,55.676270,32.062673
1354,sdp,0.018492,0.005550,0.020000,62.537842,44.041971
1355,p,0.003780,0.004550,0.022000,18.160645,30.329849
1356,dp,0.002464,0.004450,0.018500,28.032715,25.414344
1357,sdp,0.018492,0.009450,0.019200,35.447510,47.141971
1358,ssdp,0.018187,0.006450,0.018500,42.224854,43.137445
1359,dssd,0.002931,0.005150,0.020000,49.295166,28.081476
1360,d,0.002385,0.007050,0.021500,7.562500,30.935393
1361,pd,0.002977,0.014000,0.019200,28.687744,36.177001
1362,sp,0.018754,0.004150,0.019200,38.871338,42.103690
1363,s,0.023128,0.013000,0.020000,46.273193,56.128351
1364,ssp,0.018787,0.004150,0.022000,53.331543,44.937195
1365,s,0.023128,0.004450,0.018500,6.601074,46.078351
1366,p,0.003780,0.011500,0.018500,27.618896,33.779849
1367,ss,0.018821,0.005250,0.020000,39.520752,44.070769
1368,dss,0.002842,0.010250,0.022000,47.218750,35.091615
1369,sds,0.018566,0.005200,0.020000,54.253662,43.766086
1370,p,0.003780,0.004900,0.018500,19.638184,27.179849
1371,sp,0.018754,0.005150,0.020000,28.728027,43.903690
1372,ssp,0.018787,0.010900,0.018500,35.564453,48.187195
1373,sssp,0.018690,0.004950,0.018500,42.411865,42.139656
1374,dsss,0.003039,0.005150,0.020000,49.673584,28.188978
1375,d,0.002385,0.004850,0.020000,6.473389,27.235393
1376,dd,0.002426,0.003950,0.021500,13.658203,27.875915
1377,sdd,0.018511,0.004850,0.019200,20.446045,42.560933
1378,ssdd,0.018091,0.004550,0.018500,27.539062,41.141216
1379,dssd,0.002931,0.017750,0.019200,34.636475,39.881476
1380,s,0.023128,0.003650,0.019200,8.776611,45.978351
1381,ds,0.002343,0.003800,0.018500,15.909912,24.642513
1382,sds,0.018566,0.005300,0.019200,22.751221,43.066086
1383,ssds,0.018930,0.005000,0.021500,29.654785,45.430221
1384,psss,0.002892,0.006950,0.022000,48.667480,31.842287
1385,s,0.023128,0.006950,0.019200,23.527344,49.278351
1386,ps,0.002840,0.013950,0.018500,42.675781,35.289786
1387,sps,0.018360,0.004500,0.022000,51.603027,44.860251
1388,ssps,0.018466,0.005150,0.021500,58.258545,45.116056
1390,p,0.003780,0.008900,0.019200,17.653809,31.879849
1391,d,0.002385,0.004450,0.018500,26.935547,25.335393
1392,dd,0.002426,0.004300,0.018500,34.029541,25.225915
1393,sdd,0.018511,0.005450,0.022000,40.795410,45.960933
1394,ssdd,0.018091,0.005100,0.021500,47.621826,44.691216
1395,p,0.003780,0.004350,0.021500,17.978271,29.629849
1396,dp,0.002464,0.004600,0.022000,27.265381,29.064344
1397,s,0.023128,0.008400,0.019200,34.390869,50.728351
1398,ddp,0.002502,0.012900,0.021500,41.442383,36.901712
1399,pd,0.002977,0.004550,0.020000,59.874756,27.527001
1400,d,0.002385,0.013100,0.019200,6.818359,34.685393
1401,dd,0.002426,0.004500,0.019200,14.335205,26.125915
1402,pdd,0.003045,0.004950,0.018500,32.633057,26.494804
1403,dp,0.002464,0.004600,0.018500,41.947998,25.564344
1404,d,0.002385,0.008800,0.020000,49.081055,31.185393
1405,s,0.023128,0.005200,0.022000,20.038330,50.328351
1406,p,0.003780,0.014350,0.021500,38.593018,39.629849
1407,ss,0.018821,0.007250,0.018500,47.649658,44.570769
1408,dss,0.002842,0.004750,0.022000,54.694336,29.591615
1409,pds,0.003022,0.009500,0.018500,72.839355,31.021933
1415,d,0.002385,0.006150,0.021500,8.453369,30.035393
1416,sd,0.018668,0.004300,0.018500,16.107422,41.467773
1417,psd,0.003139,0.004750,0.019200,35.744873,27.088792
1418,pps,0.002854,0.004300,0.022000,56.848877,29.154053
1419,sp,0.018754,0.004650,0.021500,67.177734,44.903690
1410,p,0.003780,0.005150,0.021500,36.774902,30.429849
1411,sp,0.018754,0.005100,0.022000,46.392334,45.853690
1412,dsp,0.002685,0.006000,0.021500,53.643066,30.184513
1413,pds,0.003022,0.006450,0.019200,72.140625,28.671933
1414,dpds,0.002826,0.006550,0.018500,81.752686,27.875574
1420,s,0.023128,0.005200,0.022000,23.267578,50.328351
1421,ss,0.018821,0.006000,0.021500,31.244873,46.320769
1422,pss,0.002833,0.009450,0.019200,49.724854,31.482709
1423,dpss,0.002761,0.012900,0.020000,59.356445,35.660817
1425,p,0.003780,0.004350,0.019200,32.963867,27.329849
1426,sp,0.018754,0.004150,0.022000,42.330078,44.903690
1427,ssp,0.018787,0.004250,0.019200,49.407715,42.237195
1428,pss,0.002833,0.004550,0.022000,68.059082,29.382709
1429,spss,0.018655,0.006950,0.018500,77.513428,44.105113
1430,p,0.003780,0.020950,0.022000,17.721680,46.729849
1431,s,0.023128,0.011800,0.018500,26.955811,53.428351
1432,ps,0.002840,0.004700,0.018500,45.064453,26.039786
1433,dps,0.002445,0.044000,0.018500,54.487305,64.944936
1434,sdps,0.018183,0.003500,0.020000,61.465576,41.682897
1435,p,0.003780,0.009750,0.019200,17.478271,32.729849
1436,pp,0.002838,0.006400,0.020000,39.119873,29.238325
1437,spp,0.018537,0.012050,0.018500,49.511230,49.087181
1438,ps,0.002840,0.004600,0.018500,68.994385,25.939786
1439,pps,0.002854,0.003950,0.022000,89.870361,28.804053
1440,d,0.002385,0.004750,0.019200,23.833740,26.335393
1441,sd,0.018668,0.004300,0.020000,31.381104,42.967773
1442,ssd,0.018735,0.004700,0.018500,38.244629,41.934503
1443,sssd,0.017999,0.004450,0.020000,45.219727,42.448568
1444,dsss,0.003039,0.005050,0.020000,52.506104,28.088978
1445,p,0.003780,0.005400,0.019200,17.658936,28.379849
1446,dp,0.002464,0.010550,0.022000,27.290283,35.014344
1447,sdp,0.018492,0.006150,0.020000,34.325195,44.641971
1448,psd,0.003139,0.005100,0.022000,52.741943,30.238792
1449,dps,0.002445,0.004850,0.019200,62.729736,26.494936
1455,s,0.023128,0.008600,0.019200,18.778564,50.928351
1456,s,0.023128,0.004600,0.019200,26.060303,46.928351
1457,ss,0.018821,0.004350,0.020000,32.974609,43.170769
1458,pss,0.002833,0.004750,0.022000,52.049072,29.582709
1459,dpss,0.002761,0.004500,0.020000,61.701172,27.260817
1450,d,0.002385,0.005100,0.018500,20.710205,25.985393
1451,pd,0.002977,0.004850,0.018500,39.357422,26.327001
1452,s,0.023128,0.025050,0.022000,48.415283,70.178351
1453,sp,0.018754,0.004750,0.019200,55.100830,42.703690
1454,ps,0.002840,0.010550,0.020000,73.096924,33.389786
1460,p,0.003780,0.004350,0.019200,34.343750,27.329849
1461,sp,0.018754,0.004200,0.020000,43.438965,42.953690
1462,ps,0.002840,0.005150,0.022000,63.033447,29.989786
1463,sps,0.018360,0.021000,0.018500,73.774658,57.860251
1464,ssps,0.018466,0.006050,0.018500,82.280762,43.016056
1465,p,0.003780,0.003900,0.022000,32.384766,29.679849
1466,pp,0.002838,0.009550,0.021500,52.507568,33.888325
1467,pp,0.002838,0.004000,0.020000,72.895020,26.838325
1468,dpp,0.002514,0.004450,0.021500,84.414307,28.464416
1469,ddp,0.002502,0.006700,0.022000,91.904541,31.201712
1470,p,0.003780,0.005550,0.020000,18.456055,29.329849
1471,dp,0.002464,0.005600,0.020000,28.246094,28.064344
1472,pdp,0.002932,0.011000,0.022000,46.606201,35.931683
1473,pp,0.002838,0.006150,0.021500,67.745850,30.488325
1474,pp,0.002838,0.005350,0.020000,88.500244,28.188325
1475,d,0.002385,0.004000,0.018500,6.586426,24.885393
1476,dd,0.002426,0.005700,0.020000,13.988281,28.125915
1477,sdd,0.018511,0.004300,0.020000,20.881592,42.810933
1478,dsdd,0.002830,0.009150,0.021500,27.860352,33.479964
1479,pds,0.003022,0.004400,0.020000,46.226562,27.421933
1480,s,0.023128,0.004950,0.022000,6.419189,50.078351
1481,ss,0.018821,0.005100,0.021500,13.627686,45.420769
1482,sss,0.019288,0.005450,0.020000,20.680664,44.738093
1483,dsss,0.003039,0.004800,0.019200,27.921875,27.038978
1495,d,0.002385,0.005750,0.021500,24.856689,29.635393
1496,pd,0.002977,0.016900,0.022000,43.977051,41.877001
1497,dpd,0.002513,0.004350,0.018500,53.489502,25.362673
1498,pdp,0.002932,0.005250,0.020000,71.602051,28.181683
1499,spp,0.018537,0.004550,0.022000,80.718750,45.087181
1490,d,0.002385,0.009200,0.018500,19.155518,30.085393
1491,pd,0.002977,0.005500,0.022000,38.666748,30.477001
1492,dpd,0.002513,0.006400,0.019200,47.994629,28.112673
1493,sdp,0.018492,0.004450,0.018500,54.796875,41.441971
1494,ssdp,0.018187,0.005400,0.020000,61.530273,43.587445
1485,s,0.023128,0.008450,0.019200,7.044189,50.778351
1486,ss,0.018821,0.009150,0.018500,14.783936,46.470769
1487,dss,0.002842,0.004400,0.021500,22.834717,28.741615
1488,d,0.002385,0.033400,0.019200,30.576660,54.985393
1489,dd,0.002426,0.016400,0.020000,38.229492,38.825915
1500,d,0.002385,0.005800,0.022000,7.181396,30.185393
1501,p,0.003780,0.016950,0.022000,25.658691,42.729849
1502,d,0.002385,0.038850,0.018500,35.142822,59.735393
1503,d,0.002385,0.004900,0.018500,42.446045,25.785393
1504,sd,0.018668,0.007300,0.022000,49.528809,47.967773
1505,d,0.002385,0.012350,0.019200,13.770752,33.935393
1506,s,0.023128,0.011000,0.018500,20.690186,52.628351
1507,ps,0.002840,0.010550,0.022000,39.300293,35.389786
1508,sps,0.018360,0.008450,0.021500,48.673340,48.310251
1509,dsps,0.002950,0.013000,0.020000,56.440186,35.950393
1510,s,0.023128,0.007000,0.019200,6.525635,49.328351
1511,ds,0.002343,0.005350,0.022000,14.481689,29.692513
1512,pds,0.003022,0.013500,0.022000,32.915771,38.521933
1513,pps,0.002854,0.006400,0.020000,52.927979,29.254053
1514,spp,0.018537,0.005400,0.018500,61.936035,42.437181
1520,s,0.023128,0.018050,0.022000,16.574463,63.178351
1521,s,0.023128,0.006450,0.020000,24.200195,49.578351
1522,ss,0.018821,0.005950,0.022000,30.969971,46.770769
1523,sss,0.019288,0.005750,0.020000,37.624512,45.038093
1524,psss,0.002892,0.009550,0.020000,56.135254,32.442287
1515,p,0.003780,0.005600,0.019200,17.630615,28.579849
1516,dp,0.002464,0.007550,0.022000,27.264160,32.014344
1517,pdp,0.002932,0.004850,0.021500,45.738525,29.281683
1518,spd,0.018317,0.007900,0.019200,54.884521,45.417325
1519,dsp,0.002685,0.006600,0.021500,62.286377,30.784513
1525,d,0.002385,0.004750,0.020000,6.639648,27.135393
1526,sd,0.018668,0.009550,0.022000,13.633301,50.217773
1527,dsd,0.002613,0.006950,0.021500,20.787842,31.062551
1528,pds,0.003022,0.005050,0.018500,39.520508,26.571933
1529,spds,0.018151,0.004300,0.022000,49.025391,44.450699
1530,p,0.003780,0.004300,0.022000,18.589355,30.079849
1531,sp,0.018754,0.004250,0.018500,27.969482,41.503690
1532,dsp,0.002685,0.005500,0.021500,35.510742,29.684513
1533,pds,0.003022,0.004250,0.019200,53.828857,26.471933
1534,pp,0.002838,0.005150,0.018500,74.759521,26.488325
1535,d,0.002385,0.005450,0.022000,6.861816,29.835393
1536,pd,0.002977,0.005100,0.020000,25.457275,28.077001
1537,spd,0.018317,0.004250,0.022000,34.644531,44.567325
1538,ssp,0.018787,0.005100,0.018500,41.687744,42.387195
1539,dssp,0.002732,0.009450,0.021500,48.980713,33.681810
1540,p,0.003780,0.004450,0.018500,34.830811,26.729849
1541,sp,0.018754,0.009850,0.018500,43.910400,47.103690
1542,dsp,0.002685,0.004150,0.019200,51.258301,26.034513
1543,ddsp,0.002864,0.004900,0.020000,58.394043,27.763565
1544,ddds,0.002761,0.005200,0.018500,65.489014,26.460792
1545,d,0.002385,0.004800,0.019200,6.654541,26.385393
1546,dd,0.002426,0.005650,0.021500,14.065186,29.575915
1547,pdd,0.003045,0.005600,0.018500,32.743896,27.144804
1548,dpd,0.002513,0.004400,0.018500,42.527344,25.412673
1549,d,0.002385,0.028550,0.020000,49.887207,50.935393
1550,p,0.003780,0.005100,0.020000,29.485596,28.879849
1551,pp,0.002838,0.004450,0.019200,50.641357,26.488325
1552,sp,0.018754,0.004500,0.021500,60.751709,44.753690
1553,ssp,0.018787,0.005000,0.019200,68.641602,42.987195
1554,dssp,0.002732,0.005300,0.021500,76.968018,29.531810
1560,d,0.002385,0.006400,0.020000,24.579590,28.785393
1561,pd,0.002977,0.006400,0.019200,43.777832,28.577001
1562,spd,0.018317,0.007250,0.022000,53.017822,47.567325
1563,psp,0.002926,0.005050,0.020000,71.718262,27.975658
1564,pps,0.002854,0.004950,0.022000,92.541016,29.804053
1565,p,0.003780,0.005200,0.018500,34.540771,27.479849
1566,dp,0.002464,0.004850,0.018500,43.910400,25.814344
1567,pd,0.002977,0.012000,0.019200,62.279297,34.177001
1568,pp,0.002838,0.006000,0.020000,82.541992,28.838325
1569,spp,0.018537,0.005750,0.020000,91.652100,44.287181
1555,s,0.023128,0.006050,0.018500,15.246582,47.678351
1556,ss,0.018821,0.004950,0.020000,22.447510,43.770769
1557,pss,0.002833,0.005500,0.019200,40.635254,27.532709
1558,dpss,0.002761,0.005600,0.019200,50.003662,27.560817
1559,pdp,0.002932,0.004650,0.020000,68.050293,27.581683
1570,s,0.023128,0.004000,0.022000,6.573975,49.128351
1571,p,0.003780,0.013050,0.021500,25.332031,38.329849
1572,ds,0.002343,0.004400,0.019200,35.257324,25.942513
1573,sp,0.018754,0.013100,0.018500,42.367188,50.353690
1574,dds,0.002685,0.004850,0.018500,52.137451,26.035273
1580,s,0.023128,0.010350,0.019200,23.139893,52.678351
1581,ss,0.018821,0.004150,0.022000,31.152344,44.970769
1582,pss,0.002833,0.005000,0.020000,49.450195,27.832709
1583,spss,0.018655,0.006400,0.021500,58.477783,46.555113
1575,s,0.023128,0.004600,0.022000,6.369873,49.728351
1576,ds,0.002343,0.006650,0.022000,13.590332,30.992513
1577,sds,0.018566,0.004850,0.021500,20.544434,44.916086
1578,psds,0.002945,0.005600,0.019200,39.562500,27.745423
1579,spss,0.018655,0.008600,0.018500,49.029541,45.755113
1585,s,0.023128,0.003700,0.020000,8.987061,46.828351
1586,p,0.003780,0.011100,0.020000,27.344482,34.879849
1587,ps,0.002840,0.005350,0.021500,47.941895,29.689786
1588,pp,0.002838,0.003850,0.022000,68.559082,28.688325
1589,spp,0.018537,0.004950,0.019200,77.538818,42.687181
1590,s,0.023128,0.004650,0.021500,6.472656,49.278351
1591,ds,0.002343,0.009550,0.018500,13.691406,30.392513
1592,sds,0.018566,0.004400,0.018500,20.676514,41.466086
1593,psds,0.002945,0.005200,0.018500,39.062744,26.645423
1594,dpss,0.002761,0.004900,0.020000,49.159668,27.660817
1595,p,0.003780,0.021500,0.019200,18.054199,44.479849
1596,s,0.023128,0.004050,0.019200,27.361816,46.378351
1597,ss,0.018821,0.007100,0.019200,34.281250,45.120769
1598,pss,0.002833,0.004950,0.022000,52.535889,29.782709
1599,ppss,0.002998,0.014300,0.021500,72.997314,38.797567
1600,p,0.003780,0.008000,0.019200,17.790527,30.979849
1601,sp,0.018754,0.005200,0.019200,27.028320,43.153690
1602,psp,0.002926,0.004850,0.022000,45.341797,29.775658
1603,dps,0.002445,0.004400,0.018500,54.863525,25.344936
1604,sdps,0.018183,0.004300,0.022000,61.934082,44.482897
1605,p,0.003780,0.009850,0.018500,18.286865,32.129849
1606,dp,0.002464,0.004550,0.020000,27.891357,27.014344
1607,sdp,0.018492,0.005700,0.019200,34.965576,43.391971
1608,psd,0.003139,0.004250,0.018500,53.895752,25.888792
1609,dps,0.002445,0.005600,0.019200,63.909180,27.244936
1610,p,0.003780,0.005200,0.019200,18.261719,28.179849
1611,pp,0.002838,0.004950,0.022000,39.798340,29.788325
1612,dp,0.002464,0.005600,0.018500,49.889648,26.564344
1613,ddp,0.002502,0.005500,0.022000,57.454346,30.001712
1614,dddp,0.002699,0.003950,0.018500,65.000732,25.149161
1615,p,0.003780,0.004400,0.018500,19.162842,26.679849
1616,dp,0.002464,0.004900,0.022000,29.227539,29.364344
1617,ddp,0.002502,0.004300,0.021500,36.894043,28.301712
1618,sddp,0.017807,0.005400,0.018500,44.059326,41.706817
1619,dsdd,0.002830,0.004600,0.019200,51.582520,26.629964
1620,d,0.002385,0.012050,0.020000,6.717041,34.435393
1621,dd,0.002426,0.005200,0.020000,14.046387,27.625915
1622,pdd,0.003045,0.005650,0.021500,32.382324,30.194804
1623,s,0.023128,0.012200,0.021500,41.366943,56.828351
1624,pp,0.002838,0.029550,0.018500,59.388672,50.888325
1625,s,0.023128,0.004600,0.020000,6.354004,47.728351
1626,ds,0.002343,0.006900,0.018500,13.698730,27.742513
1627,sds,0.018566,0.006950,0.021500,20.708984,47.016086
1628,psds,0.002945,0.004600,0.021500,41.027344,29.045423
1629,pps,0.002854,0.004200,0.021500,61.858154,28.554053
1630,d,0.002385,0.004550,0.022000,7.196533,28.935393
1631,pd,0.002977,0.004600,0.019200,25.977539,26.777001
1632,dpd,0.002513,0.006700,0.019200,35.925537,28.412673
1633,sdp,0.018492,0.005750,0.018500,43.093018,42.741971
1634,dsdp,0.002604,0.004100,0.019200,50.617188,25.903992
1635,p,0.003780,0.005150,0.020000,21.661621,28.929849
1636,sp,0.018754,0.005000,0.018500,30.966797,42.253690
1637,ssp,0.018787,0.003850,0.019200,37.934814,41.837195
1638,sssp,0.018690,0.007200,0.021500,44.944824,47.389656
1639,dsss,0.003039,0.011800,0.021500,52.178711,36.338978
1640,s,0.023128,0.003650,0.020000,6.411621,46.778351
1641,ps,0.002840,0.004400,0.020000,25.243896,27.239786
1642,pps,0.002854,0.005750,0.021500,45.757568,30.104053
1643,sp,0.018754,0.005150,0.018500,54.808105,42.403690
1644,psp,0.002926,0.005750,0.019200,72.852295,27.875658
1645,s,0.023128,0.004800,0.021500,20.826416,49.428351
1646,ds,0.002343,0.004900,0.018500,28.975098,25.742513
1647,dds,0.002685,0.004700,0.019200,36.776611,26.585273
1648,sdds,0.018154,0.005200,0.020000,44.213623,43.353743
1649,pss,0.002833,0.013950,0.018500,63.699463,35.282709
1650,d,0.002385,0.005550,0.021500,15.166992,29.435393
1651,pd,0.002977,0.005200,0.019200,33.982178,27.377001
1652,pp,0.002838,0.004000,0.021500,55.362305,28.338325
1653,sp,0.018754,0.004550,0.019200,64.738281,42.503690
1654,p,0.003780,0.006500,0.021500,83.206299,31.779849
1655,d,0.002385,0.008950,0.022000,7.270020,33.335393
1656,p,0.003780,0.024250,0.019200,27.615723,47.229849
1657,dd,0.002426,0.004700,0.018500,38.246826,25.625915
1658,pd,0.002977,0.004900,0.018500,57.287109,26.377001
1659,dp,0.002464,0.005050,0.022000,66.801025,29.514344
1660,p,0.003780,0.004450,0.022000,19.572998,30.229849
1661,pp,0.002838,0.003800,0.022000,39.971191,28.638325
1662,spp,0.018537,0.010250,0.019200,49.095215,47.987181
1663,psp,0.002926,0.004500,0.021500,67.578369,28.925658
1664,dps,0.002445,0.006200,0.020000,77.073730,28.644936
1665,p,0.003780,0.010900,0.019200,17.649170,33.879849
1666,sp,0.018754,0.005200,0.020000,26.851318,43.953690
1667,psp,0.002926,0.005550,0.022000,45.607666,30.475658
1668,sps,0.018360,0.004950,0.019200,54.696289,42.510251
1669,psp,0.002926,0.003900,0.022000,72.772705,28.825658
1670,s,0.023128,0.006350,0.021500,6.360352,50.978351
1671,ds,0.002343,0.017750,0.019200,13.515381,39.292513
1672,sds,0.018566,0.005050,0.018500,20.443359,42.116086
1673,psds,0.002945,0.005250,0.020000,39.153076,28.195423
1674,pps,0.002854,0.005200,0.022000,60.197754,30.054053
1675,s,0.023128,0.004350,0.018500,15.570312,45.978351
1676,ds,0.002343,0.006400,0.020000,23.473145,28.742513
1677,sds,0.018566,0.004650,0.018500,30.416260,41.716086
1678,dsds,0.002713,0.005600,0.018500,37.487793,26.813025
1680,p,0.003780,0.006150,0.018500,18.533691,28.429849
1681,dp,0.002464,0.003800,0.019200,28.046387,25.464344
1682,sdp,0.018492,0.005600,0.022000,35.230225,46.091971
1683,ssdp,0.018187,0.004500,0.021500,42.378174,44.187445
1684,pss,0.002833,0.005550,0.018500,60.947266,26.882709
1685,s,0.023128,0.013350,0.018500,6.315674,54.978351
1686,p,0.003780,0.004350,0.019200,24.780518,27.329849
1687,dp,0.002464,0.004550,0.019200,34.477783,26.214344
1688,ddp,0.002502,0.004700,0.022000,41.770264,29.201712
1689,sddp,0.017807,0.006350,0.022000,48.801758,46.156817
1690,d,0.002385,0.005100,0.020000,6.833984,27.485393
1691,dd,0.002426,0.004450,0.018500,13.922852,25.375915
1692,pdd,0.003045,0.005950,0.020000,32.270264,28.994804
1693,sp,0.018754,0.004900,0.022000,41.412842,45.653690
1694,psp,0.002926,0.004750,0.019200,59.434570,26.875658
1695,p,0.003780,0.004550,0.018500,18.148193,26.829849
1696,sp,0.018754,0.005200,0.020000,27.485352,43.953690
1697,dsp,0.002685,0.003800,0.020000,34.728271,26.484513
1698,sdsp,0.018148,0.004700,0.020000,41.539551,42.848415
1699,ssds,0.018930,0.005500,0.021500,48.324463,45.930221
1700,p,0.003780,0.004800,0.018500,18.814697,27.079849
1701,pp,0.002838,0.005650,0.018500,40.000244,26.988325
1702,dp,0.002464,0.004750,0.020000,49.506836,27.214344
1703,sdp,0.018492,0.004650,0.020000,56.567627,43.141971
1704,dsdp,0.002604,0.005100,0.022000,63.602783,29.703992
1705,s,0.023128,0.004650,0.021500,19.130615,49.278351
1706,ds,0.002343,0.006700,0.021500,27.046631,30.542513
1707,sds,0.018566,0.004450,0.021500,34.522949,44.516086
1708,ssds,0.018930,0.006300,0.018500,42.177979,43.730221
1710,d,0.002385,0.006350,0.018500,6.665771,27.235393
1711,dd,0.002426,0.006150,0.021500,13.883057,30.075915
1712,pdd,0.003045,0.005050,0.022000,32.058105,30.094804
1713,spd,0.018317,0.005950,0.018500,41.037842,42.767325
1714,dsp,0.002685,0.006900,0.022000,48.081787,31.584513
1715,p,0.003780,0.010900,0.022000,17.815674,36.679849
1716,pp,0.002838,0.004950,0.021500,38.284668,29.288325
1717,pp,0.002838,0.005700,0.021500,58.908447,30.038325
1718,sp,0.018754,0.004650,0.018500,68.246094,41.903690
1719,dsp,0.002685,0.005050,0.021500,75.497803,29.234513
1720,d,0.002385,0.012900,0.019200,10.870361,34.485393
1721,d,0.002385,0.011250,0.019200,19.682129,32.835393
1722,dd,0.002426,0.004350,0.021500,26.706299,28.275915
1723,ddd,0.002493,0.004900,0.018500,33.765381,25.893417
1724,sddd,0.017932,0.004450,0.021500,40.632324,43.881734
1725,d,0.002385,0.005400,0.021500,7.695068,29.285393
1726,pd,0.002977,0.006900,0.021500,26.574219,31.377001
1727,spd,0.018317,0.005150,0.022000,35.905762,45.467325
1728,dsp,0.002685,0.005300,0.018500,43.476807,26.484513
1729,ddsp,0.002864,0.005100,0.018500,51.085449,26.463565
1730,p,0.003780,0.004800,0.018500,34.457275,27.079849
1731,sp,0.018754,0.004850,0.019200,43.633789,42.803690
1732,dsp,0.002685,0.011800,0.020000,50.858398,34.484513
1733,sdsp,0.018148,0.003900,0.022000,57.777344,44.048415
1734,dsds,0.002713,0.005400,0.019200,65.209717,27.313025
1735,d,0.002385,0.005000,0.020000,30.449219,27.385393
1736,sd,0.018668,0.004900,0.022000,39.631592,45.567773
1737,ssd,0.018735,0.006300,0.019200,46.355469,44.234503
1738,pss,0.002833,0.005000,0.020000,65.511230,27.832709
1739,dpss,0.002761,0.004000,0.020000,75.857666,26.760817
1740,d,0.002385,0.004450,0.019200,7.578125,26.035393
1741,pd,0.002977,0.005550,0.020000,26.115967,28.527001
1742,sp,0.018754,0.014300,0.022000,35.368896,55.053690
1743,dsp,0.002685,0.004650,0.020000,42.600830,27.334513
1744,ddsp,0.002864,0.005750,0.020000,50.015625,28.613565
1745,p,0.003780,0.003400,0.021500,27.414062,28.679849
1746,pp,0.002838,0.007200,0.020000,49.234131,30.038325
1747,sp,0.018754,0.007250,0.018500,58.596191,44.503690
1748,dsp,0.002685,0.005650,0.022000,65.935547,30.334513
1749,sdsp,0.018148,0.004800,0.022000,73.269531,44.948415
1755,s,0.023128,0.004050,0.018500,21.231689,45.678351
1756,ps,0.002840,0.005350,0.020000,40.571777,28.189786
1757,pps,0.002854,0.004850,0.020000,61.729736,27.704053
1758,dp,0.002464,0.004250,0.022000,71.395264,28.714344
1759,pd,0.002977,0.004450,0.022000,90.401855,29.427001
1750,s,0.023128,0.005050,0.018500,8.841064,46.678351
1751,ds,0.002343,0.004650,0.021500,16.172119,28.492513
1752,pds,0.003022,0.004350,0.022000,34.861816,29.371933
1753,dpds,0.002826,0.011800,0.021500,44.661865,36.125574
1754,s,0.023128,0.025850,0.019200,51.675293,68.178351
1760,d,0.002385,0.005300,0.019200,13.457520,26.885393
1761,sd,0.018668,0.005100,0.019200,20.778809,42.967773
1762,psd,0.003139,0.004450,0.018500,38.805908,26.088792
1763,sps,0.018360,0.005750,0.020000,47.746582,44.110251
1764,dsps,0.002950,0.004500,0.020000,54.786621,27.450393
1765,d,0.002385,0.017250,0.021500,6.770508,41.135393
1766,s,0.023128,0.005600,0.020000,13.728271,48.728351
1767,ds,0.002343,0.005650,0.021500,20.739746,29.492513
1768,pd,0.002977,0.029600,0.019200,39.086914,51.777001
1769,ps,0.002840,0.004950,0.019200,59.580811,26.989786
1770,d,0.002385,0.007050,0.019200,6.704590,28.635393
1771,pd,0.002977,0.004700,0.021500,25.514893,29.177001
1772,dpd,0.002513,0.004900,0.020000,35.256104,27.412673
1773,pd,0.002977,0.009850,0.019200,59.314697,32.027001
1774,dp,0.002464,0.005650,0.018500,69.861084,26.614344
1775,s,0.023128,0.005200,0.018500,6.487793,46.828351
1776,ss,0.018821,0.005750,0.020000,13.472900,44.570769
1777,dss,0.002842,0.004550,0.019200,20.837646,26.591615
1778,ddss,0.002785,0.009500,0.018500,27.951416,30.785416
1780,s,0.023128,0.005000,0.022000,6.575684,50.128351
1781,ss,0.018821,0.005000,0.018500,13.833008,42.320769
1782,dss,0.002842,0.005050,0.021500,21.387451,29.391615
1783,p,0.003780,0.024300,0.021500,40.008545,49.579849
1784,sdss,0.018223,0.004150,0.019200,49.203125,41.572624
1785,s,0.023128,0.005000,0.021500,23.449463,49.628351
1786,ss,0.018821,0.005300,0.020000,31.131348,44.120769
1787,p,0.003780,0.016050,0.019200,49.269043,39.029849
1788,pss,0.002833,0.003850,0.022000,69.806641,28.682709
1789,sp,0.018754,0.008600,0.018500,79.028564,45.853690
1790,d,0.002385,0.004550,0.018500,14.589111,25.435393
1791,dd,0.002426,0.004300,0.019200,23.519287,25.925915
1792,ddd,0.002493,0.005400,0.019200,31.753418,27.093417
1793,dddd,0.002612,0.004450,0.020000,39.861328,27.061713
1794,dddd,0.002612,0.011800,0.019200,47.234863,33.611713
1795,d,0.002385,0.006400,0.022000,6.848145,30.785393
1796,pd,0.002977,0.004750,0.020000,25.974609,27.727001
1797,spd,0.018317,0.005600,0.020000,35.530029,43.917325
1798,ps,0.002840,0.005000,0.020000,54.186768,27.839786
1799,pps,0.002854,0.009450,0.018500,74.687988,30.804053
1800,p,0.003780,0.004900,0.019200,18.087891,27.879849
1801,sp,0.018754,0.009150,0.020000,27.765869,47.903690
1802,ssp,0.018787,0.006000,0.020000,34.814941,44.787195
1803,dssp,0.002732,0.006400,0.022000,42.422607,31.131810
1804,pdss,0.002957,0.005450,0.019200,61.077148,27.606682
1805,p,0.003780,0.004350,0.021500,17.974854,29.629849
1806,sp,0.018754,0.005500,0.018500,27.120850,42.753690
1807,dsp,0.002685,0.006750,0.020000,34.155762,29.434513
1808,pds,0.003022,0.005300,0.021500,52.452881,29.821933
1809,pp,0.002838,0.006550,0.019200,74.539062,28.588325
1810,d,0.002385,0.005000,0.019200,6.613281,26.585393
1811,d,0.002385,0.012000,0.021500,13.919434,35.885393
1812,pd,0.002977,0.005600,0.020000,32.196777,28.577001
1813,dp,0.002464,0.004750,0.020000,42.047119,27.214344
1814,sdp,0.018492,0.004150,0.018500,49.089600,41.141971
1815,p,0.003780,0.004450,0.022000,18.005127,30.229849
1816,dp,0.002464,0.008600,0.021500,27.683105,32.564344
1817,pdp,0.002932,0.004700,0.021500,46.179932,29.131683
1818,pp,0.002838,0.003950,0.020000,66.934570,26.788325
1819,dp,0.002464,0.003700,0.021500,76.497070,27.664344
1820,s,0.023128,0.005350,0.020000,6.369141,48.478351
1821,ps,0.002840,0.004500,0.018500,24.885254,25.839786
1822,dps,0.002445,0.003900,0.021500,34.449219,27.844936
1823,sdps,0.018183,0.004850,0.021500,41.495361,44.532897
1824,d,0.002385,0.020000,0.018500,48.553223,40.885393
1825,p,0.003780,0.004700,0.018500,30.477295,26.979849
1826,dp,0.002464,0.005200,0.022000,41.248291,29.664344
1827,ddp,0.002502,0.006650,0.019200,49.359375,28.351712
1828,sddp,0.017807,0.004700,0.020000,57.100586,42.506817
1829,ssdd,0.018091,0.004800,0.022000,64.599121,44.891216
1830,s,0.023128,0.010900,0.019200,7.449219,53.228351
1831,ds,0.002343,0.005050,0.019200,15.118164,26.592513
1832,dds,0.002685,0.005550,0.018500,22.517578,26.735273
1833,ddds,0.002761,0.004400,0.022000,30.151123,29.160792
1834,pds,0.003022,0.014100,0.019200,49.295654,36.321933
1835,p,0.003780,0.008450,0.019200,18.660889,31.429849
1836,sp,0.018754,0.005750,0.021500,28.135986,46.003690
1837,psp,0.002926,0.006350,0.019200,47.106201,28.475658
1838,dps,0.002445,0.004550,0.019200,56.815430,26.194936
1839,pdp,0.002932,0.007400,0.019200,75.067383,29.531683
1840,d,0.002385,0.004850,0.022000,6.885742,29.235393
1841,dd,0.002426,0.004750,0.018500,14.301025,25.675915
1842,pdd,0.003045,0.004700,0.020000,32.610352,27.744804
1843,d,0.002385,0.024650,0.020000,42.090576,47.035393
1844,p,0.003780,0.009500,0.022000,60.549805,35.279849
1845,s,0.023128,0.016900,0.019200,6.354736,59.228351
1846,ss,0.018821,0.004500,0.020000,13.273438,43.320769
1847,pss,0.002833,0.004350,0.022000,31.653076,29.182709
1848,spss,0.018655,0.008750,0.019200,40.842529,46.605113
1849,psps,0.002923,0.012000,0.021500,59.302246,36.422585
1850,p,0.003780,0.004800,0.022000,19.267578,30.579849
1851,dp,0.002464,0.005550,0.020000,29.112793,28.014344
1852,ddp,0.002502,0.017350,0.018500,36.566650,38.351712
1853,pd,0.002977,0.004950,0.018500,58.224365,26.427001
1854,pp,0.002838,0.005100,0.018500,79.832520,26.438325
1855,p,0.003780,0.014350,0.022000,19.843750,40.129849
1856,d,0.002385,0.005000,0.018500,29.272949,25.885393
1857,pd,0.002977,0.003800,0.018500,48.255371,25.277001
1858,pp,0.002838,0.006300,0.018500,69.213623,27.638325
1859,pp,0.002838,0.004350,0.022000,90.285645,29.188325
1860,p,0.003780,0.004250,0.021500,18.624023,29.529849
1861,d,0.002385,0.015350,0.019200,28.643555,36.935393
1862,sp,0.018754,0.005200,0.019200,36.083740,43.153690
1863,ps,0.002840,0.004800,0.019200,56.316895,26.839786
1864,dps,0.002445,0.004250,0.018500,67.415771,25.194936
1865,p,0.003780,0.005300,0.019200,17.863770,28.279849
1866,sp,0.018754,0.006550,0.019200,27.699219,44.503690
1867,ssp,0.018787,0.004700,0.018500,34.673828,41.987195
1868,dssp,0.002732,0.005100,0.018500,41.985596,26.331810
1869,sdss,0.018223,0.006000,0.020000,49.022949,44.222624
1875,s,0.023128,0.006300,0.019200,18.354736,48.628351
1876,ds,0.002343,0.003950,0.018500,25.933350,24.792513
1877,dds,0.002685,0.007200,0.020000,33.187256,29.885273
1878,sdds,0.018154,0.006950,0.022000,40.561523,47.103743
1870,d,0.002385,0.009200,0.022000,6.844482,33.585393
1871,dd,0.002426,0.006550,0.019200,15.188477,28.175915
1872,ddd,0.002493,0.004350,0.020000,22.388184,26.843417
1873,sddd,0.017932,0.004200,0.018500,29.364258,40.631734
1880,p,0.003780,0.017850,0.021500,17.731201,43.129849
1881,p,0.003780,0.005450,0.022000,38.825195,31.229849
1882,pp,0.002838,0.004400,0.022000,59.623779,29.238325
1883,dpp,0.002514,0.004050,0.022000,69.038818,28.564416
1884,ddp,0.002502,0.007450,0.020000,76.280762,29.951712
1885,s,0.023128,0.005200,0.018500,6.344482,46.828351
1886,ps,0.002840,0.007250,0.018500,24.545410,28.589786
1887,dps,0.002445,0.004950,0.021500,34.273438,28.894936
1888,p,0.003780,0.015450,0.019200,53.328125,38.429849
1889,p,0.003780,0.005500,0.020000,74.049805,29.279849
1890,s,0.023128,0.007900,0.022000,6.625488,53.028351
1891,ds,0.002343,0.004500,0.022000,15.367432,28.842513
1892,pds,0.003022,0.004800,0.018500,33.645996,26.321933
1893,dpds,0.002826,0.006550,0.019200,43.167236,28.575574
1894,ddps,0.002746,0.006000,0.022000,50.477295,30.745776
1895,d,0.002385,0.004900,0.019200,13.537109,26.485393
1896,sd,0.018668,0.007200,0.019200,22.244385,45.067773
1897,ps,0.002840,0.008450,0.018500,40.745605,29.789786
1898,pps,0.002854,0.004700,0.021500,61.060791,29.054053
1899,pp,0.002838,0.005150,0.018500,81.118652,26.488325
1900,s,0.023128,0.007900,0.018500,6.349365,49.528351
1901,ps,0.002840,0.005350,0.019200,24.736572,27.389786
1902,pps,0.002854,0.005450,0.022000,45.235596,30.304053
1903,sps,0.018360,0.003800,0.018500,54.454102,40.660251
1904,psp,0.002926,0.004750,0.022000,73.653809,29.675658
1905,p,0.003780,0.004750,0.022000,19.549316,30.529849
1906,sp,0.018754,0.009850,0.018500,29.730225,47.103690
1907,psp,0.002926,0.007250,0.020000,49.160156,30.175658
1908,dps,0.002445,0.008450,0.020000,59.063477,30.894936
1909,pdp,0.002932,0.004950,0.022000,77.287109,29.881683
1910,p,0.003780,0.006300,0.019200,18.879883,29.279849
1911,pp,0.002838,0.006950,0.022000,39.358887,31.788325
1912,sp,0.018754,0.004300,0.021500,48.371094,44.553690
1913,ssp,0.018787,0.016900,0.021500,55.373047,57.187195
1914,sssp,0.018690,0.006400,0.018500,62.056885,43.589656
1915,d,0.002385,0.010550,0.021500,6.993896,34.435393
1916,sd,0.018668,0.004550,0.019200,14.174561,42.417773
1917,dsd,0.002613,0.009150,0.018500,21.645996,30.262551
1918,pdsd,0.002929,0.008050,0.018500,40.580078,29.478927
1919,pp,0.002838,0.006400,0.021500,61.886963,30.738325
1920,s,0.023128,0.004900,0.019200,7.090088,47.228351
1921,s,0.023128,0.011550,0.020000,14.636719,54.678351
1922,ps,0.002840,0.004800,0.022000,33.369629,29.639786
1923,dps,0.002445,0.004850,0.022000,42.983887,29.294936
1924,sdps,0.018183,0.004400,0.020000,49.805176,42.582897
1925,s,0.023128,0.005750,0.022000,22.979980,50.878351
1926,ds,0.002343,0.005850,0.021500,30.981689,29.692513
1927,pds,0.003022,0.005750,0.021500,49.132080,30.271933
1928,dpds,0.002826,0.005300,0.018500,58.375488,26.625574
1929,ddps,0.002746,0.004150,0.020000,65.498779,26.895776
1930,p,0.003780,0.004850,0.020000,34.647217,28.629849
1931,dp,0.002464,0.004850,0.020000,44.210938,27.314344
1932,pdp,0.002932,0.010450,0.021500,62.286621,34.881683
1933,pp,0.002838,0.004650,0.018500,82.719238,25.988325
1934,pp,0.002838,0.005850,0.018500,103.683838,27.188325
1935,p,0.003780,0.004550,0.022000,21.827637,30.329849
1936,pp,0.002838,0.006050,0.020000,43.550781,28.888325
1937,pp,0.002838,0.004300,0.018500,67.439453,25.638325
1938,sp,0.018754,0.004550,0.019200,76.789062,42.503690
1939,dsp,0.002685,0.006050,0.020000,84.437500,28.734513
1940,p,0.003780,0.003950,0.019200,34.357666,26.929849
1941,sp,0.018754,0.006650,0.021500,43.386475,46.903690
1942,dsp,0.002685,0.005500,0.022000,50.795410,30.184513
1943,ddsp,0.002864,0.004850,0.022000,57.843750,29.713565
1944,sdds,0.018154,0.005450,0.020000,64.612793,43.603743
1950,s,0.023128,0.004400,0.020000,13.268066,47.528351
1951,ps,0.002840,0.003800,0.022000,31.656250,28.639786
1952,dps,0.002445,0.004750,0.020000,41.038574,27.194936
1953,ddps,0.002746,0.004800,0.021500,48.098877,29.045776
1945,s,0.023128,0.011800,0.019200,12.738525,54.128351
1946,ds,0.002343,0.004550,0.022000,20.243408,28.892513
1947,dds,0.002685,0.005050,0.019200,27.312012,26.935273
1948,pdds,0.002946,0.005200,0.022000,45.583252,30.145651
1949,sps,0.018360,0.004700,0.020000,54.696289,43.060251
1955,p,0.003780,0.004350,0.018500,19.069824,26.629849
1956,pp,0.002838,0.008450,0.022000,40.916260,33.288325
1957,sp,0.018754,0.009550,0.020000,50.328369,48.303690
1958,psp,0.002926,0.005100,0.019200,68.680908,27.225658
1959,dps,0.002445,0.004450,0.020000,78.277344,26.894936
1965,s,0.023128,0.011100,0.019200,11.000000,53.428351
1966,ps,0.002840,0.005100,0.018500,29.316895,26.439786
1967,p,0.003780,0.010500,0.018500,49.967773,32.779849
1968,ss,0.018821,0.006300,0.022000,59.166504,47.120769
1969,ss,0.018821,0.004700,0.019200,66.164795,42.720769
1960,p,0.003780,0.004500,0.018500,37.134521,26.779849
1961,sp,0.018754,0.004400,0.019200,46.486328,42.353690
1962,ssp,0.018787,0.005750,0.019200,53.471924,43.737195
1963,pss,0.002833,0.005050,0.019200,71.768066,27.082709
1964,spss,0.018655,0.005450,0.022000,81.679199,46.105113
1975,p,0.003780,0.009900,0.018500,18.942627,32.179849
1976,s,0.023128,0.010550,0.021500,28.785645,55.178351
1977,ss,0.018821,0.006600,0.019200,35.872803,44.620769
1978,pss,0.002833,0.005400,0.022000,54.283936,30.232709
1979,spss,0.018655,0.007200,0.019200,63.572266,45.055113
1970,d,0.002385,0.004700,0.019200,6.518311,26.285393
1971,dd,0.002426,0.005450,0.020000,13.591309,27.875915
1972,sdd,0.018511,0.004700,0.021500,20.574707,44.710933
1973,ssdd,0.018091,0.014000,0.018500,27.615479,50.591216
1974,dssd,0.002931,0.008950,0.022000,34.730957,33.881476
1980,d,0.002385,0.005100,0.022000,6.889404,29.485393
1981,pd,0.002977,0.004850,0.022000,26.167480,29.827001
1982,pp,0.002838,0.004850,0.021500,46.955566,29.188325
1983,pp,0.002838,0.005800,0.019200,67.945557,27.838325
1984,pp,0.002838,0.005550,0.021500,88.779297,29.888325
1985,p,0.003780,0.004700,0.020000,17.770996,28.479849
1986,dp,0.002464,0.004850,0.018500,27.351807,25.814344
1987,pdp,0.002932,0.004500,0.022000,45.556641,29.431683
1988,pp,0.002838,0.007900,0.019200,66.546143,29.938325
1989,sp,0.018754,0.008450,0.020000,76.278320,47.203690
1990,d,0.002385,0.005150,0.018500,16.290039,26.035393
1991,sd,0.018668,0.004950,0.018500,24.950195,42.117773
1992,ps,0.002840,0.004450,0.018500,45.216797,25.789786
1993,sps,0.018360,0.006350,0.020000,55.472168,44.710251
1994,ssps,0.018466,0.005350,0.021500,62.920898,45.316056
1995,d,0.002385,0.004450,0.018500,22.926270,25.335393
1996,pd,0.002977,0.005750,0.019200,44.427490,27.927001
1997,p,0.003780,0.013650,0.021500,64.637695,38.929849
1998,p,0.003780,0.007200,0.021500,85.116455,32.479849
1999,sp,0.018754,0.006450,0.020000,94.140381,45.203690
2005,s,0.023128,0.009450,0.021500,15.452148,54.078351
2006,ps,0.002840,0.004850,0.021500,34.075684,29.189786
2007,pps,0.002854,0.005550,0.018500,54.273193,26.904053
2008,pp,0.002838,0.004650,0.021500,74.925293,28.988325
2009,pp,0.002838,0.005000,0.020000,95.280029,27.838325
2000,p,0.003780,0.005500,0.019200,33.469971,28.479849
2001,pp,0.002838,0.005650,0.019200,53.725342,27.688325
2002,d,0.002385,0.011200,0.022000,63.277344,35.585393
2003,sp,0.018754,0.006200,0.019200,70.192627,44.153690
2004,ps,0.002840,0.005450,0.022000,88.336426,30.289786
2010,d,0.002385,0.011700,0.019200,6.560547,33.285393
2011,pd,0.002977,0.004250,0.018500,24.771484,25.727001
2012,dpd,0.002513,0.008450,0.021500,34.470215,32.462673
2013,pd,0.002977,0.005450,0.020000,52.793945,28.427001
2014,spd,0.018317,0.009000,0.021500,61.950684,48.817325
2015,d,0.002385,0.005350,0.018500,6.646484,26.235393
2016,sd,0.018668,0.012050,0.021500,13.698242,52.217773
2017,s,0.023128,0.070050,0.021500,20.796631,114.678351
2018,dsd,0.002613,0.017350,0.019200,27.878174,39.162551
2019,dds,0.002685,0.005100,0.018500,34.990234,26.285273
2020,s,0.023128,0.005600,0.021500,22.256348,50.228351
2021,ps,0.002840,0.005700,0.020000,41.462402,28.539786
2022,pps,0.002854,0.005100,0.020000,61.729980,27.954053
2023,sps,0.018360,0.012150,0.020000,70.770020,50.510251
2024,ssp,0.018787,0.004050,0.020000,77.528564,42.837195
2025,s,0.023128,0.010100,0.020000,22.735352,53.228351
2026,p,0.003780,0.006150,0.020000,42.427734,29.929849
2027,sp,0.018754,0.005600,0.022000,51.514893,46.353690
2028,psp,0.002926,0.004350,0.022000,69.749023,29.275658
2029,sps,0.018360,0.005200,0.018500,79.176025,42.060251
2030,s,0.023128,0.004500,0.021500,18.647949,49.128351
2031,ps,0.002840,0.014300,0.020000,37.554199,37.139786
2032,sps,0.018360,0.004650,0.020000,46.666016,43.010251
2033,dsps,0.002950,0.009150,0.020000,53.811035,32.100393
2034,pdsp,0.002995,0.004350,0.022000,72.949707,29.344609
2035,p,0.003780,0.004350,0.019200,31.603516,27.329849
2036,sp,0.018754,0.005000,0.018500,41.066895,42.253690
2037,ps,0.002840,0.005000,0.021500,59.140625,29.339786
2038,dps,0.002445,0.012150,0.021500,68.983887,36.094936
2039,ddps,0.002746,0.006150,0.020000,76.159180,28.895776
2040,p,0.003780,0.008150,0.020000,35.289551,31.929849
2041,pp,0.002838,0.005300,0.019200,55.504639,27.338325
2042,spp,0.018537,0.005400,0.022000,64.670898,45.937181
2043,ssp,0.018787,0.008400,0.018500,71.599365,45.687195
2044,dssp,0.002732,0.004200,0.019200,78.737061,26.131810
2050,s,0.023128,0.004900,0.020000,19.979248,48.028351
2051,ps,0.002840,0.005850,0.019200,38.964355,27.889786
2052,dps,0.002445,0.004250,0.020000,48.757812,26.694936
2053,pds,0.003022,0.004150,0.019200,67.387695,26.371933
2054,sp,0.018754,0.005300,0.021500,76.682861,45.553690
2045,s,0.023128,0.004900,0.022000,6.323242,50.028351
2046,ss,0.018821,0.004900,0.019200,13.230469,42.920769
2047,pss,0.002833,0.005350,0.019200,31.739258,27.382709
2048,ppss,0.002998,0.005550,0.018500,52.366211,27.047567
2049,pp,0.002838,0.004100,0.022000,72.873291,28.938325
2060,d,0.002385,0.021000,0.018500,19.976807,41.885393
2061,p,0.003780,0.004400,0.020000,38.375732,28.179849
2062,sp,0.018754,0.003400,0.018500,47.575195,40.653690
2063,dsp,0.002685,0.004250,0.019200,54.792480,26.134513
2064,ddsp,0.002864,0.003850,0.019200,61.997070,25.913565
2055,d,0.002385,0.004100,0.021500,22.807129,27.985393
2056,pd,0.002977,0.005450,0.018500,43.418213,26.927001
2057,pp,0.002838,0.006400,0.021500,66.827637,30.738325
2058,pp,0.002838,0.004400,0.022000,88.013672,29.238325
2059,d,0.002385,0.009800,0.019200,97.663818,31.385393
2065,d,0.002385,0.011750,0.019200,18.909424,33.335393
2066,d,0.002385,0.004500,0.019200,26.452881,26.085393
2067,dd,0.002426,0.005000,0.020000,33.455566,27.425915
2068,pdd,0.003045,0.008600,0.022000,51.616699,33.644804
2069,dp,0.002464,0.003650,0.020000,61.112061,26.114344
2070,s,0.023128,0.015550,0.021500,6.589600,60.178351
2071,ss,0.018821,0.007200,0.022000,13.513672,48.020769
2072,dss,0.002842,0.006700,0.022000,20.673096,31.541615
2073,pdss,0.002957,0.005000,0.019200,38.834473,27.156682
2074,ppss,0.002998,0.004350,0.020000,59.467285,27.347567
2075,p,0.003780,0.005700,0.018500,17.981934,27.979849
2076,sp,0.018754,0.006000,0.020000,27.614502,44.753690
2077,p,0.003780,0.005400,0.021500,45.815186,30.679849
2078,ds,0.002343,0.005300,0.022000,55.296875,29.642513
2079,pd,0.002977,0.005200,0.019200,73.639160,27.377001
2080,s,0.023128,0.005350,0.018500,6.441895,46.978351
2081,ps,0.002840,0.005000,0.019200,24.693115,27.039786
2082,dps,0.002445,0.008550,0.022000,34.160645,32.994936
2083,sdps,0.018183,0.004750,0.020000,40.964844,42.932897
2085,p,0.003780,0.005400,0.019200,17.692871,28.379849
2086,sp,0.018754,0.004600,0.021500,26.948486,44.853690
2087,dsp,0.002685,0.005300,0.022000,34.076172,29.984513
2088,ddsp,0.002864,0.005100,0.019200,41.421631,27.163565
2089,sdds,0.018154,0.004950,0.021500,48.274658,44.603743
2090,s,0.023128,0.004800,0.020000,22.756592,47.928351
2091,ss,0.018821,0.009450,0.020000,30.490234,48.270769
2092,pss,0.002833,0.005050,0.020000,50.297119,27.882709
2093,dpss,0.002761,0.005400,0.019200,61.061768,27.360817
2095,d,0.002385,0.004950,0.018500,6.657227,25.835393
2096,pd,0.002977,0.005650,0.022000,26.121826,30.627001
2097,pp,0.002838,0.004550,0.019200,46.910156,26.588325
2098,pp,0.002838,0.007400,0.022000,67.449951,32.238325
2099,pp,0.002838,0.004150,0.021500,87.889404,28.488325
2100,p,0.003780,0.020200,0.018500,19.695557,42.479849
2101,s,0.023128,0.003500,0.019200,30.484619,45.828351
2102,ps,0.002840,0.010350,0.018500,49.667725,31.689786
2103,pps,0.002854,0.004250,0.018500,70.856201,25.604053
2104,p,0.003780,0.006200,0.019200,91.150635,29.179849
2105,d,0.002385,0.004950,0.018500,6.858887,25.835393
2106,s,0.023128,0.007250,0.022000,14.035156,52.378351
2107,dd,0.002426,0.006450,0.019200,21.228760,28.075915
2108,sdd,0.018511,0.004800,0.019200,28.344482,42.510933
2109,ssd,0.018735,0.006000,0.019200,35.345947,43.934503
2110,p,0.003780,0.005200,0.020000,18.129639,28.979849
2111,dp,0.002464,0.003900,0.022000,27.800293,28.364344
2112,pdp,0.002932,0.008150,0.019200,46.574707,30.281683
2113,spd,0.018317,0.004750,0.018500,55.898193,41.567325
2114,ssp,0.018787,0.004400,0.021500,62.826416,44.687195
2120,d,0.002385,0.005100,0.022000,7.501953,29.485393
2121,dd,0.002426,0.004800,0.020000,15.796875,27.225915
2122,ddd,0.002493,0.005500,0.018500,24.365967,26.493417
2123,dddd,0.002612,0.005600,0.022000,33.207764,30.211713
2124,sddd,0.017932,0.006700,0.021500,40.323242,46.131734
2115,p,0.003780,0.005150,0.020000,32.057617,28.929849
2116,pp,0.002838,0.009200,0.018500,52.337402,30.538325
2117,pp,0.002838,0.005650,0.020000,72.717285,28.488325
2118,pp,0.002838,0.003850,0.022000,92.939453,28.688325
2119,d,0.002385,0.005050,0.019200,102.366943,26.635393
2125,p,0.003780,0.004450,0.018500,34.980957,26.729849
2126,pp,0.002838,0.017750,0.020000,55.223389,40.588325
2127,pp,0.002838,0.004250,0.020000,75.891846,27.088325
2128,pp,0.002838,0.004150,0.019200,98.209717,26.188325
2129,dp,0.002464,0.016750,0.019200,109.155518,38.414344
2135,d,0.002385,0.004650,0.020000,6.603516,27.035393
2136,dd,0.002426,0.003800,0.021500,13.781250,27.725915
2137,ddd,0.002493,0.010000,0.021500,21.441162,33.993417
2138,sddd,0.017932,0.005900,0.020000,28.343506,43.831734
2139,ssdd,0.018091,0.010150,0.021500,35.239014,49.741216
2130,s,0.023128,0.005300,0.019200,23.109131,47.628351
2131,ps,0.002840,0.006400,0.022000,44.109131,31.239786
2132,dps,0.002445,0.005450,0.020000,55.037109,27.894936
2133,sdps,0.018183,0.004850,0.021500,62.605469,44.532897
2140,p,0.003780,0.011700,0.021500,18.310303,36.979849
2141,sp,0.018754,0.005300,0.022000,27.374756,46.053690
2142,psp,0.002926,0.005000,0.021500,45.250244,29.425658
2143,pps,0.002854,0.004350,0.020000,65.555176,27.204053
2144,spp,0.018537,0.007100,0.020000,74.548828,45.637181
2150,p,0.003780,0.005050,0.020000,34.024658,28.829849
2151,pp,0.002838,0.004850,0.018500,56.667725,26.188325
2152,dp,0.002464,0.003900,0.019200,66.964844,25.564344
2153,sdp,0.018492,0.013950,0.021500,74.173828,53.941971
2154,dsdp,0.002604,0.006000,0.019200,81.366699,27.803992
2145,p,0.003780,0.006400,0.018500,35.184082,28.679849
2146,sp,0.018754,0.005300,0.019200,44.260254,43.253690
2147,psp,0.002926,0.003800,0.018500,62.361084,25.225658
2148,dps,0.002445,0.003400,0.018500,71.682373,24.344936
2149,pd,0.002977,0.004750,0.018500,91.320801,26.227001
2155,d,0.002385,0.004300,0.019200,24.706055,25.885393
2156,pd,0.002977,0.004850,0.019200,43.922607,27.027001
2157,sp,0.018754,0.004750,0.019200,53.052979,42.703690
2158,ps,0.002840,0.005350,0.021500,71.194336,29.689786
2159,pps,0.002854,0.004450,0.022000,91.702637,29.304053
2160,d,0.002385,0.006700,0.019200,6.810547,28.285393
2161,pd,0.002977,0.004750,0.020000,25.180664,27.727001
2162,spd,0.018317,0.007400,0.018500,34.394287,44.217325
2163,ps,0.002840,0.006350,0.021500,52.940674,30.689786
2164,pps,0.002854,0.006900,0.018500,73.903564,28.254053
2165,s,0.023128,0.005100,0.022000,18.425781,50.228351
2166,ss,0.018821,0.011700,0.020000,30.342529,50.520769
2167,dss,0.002842,0.004900,0.018500,37.378418,26.241615
2168,pdss,0.002957,0.009050,0.021500,55.724365,33.506682
2169,pps,0.002854,0.004400,0.021500,76.818604,28.754053
2170,p,0.003780,0.017750,0.019200,34.995605,40.729849
2171,dp,0.002464,0.013000,0.018500,44.498535,33.964344
2172,sdp,0.018492,0.005950,0.019200,51.395752,43.641971
2173,p,0.003780,0.008600,0.019200,69.840576,31.579849
2174,ps,0.002840,0.005750,0.021500,90.277344,30.089786
2175,s,0.023128,0.004850,0.018500,23.209961,46.478351
2176,ss,0.018821,0.009500,0.018500,30.801025,46.820769
2177,sss,0.019288,0.005000,0.020000,37.578369,44.288093
2178,d,0.002385,0.022800,0.020000,44.955811,45.185393
2179,dsss,0.003039,0.006200,0.018500,52.836914,27.738978
2180,p,0.003780,0.008500,0.019200,18.555420,31.479849
2181,dp,0.002464,0.005450,0.021500,28.401611,29.414344
2182,ddp,0.002502,0.008400,0.020000,35.958252,30.901712
2183,sddp,0.017807,0.004200,0.021500,43.200195,43.506817
2184,psd,0.003139,0.005000,0.020000,61.908936,28.138792
2190,s,0.023128,0.005900,0.022000,6.396729,51.028351
2191,ds,0.002343,0.005200,0.018500,13.847412,26.042513
2192,dds,0.002685,0.004450,0.021500,21.120117,28.635273
2193,sdds,0.018154,0.004700,0.020000,28.184326,42.853743
2185,p,0.003780,0.005150,0.022000,17.883057,30.929849
2186,pp,0.002838,0.004950,0.019200,38.276855,26.988325
2187,dpp,0.002514,0.004350,0.022000,47.708496,28.864416
2188,ddp,0.002502,0.005050,0.018500,54.986572,26.051712
2189,pdd,0.003045,0.012900,0.022000,73.109619,37.944804
2195,s,0.023128,0.011400,0.021500,6.485352,56.028351
2196,p,0.003780,0.007100,0.020000,24.741699,30.879849
2197,ps,0.002840,0.019800,0.020000,45.994629,42.639786
2198,d,0.002385,0.004550,0.020000,55.745605,26.935393
2199,sd,0.018668,0.005300,0.021500,62.790039,45.467773
2200,p,0.003780,0.003950,0.020000,35.461914,27.729849
2201,dp,0.002464,0.007100,0.021500,45.102295,31.064344
2202,pd,0.002977,0.004700,0.018500,63.466797,26.177001
2203,spd,0.018317,0.005100,0.019200,72.777344,42.617325
2204,ps,0.002840,0.003400,0.021500,91.228516,27.739786
2205,s,0.023128,0.005750,0.018500,6.281982,47.378351
2206,ps,0.002840,0.005550,0.019200,24.801514,27.589786
2207,d,0.002385,0.005850,0.021500,34.385254,29.735393
2208,sd,0.018668,0.007800,0.021500,41.415039,47.967773
2209,dps,0.002445,0.004900,0.019200,48.710449,26.544936
2210,p,0.003780,0.005800,0.022000,34.246582,31.579849
2211,sp,0.018754,0.008150,0.022000,43.259521,48.903690
2212,dsp,0.002685,0.009450,0.022000,50.383301,34.134513
2213,sdsp,0.018148,0.005150,0.018500,57.126709,41.798415
2220,d,0.002385,0.005950,0.018500,23.257080,26.835393
2221,sd,0.018668,0.005500,0.022000,30.753662,46.167773
2222,ssd,0.018735,0.005050,0.020000,37.499756,43.784503
2223,pss,0.002833,0.005800,0.018500,55.821045,27.132709
2224,ppss,0.002998,0.005050,0.018500,76.441895,26.547567
2215,p,0.003780,0.004800,0.022000,35.227295,30.579849
2216,sp,0.018754,0.004550,0.021500,44.573975,44.803690
2217,ssp,0.018787,0.004900,0.018500,51.542480,42.187195
2218,sssp,0.018690,0.004550,0.020000,58.479736,43.239656
2225,p,0.003780,0.004750,0.021500,36.353760,30.029849
2226,pp,0.002838,0.004500,0.019200,57.495850,26.538325
2227,pp,0.002838,0.005500,0.020000,78.264404,28.338325
2228,pp,0.002838,0.004500,0.021500,98.949951,28.838325
2229,dp,0.002464,0.006550,0.019200,108.852295,28.214344
2230,p,0.003780,0.011400,0.019200,20.842285,34.379849
2231,d,0.002385,0.005100,0.020000,30.799805,27.485393
2232,pd,0.002977,0.009450,0.020000,49.361084,32.427001
2233,sp,0.018754,0.004550,0.020000,58.597168,43.303690
2234,ssp,0.018787,0.005150,0.022000,65.332520,45.937195
2235,s,0.023128,0.004900,0.019200,11.196045,47.228351
2236,ds,0.002343,0.006000,0.020000,18.656006,28.342513
2237,pds,0.003022,0.004500,0.018500,37.280029,26.021933
2238,dpds,0.002826,0.008600,0.020000,46.761230,31.425574
2239,sdps,0.018183,0.006750,0.020000,53.746582,44.932897
2240,d,0.002385,0.004650,0.019200,6.737793,26.235393
2241,dd,0.002426,0.004800,0.018500,14.386719,25.725915
2242,pdd,0.003045,0.004300,0.021500,32.620850,28.844804
2243,sp,0.018754,0.009150,0.020000,41.847168,47.903690
2244,psp,0.002926,0.004300,0.018500,59.989990,25.725658
2250,p,0.003780,0.004350,0.022000,18.739014,30.129849
2251,s,0.023128,0.011150,0.022000,28.020264,56.278351
2252,sp,0.018754,0.006400,0.021500,34.820801,46.653690
2253,dsp,0.002685,0.005500,0.018500,42.005859,26.684513
2254,sds,0.018566,0.005650,0.021500,48.957764,45.716086
2255,p,0.003780,0.005700,0.021500,32.688721,30.979849
2256,sp,0.018754,0.009200,0.021500,42.075195,49.453690
2257,dsp,0.002685,0.004150,0.018500,49.121338,25.334513
2258,sdsp,0.018148,0.003900,0.021500,55.870850,43.548415
2245,s,0.023128,0.005100,0.022000,6.439209,50.228351
2246,ps,0.002840,0.007850,0.022000,25.424561,32.689786
2247,pps,0.002854,0.003900,0.019200,45.901123,25.954053
2248,spps,0.018353,0.004550,0.021500,55.194092,44.402865
2249,ssp,0.018787,0.004700,0.020000,62.184570,43.487195
2260,d,0.002385,0.004450,0.019200,26.545898,26.035393
2261,dd,0.002426,0.004150,0.021500,35.382568,28.075915
2262,pd,0.002977,0.004400,0.019200,53.915283,26.577001
2263,dpd,0.002513,0.007550,0.018500,63.276367,28.562673
2264,sdp,0.018492,0.005750,0.019200,70.208496,43.441971
2265,s,0.023128,0.004650,0.021500,6.299805,49.278351
2266,ps,0.002840,0.005100,0.021500,24.538574,29.439786
2267,d,0.002385,0.017700,0.019200,33.864258,39.285393
2268,pps,0.002854,0.004800,0.019200,52.092285,26.854053
2269,pp,0.002838,0.005850,0.021500,72.356201,30.188325
2270,p,0.003780,0.010550,0.019200,25.674805,33.529849
2271,pp,0.002838,0.005200,0.020000,46.381836,28.038325
2272,pp,0.002838,0.013950,0.018500,66.736572,35.288325
2273,sp,0.018754,0.004850,0.020000,76.343262,43.603690
2274,s,0.023128,0.011400,0.018500,83.622314,53.028351
2275,s,0.023128,0.008400,0.018500,21.963623,50.028351
2276,ss,0.018821,0.004400,0.018500,29.516357,41.720769
2277,pss,0.002833,0.004650,0.018500,47.737793,25.982709
2278,ppss,0.002998,0.003650,0.018500,68.209229,25.147567
2279,dp,0.002464,0.005600,0.022000,77.599365,30.064344
2280,d,0.002385,0.005850,0.022000,23.748535,30.235393
2281,pd,0.002977,0.004250,0.021500,42.804443,28.727001
2282,pp,0.002838,0.005200,0.018500,63.652832,26.538325
2283,sp,0.018754,0.008550,0.020000,73.198730,47.303690
2284,ssp,0.018787,0.004750,0.020000,80.131836,43.537195
2285,s,0.023128,0.008250,0.022000,23.157227,53.378351
2286,d,0.002385,0.004300,0.018500,31.318359,25.185393
2287,sd,0.018668,0.004950,0.022000,38.364990,45.617773
2288,ssd,0.018735,0.004500,0.018500,45.230469,41.734503
2289,pss,0.002833,0.004900,0.019200,63.707520,26.932709
2290,s,0.023128,0.004850,0.022000,23.249023,49.978351
2291,ps,0.002840,0.004300,0.022000,42.701416,29.139786
2292,sps,0.018360,0.004450,0.021500,52.099854,44.310251
2293,psps,0.002923,0.007250,0.021500,70.568604,31.672585
2294,pps,0.002854,0.004700,0.019200,91.383789,26.754053
2295,s,0.023128,0.005050,0.018500,23.459717,46.678351
2296,ss,0.018821,0.005450,0.022000,31.600586,46.270769
2297,dss,0.002842,0.004850,0.018500,39.640625,26.191615
2298,pdss,0.002957,0.005750,0.019200,59.897949,27.906682
2299,spss,0.018655,0.004300,0.021500,69.563477,44.455113
2300,p,0.003780,0.005050,0.019200,35.909668,28.029849
2301,sp,0.018754,0.005500,0.019200,45.167480,43.453690
2302,s,0.023128,0.023350,0.020000,51.982666,66.478351
2303,ssp,0.018787,0.005200,0.020000,58.922363,43.987195
2304,sss,0.019288,0.005550,0.020000,65.877930,44.838093
2305,s,0.023128,0.016900,0.020000,6.411133,60.028351
2306,ss,0.018821,0.004750,0.020000,13.350342,43.570769
2307,pss,0.002833,0.011800,0.022000,32.016602,36.632709
2308,dpss,0.002761,0.010900,0.020000,41.501709,33.660817
2309,d,0.002385,0.060100,0.021500,48.527832,83.985393
2310,d,0.002385,0.004750,0.019200,8.833008,26.335393
2311,pd,0.002977,0.004750,0.022000,27.163086,29.727001
2312,pp,0.002838,0.006700,0.021500,48.350586,31.038325
2313,dp,0.002464,0.004150,0.019200,58.026611,25.814344
2314,pdp,0.002932,0.004950,0.019200,76.334473,27.081683
2315,d,0.002385,0.016900,0.018500,6.794922,37.785393
2316,pd,0.002977,0.005700,0.020000,25.364746,28.677001
2317,spd,0.018317,0.004550,0.022000,35.007080,44.867325
2318,sspd,0.018192,0.004900,0.019200,41.974609,42.291934
2319,sssp,0.018690,0.004800,0.018500,49.222412,41.989656
2320,d,0.002385,0.008600,0.018500,7.629639,29.485393
2321,pd,0.002977,0.004850,0.020000,27.166016,27.827001
2322,dpd,0.002513,0.003650,0.020000,37.022461,26.162673
2323,sdp,0.018492,0.005750,0.020000,44.270020,44.241971
2324,psd,0.003139,0.004750,0.019200,62.778564,27.088792
2325,p,0.003780,0.006050,0.019200,36.078125,29.029849
2326,pp,0.002838,0.004700,0.021500,56.669434,29.038325
2327,pp,0.002838,0.009450,0.022000,77.206299,34.288325
2328,pp,0.002838,0.006000,0.020000,97.586914,28.838325
2329,spp,0.018537,0.010350,0.022000,106.962891,50.887181
2330,s,0.023128,0.005750,0.018500,23.429199,47.378351
2331,ss,0.018821,0.013000,0.019200,31.048584,51.020769
2332,pss,0.002833,0.004850,0.020000,49.521240,27.682709
2333,ppss,0.002998,0.014000,0.019200,70.099121,36.197567
2334,pp,0.002838,0.004750,0.021500,90.739502,29.088325
2335,s,0.023128,0.005750,0.021500,6.295166,50.378351
2336,ds,0.002343,0.004900,0.019200,13.457031,26.442513
2337,dds,0.002685,0.004550,0.018500,20.661133,25.735273
2338,pdds,0.002946,0.004250,0.022000,39.145264,29.195651
2339,pp,0.002838,0.005200,0.018500,59.669922,26.538325
2340,s,0.023128,0.004900,0.020000,6.815918,48.028351
2341,ds,0.002343,0.005000,0.020000,15.147705,27.342513
2342,pds,0.003022,0.004200,0.020000,34.941406,27.221933
2343,pp,0.002838,0.004500,0.020000,55.216064,27.338325
2344,dp,0.002464,0.009200,0.018500,64.580811,30.164344
2350,d,0.002385,0.006700,0.019200,9.392822,28.285393
2351,pd,0.002977,0.005500,0.019200,30.580078,27.677001
2352,sp,0.018754,0.004650,0.020000,39.779785,43.403690
2353,ssp,0.018787,0.005000,0.021500,46.808105,45.287195
2354,pss,0.002833,0.005050,0.021500,65.027588,29.382709
2345,p,0.003780,0.004700,0.019200,18.343018,27.679849
2346,sp,0.018754,0.004400,0.018500,27.471436,41.653690
2347,psp,0.002926,0.004850,0.019200,45.478760,26.975658
2348,pps,0.002854,0.004900,0.019200,65.498047,26.954053
2349,sp,0.018754,0.014100,0.021500,75.244873,54.353690
2355,p,0.003780,0.004550,0.021500,19.594971,29.829849
2356,dp,0.002464,0.004700,0.020000,29.281494,27.164344
2357,ddp,0.002502,0.003900,0.021500,36.743896,27.901712
2358,sddp,0.017807,0.004750,0.021500,43.594482,44.056817
2359,psd,0.003139,0.005000,0.021500,61.850342,29.638792
2365,s,0.023128,0.010800,0.019200,6.250732,53.128351
2366,p,0.003780,0.005300,0.021500,24.800293,30.579849
2367,sp,0.018754,0.005200,0.018500,33.929199,42.453690
2368,ds,0.002343,0.011150,0.018500,41.220459,31.992513
2369,dsp,0.002685,0.011800,0.021500,48.383545,35.984513
2360,d,0.002385,0.004350,0.021500,6.842285,28.235393
2361,pd,0.002977,0.004850,0.018500,25.374023,26.327001
2362,pp,0.002838,0.005050,0.020000,47.597168,27.888325
2363,dp,0.002464,0.004250,0.018500,58.608887,25.214344
2364,ddp,0.002502,0.008600,0.022000,66.576904,33.101712
2370,d,0.002385,0.011600,0.020000,9.612793,33.985393
2371,d,0.002385,0.003700,0.020000,16.913818,26.085393
2372,dd,0.002426,0.004700,0.021500,24.265137,28.625915
2373,sdd,0.018511,0.009850,0.018500,31.237061,46.860933
2374,ssdd,0.018091,0.005300,0.020000,38.091064,43.391216
2380,d,0.002385,0.004300,0.021500,6.720703,28.185393
2381,pd,0.002977,0.004400,0.020000,25.388428,27.377001
2382,pp,0.002838,0.004850,0.019200,45.864990,26.888325
2383,dp,0.002464,0.007050,0.018500,55.360596,28.014344
2384,pd,0.002977,0.004250,0.020000,73.463623,27.227001
2385,p,0.003780,0.013100,0.019200,18.497803,36.079849
2386,dp,0.002464,0.006050,0.019200,28.473633,27.714344
2387,ddp,0.002502,0.006200,0.020000,35.921387,28.701712
2388,pddp,0.002898,0.009050,0.020000,54.271240,31.947530
2389,pp,0.002838,0.006150,0.021500,74.901123,30.488325
2375,d,0.002385,0.005000,0.018500,6.588135,25.885393
2376,dd,0.002426,0.004150,0.022000,14.141357,28.575915
2377,ddd,0.002493,0.007550,0.020000,21.379883,30.043417
2378,sddd,0.017932,0.006150,0.018500,28.260254,42.581734
2379,dsdd,0.002830,0.004650,0.022000,35.345459,29.479964
2390,p,0.003780,0.004700,0.021500,17.819092,29.979849
2391,sp,0.018754,0.003650,0.021500,27.102539,43.903690
2392,ssp,0.018787,0.004550,0.020000,34.237549,43.337195
2393,sssp,0.018690,0.005100,0.022000,41.571045,45.789656
2394,s,0.023128,0.014900,0.022000,49.149170,60.028351
2395,d,0.002385,0.005400,0.020000,20.914795,27.785393
2396,dd,0.002426,0.006550,0.019200,28.596680,28.175915
2397,sdd,0.018511,0.004450,0.020000,35.600830,42.960933
2398,ssdd,0.018091,0.005550,0.021500,42.707764,45.141216
2399,sssd,0.017999,0.005200,0.020000,49.666260,43.198568
2400,p,0.003780,0.005100,0.020000,28.880127,28.879849
2401,pp,0.002838,0.004150,0.018500,49.458008,25.488325
2402,pp,0.002838,0.004750,0.022000,69.706055,29.588325
2403,dp,0.002464,0.005050,0.020000,78.987305,27.514344
2404,p,0.003780,0.009050,0.019200,97.095459,32.029849
2405,p,0.003780,0.004550,0.019200,17.543945,27.529849
2406,sp,0.018754,0.007400,0.020000,26.693848,46.153690
2407,dsp,0.002685,0.006450,0.020000,33.797363,29.134513
2408,pds,0.003022,0.009750,0.018500,51.817139,31.271933
2409,pps,0.002854,0.003650,0.022000,72.167236,28.504053
2410,d,0.002385,0.007300,0.022000,16.276123,31.685393
2411,dd,0.002426,0.004500,0.018500,24.106445,25.425915
2412,pdd,0.003045,0.006700,0.019200,42.356689,28.944804
2413,sp,0.018754,0.004800,0.022000,51.477295,45.553690
2414,dsp,0.002685,0.004900,0.022000,58.487061,29.584513
2415,d,0.002385,0.004250,0.019200,7.827148,25.835393
2416,pd,0.002977,0.005550,0.019200,26.059082,27.727001
2417,pp,0.002838,0.004500,0.021500,46.766357,28.838325
2418,d,0.002385,0.008650,0.020000,56.466797,31.035393
2419,sp,0.018754,0.004350,0.018500,63.485596,41.603690
2420,s,0.023128,0.005000,0.019200,6.510254,47.328351
2421,d,0.002385,0.018800,0.020000,13.957275,41.185393
2422,ss,0.018821,0.005000,0.021500,20.698486,45.320769
2423,pss,0.002833,0.006650,0.019200,38.734619,28.682709
2424,spss,0.018655,0.005000,0.020000,47.730469,43.655113
2425,p,0.003780,0.004850,0.018500,19.022217,27.129849
2426,sp,0.018754,0.012450,0.020000,28.711914,51.203690
2427,ps,0.002840,0.004950,0.021500,47.246582,29.289786
2428,dps,0.002445,0.004700,0.019200,56.828613,26.344936
2429,sdps,0.018183,0.005500,0.021500,63.619873,45.182897
2430,s,0.023128,0.004750,0.021500,6.741699,49.378351
2431,ds,0.002343,0.005800,0.019200,14.875732,27.342513
2432,sds,0.018566,0.004350,0.019200,22.365479,42.116086
2433,dsds,0.002713,0.004900,0.021500,29.772705,29.113025
2445,d,0.002385,0.010950,0.020000,21.282227,33.335393
2446,p,0.003780,0.005100,0.022000,41.554443,30.879849
2447,dp,0.002464,0.005250,0.020000,51.040527,27.714344
2448,sdp,0.018492,0.004350,0.022000,57.945068,44.841971
2449,dsdp,0.002604,0.008950,0.018500,65.008057,30.053992
2435,s,0.023128,0.005550,0.018500,11.335693,47.178351
2436,ds,0.002343,0.006050,0.019200,18.668701,27.592513
2437,dds,0.002685,0.005000,0.018500,25.719727,26.185273
2438,ddds,0.002761,0.021000,0.020000,32.776367,43.760792
2450,p,0.003780,0.005100,0.022000,17.627441,30.879849
2451,pp,0.002838,0.004750,0.020000,38.117188,27.588325
2452,dpp,0.002514,0.006600,0.019200,47.870361,28.314416
2453,sdp,0.018492,0.005700,0.020000,55.603271,44.191971
2454,dsdp,0.002604,0.029550,0.021500,63.398193,53.653992
2440,d,0.002385,0.003800,0.022000,6.591797,28.185393
2441,sd,0.018668,0.005400,0.020000,13.483887,44.067773
2442,psd,0.003139,0.006150,0.020000,31.719727,29.288792
2443,sps,0.018360,0.012000,0.022000,40.734619,52.360251
2444,dsps,0.002950,0.004750,0.022000,47.927246,29.700393
2455,p,0.003780,0.004850,0.018500,18.455811,27.129849
2456,sp,0.018754,0.005300,0.019200,27.892822,43.253690
2457,dsp,0.002685,0.007250,0.021500,35.127930,31.434513
2458,sdsp,0.018148,0.006700,0.019200,42.033691,44.048415
2459,dsds,0.002713,0.006550,0.021500,49.163330,30.763025
2460,d,0.002385,0.005450,0.019200,8.106934,27.035393
2461,sd,0.018668,0.006750,0.022000,15.063477,47.417773
2462,dsd,0.002613,0.004500,0.018500,22.273682,25.612551
2463,sdsd,0.018197,0.009450,0.018500,29.177979,46.147164
2464,dsds,0.002713,0.004450,0.019200,36.369385,26.363025
2465,d,0.002385,0.005000,0.022000,6.650879,29.385393
2466,dd,0.002426,0.005450,0.018500,13.817627,26.375915
2467,sdd,0.018511,0.010450,0.020000,20.710938,48.960933
2468,dsdd,0.002830,0.006950,0.018500,28.097168,28.279964
2470,s,0.023128,0.005200,0.020000,21.458496,48.328351
2471,ps,0.002840,0.003700,0.021500,40.183350,28.039786
2472,d,0.002385,0.009200,0.022000,49.482422,33.585393
2473,pps,0.002854,0.005450,0.022000,67.300293,30.304053
2474,dp,0.002464,0.004350,0.019200,76.779541,26.014344
2480,p,0.003780,0.005100,0.020000,33.852295,28.879849
2481,dp,0.002464,0.004750,0.019200,43.545898,26.414344
2482,sdp,0.018492,0.016750,0.020000,50.921875,55.241971
2483,ssdp,0.018187,0.008750,0.018500,58.349121,45.437445
2484,pss,0.002833,0.007900,0.020000,78.032715,30.732709
2475,s,0.023128,0.004650,0.020000,22.817871,47.778351
2476,ss,0.018821,0.005000,0.020000,30.750244,43.820769
2477,dss,0.002842,0.006650,0.020000,37.778076,29.491615
2478,sdss,0.018223,0.004450,0.019200,44.697754,41.872624
2479,s,0.023128,0.011050,0.019200,51.429932,53.378351
2485,p,0.003780,0.004900,0.021500,19.085205,30.179849
2486,pp,0.002838,0.005700,0.018500,39.629639,27.038325
2487,pp,0.002838,0.004650,0.021500,60.574707,28.988325
2488,dp,0.002464,0.005700,0.021500,70.842529,29.664344
2489,sdp,0.018492,0.004000,0.020000,77.946533,42.491971
2495,s,0.023128,0.008600,0.022000,9.895020,53.728351
2496,ps,0.002840,0.004050,0.019200,28.689941,26.089786
2497,dps,0.002445,0.005300,0.022000,38.509521,29.744936
2498,pds,0.003022,0.004400,0.021500,56.803955,28.921933
2499,pp,0.002838,0.004650,0.021500,77.548096,28.988325
2490,p,0.003780,0.004200,0.019200,18.016357,27.179849
2491,sp,0.018754,0.006750,0.021500,27.450439,47.003690
2492,ps,0.002840,0.005450,0.022000,46.091553,30.289786
2493,pps,0.002854,0.004550,0.018500,66.806152,25.904053
2494,spp,0.018537,0.007450,0.018500,76.126221,44.487181
2500,d,0.002385,0.004850,0.018500,23.705811,25.735393
2501,sd,0.018668,0.004200,0.019200,31.713867,42.067773
2502,dsd,0.002613,0.004800,0.018500,39.433105,25.912551
2503,pds,0.003022,0.004750,0.020000,59.913818,27.771933
2504,sps,0.018360,0.010150,0.018500,69.894043,47.010251
2505,d,0.002385,0.005200,0.018500,6.861572,26.085393
2506,pd,0.002977,0.004050,0.022000,25.662842,29.027001
2507,dp,0.002464,0.003500,0.021500,35.055420,27.464344
2508,ddp,0.002502,0.005200,0.020000,42.302734,27.701712
2509,sddp,0.017807,0.005350,0.022000,49.448486,45.156817
2515,s,0.023128,0.006950,0.020000,11.001221,50.078351
2516,ss,0.018821,0.004850,0.021500,17.985107,45.170769
2517,sss,0.019288,0.005850,0.019200,24.860107,44.338093
2518,dsss,0.003039,0.005550,0.021500,32.058105,30.088978
2510,s,0.023128,0.004250,0.022000,8.955566,49.378351
2511,ps,0.002840,0.005600,0.021500,27.277344,29.939786
2512,dps,0.002445,0.005050,0.020000,36.871338,27.494936
2513,pdps,0.002951,0.005450,0.022000,55.075195,30.400740
2514,spd,0.018317,0.005300,0.019200,64.266602,42.817325
2520,s,0.023128,0.003950,0.022000,6.353271,49.078351
2521,p,0.003780,0.014150,0.022000,24.611084,39.929849
2522,ds,0.002343,0.005650,0.022000,34.089111,29.992513
2523,sds,0.018566,0.004600,0.021500,41.032471,44.666086
2524,ssds,0.018930,0.005400,0.021500,47.836426,45.830221
2525,p,0.003780,0.004350,0.022000,21.712891,30.129849
2526,pp,0.002838,0.004850,0.020000,41.983154,27.688325
2527,dpp,0.002514,0.006600,0.022000,51.676514,31.114416
2528,pd,0.002977,0.003950,0.021500,71.277344,28.427001
2529,pp,0.002838,0.003950,0.018500,94.033447,25.288325
2530,s,0.023128,0.003650,0.020000,21.121826,46.778351
2531,ss,0.018821,0.009000,0.018500,28.671387,46.320769
2532,sss,0.019288,0.005450,0.020000,35.435059,44.738093
2533,p,0.003780,0.008750,0.019200,53.663574,31.729849
2534,dsss,0.003039,0.004500,0.019200,62.958740,26.738978
2535,s,0.023128,0.005300,0.021500,14.360596,49.928351
2536,s,0.023128,0.009300,0.022000,23.069824,54.428351
2537,ss,0.018821,0.004450,0.019200,29.787598,42.470769
2538,dss,0.002842,0.005550,0.021500,36.786621,29.891615
2539,ddss,0.002785,0.005450,0.020000,43.870850,28.235416
2540,p,0.003780,0.004500,0.019200,35.463867,27.479849
2541,pp,0.002838,0.004850,0.020000,56.239014,27.688325
2542,sp,0.018754,0.004400,0.018500,65.419189,41.653690
2543,psp,0.002926,0.005700,0.019200,83.565674,27.825658
2544,pps,0.002854,0.004750,0.021500,104.112061,29.104053
2545,d,0.002385,0.010150,0.019200,6.632812,31.735393
2546,dd,0.002426,0.009850,0.022000,13.979492,34.275915
2547,p,0.003780,0.013850,0.018500,32.197754,36.129849
2548,dd,0.002426,0.012050,0.022000,41.883301,36.475915
2549,pd,0.002977,0.003700,0.018500,60.190674,25.177001
2550,d,0.002385,0.004700,0.021500,6.761475,28.585393
2551,s,0.023128,0.007500,0.021500,13.918213,52.128351
2552,sd,0.018668,0.006050,0.021500,20.906250,46.217773
2553,dsd,0.002613,0.004250,0.020000,28.176270,26.862551
2554,pds,0.003022,0.004700,0.020000,46.407959,27.721933
2555,p,0.003780,0.004700,0.020000,19.682129,28.479849
2556,dp,0.002464,0.004900,0.020000,29.413330,27.364344
2557,pd,0.002977,0.004900,0.018500,48.236816,26.377001
2558,s,0.023128,0.008800,0.020000,57.663574,51.928351
2559,sp,0.018754,0.008600,0.022000,64.768555,49.353690
2560,d,0.002385,0.005050,0.021500,23.993652,28.935393
2561,pd,0.002977,0.004150,0.021500,43.699951,28.627001
2562,sp,0.018754,0.005000,0.021500,53.051270,45.253690
2563,psp,0.002926,0.005300,0.021500,71.332764,29.725658
2564,p,0.003780,0.012650,0.021500,91.953369,37.929849
2570,p,0.003780,0.004850,0.019200,33.522705,27.829849
2571,dp,0.002464,0.012050,0.019200,43.192627,33.714344
2572,pdp,0.002932,0.004550,0.019200,61.103027,26.681683
2573,dpd,0.002513,0.009550,0.020000,70.383301,32.062673
2574,pd,0.002977,0.005700,0.020000,88.440186,28.677001
2565,p,0.003780,0.005550,0.018500,17.450195,27.829849
2566,dp,0.002464,0.005100,0.022000,27.033203,29.564344
2567,sdp,0.018492,0.005000,0.021500,34.100830,44.991971
2568,dsdp,0.002604,0.004250,0.021500,41.307129,28.353992
2569,pds,0.003022,0.005000,0.022000,59.578613,30.021933
2575,d,0.002385,0.008000,0.018500,6.851562,28.885393
2576,pd,0.002977,0.005550,0.018500,25.042480,27.027001
2577,dpd,0.002513,0.004150,0.022000,34.331543,28.662673
2578,sdp,0.018492,0.004550,0.019200,41.169922,42.241971
2579,dsdp,0.002604,0.004850,0.022000,48.300293,29.453992
2580,d,0.002385,0.007250,0.022000,21.568604,31.635393
2581,dd,0.002426,0.005150,0.021500,29.148438,29.075915
2582,ddd,0.002493,0.005100,0.018500,36.232178,26.093417
2583,sddd,0.017932,0.004900,0.022000,43.043213,44.831734
2584,d,0.002385,0.012950,0.021500,50.015381,36.835393
2585,p,0.003780,0.005800,0.022000,33.882812,31.579849
2586,sp,0.018754,0.005400,0.020000,43.147705,44.153690
2587,ssp,0.018787,0.006000,0.022000,50.061768,46.787195
2588,dssp,0.002732,0.006300,0.021500,57.303467,30.531810
2589,pdss,0.002957,0.004350,0.022000,75.592041,29.306682
2590,s,0.023128,0.005000,0.020000,23.017578,48.128351
2591,ds,0.002343,0.007300,0.022000,31.026855,31.642513
2592,pds,0.003022,0.005800,0.019200,49.209717,28.021933
2593,pps,0.002854,0.006200,0.022000,69.829834,31.054053
2594,pp,0.002838,0.005400,0.022000,90.121826,30.238325
2595,p,0.003780,0.004400,0.021500,18.080322,29.679849
2596,sp,0.018754,0.005750,0.019200,27.670898,43.703690
2597,psp,0.002926,0.004900,0.021500,46.057617,29.325658
2598,sps,0.018360,0.005000,0.021500,55.458252,44.860251
2599,dsps,0.002950,0.016750,0.020000,62.924072,39.700393
2600,p,0.003780,0.007250,0.018500,17.862061,29.529849
2601,d,0.002385,0.013250,0.019200,27.755127,34.835393
2602,dp,0.002464,0.004250,0.022000,35.809570,28.714344
2603,dd,0.002426,0.009050,0.020000,43.107178,31.475915
2604,pd,0.002977,0.004300,0.022000,61.672607,29.277001
2605,d,0.002385,0.003900,0.020000,18.461182,26.285393
2606,dd,0.002426,0.009450,0.022000,27.577393,33.875915
2607,sdd,0.018511,0.004000,0.019200,35.279053,41.710933
2608,dsdd,0.002830,0.006700,0.019200,43.081055,28.729964
2609,sdsd,0.018197,0.004950,0.021500,50.434326,44.647164
2610,d,0.002385,0.010900,0.019200,23.198486,32.485393
2611,pd,0.002977,0.004350,0.019200,42.189453,26.527001
2612,spd,0.018317,0.008250,0.022000,51.340332,48.567325
2613,dsp,0.002685,0.005450,0.022000,58.399414,30.134513
2614,pds,0.003022,0.005100,0.022000,77.414307,30.121933
2615,d,0.002385,0.008600,0.018500,6.978760,29.485393
2616,sd,0.018668,0.007850,0.021500,14.417480,48.017773
2617,ssd,0.018735,0.005850,0.022000,21.378418,46.584503
2618,pss,0.002833,0.005450,0.022000,39.679688,30.282709
2619,spss,0.018655,0.011100,0.022000,48.938965,51.755113
2620,d,0.002385,0.010250,0.020000,23.516846,32.635393
2621,pd,0.002977,0.005200,0.019200,42.486572,27.377001
2622,pp,0.002838,0.005000,0.018500,62.757080,26.338325
2623,dp,0.002464,0.005150,0.018500,72.014404,26.114344
2624,ddp,0.002502,0.005200,0.021500,79.084473,29.201712
2625,s,0.023128,0.009000,0.021500,6.844238,53.628351
2626,ss,0.018821,0.004750,0.020000,14.135254,43.570769
2627,sss,0.019288,0.004850,0.022000,21.304688,46.138093
2628,ssss,0.018888,0.004750,0.020000,28.326416,43.638175
2635,d,0.002385,0.004650,0.019200,23.386963,26.235393
2636,sd,0.018668,0.009000,0.020000,31.134033,47.667773
2637,dsd,0.002613,0.005000,0.019200,38.547119,26.812551
2638,ddsd,0.002653,0.004950,0.019200,45.784912,26.803469
2639,sdds,0.018154,0.008400,0.020000,52.658447,46.553743
2640,s,0.023128,0.006400,0.020000,23.059326,49.528351
2641,ss,0.018821,0.006700,0.019200,30.824219,44.720769
2642,dss,0.002842,0.004500,0.020000,38.009521,27.341615
2643,d,0.002385,0.007850,0.021500,45.308594,31.735393
2644,pdss,0.002957,0.005600,0.020000,63.641602,28.556682
2630,d,0.002385,0.006400,0.020000,20.848145,28.785393
2631,dd,0.002426,0.005100,0.021500,29.044434,29.025915
2632,ddd,0.002493,0.004750,0.021500,36.452148,28.743417
2633,sddd,0.017932,0.005200,0.020000,43.428955,43.131734
2634,psd,0.003139,0.006000,0.018500,61.666748,27.638792
2645,s,0.023128,0.006950,0.020000,6.488770,50.078351
2646,ds,0.002343,0.006050,0.018500,13.866455,26.892513
2647,pds,0.003022,0.004550,0.022000,32.339111,29.571933
2648,pps,0.002854,0.008550,0.019200,52.883301,30.604053
2649,pp,0.002838,0.005200,0.018500,73.393555,26.538325
2650,s,0.023128,0.004800,0.018500,23.223145,46.428351
2651,ds,0.002343,0.006400,0.019200,31.221191,27.942513
2652,sds,0.018566,0.005850,0.021500,37.987549,45.916086
2653,ssds,0.018930,0.005550,0.022000,44.639893,46.480221
2655,s,0.023128,0.017350,0.018500,9.320068,58.978351
2656,ds,0.002343,0.004100,0.020000,17.661377,26.442513
2657,pds,0.003022,0.004950,0.021500,36.883301,29.471933
2658,pps,0.002854,0.006000,0.022000,57.476807,30.854053
2659,dps,0.002445,0.005700,0.022000,66.881104,30.144936
2660,p,0.003780,0.005350,0.021500,17.565430,30.629849
2661,d,0.002385,0.010700,0.018500,26.957031,31.585393
2662,dp,0.002464,0.004850,0.021500,34.531494,28.814344
2663,sdp,0.018492,0.005200,0.019200,41.724365,42.891971
2664,ssd,0.018735,0.004650,0.019200,48.988037,42.584503
2665,s,0.023128,0.012050,0.021500,23.207275,56.678351
2666,ps,0.002840,0.004850,0.021500,42.650391,29.189786
2667,p,0.003780,0.028000,0.022000,63.452148,53.779849
2668,ss,0.018821,0.003400,0.019200,72.740723,41.420769
2669,ps,0.002840,0.004700,0.022000,91.060791,29.539786
2675,d,0.002385,0.006350,0.021500,11.009277,30.235393
2676,dd,0.002426,0.005050,0.022000,18.450684,29.475915
2677,s,0.023128,0.006200,0.021500,25.585938,50.828351
2678,ps,0.002840,0.017700,0.018500,44.089111,39.039786
2679,s,0.023128,0.005750,0.022000,53.458496,50.878351
2670,p,0.003780,0.006900,0.018500,19.303467,29.179849
2671,sp,0.018754,0.004550,0.022000,28.978516,45.303690
2672,dsp,0.002685,0.005150,0.019200,36.386719,27.034513
2673,pds,0.003022,0.005650,0.018500,54.718994,27.171933
2674,sps,0.018360,0.005450,0.019200,64.419922,43.010251
2680,p,0.003780,0.005000,0.020000,18.741455,28.779849
2681,dp,0.002464,0.004850,0.018500,28.798584,25.814344
2682,p,0.003780,0.008550,0.021500,47.241943,33.829849
2683,d,0.002385,0.007350,0.020000,56.941162,29.735393
2684,dp,0.002464,0.007650,0.022000,64.316895,32.114344
2685,s,0.023128,0.009550,0.022000,23.139404,54.678351
2686,ss,0.018821,0.004250,0.021500,30.418457,44.570769
2687,dss,0.002842,0.004150,0.018500,37.986816,25.491615
2688,ddss,0.002785,0.005250,0.020000,45.753418,28.035416
2690,p,0.003780,0.005650,0.019200,34.941406,28.629849
2691,sp,0.018754,0.004800,0.022000,44.332275,45.553690
2692,ssp,0.018787,0.005100,0.022000,51.317871,45.887195
2693,pss,0.002833,0.005500,0.020000,69.415039,28.332709
2694,spss,0.018655,0.005500,0.020000,78.654785,44.155113
2695,p,0.003780,0.005950,0.021500,34.510986,31.229849
2696,sp,0.018754,0.044000,0.019200,43.807373,81.953690
2697,ssp,0.018787,0.005150,0.022000,50.887451,45.937195
2698,dssp,0.002732,0.005000,0.020000,58.177002,27.731810
2699,pdss,0.002957,0.005100,0.019200,79.507568,27.256682
2700,s,0.023128,0.004800,0.021500,22.109131,49.428351
2701,ps,0.002840,0.004950,0.019200,41.088867,26.989786
2702,dps,0.002445,0.005150,0.021500,50.591553,29.094936
2703,ddps,0.002746,0.004900,0.022000,57.879639,29.645776
2705,p,0.003780,0.006050,0.022000,35.201904,31.829849
2706,dp,0.002464,0.004750,0.020000,44.814209,27.214344
2707,ddp,0.002502,0.010150,0.020000,51.989258,32.651712
2708,pdd,0.003045,0.044000,0.021500,70.173096,68.544804
2709,pp,0.002838,0.004950,0.022000,90.514160,29.788325
2710,p,0.003780,0.004700,0.019200,35.386963,27.679849
2711,dp,0.002464,0.004550,0.022000,45.021240,29.014344
2712,pd,0.002977,0.004300,0.020000,63.597168,27.277001
2713,dpd,0.002513,0.004200,0.018500,73.150146,25.212673
2714,pd,0.002977,0.006000,0.022000,91.086182,30.977001
2715,p,0.003780,0.003850,0.018500,18.062256,26.129849
2716,dp,0.002464,0.003950,0.021500,27.608887,27.914344
2717,pd,0.002977,0.006050,0.018500,45.949219,27.527001
2718,spd,0.018317,0.006400,0.021500,54.991211,46.217325
2719,dsp,0.002685,0.004750,0.021500,62.006348,28.934513
2720,d,0.002385,0.007850,0.018500,23.186523,28.735393
2721,sd,0.018668,0.004400,0.021500,30.776367,44.567773
2722,ssd,0.018735,0.004350,0.021500,37.663086,44.584503
2723,pss,0.002833,0.004300,0.019200,58.014404,26.332709
2724,dpss,0.002761,0.004400,0.018500,67.944336,25.660817
2725,p,0.003780,0.008550,0.020000,35.270020,32.329849
2726,pp,0.002838,0.006200,0.021500,56.053467,30.538325
2727,d,0.002385,0.015600,0.018500,65.740234,36.485393
2728,dp,0.002464,0.005000,0.022000,73.070801,29.464344
2729,pd,0.002977,0.007050,0.018500,91.422363,28.527001
2730,p,0.003780,0.004050,0.019200,20.102783,27.029849
2731,sp,0.018754,0.005350,0.022000,30.303467,46.103690
2732,ps,0.002840,0.004000,0.020000,49.436035,26.839786
2733,pps,0.002854,0.006650,0.021500,70.456299,31.004053
2734,sp,0.018754,0.003850,0.021500,79.791260,44.103690
2735,p,0.003780,0.005000,0.019200,27.823730,27.979849
2736,s,0.023128,0.017100,0.019200,37.010742,59.428351
2737,pp,0.002838,0.004450,0.020000,54.956543,27.288325
2738,pp,0.002838,0.004700,0.018500,75.182129,26.038325
2739,pp,0.002838,0.007400,0.019200,95.566162,29.438325
2750,d,0.002385,0.004550,0.020000,6.942627,26.935393
2751,pd,0.002977,0.007250,0.019200,25.983154,29.427001
2752,s,0.023128,0.011100,0.019200,35.242188,53.428351
2753,sp,0.018754,0.004800,0.018500,41.959961,42.053690
2754,ps,0.002840,0.004450,0.022000,60.067627,29.289786
2740,d,0.002385,0.004500,0.021500,21.572266,28.385393
2741,pd,0.002977,0.004350,0.019200,40.582764,26.527001
2742,sp,0.018754,0.005150,0.020000,49.960938,43.903690
2743,ssp,0.018787,0.004450,0.021500,57.011963,44.737195
2744,pss,0.002833,0.004550,0.021500,75.553223,28.882709
2745,d,0.002385,0.004600,0.022000,6.831055,28.985393
2746,sd,0.018668,0.014000,0.021500,14.160889,54.167773
2747,dsd,0.002613,0.010350,0.018500,21.439697,31.462551
2748,pds,0.003022,0.005050,0.021500,39.616943,29.571933
2749,pps,0.002854,0.003850,0.019200,61.021973,25.904053
2755,p,0.003780,0.017750,0.022000,17.760742,43.529849
2756,s,0.023128,0.004500,0.022000,27.213135,49.628351
2757,ps,0.002840,0.005200,0.022000,45.709473,30.039786
2758,sps,0.018360,0.004900,0.018500,55.237793,41.760251
2759,dsps,0.002950,0.004800,0.018500,62.503418,26.250393
2760,p,0.003780,0.004950,0.021500,17.707275,30.229849
2761,dp,0.002464,0.015550,0.018500,27.454590,36.514344
2762,p,0.003780,0.012100,0.018500,45.669678,34.379849
2763,p,0.003780,0.005400,0.020000,65.812012,29.179849
2764,pp,0.002838,0.004500,0.021500,86.051514,28.838325
2765,d,0.002385,0.010050,0.021500,6.583740,33.935393
2766,s,0.023128,0.006450,0.018500,13.460205,48.078351
2767,ss,0.018821,0.004250,0.018500,20.324219,41.570769
2768,pss,0.002833,0.005250,0.018500,38.473877,26.582709
2769,ppss,0.002998,0.004700,0.019200,59.028320,26.897567
2770,d,0.002385,0.004450,0.019200,6.626465,26.035393
2771,sd,0.018668,0.022500,0.020000,13.570557,61.167773
2772,dsd,0.002613,0.004600,0.020000,21.030029,27.212551
2773,sdsd,0.018197,0.004350,0.021500,28.228271,44.047164
2774,psds,0.002945,0.007250,0.021500,46.860840,31.695423
2780,d,0.002385,0.005200,0.022000,6.873535,29.585393
2781,dd,0.002426,0.005700,0.020000,14.332520,28.125915
2782,pdd,0.003045,0.006750,0.019200,32.908691,28.994804
2783,sp,0.018754,0.005050,0.018500,42.626953,42.303690
2784,ssp,0.018787,0.005200,0.022000,50.210938,45.987195
2775,s,0.023128,0.007300,0.020000,6.654053,50.428351
2776,ss,0.018821,0.007850,0.018500,13.822266,45.170769
2777,sss,0.019288,0.005000,0.022000,21.007812,46.288093
2778,s,0.023128,0.023650,0.018500,28.100098,65.278351
2779,ps,0.002840,0.010650,0.022000,46.340576,35.489786
2785,s,0.023128,0.004800,0.019200,8.587646,47.128351
2786,ps,0.002840,0.005350,0.021500,29.670410,29.689786
2787,pps,0.002854,0.004250,0.018500,53.314697,25.604053
2788,pp,0.002838,0.009550,0.018500,74.360107,30.888325
2789,sp,0.018754,0.004050,0.020000,83.692627,42.803690
2795,p,0.003780,0.005750,0.020000,17.677246,29.529849
2796,sp,0.018754,0.004950,0.022000,27.239746,45.703690
2797,psp,0.002926,0.004450,0.020000,45.582031,27.375658
2798,dps,0.002445,0.006000,0.022000,55.184814,30.444936
2799,pd,0.002977,0.005050,0.019200,73.555176,27.227001
2790,d,0.002385,0.004300,0.019200,7.073242,25.885393
2791,sd,0.018668,0.004800,0.018500,14.486084,41.967773
2792,ssd,0.018735,0.004850,0.018500,21.411133,42.084503
2793,sssd,0.017999,0.005800,0.019200,28.385010,42.998568
2794,ssss,0.018888,0.013100,0.019200,35.358398,51.188175
2800,p,0.003780,0.003650,0.021500,35.992920,28.929849
2801,sp,0.018754,0.008500,0.022000,45.815674,49.253690
2802,ps,0.002840,0.004850,0.019200,65.250732,26.889786
2803,sps,0.018360,0.004300,0.018500,75.187256,41.160251
2804,ps,0.002840,0.004800,0.021500,96.806641,29.139786
2805,p,0.003780,0.004150,0.019200,21.421631,27.129849
2806,pp,0.002838,0.005400,0.022000,42.039062,30.238325
2807,pp,0.002838,0.005850,0.022000,62.974854,30.688325
2808,pp,0.002838,0.004850,0.019200,83.592285,26.888325
2809,pp,0.002838,0.004750,0.018500,104.645752,26.088325
2810,s,0.023128,0.005750,0.020000,6.513184,48.878351
2811,ds,0.002343,0.004550,0.021500,14.100342,28.392513
2812,dds,0.002685,0.005650,0.019200,21.510254,27.535273
2813,pdds,0.002946,0.004750,0.022000,40.237305,29.695651
2814,pp,0.002838,0.009100,0.018500,60.415771,30.438325
2815,s,0.023128,0.005850,0.021500,10.118652,50.478351
2816,ss,0.018821,0.005850,0.019200,17.080322,43.870769
2817,dss,0.002842,0.004500,0.021500,24.242676,28.841615
2818,sdss,0.018223,0.005250,0.021500,31.144287,44.972624
2820,p,0.003780,0.004950,0.019200,35.136719,27.929849
2821,pp,0.002838,0.007900,0.021500,55.256104,32.238325
2822,pp,0.002838,0.004850,0.021500,75.699463,29.188325
2823,spp,0.018537,0.009750,0.021500,85.000977,49.787181
2824,s,0.023128,0.024450,0.018500,91.993896,66.078351
2825,p,0.003780,0.005650,0.022000,35.190918,31.429849
2826,pp,0.002838,0.004850,0.019200,55.635254,26.888325
2827,dpp,0.002514,0.004850,0.021500,65.226074,28.864416
2828,pd,0.002977,0.004850,0.020000,83.529785,27.827001
2829,d,0.002385,0.019800,0.021500,92.939209,43.685393
2835,p,0.003780,0.015550,0.018500,31.095215,37.829849
2836,dp,0.002464,0.003900,0.019200,40.504883,25.564344
2837,ddp,0.002502,0.004500,0.018500,47.607422,25.501712
2838,p,0.003780,0.027700,0.022000,65.734375,53.479849
2839,s,0.023128,0.008950,0.020000,75.472412,52.078351
2840,d,0.002385,0.004500,0.020000,13.829834,26.885393
2841,dd,0.002426,0.006950,0.021500,21.732422,30.875915
2842,sdd,0.018511,0.004500,0.019200,28.561279,42.210933
2843,psd,0.003139,0.004800,0.019200,46.615479,27.138792
2844,dps,0.002445,0.004450,0.021500,55.979492,28.394936
2830,d,0.002385,0.008950,0.021500,10.115234,32.835393
2831,dd,0.002426,0.005750,0.018500,17.409424,26.675915
2832,ddd,0.002493,0.005100,0.019200,27.912354,26.793417
2833,d,0.002385,0.007600,0.019200,36.384766,29.185393
2834,ddd,0.002493,0.004350,0.019200,43.632080,26.043417
2845,d,0.002385,0.011700,0.018500,6.533691,32.585393
2846,pd,0.002977,0.004900,0.021500,24.861328,29.377001
2847,pp,0.002838,0.004800,0.019200,44.951172,26.838325
2848,dp,0.002464,0.005600,0.022000,54.455566,30.064344
2849,pd,0.002977,0.005850,0.019200,72.573975,28.027001
2850,d,0.002385,0.008450,0.022000,6.516602,32.835393
2851,sd,0.018668,0.003800,0.019200,13.377930,41.667773
2852,ssd,0.018735,0.005350,0.019200,20.212646,43.284503
2853,pssd,0.002940,0.004550,0.021500,38.700439,28.989578
2854,pps,0.002854,0.004500,0.019200,59.035645,26.554053
2855,d,0.002385,0.006300,0.022000,14.195557,30.685393
2856,dd,0.002426,0.006350,0.022000,21.582520,30.775915
2857,pdd,0.003045,0.004850,0.022000,39.906738,29.894804
2858,spd,0.018317,0.005250,0.018500,49.286133,42.067325
2859,dsp,0.002685,0.005950,0.019200,56.533447,27.834513
2860,s,0.023128,0.006750,0.021500,11.324951,51.378351
2861,ss,0.018821,0.009100,0.021500,18.218750,49.420769
2862,dss,0.002842,0.005450,0.022000,25.468018,30.291615
2863,ddss,0.002785,0.006000,0.019200,32.710205,27.985416
2865,p,0.003780,0.005450,0.020000,35.672852,29.229849
2866,dp,0.002464,0.014000,0.020000,45.001221,36.464344
2867,ddp,0.002502,0.006400,0.020000,52.083496,28.901712
2868,sddp,0.017807,0.004800,0.022000,58.904297,44.606817
2869,dsdd,0.002830,0.021000,0.021500,65.893066,45.329964
2870,p,0.003780,0.003800,0.022000,35.409424,29.579849
2871,sp,0.018754,0.005500,0.020000,44.496338,44.253690
2872,s,0.023128,0.007550,0.018500,51.180664,49.178351
2873,ps,0.002840,0.008950,0.018500,69.414551,30.289786
2874,ps,0.002840,0.017700,0.019200,89.962891,39.739786
2875,d,0.002385,0.006300,0.022000,6.900391,30.685393
2876,sd,0.018668,0.009500,0.021500,14.383545,49.667773
2877,ssd,0.018735,0.003800,0.021500,21.236816,44.034503
2878,pss,0.002833,0.004400,0.018500,39.537598,25.732709
2879,dpss,0.002761,0.003900,0.019200,48.843506,25.860817
2880,s,0.023128,0.004300,0.021500,6.532227,48.928351
2881,ds,0.002343,0.004150,0.021500,14.239014,27.992513
2882,sds,0.018566,0.003800,0.022000,21.218262,44.366086
2883,dsds,0.002713,0.007850,0.018500,28.400879,29.063025
2884,d,0.002385,0.016700,0.022000,35.571289,41.085393
2890,s,0.023128,0.014000,0.019200,22.909424,56.328351
2891,ds,0.002343,0.004450,0.022000,30.818848,28.792513
2892,pds,0.003022,0.004150,0.018500,49.022705,25.671933
2893,dpds,0.002826,0.005650,0.019200,58.295654,27.675574
2894,ddps,0.002746,0.006200,0.020000,65.392822,28.945776
2885,d,0.002385,0.005800,0.018500,7.869141,26.685393
2886,d,0.002385,0.035950,0.019200,16.764160,57.535393
2887,dd,0.002426,0.007350,0.021500,24.584961,31.275915
2888,ddd,0.002493,0.005150,0.020000,32.269531,27.643417
2889,pdd,0.003045,0.006050,0.018500,51.263184,27.594804
2900,d,0.002385,0.004500,0.021500,6.792969,28.385393
2901,dd,0.002426,0.006300,0.022000,14.556396,30.725915
2902,sdd,0.018511,0.014000,0.018500,21.652100,51.010933
2903,dsdd,0.002830,0.021000,0.019200,28.870605,43.029964
2904,sdsd,0.018197,0.005200,0.020000,35.985352,43.397164
2895,s,0.023128,0.006350,0.020000,17.439209,49.478351
2896,ds,0.002343,0.005750,0.018500,25.270752,26.592513
2897,sds,0.018566,0.004400,0.018500,32.962646,41.466086
2898,ssds,0.018930,0.004400,0.018500,40.843018,41.830221
2905,d,0.002385,0.012350,0.019200,23.743652,33.935393
2906,s,0.023128,0.004750,0.020000,31.265625,47.878351
2907,ps,0.002840,0.010550,0.018500,49.577393,31.889786
2908,dps,0.002445,0.005150,0.022000,59.258789,29.594936
2909,sdps,0.018183,0.004950,0.018500,66.229492,41.632897
2910,d,0.002385,0.005000,0.020000,22.746826,27.385393
2911,sd,0.018668,0.012450,0.018500,30.328369,49.617773
2912,dsd,0.002613,0.004700,0.021500,37.576660,28.812551
2913,pds,0.003022,0.016750,0.021500,56.042725,41.271933
2914,p,0.003780,0.011000,0.022000,76.749512,36.779849
2915,d,0.002385,0.005150,0.019200,23.377686,26.735393
2916,pd,0.002977,0.004700,0.018500,42.332031,26.177001
2917,sp,0.018754,0.014100,0.020000,51.432617,52.853690
2918,ps,0.002840,0.003950,0.021500,69.782227,28.289786
2919,dps,0.002445,0.007850,0.021500,79.209473,31.794936
2920,p,0.003780,0.005700,0.022000,29.416748,31.479849
2921,sp,0.018754,0.006550,0.020000,38.575928,45.303690
2922,ssp,0.018787,0.004500,0.018500,45.427002,41.787195
2923,dssp,0.002732,0.005150,0.019200,52.625244,27.081810
2924,pdss,0.002957,0.004300,0.020000,71.260986,27.256682
2930,d,0.002385,0.005550,0.020000,24.946289,27.935393
2931,dd,0.002426,0.006050,0.020000,32.601562,28.475915
2932,d,0.002385,0.008750,0.019200,39.914551,30.335393
2933,pd,0.002977,0.004300,0.019200,58.390137,26.477001
2934,sp,0.018754,0.017350,0.021500,67.584717,57.603690
2925,d,0.002385,0.004500,0.019200,22.763672,26.085393
2926,dd,0.002426,0.005350,0.020000,30.584961,27.775915
2927,sdd,0.018511,0.003950,0.020000,37.595947,42.460933
2928,ssdd,0.018091,0.004500,0.021500,44.341064,44.091216
2929,sssd,0.017999,0.005200,0.021500,51.100830,44.698568
2935,s,0.023128,0.006500,0.020000,9.607178,49.628351
2936,ss,0.018821,0.004150,0.019200,20.193359,42.170769
2937,sss,0.019288,0.004350,0.019200,29.937988,42.838093
2938,dsss,0.003039,0.003800,0.022000,37.323975,28.838978
2939,d,0.002385,0.012100,0.021500,44.475098,35.985393
2940,p,0.003780,0.008450,0.020000,17.968750,32.229849
2941,dp,0.002464,0.004150,0.022000,27.648193,28.614344
2942,pdp,0.002932,0.009500,0.022000,45.988281,34.431683
2943,pp,0.002838,0.005350,0.021500,66.217285,29.688325
2944,spp,0.018537,0.004450,0.018500,75.329590,41.487181
2945,s,0.023128,0.004500,0.019200,23.177734,46.828351
2946,p,0.003780,0.007150,0.022000,42.379639,32.929849
2947,ds,0.002343,0.016750,0.021500,51.814453,40.592513
2948,sds,0.018566,0.006050,0.022000,58.649658,46.616086
2949,psd,0.003139,0.005400,0.022000,76.893799,30.538792
2955,s,0.023128,0.005100,0.018500,12.060791,46.728351
2956,ds,0.002343,0.005050,0.021500,19.316895,28.892513
2957,s,0.023128,0.015150,0.020000,26.129883,58.278351
2958,sds,0.018566,0.005300,0.022000,33.399658,45.866086
2959,dsds,0.002713,0.005100,0.022000,41.109619,29.813025
2950,p,0.003780,0.005650,0.021500,18.047363,30.929849
2951,pp,0.002838,0.004900,0.019200,38.848145,26.938325
2952,pp,0.002838,0.004550,0.019200,59.384766,26.588325
2953,pp,0.002838,0.004900,0.019200,79.699463,26.938325
2954,dp,0.002464,0.005400,0.019200,89.005859,27.064344
2965,s,0.023128,0.006700,0.019200,6.336670,49.028351
2966,ss,0.018821,0.005450,0.022000,13.283936,46.270769
2967,pss,0.002833,0.004450,0.019200,31.599854,26.482709
2968,spss,0.018655,0.005600,0.022000,40.811523,46.255113
2960,d,0.002385,0.003900,0.021500,6.616455,27.785393
2961,dd,0.002426,0.005150,0.018500,13.800293,26.075915
2962,sdd,0.018511,0.004250,0.018500,20.713379,41.260933
2963,psd,0.003139,0.004800,0.022000,39.260010,29.938792
2964,dps,0.002445,0.004550,0.022000,48.791992,28.994936
2970,p,0.003780,0.003950,0.021500,21.209473,29.229849
2971,sp,0.018754,0.017750,0.022000,30.395752,58.503690
2972,ssp,0.018787,0.004850,0.021500,37.401367,45.137195
2973,dssp,0.002732,0.003700,0.022000,44.679932,28.431810
2974,s,0.023128,0.011400,0.020000,51.769287,54.528351
2975,s,0.023128,0.006700,0.018500,11.659424,48.328351
2976,ds,0.002343,0.014100,0.020000,19.490234,36.442513
2977,dds,0.002685,0.006650,0.022000,27.757568,31.335273
2978,ddds,0.002761,0.014000,0.018500,35.700195,35.260792
2980,p,0.003780,0.005900,0.019200,19.293213,28.879849
2981,pp,0.002838,0.005350,0.021500,43.040771,29.688325
2982,pp,0.002838,0.005750,0.021500,64.833984,30.088325
2983,sp,0.018754,0.016900,0.019200,74.503662,54.853690
2984,dsp,0.002685,0.007050,0.022000,81.910156,31.734513
2985,p,0.003780,0.005100,0.022000,18.218750,30.879849
2986,pp,0.002838,0.004700,0.020000,38.897949,27.538325
2987,dpp,0.002514,0.005250,0.020000,48.514160,27.764416
2988,sdp,0.018492,0.004650,0.020000,55.674805,43.141971
2989,ssdp,0.018187,0.008450,0.019200,62.819336,45.837445
2990,s,0.023128,0.004300,0.021500,6.446289,48.928351
2991,ss,0.018821,0.003650,0.022000,13.377930,44.470769
2992,sss,0.019288,0.004900,0.020000,20.428955,44.188093
2993,ssss,0.018888,0.013500,0.021500,27.461182,53.888175
2994,d,0.002385,0.014800,0.020000,34.754395,37.185393
2995,d,0.002385,0.004650,0.019200,11.028076,26.235393
2996,pd,0.002977,0.004500,0.019200,33.176270,26.677001
2997,pp,0.002838,0.005550,0.018500,56.189697,26.888325
2998,pp,0.002838,0.008400,0.018500,77.951172,29.738325
2999,pp,0.002838,0.010150,0.019200,99.287354,32.188325
3000,d,0.002385,0.004600,0.019200,7.938477,26.185393
3001,pd,0.002977,0.006750,0.019200,26.793457,28.927001
3002,d,0.002385,0.012350,0.020000,36.787598,34.735393
3003,sd,0.018668,0.033200,0.020000,44.081787,71.867773
3004,sp,0.018754,0.004700,0.019200,51.324951,42.653690
3005,d,0.002385,0.004450,0.020000,23.636719,26.835393
3006,sd,0.018668,0.007350,0.021500,31.259033,47.517773
3007,dsd,0.002613,0.005100,0.021500,38.411377,29.212551
3008,ddsd,0.002653,0.005050,0.018500,45.707275,26.203469
3009,ddds,0.002761,0.004500,0.019200,53.009277,26.460792
3010,d,0.002385,0.005950,0.021500,6.737061,29.835393
3011,pd,0.002977,0.008250,0.019200,25.228760,30.427001
3012,dpd,0.002513,0.004850,0.018500,35.133545,25.862673
3013,pdp,0.002932,0.005400,0.022000,53.787598,30.331683
3014,dp,0.002464,0.004400,0.020000,63.422119,26.864344
3015,s,0.023128,0.006000,0.019200,6.541504,48.328351
3016,ps,0.002840,0.007450,0.019200,24.979980,29.489786
3017,sps,0.018360,0.013000,0.019200,33.950439,50.560251
3018,psps,0.002923,0.006300,0.019200,51.976074,28.422585
3019,sps,0.018360,0.005150,0.021500,61.041992,45.010251
3020,d,0.002385,0.005650,0.020000,6.949707,28.035393
3021,sd,0.018668,0.004550,0.018500,14.421143,41.717773
3022,dsd,0.002613,0.017350,0.020000,22.189209,39.962551
3023,pds,0.003022,0.004500,0.018500,42.261230,26.021933
3024,dpds,0.002826,0.004550,0.022000,52.899414,29.375574
3025,p,0.003780,0.005300,0.018500,17.759033,27.579849
3026,sp,0.018754,0.005650,0.022000,26.792725,46.403690
3027,psp,0.002926,0.044000,0.022000,44.719727,68.925658
3028,dps,0.002445,0.004250,0.022000,54.075928,28.694936
3029,ddps,0.002746,0.004250,0.022000,61.136230,28.995776
3035,s,0.023128,0.004100,0.018500,6.440918,45.728351
3036,ds,0.002343,0.005750,0.019200,14.995117,27.292513
3037,pds,0.003022,0.004550,0.021500,33.167236,29.071933
3038,dps,0.002445,0.010000,0.019200,42.411133,31.644936
3039,ddps,0.002746,0.007050,0.020000,49.910400,29.795776
3030,d,0.002385,0.007450,0.022000,9.479248,31.835393
3031,s,0.023128,0.005750,0.020000,16.358154,48.878351
3032,dd,0.002426,0.005200,0.022000,23.274170,29.625915
3033,pdd,0.003045,0.004800,0.018500,41.208496,26.344804
3034,spd,0.018317,0.005350,0.022000,50.100098,45.667325
3050,d,0.002385,0.007250,0.022000,11.369385,31.635393
3051,pd,0.002977,0.004450,0.018500,29.766846,25.927001
3052,pp,0.002838,0.005600,0.020000,51.405273,28.438325
3053,pp,0.002838,0.005450,0.021500,74.264893,29.788325
3054,pp,0.002838,0.004200,0.018500,96.535889,25.538325
3040,s,0.023128,0.004150,0.019200,22.784668,46.478351
3041,ps,0.002840,0.004800,0.021500,42.211914,29.139786
3042,dps,0.002445,0.005300,0.019200,51.885986,26.944936
3043,pdp,0.002932,0.005650,0.019200,71.061035,27.781683
3044,sp,0.018754,0.014100,0.019200,80.899170,52.053690
3045,p,0.003780,0.013000,0.020000,35.045898,36.779849
3046,dp,0.002464,0.009100,0.021500,44.649658,33.064344
3047,pdp,0.002932,0.005200,0.020000,62.875000,28.131683
3048,pp,0.002838,0.004800,0.021500,83.312256,29.138325
3049,pp,0.002838,0.012450,0.019200,104.325195,34.488325
3055,d,0.002385,0.005750,0.020000,19.951172,28.135393
3056,sd,0.018668,0.006400,0.020000,27.295654,45.067773
3057,ssd,0.018735,0.004350,0.022000,34.155762,45.084503
3058,d,0.002385,0.012800,0.018500,41.345703,33.685393
3059,sss,0.019288,0.006750,0.022000,48.258301,48.038093
3060,d,0.002385,0.005800,0.022000,6.720459,30.185393
3061,dd,0.002426,0.005150,0.020000,14.124268,27.575915
3062,pdd,0.003045,0.005050,0.018500,32.873535,26.594804
3063,sp,0.018754,0.007650,0.019200,42.169434,45.603690
3064,ssp,0.018787,0.007250,0.018500,49.235840,44.537195
3065,p,0.003780,0.004300,0.021500,18.227783,29.579849
3066,dp,0.002464,0.006000,0.021500,27.716797,29.964344
3067,pdp,0.002932,0.006350,0.021500,46.180176,30.781683
3068,dpd,0.002513,0.005350,0.018500,55.599609,26.362673
3069,pdp,0.002932,0.004750,0.019200,73.717773,26.881683
3070,s,0.023128,0.004150,0.019200,22.825684,46.478351
3071,ds,0.002343,0.005450,0.020000,30.669678,27.792513
3072,pds,0.003022,0.006000,0.022000,48.807617,31.021933
3073,dpds,0.002826,0.010000,0.018500,58.030762,31.325574
3074,ddps,0.002746,0.004550,0.021500,65.072021,28.795776
3080,p,0.003780,0.003900,0.021500,18.006348,29.179849
3081,dp,0.002464,0.004700,0.018500,27.325684,25.664344
3082,pdp,0.002932,0.005150,0.018500,45.326904,26.581683
3083,pp,0.002838,0.004850,0.019200,65.586182,26.888325
3084,p,0.003780,0.010900,0.022000,85.631348,36.679849
3075,d,0.002385,0.005100,0.018500,6.660400,25.985393
3076,sd,0.018668,0.004600,0.020000,13.587402,43.267773
3077,ssd,0.018735,0.004100,0.019200,20.335449,42.034503
3078,sssd,0.017999,0.004950,0.021500,27.130615,44.448568
3079,dsss,0.003039,0.004700,0.019200,34.714111,26.938978
3085,d,0.002385,0.004600,0.020000,6.812256,26.985393
3086,sd,0.018668,0.004300,0.018500,13.834229,41.467773
3087,dsd,0.002613,0.005850,0.020000,21.239258,28.462551
3088,pds,0.003022,0.004500,0.020000,40.406738,27.521933
3089,sps,0.018360,0.005500,0.021500,49.716309,45.360251
3090,p,0.003780,0.004350,0.022000,17.740967,30.129849
3091,dp,0.002464,0.005200,0.020000,27.235840,27.664344
3092,pdp,0.002932,0.004950,0.022000,45.389404,29.881683
3093,spd,0.018317,0.005750,0.018500,54.588135,42.567325
3094,psp,0.002926,0.010250,0.020000,72.824707,33.175658
3095,d,0.002385,0.004800,0.022000,8.491455,29.185393
3096,dd,0.002426,0.017750,0.021500,17.522461,41.675915
3097,sdd,0.018511,0.004150,0.021500,24.700195,44.160933
3098,ssdd,0.018091,0.005500,0.021500,31.499023,45.091216
3099,pssd,0.002940,0.005000,0.021500,49.666016,29.439578
3100,s,0.023128,0.006050,0.020000,7.126465,49.178351
3101,ps,0.002840,0.004850,0.020000,27.649658,27.689786
3102,dps,0.002445,0.003650,0.020000,37.482910,26.094936
3103,ddps,0.002746,0.004900,0.021500,44.715088,29.145776
3104,s,0.023128,0.021150,0.020000,51.907471,64.278351
3105,p,0.003780,0.006700,0.019200,17.713867,29.679849
3106,pp,0.002838,0.004100,0.021500,38.499512,28.438325
3107,dp,0.002464,0.004800,0.022000,48.004639,29.264344
3108,pdp,0.002932,0.010000,0.020000,66.416748,32.931683
3109,pp,0.002838,0.016900,0.022000,86.851562,41.738325
3110,p,0.003780,0.004650,0.019200,18.151855,27.629849
3111,d,0.002385,0.011050,0.019200,27.984131,32.635393
3112,p,0.003780,0.004450,0.020000,46.551758,28.229849
3113,pp,0.002838,0.004350,0.020000,67.325439,27.188325
3114,dp,0.002464,0.004650,0.022000,76.922119,29.114344
3115,s,0.023128,0.005450,0.019200,19.653809,47.778351
3116,ds,0.002343,0.006400,0.021500,27.497803,30.242513
3117,dds,0.002685,0.004300,0.022000,34.695557,28.985273
3118,pdds,0.002946,0.004350,0.019200,53.135010,26.495651
3119,spds,0.018151,0.004600,0.020000,63.040527,42.750699
3120,p,0.003780,0.008950,0.018500,34.035645,31.229849
3121,pp,0.002838,0.004950,0.020000,54.762695,27.788325
3122,spp,0.018537,0.005050,0.022000,63.815430,45.587181
3123,dsp,0.002685,0.004900,0.021500,70.908447,29.084513
3124,pds,0.003022,0.003800,0.020000,89.727295,26.821933
3125,d,0.002385,0.007850,0.018500,9.266846,28.735393
3126,pd,0.002977,0.004100,0.018500,27.567627,25.577001
3127,dpd,0.002513,0.007300,0.020000,36.905029,29.812673
3128,pd,0.002977,0.004450,0.020000,55.217285,27.427001
3129,spd,0.018317,0.004650,0.022000,64.387451,44.967325
3130,s,0.023128,0.006200,0.021500,15.335938,50.828351
3131,ds,0.002343,0.005200,0.020000,22.977051,27.542513
3132,s,0.023128,0.011500,0.021500,29.744141,56.128351
3133,pds,0.003022,0.005750,0.021500,47.757324,30.271933
3134,pp,0.002838,0.005150,0.020000,67.826172,27.988325
3135,d,0.002385,0.006450,0.019200,10.697021,28.035393
3136,dd,0.002426,0.005000,0.019200,19.036133,26.625915
3137,ddd,0.002493,0.004900,0.021500,26.731934,28.893417
3138,pd,0.002977,0.004500,0.018500,46.288330,25.977001
3139,dp,0.002464,0.014300,0.022000,56.212158,38.764344
3140,p,0.003780,0.004450,0.021500,35.406494,29.729849
3141,pp,0.002838,0.005100,0.018500,55.998535,26.438325
3142,dp,0.002464,0.012050,0.021500,65.312500,36.014344
3143,sdp,0.018492,0.004950,0.022000,72.085205,45.441971
3144,ssdp,0.018187,0.004550,0.018500,79.039062,41.237445
3145,p,0.003780,0.035450,0.019200,18.388916,58.429849
3146,s,0.023128,0.010900,0.019200,27.811035,53.228351
3147,ss,0.018821,0.006350,0.022000,34.720459,47.170769
3148,pss,0.002833,0.003950,0.018500,53.214111,25.282709
3149,ppss,0.002998,0.004450,0.019200,73.609131,26.647567
3150,d,0.002385,0.011100,0.019200,12.300537,32.685393
3151,pd,0.002977,0.005950,0.021500,30.595215,30.427001
3152,dpd,0.002513,0.007850,0.020000,39.820557,30.362673
3153,ddp,0.002502,0.004400,0.020000,46.818115,26.901712
3154,sddp,0.017807,0.006650,0.022000,53.618652,46.456817
3155,d,0.002385,0.004650,0.018500,6.734863,25.535393
3156,pd,0.002977,0.006550,0.021500,24.833984,31.027001
3157,dp,0.002464,0.004650,0.022000,34.038330,29.114344
3158,ddp,0.002502,0.009550,0.018500,41.051514,30.551712
3159,dddp,0.002699,0.010000,0.018500,48.107178,31.199161
3160,d,0.002385,0.006050,0.018500,20.487305,26.935393
3161,sd,0.018668,0.005850,0.019200,28.430664,43.717773
3162,psd,0.003139,0.004300,0.022000,46.441406,29.438792
3163,sps,0.018360,0.004900,0.020000,55.422852,43.260251
3164,psp,0.002926,0.005100,0.022000,73.685303,30.025658
3165,p,0.003780,0.008000,0.022000,17.632568,33.779849
3166,pp,0.002838,0.004450,0.020000,38.792480,27.288325
3167,pp,0.002838,0.006000,0.022000,59.787109,30.838325
3168,dp,0.002464,0.008500,0.019200,69.700684,30.164344
3169,ddp,0.002502,0.006000,0.019200,77.082275,27.701712
3170,s,0.023128,0.004800,0.020000,14.283691,47.928351
3171,ps,0.002840,0.005000,0.020000,34.605225,27.839786
3172,pps,0.002854,0.005200,0.021500,56.849365,29.554053
3173,sp,0.018754,0.004800,0.022000,66.517090,45.553690
3174,dsp,0.002685,0.007300,0.022000,73.915527,31.984513
3175,d,0.002385,0.007900,0.019200,6.644531,29.485393
3176,dd,0.002426,0.004250,0.021500,14.023438,28.175915
3177,pdd,0.003045,0.004300,0.020000,32.449219,27.344804
3178,spd,0.018317,0.003850,0.018500,41.764404,40.667325
3179,psp,0.002926,0.004950,0.022000,59.753418,29.875658
3180,p,0.003780,0.008500,0.020000,32.898193,32.279849
3181,dp,0.002464,0.006600,0.022000,42.192871,31.064344
3182,sdp,0.018492,0.006700,0.018500,48.936035,43.691971
3183,ssdp,0.018187,0.007250,0.021500,55.736328,46.937445
3185,d,0.002385,0.012050,0.021500,6.854004,35.935393
3186,pd,0.002977,0.005000,0.020000,25.148193,27.977001
3187,dpd,0.002513,0.007850,0.022000,34.420410,32.362673
3188,ddpd,0.002829,0.005500,0.020000,41.799072,28.328765
3189,s,0.023128,0.009000,0.018500,48.629883,50.628351
3195,p,0.003780,0.004800,0.018500,17.808105,27.079849
3196,sp,0.018754,0.006000,0.018500,27.134766,43.253690
3197,ps,0.002840,0.010350,0.020000,46.314209,33.189786
3198,sps,0.018360,0.005300,0.020000,56.300781,43.660251
3199,psp,0.002926,0.005250,0.020000,76.262207,28.175658
3190,p,0.003780,0.004750,0.022000,17.803711,30.529849
3191,dp,0.002464,0.004550,0.020000,27.285156,27.014344
3192,p,0.003780,0.007550,0.019200,45.641602,30.529849
3193,sp,0.018754,0.021000,0.020000,54.843018,59.753690
3194,d,0.002385,0.004200,0.020000,61.882080,26.585393
3200,d,0.002385,0.014300,0.021500,18.188965,38.185393
3201,s,0.023128,0.006400,0.020000,25.508301,49.528351
3202,ds,0.002343,0.005600,0.019200,32.459229,27.142513
3203,dds,0.002685,0.003950,0.022000,39.474365,28.635273
3204,ddds,0.002761,0.004450,0.019200,46.482666,26.410792
3210,p,0.003780,0.004650,0.019200,17.775879,27.629849
3211,sp,0.018754,0.005100,0.019200,26.842285,43.053690
3212,dsp,0.002685,0.004500,0.021500,33.977295,28.684513
3213,ddsp,0.002864,0.005250,0.022000,41.041504,30.113565
3214,ddds,0.002761,0.006950,0.020000,48.095703,29.710792
3205,p,0.003780,0.005200,0.020000,17.755371,28.979849
3206,dp,0.002464,0.013100,0.021500,27.584717,37.064344
3207,ddp,0.002502,0.005000,0.019200,34.858887,26.701712
3208,pdd,0.003045,0.005550,0.021500,53.623779,30.094804
3209,pp,0.002838,0.009850,0.020000,75.961914,32.688325
3215,d,0.002385,0.009750,0.022000,6.665527,34.135393
3216,sd,0.018668,0.004150,0.018500,13.609375,41.317773
3217,ssd,0.018735,0.004650,0.021500,20.548340,44.884503
3218,d,0.002385,0.014450,0.020000,27.713623,36.835393
3219,dssd,0.002931,0.008550,0.022000,35.094727,33.481476
3220,p,0.003780,0.005600,0.020000,19.565186,29.379849
3221,pp,0.002838,0.006400,0.020000,41.138916,29.238325
3222,sp,0.018754,0.005500,0.020000,50.552246,44.253690
3223,psp,0.002926,0.010350,0.021500,68.913574,34.775658
3224,dps,0.002445,0.013950,0.021500,78.240479,37.894936
3225,s,0.023128,0.005850,0.022000,8.822998,50.978351
3226,ss,0.018821,0.005850,0.018500,15.829346,43.170769
3227,dss,0.002842,0.003950,0.018500,23.094971,25.291615
3228,pdss,0.002957,0.004750,0.022000,41.450439,29.706682
3229,spss,0.018655,0.004550,0.022000,50.822998,45.205113
3230,d,0.002385,0.004250,0.019200,6.763672,25.835393
3231,pd,0.002977,0.004950,0.019200,25.052979,27.127001
3232,pp,0.002838,0.004950,0.022000,46.347656,29.788325
3233,sp,0.018754,0.006050,0.022000,56.115723,46.803690
3234,ssp,0.018787,0.004250,0.020000,63.471436,43.037195
3235,s,0.023128,0.003850,0.019200,22.223633,46.178351
3236,ds,0.002343,0.004250,0.020000,30.182617,26.592513
3237,s,0.023128,0.010650,0.020000,36.955322,53.778351
3238,pds,0.003022,0.006500,0.019200,54.979492,28.721933
3239,dps,0.002445,0.006150,0.019200,64.248047,27.794936
3240,s,0.023128,0.005100,0.021500,16.461914,49.728351
3241,p,0.003780,0.013450,0.020000,34.965576,37.229849
3242,ds,0.002343,0.005250,0.019200,44.168213,26.792513
3243,pds,0.003022,0.004800,0.018500,62.115234,26.321933
3244,pp,0.002838,0.004550,0.019200,82.394775,26.588325
3245,s,0.023128,0.005650,0.022000,21.543457,50.778351
3246,d,0.002385,0.007800,0.019200,29.365234,29.385393
3247,ds,0.002343,0.005150,0.022000,37.091797,29.492513
3248,dds,0.002685,0.005550,0.019200,44.679443,27.435273
3249,pdds,0.002946,0.004850,0.018500,63.418701,26.295651
3250,d,0.002385,0.005150,0.021500,6.847168,29.035393
3251,pd,0.002977,0.004350,0.021500,25.705566,28.827001
3252,dpd,0.002513,0.005500,0.020000,35.292969,28.012673
3253,pdp,0.002932,0.006000,0.020000,53.585693,28.931683
3254,dp,0.002464,0.005200,0.019200,63.815430,26.864344
3265,p,0.003780,0.005500,0.019200,35.962891,28.479849
3266,sp,0.018754,0.005150,0.019200,45.212402,43.103690
3267,psp,0.002926,0.044000,0.019200,63.576172,66.125658
3268,sps,0.018360,0.004250,0.018500,72.964844,41.110251
3269,ssps,0.018466,0.005350,0.018500,80.215820,42.316056
3255,d,0.002385,0.005500,0.018500,23.590576,26.385393
3256,pd,0.002977,0.005850,0.018500,42.656494,27.327001
3257,sp,0.018754,0.005550,0.020000,52.064453,44.303690
3258,dsp,0.002685,0.005250,0.021500,59.394287,29.434513
3259,ddsp,0.002864,0.005300,0.019200,66.633057,27.363565
3270,p,0.003780,0.004600,0.018500,33.492432,26.879849
3271,sp,0.018754,0.007100,0.020000,42.701172,45.853690
3272,ps,0.002840,0.004450,0.020000,60.712646,27.289786
3273,sps,0.018360,0.004750,0.019200,70.038330,42.310251
3274,ssps,0.018466,0.003950,0.019200,76.880127,41.616056
3260,d,0.002385,0.005450,0.021500,7.046631,29.335393
3261,sd,0.018668,0.004850,0.019200,14.419922,42.717773
3262,ssd,0.018735,0.009000,0.018500,21.563477,46.234503
3263,pss,0.002833,0.004500,0.021500,39.925781,28.832709
3264,dpss,0.002761,0.004300,0.021500,49.480957,28.560817
3275,s,0.023128,0.005600,0.020000,22.755615,48.728351
3276,ps,0.002840,0.013500,0.018500,41.867676,34.839786
3277,d,0.002385,0.027450,0.021500,51.266113,51.335393
3278,pps,0.002854,0.004150,0.021500,69.751221,28.504053
3279,dp,0.002464,0.013000,0.022000,79.383301,37.464344
3280,p,0.003780,0.004300,0.022000,33.235596,30.079849
3281,sp,0.018754,0.011000,0.019200,42.630127,48.953690
3282,ssp,0.018787,0.004200,0.019200,49.496094,42.187195
3283,sssp,0.018690,0.016150,0.019200,56.536865,54.039656
3284,psss,0.002892,0.005200,0.021500,75.118408,29.592287
3285,p,0.003780,0.007250,0.020000,18.496094,31.029849
3286,pp,0.002838,0.005050,0.021500,39.367920,29.388325
3287,dpp,0.002514,0.004150,0.018500,48.828369,25.164416
3288,sdp,0.018492,0.008250,0.018500,55.760986,45.241971
3289,ssdp,0.018187,0.009550,0.020000,62.625977,47.737445
3290,d,0.002385,0.005600,0.022000,6.957764,29.985393
3291,p,0.003780,0.013100,0.019200,25.658447,36.079849
3292,p,0.003780,0.004950,0.018500,46.165771,27.229849
3293,pp,0.002838,0.005200,0.020000,66.724609,28.038325
3294,sp,0.018754,0.004700,0.021500,76.382812,44.953690
3295,d,0.002385,0.004750,0.019200,6.796387,26.335393
3296,sd,0.018668,0.005500,0.020000,13.701904,44.167773
3297,ssd,0.018735,0.004650,0.020000,20.398682,43.384503
3298,pss,0.002833,0.005300,0.019200,38.441406,27.332709
3299,pps,0.002854,0.009100,0.019200,58.665283,31.154053
3300,s,0.023128,0.023750,0.018500,7.825684,65.378351
3301,p,0.003780,0.005300,0.022000,29.627441,31.079849
3302,pp,0.002838,0.004900,0.020000,51.365723,27.738325
3303,pp,0.002838,0.009450,0.021500,72.021729,33.788325
3304,dp,0.002464,0.005500,0.018500,81.342285,26.464344
3305,d,0.002385,0.008450,0.019200,20.254395,30.035393
3306,dd,0.002426,0.005650,0.021500,27.939453,29.575915
3307,sdd,0.018511,0.004800,0.022000,34.760498,45.310933
3308,d,0.002385,0.019800,0.021500,41.771729,43.685393
3309,ssdd,0.018091,0.007900,0.020000,48.536133,45.991216
3310,p,0.003780,0.004500,0.020000,17.752197,28.279849
3311,dp,0.002464,0.006300,0.021500,27.675781,30.264344
3312,ddp,0.002502,0.004600,0.019200,35.144043,26.301712
3313,dddp,0.002699,0.004350,0.022000,42.303955,29.049161
3314,pdd,0.003045,0.004800,0.022000,60.866211,29.844804
3315,p,0.003780,0.005400,0.019200,18.054199,28.379849
3316,pp,0.002838,0.005500,0.019200,38.797119,27.538325
3317,pp,0.002838,0.005600,0.021500,59.032471,29.938325
3318,pp,0.002838,0.008600,0.021500,79.453857,32.938325
3319,d,0.002385,0.015850,0.021500,88.829102,39.735393
3320,p,0.003780,0.008800,0.021500,17.897949,34.079849
3321,d,0.002385,0.007050,0.020000,27.236084,29.435393
3322,sd,0.018668,0.004500,0.019200,34.138672,42.367773
3323,dsd,0.002613,0.005000,0.022000,41.175049,29.612551
3324,sdsd,0.018197,0.004800,0.019200,47.916260,42.197164
3325,p,0.003780,0.005150,0.020000,17.808594,28.929849
3326,sp,0.018754,0.004000,0.018500,27.161377,41.253690
3327,dsp,0.002685,0.011800,0.020000,34.264160,34.484513
3328,ddsp,0.002864,0.005650,0.019200,41.288330,27.713565
3329,pdds,0.002946,0.004150,0.022000,59.132568,29.095651
3330,d,0.002385,0.004400,0.019200,6.666992,25.985393
3331,dd,0.002426,0.004800,0.019200,13.745850,26.425915
3332,ddd,0.002493,0.004300,0.019200,20.727783,25.993417
3333,sddd,0.017932,0.003950,0.021500,27.462402,43.381734
3334,p,0.003780,0.010300,0.022000,45.352539,36.079849
3335,d,0.002385,0.012050,0.020000,7.098145,34.435393
3336,dd,0.002426,0.006000,0.019200,15.019043,27.625915
3337,ddd,0.002493,0.004700,0.021500,22.631104,28.693417
3338,pdd,0.003045,0.012900,0.020000,41.881104,35.944804
3339,pp,0.002838,0.012900,0.021500,62.513428,37.238325
3340,s,0.023128,0.005450,0.020000,20.209717,48.578351
3341,ps,0.002840,0.005600,0.018500,39.132080,26.939786
3342,pps,0.002854,0.004450,0.021500,59.277100,28.804053
3343,dps,0.002445,0.006150,0.022000,68.549072,30.594936
3344,pdp,0.002932,0.008950,0.019200,86.464111,31.081683
3350,d,0.002385,0.009750,0.022000,20.997314,34.135393
3351,sd,0.018668,0.004400,0.020000,28.868896,43.067773
3352,psd,0.003139,0.007350,0.022000,46.884766,32.488792
3353,sps,0.018360,0.004750,0.021500,55.910400,44.610251
3354,dsps,0.002950,0.005400,0.018500,63.102051,26.850393
3345,d,0.002385,0.006750,0.021500,7.271484,30.635393
3346,pd,0.002977,0.004950,0.019200,26.968994,27.127001
3347,d,0.002385,0.013900,0.021500,37.013672,37.785393
3348,sp,0.018754,0.004450,0.022000,44.295410,45.203690
3349,ssp,0.018787,0.007550,0.019200,51.486572,45.537195
3355,d,0.002385,0.014000,0.021500,22.928955,37.885393
3356,dd,0.002426,0.004350,0.020000,30.693359,26.775915
3357,sdd,0.018511,0.009050,0.018500,37.658203,46.060933
3358,dsdd,0.002830,0.005000,0.018500,44.887451,26.329964
3360,d,0.002385,0.004050,0.021500,17.156738,27.935393
3361,sd,0.018668,0.004600,0.020000,24.173096,43.267773
3362,psd,0.003139,0.006550,0.019200,43.290527,28.888792
3363,pps,0.002854,0.012450,0.018500,63.977539,33.804053
3364,sp,0.018754,0.005050,0.018500,73.312256,42.303690
3370,d,0.002385,0.004750,0.018500,13.278809,25.635393
3371,pd,0.002977,0.005350,0.019200,35.066406,27.527001
3372,sp,0.018754,0.004700,0.021500,44.797363,44.953690
3373,dsp,0.002685,0.004550,0.019200,52.241943,26.434513
3374,ddsp,0.002864,0.006450,0.020000,59.581787,29.313565
3365,s,0.023128,0.014100,0.019200,23.258301,56.428351
3366,ds,0.002343,0.006350,0.018500,31.381592,27.192513
3367,pds,0.003022,0.003950,0.022000,49.705566,28.971933
3368,pps,0.002854,0.004250,0.021500,70.075928,28.604053
3369,sps,0.018360,0.003800,0.018500,79.326660,40.660251
3375,s,0.023128,0.004350,0.021500,22.501221,48.978351
3376,ss,0.018821,0.003950,0.019200,30.041260,41.970769
3377,sss,0.019288,0.004350,0.019200,36.944092,42.838093
3378,ssss,0.018888,0.004550,0.018500,43.794434,41.938175
3380,d,0.002385,0.004700,0.021500,15.046143,28.585393
3381,dd,0.002426,0.005100,0.022000,22.361084,29.525915
3382,ddd,0.002493,0.006400,0.019200,29.405273,28.093417
3383,sddd,0.017932,0.006650,0.022000,36.245850,46.581734
3385,p,0.003780,0.004300,0.018500,22.120361,26.579849
3386,pp,0.002838,0.007850,0.020000,45.172852,30.688325
3387,pp,0.002838,0.005650,0.022000,66.019043,30.488325
3388,spp,0.018537,0.004450,0.022000,75.393311,44.987181
3389,ssp,0.018787,0.004750,0.020000,82.484131,43.537195
3390,s,0.023128,0.006350,0.021500,6.441406,50.978351
3391,ss,0.018821,0.004600,0.020000,13.383057,43.420769
3392,sss,0.019288,0.003800,0.022000,20.426514,45.088093
3393,dsss,0.003039,0.005300,0.019200,28.163818,27.538978
3395,d,0.002385,0.004400,0.022000,6.800293,28.785393
3396,dd,0.002426,0.006550,0.020000,14.040283,28.975915
3397,pdd,0.003045,0.004450,0.018500,32.562256,25.994804
3398,pp,0.002838,0.003950,0.021500,53.841064,28.288325
3399,dp,0.002464,0.004850,0.020000,63.432129,27.314344
3400,d,0.002385,0.005300,0.020000,6.550537,27.685393
3401,pd,0.002977,0.004850,0.020000,28.356445,27.827001
3402,sp,0.018754,0.004550,0.020000,38.776123,43.303690
3403,ps,0.002840,0.004800,0.022000,56.962891,29.639786
3404,sps,0.018360,0.005050,0.022000,66.137695,45.410251
3405,s,0.023128,0.016750,0.018500,6.503418,58.378351
3406,p,0.003780,0.008250,0.019200,25.066162,31.229849
3407,ps,0.002840,0.004850,0.019200,45.585205,26.889786
3408,dps,0.002445,0.016150,0.020000,55.342041,38.594936
3409,d,0.002385,0.006200,0.021500,62.732666,30.085393
3410,s,0.023128,0.006350,0.021500,11.654541,50.978351
3411,ps,0.002840,0.005750,0.018500,30.324707,27.089786
3412,dps,0.002445,0.004650,0.019200,40.276367,26.294936
3413,ddps,0.002746,0.004200,0.020000,47.619873,26.945776
3420,s,0.023128,0.007650,0.019200,21.910645,49.978351
3421,ss,0.018821,0.004600,0.019200,29.674805,42.620769
3422,sss,0.019288,0.004550,0.020000,36.355225,43.838093
3423,ssss,0.018888,0.004300,0.021500,43.076904,44.688175
3415,p,0.003780,0.006350,0.019200,31.920166,29.329849
3416,sp,0.018754,0.005750,0.022000,40.947266,46.503690
3417,ssp,0.018787,0.004800,0.019200,47.659668,42.787195
3418,sssp,0.018690,0.005150,0.019200,54.318115,43.039656
3419,psss,0.002892,0.005700,0.020000,72.172363,28.592287
3425,d,0.002385,0.008000,0.018500,6.599854,28.885393
3426,sd,0.018668,0.005200,0.018500,13.614502,42.367773
3427,psd,0.003139,0.006400,0.022000,32.451660,31.538792
3428,d,0.002385,0.009550,0.019200,42.101318,31.135393
3429,pp,0.002838,0.009550,0.022000,60.415527,34.388325
3430,d,0.002385,0.003900,0.021500,14.960205,27.785393
3431,d,0.002385,0.007000,0.018500,22.615967,27.885393
3432,pd,0.002977,0.006800,0.021500,41.002197,31.277001
3433,d,0.002385,0.004550,0.021500,50.476318,28.435393
3434,sd,0.018668,0.005150,0.020000,57.546631,43.817773
3435,d,0.002385,0.005100,0.019200,6.990234,26.685393
3436,pd,0.002977,0.005550,0.020000,27.764404,28.527001
3437,d,0.002385,0.007800,0.022000,39.736084,32.185393
3438,dp,0.002464,0.009550,0.019200,48.074463,31.214344
3439,pd,0.002977,0.010900,0.019200,67.180908,33.077001
3440,d,0.002385,0.005200,0.020000,12.700195,27.585393
3441,dd,0.002426,0.005200,0.021500,22.615234,29.125915
3442,pd,0.002977,0.004900,0.020000,40.710205,27.877001
3443,spd,0.018317,0.004050,0.020000,49.699219,42.367325
3444,dsp,0.002685,0.004550,0.020000,56.709961,27.234513
3450,p,0.003780,0.005750,0.018500,30.025391,28.029849
3451,sp,0.018754,0.004550,0.019200,39.227051,42.503690
3452,dsp,0.002685,0.004200,0.018500,46.423340,25.384513
3453,ddsp,0.002864,0.004400,0.021500,53.670166,28.763565
3454,sdds,0.018154,0.005300,0.022000,60.672119,45.453743
3445,p,0.003780,0.005500,0.018500,27.962402,27.779849
3446,dp,0.002464,0.009000,0.018500,37.646729,29.964344
3447,sdp,0.018492,0.004050,0.021500,44.728271,44.041971
3448,psd,0.003139,0.004750,0.018500,62.976318,26.388792
3449,dps,0.002445,0.006200,0.020000,72.528564,28.644936
3455,p,0.003780,0.004850,0.020000,34.680908,28.629849
3456,pp,0.002838,0.004050,0.022000,55.922607,28.888325
3457,sp,0.018754,0.010550,0.022000,65.147217,51.303690
3458,dsp,0.002685,0.006400,0.022000,72.491211,31.084513
3459,ddsp,0.002864,0.004700,0.019200,80.160400,26.763565
3460,s,0.023128,0.004450,0.018500,19.470703,46.078351
3461,ss,0.018821,0.008750,0.019200,26.694580,46.770769
3462,pss,0.002833,0.008550,0.020000,45.025146,31.382709
3463,spss,0.018655,0.004700,0.019200,54.362061,42.555113
3470,s,0.023128,0.022800,0.022000,22.700928,67.928351
3471,s,0.023128,0.005150,0.019200,30.258301,47.478351
3472,ps,0.002840,0.014300,0.020000,48.403809,37.139786
3473,sps,0.018360,0.005000,0.021500,57.343018,44.860251
3474,dsps,0.002950,0.014000,0.020000,64.375488,36.950393
3465,d,0.002385,0.006400,0.020000,23.086914,28.785393
3466,sd,0.018668,0.010250,0.021500,30.648926,50.417773
3467,ssd,0.018735,0.004650,0.021500,37.336182,44.884503
3468,sssd,0.017999,0.005350,0.021500,44.051025,44.848568
3475,d,0.002385,0.004400,0.019200,11.167236,25.985393
3476,s,0.023128,0.007900,0.020000,18.166260,51.028351
3477,pd,0.002977,0.005350,0.018500,36.639893,26.827001
3478,dp,0.002464,0.010250,0.021500,45.987305,34.214344
3479,pd,0.002977,0.005950,0.020000,64.244873,28.927001
3485,p,0.003780,0.005000,0.019200,21.676758,27.979849
3486,dp,0.002464,0.004550,0.022000,30.978027,29.014344
3487,pdp,0.002932,0.008750,0.022000,48.788086,33.681683
3488,dpd,0.002513,0.004550,0.019200,58.138428,26.262673
3489,sdp,0.018492,0.008550,0.019200,64.907959,46.241971
3480,d,0.002385,0.005200,0.022000,10.037842,29.585393
3481,pd,0.002977,0.016150,0.021500,28.449707,40.627001
3482,pp,0.002838,0.004900,0.022000,48.616699,29.738325
3483,spp,0.018537,0.005850,0.021500,57.659912,45.887181
3484,psp,0.002926,0.003900,0.019200,75.949219,26.025658
3490,d,0.002385,0.007850,0.020000,23.802002,30.235393
3491,sd,0.018668,0.004550,0.019200,31.418457,42.417773
3492,dsd,0.002613,0.005300,0.021500,38.669922,29.412551
3493,sdsd,0.018197,0.004250,0.020000,45.588623,42.447164
3495,s,0.023128,0.004550,0.018500,27.021240,46.178351
3496,ps,0.002840,0.004800,0.019200,53.418457,26.839786
3497,pp,0.002838,0.007200,0.019200,73.859863,29.238325
3498,pp,0.002838,0.004350,0.018500,94.260498,25.688325
3499,dp,0.002464,0.005750,0.018500,103.583252,26.714344
3500,d,0.002385,0.005650,0.019200,6.665771,27.235393
3501,p,0.003780,0.016950,0.021500,25.149902,42.229849
3502,s,0.023128,0.006150,0.018500,34.368408,47.778351
3503,ss,0.018821,0.005850,0.022000,41.396729,46.670769
3504,pss,0.002833,0.006500,0.018500,59.532715,27.832709
3505,s,0.023128,0.005200,0.018500,7.533447,46.828351
3506,ss,0.018821,0.004900,0.019200,14.656250,42.920769
3507,sss,0.019288,0.005650,0.019200,21.534668,44.138093
3508,dsss,0.003039,0.004450,0.018500,28.726562,25.988978
3510,d,0.002385,0.004900,0.019200,6.637207,26.485393
3511,dd,0.002426,0.008950,0.018500,13.869629,29.875915
3512,pdd,0.003045,0.004350,0.020000,32.422852,27.394804
3513,spd,0.018317,0.005200,0.020000,41.883545,43.517325
3514,ssp,0.018787,0.004800,0.019200,48.958496,42.787195
3515,d,0.002385,0.014300,0.019200,8.231201,35.885393
3516,p,0.003780,0.004400,0.021500,27.035156,29.679849
3517,sp,0.018754,0.004950,0.019200,36.375977,42.903690
3518,ssp,0.018787,0.006400,0.021500,43.414307,46.687195
3519,pss,0.002833,0.004500,0.022000,61.821777,29.332709
3525,p,0.003780,0.010050,0.021500,17.988770,35.329849
3526,d,0.002385,0.005100,0.019200,27.770996,26.685393
3527,sd,0.018668,0.004450,0.021500,34.740479,44.617773
3528,sp,0.018754,0.011100,0.018500,41.872314,48.353690
3529,ps,0.002840,0.004950,0.022000,60.341309,29.789786
3520,s,0.023128,0.017750,0.019200,7.053467,60.078351
3521,ss,0.018821,0.004450,0.019200,14.716553,42.470769
3522,sss,0.019288,0.004850,0.018500,22.027588,42.638093
3523,psss,0.002892,0.004500,0.021500,41.253174,28.892287
3530,s,0.023128,0.005300,0.022000,23.932861,50.428351
3531,ds,0.002343,0.003950,0.018500,31.877930,24.792513
3532,sds,0.018566,0.004150,0.018500,38.701660,41.216086
3533,pss,0.002833,0.008000,0.019200,57.539307,30.032709
3534,dpss,0.002761,0.005250,0.020000,67.393311,28.010817
3535,s,0.023128,0.005450,0.018500,19.616699,47.078351
3536,ps,0.002840,0.006450,0.018500,39.357910,27.789786
3537,sps,0.018360,0.006450,0.019200,48.279053,44.010251
3538,dsps,0.002950,0.004850,0.021500,55.302002,29.300393
3539,d,0.002385,0.005600,0.022000,62.369385,29.985393
3540,p,0.003780,0.004000,0.020000,35.180664,27.779849
3541,d,0.002385,0.005750,0.021500,45.229980,29.635393
3542,dp,0.002464,0.003950,0.020000,52.295410,26.414344
3543,sdp,0.018492,0.006450,0.022000,59.066406,46.941971
3544,psd,0.003139,0.004650,0.020000,77.049805,27.788792
3545,s,0.023128,0.009550,0.022000,6.960693,54.678351
3546,ps,0.002840,0.004400,0.019200,27.113770,26.439786
3547,dps,0.002445,0.006250,0.020000,37.360352,28.694936
3548,ddps,0.002746,0.005600,0.019200,44.768799,27.545776
3550,s,0.023128,0.004850,0.018500,6.487305,46.478351
3551,ss,0.018821,0.004150,0.020000,13.295898,42.970769
3552,pss,0.002833,0.004150,0.020000,31.582275,26.982709
3553,dpss,0.002761,0.005450,0.019200,41.075928,27.410817
3555,s,0.023128,0.008150,0.022000,6.197754,53.278351
3556,ss,0.018821,0.004550,0.022000,13.045898,45.370769
3557,dss,0.002842,0.005000,0.020000,20.314697,27.841615
3558,sdss,0.018223,0.004400,0.022000,27.312256,44.622624
3560,s,0.023128,0.004250,0.019200,6.217041,46.578351
3561,ds,0.002343,0.004050,0.020000,13.340576,26.392513
3562,pds,0.003022,0.004700,0.019200,31.719971,26.921933
3563,pps,0.002854,0.005350,0.021500,52.143066,29.704053
3564,pp,0.002838,0.004900,0.022000,72.852295,29.738325
3570,d,0.002385,0.005650,0.018500,6.507080,26.535393
3571,sd,0.018668,0.005650,0.018500,13.581787,42.817773
3572,psd,0.003139,0.004750,0.020000,32.289551,27.888792
3573,dps,0.002445,0.005000,0.020000,42.212158,27.444936
3574,sdps,0.018183,0.007350,0.020000,49.710938,45.532897
3565,p,0.003780,0.010550,0.019200,17.824951,33.529849
3566,d,0.002385,0.004950,0.021500,27.636963,28.835393
3567,dd,0.002426,0.005200,0.018500,34.897217,26.125915
3568,sdd,0.018511,0.005000,0.020000,41.888672,43.510933
3569,ssdd,0.018091,0.008000,0.021500,48.766602,47.591216
3575,d,0.002385,0.004750,0.022000,6.788330,29.135393
3576,sd,0.018668,0.005250,0.020000,13.777588,43.917773
3577,ssd,0.018735,0.005300,0.021500,20.834717,45.534503
3578,dssd,0.002931,0.004750,0.021500,28.194092,29.181476
3579,pdss,0.002957,0.006500,0.018500,46.660645,27.956682
3580,s,0.023128,0.011000,0.021500,6.291504,55.628351
3581,s,0.023128,0.005800,0.021500,13.133789,50.428351
3582,ps,0.002840,0.004600,0.018500,31.288574,25.939786
3583,sps,0.018360,0.005250,0.020000,40.539062,43.610251
3584,dsps,0.002950,0.005450,0.022000,47.649414,30.400393
3585,d,0.002385,0.007350,0.022000,6.941406,31.735393
3586,dd,0.002426,0.004700,0.022000,14.399658,29.125915
3587,pdd,0.003045,0.006450,0.018500,33.039795,27.994804
3588,spd,0.018317,0.008950,0.020000,42.442871,47.267325
3589,dsp,0.002685,0.007100,0.021500,49.672363,31.284513
3590,d,0.002385,0.004550,0.020000,14.709229,26.935393
3591,pd,0.002977,0.006600,0.020000,33.291992,29.577001
3592,sp,0.018754,0.005100,0.021500,42.535889,45.353690
3593,psp,0.002926,0.004700,0.022000,61.191895,29.625658
3594,pps,0.002854,0.004900,0.022000,82.718994,29.754053
3595,p,0.003780,0.013000,0.019200,22.686035,35.979849
3596,sp,0.018754,0.004850,0.020000,32.026855,43.603690
3597,dsp,0.002685,0.004550,0.018500,39.374512,25.734513
3598,sdsp,0.018148,0.006400,0.019200,46.373291,43.748415
3599,p,0.003780,0.038350,0.018500,64.445801,60.629849
3600,s,0.023128,0.005350,0.022000,23.003174,50.478351
3601,ss,0.018821,0.004450,0.020000,30.702148,43.270769
3602,pss,0.002833,0.006150,0.019200,48.895752,28.182709
3603,spss,0.018655,0.005450,0.020000,58.122314,44.105113
3604,psp,0.002926,0.005600,0.019200,76.336426,27.725658
3605,d,0.002385,0.004450,0.018500,15.728516,25.335393
3606,sd,0.018668,0.005150,0.022000,23.336426,45.817773
3607,ps,0.002840,0.005150,0.021500,41.698975,29.489786
3608,pps,0.002854,0.004550,0.019200,62.327881,26.604053
3609,pp,0.002838,0.006000,0.019200,82.988037,28.038325
3615,s,0.023128,0.004750,0.021500,6.604004,49.378351
3616,ss,0.018821,0.005750,0.020000,13.611328,44.570769
3617,pss,0.002833,0.004450,0.019200,32.253906,26.482709
3618,dpss,0.002761,0.005000,0.020000,41.614258,27.760817
3610,p,0.003780,0.005500,0.020000,27.427734,29.279849
3611,sp,0.018754,0.004650,0.021500,36.487793,44.903690
3612,psp,0.002926,0.004450,0.020000,54.555664,27.375658
3613,sps,0.018360,0.004800,0.018500,63.509521,41.660251
3614,psp,0.002926,0.004450,0.021500,81.593018,28.875658
3620,s,0.023128,0.006050,0.020000,14.762695,49.178351
3621,ss,0.018821,0.005350,0.020000,22.601562,44.170769
3622,pss,0.002833,0.005400,0.022000,42.337402,30.232709
3623,ppss,0.002998,0.008950,0.021500,63.883301,33.447567
3624,sp,0.018754,0.007900,0.020000,73.327393,46.653690
3625,s,0.023128,0.006400,0.019200,19.776611,48.728351
3626,ss,0.018821,0.005450,0.018500,27.227539,42.770769
3627,pss,0.002833,0.006950,0.020000,45.783936,29.782709
3628,ppss,0.002998,0.004500,0.018500,66.278076,25.997567
3629,pp,0.002838,0.004750,0.020000,86.832275,27.588325
3630,d,0.002385,0.017250,0.019200,8.552490,38.835393
3631,p,0.003780,0.004850,0.021500,27.121582,30.129849
3632,pp,0.002838,0.004750,0.020000,47.341797,27.588325
3633,dpp,0.002514,0.012000,0.020000,56.738525,34.514416
3634,sdp,0.018492,0.007200,0.021500,64.007080,47.191971
3640,d,0.002385,0.004150,0.021500,22.149414,28.035393
3641,sd,0.018668,0.007200,0.021500,29.823730,47.367773
3642,ssd,0.018735,0.004450,0.021500,36.614746,44.684503
3643,dssd,0.002931,0.005700,0.021500,43.686279,30.131476
3644,sdss,0.018223,0.004850,0.020000,50.477051,43.072624
3635,p,0.003780,0.004850,0.021500,19.225342,30.129849
3636,dp,0.002464,0.006350,0.020000,29.702393,28.814344
3637,sdp,0.018492,0.008600,0.020000,36.941162,47.091971
3638,ssdp,0.018187,0.005700,0.018500,44.346191,42.387445
3639,pss,0.002833,0.004150,0.020000,63.031738,26.982709
3645,s,0.023128,0.004850,0.020000,6.864014,47.978351
3646,ss,0.018821,0.004950,0.020000,14.159912,43.770769
3647,pss,0.002833,0.004500,0.019200,33.167236,26.532709
3648,ppss,0.002998,0.005400,0.022000,53.933838,30.397567
3649,sp,0.018754,0.005550,0.018500,63.405762,42.803690
3650,p,0.003780,0.090650,0.019200,35.163086,113.629849
3651,p,0.003780,0.006000,0.021500,55.171143,31.279849
3652,dp,0.002464,0.004450,0.022000,64.619873,28.914344
3653,sp,0.018754,0.061250,0.022000,71.366699,102.003690
3654,sdp,0.018492,0.006000,0.021500,78.111084,45.991971
3660,p,0.003780,0.004850,0.022000,27.124268,30.629849
3661,dp,0.002464,0.004500,0.018500,36.494873,25.464344
3662,ddp,0.002502,0.004850,0.022000,43.708740,29.351712
3663,dddp,0.002699,0.005600,0.021500,50.828125,29.799161
3664,pdd,0.003045,0.004500,0.018500,69.128662,26.044804
3655,s,0.023128,0.016900,0.020000,10.898682,60.028351
3656,ss,0.018821,0.005000,0.022000,18.040039,45.820769
3657,sss,0.019288,0.003400,0.021500,25.138184,44.188093
3658,psss,0.002892,0.005100,0.018500,43.539307,26.492287
3659,ppss,0.002998,0.007900,0.020000,64.452637,30.897567
3665,d,0.002385,0.008550,0.022000,8.357178,32.935393
3666,dd,0.002426,0.004850,0.020000,15.629639,27.275915
3667,sdd,0.018511,0.005300,0.018500,22.951416,42.310933
3668,psd,0.003139,0.004750,0.021500,41.371826,29.388792
3669,dps,0.002445,0.010550,0.018500,50.631348,31.494936
3670,p,0.003780,0.004400,0.021500,19.301514,29.679849
3671,dp,0.002464,0.004450,0.019200,29.527588,26.114344
3672,sdp,0.018492,0.029550,0.022000,37.201660,70.041971
3673,dsdp,0.002604,0.007250,0.022000,45.168457,31.853992
3674,ddsd,0.002653,0.004550,0.018500,53.448730,25.703469
3675,d,0.002385,0.004600,0.021500,6.868408,28.485393
3676,pd,0.002977,0.005350,0.022000,25.983887,30.327001
3677,dp,0.002464,0.004950,0.019200,35.522461,26.614344
3678,sdp,0.018492,0.005950,0.019200,42.774414,43.641971
3679,ssdp,0.018187,0.005000,0.022000,49.749756,45.187445
3680,d,0.002385,0.005000,0.019200,10.972656,26.585393
3681,dd,0.002426,0.014100,0.020000,22.524170,36.525915
3682,pd,0.002977,0.005100,0.022000,41.131592,30.077001
3683,spd,0.018317,0.007650,0.020000,50.439697,45.967325
3684,dspd,0.002710,0.005400,0.020000,57.715576,28.109954
3690,s,0.023128,0.005250,0.018500,6.346680,46.878351
3691,ss,0.018821,0.014100,0.018500,13.374023,51.420769
3692,sss,0.019288,0.004650,0.021500,20.329346,45.438093
3693,dsss,0.003039,0.006000,0.022000,27.532471,31.038978
3685,p,0.003780,0.004400,0.021500,17.429688,29.679849
3686,pp,0.002838,0.004900,0.021500,38.135254,29.238325
3687,sp,0.018754,0.007850,0.021500,47.318604,48.103690
3688,ssp,0.018787,0.014300,0.018500,54.133545,51.587195
3689,sssp,0.018690,0.004500,0.018500,60.944092,41.689656
3695,p,0.003780,0.004850,0.019200,32.169189,27.829849
3696,dp,0.002464,0.007100,0.022000,41.629883,31.564344
3697,sdp,0.018492,0.006000,0.018500,48.718018,42.991971
3698,psd,0.003139,0.004450,0.021500,66.829346,29.088792
3699,sps,0.018360,0.009050,0.018500,75.940430,45.910251
3700,d,0.002385,0.004700,0.020000,22.958984,27.085393
3701,pd,0.002977,0.008600,0.020000,42.458740,31.577001
3702,sp,0.018754,0.008250,0.020000,52.432617,47.003690
3703,dsp,0.002685,0.005100,0.022000,60.112549,29.784513
3704,ddsp,0.002864,0.005600,0.019200,67.818359,27.663565
3705,d,0.002385,0.035450,0.022000,7.319336,59.835393
3706,s,0.023128,0.005700,0.019200,14.364258,48.028351
3707,sd,0.018668,0.010800,0.021500,21.697021,50.967773
3708,ps,0.002840,0.004500,0.019200,40.288574,26.539786
3709,dps,0.002445,0.004650,0.019200,49.814453,26.294936
3710,s,0.023128,0.005750,0.022000,23.045166,50.878351
3711,p,0.003780,0.014800,0.021500,42.183350,40.079849
3712,ps,0.002840,0.003850,0.019200,62.486084,25.889786
3713,dps,0.002445,0.004950,0.021500,72.125977,28.894936
3714,dp,0.002464,0.016550,0.019200,79.569824,38.214344
3715,p,0.003780,0.005600,0.018500,34.326172,27.879849
3716,pp,0.002838,0.004900,0.022000,54.601807,29.738325
3717,sp,0.018754,0.004500,0.019200,63.577148,42.453690
3718,ssp,0.018787,0.005300,0.022000,70.302246,46.087195
3719,pss,0.002833,0.005200,0.019200,88.334961,27.232709
3720,s,0.023128,0.004800,0.021500,22.610107,49.428351
3721,ps,0.002840,0.005750,0.018500,41.362061,27.089786
3722,pps,0.002854,0.008750,0.022000,61.610840,33.604053
3723,pp,0.002838,0.004800,0.022000,81.985107,29.638325
3724,dpp,0.002514,0.004750,0.018500,91.455078,25.764416
3725,p,0.003780,0.005200,0.021500,27.024658,30.479849
3726,sp,0.018754,0.004850,0.020000,36.172119,43.603690
3727,psp,0.002926,0.005700,0.019200,54.365234,27.825658
3728,sps,0.018360,0.005600,0.018500,63.615479,42.460251
3729,ssps,0.018466,0.008150,0.020000,70.600098,46.616056
3730,d,0.002385,0.004350,0.021500,14.569580,28.235393
3731,pd,0.002977,0.009850,0.021500,34.978760,34.327001
3732,pp,0.002838,0.004600,0.020000,55.082031,27.438325
3733,pp,0.002838,0.006500,0.022000,75.133545,31.338325
3734,sp,0.018754,0.004950,0.021500,84.092529,45.203690
3735,d,0.002385,0.006050,0.022000,29.292480,30.435393
3736,p,0.003780,0.013100,0.022000,51.921631,38.879849
3737,p,0.003780,0.003900,0.022000,72.019043,29.679849
3738,sp,0.018754,0.004900,0.019200,80.999756,42.853690
3739,psp,0.002926,0.005000,0.018500,98.981689,26.425658
3740,p,0.003780,0.004400,0.020000,17.816650,28.179849
3741,sp,0.018754,0.006050,0.019200,27.285889,44.003690
3742,psp,0.002926,0.004450,0.020000,45.506348,27.375658
3743,sps,0.018360,0.004400,0.022000,54.821777,44.760251
3744,dsps,0.002950,0.009100,0.022000,62.066650,34.050393
3750,s,0.023128,0.004700,0.019200,13.772461,47.028351
3751,ps,0.002840,0.004000,0.022000,32.387939,28.839786
3752,pps,0.002854,0.007450,0.018500,53.314697,28.804053
3753,pp,0.002838,0.005000,0.020000,74.397461,27.838325
3754,dp,0.002464,0.005000,0.019200,84.028320,26.664344
3745,p,0.003780,0.004300,0.018500,19.722412,26.579849
3746,dp,0.002464,0.004750,0.018500,30.360352,25.714344
3747,sdp,0.018492,0.004700,0.020000,38.032715,43.191971
3748,dsdp,0.002604,0.006450,0.018500,45.630859,27.553992
3749,pds,0.003022,0.004600,0.022000,64.344727,29.621933
3755,s,0.023128,0.005450,0.020000,22.922607,48.578351
3756,ps,0.002840,0.004650,0.021500,42.060303,28.989786
3757,sps,0.018360,0.005150,0.022000,51.205811,45.510251
3758,psps,0.002923,0.010150,0.020000,69.213867,33.072585
3759,sps,0.018360,0.007100,0.018500,78.182617,43.960251
3760,p,0.003780,0.003900,0.018500,27.280518,26.179849
3761,sp,0.018754,0.003650,0.018500,37.118896,40.903690
3762,dsp,0.002685,0.005050,0.019200,44.394531,26.934513
3763,pds,0.003022,0.004550,0.018500,63.126953,26.071933
3764,pp,0.002838,0.004750,0.020000,83.741211,27.588325
3770,s,0.023128,0.005700,0.018500,23.192139,47.328351
3771,ds,0.002343,0.012150,0.019200,31.559082,33.692513
3772,dds,0.002685,0.007300,0.021500,39.066406,31.485273
3773,pdds,0.002946,0.005250,0.022000,57.694824,30.195651
3774,pp,0.002838,0.005700,0.020000,77.938477,28.538325
3765,p,0.003780,0.005000,0.020000,35.453613,28.779849
3766,dp,0.002464,0.007850,0.022000,45.002930,32.314344
3767,pdp,0.002932,0.006000,0.018500,64.061523,27.431683
3768,spd,0.018317,0.003800,0.018500,73.935059,40.617325
3769,ps,0.002840,0.004350,0.020000,93.896729,27.189786
3775,s,0.023128,0.005700,0.019200,21.595215,48.028351
3776,ps,0.002840,0.005050,0.019200,40.439941,27.089786
3777,pps,0.002854,0.007900,0.021500,61.201172,32.254053
3778,pp,0.002838,0.011100,0.018500,81.657227,32.438325
3779,dpp,0.002514,0.004150,0.019200,91.224365,25.864416
3780,d,0.002385,0.004850,0.022000,23.522461,29.235393
3781,dd,0.002426,0.004450,0.020000,31.257812,26.875915
3782,ddd,0.002493,0.004600,0.022000,38.809082,29.093417
3783,sddd,0.017932,0.004850,0.020000,46.229004,42.781734
3784,dsdd,0.002830,0.005000,0.020000,54.006348,27.829964
3785,d,0.002385,0.005150,0.020000,23.648926,27.535393
3786,dd,0.002426,0.004600,0.019200,31.746582,26.225915
3787,sdd,0.018511,0.004650,0.021500,38.538574,44.660933
3788,ssdd,0.018091,0.005200,0.018500,45.275635,41.791216
3789,dssd,0.002931,0.007650,0.022000,52.271729,32.581476
3790,s,0.023128,0.007250,0.019200,19.809082,49.578351
3791,ds,0.002343,0.004400,0.021500,27.312256,28.242513
3792,dds,0.002685,0.007100,0.022000,34.441162,31.785273
3793,d,0.002385,0.018350,0.020000,41.496826,40.735393
3794,ddds,0.002761,0.005350,0.019200,48.530762,27.310792
3795,p,0.003780,0.004850,0.020000,20.389404,28.629849
3796,pp,0.002838,0.004250,0.022000,42.250244,29.088325
3797,pp,0.002838,0.004800,0.021500,63.017090,29.138325
3798,dp,0.002464,0.006550,0.022000,72.933105,31.014344
3799,pdp,0.002932,0.004750,0.020000,90.895020,27.681683
3805,d,0.002385,0.005000,0.021500,6.617920,28.885393
3806,dd,0.002426,0.006250,0.018500,13.741211,27.175915
3807,ddd,0.002493,0.005000,0.020000,20.835938,27.493417
3808,pdd,0.003045,0.004150,0.022000,39.393066,29.194804
3809,sp,0.018754,0.005350,0.021500,48.529297,45.603690
3800,p,0.003780,0.005150,0.019200,19.172363,28.129849
3801,sp,0.018754,0.004000,0.021500,28.254395,44.253690
3802,ssp,0.018787,0.005550,0.020000,35.113525,44.337195
3803,d,0.002385,0.013700,0.019200,42.312500,35.285393
3804,sss,0.019288,0.004900,0.022000,49.350830,46.188093
3810,d,0.002385,0.005150,0.021500,9.657959,29.035393
3811,sd,0.018668,0.004250,0.018500,16.556641,41.417773
3812,psd,0.003139,0.010150,0.021500,34.560059,34.788792
3813,sps,0.018360,0.004200,0.018500,43.562744,41.060251
3814,dsps,0.002950,0.004650,0.019200,50.567871,26.800393
3815,d,0.002385,0.004750,0.019200,9.830078,26.335393
3816,sd,0.018668,0.007100,0.018500,16.678467,44.267773
3817,ssd,0.018735,0.009500,0.021500,23.388916,49.734503
3818,p,0.003780,0.015550,0.022000,41.745850,41.329849
3819,ps,0.002840,0.004600,0.020000,62.374023,27.439786
3820,s,0.023128,0.004500,0.021500,9.068604,49.128351
3821,ps,0.002840,0.004750,0.020000,29.927490,27.589786
3822,sps,0.018360,0.005800,0.019200,39.381592,43.360251
3823,dsps,0.002950,0.004150,0.022000,46.726318,29.100393
3825,p,0.003780,0.005200,0.022000,18.744629,30.979849
3826,pp,0.002838,0.006400,0.018500,40.181885,27.738325
3827,dp,0.002464,0.004900,0.018500,49.888916,25.864344
3828,s,0.023128,0.011500,0.018500,56.972656,53.128351
3829,pd,0.002977,0.005000,0.022000,75.245605,29.977001
3830,s,0.023128,0.005850,0.018500,6.489014,47.478351
3831,ps,0.002840,0.011100,0.021500,25.028320,35.439786
3832,pps,0.002854,0.005400,0.019200,46.084961,27.454053
3833,dpp,0.002514,0.006550,0.021500,56.453857,30.564416
3834,pd,0.002977,0.004800,0.021500,77.252197,29.277001
3835,s,0.023128,0.004800,0.022000,6.533203,49.928351
3836,ss,0.018821,0.005400,0.018500,13.698730,42.720769
3837,sss,0.019288,0.004400,0.018500,20.768799,42.188093
3838,s,0.023128,0.020800,0.018500,27.783691,62.428351
3839,psss,0.002892,0.008450,0.018500,47.184814,29.842287
3840,p,0.003780,0.007550,0.020000,23.574951,31.329849
3841,s,0.023128,0.009600,0.020000,33.679443,52.728351
3842,dp,0.002464,0.009150,0.022000,41.467773,33.614344
3843,pd,0.002977,0.005650,0.018500,61.210938,27.127001
3844,ds,0.002343,0.028550,0.018500,71.114990,49.392513
3845,d,0.002385,0.008450,0.019200,7.475830,30.035393
3846,pd,0.002977,0.012150,0.020000,25.497803,35.127001
3847,pp,0.002838,0.013950,0.019200,45.936523,35.988325
3848,spp,0.018537,0.006200,0.018500,54.873779,43.237181
3849,psp,0.002926,0.004300,0.018500,72.898926,25.725658
3850,d,0.002385,0.006600,0.018500,6.994873,27.485393
3851,dd,0.002426,0.013000,0.019200,14.098145,34.625915
3852,ddd,0.002493,0.004700,0.022000,21.181396,29.193417
3853,sddd,0.017932,0.005400,0.021500,27.934814,44.831734
3854,psdd,0.002888,0.003650,0.019200,46.019287,25.738175
3860,p,0.003780,0.005150,0.018500,17.705322,27.429849
3861,sp,0.018754,0.004850,0.022000,26.953369,45.603690
3862,dsp,0.002685,0.021000,0.022000,34.091553,45.684513
3863,sdsp,0.018148,0.004850,0.021500,40.987305,44.498415
3864,s,0.023128,0.005200,0.019200,47.939941,47.528351
3865,p,0.003780,0.010900,0.019200,19.108398,33.879849
3866,pp,0.002838,0.011700,0.021500,39.844238,36.038325
3867,pp,0.002838,0.004200,0.022000,60.516113,29.038325
3868,pp,0.002838,0.011000,0.021500,81.208984,35.338325
3869,sp,0.018754,0.006900,0.020000,90.844727,45.653690
3855,p,0.003780,0.050300,0.021500,18.313721,75.579849
3856,p,0.003780,0.004400,0.019200,40.181396,27.379849
3857,dp,0.002464,0.007900,0.021500,50.355713,31.864344
3858,pd,0.002977,0.005350,0.022000,69.551270,30.327001
3859,pp,0.002838,0.005350,0.021500,89.843018,29.688325
3870,p,0.003780,0.003850,0.022000,17.812256,29.629849
3871,pp,0.002838,0.004150,0.022000,38.545166,28.988325
3872,pp,0.002838,0.005050,0.021500,59.122070,29.388325
3873,sp,0.018754,0.006300,0.021500,68.321045,46.553690
3874,d,0.002385,0.007650,0.020000,75.535889,30.035393
3875,p,0.003780,0.004150,0.018500,34.538330,26.429849
3876,pp,0.002838,0.005550,0.021500,55.039795,29.888325
3877,pp,0.002838,0.008950,0.019200,75.663574,30.988325
3878,dp,0.002464,0.005200,0.018500,85.203125,26.164344
3879,sdp,0.018492,0.004700,0.021500,92.211426,44.691971
3880,s,0.023128,0.003650,0.018500,8.090088,45.278351
3881,ds,0.002343,0.005550,0.020000,16.248535,27.892513
3882,pds,0.003022,0.005200,0.018500,36.070068,26.721933
3883,dps,0.002445,0.003900,0.020000,46.052246,26.344936
3884,s,0.023128,0.012000,0.019200,53.431396,54.328351
3885,s,0.023128,0.004250,0.019200,6.487061,46.578351
3886,ps,0.002840,0.005200,0.018500,24.964844,26.539786
3887,sps,0.018360,0.004500,0.020000,34.277344,42.860251
3888,ssps,0.018466,0.004950,0.021500,41.119873,44.916056
3890,p,0.003780,0.005200,0.021500,18.332275,30.479849
3891,s,0.023128,0.005750,0.020000,28.412109,48.878351
3892,dp,0.002464,0.010800,0.018500,35.865723,31.764344
3893,ps,0.002840,0.006500,0.018500,54.442139,27.839786
3894,dps,0.002445,0.006450,0.021500,63.981689,30.394936
3895,s,0.023128,0.004650,0.022000,6.216553,49.778351
3896,ps,0.002840,0.003950,0.018500,29.670410,25.289786
3897,dps,0.002445,0.012000,0.018500,39.493164,32.944936
3898,sdps,0.018183,0.004000,0.022000,46.895752,44.182897
3900,s,0.023128,0.004900,0.022000,6.605469,50.028351
3901,ds,0.002343,0.004450,0.018500,14.151855,25.292513
3902,pds,0.003022,0.005550,0.018500,33.015381,27.071933
3903,pps,0.002854,0.004700,0.018500,54.393555,26.054053
3904,dp,0.002464,0.005000,0.018500,66.749756,25.964344
3915,d,0.002385,0.004400,0.020000,7.014160,26.785393
3916,sd,0.018668,0.004150,0.022000,13.975586,44.817773
3917,psd,0.003139,0.006700,0.019200,32.737061,29.038792
3918,dps,0.002445,0.004650,0.019200,42.205078,26.294936
3919,sdps,0.018183,0.005950,0.019200,49.235352,43.332897
3905,s,0.023128,0.004550,0.022000,19.453369,49.678351
3906,ps,0.002840,0.004900,0.021500,38.681885,29.239786
3907,sps,0.018360,0.005750,0.019200,48.068115,43.310251
3908,ssps,0.018466,0.007450,0.020000,55.117920,45.916056
3909,pss,0.002833,0.022500,0.020000,73.393555,45.332709
3910,d,0.002385,0.004900,0.020000,9.182373,27.285393
3911,dd,0.002426,0.004550,0.022000,18.880371,28.975915
3912,sdd,0.018511,0.005150,0.018500,25.929932,42.160933
3913,dsdd,0.002830,0.008250,0.022000,33.125488,33.079964
3914,sdsd,0.018197,0.029550,0.019200,40.035645,66.947164
3920,d,0.002385,0.004300,0.022000,6.706543,28.685393
3921,sd,0.018668,0.009450,0.022000,13.675537,50.117773
3922,dsd,0.002613,0.004650,0.022000,20.810791,29.262551
3923,ddsd,0.002653,0.006700,0.021500,28.546875,30.853469
3924,pdds,0.002946,0.004550,0.020000,46.965088,27.495651
3925,s,0.023128,0.004500,0.020000,23.195312,47.628351
3926,ds,0.002343,0.008000,0.018500,31.031250,28.842513
3927,sds,0.018566,0.004200,0.020000,37.742920,42.766086
3928,psds,0.002945,0.004450,0.020000,55.887939,27.395423
3929,spss,0.018655,0.005750,0.021500,65.131592,45.905113
3930,p,0.003780,0.006000,0.019200,18.198486,28.979849
3931,dp,0.002464,0.004450,0.022000,27.878906,28.914344
3932,pdp,0.002932,0.004950,0.018500,46.166504,26.381683
3933,pp,0.002838,0.005650,0.019200,66.947754,27.688325
3934,d,0.002385,0.007650,0.019200,76.476074,29.235393
3935,p,0.003780,0.008600,0.019200,17.489990,31.579849
3936,pp,0.002838,0.005350,0.021500,38.088135,29.688325
3937,spp,0.018537,0.004650,0.018500,47.405518,41.687181
3938,ssp,0.018787,0.004850,0.021500,54.414307,45.137195
3939,dssp,0.002732,0.012000,0.021500,61.674072,36.231810
3940,d,0.002385,0.004450,0.020000,22.694580,26.835393
3941,dd,0.002426,0.004550,0.021500,30.479736,28.475915
3942,d,0.002385,0.033200,0.021500,38.739014,57.085393
3943,sd,0.018668,0.008800,0.020000,46.391846,47.467773
3944,dd,0.002426,0.007050,0.020000,54.385254,29.475915
3945,s,0.023128,0.005400,0.020000,20.121582,48.528351
3946,ds,0.002343,0.004100,0.019200,28.508301,25.642513
3947,dds,0.002685,0.009100,0.018500,35.548828,30.285273
3948,ddds,0.002761,0.004600,0.022000,42.588867,29.360792
3950,p,0.003780,0.005050,0.020000,17.717041,28.829849
3951,d,0.002385,0.010700,0.021500,27.165283,34.585393
3952,pp,0.002838,0.011800,0.022000,45.325439,36.638325
3953,sp,0.018754,0.006350,0.020000,54.445801,45.103690
3954,dsp,0.002685,0.004300,0.018500,61.786133,25.484513
3955,p,0.003780,0.004750,0.020000,18.015869,28.529849
3956,pp,0.002838,0.004850,0.019200,38.427246,26.888325
3957,dp,0.002464,0.004650,0.019200,47.804932,26.314344
3958,s,0.023128,0.017350,0.020000,54.745361,60.478351
3959,pd,0.002977,0.004850,0.020000,73.244385,27.827001
3960,p,0.003780,0.011100,0.018500,17.637939,33.379849
3961,pp,0.002838,0.007250,0.021500,38.241211,31.588325
3962,spp,0.018537,0.004850,0.022000,47.504395,45.387181
3963,psp,0.002926,0.005100,0.018500,66.228760,26.525658
3964,sps,0.018360,0.004350,0.019200,75.304688,41.910251
3970,s,0.023128,0.005100,0.021500,6.628174,49.728351
3971,ds,0.002343,0.004300,0.019200,13.931152,25.842513
3972,sds,0.018566,0.009100,0.021500,20.893066,49.166086
3973,ssds,0.018930,0.005450,0.021500,27.720459,45.880221
3965,p,0.003780,0.005850,0.021500,17.750488,31.129849
3966,sp,0.018754,0.004900,0.018500,27.113281,42.153690
3967,ssp,0.018787,0.004500,0.019200,34.048584,42.487195
3968,dssp,0.002732,0.004750,0.018500,41.338379,25.981810
3975,p,0.003780,0.003500,0.018500,17.484131,25.779849
3976,pp,0.002838,0.006450,0.020000,38.076660,29.288325
3977,dp,0.002464,0.005200,0.020000,47.645264,27.664344
3978,pdp,0.002932,0.005100,0.021500,65.849365,29.531683
3979,pp,0.002838,0.005900,0.021500,86.164307,30.238325
3980,s,0.023128,0.004650,0.018500,6.386230,46.278351
3981,ds,0.002343,0.004250,0.021500,13.601318,28.092513
3982,s,0.023128,0.015850,0.020000,20.541992,58.978351
3983,dds,0.002685,0.006550,0.022000,28.287842,31.235273
3984,ddds,0.002761,0.013950,0.018500,36.183838,35.210792
3985,d,0.002385,0.013450,0.018500,6.802734,34.335393
3986,sd,0.018668,0.029600,0.022000,13.614258,70.267773
3987,d,0.002385,0.010150,0.018500,20.532715,31.035393
3988,pd,0.002977,0.005450,0.018500,38.731934,26.927001
3989,ss,0.018821,0.017250,0.019200,48.175537,55.270769
3990,p,0.003780,0.006350,0.020000,17.647217,30.129849
3991,pp,0.002838,0.004750,0.022000,37.952637,29.588325
3992,s,0.023128,0.014500,0.021500,47.402588,59.128351
3993,dp,0.002464,0.004750,0.018500,55.335938,25.714344
3994,ddp,0.002502,0.005000,0.019200,63.536377,26.701712
3995,p,0.003780,0.005300,0.019200,17.652100,28.279849
3996,d,0.002385,0.011100,0.018500,27.046387,31.985393
3997,pp,0.002838,0.004400,0.022000,45.256104,29.238325
3998,pp,0.002838,0.004750,0.022000,65.985352,29.588325
3999,sp,0.018754,0.004900,0.021500,75.350098,45.153690
4000,s,0.023128,0.004550,0.020000,17.249023,47.678351
4001,ps,0.002840,0.004800,0.020000,36.148438,27.639786
4002,sps,0.018360,0.004400,0.020000,45.217529,42.760251
4003,ssps,0.018466,0.005450,0.019200,52.136963,43.116056
4005,s,0.023128,0.016150,0.020000,6.330322,59.278351
4006,ss,0.018821,0.005350,0.018500,13.333740,42.670769
4007,sss,0.019288,0.004050,0.021500,20.303955,44.838093
4008,psss,0.002892,0.006950,0.021500,38.746826,31.342287
4010,s,0.023128,0.005100,0.019200,23.398193,47.428351
4011,ds,0.002343,0.004550,0.022000,31.280029,28.892513
4012,pds,0.003022,0.006300,0.022000,49.605957,31.321933
4013,spds,0.018151,0.006050,0.019200,58.910156,43.400699
4014,ssps,0.018466,0.005100,0.021500,65.792725,45.066056
4015,d,0.002385,0.004150,0.018500,22.801270,25.035393
4016,dd,0.002426,0.004800,0.021500,30.928223,28.725915
4017,sdd,0.018511,0.007300,0.020000,38.142578,45.810933
4018,psd,0.003139,0.004750,0.020000,56.788574,27.888792
4019,sps,0.018360,0.004850,0.020000,65.996582,43.210251
4020,d,0.002385,0.005350,0.021500,23.375000,29.235393
4021,dd,0.002426,0.004400,0.022000,31.139160,28.825915
4022,pdd,0.003045,0.005000,0.018500,50.152832,26.544804
4023,pp,0.002838,0.005200,0.021500,70.879883,29.538325
4024,pp,0.002838,0.007050,0.020000,91.508301,29.888325
4025,d,0.002385,0.017100,0.018500,22.780762,37.985393
4026,p,0.003780,0.007850,0.019200,43.001465,30.829849
4027,dp,0.002464,0.012450,0.020000,53.400635,34.914344
4028,d,0.002385,0.016300,0.018500,61.613770,37.185393
4029,pd,0.002977,0.004850,0.021500,81.543457,29.327001
4030,d,0.002385,0.004600,0.020000,24.151367,26.985393
4031,dd,0.002426,0.007850,0.022000,32.060547,32.275915
4032,ddd,0.002493,0.004800,0.019200,39.076904,26.493417
4033,sddd,0.017932,0.005900,0.021500,45.935059,45.331734
4034,dsdd,0.002830,0.008600,0.021500,52.962646,32.929964
4035,p,0.003780,0.004750,0.022000,35.152832,30.529849
4036,dp,0.002464,0.008400,0.019200,45.309570,30.064344
4037,ddp,0.002502,0.005150,0.018500,52.823730,26.151712
4038,dddp,0.002699,0.004400,0.019200,60.072998,26.299161
4039,sddd,0.017932,0.004950,0.022000,67.263672,44.881734
4040,p,0.003780,0.004050,0.019200,19.166992,27.029849
4041,d,0.002385,0.015050,0.020000,29.176758,37.435393
4042,p,0.003780,0.004150,0.020000,48.013672,27.929849
4043,sp,0.018754,0.005150,0.022000,57.379883,45.903690
4044,psp,0.002926,0.005400,0.021500,75.838379,29.825658
4045,s,0.023128,0.004750,0.018500,23.203613,46.378351
4046,ss,0.018821,0.006050,0.018500,30.938721,43.370769
4047,dss,0.002842,0.006450,0.021500,38.267822,30.791615
4048,sdss,0.018223,0.004900,0.018500,45.369385,41.622624
4055,s,0.023128,0.005750,0.019200,16.705322,48.078351
4056,ss,0.018821,0.005300,0.018500,23.877930,42.620769
4057,dss,0.002842,0.004450,0.022000,31.133301,29.291615
4058,pdss,0.002957,0.005500,0.022000,49.432373,30.456682
4059,pp,0.002838,0.005300,0.019200,69.693848,27.338325
4050,s,0.023128,0.005100,0.022000,20.220947,50.228351
4051,ds,0.002343,0.004950,0.021500,27.903076,28.792513
4052,dds,0.002685,0.004550,0.019200,34.959717,26.435273
4053,ddds,0.002761,0.005000,0.021500,41.992188,29.260792
4054,pdds,0.002946,0.004400,0.020000,60.208008,27.345651
4060,s,0.023128,0.006450,0.021500,12.488525,51.078351
4061,ss,0.018821,0.004800,0.020000,21.352783,43.620769
4062,pss,0.002833,0.004550,0.019200,39.787598,26.582709
4063,spss,0.018655,0.005400,0.021500,48.813232,45.555113
4064,ps,0.002840,0.005200,0.021500,66.747803,29.539786
4065,s,0.023128,0.005550,0.019200,8.311035,47.878351
4066,ds,0.002343,0.006400,0.020000,16.719482,28.742513
4067,s,0.023128,0.005200,0.018500,24.020264,46.828351
4068,pds,0.003022,0.007250,0.018500,42.729004,28.771933
4069,dps,0.002445,0.005300,0.020000,52.174561,27.744936
4070,d,0.002385,0.006050,0.021500,8.259277,29.935393
4071,sd,0.018668,0.004350,0.022000,15.449707,45.017773
4072,dsd,0.002613,0.003800,0.022000,22.815430,28.412551
4073,sdsd,0.018197,0.005250,0.020000,29.992920,43.447164
4074,psds,0.002945,0.005700,0.021500,49.614014,30.145423
4075,s,0.023128,0.004300,0.020000,11.465088,47.428351
4076,d,0.002385,0.090350,0.022000,18.711182,114.735393
4077,ps,0.002840,0.010900,0.022000,37.007324,35.739786
4078,dps,0.002445,0.004550,0.021500,46.613770,28.494936
4079,ddps,0.002746,0.004950,0.020000,54.062988,27.695776
4080,d,0.002385,0.007650,0.020000,7.040771,30.035393
4081,pd,0.002977,0.004150,0.022000,26.300537,29.127001
4082,spd,0.018317,0.004750,0.018500,35.637939,41.567325
4083,ssp,0.018787,0.004500,0.020000,43.048828,43.287195
4084,pss,0.002833,0.003800,0.019200,62.038574,25.832709
4085,d,0.002385,0.009050,0.022000,6.716553,33.435393
4086,dd,0.002426,0.013950,0.022000,14.081543,38.375915
4087,ddd,0.002493,0.005350,0.021500,22.381592,29.343417
4088,dddd,0.002612,0.004850,0.022000,29.623779,29.461713
4100,s,0.023128,0.005000,0.018500,22.967773,46.628351
4101,ss,0.018821,0.004400,0.019200,30.497314,42.420769
4102,pss,0.002833,0.007050,0.021500,48.625488,31.382709
4103,ppss,0.002998,0.004700,0.019200,68.807129,26.897567
4104,s,0.023128,0.011200,0.021500,77.749023,55.828351
4090,d,0.002385,0.009550,0.019200,6.585693,31.135393
4091,p,0.003780,0.004900,0.019200,25.030273,27.879849
4092,pp,0.002838,0.004350,0.018500,45.173096,25.688325
4093,s,0.023128,0.009550,0.022000,54.517334,54.678351
4094,sp,0.018754,0.005200,0.022000,61.863770,45.953690
4095,d,0.002385,0.005500,0.020000,6.824219,27.885393
4096,sd,0.018668,0.009100,0.021500,13.731689,49.267773
4097,dsd,0.002613,0.004850,0.020000,20.657715,27.462551
4098,pds,0.003022,0.004650,0.020000,39.071045,27.671933
4099,pps,0.002854,0.006300,0.020000,59.276367,29.154053
4105,d,0.002385,0.005350,0.021500,6.708008,29.235393
4106,dd,0.002426,0.004400,0.018500,14.017334,25.325915
4107,ddd,0.002493,0.004650,0.020000,21.286865,27.143417
4108,pd,0.002977,0.008500,0.019200,40.076416,30.677001
4109,p,0.003780,0.010500,0.021500,60.843506,35.779849
4115,p,0.003780,0.017700,0.018500,21.184082,39.979849
4116,p,0.003780,0.004250,0.021500,41.857910,29.529849
4117,dp,0.002464,0.004950,0.018500,51.595459,25.914344
4118,sdp,0.018492,0.005750,0.020000,58.740234,44.241971
4119,dsdp,0.002604,0.009750,0.020000,66.189453,32.353992
4110,p,0.003780,0.005100,0.018500,34.821045,27.379849
4111,dp,0.002464,0.005350,0.019200,44.427002,27.014344
4112,ddp,0.002502,0.006700,0.019200,51.612061,28.401712
4113,pdd,0.003045,0.004850,0.018500,69.846680,26.394804
4114,pp,0.002838,0.007450,0.022000,90.443604,32.288325
4120,d,0.002385,0.004950,0.020000,9.633057,27.335393
4121,sd,0.018668,0.004200,0.020000,16.701172,42.867773
4122,dsd,0.002613,0.004650,0.020000,23.780273,27.262551
4123,sdsd,0.018197,0.005850,0.021500,30.677246,45.547164
4124,ssds,0.018930,0.004850,0.022000,37.483398,45.780221
4125,d,0.002385,0.005150,0.018500,6.909180,26.035393
4126,s,0.023128,0.009800,0.022000,14.067139,54.928351
4127,dd,0.002426,0.005650,0.018500,21.379883,26.575915
4128,pd,0.002977,0.004500,0.022000,40.475342,29.477001
4129,sp,0.018754,0.005850,0.022000,49.970215,46.603690
4130,d,0.002385,0.005200,0.019200,6.805420,26.785393
4131,pd,0.002977,0.004550,0.022000,25.360840,29.527001
4132,pp,0.002838,0.004350,0.022000,47.644531,29.188325
4133,sp,0.018754,0.006750,0.022000,57.749023,47.503690
4134,dsp,0.002685,0.012900,0.020000,65.581055,35.584513
4140,d,0.002385,0.004450,0.020000,24.144287,26.835393
4141,dd,0.002426,0.005450,0.018500,31.859619,26.375915
4142,sdd,0.018511,0.004350,0.018500,38.657959,41.360933
4143,ssdd,0.018091,0.009200,0.019200,45.726318,46.491216
4144,pss,0.002833,0.004750,0.020000,64.243896,27.582709
4135,s,0.023128,0.006300,0.022000,7.670898,51.428351
4136,ds,0.002343,0.008950,0.021500,16.151367,32.792513
4137,p,0.003780,0.011450,0.020000,39.480225,35.229849
4138,ds,0.002343,0.005400,0.019200,49.450684,26.942513
4139,pd,0.002977,0.005700,0.019200,67.959717,27.877001
4145,d,0.002385,0.005300,0.018500,7.837402,26.185393
4146,sd,0.018668,0.004050,0.018500,15.149658,41.217773
4147,ssd,0.018735,0.004550,0.020000,22.708740,43.284503
4148,pss,0.002833,0.004200,0.022000,41.705322,29.032709
4149,dpss,0.002761,0.004850,0.020000,51.523926,27.610817
4150,p,0.003780,0.005850,0.021500,19.810303,31.129849
4151,sp,0.018754,0.005050,0.018500,29.755371,42.303690
4152,psp,0.002926,0.012150,0.022000,48.521240,37.075658
4153,dps,0.002445,0.004350,0.018500,58.361084,25.294936
4154,pdp,0.002932,0.005450,0.021500,76.850586,29.881683
4155,d,0.002385,0.004750,0.021500,7.044678,28.635393
4156,p,0.003780,0.021000,0.019200,26.335693,43.979849
4157,d,0.002385,0.004950,0.021500,36.006592,28.835393
4158,pd,0.002977,0.005400,0.022000,55.432129,30.377001
4159,dp,0.002464,0.004750,0.021500,65.291504,28.714344
4160,d,0.002385,0.004050,0.020000,6.608398,26.435393
4161,sd,0.018668,0.005950,0.020000,13.635742,44.617773
4162,psd,0.003139,0.004200,0.020000,32.357422,27.338792
4163,pps,0.002854,0.005000,0.019200,53.025635,27.054053
4164,dp,0.002464,0.004350,0.018500,62.403076,25.314344
4165,d,0.002385,0.004150,0.019200,7.003906,25.735393
4166,pd,0.002977,0.004900,0.019200,27.453369,27.077001
4167,pp,0.002838,0.004900,0.018500,47.623779,26.238325
4168,pp,0.002838,0.008950,0.018500,67.650391,30.288325
4169,dp,0.002464,0.004500,0.019200,76.871826,26.164344
4170,s,0.023128,0.005150,0.021500,6.709473,49.778351
4171,ps,0.002840,0.004700,0.019200,26.965576,26.739786
4172,sps,0.018360,0.004350,0.021500,35.931885,44.210251
4173,ssps,0.018466,0.004750,0.018500,42.653809,41.716056
4175,d,0.002385,0.003800,0.018500,6.829834,24.685393
4176,sd,0.018668,0.007550,0.018500,13.889648,44.717773
4177,dsd,0.002613,0.006750,0.019200,21.094971,28.562551
4178,sdsd,0.018197,0.004400,0.020000,28.374512,42.597164
4179,ssds,0.018930,0.004650,0.022000,35.589600,45.580221
4180,p,0.003780,0.005200,0.022000,24.097412,30.979849
4181,pp,0.002838,0.006550,0.022000,44.597168,31.388325
4182,pp,0.002838,0.005250,0.020000,65.244385,28.088325
4183,dpp,0.002514,0.005650,0.022000,74.979980,30.164416
4184,pd,0.002977,0.004750,0.021500,93.632812,29.227001
4185,p,0.003780,0.005700,0.019200,18.250732,28.679849
4186,dp,0.002464,0.003850,0.020000,28.701172,26.314344
4187,pd,0.002977,0.004750,0.020000,49.172607,27.727001
4188,pp,0.002838,0.005300,0.018500,71.034912,26.638325
4189,sp,0.018754,0.004250,0.021500,80.624268,44.503690
4190,s,0.023128,0.003950,0.020000,9.380859,47.078351
4191,ds,0.002343,0.007650,0.019200,24.936768,29.192513
4192,dds,0.002685,0.004450,0.021500,32.360352,28.635273
4193,ddds,0.002761,0.013100,0.022000,39.597412,37.860792
4195,p,0.003780,0.010300,0.018500,17.843994,32.579849
4196,dp,0.002464,0.022800,0.019200,27.219238,44.464344
4197,p,0.003780,0.004850,0.020000,45.672607,28.629849
4198,sp,0.018754,0.005400,0.021500,54.838379,45.653690
4199,dsp,0.002685,0.005550,0.020000,61.996094,28.234513
4200,s,0.023128,0.005550,0.018500,6.503174,47.178351
4201,ss,0.018821,0.004800,0.019200,13.388916,42.820769
4202,sss,0.019288,0.007450,0.021500,20.417480,48.238093
4203,d,0.002385,0.009150,0.022000,27.515869,33.535393
4204,ssss,0.018888,0.005600,0.021500,34.704102,45.988175
4205,d,0.002385,0.004850,0.022000,23.061035,29.235393
4206,pd,0.002977,0.004950,0.022000,48.314697,29.927001
4207,pp,0.002838,0.004350,0.018500,68.448486,25.688325
4208,spp,0.018537,0.009050,0.022000,77.444580,49.587181
4209,dsp,0.002685,0.004700,0.021500,84.377441,28.884513
4210,s,0.023128,0.005150,0.020000,6.650635,48.278351
4211,ss,0.018821,0.006300,0.019200,13.660400,44.320769
4212,pss,0.002833,0.005100,0.022000,31.975098,29.932709
4213,dpss,0.002761,0.004850,0.020000,41.656494,27.610817
4214,pdp,0.002932,0.005100,0.020000,60.142090,28.031683
4215,s,0.023128,0.005850,0.022000,7.974121,50.978351
4216,ss,0.018821,0.005200,0.019200,16.343750,43.220769
4217,pss,0.002833,0.005250,0.021500,35.851562,29.582709
4218,spss,0.018655,0.004500,0.018500,44.859619,41.655113
4220,p,0.003780,0.005150,0.021500,34.030273,30.429849
4221,p,0.003780,0.005200,0.021500,54.359619,30.479849
4222,sp,0.018754,0.004550,0.022000,63.535156,45.303690
4223,ps,0.002840,0.004450,0.021500,81.776367,28.789786
4224,sps,0.018360,0.004900,0.018500,91.016357,41.760251
4225,s,0.023128,0.010650,0.021500,6.188965,55.278351
4226,s,0.023128,0.005450,0.022000,13.073242,50.578351
4227,ss,0.018821,0.004850,0.022000,19.853516,45.670769
4228,pss,0.002833,0.005000,0.021500,38.269531,29.332709
4229,dpss,0.002761,0.004650,0.020000,47.613525,27.410817
4230,d,0.002385,0.005250,0.021500,10.293457,29.135393
4231,dd,0.002426,0.005650,0.022000,20.699951,30.075915
4232,sdd,0.018511,0.004050,0.018500,27.518066,41.060933
4233,dsdd,0.002830,0.004300,0.018500,34.536865,25.629964
4234,ddsd,0.002653,0.004750,0.018500,41.528076,25.903469
4235,s,0.023128,0.009500,0.022000,8.691162,54.628351
4236,ds,0.002343,0.005600,0.018500,15.967773,26.442513
4237,s,0.023128,0.017100,0.020000,22.963867,60.228351
4238,sds,0.018566,0.004950,0.018500,29.841797,42.016086
4239,ssds,0.018930,0.005150,0.018500,36.721436,42.580221
4240,s,0.023128,0.004250,0.021500,23.231445,48.878351
4241,ds,0.002343,0.005100,0.020000,31.200928,27.442513
4242,pds,0.003022,0.004550,0.022000,49.376709,29.571933
4243,spds,0.018151,0.004800,0.022000,58.562012,44.950699
4244,psp,0.002926,0.006050,0.022000,76.720459,30.975658
4245,p,0.003780,0.004550,0.018500,31.077148,26.829849
4246,dp,0.002464,0.005500,0.018500,40.693848,26.464344
4247,pd,0.002977,0.016900,0.018500,58.903076,38.377001
4248,pp,0.002838,0.009500,0.019200,80.317627,31.538325
4249,dpp,0.002514,0.004500,0.018500,90.027100,25.514416
4250,s,0.023128,0.024200,0.020000,6.921143,67.328351
4251,ps,0.002840,0.018850,0.019200,26.028320,40.889786
4252,s,0.023128,0.004800,0.022000,35.396973,49.928351
4253,ss,0.018821,0.004550,0.020000,42.386963,43.370769
4254,pss,0.002833,0.005250,0.021500,60.837402,29.582709
4255,s,0.023128,0.005750,0.018500,6.373047,47.378351
4256,s,0.023128,0.004350,0.021500,13.722900,48.978351
4257,ds,0.002343,0.004550,0.018500,21.146729,25.392513
4258,dds,0.002685,0.004400,0.021500,29.002197,28.585273
4259,ddds,0.002761,0.005400,0.020000,36.986084,28.160792
4260,p,0.003780,0.006000,0.022000,35.099609,31.779849
4261,dp,0.002464,0.004900,0.021500,44.883545,28.864344
4262,sdp,0.018492,0.005250,0.021500,51.972412,45.241971
4263,p,0.003780,0.008950,0.022000,70.493896,34.729849
4264,dp,0.002464,0.008200,0.022000,80.027832,32.664344
4265,p,0.003780,0.004300,0.019200,17.527344,27.279849
4266,dp,0.002464,0.007250,0.019200,27.049805,28.914344
4267,sdp,0.018492,0.005950,0.019200,33.969971,43.641971
4268,dsdp,0.002604,0.005500,0.022000,41.069092,30.103992
4269,pds,0.003022,0.005500,0.021500,59.730469,30.021933
4270,p,0.003780,0.005450,0.021500,36.244141,30.729849
4271,sp,0.018754,0.007450,0.020000,45.490723,46.203690
4272,psp,0.002926,0.004900,0.020000,64.081299,27.825658
4273,pps,0.002854,0.006400,0.022000,85.138672,31.254053
4274,sp,0.018754,0.004350,0.019200,94.447021,42.303690
4280,d,0.002385,0.005200,0.018500,6.658936,26.085393
4281,sd,0.018668,0.005500,0.020000,13.758301,44.167773
4282,dsd,0.002613,0.005200,0.020000,21.044434,27.812551
4283,ddsd,0.002653,0.012150,0.022000,28.498779,36.803469
4284,pdds,0.002946,0.005300,0.018500,47.056885,26.745651
4275,s,0.023128,0.007350,0.020000,22.773926,50.478351
4276,ps,0.002840,0.005300,0.020000,41.929688,28.139786
4277,dps,0.002445,0.010350,0.019200,51.370117,31.994936
4278,sdps,0.018183,0.004700,0.019200,58.350586,42.082897
4279,psd,0.003139,0.005200,0.021500,76.814941,29.838792
4285,d,0.002385,0.006900,0.020000,6.896729,29.285393
4286,dd,0.002426,0.009050,0.021500,14.415283,32.975915
4287,sdd,0.018511,0.003900,0.021500,21.598877,43.910933
4288,ssdd,0.018091,0.005300,0.021500,28.824219,44.891216
4289,pssd,0.002940,0.003950,0.018500,47.253418,25.389578
4295,p,0.003780,0.008000,0.020000,24.759521,31.779849
4296,dp,0.002464,0.004400,0.022000,34.455566,28.864344
4297,ddp,0.002502,0.004750,0.021500,41.802979,28.751712
4298,dddp,0.002699,0.006400,0.021500,49.170654,30.599161
4290,d,0.002385,0.005400,0.019200,20.055420,26.985393
4291,sd,0.018668,0.009450,0.018500,27.119629,46.617773
4292,dsd,0.002613,0.005050,0.021500,34.066650,29.162551
4293,sdsd,0.018197,0.006400,0.019200,40.807861,43.797164
4294,psds,0.002945,0.005200,0.018500,59.092773,26.645423
4300,d,0.002385,0.013100,0.020000,23.432617,35.485393
4301,p,0.003780,0.004550,0.021500,42.916016,29.829849
4302,dp,0.002464,0.004050,0.018500,52.812988,25.014344
4303,sdp,0.018492,0.005400,0.020000,59.958008,43.891971
4304,ssdp,0.018187,0.004600,0.020000,67.166992,42.787445
4305,d,0.002385,0.004300,0.019200,6.770996,25.885393
4306,dd,0.002426,0.004600,0.021500,14.083008,28.525915
4307,pdd,0.003045,0.005250,0.018500,32.593262,26.794804
4308,pp,0.002838,0.004700,0.020000,53.393311,27.538325
4309,sp,0.018754,0.004150,0.022000,63.062012,44.903690
4310,p,0.003780,0.005150,0.021500,36.110840,30.429849
4311,dp,0.002464,0.012900,0.020000,47.051758,35.364344
4312,sdp,0.018492,0.006050,0.019200,54.746338,43.741971
4313,psd,0.003139,0.008250,0.019200,74.178223,30.588792
4314,pps,0.002854,0.004050,0.021500,95.145264,28.404053
4315,s,0.023128,0.004250,0.022000,6.498779,49.378351
4316,ps,0.002840,0.004550,0.018500,26.417236,25.889786
4317,d,0.002385,0.006150,0.020000,35.673096,28.535393
4318,ps,0.002840,0.005550,0.021500,53.987793,29.889786
4319,dp,0.002464,0.004850,0.019200,63.523193,26.514344
4320,p,0.003780,0.005100,0.019200,18.218994,28.079849
4321,dp,0.002464,0.006450,0.020000,28.303223,28.914344
4322,sdp,0.018492,0.005850,0.018500,35.597412,42.841971
4323,psd,0.003139,0.004700,0.021500,54.601562,29.338792
4324,dps,0.002445,0.005100,0.020000,64.617432,27.544936
4325,d,0.002385,0.005600,0.022000,6.637451,29.985393
4326,sd,0.018668,0.004750,0.019200,13.638916,42.617773
4327,dsd,0.002613,0.006000,0.022000,20.984863,30.612551
4328,ddsd,0.002653,0.005700,0.018500,28.295654,26.853469
4330,p,0.003780,0.004350,0.020000,19.492432,28.129849
4331,pp,0.002838,0.004400,0.020000,41.758789,27.238325
4332,dp,0.002464,0.005650,0.021500,51.700928,29.614344
4333,pd,0.002977,0.007400,0.020000,70.637939,30.377001
4334,pp,0.002838,0.004700,0.018500,91.547852,26.038325
4335,d,0.002385,0.005650,0.022000,6.861328,30.035393
4336,sd,0.018668,0.010450,0.022000,13.852539,51.117773
4337,ssd,0.018735,0.006300,0.020000,20.717773,45.034503
4338,sssd,0.017999,0.004450,0.021500,27.640137,43.948568
4345,d,0.002385,0.009450,0.021500,18.043701,33.335393
4346,dd,0.002426,0.005850,0.021500,25.761475,29.775915
4347,sdd,0.018511,0.004450,0.021500,32.547852,44.460933
4348,psd,0.003139,0.007350,0.018500,51.744629,28.988792
4349,dps,0.002445,0.008750,0.022000,61.598389,33.194936
4340,p,0.003780,0.004500,0.019200,17.779785,27.479849
4341,sp,0.018754,0.005500,0.022000,26.824463,46.253690
4342,s,0.023128,0.010100,0.020000,33.550049,53.228351
4343,ps,0.002840,0.004450,0.021500,51.554688,28.789786
4344,sps,0.018360,0.004900,0.020000,60.547607,43.260251
4350,d,0.002385,0.007800,0.019200,17.530029,29.385393
4351,p,0.003780,0.005500,0.021500,36.148682,30.779849
4352,pp,0.002838,0.004800,0.021500,56.650391,29.138325
4353,spp,0.018537,0.005550,0.019200,65.989014,43.287181
4354,dsp,0.002685,0.004550,0.018500,73.260254,25.734513
4355,s,0.023128,0.005700,0.019200,6.686523,48.028351
4356,ds,0.002343,0.005150,0.020000,14.095459,27.492513
4357,dds,0.002685,0.009000,0.020000,21.423340,31.685273
4358,pdds,0.002946,0.005700,0.020000,39.856934,28.645651
4359,s,0.023128,0.017350,0.022000,49.231934,62.478351
4365,d,0.002385,0.004050,0.022000,6.873047,28.435393
4366,s,0.023128,0.090350,0.022000,14.297607,135.478351
4367,dd,0.002426,0.004500,0.022000,21.699707,28.925915
4368,sdd,0.018511,0.004400,0.018500,28.833008,41.410933
4369,dsd,0.002613,0.005850,0.018500,36.093750,26.962551
4360,d,0.002385,0.005600,0.020000,6.614258,27.985393
4361,pd,0.002977,0.006750,0.022000,25.303223,31.727001
4362,dp,0.002464,0.006050,0.019200,36.262939,27.714344
4363,pdp,0.002932,0.005750,0.018500,54.815430,27.181683
4364,sp,0.018754,0.005400,0.022000,64.109375,46.153690
4370,p,0.003780,0.004550,0.018500,35.371094,26.829849
4371,sp,0.018754,0.006050,0.020000,44.736572,44.803690
4372,dsp,0.002685,0.006350,0.021500,51.884033,30.534513
4373,sdsp,0.018148,0.004850,0.018500,58.842773,41.498415
4374,dsds,0.002713,0.005550,0.021500,66.045166,29.763025
4375,d,0.002385,0.005350,0.020000,23.412354,27.735393
4376,s,0.023128,0.007800,0.018500,30.949707,49.428351
4377,ss,0.018821,0.015450,0.018500,37.737305,52.770769
4378,p,0.003780,0.004450,0.019200,55.821289,27.429849
4379,dss,0.002842,0.017450,0.022000,65.240479,42.291615
4380,d,0.002385,0.006050,0.022000,6.775879,30.435393
4381,sd,0.018668,0.004050,0.019200,13.939209,41.917773
4382,psd,0.003139,0.006700,0.019200,32.779053,29.038792
4383,p,0.003780,0.016300,0.018500,53.504639,38.579849
4384,p,0.003780,0.004850,0.018500,73.966064,27.129849
4390,s,0.023128,0.005100,0.021500,6.579834,49.728351
4391,ss,0.018821,0.004200,0.021500,13.632812,44.520769
4392,sss,0.019288,0.004350,0.022000,20.475342,45.638093
4393,psss,0.002892,0.016150,0.021500,39.764648,40.542287
4385,s,0.023128,0.005250,0.021500,8.987305,49.878351
4386,d,0.002385,0.013400,0.021500,16.642578,37.285393
4387,ss,0.018821,0.004550,0.020000,23.870605,43.370769
4388,sss,0.019288,0.005600,0.018500,30.726074,43.388093
4389,psss,0.002892,0.004650,0.020000,49.531006,27.542287
4400,s,0.023128,0.004800,0.018500,6.386963,46.428351
4401,ds,0.002343,0.005450,0.022000,14.051270,29.792513
4402,sds,0.018566,0.005450,0.018500,21.759033,42.516086
4403,dsds,0.002713,0.004200,0.020000,29.609863,26.913025
4395,d,0.002385,0.070050,0.022000,6.786621,94.435393
4396,p,0.003780,0.007900,0.019200,25.023926,30.879849
4397,sp,0.018754,0.005500,0.021500,34.207031,45.753690
4398,psp,0.002926,0.005150,0.020000,53.015625,28.075658
4399,pps,0.002854,0.004750,0.020000,73.753418,27.604053
4405,p,0.003780,0.004450,0.022000,17.719238,30.229849
4406,pp,0.002838,0.005150,0.018500,37.896484,26.488325
4407,spp,0.018537,0.014100,0.020000,46.881592,52.637181
4408,ssp,0.018787,0.004550,0.021500,53.610107,44.837195
4409,dssp,0.002732,0.004550,0.021500,60.676514,28.781810
4410,d,0.002385,0.004950,0.018500,22.270020,25.835393
4411,dd,0.002426,0.004750,0.020000,30.026611,27.175915
4412,pd,0.002977,0.007900,0.020000,48.187744,30.877001
4413,sp,0.018754,0.006950,0.019200,57.564697,44.903690
4414,dsp,0.002685,0.006750,0.018500,64.605225,27.934513
4415,p,0.003780,0.005900,0.019200,18.555176,28.879849
4416,dp,0.002464,0.004600,0.021500,28.638916,28.564344
4417,s,0.023128,0.015050,0.020000,35.863525,58.178351
4418,ddp,0.002502,0.004700,0.020000,43.524658,27.201712
4419,pd,0.002977,0.004500,0.018500,61.738037,25.977001
4420,p,0.003780,0.007350,0.021500,17.790039,32.629849
4421,dp,0.002464,0.005150,0.022000,27.416260,29.614344
4422,ddp,0.002502,0.007900,0.020000,34.722168,30.401712
4423,pdd,0.003045,0.005550,0.018500,53.504395,27.094804
4424,pp,0.002838,0.008550,0.022000,73.853516,33.388325
4425,s,0.023128,0.004750,0.022000,6.311768,49.878351
4426,ps,0.002840,0.004650,0.018500,24.718750,25.989786
4427,pps,0.002854,0.008600,0.019200,46.053467,30.654053
4428,dp,0.002464,0.005300,0.021500,56.547852,29.264344
4429,ddp,0.002502,0.004750,0.018500,64.511963,25.751712
4430,d,0.002385,0.007400,0.022000,9.480957,31.785393
4431,dd,0.002426,0.007250,0.020000,16.556396,29.675915
4432,ddd,0.002493,0.006250,0.019200,23.616455,27.943417
4433,sddd,0.017932,0.006950,0.021500,30.424316,46.381734
4434,s,0.023128,0.014750,0.019200,37.143066,57.078351
4435,p,0.003780,0.013100,0.021500,18.081055,38.379849
4436,d,0.002385,0.004500,0.018500,27.670166,25.385393
4437,dd,0.002426,0.005100,0.019200,34.690186,26.725915
4438,ddd,0.002493,0.004500,0.018500,42.078125,25.493417
4439,pdd,0.003045,0.004700,0.018500,60.147949,26.244804
4440,s,0.023128,0.005100,0.018500,6.441650,46.728351
4441,ss,0.018821,0.004850,0.018500,13.420410,42.170769
4442,pss,0.002833,0.004300,0.020000,31.600586,27.132709
4443,ppss,0.002998,0.004750,0.020000,52.117188,27.747567
4444,pp,0.002838,0.007100,0.022000,72.411377,31.938325
4445,p,0.003780,0.009550,0.018500,21.077637,31.829849
4446,pp,0.002838,0.005600,0.022000,42.575928,30.438325
4447,p,0.003780,0.116850,0.022000,63.253418,142.629849
4448,sp,0.018754,0.005300,0.021500,72.357910,45.553690
4449,dp,0.002464,0.047400,0.022000,79.488525,71.864344
4450,s,0.023128,0.006450,0.021500,6.578857,51.078351
4451,ps,0.002840,0.007350,0.022000,25.169678,32.189786
4452,dps,0.002445,0.005200,0.018500,34.834473,26.144936
4453,ddps,0.002746,0.005300,0.019200,42.365479,27.245776
4455,d,0.002385,0.005600,0.019200,23.852295,27.185393
4456,pd,0.002977,0.005600,0.018500,43.185059,27.077001
4457,pp,0.002838,0.007350,0.019200,63.906738,29.388325
4458,sp,0.018754,0.004950,0.022000,73.307129,45.703690
4459,ssp,0.018787,0.006000,0.021500,80.204102,46.287195
4460,s,0.023128,0.005650,0.018500,23.213135,47.278351
4461,ps,0.002840,0.005450,0.020000,44.701416,28.289786
4462,dps,0.002445,0.009450,0.018500,55.540283,30.394936
4463,pd,0.002977,0.005000,0.019200,75.422607,27.177001
4464,pp,0.002838,0.005400,0.018500,96.867432,26.738325
4465,d,0.002385,0.005300,0.019200,6.816895,26.885393
4466,pd,0.002977,0.022500,0.018500,24.983887,43.977001
4467,dp,0.002464,0.005700,0.022000,34.265381,30.164344
4468,pdp,0.002932,0.004700,0.019200,52.230225,26.831683
4469,dpdp,0.002699,0.006050,0.020000,61.537354,28.748646
4470,d,0.002385,0.006700,0.020000,6.836182,29.085393
4471,pd,0.002977,0.004500,0.019200,25.264893,26.677001
4472,dpd,0.002513,0.007250,0.018500,35.128662,28.262673
4473,ddp,0.002502,0.004150,0.020000,42.409424,26.651712
4474,sddp,0.017807,0.005150,0.019200,49.333984,42.156817
4475,s,0.023128,0.005000,0.018500,9.498779,46.628351
4476,ss,0.018821,0.004450,0.020000,17.020020,43.270769
4477,pss,0.002833,0.004250,0.021500,37.093750,28.582709
4478,s,0.023128,0.020400,0.021500,47.429688,65.028351
4479,dpss,0.002761,0.005000,0.022000,54.746094,29.760817
4480,d,0.002385,0.003500,0.021500,19.251953,27.385393
4481,pd,0.002977,0.006400,0.021500,42.567871,30.877001
4482,sp,0.018754,0.011100,0.019200,51.664062,49.053690
4483,psp,0.002926,0.009750,0.020000,69.799072,32.675658
4484,sps,0.018360,0.006400,0.020000,78.969971,44.760251
4485,s,0.023128,0.004500,0.019200,20.782715,46.828351
4486,s,0.023128,0.017850,0.021500,28.318359,62.478351
4487,ds,0.002343,0.004950,0.021500,35.634033,28.792513
4488,sds,0.018566,0.004900,0.019200,42.541992,42.666086
4489,ps,0.002840,0.014300,0.021500,60.797363,38.639786
4490,p,0.003780,0.004550,0.022000,26.474365,30.329849
4491,p,0.003780,0.011400,0.022000,47.187012,37.179849
4492,d,0.002385,0.004450,0.020000,56.923340,26.835393
4493,sd,0.018668,0.005900,0.022000,63.962646,46.567773
4494,dsd,0.002613,0.004900,0.018500,71.329102,26.012551
4495,s,0.023128,0.006000,0.022000,6.514893,51.128351
4496,ds,0.002343,0.004500,0.018500,13.889893,25.342513
4497,dds,0.002685,0.004500,0.021500,21.175049,28.685273
4498,sdds,0.018154,0.004550,0.021500,27.996582,44.203743
4500,s,0.023128,0.009050,0.018500,6.636963,50.678351
4501,ds,0.002343,0.004400,0.018500,13.848877,25.242513
4502,pds,0.003022,0.008000,0.018500,32.601318,29.521933
4503,sps,0.018360,0.006450,0.022000,41.965088,46.810251
4504,psp,0.002926,0.005750,0.019200,60.768555,27.875658
4505,p,0.003780,0.005100,0.021500,18.058838,30.379849
4506,dp,0.002464,0.004500,0.022000,27.612793,28.964344
4507,sdp,0.018492,0.004700,0.022000,34.725098,45.191971
4508,psd,0.003139,0.006500,0.019200,53.849365,28.838792
4509,dps,0.002445,0.008950,0.021500,63.401611,32.894936
4510,p,0.003780,0.011700,0.019200,17.732178,34.679849
4511,s,0.023128,0.013900,0.022000,26.932373,59.028351
4512,dp,0.002464,0.005150,0.018500,34.056885,26.114344
4513,pd,0.002977,0.005550,0.019200,52.428467,27.727001
4514,pp,0.002838,0.011000,0.020000,73.033691,33.838325
4515,p,0.003780,0.007350,0.021500,18.171143,32.629849
4516,dp,0.002464,0.006450,0.022000,27.651611,30.914344
4517,pdp,0.002932,0.017750,0.020000,46.084473,40.681683
4518,dpd,0.002513,0.004750,0.022000,55.523926,29.262673
4519,pdp,0.002932,0.013100,0.020000,73.971680,36.031683
4520,d,0.002385,0.004850,0.019200,21.736328,26.435393
4521,dd,0.002426,0.012000,0.020000,29.460449,34.425915
4522,pdd,0.003045,0.006000,0.018500,48.094971,27.544804
4523,dpd,0.002513,0.005200,0.018500,57.569580,26.212673
4524,ddp,0.002502,0.009200,0.021500,65.488525,33.201712
4525,s,0.023128,0.004150,0.022000,6.276855,49.278351
4526,ps,0.002840,0.004700,0.020000,24.502441,27.539786
4527,sps,0.018360,0.009450,0.022000,33.535889,49.810251
4528,psps,0.002923,0.004700,0.020000,51.642822,27.622585
4529,sps,0.018360,0.005650,0.021500,60.672852,45.510251
4530,d,0.002385,0.004400,0.020000,13.596680,26.785393
4531,dd,0.002426,0.005350,0.019200,21.002441,26.975915
4532,pdd,0.003045,0.004800,0.018500,39.032471,26.344804
4533,sp,0.018754,0.005400,0.020000,48.223389,44.153690
4534,ssp,0.018787,0.005350,0.019200,55.050293,43.337195
4535,p,0.003780,0.011000,0.022000,17.936768,36.779849
4536,sp,0.018754,0.004900,0.021500,27.733154,45.153690
4537,ssp,0.018787,0.004350,0.022000,35.277344,45.137195
4538,pss,0.002833,0.005000,0.020000,55.277100,27.832709
4539,dpss,0.002761,0.007300,0.019200,65.275391,29.260817
4540,d,0.002385,0.005300,0.018500,9.620850,26.185393
4541,p,0.003780,0.005700,0.022000,35.882324,31.479849
4542,pp,0.002838,0.004900,0.018500,56.691406,26.238325
4543,pp,0.002838,0.004900,0.019200,78.016357,26.938325
4544,dp,0.002464,0.005250,0.022000,87.585693,29.714344
4550,p,0.003780,0.005900,0.020000,17.692627,29.679849
4551,dp,0.002464,0.007850,0.018500,27.237549,28.814344
4552,ddp,0.002502,0.004850,0.019200,34.472900,26.551712
4553,dddp,0.002699,0.005100,0.022000,41.742920,29.799161
4554,dddd,0.002612,0.010450,0.019200,48.828125,32.261713
4545,p,0.003780,0.005500,0.019200,17.582275,28.479849
4546,sp,0.018754,0.005700,0.021500,26.749023,45.953690
4547,dsp,0.002685,0.011700,0.022000,33.754883,36.384513
4548,sdsp,0.018148,0.004200,0.020000,40.524658,42.348415
4549,psds,0.002945,0.004800,0.019200,58.457031,26.945423
4555,s,0.023128,0.005750,0.020000,14.147217,48.878351
4556,ss,0.018821,0.003650,0.020000,21.690430,42.470769
4557,dss,0.002842,0.005100,0.021500,29.399414,29.441615
4558,pdss,0.002957,0.008400,0.020000,48.804443,31.356682
4560,p,0.003780,0.003850,0.018500,18.197754,26.129849
4561,pp,0.002838,0.003800,0.018500,41.669189,25.138325
4562,dp,0.002464,0.003850,0.021500,50.983154,27.814344
4563,sdp,0.018492,0.004400,0.022000,57.859131,44.891971
4564,ssdp,0.018187,0.008250,0.020000,64.600342,46.437445
4565,d,0.002385,0.005850,0.019200,7.185059,27.435393
4566,sd,0.018668,0.004650,0.020000,17.025635,43.317773
4567,ps,0.002840,0.004150,0.021500,35.057861,28.489786
4568,sps,0.018360,0.005400,0.020000,44.062012,43.760251
4569,psp,0.002926,0.008250,0.018500,62.494629,29.675658
4570,d,0.002385,0.016150,0.021500,6.750244,40.035393
4571,pd,0.002977,0.004450,0.020000,25.066895,27.427001
4572,dpd,0.002513,0.004400,0.020000,34.546631,26.912673
4573,pd,0.002977,0.005850,0.022000,53.712402,30.827001
4574,sp,0.018754,0.004750,0.020000,63.641357,43.503690
4575,d,0.002385,0.005400,0.020000,6.693115,27.785393
4576,sd,0.018668,0.004700,0.018500,13.810547,41.867773
4577,ssd,0.018735,0.005150,0.021500,20.877197,45.384503
4578,dssd,0.002931,0.007650,0.019200,27.885742,29.781476
4579,pdss,0.002957,0.005100,0.022000,46.076416,30.056682
4580,p,0.003780,0.005200,0.020000,35.896240,28.979849
4581,sp,0.018754,0.013000,0.022000,45.110107,53.753690
4582,psp,0.002926,0.004600,0.018500,63.284912,26.025658
4583,pps,0.002854,0.009050,0.020000,84.038574,31.904053
4584,pp,0.002838,0.005150,0.022000,104.591797,29.988325
4585,d,0.002385,0.007650,0.022000,22.883057,32.035393
4586,sd,0.018668,0.005650,0.021500,30.351074,45.817773
4587,dsd,0.002613,0.006400,0.020000,37.382812,29.012551
4588,ddsd,0.002653,0.004600,0.021500,44.491455,28.753469
4590,p,0.003780,0.003950,0.019200,18.190674,26.929849
4591,sp,0.018754,0.006000,0.022000,27.409912,46.753690
4592,dsp,0.002685,0.004350,0.018500,34.596436,25.534513
4593,sdsp,0.018148,0.008450,0.018500,41.487305,45.098415
4594,ssds,0.018930,0.004550,0.019200,48.375000,42.680221
4595,p,0.003780,0.006400,0.021500,19.737061,31.679849
4596,pp,0.002838,0.004950,0.022000,40.408447,29.788325
4597,spp,0.018537,0.005300,0.019200,49.590332,43.037181
4598,psp,0.002926,0.004800,0.020000,67.713623,27.725658
4599,p,0.003780,0.056400,0.020000,88.095703,80.179849
4600,d,0.002385,0.006000,0.020000,6.630127,28.385393
4601,dd,0.002426,0.008150,0.022000,13.800049,32.575915
4602,sdd,0.018511,0.005850,0.020000,20.730713,44.360933
4603,dsdd,0.002830,0.004450,0.022000,27.864990,29.279964
4610,d,0.002385,0.028900,0.019200,6.880371,50.485393
4611,p,0.003780,0.006650,0.019200,25.198242,29.629849
4612,sp,0.018754,0.004300,0.021500,34.328125,44.553690
4613,psp,0.002926,0.010550,0.018500,52.520752,31.975658
4614,pps,0.002854,0.005100,0.019200,72.933594,27.154053
4605,d,0.002385,0.005550,0.022000,6.645752,29.935393
4606,dd,0.002426,0.006550,0.019200,13.897705,28.175915
4607,d,0.002385,0.007600,0.019200,21.202881,29.185393
4608,ddd,0.002493,0.006400,0.019200,28.458740,28.093417
4609,pd,0.002977,0.006300,0.018500,47.871826,27.777001
4615,d,0.002385,0.004150,0.021500,7.366699,28.035393
4616,pd,0.002977,0.005400,0.022000,26.762451,30.377001
4617,sp,0.018754,0.005250,0.021500,36.299072,45.503690
4618,dsp,0.002685,0.005800,0.019200,43.657471,27.684513
4619,pds,0.003022,0.004400,0.018500,62.364014,25.921933
4620,d,0.002385,0.004600,0.019200,7.056641,26.185393
4621,dd,0.002426,0.008400,0.022000,15.071289,32.825915
4622,pd,0.002977,0.009450,0.022000,36.286133,34.427001
4623,spd,0.018317,0.004600,0.019200,46.285645,42.117325
4624,dsp,0.002685,0.005650,0.019200,53.687744,27.534513
4630,d,0.002385,0.013950,0.021500,10.251709,37.835393
4631,dd,0.002426,0.005650,0.021500,17.525635,29.575915
4632,pdd,0.003045,0.005650,0.021500,36.218506,30.194804
4633,pp,0.002838,0.006450,0.021500,57.197266,30.788325
4634,s,0.023128,0.017350,0.018500,66.503906,58.978351
4625,p,0.003780,0.004850,0.020000,34.196533,28.629849
4626,sp,0.018754,0.004450,0.019200,43.559814,42.403690
4627,ssp,0.018787,0.004950,0.018500,50.490479,42.237195
4628,sssp,0.018690,0.004900,0.022000,57.399658,45.589656
4629,dsss,0.003039,0.005300,0.018500,64.615234,26.838978
4635,p,0.003780,0.004400,0.019200,33.093262,27.379849
4636,dp,0.002464,0.006450,0.022000,43.673340,30.914344
4637,ddp,0.002502,0.004550,0.021500,50.918701,28.551712
4638,pdd,0.003045,0.005750,0.018500,69.270020,27.294804
4639,pp,0.002838,0.004500,0.019200,89.709229,26.538325
4640,p,0.003780,0.004350,0.022000,17.807373,30.129849
4641,dp,0.002464,0.004750,0.022000,27.292725,29.214344
4642,pdp,0.002932,0.005600,0.018500,45.781982,27.031683
4643,spd,0.018317,0.005100,0.022000,55.318359,45.417325
4644,dsp,0.002685,0.004750,0.019200,62.923584,26.634513
4650,d,0.002385,0.004700,0.019200,6.670654,26.285393
4651,dd,0.002426,0.005400,0.021500,13.857422,29.325915
4652,ddd,0.002493,0.005000,0.021500,21.371338,28.993417
4653,pdd,0.003045,0.005200,0.021500,40.007080,29.744804
4654,pp,0.002838,0.005350,0.021500,60.869385,29.688325
4645,d,0.002385,0.004550,0.022000,6.873779,28.935393
4646,dd,0.002426,0.005200,0.018500,14.197021,26.125915
4647,pdd,0.003045,0.005400,0.018500,32.959961,26.944804
4648,pp,0.002838,0.004400,0.022000,57.046631,29.238325
4649,p,0.003780,0.012050,0.022000,77.594727,37.829849
4655,d,0.002385,0.006450,0.022000,7.100830,30.835393
4656,sd,0.018668,0.005650,0.019200,14.373047,43.517773
4657,ssd,0.018735,0.005700,0.021500,21.534668,45.934503
4658,dssd,0.002931,0.004450,0.018500,28.617188,25.881476
4660,p,0.003780,0.006950,0.022000,34.184082,32.729849
4661,sp,0.018754,0.004550,0.018500,43.363770,41.803690
4662,psp,0.002926,0.005550,0.020000,61.375244,28.475658
4663,pps,0.002854,0.004000,0.018500,81.943848,25.354053
4664,sp,0.018754,0.007250,0.022000,91.150879,48.003690
4665,d,0.002385,0.005700,0.020000,24.039062,28.085393
4666,sd,0.018668,0.004050,0.019200,31.368652,41.917773
4667,ssd,0.018735,0.005350,0.020000,38.140625,44.084503
4668,sssd,0.017999,0.004750,0.022000,44.937256,44.748568
4669,psss,0.002892,0.004450,0.018500,63.560059,25.842287
4670,s,0.023128,0.004950,0.020000,6.784424,48.078351
4671,ps,0.002840,0.005300,0.020000,26.061523,28.139786
4672,pps,0.002854,0.004550,0.020000,47.095947,27.404053
4673,p,0.003780,0.009550,0.019200,68.454102,32.529849
4674,s,0.023128,0.005200,0.021500,77.786621,49.828351
4675,s,0.023128,0.004700,0.022000,23.319092,49.828351
4676,ds,0.002343,0.004400,0.022000,31.265625,28.742513
4677,sds,0.018566,0.005050,0.018500,38.391113,42.116086
4678,ssds,0.018930,0.004200,0.019200,45.858887,42.330221
4680,d,0.002385,0.004300,0.018500,6.572021,25.185393
4681,sd,0.018668,0.004600,0.020000,13.538330,43.267773
4682,d,0.002385,0.012750,0.018500,20.727295,33.635393
4683,ps,0.002840,0.005350,0.022000,39.750977,30.189786
4684,dps,0.002445,0.007000,0.021500,49.403564,30.944936
4685,s,0.023128,0.005000,0.022000,7.089600,50.128351
4686,d,0.002385,0.012200,0.022000,15.216553,36.585393
4687,ds,0.002343,0.006700,0.019200,23.343262,28.242513
4688,sds,0.018566,0.004450,0.018500,30.827637,41.516086
4689,dsds,0.002713,0.003500,0.022000,38.283203,28.213025
4690,d,0.002385,0.005150,0.021500,6.909424,29.035393
4691,pd,0.002977,0.005400,0.018500,25.551514,26.877001
4692,spd,0.018317,0.006000,0.021500,34.790039,45.817325
4693,ps,0.002840,0.004150,0.021500,53.654053,28.489786
4694,dps,0.002445,0.004500,0.019200,63.388916,26.144936
4695,p,0.003780,0.006400,0.020000,19.880371,30.179849
4696,sp,0.018754,0.010550,0.018500,29.231445,47.803690
4697,dsp,0.002685,0.004550,0.022000,36.682373,29.234513
4698,s,0.023128,0.007000,0.018500,43.955078,48.628351
4699,sds,0.018566,0.005850,0.020000,50.985596,44.416086
4700,s,0.023128,0.006050,0.020000,20.862549,49.178351
4701,ps,0.002840,0.017350,0.019200,40.020752,39.389786
4702,sps,0.018360,0.005450,0.020000,49.361572,43.810251
4703,ssps,0.018466,0.004850,0.021500,56.293457,44.816056
4704,p,0.003780,0.005200,0.020000,74.726318,28.979849
4705,d,0.002385,0.004150,0.021500,6.543701,28.035393
4706,d,0.002385,0.015350,0.021500,13.887207,39.235393
4707,sd,0.018668,0.009850,0.021500,20.775146,50.017773
4708,sd,0.018668,0.029550,0.022000,27.608398,70.217773
4709,ds,0.002343,0.011700,0.021500,34.815186,35.542513
4710,s,0.023128,0.005550,0.018500,6.397705,47.178351
4711,ds,0.002343,0.006300,0.020000,13.883057,28.642513
4712,dds,0.002685,0.004850,0.019200,21.083252,26.735273
4713,sdds,0.018154,0.029550,0.022000,28.082520,69.703743
4714,psds,0.002945,0.005350,0.020000,46.400146,28.295423
4715,d,0.002385,0.013000,0.019200,6.858643,34.585393
4716,pd,0.002977,0.004150,0.018500,25.327881,25.627001
4717,spd,0.018317,0.005750,0.020000,34.486816,44.067325
4718,dsp,0.002685,0.004600,0.018500,41.991455,25.784513
4719,ddsp,0.002864,0.005850,0.018500,49.392090,27.213565
4720,p,0.003780,0.004550,0.020000,35.076660,28.329849
4721,sp,0.018754,0.004850,0.022000,44.332764,45.603690
4722,psp,0.002926,0.006550,0.021500,62.626953,30.975658
4723,sps,0.018360,0.005800,0.022000,71.878174,46.160251
4724,psp,0.002926,0.005100,0.021500,90.466553,29.525658
4725,p,0.003780,0.007150,0.019200,26.317139,30.129849
4726,sp,0.018754,0.017250,0.021500,36.446777,57.503690
4727,p,0.003780,0.005450,0.020000,60.092773,29.229849
4728,dp,0.002464,0.005000,0.018500,69.699463,25.964344
4729,pdp,0.002932,0.004250,0.021500,88.213623,28.681683
4730,p,0.003780,0.006000,0.022000,35.412598,31.779849
4731,dp,0.002464,0.004750,0.020000,45.111328,27.214344
4732,pdp,0.002932,0.004800,0.021500,64.035889,29.231683
4733,dp,0.002464,0.004450,0.022000,73.872070,28.914344
4734,sdp,0.018492,0.004150,0.021500,81.097412,44.141971
4735,s,0.023128,0.007250,0.019200,23.449707,49.578351
4736,ds,0.002343,0.006300,0.019200,31.408447,27.842513
4737,sds,0.018566,0.007300,0.021500,38.384277,47.366086
4738,psds,0.002945,0.004700,0.020000,56.741943,27.645423
4739,pps,0.002854,0.004150,0.021500,78.320312,28.504053
4740,p,0.003780,0.005550,0.020000,34.511719,29.329849
4741,sp,0.018754,0.005550,0.020000,43.559326,44.303690
4742,ssp,0.018787,0.006700,0.022000,50.327393,47.487195
4743,dssp,0.002732,0.004600,0.022000,57.366455,29.331810
4744,pdss,0.002957,0.044000,0.022000,75.490967,68.956682
4745,d,0.002385,0.008950,0.018500,6.739258,29.835393
4746,pd,0.002977,0.004650,0.020000,25.065430,27.627001
4747,pp,0.002838,0.004600,0.018500,45.545166,25.938325
4748,pp,0.002838,0.016150,0.018500,66.016602,37.488325
4749,sp,0.018754,0.005050,0.021500,75.121094,45.303690
4760,s,0.023128,0.005100,0.018500,10.144531,46.728351
4761,ss,0.018821,0.005000,0.022000,17.258301,45.820769
4762,sss,0.019288,0.004750,0.022000,24.436523,46.038093
4763,s,0.023128,0.035000,0.018500,31.409424,76.628351
4764,ds,0.002343,0.010700,0.022000,38.664062,35.042513
4750,s,0.023128,0.004700,0.022000,23.719238,49.828351
4751,ds,0.002343,0.011100,0.018500,31.523926,31.942513
4752,dds,0.002685,0.004850,0.019200,39.149902,26.735273
4753,sdds,0.018154,0.006350,0.021500,46.719238,46.003743
4755,s,0.023128,0.005200,0.021500,22.843994,49.828351
4756,ss,0.018821,0.008400,0.018500,30.428467,45.720769
4757,sss,0.019288,0.005200,0.018500,37.605225,42.988093
4758,psss,0.002892,0.004950,0.022000,55.979980,29.842287
4765,s,0.023128,0.004600,0.019200,10.022217,46.928351
4766,ps,0.002840,0.004150,0.022000,30.270508,28.989786
4767,pps,0.002854,0.005650,0.020000,50.654053,28.504053
4768,s,0.023128,0.013900,0.021500,59.745850,58.528351
4769,dp,0.002464,0.005200,0.022000,66.808594,29.664344
4775,d,0.002385,0.009200,0.020000,6.742188,31.585393
4776,dd,0.002426,0.007900,0.018500,14.283447,28.825915
4777,pdd,0.003045,0.004400,0.021500,33.264160,28.944804
4778,dpd,0.002513,0.007050,0.020000,43.101074,29.562673
4779,pdp,0.002932,0.007400,0.022000,61.490234,32.331683
4770,s,0.023128,0.004350,0.020000,7.736084,47.478351
4771,ss,0.018821,0.006300,0.020000,14.746338,45.120769
4772,sss,0.019288,0.006000,0.020000,21.795898,45.288093
4773,psss,0.002892,0.005100,0.022000,40.710693,29.992287
4780,d,0.002385,0.004850,0.018500,8.646973,25.735393
4781,sd,0.018668,0.005850,0.019200,15.621826,43.717773
4782,ssd,0.018735,0.005600,0.018500,22.677246,42.834503
4783,sssd,0.017999,0.006050,0.020000,29.655029,44.048568
4784,ssss,0.018888,0.004300,0.020000,36.529053,43.188175
4785,p,0.003780,0.007850,0.019200,34.041504,30.829849
4786,d,0.002385,0.013100,0.022000,43.556396,37.485393
4787,dp,0.002464,0.014750,0.022000,50.794922,39.214344
4788,dd,0.002426,0.005100,0.018500,58.251709,26.025915
4789,ddd,0.002493,0.004900,0.022000,65.908447,29.393417
4790,d,0.002385,0.004250,0.022000,19.263184,28.635393
4791,pd,0.002977,0.004850,0.019200,37.694092,27.027001
4792,dpd,0.002513,0.014000,0.019200,47.028076,35.712673
4793,pd,0.002977,0.006000,0.020000,65.125244,28.977001
4794,p,0.003780,0.011500,0.020000,85.396729,35.279849
4795,p,0.003780,0.006650,0.018500,33.327148,28.929849
4796,dp,0.002464,0.007250,0.022000,42.784912,31.714344
4797,ddp,0.002502,0.006000,0.020000,49.854004,28.501712
4798,sddp,0.017807,0.004400,0.019200,56.771240,41.406817
4799,dsdd,0.002830,0.004450,0.018500,64.082520,25.779964
4800,p,0.003780,0.007100,0.018500,35.146484,29.379849
4801,pp,0.002838,0.004400,0.019200,55.239990,26.438325
4802,spp,0.018537,0.005000,0.018500,64.354492,42.037181
4803,ps,0.002840,0.009550,0.021500,82.210693,33.889786
4804,dps,0.002445,0.006400,0.019200,91.531250,28.044936
4805,p,0.003780,0.006700,0.018500,20.449463,28.979849
4806,sp,0.018754,0.004800,0.022000,29.544922,45.553690
4807,psp,0.002926,0.006000,0.018500,47.733643,27.425658
4808,sps,0.018360,0.004600,0.021500,56.795898,44.460251
4809,dsps,0.002950,0.004750,0.018500,64.125488,26.200393
4810,s,0.023128,0.005450,0.021500,6.383545,50.078351
4811,ss,0.018821,0.004400,0.022000,13.286377,45.220769
4812,pss,0.002833,0.004650,0.021500,31.692139,28.982709
4813,dpss,0.002761,0.005350,0.020000,41.198486,28.110817
4814,pdp,0.002932,0.005650,0.021500,59.356201,30.081683
4815,d,0.002385,0.004650,0.019200,6.758301,26.235393
4816,pd,0.002977,0.005400,0.022000,25.299805,30.377001
4817,dp,0.002464,0.005350,0.022000,34.674561,29.814344
4818,sdp,0.018492,0.004800,0.022000,41.654053,45.291971
4819,ssdp,0.018187,0.012050,0.018500,48.485596,48.737445
4820,p,0.003780,0.004500,0.022000,23.775635,30.279849
4821,dp,0.002464,0.005550,0.018500,33.393555,26.514344
4822,sdp,0.018492,0.005200,0.020000,40.805908,43.691971
4823,dsdp,0.002604,0.004750,0.022000,48.016113,29.353992
4824,d,0.002385,0.015750,0.018500,55.312256,36.635393
4825,d,0.002385,0.004500,0.021500,6.589111,28.385393
4826,pd,0.002977,0.005200,0.021500,25.322021,29.677001
4827,spd,0.018317,0.005150,0.019200,34.575684,42.667325
4828,psp,0.002926,0.006000,0.018500,53.548340,27.425658
4829,s,0.023128,0.008400,0.018500,63.015869,50.028351
4830,p,0.003780,0.004750,0.021500,18.277588,30.029849
4831,pp,0.002838,0.006150,0.020000,39.334473,28.988325
4832,sp,0.018754,0.005750,0.021500,48.689697,46.003690
4833,d,0.002385,0.012000,0.020000,56.248291,34.385393
4834,dsp,0.002685,0.004550,0.020000,63.676025,27.234513
4835,s,0.023128,0.007350,0.020000,18.928467,50.478351
4836,ss,0.018821,0.004650,0.019200,26.423828,42.670769
4837,pss,0.002833,0.005650,0.019200,46.779785,27.682709
4838,pps,0.002854,0.004350,0.018500,69.141357,25.704053
4839,sp,0.018754,0.004250,0.020000,78.678955,43.003690
4845,d,0.002385,0.005600,0.020000,11.382324,27.985393
4846,dd,0.002426,0.005750,0.018500,18.535645,26.675915
4847,p,0.003780,0.012050,0.019200,37.532471,35.029849
4848,p,0.003780,0.004150,0.019200,58.360840,27.129849
4849,pp,0.002838,0.004500,0.018500,78.903076,25.838325
4840,s,0.023128,0.015550,0.019200,21.280273,57.878351
4841,ds,0.002343,0.011100,0.018500,30.784668,31.942513
4842,sds,0.018566,0.005300,0.022000,37.645508,45.866086
4843,ssds,0.018930,0.004800,0.022000,44.440186,45.730221
4860,s,0.023128,0.006400,0.021500,6.790039,51.028351
4861,ps,0.002840,0.004700,0.019200,26.056396,26.739786
4862,pps,0.002854,0.013100,0.019200,46.510742,35.154053
4863,dps,0.002445,0.004950,0.020000,55.906250,27.394936
4864,sdp,0.018492,0.008600,0.019200,63.102539,46.291971
4855,d,0.002385,0.005350,0.021500,6.812744,29.235393
4856,sd,0.018668,0.005200,0.018500,13.838135,42.367773
4857,psd,0.003139,0.012000,0.022000,32.197754,37.138792
4858,pps,0.002854,0.004700,0.019200,52.563477,26.754053
4859,pp,0.002838,0.004450,0.018500,73.096436,25.788325
4850,d,0.002385,0.004300,0.019200,6.818848,25.885393
4851,dd,0.002426,0.010450,0.019200,14.139893,32.075915
4852,pdd,0.003045,0.004750,0.019200,32.648682,26.994804
4853,pp,0.002838,0.003950,0.019200,53.238525,25.988325
4854,dp,0.002464,0.004800,0.019200,62.726807,26.464344
4865,s,0.023128,0.017350,0.020000,6.656006,60.478351
4866,ps,0.002840,0.007350,0.018500,25.061768,28.689786
4867,sps,0.018360,0.004550,0.022000,34.408936,44.910251
4868,psps,0.002923,0.007850,0.018500,52.629150,29.272585
4869,spss,0.018655,0.004850,0.019200,61.997314,42.705113
4870,p,0.003780,0.004900,0.022000,31.322266,30.679849
4871,dp,0.002464,0.003900,0.019200,40.838623,25.564344
4872,sdp,0.018492,0.004450,0.022000,48.362549,44.941971
4873,ps,0.002840,0.004400,0.020000,68.468262,27.239786
4874,sps,0.018360,0.006300,0.019200,78.822510,43.860251
4875,s,0.023128,0.005200,0.022000,10.141357,50.328351
4876,d,0.002385,0.007800,0.022000,17.395264,32.185393
4877,ss,0.018821,0.004400,0.018500,24.376709,41.720769
4878,sss,0.019288,0.006400,0.020000,31.313965,45.688093
4879,dsss,0.003039,0.004700,0.021500,39.006592,29.238978
4880,d,0.002385,0.005300,0.019200,6.975342,26.885393
4881,pd,0.002977,0.007000,0.021500,25.673340,31.477001
4882,s,0.023128,0.020500,0.022000,34.835938,65.628351
4883,pp,0.002838,0.004900,0.020000,53.260742,27.738325
4884,sp,0.018754,0.014000,0.021500,62.208496,54.253690
4885,p,0.003780,0.004450,0.019200,17.791748,27.429849
4886,dp,0.002464,0.006200,0.019200,27.198975,27.864344
4887,pdp,0.002932,0.004300,0.018500,45.145264,25.731683
4888,dp,0.002464,0.016750,0.020000,55.235352,39.214344
4889,sdp,0.018492,0.004600,0.018500,62.636963,41.591971
4890,d,0.002385,0.005550,0.020000,6.658203,27.935393
4891,dd,0.002426,0.004250,0.021500,13.728516,28.175915
4892,ddd,0.002493,0.005350,0.018500,20.763672,26.343417
4893,dddd,0.002612,0.006000,0.019200,27.893555,27.811713
4894,sddd,0.017932,0.005100,0.022000,34.908936,45.031734
4895,s,0.023128,0.004500,0.018500,10.901367,46.128351
4896,ps,0.002840,0.004150,0.018500,31.796875,25.489786
4897,dps,0.002445,0.010150,0.022000,41.142334,34.594936
4898,sdps,0.018183,0.005500,0.020000,47.964111,43.682897
4900,s,0.023128,0.005550,0.019200,6.343262,47.878351
4901,ss,0.018821,0.017350,0.021500,13.347412,57.670769
4902,dss,0.002842,0.005600,0.022000,20.598145,30.441615
4903,pdss,0.002957,0.004450,0.022000,39.236328,29.406682
4905,d,0.002385,0.011700,0.020000,6.934570,34.085393
4906,sd,0.018668,0.009550,0.020000,14.212402,48.217773
4907,p,0.003780,0.009600,0.020000,32.630615,33.379849
4908,ds,0.002343,0.004900,0.021500,42.126709,28.742513
4909,sds,0.018566,0.022500,0.019200,49.170410,60.266086
4910,d,0.002385,0.005300,0.022000,22.475830,29.685393
4911,dd,0.002426,0.004800,0.020000,30.125977,27.225915
4912,sdd,0.018511,0.006000,0.021500,36.910400,46.010933
4913,ssdd,0.018091,0.005150,0.018500,43.594971,41.741216
4920,p,0.003780,0.005550,0.019200,18.567383,28.529849
4921,dp,0.002464,0.004150,0.019200,28.350342,25.814344
4922,sdp,0.018492,0.004450,0.020000,35.416992,42.941971
4923,ssdp,0.018187,0.006050,0.022000,42.337402,46.237445
4924,dssd,0.002931,0.004300,0.019200,49.522217,26.431476
4915,p,0.003780,0.004600,0.021500,36.735352,29.879849
4916,dp,0.002464,0.004500,0.021500,46.317383,28.464344
4917,sdp,0.018492,0.004000,0.021500,53.281982,43.991971
4918,psd,0.003139,0.005450,0.018500,71.544678,27.088792
4919,pps,0.002854,0.005550,0.020000,92.514160,28.404053
4925,p,0.003780,0.004450,0.020000,31.066650,28.229849
4926,sp,0.018754,0.006700,0.020000,41.188477,45.453690
4927,ssp,0.018787,0.007450,0.021500,48.724609,47.737195
4928,pss,0.002833,0.006300,0.020000,69.256592,29.132709
4929,pps,0.002854,0.044000,0.020000,91.317383,66.854053
4930,d,0.002385,0.005150,0.022000,22.504639,29.535393
4931,sd,0.018668,0.005500,0.018500,29.809082,42.667773
4932,ssd,0.018735,0.006000,0.018500,36.812744,43.234503
4933,pss,0.002833,0.004200,0.022000,55.174072,29.032709
4934,pps,0.002854,0.013000,0.019200,75.858398,35.054053
4935,d,0.002385,0.005850,0.022000,9.443359,30.235393
4936,dd,0.002426,0.004750,0.020000,16.703369,27.175915
4937,sdd,0.018511,0.003950,0.022000,23.895508,44.460933
4938,ps,0.002840,0.005100,0.020000,44.045654,27.939786
4939,dps,0.002445,0.004900,0.022000,54.357666,29.344936
4940,s,0.023128,0.005350,0.018500,23.124512,46.978351
4941,ps,0.002840,0.004250,0.022000,42.403564,29.089786
4942,dps,0.002445,0.004950,0.021500,51.901123,28.894936
4943,ddps,0.002746,0.005400,0.018500,59.091064,26.645776
4944,pdd,0.003045,0.005450,0.019200,77.795410,27.694804
4945,p,0.003780,0.005600,0.020000,18.243652,29.379849
4946,pp,0.002838,0.005250,0.021500,39.124512,29.588325
4947,dp,0.002464,0.008000,0.021500,49.085449,31.964344
4948,ddp,0.002502,0.005100,0.019200,56.546875,26.801712
4949,sddp,0.017807,0.003900,0.022000,63.644287,43.706817
4950,s,0.023128,0.004750,0.020000,6.490723,47.878351
4951,ps,0.002840,0.005650,0.020000,24.864502,28.489786
4952,dps,0.002445,0.005400,0.019200,34.718018,27.044936
4953,pdps,0.002951,0.012050,0.021500,53.297607,36.500740
4954,dp,0.002464,0.004800,0.022000,62.800293,29.264344
4955,p,0.003780,0.004500,0.020000,17.848877,28.279849
4956,sp,0.018754,0.006400,0.022000,27.034912,47.153690
4957,dsp,0.002685,0.004600,0.022000,34.258057,29.284513
4958,sdsp,0.018148,0.004300,0.019200,41.318848,41.648415
4959,psds,0.002945,0.006500,0.021500,59.804932,30.945423
4960,p,0.003780,0.004000,0.018500,17.699219,26.279849
4961,dp,0.002464,0.005800,0.022000,27.447754,30.264344
4962,sdp,0.018492,0.005500,0.021500,34.453857,45.491971
4963,dsdp,0.002604,0.008000,0.019200,41.597656,29.803992
4964,sdsd,0.018197,0.004900,0.019200,48.662842,42.297164
4965,d,0.002385,0.004500,0.019200,6.867432,26.085393
4966,pd,0.002977,0.016150,0.020000,25.427979,39.127001
4967,sp,0.018754,0.004700,0.020000,34.882568,43.453690
4968,ssp,0.018787,0.008450,0.022000,41.746338,49.237195
4969,sssp,0.018690,0.004650,0.018500,50.386475,41.839656
4970,p,0.003780,0.008450,0.022000,17.742188,34.229849
4971,dp,0.002464,0.005750,0.019200,27.348145,27.414344
4972,sdp,0.018492,0.005300,0.021500,34.341797,45.291971
4973,psd,0.003139,0.005200,0.018500,53.368408,26.838792
4974,pps,0.002854,0.004700,0.021500,75.091553,29.054053
4975,s,0.023128,0.004400,0.019200,6.612061,46.728351
4976,ss,0.018821,0.005450,0.022000,13.868652,46.270769
4977,pss,0.002833,0.004200,0.020000,32.737305,27.032709
4978,dpss,0.002761,0.004650,0.020000,42.349365,27.410817
4979,pd,0.002977,0.005500,0.020000,60.835449,28.477001
4980,d,0.002385,0.005500,0.021500,16.902344,29.385393
4981,pd,0.002977,0.005500,0.019200,35.666016,27.677001
4982,pp,0.002838,0.009750,0.018500,56.290527,31.088325
4983,d,0.002385,0.013650,0.018500,65.827393,34.535393
4984,pp,0.002838,0.005000,0.021500,84.207275,29.338325
4985,p,0.003780,0.007900,0.020000,17.807861,31.679849
4986,dp,0.002464,0.003400,0.020000,27.308594,25.864344
4987,pdp,0.002932,0.005250,0.018500,45.598389,26.681683
4988,dp,0.002464,0.005000,0.021500,55.059570,28.964344
4989,ddp,0.002502,0.014300,0.021500,62.289307,38.301712
4995,s,0.023128,0.010450,0.022000,10.831787,55.578351
4996,ds,0.002343,0.004250,0.022000,18.811279,28.592513
4997,pds,0.003022,0.005800,0.020000,37.810547,28.821933
4998,dps,0.002445,0.006400,0.018500,47.487061,27.344936
4999,pdps,0.002951,0.006000,0.018500,66.384033,27.450740
4990,d,0.002385,0.004700,0.022000,6.757080,29.085393
4991,sd,0.018668,0.004550,0.018500,14.075684,41.717773
4992,ssd,0.018735,0.005350,0.020000,21.199707,44.084503
4993,sssd,0.017999,0.004250,0.020000,28.208984,42.248568
5000,p,0.003780,0.004150,0.018500,17.975830,26.429849
5001,dp,0.002464,0.021000,0.019200,27.665527,42.664344
5002,pd,0.002977,0.006500,0.018500,46.060303,27.977001
5003,ppd,0.002827,0.005200,0.021500,66.358398,29.526719
5004,pp,0.002838,0.017350,0.018500,86.656250,38.688325
5005,p,0.003780,0.004300,0.022000,17.856934,30.079849
5006,dp,0.002464,0.004550,0.019200,27.395264,26.214344
5007,sdp,0.018492,0.009450,0.021500,34.218018,49.441971
5008,ssdp,0.018187,0.007350,0.019200,40.945068,44.737445
5009,dssd,0.002931,0.004900,0.018500,48.093750,26.331476
5010,p,0.003780,0.005550,0.019200,19.689941,28.529849
5011,pp,0.002838,0.008600,0.020000,42.693359,31.438325
5012,pp,0.002838,0.003500,0.021500,64.322754,27.838325
5013,spp,0.018537,0.005350,0.019200,74.062256,43.087181
5014,ssp,0.018787,0.004050,0.021500,81.245361,44.337195
5015,d,0.002385,0.004850,0.018500,6.825439,25.735393
5016,pd,0.002977,0.029550,0.018500,26.066895,51.027001
5017,dp,0.002464,0.008000,0.021500,36.030518,31.964344
5018,ddp,0.002502,0.006000,0.018500,43.583008,27.001712
5019,pddp,0.002898,0.007400,0.022000,61.996826,32.297530
5020,s,0.023128,0.003500,0.018500,11.835449,45.128351
5021,ss,0.018821,0.004050,0.022000,18.755127,44.870769
5022,pss,0.002833,0.005350,0.018500,37.197998,26.682709
5023,spss,0.018655,0.005100,0.019200,46.412109,42.955113
5025,p,0.003780,0.005500,0.018500,34.325195,27.779849
5026,dp,0.002464,0.005850,0.018500,43.648193,26.814344
5027,sdp,0.018492,0.004150,0.019200,50.476807,41.841971
5028,ssdp,0.018187,0.003950,0.021500,57.202637,43.637445
5029,sssd,0.017999,0.004650,0.019200,63.980469,41.848568
5030,s,0.023128,0.008600,0.021500,15.112549,53.228351
5031,ss,0.018821,0.007450,0.020000,22.218750,46.270769
5032,sss,0.019288,0.003950,0.018500,29.392334,41.738093
5033,dsss,0.003039,0.006900,0.021500,37.004639,31.438978
5035,d,0.002385,0.005300,0.022000,9.054443,29.685393
5036,pd,0.002977,0.003650,0.020000,27.193115,26.627001
5037,spd,0.018317,0.010450,0.021500,36.320312,50.267325
5038,dsp,0.002685,0.004600,0.020000,43.735596,27.284513
5039,pds,0.003022,0.006000,0.018500,62.074951,27.521933
5040,s,0.023128,0.005000,0.022000,21.708984,50.128351
5041,ps,0.002840,0.003700,0.022000,40.601807,28.539786
5042,dps,0.002445,0.004350,0.018500,49.928955,25.294936
5043,pdps,0.002951,0.004950,0.019200,67.927246,27.100740
5044,p,0.003780,0.128450,0.019200,88.256592,151.429849
5045,d,0.002385,0.005450,0.020000,23.655029,27.835393
5046,dd,0.002426,0.004500,0.020000,31.381836,26.925915
5047,sdd,0.018511,0.005100,0.022000,38.206543,45.610933
5048,psd,0.003139,0.004350,0.021500,56.327637,28.988792
5049,dps,0.002445,0.007100,0.022000,65.593018,31.544936
5050,d,0.002385,0.006550,0.021500,6.631592,30.435393
5051,d,0.002385,0.010150,0.020000,14.219482,32.535393
5052,pd,0.002977,0.006200,0.021500,32.811523,30.677001
5053,pp,0.002838,0.004800,0.019200,53.290527,26.838325
5054,d,0.002385,0.028250,0.019200,63.045166,49.835393
5055,d,0.002385,0.005000,0.018500,6.580566,25.885393
5056,pd,0.002977,0.004250,0.021500,24.951416,28.727001
5057,pp,0.002838,0.005350,0.021500,45.482910,29.688325
5058,sp,0.018754,0.004900,0.022000,54.578369,45.653690
5059,psp,0.002926,0.004150,0.021500,72.875244,28.575658
5060,p,0.003780,0.005350,0.018500,36.364746,27.629849
5061,s,0.023128,0.012050,0.021500,45.591309,56.678351
5062,ds,0.002343,0.013950,0.019200,52.730713,35.492513
5063,dds,0.002685,0.015400,0.021500,59.960449,39.585273
5064,sdds,0.018154,0.016050,0.022000,66.863770,56.203743
5065,d,0.002385,0.004850,0.019200,13.056641,26.435393
5066,dd,0.002426,0.006150,0.021500,20.960449,30.075915
5067,ddd,0.002493,0.006450,0.021500,28.832031,30.443417
5068,dddd,0.002612,0.005500,0.019200,36.549561,27.311713
5069,pdd,0.003045,0.005150,0.019200,55.618408,27.394804
5070,s,0.023128,0.004300,0.018500,6.543945,45.928351
5071,ps,0.002840,0.006450,0.019200,24.815918,28.489786
5072,sps,0.018360,0.004450,0.021500,34.178467,44.310251
5073,psps,0.002923,0.009750,0.022000,52.418945,34.672585
5074,sps,0.018360,0.007300,0.019200,61.709229,44.860251
5075,p,0.003780,0.005100,0.022000,33.268066,30.879849
5076,dp,0.002464,0.006400,0.022000,42.565430,30.864344
5077,pdp,0.002932,0.004750,0.020000,60.568115,27.681683
5078,dpd,0.002513,0.004550,0.020000,70.009766,27.062673
5079,ddp,0.002502,0.004750,0.019200,77.056641,26.451712
5080,s,0.023128,0.004950,0.019200,20.977783,47.278351
5081,ps,0.002840,0.004150,0.022000,40.044922,28.989786
5082,dps,0.002445,0.007450,0.019200,49.528564,29.094936
5083,pdp,0.002932,0.004900,0.019200,68.260254,27.031683
5084,p,0.003780,0.012000,0.022000,95.969482,37.779849
5085,d,0.002385,0.005200,0.019200,10.023682,26.785393
5086,s,0.023128,0.007600,0.020000,17.031982,50.728351
5087,dd,0.002426,0.003650,0.019200,24.383545,25.275915
5088,ddd,0.002493,0.003950,0.018500,32.274414,24.943417
5089,sdd,0.018511,0.005750,0.022000,40.185303,46.260933
5090,d,0.002385,0.005850,0.018500,9.540771,26.735393
5091,p,0.003780,0.017650,0.019200,27.639648,40.629849
5092,s,0.023128,0.004450,0.020000,36.594482,47.578351
5093,ps,0.002840,0.004250,0.019200,54.460205,26.289786
5094,pps,0.002854,0.006700,0.019200,74.556885,28.754053
5095,s,0.023128,0.003850,0.020000,11.044922,46.978351
5096,ps,0.002840,0.005650,0.021500,30.001709,29.989786
5097,dps,0.002445,0.004900,0.019200,39.223633,26.544936
5098,pdps,0.002951,0.004350,0.020000,57.156982,27.300740
5099,pp,0.002838,0.004100,0.019200,77.426025,26.138325
5100,s,0.023128,0.004400,0.018500,6.442139,46.028351
5101,ss,0.018821,0.004450,0.019200,13.444336,42.470769
5102,sss,0.019288,0.007300,0.019200,20.432617,45.788093
5103,psss,0.002892,0.005750,0.021500,39.006348,30.142287
5105,s,0.023128,0.026100,0.019200,6.506592,68.428351
5106,d,0.002385,0.005750,0.018500,13.917236,26.635393
5107,dd,0.002426,0.005150,0.018500,21.110352,26.075915
5108,pdd,0.003045,0.004300,0.022000,39.695557,29.344804
5109,p,0.003780,0.011300,0.021500,60.379883,36.579849
5110,s,0.023128,0.005650,0.019200,23.157959,47.978351
5111,ds,0.002343,0.004150,0.018500,31.240234,24.992513
5112,dds,0.002685,0.004500,0.019200,38.434570,26.385273
5113,sdds,0.018154,0.004500,0.018500,45.534180,41.153743
5115,s,0.023128,0.008450,0.021500,6.511475,53.078351
5116,ss,0.018821,0.003950,0.022000,13.429688,44.770769
5117,dss,0.002842,0.005700,0.018500,20.639648,27.041615
5118,ddss,0.002785,0.005550,0.022000,27.886963,30.335416
5120,s,0.023128,0.004450,0.021500,6.334473,49.078351
5121,ds,0.002343,0.012150,0.021500,13.625488,35.992513
5122,sds,0.018566,0.004500,0.020000,20.510010,43.066086
5123,ssds,0.018930,0.004900,0.022000,27.400635,45.830221
5130,s,0.023128,0.004850,0.018500,6.400391,46.478351
5131,ps,0.002840,0.005150,0.021500,24.597900,29.489786
5132,sps,0.018360,0.004650,0.021500,33.698730,44.510251
5133,ssps,0.018466,0.005050,0.019200,40.491943,42.716056
5125,p,0.003780,0.004950,0.018500,18.531250,27.229849
5126,pp,0.002838,0.004300,0.020000,42.023438,27.138325
5127,dp,0.002464,0.004350,0.020000,52.415039,26.814344
5128,pd,0.002977,0.006250,0.021500,71.604492,30.727001
5129,pp,0.002838,0.004450,0.018500,92.574219,25.788325
5135,d,0.002385,0.003800,0.022000,6.612061,28.185393
5136,pd,0.002977,0.005050,0.022000,25.743164,30.027001
5137,pp,0.002838,0.005300,0.019200,46.124756,27.338325
5138,spp,0.018537,0.005000,0.020000,55.149170,43.537181
5139,ssp,0.018787,0.005200,0.022000,61.855957,45.987195
5140,p,0.003780,0.012450,0.019200,36.306641,35.429849
5141,d,0.002385,0.004800,0.021500,46.970703,28.685393
5142,sp,0.018754,0.007150,0.018500,54.854248,44.403690
5143,sd,0.018668,0.004300,0.022000,62.513916,44.967773
5144,dsd,0.002613,0.005150,0.022000,70.279053,29.762551
5145,p,0.003780,0.005300,0.018500,35.772705,27.579849
5146,dp,0.002464,0.005200,0.022000,45.471680,29.664344
5147,pd,0.002977,0.004900,0.021500,63.901123,29.377001
5148,dpd,0.002513,0.004550,0.019200,73.511963,26.262673
5149,ddp,0.002502,0.005100,0.022000,80.823242,29.601712
5150,s,0.023128,0.004750,0.019200,23.111816,47.078351
5151,ss,0.018821,0.006200,0.020000,30.910156,45.020769
5152,dss,0.002842,0.005200,0.021500,38.116699,29.541615
5153,sdss,0.018223,0.007250,0.018500,44.958984,43.972624
5155,s,0.023128,0.010350,0.021500,22.594971,54.978351
5156,ss,0.018821,0.004450,0.022000,30.094971,45.270769
5157,pss,0.002833,0.010350,0.018500,48.191650,31.682709
5158,spss,0.018655,0.004450,0.021500,57.325439,44.605113
5159,psps,0.002923,0.004650,0.021500,75.480225,29.072585
5160,p,0.003780,0.004350,0.020000,22.133057,28.129849
5161,dp,0.002464,0.012050,0.018500,32.083740,33.014344
5162,ddp,0.002502,0.014300,0.019200,39.533936,36.001712
5163,sddp,0.017807,0.006300,0.018500,46.608154,42.606817
5164,dsdd,0.002830,0.006500,0.021500,53.908936,30.829964
5165,p,0.003780,0.004950,0.019200,18.010742,27.929849
5166,sp,0.018754,0.004550,0.019200,27.399658,42.503690
5167,p,0.003780,0.006150,0.020000,45.752441,29.929849
5168,ss,0.018821,0.006500,0.019200,54.967285,44.520769
5169,dss,0.002842,0.008150,0.020000,62.135498,30.991615
5175,s,0.023128,0.004050,0.020000,14.698486,47.178351
5176,ds,0.002343,0.009100,0.022000,22.380615,33.442513
5177,sds,0.018566,0.005450,0.019200,29.299805,43.216086
5178,psds,0.002945,0.004750,0.020000,47.542480,27.695423
5179,dpss,0.002761,0.009100,0.022000,57.156494,33.860817
5170,p,0.003780,0.005700,0.020000,21.938232,29.479849
5171,sp,0.018754,0.004350,0.018500,31.177246,41.603690
5172,dsp,0.002685,0.005650,0.019200,38.446777,27.534513
5173,pds,0.003022,0.005000,0.019200,56.862305,27.221933
5174,pp,0.002838,0.004800,0.020000,77.147705,27.638325
5180,d,0.002385,0.004300,0.020000,6.671387,26.685393
5181,dd,0.002426,0.005850,0.021500,14.264404,29.775915
5182,ddd,0.002493,0.005500,0.022000,21.511963,29.993417
5183,pdd,0.003045,0.004300,0.020000,39.771973,27.344804
5184,spd,0.018317,0.009550,0.019200,48.810303,47.067325
5185,d,0.002385,0.004200,0.019200,6.763672,25.785393
5186,pd,0.002977,0.005650,0.018500,25.606689,27.127001
5187,pp,0.002838,0.005100,0.019200,45.771973,27.138325
5188,dp,0.002464,0.007050,0.022000,54.989746,31.514344
5189,pd,0.002977,0.005450,0.022000,73.195557,30.427001
5190,d,0.002385,0.004950,0.018500,6.564697,25.835393
5191,pd,0.002977,0.004500,0.022000,25.065430,29.477001
5192,sp,0.018754,0.006700,0.021500,34.133789,46.953690
5193,ssp,0.018787,0.004700,0.022000,40.941406,45.487195
5194,dssp,0.002732,0.007400,0.019200,47.957520,29.331810
5195,d,0.002385,0.012450,0.019200,12.430664,34.035393
5196,s,0.023128,0.019150,0.021500,19.780273,63.778351
5197,dd,0.002426,0.004050,0.019200,28.816895,25.675915
5198,ddd,0.002493,0.005500,0.020000,36.263184,27.993417
5199,sddd,0.017932,0.008950,0.021500,43.279541,48.381734
5200,d,0.002385,0.017750,0.018500,7.077393,38.635393
5201,pd,0.002977,0.006700,0.020000,26.378418,29.677001
5202,pp,0.002838,0.021000,0.021500,46.923096,45.338325
5203,sp,0.018754,0.004700,0.022000,57.951416,45.453690
5204,dsp,0.002685,0.004250,0.020000,65.276855,26.934513
5205,p,0.003780,0.005750,0.019200,17.879395,28.729849
5206,dp,0.002464,0.003850,0.018500,27.484619,24.814344
5207,ddp,0.002502,0.006450,0.018500,34.881104,27.451712
5208,sddp,0.017807,0.004900,0.021500,41.973633,44.206817
5209,ssdd,0.018091,0.004950,0.018500,49.023926,41.541216
5210,s,0.023128,0.004450,0.019200,9.289307,46.778351
5211,ds,0.002343,0.004900,0.018500,16.828369,25.742513
5212,pds,0.003022,0.005200,0.019200,35.287598,27.421933
5213,sps,0.018360,0.004550,0.021500,44.895752,44.410251
5214,ps,0.002840,0.005300,0.020000,64.067139,28.139786
5215,s,0.023128,0.008450,0.022000,7.086182,53.578351
5216,ds,0.002343,0.007400,0.018500,14.161133,28.242513
5217,pds,0.003022,0.004850,0.020000,32.328125,27.871933
5218,spds,0.018151,0.004800,0.022000,41.309326,44.950699
5219,psps,0.002923,0.004350,0.019200,59.359863,26.472585
5220,d,0.002385,0.006650,0.022000,7.119873,31.035393
5221,dd,0.002426,0.005750,0.018500,14.791992,26.675915
5222,pdd,0.003045,0.004750,0.019200,33.527344,26.994804
5223,dp,0.002464,0.012900,0.019200,42.960449,34.564344
5224,pd,0.002977,0.004700,0.020000,61.057861,27.677001
5225,s,0.023128,0.005000,0.021500,6.491699,49.628351
5226,ps,0.002840,0.005750,0.019200,24.980225,27.789786
5227,sps,0.018360,0.008950,0.018500,34.117920,45.810251
5228,psps,0.002923,0.004550,0.018500,52.272705,25.972585
5229,dps,0.002445,0.005850,0.019200,61.543457,27.494936
5230,d,0.002385,0.005350,0.020000,6.793213,27.735393
5231,pd,0.002977,0.008050,0.019200,25.061035,30.227001
5232,dpd,0.002513,0.004400,0.022000,34.339600,28.912673
5233,pdp,0.002932,0.004450,0.022000,52.372070,29.381683
5234,pp,0.002838,0.004450,0.019200,72.535889,26.488325
5235,s,0.023128,0.004350,0.018500,7.058594,45.978351
5236,p,0.003780,0.011950,0.018500,26.261963,34.229849
5237,ss,0.018821,0.004850,0.019200,35.468750,42.870769
5238,ps,0.002840,0.006050,0.020000,53.515625,28.889786
5239,sps,0.018360,0.006200,0.020000,62.513916,44.560251
5240,s,0.023128,0.013000,0.022000,6.417725,58.128351
5241,ds,0.002343,0.004900,0.019200,13.709229,26.442513
5242,sds,0.018566,0.004050,0.022000,20.920898,44.616086
5243,dsds,0.002713,0.008950,0.022000,28.320801,33.663025
5250,s,0.023128,0.005400,0.018500,22.983154,47.028351
5251,ds,0.002343,0.005400,0.022000,30.729492,29.742513
5252,pds,0.003022,0.008600,0.020000,48.950439,31.621933
5253,pps,0.002854,0.004850,0.018500,69.077393,26.204053
5254,spp,0.018537,0.004500,0.019200,78.090332,42.237181
5245,p,0.003780,0.017350,0.022000,23.095459,43.129849
5246,sp,0.018754,0.008500,0.022000,32.440430,49.253690
5247,psp,0.002926,0.009050,0.020000,51.336182,31.975658
5248,spsp,0.018324,0.012000,0.018500,60.758301,48.824455
5249,ssps,0.018466,0.004200,0.020000,67.820801,42.666056
5255,p,0.003780,0.010150,0.022000,19.220215,35.929849
5256,pp,0.002838,0.004750,0.020000,41.650635,27.588325
5257,spp,0.018537,0.005350,0.018500,51.582520,42.387181
5258,dsp,0.002685,0.010900,0.019200,59.158936,32.784513
5259,ddsp,0.002864,0.004450,0.020000,66.720215,27.313565
5260,d,0.002385,0.005850,0.022000,23.498779,30.235393
5261,sd,0.018668,0.004950,0.022000,31.169922,45.617773
5262,dsd,0.002613,0.005000,0.018500,38.349121,26.112551
5263,ddsd,0.002653,0.005550,0.020000,45.608154,28.203469
5265,s,0.023128,0.004950,0.019200,6.410156,47.278351
5266,p,0.003780,0.007950,0.022000,24.874023,33.729849
5267,ss,0.018821,0.004800,0.022000,33.946533,45.620769
5268,dss,0.002842,0.004500,0.018500,41.145264,25.841615
5269,pds,0.003022,0.012900,0.022000,59.500488,37.921933
5270,s,0.023128,0.004100,0.018500,6.320557,45.728351
5271,ds,0.002343,0.004900,0.022000,13.432617,29.242513
5272,dds,0.002685,0.003900,0.022000,20.975098,28.585273
5273,ddds,0.002761,0.004200,0.021500,28.312744,28.460792
5274,d,0.002385,0.006200,0.019200,35.545654,27.785393
5280,s,0.023128,0.007150,0.021500,6.605469,51.778351
5281,d,0.002385,0.004400,0.018500,13.767334,25.285393
5282,pd,0.002977,0.004900,0.020000,32.429688,27.877001
5283,dp,0.002464,0.005600,0.022000,41.826660,30.064344
5284,ddp,0.002502,0.004050,0.022000,48.890869,28.551712
5275,p,0.003780,0.005600,0.019200,17.847656,28.579849
5276,dp,0.002464,0.005400,0.020000,27.468506,27.864344
5277,sdp,0.018492,0.004650,0.022000,34.392334,45.141971
5278,dsdp,0.002604,0.004600,0.019200,41.506348,26.403992
5279,pds,0.003022,0.004850,0.019200,59.703613,27.071933
5285,d,0.002385,0.006350,0.019200,6.892090,27.935393
5286,pd,0.002977,0.004850,0.020000,26.022705,27.827001
5287,dp,0.002464,0.005600,0.019200,35.597656,27.264344
5288,ddp,0.002502,0.004800,0.019200,42.715820,26.501712
5289,pdd,0.003045,0.006500,0.020000,60.914062,29.544804
5295,p,0.003780,0.004450,0.019200,23.873779,27.429849
5296,pp,0.002838,0.004500,0.019200,44.735352,26.538325
5297,d,0.002385,0.027300,0.019200,54.436279,48.885393
5298,p,0.003780,0.005150,0.020000,72.727295,28.929849
5299,pp,0.002838,0.004800,0.021500,94.092041,29.138325
5300,p,0.003780,0.007100,0.018500,19.492676,29.379849
5301,pp,0.002838,0.004400,0.018500,41.029297,25.738325
5302,sp,0.018754,0.006350,0.018500,51.063721,43.603690
5303,ssp,0.018787,0.004300,0.018500,58.739502,41.587195
5304,sssp,0.018690,0.004400,0.021500,66.359863,44.589656
5290,p,0.003780,0.013000,0.020000,18.397461,36.779849
5291,pp,0.002838,0.005400,0.021500,39.013428,29.738325
5292,pp,0.002838,0.003800,0.018500,59.516113,25.138325
5293,dp,0.002464,0.004300,0.021500,69.031006,28.264344
5294,pd,0.002977,0.004650,0.018500,87.375244,26.127001
5305,p,0.003780,0.006000,0.021500,27.097656,31.279849
5306,sp,0.018754,0.003800,0.022000,36.346680,44.553690
5307,ssp,0.018787,0.004750,0.022000,43.350586,45.537195
5308,sssp,0.018690,0.005100,0.020000,50.227295,43.789656
5315,d,0.002385,0.005350,0.018500,16.470703,26.235393
5316,pd,0.002977,0.006000,0.018500,34.994141,27.477001
5317,sp,0.018754,0.004650,0.018500,44.082764,41.903690
5318,ps,0.002840,0.006700,0.021500,62.676270,31.039786
5319,pps,0.002854,0.006750,0.018500,83.413086,28.104053
5310,s,0.023128,0.008750,0.019200,12.924072,51.078351
5311,ss,0.018821,0.004300,0.019200,21.124756,42.320769
5312,pss,0.002833,0.004300,0.019200,41.079102,26.332709
5313,spss,0.018655,0.005000,0.020000,50.731934,43.655113
5320,p,0.003780,0.008600,0.018500,18.123535,30.879849
5321,sp,0.018754,0.012450,0.022000,27.864014,53.203690
5322,ssp,0.018787,0.003950,0.020000,34.917725,42.737195
5323,pss,0.002833,0.004800,0.018500,53.977539,26.132709
5324,ppss,0.002998,0.004550,0.021500,74.856445,29.047567
5325,d,0.002385,0.004000,0.021500,6.995361,27.885393
5326,dd,0.002426,0.005600,0.019200,14.310059,27.225915
5327,pdd,0.003045,0.005200,0.019200,32.607178,27.444804
5328,sp,0.018754,0.007350,0.020000,41.880371,46.103690
5329,ssp,0.018787,0.004550,0.022000,48.743652,45.337195
5335,s,0.023128,0.007850,0.019200,11.587402,50.178351
5336,p,0.003780,0.011100,0.022000,29.871826,36.879849
5337,ss,0.018821,0.008250,0.022000,39.080078,49.070769
5338,dss,0.002842,0.004750,0.020000,46.192871,27.591615
5339,sdss,0.018223,0.004750,0.018500,53.077148,41.472624
5330,p,0.003780,0.004750,0.021500,35.972412,30.029849
5331,sp,0.018754,0.005950,0.021500,45.235596,46.203690
5332,d,0.002385,0.012750,0.022000,52.567383,37.135393
5333,dsp,0.002685,0.010000,0.022000,59.783203,34.684513
5334,dds,0.002685,0.004600,0.019200,67.152588,26.485273
5340,s,0.023128,0.004350,0.018500,23.914795,45.978351
5341,ps,0.002840,0.004950,0.018500,43.140381,26.289786
5342,sps,0.018360,0.005050,0.021500,52.270264,44.910251
5343,ssps,0.018466,0.004250,0.020000,59.222168,42.716056
5345,d,0.002385,0.004350,0.018500,22.443115,25.235393
5346,sd,0.018668,0.004450,0.019200,29.944092,42.317773
5347,ps,0.002840,0.004850,0.020000,48.139160,27.689786
5348,sps,0.018360,0.005150,0.019200,57.484131,42.710251
5349,ssps,0.018466,0.004950,0.018500,64.364014,41.916056
5350,s,0.023128,0.005550,0.018500,8.791748,47.178351
5351,ds,0.002343,0.010150,0.021500,16.015137,33.992513
5352,sds,0.018566,0.008500,0.020000,22.918457,47.066086
5353,s,0.023128,0.019800,0.019200,29.924316,62.128351
5354,ps,0.002840,0.010000,0.020000,48.424805,32.839786
5355,s,0.023128,0.004550,0.019200,12.084717,46.878351
5356,ss,0.018821,0.006400,0.021500,19.920410,46.720769
5357,dss,0.002842,0.004900,0.022000,27.824707,29.741615
5358,pdss,0.002957,0.005600,0.021500,47.567139,30.056682
5360,p,0.003780,0.006350,0.022000,17.826660,32.129849
5361,pp,0.002838,0.005100,0.020000,38.845947,27.938325
5362,pp,0.002838,0.005950,0.021500,59.427490,30.288325
5363,pp,0.002838,0.003500,0.019200,79.756104,25.538325
5364,pp,0.002838,0.006350,0.018500,100.435547,27.688325
5365,p,0.003780,0.005150,0.021500,19.090576,30.429849
5366,dp,0.002464,0.006400,0.021500,28.753662,30.364344
5367,pdp,0.002932,0.008550,0.022000,47.147461,33.481683
5368,d,0.002385,0.022650,0.018500,56.594727,43.535393
5369,s,0.023128,0.011100,0.022000,63.667236,56.228351
5370,p,0.003780,0.004450,0.019200,25.791260,27.429849
5371,pp,0.002838,0.005400,0.018500,47.314453,26.738325
5372,sp,0.018754,0.004400,0.018500,56.742188,41.653690
5373,ssp,0.018787,0.009450,0.022000,63.685791,50.237195
5374,d,0.002385,0.010550,0.021500,70.755859,34.435393
5375,p,0.003780,0.004900,0.019200,35.261963,27.879849
5376,sp,0.018754,0.005400,0.021500,44.474854,45.653690
5377,ssp,0.018787,0.006450,0.021500,51.476318,46.737195
5378,sssp,0.018690,0.007000,0.019200,58.484131,44.889656
5379,dsss,0.003039,0.004950,0.019200,65.747803,27.188978
5380,d,0.002385,0.021000,0.021500,6.711182,44.885393
5381,pd,0.002977,0.010150,0.019200,25.175537,32.327001
5382,d,0.002385,0.010800,0.021500,34.971436,34.685393
5383,dpd,0.002513,0.005100,0.019200,42.306885,26.812673
5384,pd,0.002977,0.003900,0.021500,61.224365,28.377001
5385,p,0.003780,0.005100,0.022000,17.732178,30.879849
5386,dp,0.002464,0.004350,0.021500,27.243164,28.314344
5387,pdp,0.002932,0.004850,0.021500,45.737305,29.281683
5388,spd,0.018317,0.005350,0.020000,55.069824,43.667325
5389,psp,0.002926,0.015550,0.019200,73.784180,37.675658
5390,p,0.003780,0.004050,0.021500,34.660645,29.329849
5391,pp,0.002838,0.005700,0.020000,54.784912,28.538325
5392,sp,0.018754,0.029550,0.022000,64.231201,70.303690
5393,dsp,0.002685,0.005350,0.018500,71.312988,26.534513
5394,ddsp,0.002864,0.014100,0.020000,78.377197,36.963565
5395,s,0.023128,0.004450,0.021500,6.476562,49.078351
5396,ps,0.002840,0.005200,0.018500,24.651611,26.539786
5397,sps,0.018360,0.008950,0.020000,33.668945,47.310251
5398,ssps,0.018466,0.005000,0.019200,40.419922,42.666056
5399,pss,0.002833,0.005200,0.022000,58.422119,30.032709
5400,d,0.002385,0.016900,0.018500,7.047607,37.785393
5401,pd,0.002977,0.005200,0.021500,26.307373,29.677001
5402,dpd,0.002513,0.004550,0.019200,36.076172,26.262673
5403,s,0.023128,0.011550,0.019200,43.292725,53.878351
5404,sdp,0.018492,0.005300,0.021500,50.224365,45.291971
5410,s,0.023128,0.005350,0.019200,6.429443,47.678351
5411,ds,0.002343,0.006750,0.020000,13.540527,29.092513
5412,pds,0.003022,0.004800,0.018500,32.118164,26.321933
5413,pps,0.002854,0.004800,0.021500,53.835449,29.154053
5414,pp,0.002838,0.005200,0.022000,79.518311,30.038325
5405,s,0.023128,0.004650,0.019200,6.556396,46.978351
5406,ss,0.018821,0.004900,0.021500,13.600342,45.220769
5407,sss,0.019288,0.004300,0.020000,20.604004,43.588093
5408,d,0.002385,0.008100,0.018500,27.904053,28.985393
5409,d,0.002385,0.120250,0.018500,35.350830,141.135393
5415,p,0.003780,0.005150,0.019200,18.026855,28.129849
5416,dp,0.002464,0.009000,0.018500,27.668701,29.964344
5417,pd,0.002977,0.004900,0.019200,46.338379,27.077001
5418,pp,0.002838,0.017350,0.020000,68.488770,40.188325
5419,sp,0.018754,0.007900,0.021500,78.282227,48.153690
5420,p,0.003780,0.004950,0.021500,17.643311,30.229849
5421,s,0.023128,0.011050,0.019200,27.003418,53.378351
5422,sp,0.018754,0.004500,0.021500,33.957031,44.753690
5423,ps,0.002840,0.004750,0.021500,52.851562,29.089786
5424,pps,0.002854,0.005600,0.018500,73.534424,26.954053
5425,p,0.003780,0.004500,0.020000,35.229492,28.279849
5426,s,0.023128,0.005850,0.019200,44.339355,48.178351
5427,dp,0.002464,0.009150,0.022000,51.334961,33.614344
5428,pd,0.002977,0.005500,0.022000,69.761963,30.477001
5429,pp,0.002838,0.004350,0.021500,90.209229,28.688325
5430,s,0.023128,0.005300,0.020000,8.681641,48.428351
5431,ss,0.018821,0.005750,0.022000,16.949219,46.570769
5432,dss,0.002842,0.007350,0.019200,24.914062,29.391615
5433,ddss,0.002785,0.005000,0.020000,32.955322,27.785416
5434,d,0.002385,0.013900,0.021500,40.797852,37.785393
5435,s,0.023128,0.004350,0.019200,6.342285,46.678351
5436,ss,0.018821,0.004400,0.019200,13.665283,42.420769
5437,pss,0.002833,0.004700,0.022000,32.047607,29.532709
5438,dpss,0.002761,0.005850,0.019200,41.441162,27.810817
5440,d,0.002385,0.010000,0.018500,6.571777,30.885393
5441,pd,0.002977,0.005500,0.019200,24.929932,27.677001
5442,spd,0.018317,0.004650,0.019200,33.968994,42.167325
5443,psp,0.002926,0.006000,0.019200,51.964355,28.125658
5444,dps,0.002445,0.004750,0.022000,61.274902,29.194936
5445,d,0.002385,0.004900,0.019200,11.792725,26.485393
5446,dd,0.002426,0.007050,0.021500,19.752930,30.975915
5447,pd,0.002977,0.005150,0.020000,39.337646,28.127001
5448,s,0.023128,0.020800,0.020000,48.985840,63.928351
5449,sp,0.018754,0.007850,0.018500,55.886230,45.103690
5450,p,0.003780,0.007100,0.021500,26.371582,32.379849
5451,pp,0.002838,0.005850,0.022000,46.574951,30.688325
5452,spp,0.018537,0.009550,0.019200,55.699951,47.287181
5453,dsp,0.002685,0.006300,0.022000,62.949951,30.984513
5454,s,0.023128,0.007250,0.018500,69.845215,48.878351
5455,p,0.003780,0.004400,0.020000,20.168945,28.179849
5456,sp,0.018754,0.008450,0.022000,29.207764,49.203690
5457,d,0.002385,0.014350,0.022000,36.463623,38.735393
5458,ps,0.002840,0.005050,0.020000,54.431641,27.889786
5459,sps,0.018360,0.005100,0.022000,63.850830,45.460251
5460,p,0.003780,0.009850,0.018500,35.321045,32.129849
5461,s,0.023128,0.006400,0.019200,44.459473,48.728351
5462,ss,0.018821,0.004650,0.020000,51.277100,43.470769
5463,sss,0.019288,0.010150,0.019200,58.167969,48.638093
5464,psss,0.002892,0.004900,0.020000,77.093750,27.792287
5465,p,0.003780,0.006350,0.022000,17.961914,32.129849
5466,sp,0.018754,0.004800,0.022000,27.088379,45.553690
5467,ssp,0.018787,0.004950,0.022000,33.873047,45.737195
5468,pss,0.002833,0.005100,0.021500,52.060791,29.432709
5469,dpss,0.002761,0.004450,0.018500,61.498535,25.710817
5470,d,0.002385,0.017400,0.020000,6.853271,39.785393
5471,p,0.003780,0.005350,0.021500,25.662842,30.629849
5472,dp,0.002464,0.012900,0.021500,35.003662,36.864344
5473,ddp,0.002502,0.004900,0.018500,42.199951,25.901712
5474,sddp,0.017807,0.004500,0.021500,49.565674,43.806817
5475,p,0.003780,0.017350,0.020000,17.778320,41.129849
5476,sp,0.018754,0.005650,0.020000,26.879150,44.403690
5477,dsp,0.002685,0.006050,0.019200,33.944092,27.934513
5478,sdsp,0.018148,0.005700,0.018500,40.747314,42.348415
5480,p,0.003780,0.004250,0.019200,17.871582,27.229849
5481,dp,0.002464,0.005200,0.020000,27.700195,27.664344
5482,ddp,0.002502,0.005800,0.022000,35.355469,30.301712
5483,dddp,0.002699,0.005000,0.018500,42.558838,26.199161
5484,s,0.023128,0.007800,0.018500,49.556396,49.428351
5485,d,0.002385,0.005850,0.022000,20.091553,30.235393
5486,dd,0.002426,0.005200,0.022000,27.545166,29.625915
5487,pdd,0.003045,0.013100,0.021500,47.141113,37.644804
5488,pp,0.002838,0.005400,0.019200,67.633301,27.438325
5489,dpp,0.002514,0.004750,0.018500,77.123047,25.764416
5490,s,0.023128,0.005350,0.019200,23.217285,47.678351
5491,ps,0.002840,0.006450,0.020000,42.208008,29.289786
5492,sps,0.018360,0.005100,0.020000,51.424561,43.460251
5493,dsps,0.002950,0.007100,0.019200,58.573486,29.250393
5495,d,0.002385,0.005050,0.019200,14.810791,26.635393
5496,pd,0.002977,0.010250,0.022000,34.478516,35.227001
5497,s,0.023128,0.054550,0.021500,43.653076,99.178351
5498,dp,0.002464,0.005550,0.022000,50.853516,30.014344
5499,ddp,0.002502,0.004450,0.020000,58.083008,26.951712
5500,s,0.023128,0.005100,0.018500,21.495117,46.728351
5501,ds,0.002343,0.006300,0.022000,29.395508,30.642513
5502,sds,0.018566,0.006350,0.020000,36.306885,44.916086
5503,dsds,0.002713,0.004800,0.020000,43.419922,27.513025
5504,pdss,0.002957,0.005150,0.019200,61.776855,27.306682
5515,p,0.003780,0.004150,0.022000,34.915039,29.929849
5516,sp,0.018754,0.005000,0.021500,43.965820,45.253690
5517,psp,0.002926,0.004150,0.019200,62.135986,26.275658
5518,dps,0.002445,0.004000,0.020000,71.663086,26.444936
5519,ddps,0.002746,0.006150,0.019200,78.744141,28.095776
5510,p,0.003780,0.005050,0.022000,21.977539,30.829849
5511,pp,0.002838,0.004850,0.018500,43.211914,26.188325
5512,dp,0.002464,0.005650,0.021500,52.997803,29.614344
5513,pd,0.002977,0.004750,0.021500,71.756836,29.227001
5514,dpd,0.002513,0.005150,0.021500,81.237305,29.162673
5505,p,0.003780,0.014450,0.022000,30.207275,40.229849
5506,s,0.023128,0.007050,0.022000,39.933838,52.178351
5507,ds,0.002343,0.004250,0.018500,47.582031,25.092513
5508,dds,0.002685,0.004200,0.018500,54.997070,25.385273
5509,sdds,0.018154,0.006450,0.018500,62.215332,43.103743
5525,s,0.023128,0.006750,0.019200,16.404053,49.078351
5526,ps,0.002840,0.004450,0.020000,35.135010,27.289786
5527,pps,0.002854,0.004650,0.021500,55.616699,29.004053
5528,p,0.003780,0.025500,0.021500,76.008057,50.779849
5529,p,0.003780,0.006300,0.021500,96.180176,31.579849
5520,s,0.023128,0.004300,0.020000,6.335693,47.428351
5521,ps,0.002840,0.004700,0.020000,24.894043,27.539786
5522,s,0.023128,0.036700,0.020000,34.088135,79.828351
5523,sps,0.018360,0.007200,0.022000,40.897461,47.560251
5524,ssps,0.018466,0.005000,0.018500,47.692871,41.966056
5530,s,0.023128,0.010500,0.021500,6.736084,55.128351
5531,d,0.002385,0.004850,0.020000,14.299316,27.235393
5532,dd,0.002426,0.006200,0.018500,21.750244,27.125915
5533,sdd,0.018511,0.007400,0.020000,28.731201,45.910933
5534,psd,0.003139,0.004650,0.021500,47.457520,29.288792
5535,d,0.002385,0.005550,0.018500,23.652344,26.435393
5536,pd,0.002977,0.005350,0.020000,42.578613,28.327001
5537,pp,0.002838,0.005200,0.022000,63.090088,30.038325
5538,pp,0.002838,0.004900,0.019200,83.652100,26.938325
5539,dpp,0.002514,0.004450,0.020000,93.002686,26.964416
5540,s,0.023128,0.005350,0.019200,23.106934,47.678351
5541,ss,0.018821,0.004150,0.022000,30.566162,44.970769
5542,sss,0.019288,0.004300,0.022000,37.377930,45.588093
5543,dsss,0.003039,0.004900,0.021500,44.613281,29.438978
5545,p,0.003780,0.005350,0.020000,19.791504,29.129849
5546,sp,0.018754,0.004750,0.018500,29.107422,42.003690
5547,ssp,0.018787,0.005300,0.019200,36.062500,43.287195
5548,p,0.003780,0.093850,0.018500,54.328369,116.129849
5549,sss,0.019288,0.003500,0.018500,63.517578,41.288093
5550,p,0.003780,0.015550,0.020000,35.400879,39.329849
5551,sp,0.018754,0.007850,0.018500,44.728760,45.103690
5552,psp,0.002926,0.004550,0.019200,63.438232,26.675658
5553,pps,0.002854,0.009550,0.021500,84.281494,33.904053
5554,pp,0.002838,0.004400,0.018500,105.164795,25.738325
5555,d,0.002385,0.005450,0.020000,6.640137,27.835393
5556,pd,0.002977,0.004300,0.021500,25.252930,28.777001
5557,sp,0.018754,0.004500,0.018500,34.719727,41.753690
5558,dsp,0.002685,0.005000,0.022000,41.780029,29.684513
5559,ddsp,0.002864,0.003900,0.020000,48.833252,26.763565
5560,s,0.023128,0.006350,0.018500,10.541992,47.978351
5561,p,0.003780,0.021550,0.021500,29.230225,46.829849
5562,ss,0.018821,0.004850,0.021500,38.306885,45.170769
5563,sss,0.019288,0.006400,0.021500,45.045410,47.188093
5564,dsss,0.003039,0.012900,0.018500,52.680176,34.438978
5565,d,0.002385,0.005550,0.019200,21.173340,27.135393
5566,sd,0.018668,0.004450,0.018500,28.569092,41.617773
5567,ssd,0.018735,0.005350,0.020000,35.264648,44.084503
5568,dssd,0.002931,0.005650,0.021500,42.229736,30.081476
5569,ddss,0.002785,0.006050,0.020000,49.307373,28.835416
5570,s,0.023128,0.005000,0.020000,6.532471,48.128351
5571,ss,0.018821,0.008400,0.020000,13.333008,47.220769
5572,pss,0.002833,0.004800,0.021500,31.709961,29.132709
5573,ppss,0.002998,0.005450,0.018500,51.998291,26.947567
5574,pp,0.002838,0.006000,0.021500,72.768555,30.338325
5575,d,0.002385,0.006950,0.022000,7.171143,31.335393
5576,dd,0.002426,0.009100,0.022000,15.345459,33.525915
5577,pdd,0.003045,0.006300,0.020000,36.697510,29.344804
5578,spd,0.018317,0.003800,0.019200,46.447266,41.317325
5579,ssp,0.018787,0.005600,0.018500,53.721191,42.887195
5585,d,0.002385,0.003650,0.020000,6.779785,26.035393
5586,pd,0.002977,0.006650,0.020000,25.289795,29.627001
5587,sp,0.018754,0.006000,0.022000,34.628418,46.753690
5588,dsp,0.002685,0.004850,0.022000,41.843750,29.534513
5589,sdsp,0.018148,0.005400,0.021500,48.887451,45.048415
5580,p,0.003780,0.004450,0.019200,18.052246,27.429849
5581,dp,0.002464,0.006050,0.019200,27.490479,27.714344
5582,ddp,0.002502,0.004400,0.019200,34.692139,26.101712
5583,sddp,0.017807,0.006200,0.019200,41.650635,43.206817
5584,dsdd,0.002830,0.004500,0.021500,48.781982,28.829964
5590,s,0.023128,0.004750,0.020000,20.912598,47.878351
5591,ss,0.018821,0.004950,0.020000,28.443359,43.770769
5592,pss,0.002833,0.004450,0.020000,46.596680,27.282709
5593,dpss,0.002761,0.004850,0.019200,56.157959,26.810817
5594,pd,0.002977,0.005000,0.020000,74.367920,27.977001
5595,d,0.002385,0.007550,0.020000,22.165283,29.935393
5596,dd,0.002426,0.004600,0.018500,30.136719,25.525915
5597,sdd,0.018511,0.004800,0.021500,37.141846,44.810933
5598,dsdd,0.002830,0.004700,0.018500,44.308838,26.029964
5599,pds,0.003022,0.004650,0.019200,62.915283,26.871933
5600,s,0.023128,0.004150,0.022000,6.402100,49.278351
5601,ss,0.018821,0.006650,0.021500,13.885254,46.970769
5602,pss,0.002833,0.005000,0.022000,32.461182,29.832709
5603,dpss,0.002761,0.007200,0.022000,42.128174,31.960817
5605,s,0.023128,0.005750,0.018500,7.321289,47.378351
5606,p,0.003780,0.005700,0.021500,26.826172,30.979849
5607,pp,0.002838,0.004400,0.020000,48.710938,27.238325
5608,pp,0.002838,0.006400,0.021500,70.748535,30.738325
5609,pp,0.002838,0.004100,0.022000,91.580322,28.938325
5610,p,0.003780,0.007250,0.018500,17.832764,29.529849
5611,pp,0.002838,0.004950,0.019200,38.749023,26.988325
5612,sp,0.018754,0.004500,0.021500,48.195801,44.753690
5613,ssp,0.018787,0.003850,0.021500,55.077148,44.137195
5614,dssp,0.002732,0.005650,0.021500,62.254883,29.881810
5615,s,0.023128,0.005550,0.018500,20.032227,47.178351
5616,ss,0.018821,0.007100,0.021500,27.329102,47.420769
5617,dss,0.002842,0.006350,0.020000,34.388916,29.191615
5618,sdss,0.018223,0.012050,0.020000,41.195068,50.272624
5620,s,0.023128,0.006500,0.020000,8.601807,49.628351
5621,ds,0.002343,0.005450,0.021500,15.608887,29.292513
5622,dds,0.002685,0.004750,0.022000,22.641846,29.435273
5623,sdds,0.018154,0.009450,0.018500,29.455322,46.103743
5625,p,0.003780,0.004400,0.021500,17.526611,29.679849
5626,dp,0.002464,0.005550,0.021500,27.633545,29.514344
5627,pd,0.002977,0.005650,0.018500,47.477539,27.127001
5628,pp,0.002838,0.004250,0.021500,69.093262,28.588325
5629,sp,0.018754,0.004350,0.021500,78.614990,44.603690
5630,d,0.002385,0.008550,0.022000,17.412842,32.935393
5631,dd,0.002426,0.004850,0.021500,24.887451,28.775915
5632,s,0.023128,0.011050,0.018500,31.716064,52.678351
5633,ss,0.018821,0.029600,0.018500,38.445557,66.920769
5634,sdd,0.018511,0.004800,0.020000,45.165283,43.310933
5635,s,0.023128,0.008250,0.020000,11.375000,51.378351
5636,ps,0.002840,0.004850,0.020000,29.735596,27.689786
5637,pps,0.002854,0.005550,0.021500,50.695557,29.904053
5638,sps,0.018360,0.005200,0.022000,59.995850,45.560251
5639,psp,0.002926,0.009450,0.019200,78.509521,31.575658
5640,d,0.002385,0.005450,0.020000,9.230469,27.835393
5641,sd,0.018668,0.005000,0.019200,16.157227,42.867773
5642,psd,0.003139,0.007300,0.020000,35.397949,30.438792
5643,p,0.003780,0.018950,0.021500,58.241211,44.229849
5644,s,0.023128,0.004400,0.019200,68.256104,46.728351
5650,p,0.003780,0.004850,0.020000,17.885010,28.629849
5651,dp,0.002464,0.004300,0.020000,27.638916,26.764344
5652,d,0.002385,0.012450,0.019200,34.795898,34.035393
5653,sdp,0.018492,0.003650,0.018500,41.670654,40.641971
5654,ssd,0.018735,0.004750,0.021500,48.437988,44.984503
5645,p,0.003780,0.004750,0.018500,17.890137,27.029849
5646,sp,0.018754,0.004150,0.022000,27.162109,44.903690
5647,dsp,0.002685,0.004750,0.021500,34.350830,28.934513
5648,pds,0.003022,0.005400,0.022000,54.008301,30.421933
5649,dps,0.002445,0.006200,0.019200,64.735352,27.844936
5655,s,0.023128,0.004950,0.022000,6.833008,50.078351
5656,ps,0.002840,0.006350,0.022000,27.223877,31.189786
5657,dps,0.002445,0.005550,0.021500,37.655029,29.494936
5658,pdps,0.002951,0.004350,0.021500,56.865479,28.800740
5659,spd,0.018317,0.005150,0.020000,66.203369,43.467325
5660,d,0.002385,0.006550,0.018500,6.715820,27.435393
5661,pd,0.002977,0.006350,0.022000,25.856201,31.327001
5662,dp,0.002464,0.004750,0.018500,35.588379,25.714344
5663,ddp,0.002502,0.004850,0.022000,42.950684,29.351712
5664,pd,0.002977,0.008950,0.018500,61.358398,30.427001
5665,p,0.003780,0.005750,0.019200,35.617188,28.729849
5666,pp,0.002838,0.007900,0.018500,56.183350,29.238325
5667,pp,0.002838,0.008600,0.019200,76.795654,30.638325
5668,dp,0.002464,0.005550,0.018500,86.452881,26.514344
5669,sdp,0.018492,0.005050,0.022000,93.835449,45.541971
5670,s,0.023128,0.006550,0.021500,6.280518,51.178351
5671,ps,0.002840,0.010350,0.020000,25.020264,33.189786
5672,dps,0.002445,0.006000,0.020000,34.722900,28.444936
5673,pdps,0.002951,0.004900,0.022000,53.427979,29.850740
5674,p,0.003780,0.006150,0.019200,74.445557,29.129849
5675,s,0.023128,0.003650,0.020000,6.416992,46.778351
5676,ss,0.018821,0.004400,0.018500,13.323730,41.720769
5677,pss,0.002833,0.006700,0.022000,31.514893,31.532709
5678,spss,0.018655,0.004450,0.020000,40.531006,43.105113
5680,d,0.002385,0.005300,0.022000,7.116699,29.685393
5681,s,0.023128,0.006150,0.018500,15.293701,47.778351
5682,sd,0.018668,0.004500,0.018500,23.424805,41.667773
5683,ps,0.002840,0.004700,0.019200,42.767334,26.739786
5684,dps,0.002445,0.004600,0.020000,52.560303,27.044936
5685,s,0.023128,0.005200,0.018500,23.018799,46.828351
5686,ss,0.018821,0.005150,0.022000,30.665527,45.970769
5687,dss,0.002842,0.009150,0.021500,37.879639,33.491615
5688,pdss,0.002957,0.004700,0.018500,56.643311,26.156682
5689,pp,0.002838,0.006300,0.018500,77.242920,27.638325
5690,d,0.002385,0.005150,0.021500,6.593506,29.035393
5691,dd,0.002426,0.004500,0.021500,13.826172,28.425915
5692,pdd,0.003045,0.006300,0.021500,33.461426,30.844804
5693,pp,0.002838,0.005300,0.021500,54.411621,29.638325
5694,dpp,0.002514,0.004300,0.019200,63.854736,26.014416
5695,s,0.023128,0.005400,0.021500,20.063232,50.028351
5696,d,0.002385,0.034600,0.022000,27.753906,58.985393
5697,ps,0.002840,0.004000,0.019200,46.063721,26.039786
5698,sps,0.018360,0.006200,0.022000,55.098145,46.560251
5699,ps,0.002840,0.004350,0.019200,73.428955,26.389786
5700,s,0.023128,0.008500,0.022000,19.052002,53.628351
5701,ps,0.002840,0.004700,0.020000,37.962158,27.539786
5702,pps,0.002854,0.006350,0.020000,58.188721,29.204053
5703,dps,0.002445,0.004900,0.021500,67.870850,28.844936
5704,sdp,0.018492,0.005200,0.022000,74.879639,45.691971
5705,p,0.003780,0.004550,0.020000,30.679443,28.329849
5706,dp,0.002464,0.004850,0.022000,39.991699,29.314344
5707,sdp,0.018492,0.006900,0.020000,46.788818,45.391971
5708,psd,0.003139,0.005400,0.019200,64.749268,27.738792
5709,p,0.003780,0.007650,0.022000,85.424072,33.429849
5715,p,0.003780,0.004200,0.021500,18.965088,29.479849
5716,sp,0.018754,0.005000,0.020000,28.937012,43.753690
5717,ssp,0.018787,0.004750,0.022000,35.943604,45.537195
5718,sssp,0.018690,0.004750,0.020000,42.931152,43.439656
5719,ssss,0.018888,0.006450,0.019200,49.979004,44.538175
5710,d,0.002385,0.004300,0.022000,6.831055,28.685393
5711,dd,0.002426,0.004300,0.022000,14.013672,28.725915
5712,ddd,0.002493,0.006950,0.018500,21.336182,27.943417
5713,dddd,0.002612,0.005100,0.020000,28.439453,27.711713
5720,p,0.003780,0.004950,0.018500,24.374268,27.229849
5721,d,0.002385,0.007150,0.021500,34.441406,31.035393
5722,dp,0.002464,0.008950,0.022000,41.977051,33.414344
5723,sdp,0.018492,0.005100,0.020000,49.065430,43.591971
5724,psd,0.003139,0.007300,0.019200,67.390625,29.638792
5725,p,0.003780,0.006000,0.021500,35.388428,31.279849
5726,pp,0.002838,0.004900,0.020000,56.046387,27.738325
5727,dpp,0.002514,0.004750,0.020000,65.396240,27.264416
5728,ddp,0.002502,0.008250,0.022000,72.552979,32.751712
5729,pdd,0.003045,0.005150,0.020000,90.422852,28.194804
5730,p,0.003780,0.023550,0.022000,28.860596,49.329849
5731,p,0.003780,0.007250,0.018500,50.452148,29.529849
5732,dp,0.002464,0.004950,0.018500,60.061035,25.914344
5733,pdp,0.002932,0.005150,0.022000,78.434570,30.081683
5734,pp,0.002838,0.004450,0.019200,100.417236,26.488325
5735,d,0.002385,0.004650,0.021500,8.121094,28.535393
5736,pd,0.002977,0.004600,0.020000,31.179199,27.577001
5737,sp,0.018754,0.004600,0.019200,41.837646,42.553690
5738,ssp,0.018787,0.006000,0.021500,50.245605,46.287195
5739,dss,0.002842,0.007250,0.020000,58.985840,30.091615
5740,d,0.002385,0.006400,0.022000,23.647217,30.785393
5741,pd,0.002977,0.005250,0.021500,42.962646,29.727001
5742,spd,0.018317,0.004550,0.021500,52.064941,44.367325
5743,dsp,0.002685,0.004050,0.020000,59.087646,26.734513
5744,sdsp,0.018148,0.005400,0.018500,65.837158,42.048415
5745,d,0.002385,0.006150,0.019200,8.575439,27.735393
5746,dd,0.002426,0.009550,0.019200,16.219971,31.175915
5747,sdd,0.018511,0.004200,0.020000,24.588623,42.710933
5748,ssdd,0.018091,0.012000,0.018500,31.870605,48.591216
5749,pss,0.002833,0.006450,0.018500,50.577881,27.782709
5750,s,0.023128,0.006550,0.021500,22.729980,51.178351
5751,ds,0.002343,0.005350,0.021500,30.665527,29.192513
5752,sds,0.018566,0.005000,0.020000,38.197510,43.566086
5753,dsds,0.002713,0.006000,0.019200,46.548340,27.913025
5754,p,0.003780,0.012000,0.022000,66.531250,37.779849
5755,d,0.002385,0.006950,0.020000,9.747803,29.335393
5756,pd,0.002977,0.005600,0.019200,28.112061,27.777001
5757,pp,0.002838,0.004800,0.021500,50.085938,29.138325
5758,pp,0.002838,0.004350,0.021500,72.175537,28.688325
5759,pp,0.002838,0.005400,0.021500,93.135742,29.738325
5770,p,0.003780,0.005300,0.019200,34.091553,28.279849
5771,dp,0.002464,0.004500,0.018500,43.459717,25.464344
5772,pdp,0.002932,0.006050,0.018500,61.588867,27.481683
5773,dp,0.002464,0.005450,0.018500,72.944824,26.414344
5774,sdp,0.018492,0.010450,0.022000,80.151611,50.941971
5765,s,0.023128,0.007350,0.020000,22.617676,50.478351
5766,ds,0.002343,0.004500,0.019200,30.418701,26.042513
5767,pds,0.003022,0.004550,0.022000,48.693848,29.571933
5768,sps,0.018360,0.005100,0.018500,57.710938,41.960251
5769,psp,0.002926,0.004300,0.022000,76.068115,29.225658
5760,p,0.003780,0.004200,0.018500,34.763184,26.479849
5761,dp,0.002464,0.005250,0.021500,44.197754,29.214344
5762,ddp,0.002502,0.004450,0.018500,51.336914,25.451712
5763,dddp,0.002699,0.029550,0.021500,58.566895,53.749161
5764,sddd,0.017932,0.007000,0.018500,65.497314,43.431734
5775,p,0.003780,0.004850,0.020000,20.660156,28.629849
5776,sp,0.018754,0.004300,0.018500,29.791748,41.553690
5777,ssp,0.018787,0.006700,0.018500,36.524902,43.987195
5778,sssp,0.018690,0.004700,0.020000,43.223145,43.389656
5779,ssss,0.018888,0.004450,0.019200,50.137695,42.538175
5785,s,0.023128,0.004850,0.022000,22.145508,49.978351
5786,ds,0.002343,0.004950,0.020000,30.116699,27.292513
5787,pds,0.003022,0.007050,0.018500,48.290771,28.571933
5788,pps,0.002854,0.005300,0.022000,68.507568,30.154053
5789,sp,0.018754,0.004800,0.022000,77.619629,45.553690
5780,p,0.003780,0.004450,0.021500,17.734375,29.729849
5781,pp,0.002838,0.004850,0.020000,38.213623,27.688325
5782,sp,0.018754,0.004700,0.021500,47.582520,44.953690
5783,ssp,0.018787,0.006000,0.020000,54.499268,44.787195
5784,sssp,0.018690,0.022500,0.020000,61.232666,61.189656
5790,s,0.023128,0.004250,0.021500,22.654297,48.878351
5791,ds,0.002343,0.004950,0.022000,30.644531,29.292513
5792,s,0.023128,0.010900,0.019200,37.480225,53.228351
5793,dds,0.002685,0.005850,0.020000,45.006104,28.535273
5794,pds,0.003022,0.005000,0.018500,65.072754,26.521933
5800,p,0.003780,0.004550,0.022000,19.881592,30.329849
5801,sp,0.018754,0.004000,0.020000,29.581299,42.753690
5802,psp,0.002926,0.008450,0.021500,48.096191,32.875658
5803,pps,0.002854,0.005850,0.020000,68.343994,28.704053
5804,dpp,0.002514,0.005500,0.019200,77.929199,27.214416
5795,p,0.003780,0.004750,0.019200,25.369141,27.729849
5796,pp,0.002838,0.004400,0.022000,45.730225,29.238325
5797,sp,0.018754,0.013100,0.022000,54.777832,53.853690
5798,psp,0.002926,0.005650,0.019200,72.798584,27.775658
5799,pps,0.002854,0.006150,0.022000,92.906982,31.004053
5805,p,0.003780,0.015150,0.021500,26.225830,40.429849
5806,p,0.003780,0.013950,0.018500,47.964355,36.229849
5807,pp,0.002838,0.005050,0.019200,70.691406,27.088325
5808,spp,0.018537,0.004800,0.019200,80.687012,42.537181
5809,ps,0.002840,0.007050,0.019200,99.973633,29.089786
5810,s,0.023128,0.004400,0.018500,6.229980,46.028351
5811,ps,0.002840,0.006350,0.022000,24.584473,31.189786
5812,dps,0.002445,0.010550,0.020000,33.987305,32.994936
5813,pdps,0.002951,0.007200,0.018500,52.051270,28.650740
5814,pp,0.002838,0.005150,0.020000,72.486572,27.988325
5815,s,0.023128,0.007100,0.019200,6.388428,49.428351
5816,ds,0.002343,0.005600,0.022000,13.759766,29.942513
5817,pds,0.003022,0.007100,0.019200,32.257080,29.321933
5818,pps,0.002854,0.004900,0.021500,53.126709,29.254053
5819,pp,0.002838,0.005200,0.020000,74.676758,28.038325
5820,p,0.003780,0.004500,0.022000,17.760498,30.279849
5821,sp,0.018754,0.004050,0.022000,27.012451,44.803690
5822,ssp,0.018787,0.004500,0.019200,33.958008,42.487195
5823,sssp,0.018690,0.005450,0.018500,40.915527,42.639656
5824,p,0.003780,0.011250,0.020000,59.194336,35.029849
5825,d,0.002385,0.005650,0.021500,7.065186,29.535393
5826,pd,0.002977,0.004650,0.021500,26.118408,29.127001
5827,spd,0.018317,0.006550,0.022000,36.135010,46.867325
5828,ps,0.002840,0.006050,0.019200,56.572998,28.089786
5829,pps,0.002854,0.004600,0.022000,78.949219,29.454053
5830,d,0.002385,0.019350,0.019200,6.740234,40.935393
5831,s,0.023128,0.004150,0.019200,14.056885,46.478351
5832,ds,0.002343,0.013500,0.019200,21.689697,35.042513
5833,dds,0.002685,0.003800,0.019200,29.173096,25.685273
5834,pdds,0.002946,0.006000,0.020000,47.924072,28.945651
5835,d,0.002385,0.012200,0.019200,17.535645,33.785393
5836,d,0.002385,0.022500,0.018500,27.167480,43.385393
5837,sd,0.018668,0.005350,0.022000,34.864990,46.017773
5838,dd,0.002426,0.014100,0.018500,42.729736,35.025915
5839,ssd,0.018735,0.005150,0.020000,50.254395,43.884503
5840,p,0.003780,0.012150,0.022000,30.312256,37.929849
5841,p,0.003780,0.016150,0.020000,50.911621,39.929849
5842,sp,0.018754,0.004700,0.019200,60.212646,42.653690
5843,ssp,0.018787,0.004450,0.022000,67.139893,45.237195
5844,pss,0.002833,0.004450,0.021500,85.396973,28.782709
5845,s,0.023128,0.004800,0.022000,6.521973,49.928351
5846,ps,0.002840,0.004350,0.021500,26.526855,28.689786
5847,sps,0.018360,0.008450,0.022000,36.658936,48.810251
5848,ssps,0.018466,0.005300,0.022000,43.719238,45.766056
5849,pss,0.002833,0.004900,0.019200,62.087891,26.932709
5850,d,0.002385,0.003800,0.021500,6.680176,27.685393
5851,dd,0.002426,0.006300,0.018500,13.939941,27.225915
5852,pdd,0.003045,0.006000,0.020000,32.345215,29.044804
5853,dp,0.002464,0.044000,0.020000,42.038574,66.464344
5854,pdp,0.002932,0.009000,0.019200,61.014160,31.131683
5855,s,0.023128,0.004350,0.022000,6.679199,49.478351
5856,ds,0.002343,0.005600,0.022000,14.981689,29.942513
5857,sds,0.018566,0.007300,0.019200,22.645020,45.066086
5858,dsds,0.002713,0.007200,0.020000,30.835693,29.913025
5860,p,0.003780,0.016150,0.021500,25.844238,41.429849
5861,dp,0.002464,0.010150,0.021500,37.557617,34.114344
5862,sdp,0.018492,0.004850,0.019200,45.692383,42.541971
5863,ssdp,0.018187,0.010250,0.018500,53.525879,46.937445
5864,pss,0.002833,0.008950,0.021500,74.752441,33.282709
5870,s,0.023128,0.006050,0.020000,24.567627,49.178351
5871,ss,0.018821,0.004850,0.021500,32.039551,45.170769
5872,pss,0.002833,0.004400,0.021500,50.505859,28.732709
5873,d,0.002385,0.012700,0.020000,60.117676,35.085393
5874,sd,0.018668,0.005200,0.021500,67.166260,45.367773
5865,s,0.023128,0.004550,0.021500,18.805420,49.178351
5866,ds,0.002343,0.006450,0.019200,26.285889,27.992513
5867,sds,0.018566,0.004900,0.020000,33.282227,43.466086
5868,ssds,0.018930,0.004550,0.021500,40.290283,44.980221
5869,psss,0.002892,0.004450,0.022000,60.958496,29.342287
5875,p,0.003780,0.005400,0.019200,33.235107,28.379849
5876,sp,0.018754,0.005750,0.022000,42.297852,46.503690
5877,dsp,0.002685,0.008600,0.021500,49.467285,32.784513
5878,pds,0.003022,0.005050,0.020000,67.583984,28.071933
5879,dpds,0.002826,0.004450,0.020000,77.135010,27.275574
5885,p,0.003780,0.005200,0.019200,23.068359,28.179849
5886,dp,0.002464,0.008250,0.018500,32.348633,29.214344
5887,sdp,0.018492,0.004750,0.020000,39.081787,43.241971
5888,ssdp,0.018187,0.004450,0.019200,45.768066,41.837445
5889,pss,0.002833,0.008600,0.021500,63.718262,32.932709
5880,s,0.023128,0.005000,0.019200,22.852295,47.328351
5881,ps,0.002840,0.004900,0.020000,41.748779,27.739786
5882,dps,0.002445,0.005600,0.019200,51.582764,27.244936
5883,sdps,0.018183,0.005550,0.021500,58.591064,45.232897
5884,psd,0.003139,0.004900,0.019200,76.547852,27.238792
5890,p,0.003780,0.010000,0.021500,17.762451,35.279849
5891,dp,0.002464,0.004000,0.021500,27.212158,27.964344
5892,sdp,0.018492,0.005050,0.019200,34.105957,42.741971
5893,d,0.002385,0.007000,0.021500,41.402344,30.885393
5894,ps,0.002840,0.005050,0.020000,60.099121,27.889786
5900,d,0.002385,0.006000,0.022000,6.691406,30.385393
5901,dd,0.002426,0.021000,0.019200,13.894775,42.625915
5902,sdd,0.018511,0.005300,0.022000,20.958496,45.810933
5903,dsdd,0.002830,0.007300,0.018500,28.096436,28.629964
5904,ddsd,0.002653,0.005950,0.019200,37.602051,27.803469
5895,d,0.002385,0.006350,0.021500,6.594727,30.235393
5896,dd,0.002426,0.003900,0.018500,13.948242,24.825915
5897,ddd,0.002493,0.004400,0.020000,21.402588,26.893417
5898,sddd,0.017932,0.005550,0.020000,28.492432,43.481734
5899,psd,0.003139,0.006650,0.019200,47.444336,28.988792
5915,p,0.003780,0.004650,0.019200,17.719971,27.629849
5916,sp,0.018754,0.004800,0.018500,26.814941,42.053690
5917,dsp,0.002685,0.006350,0.018500,34.245850,27.534513
5918,ddsp,0.002864,0.005800,0.019200,41.391113,27.863565
5919,ddds,0.002761,0.004500,0.019200,48.453369,26.460792
5905,d,0.002385,0.006050,0.020000,6.622070,28.435393
5906,sd,0.018668,0.004550,0.020000,13.520264,43.217773
5907,psd,0.003139,0.005200,0.021500,31.525146,29.838792
5908,pps,0.002854,0.007300,0.020000,51.800781,30.154053
5909,pp,0.002838,0.004600,0.019200,72.007080,26.638325
5910,s,0.023128,0.005050,0.021500,14.386475,49.678351
5911,ss,0.018821,0.005500,0.021500,23.427734,45.820769
5912,sss,0.019288,0.010450,0.020000,31.051514,49.738093
5913,psss,0.002892,0.006200,0.021500,50.191895,30.592287
5920,s,0.023128,0.006150,0.020000,13.511230,49.278351
5921,p,0.003780,0.017400,0.020000,31.947510,41.179849
5922,ps,0.002840,0.005250,0.019200,52.683350,27.289786
5923,pp,0.002838,0.004750,0.022000,72.971436,29.588325
5924,pp,0.002838,0.005800,0.018500,93.479980,27.138325
5925,p,0.003780,0.005300,0.022000,17.806152,31.079849
5926,dp,0.002464,0.004600,0.021500,27.368408,28.564344
5927,sdp,0.018492,0.007850,0.019200,34.414795,45.541971
5928,ssdp,0.018187,0.004900,0.018500,41.350342,41.587445
5929,pss,0.002833,0.004350,0.021500,59.851318,28.682709
5930,p,0.003780,0.006050,0.018500,18.601562,28.329849
5931,pp,0.002838,0.004200,0.018500,39.233887,25.538325
5932,sp,0.018754,0.015550,0.018500,48.658691,52.803690
5933,p,0.003780,0.025150,0.019200,67.215576,48.129849
5934,ss,0.018821,0.004900,0.022000,76.860840,45.720769
5935,s,0.023128,0.004350,0.018500,6.318848,45.978351
5936,ps,0.002840,0.007850,0.018500,24.805664,29.189786
5937,s,0.023128,0.035350,0.022000,34.055420,80.478351
5938,pps,0.002854,0.004950,0.018500,52.291992,26.304053
5939,pp,0.002838,0.004800,0.018500,72.827881,26.138325
5940,s,0.023128,0.006900,0.022000,6.875000,52.028351
5941,ps,0.002840,0.004050,0.018500,27.170410,25.389786
5942,pps,0.002854,0.006000,0.020000,50.174805,28.854053
5943,sp,0.018754,0.005100,0.019200,59.764648,43.053690
5944,ssp,0.018787,0.004850,0.021500,66.747559,45.137195
5945,d,0.002385,0.004500,0.020000,8.234131,26.885393
5946,sd,0.018668,0.004500,0.021500,16.384521,44.667773
5947,ssd,0.018735,0.005200,0.021500,23.480225,45.434503
5948,pss,0.002833,0.005650,0.021500,42.062500,29.982709
5949,p,0.003780,0.009300,0.021500,64.604004,34.579849
5955,d,0.002385,0.003800,0.018500,6.839355,24.685393
5956,sd,0.018668,0.005850,0.019200,13.934082,43.717773
5957,ps,0.002840,0.004850,0.020000,32.267334,27.689786
5958,dps,0.002445,0.004400,0.022000,41.799316,28.844936
5959,sdps,0.018183,0.003900,0.018500,49.145264,40.582897
5950,d,0.002385,0.003400,0.020000,6.956787,25.785393
5951,pd,0.002977,0.005650,0.020000,25.387695,28.627001
5952,sp,0.018754,0.006950,0.021500,34.597656,47.203690
5953,dsp,0.002685,0.005400,0.018500,41.925049,26.584513
5954,d,0.002385,0.008350,0.019200,49.176514,29.935393
5960,p,0.003780,0.005250,0.020000,18.578613,29.029849
5961,sp,0.018754,0.004450,0.021500,28.156494,44.703690
5962,psp,0.002926,0.005100,0.020000,46.392822,28.025658
5963,dps,0.002445,0.004150,0.021500,56.072754,28.094936
5964,sdps,0.018183,0.004750,0.021500,62.999268,44.432897
5970,s,0.023128,0.006750,0.018500,6.382812,48.378351
5971,ps,0.002840,0.005750,0.018500,25.087646,27.089786
5972,sps,0.018360,0.004750,0.021500,34.364746,44.610251
5973,pss,0.002833,0.004250,0.019200,53.011963,26.282709
5974,sps,0.018360,0.005250,0.022000,62.328857,45.610251
5965,p,0.003780,0.006700,0.020000,34.215820,30.479849
5966,sp,0.018754,0.004700,0.022000,43.704834,45.453690
5967,dsp,0.002685,0.005200,0.021500,51.165771,29.384513
5968,ddsp,0.002864,0.004550,0.021500,58.539551,28.913565
5969,pds,0.003022,0.005200,0.020000,81.954590,28.221933
5975,p,0.003780,0.004850,0.019200,31.593506,27.829849
5976,p,0.003780,0.011050,0.021500,52.801514,36.329849
5977,d,0.002385,0.007050,0.019200,63.024658,28.635393
5978,pd,0.002977,0.003500,0.022000,81.828613,28.477001
5979,dpd,0.002513,0.005000,0.019200,91.370605,26.712673
5980,p,0.003780,0.004750,0.021500,18.376953,30.029849
5981,sp,0.018754,0.004600,0.019200,27.787109,42.553690
5982,dsp,0.002685,0.006500,0.022000,35.196777,31.184513
5983,ddsp,0.002864,0.004450,0.021500,42.962891,28.813565
5984,pdds,0.002946,0.005500,0.019200,61.606201,27.645651
5985,d,0.002385,0.004050,0.021500,10.505859,27.935393
5986,pd,0.002977,0.005250,0.018500,32.384277,26.727001
5987,dp,0.002464,0.004550,0.021500,41.665283,28.514344
5988,sdp,0.018492,0.008950,0.022000,48.509521,49.441971
5989,psd,0.003139,0.004050,0.022000,66.506836,29.188792
5995,s,0.023128,0.004850,0.019200,9.913818,47.178351
5996,ps,0.002840,0.006400,0.022000,29.480469,31.239786
5997,sps,0.018360,0.008950,0.019200,38.996338,46.510251
5998,psp,0.002926,0.005000,0.018500,57.684814,26.425658
5999,dps,0.002445,0.004100,0.022000,67.109375,28.544936
5990,s,0.023128,0.010300,0.020000,9.705566,53.428351
5991,d,0.002385,0.004550,0.022000,17.873535,28.935393
5992,pd,0.002977,0.006650,0.018500,36.630859,28.127001
5993,sp,0.018754,0.006400,0.019200,46.852051,44.353690
5994,dsp,0.002685,0.004250,0.018500,54.356201,25.434513
6000,s,0.023128,0.011050,0.021500,9.338379,55.678351
6001,d,0.002385,0.005150,0.021500,16.496094,29.035393
6002,pd,0.002977,0.004700,0.019200,35.052734,26.877001
6003,dpd,0.002513,0.007250,0.020000,44.702393,29.762673
6004,pd,0.002977,0.004250,0.020000,63.305908,27.227001
6015,s,0.023128,0.004900,0.018500,6.344482,46.528351
6016,ss,0.018821,0.004450,0.020000,13.567627,43.270769
6017,sss,0.019288,0.004700,0.022000,20.485107,45.988093
6018,ssss,0.018888,0.005600,0.022000,27.259521,46.488175
6010,s,0.023128,0.008000,0.022000,6.358643,53.128351
6011,ps,0.002840,0.005650,0.020000,24.712891,28.489786
6012,sps,0.018360,0.004900,0.022000,33.896973,45.260251
6013,d,0.002385,0.012100,0.019200,41.143555,33.685393
6014,ssps,0.018466,0.007100,0.021500,48.246582,47.066056
6005,p,0.003780,0.007900,0.018500,18.088135,30.179849
6006,d,0.002385,0.005400,0.022000,27.841797,29.785393
6007,pd,0.002977,0.004750,0.020000,46.528564,27.727001
6008,dpd,0.002513,0.012150,0.022000,56.320801,36.662673
6009,ddp,0.002502,0.004350,0.022000,63.552490,28.851712
6020,d,0.002385,0.005700,0.019200,7.017090,27.285393
6021,sd,0.018668,0.005200,0.019200,14.050537,43.067773
6022,psd,0.003139,0.005300,0.019200,32.461670,27.638792
6023,sps,0.018360,0.004350,0.019200,41.871094,41.910251
6024,psp,0.002926,0.004650,0.018500,60.017090,26.075658
6025,p,0.003780,0.004500,0.018500,23.229248,26.779849
6026,dp,0.002464,0.009450,0.022000,33.150391,33.914344
6027,s,0.023128,0.031450,0.021500,40.159180,76.078351
6028,ddp,0.002502,0.004700,0.020000,47.374268,27.201712
6029,pdd,0.003045,0.004700,0.019200,65.715820,26.944804
6030,p,0.003780,0.005950,0.022000,17.739746,31.729849
6031,sp,0.018754,0.004200,0.021500,27.138428,44.453690
6032,dsp,0.002685,0.006000,0.019200,34.471436,27.884513
6033,sdsp,0.018148,0.004050,0.020000,41.461426,42.198415
6034,d,0.002385,0.015350,0.022000,48.846436,39.735393
6035,d,0.002385,0.003850,0.018500,22.827637,24.735393
6036,pd,0.002977,0.004750,0.021500,41.973389,29.227001
6037,dp,0.002464,0.004300,0.018500,51.476562,25.264344
6038,ddp,0.002502,0.006450,0.019200,61.095947,28.151712
6039,sddp,0.017807,0.004750,0.022000,68.693848,44.556817
6040,s,0.023128,0.004150,0.022000,13.645508,49.278351
6041,ss,0.018821,0.005450,0.018500,20.851318,42.770769
6042,pss,0.002833,0.006550,0.022000,39.113281,31.382709
6043,ppss,0.002998,0.004900,0.021500,59.438965,29.397567
6044,dpp,0.002514,0.004800,0.022000,69.141602,29.314416
6045,s,0.023128,0.004950,0.018500,12.487793,46.578351
6046,ds,0.002343,0.006300,0.021500,20.017822,30.142513
6047,pds,0.003022,0.004950,0.022000,38.500488,29.971933
6048,pp,0.002838,0.004950,0.021500,59.259521,29.288325
6049,pp,0.002838,0.004150,0.019200,79.955078,26.188325
6050,p,0.003780,0.007100,0.020000,35.976807,30.879849
6051,dp,0.002464,0.010150,0.021500,45.747070,34.114344
6052,pdp,0.002932,0.004800,0.020000,64.345459,27.731683
6053,dpd,0.002513,0.004750,0.019200,74.164062,26.462673
6054,sdp,0.018492,0.004700,0.020000,81.388184,43.191971
6055,d,0.002385,0.004950,0.022000,18.775146,29.335393
6056,dd,0.002426,0.006300,0.018500,26.500732,27.225915
6057,pdd,0.003045,0.005050,0.019200,46.336914,27.294804
6058,sp,0.018754,0.004150,0.018500,56.573975,41.403690
6059,ssp,0.018787,0.006400,0.018500,64.052490,43.687195
6060,p,0.003780,0.004700,0.021500,20.145752,29.979849
6061,dp,0.002464,0.016150,0.019200,29.744385,37.814344
6062,sdp,0.018492,0.004350,0.021500,36.796875,44.341971
6063,psd,0.003139,0.003400,0.018500,55.150391,25.038792
6064,pps,0.002854,0.005000,0.021500,75.705322,29.354053
6065,p,0.003780,0.006550,0.020000,17.740479,30.329849
6066,sp,0.018754,0.021000,0.020000,26.907959,59.753690
6067,d,0.002385,0.005500,0.020000,34.086426,27.885393
6068,pd,0.002977,0.008800,0.019200,52.305908,30.977001
6069,ps,0.002840,0.004050,0.021500,72.778320,28.389786
6070,d,0.002385,0.017750,0.022000,8.032471,42.135393
6071,dd,0.002426,0.004700,0.022000,15.346436,29.125915
6072,pdd,0.003045,0.003800,0.021500,33.838379,28.344804
6073,spdd,0.018011,0.005600,0.020000,43.193115,43.611157
6074,psp,0.002926,0.005150,0.022000,61.483643,30.075658
6075,d,0.002385,0.004500,0.019200,6.838623,26.085393
6076,sd,0.018668,0.010250,0.020000,13.802002,48.917773
6077,dsd,0.002613,0.009500,0.021500,21.035400,33.612551
6078,sdsd,0.018197,0.004450,0.021500,28.062988,44.147164
6079,ssds,0.018930,0.004600,0.022000,35.051758,45.530221
6085,p,0.003780,0.005050,0.022000,17.902832,30.829849
6086,dp,0.002464,0.005000,0.021500,27.414795,28.964344
6087,pdp,0.002932,0.005000,0.022000,46.228027,29.931683
6088,dpd,0.002513,0.005550,0.020000,55.884521,28.062673
6089,pdp,0.002932,0.004850,0.019200,74.151611,26.981683
6080,s,0.023128,0.005300,0.022000,6.555176,50.428351
6081,ds,0.002343,0.004400,0.021500,13.876465,28.242513
6082,pds,0.003022,0.007450,0.018500,32.184082,28.971933
6083,spds,0.018151,0.004500,0.021500,41.281006,44.150699
6084,ssps,0.018466,0.004250,0.022000,48.117676,44.716056
6090,p,0.003780,0.005000,0.022000,17.880859,30.779849
6091,sp,0.018754,0.004700,0.018500,27.324951,41.953690
6092,ssp,0.018787,0.005050,0.022000,34.342041,45.837195
6093,pss,0.002833,0.004500,0.019200,53.054688,26.532709
6094,dpss,0.002761,0.005600,0.020000,63.520508,28.360817
6095,s,0.023128,0.022500,0.018500,6.316406,64.128351
6096,ss,0.018821,0.005200,0.022000,13.420898,46.020769
6097,dss,0.002842,0.011700,0.018500,20.643311,33.041615
6098,sdss,0.018223,0.004850,0.018500,27.460693,41.572624
6100,p,0.003780,0.006900,0.021500,41.553467,32.179849
6101,sp,0.018754,0.004500,0.019200,50.593750,42.453690
6102,dsp,0.002685,0.005000,0.021500,57.663818,29.184513
6103,pds,0.003022,0.009850,0.019200,75.907715,32.071933
6104,spds,0.018151,0.006700,0.021500,85.177246,46.350699
6105,p,0.003780,0.006150,0.020000,33.999756,29.929849
6106,dp,0.002464,0.013700,0.021500,43.624756,37.664344
6107,sdp,0.018492,0.028300,0.022000,50.600342,68.791971
6108,d,0.002385,0.005500,0.019200,57.868896,27.085393
6109,pd,0.002977,0.004500,0.020000,76.677002,27.477001
6110,d,0.002385,0.005200,0.020000,6.947754,27.585393
6111,sd,0.018668,0.007450,0.021500,14.124756,47.617773
6112,ps,0.002840,0.004250,0.019200,34.798828,26.289786
6113,pps,0.002854,0.005400,0.022000,58.121826,30.254053
6114,sp,0.018754,0.004500,0.018500,68.124756,41.753690
6115,p,0.003780,0.005100,0.022000,23.303223,30.879849
6116,dp,0.002464,0.005850,0.019200,33.425049,27.514344
6117,sdp,0.018492,0.004400,0.020000,40.313965,42.891971
6118,dsdp,0.002604,0.005100,0.018500,47.378906,26.203992
6120,d,0.002385,0.008500,0.022000,7.263184,32.885393
6121,dd,0.002426,0.005100,0.019200,14.505127,26.725915
6122,sdd,0.018511,0.005000,0.019200,21.654541,42.710933
6123,ssdd,0.018091,0.004200,0.022000,28.612305,44.291216
6125,s,0.023128,0.004250,0.019200,10.907715,46.578351
6126,ss,0.018821,0.006400,0.018500,20.790283,43.720769
6127,dss,0.002842,0.004750,0.022000,28.081787,29.591615
6128,ddss,0.002785,0.005050,0.019200,35.320312,27.035416
6130,d,0.002385,0.004250,0.022000,9.770508,28.635393
6131,dd,0.002426,0.004650,0.021500,17.800293,28.575915
6132,pdd,0.003045,0.006000,0.021500,36.884521,30.544804
6133,dp,0.002464,0.005150,0.021500,46.488770,29.114344
6134,pdp,0.002932,0.005400,0.021500,64.939209,29.831683
6135,d,0.002385,0.006400,0.018500,14.972900,27.285393
6136,pd,0.002977,0.004650,0.021500,33.478760,29.127001
6137,d,0.002385,0.009500,0.022000,42.936768,33.885393
6138,dp,0.002464,0.008250,0.019200,50.263916,29.914344
6139,pd,0.002977,0.005300,0.019200,69.221191,27.477001
6140,d,0.002385,0.004550,0.020000,7.212158,26.935393
6141,sd,0.018668,0.004600,0.022000,14.248535,45.267773
6142,psd,0.003139,0.005000,0.020000,32.525879,28.138792
6143,sps,0.018360,0.005350,0.022000,41.782959,45.710251
6144,psp,0.002926,0.006150,0.021500,59.991699,30.575658
6145,d,0.002385,0.004550,0.021500,22.847656,28.435393
6146,dd,0.002426,0.005150,0.018500,30.580078,26.075915
6147,ddd,0.002493,0.005150,0.019200,37.750732,26.843417
6148,p,0.003780,0.007750,0.018500,56.199951,30.029849
6149,p,0.003780,0.005750,0.018500,77.031006,28.029849
6150,s,0.023128,0.005250,0.021500,6.447998,49.878351
6151,ss,0.018821,0.003950,0.018500,13.538330,41.270769
6152,dss,0.002842,0.004300,0.022000,20.762207,29.141615
6153,sdss,0.018223,0.004500,0.022000,27.956055,44.722624
6155,s,0.023128,0.006000,0.021500,6.916748,50.628351
6156,ss,0.018821,0.005550,0.018500,14.548828,42.870769
6157,sss,0.019288,0.004300,0.022000,21.795898,45.588093
6158,psss,0.002892,0.006950,0.019200,40.427002,29.042287
6159,pps,0.002854,0.004650,0.019200,61.545410,26.704053
6165,p,0.003780,0.004800,0.018500,17.855957,27.079849
6166,sp,0.018754,0.004900,0.021500,27.157715,45.153690
6167,ssp,0.018787,0.006050,0.019200,34.009521,44.037195
6168,sssp,0.018690,0.004050,0.019200,41.102295,41.939656
6169,ssss,0.018888,0.004700,0.018500,47.981934,42.088175
6160,d,0.002385,0.005550,0.018500,6.717041,26.435393
6161,pd,0.002977,0.005550,0.018500,25.122559,27.027001
6162,pp,0.002838,0.005100,0.019200,46.494873,27.138325
6163,sp,0.018754,0.021000,0.022000,55.982422,61.753690
6164,ssp,0.018787,0.004900,0.018500,62.946777,42.187195
6170,d,0.002385,0.004200,0.019200,6.645996,25.785393
6171,pd,0.002977,0.004850,0.018500,25.139648,26.327001
6172,dp,0.002464,0.006950,0.019200,34.513184,28.614344
6173,ddp,0.002502,0.004900,0.021500,41.709961,28.901712
6174,dddp,0.002699,0.004500,0.019200,48.918213,26.399161
6175,d,0.002385,0.005700,0.019200,23.287109,27.285393
6176,dd,0.002426,0.007250,0.020000,30.847900,29.675915
6177,sdd,0.018511,0.005000,0.022000,37.975342,45.510933
6178,psd,0.003139,0.006000,0.018500,56.451172,27.638792
6179,pps,0.002854,0.005000,0.018500,77.432861,26.354053
6180,d,0.002385,0.006700,0.018500,15.513428,27.585393
6181,pd,0.002977,0.004150,0.022000,34.053467,29.127001
6182,dp,0.002464,0.006050,0.020000,43.547119,28.514344
6183,ddp,0.002502,0.005500,0.020000,51.134766,28.001712
6184,pdd,0.003045,0.005650,0.022000,69.596191,30.694804
6185,d,0.002385,0.004700,0.018500,16.985352,25.585393
6186,pd,0.002977,0.004450,0.021500,36.214600,28.927001
6187,sp,0.018754,0.009150,0.021500,45.419189,49.403690
6188,ssp,0.018787,0.005300,0.021500,52.385254,45.587195
6189,s,0.023128,0.008100,0.021500,59.393799,52.728351
6190,d,0.002385,0.005100,0.019200,7.765381,26.685393
6191,dd,0.002426,0.004700,0.021500,14.817871,28.625915
6192,sdd,0.018511,0.006000,0.022000,21.634033,46.510933
6193,dsdd,0.002830,0.005450,0.019200,28.584961,27.479964
6194,sdsd,0.018197,0.004100,0.018500,35.355957,40.797164
6195,d,0.002385,0.004450,0.020000,15.558350,26.835393
6196,pd,0.002977,0.004700,0.021500,34.041260,29.177001
6197,sp,0.018754,0.003950,0.022000,43.223877,44.703690
6198,ssp,0.018787,0.005100,0.022000,50.312744,45.887195
6199,sssp,0.018690,0.004700,0.018500,57.311523,41.889656
6200,p,0.003780,0.005300,0.020000,30.658691,29.079849
6201,dp,0.002464,0.007350,0.020000,40.018066,29.814344
6202,sdp,0.018492,0.005750,0.019200,46.850830,43.441971
6203,d,0.002385,0.013050,0.018500,53.843994,33.935393
6204,dsd,0.002613,0.004950,0.018500,60.874023,26.062551
6205,d,0.002385,0.007400,0.019200,10.683105,28.985393
6206,pd,0.002977,0.005300,0.018500,31.923096,26.777001
6207,sp,0.018754,0.004350,0.021500,41.199463,44.603690
6208,dsp,0.002685,0.005650,0.021500,48.289307,29.834513
6209,ddsp,0.002864,0.004850,0.019200,55.405762,26.913565
6210,s,0.023128,0.011000,0.020000,6.548096,54.128351
6211,d,0.002385,0.008800,0.018500,13.849365,29.685393
6212,ds,0.002343,0.010900,0.021500,20.939697,34.742513
6213,dds,0.002685,0.005100,0.020000,28.022705,27.785273
6214,d,0.002385,0.020900,0.019200,35.080322,42.485393
6215,d,0.002385,0.006150,0.022000,23.742676,30.535393
6216,pd,0.002977,0.004950,0.020000,42.502686,27.927001
6217,dpd,0.002513,0.014100,0.021500,51.989990,38.112673
6218,sdp,0.018492,0.010550,0.019200,59.234619,48.241971
6219,ssdp,0.018187,0.005200,0.022000,66.034180,45.387445
6220,p,0.003780,0.005750,0.021500,17.560059,31.029849
6221,dp,0.002464,0.004900,0.019200,27.188477,26.564344
6222,ddp,0.002502,0.004150,0.018500,34.798828,25.151712
6223,s,0.023128,0.007700,0.018500,42.396484,49.328351
6224,p,0.003780,0.006950,0.018500,62.658447,29.229849
6225,p,0.003780,0.013950,0.019200,20.289062,36.929849
6226,dp,0.002464,0.007100,0.019200,29.722900,28.764344
6227,pdp,0.002932,0.007900,0.021500,47.901367,32.331683
6228,pp,0.002838,0.005000,0.020000,68.269287,27.838325
6229,s,0.023128,0.014350,0.018500,77.456299,55.978351
6230,d,0.002385,0.005650,0.018500,22.407471,26.535393
6231,sd,0.018668,0.004700,0.020000,29.841553,43.367773
6232,ssd,0.018735,0.005400,0.019200,36.555420,43.334503
6233,sssd,0.017999,0.005550,0.019200,43.282959,42.748568
6234,ssss,0.018888,0.004700,0.021500,50.090088,45.088175
6235,p,0.003780,0.005050,0.021500,29.508789,30.329849
6236,dp,0.002464,0.005100,0.022000,38.894531,29.564344
6237,pdp,0.002932,0.005150,0.021500,57.945557,29.581683
6238,p,0.003780,0.014350,0.021500,80.963379,39.629849
6239,d,0.002385,0.010350,0.021500,91.206299,34.235393
6240,s,0.023128,0.011000,0.019200,6.355957,53.328351
6241,ps,0.002840,0.004300,0.020000,24.604004,27.139786
6242,dps,0.002445,0.008250,0.020000,33.997314,30.694936
6243,pds,0.003022,0.005750,0.018500,55.201172,27.271933
6244,dp,0.002464,0.004950,0.020000,68.916504,27.414344
6245,d,0.002385,0.004500,0.018500,6.548096,25.385393
6246,dd,0.002426,0.005100,0.019200,13.806641,26.725915
6247,sdd,0.018511,0.004750,0.021500,20.753662,44.760933
6248,ssdd,0.018091,0.006250,0.021500,27.669922,45.841216
6249,s,0.023128,0.012750,0.020000,34.731445,55.878351
6250,s,0.023128,0.004450,0.022000,7.148438,49.578351
6251,ss,0.018821,0.005100,0.021500,14.021484,45.420769
6252,pss,0.002833,0.006750,0.021500,32.357666,31.082709
6253,ppss,0.002998,0.004950,0.019200,52.616211,27.147567
6254,dpp,0.002514,0.004200,0.022000,62.274414,28.714416
6255,p,0.003780,0.005600,0.020000,30.647217,29.379849
6256,p,0.003780,0.010400,0.021500,51.343262,35.679849
6257,s,0.023128,0.004450,0.019200,60.828857,46.778351
6258,ss,0.018821,0.004600,0.018500,67.862549,41.920769
6259,dss,0.002842,0.010150,0.020000,75.197266,32.991615
6260,p,0.003780,0.007050,0.019200,36.281250,30.029849
6261,pp,0.002838,0.005550,0.022000,56.593018,30.388325
6262,spp,0.018537,0.004250,0.020000,65.809326,42.787181
6263,psp,0.002926,0.005050,0.020000,84.038818,27.975658
6264,sps,0.018360,0.003850,0.019200,93.308105,41.410251
6265,d,0.002385,0.005200,0.020000,6.538086,27.585393
6266,dd,0.002426,0.008950,0.018500,13.871582,29.875915
6267,d,0.002385,0.011100,0.020000,21.275635,33.485393
6268,sdd,0.018511,0.006050,0.020000,28.491943,44.560933
6269,ssd,0.018735,0.004750,0.021500,35.615723,44.984503
6275,d,0.002385,0.004850,0.019200,8.743164,26.435393
6276,sd,0.018668,0.005000,0.019200,16.206787,42.867773
6277,ssd,0.018735,0.010450,0.020000,23.529297,49.184503
6278,sssd,0.017999,0.005100,0.022000,30.630615,45.098568
6279,ssss,0.018888,0.004500,0.019200,37.604248,42.588175
6280,p,0.003780,0.004900,0.020000,35.697510,28.679849
6281,p,0.003780,0.008100,0.020000,56.046387,31.879849
6282,p,0.003780,0.004400,0.022000,76.351318,30.179849
6283,sp,0.018754,0.004200,0.020000,85.480469,42.953690
6284,ssp,0.018787,0.005000,0.022000,92.485107,45.787195
6270,d,0.002385,0.006400,0.021500,8.498047,30.285393
6271,pd,0.002977,0.014000,0.019200,27.623779,36.177001
6272,spd,0.018317,0.004900,0.021500,36.958496,44.717325
6273,ssp,0.018787,0.006750,0.019200,43.936035,44.737195
6274,pssp,0.002921,0.004000,0.019200,62.218506,26.121367
6295,d,0.002385,0.005100,0.022000,10.401367,29.485393
6296,dd,0.002426,0.015550,0.019200,26.907959,37.175915
6297,pd,0.002977,0.005800,0.022000,46.016602,30.777001
6298,dpd,0.002513,0.010450,0.019200,55.486572,32.162673
6299,pdp,0.002932,0.006500,0.022000,73.650879,31.431683
6285,p,0.003780,0.020700,0.020000,28.466553,44.479849
6286,p,0.003780,0.006600,0.022000,48.701416,32.379849
6287,dp,0.002464,0.004850,0.021500,58.125732,28.814344
6288,sdp,0.018492,0.004050,0.020000,65.014648,42.541971
6289,dsdp,0.002604,0.004300,0.018500,72.076660,25.403992
6290,p,0.003780,0.004400,0.020000,33.883301,28.179849
6291,pp,0.002838,0.005200,0.021500,56.512451,29.538325
6292,pp,0.002838,0.005250,0.022000,78.782715,30.088325
6293,sp,0.018754,0.004450,0.020000,88.380615,43.203690
6294,ssp,0.018787,0.004300,0.019200,95.406738,42.287195
6300,p,0.003780,0.009100,0.018500,34.824219,31.379849
6301,pp,0.002838,0.010550,0.021500,55.381104,34.888325
6302,dpp,0.002514,0.004650,0.019200,64.963379,26.364416
6303,sdp,0.018492,0.005400,0.019200,72.035889,43.091971
6304,dsdp,0.002604,0.005700,0.019200,79.271484,27.503992
6315,d,0.002385,0.007450,0.018500,16.698730,28.335393
6316,pd,0.002977,0.004900,0.022000,37.270752,29.877001
6317,sp,0.018754,0.004450,0.019200,47.596680,42.403690
6318,ps,0.002840,0.004600,0.018500,67.520264,25.939786
6319,pps,0.002854,0.007050,0.022000,88.567139,31.904053
6305,d,0.002385,0.012900,0.018500,24.695801,33.785393
6306,sd,0.018668,0.004900,0.018500,32.435303,42.067773
6307,psd,0.003139,0.006700,0.021500,50.774658,31.338792
6308,sps,0.018360,0.004600,0.019200,59.840576,42.160251
6309,psp,0.002926,0.004500,0.022000,78.191406,29.425658
6310,p,0.003780,0.005600,0.018500,25.513428,27.879849
6311,dp,0.002464,0.004350,0.021500,35.295654,28.314344
6312,ddp,0.002502,0.004400,0.021500,42.628174,28.401712
6313,pdd,0.003045,0.004500,0.018500,61.149170,26.044804
6314,pp,0.002838,0.005300,0.018500,81.743652,26.638325
6320,p,0.003780,0.005650,0.018500,19.195312,27.929849
6321,sp,0.018754,0.004600,0.021500,29.474854,44.853690
6322,ssp,0.018787,0.005500,0.021500,36.931885,45.787195
6323,pss,0.002833,0.005300,0.021500,58.072754,29.632709
6324,spss,0.018655,0.013950,0.021500,67.729736,54.105113
6325,d,0.002385,0.006450,0.020000,9.308350,28.835393
6326,dd,0.002426,0.004450,0.018500,17.591309,25.375915
6327,sdd,0.018511,0.005500,0.019200,25.693604,43.210933
6328,dsdd,0.002830,0.004350,0.022000,33.905029,29.179964
6329,sdsd,0.018197,0.005000,0.018500,41.458740,41.697164
6330,s,0.023128,0.017850,0.019200,9.587402,60.178351
6331,s,0.023128,0.009200,0.018500,16.809570,50.828351
6332,ps,0.002840,0.004450,0.021500,36.346924,28.789786
6333,dps,0.002445,0.004900,0.022000,46.481689,29.344936
6334,pds,0.003022,0.006400,0.021500,65.596680,30.921933
6335,p,0.003780,0.004750,0.020000,18.694824,28.529849
6336,dp,0.002464,0.004500,0.021500,29.009033,28.464344
6337,ddp,0.002502,0.004650,0.022000,36.376709,29.151712
6338,sddp,0.017807,0.005450,0.020000,43.476562,43.256817
6339,p,0.003780,0.007500,0.019200,62.872559,30.479849
6340,p,0.003780,0.004750,0.022000,19.961670,30.529849
6341,sp,0.018754,0.005350,0.022000,29.300781,46.103690
6342,dsp,0.002685,0.008600,0.022000,36.501709,33.284513
6343,ddsp,0.002864,0.004750,0.020000,43.778076,27.613565
6344,d,0.002385,0.017450,0.021500,51.281250,41.335393
6345,d,0.002385,0.004950,0.018500,6.758301,25.835393
6346,dd,0.002426,0.004200,0.020000,14.032227,26.625915
6347,pd,0.002977,0.004500,0.021500,33.095215,28.977001
6348,dp,0.002464,0.003950,0.021500,42.839355,27.914344
6349,d,0.002385,0.022400,0.018500,50.163330,43.285393
6350,s,0.023128,0.004750,0.020000,6.490723,47.878351
6351,ss,0.018821,0.005350,0.021500,13.567627,45.670769
6352,dss,0.002842,0.005350,0.018500,20.880615,26.691615
6353,ddss,0.002785,0.004950,0.018500,28.443604,26.235416
6355,p,0.003780,0.003950,0.019200,19.777588,26.929849
6356,dp,0.002464,0.008250,0.021500,29.402344,32.214344
6357,ddp,0.002502,0.004950,0.019200,36.633057,26.651712
6358,sddp,0.017807,0.005550,0.019200,43.630127,42.556817
6359,ssdd,0.018091,0.004650,0.022000,50.540283,44.741216
6360,s,0.023128,0.004450,0.018500,10.328369,46.078351
6361,ps,0.002840,0.005200,0.019200,29.722412,27.239786
6362,sps,0.018360,0.004100,0.021500,39.080566,43.960251
6363,dsps,0.002950,0.004700,0.021500,46.377197,29.150393
6365,s,0.023128,0.004450,0.021500,22.854980,49.078351
6366,ss,0.018821,0.008600,0.020000,30.452637,47.420769
6367,sss,0.019288,0.005550,0.020000,37.238037,44.838093
6368,ssss,0.018888,0.004950,0.021500,44.034424,45.338175
6370,s,0.023128,0.007200,0.021500,25.318604,51.828351
6371,ss,0.018821,0.006000,0.019200,40.713623,44.020769
6372,sss,0.019288,0.005150,0.022000,50.963623,46.438093
6373,psss,0.002892,0.005100,0.021500,69.308350,29.492287
6374,dpss,0.002761,0.011700,0.019200,78.845459,33.660817
6375,s,0.023128,0.005400,0.019200,21.350098,47.728351
6376,ss,0.018821,0.004250,0.019200,28.925537,42.270769
6377,sss,0.019288,0.012000,0.020000,35.648682,51.288093
6378,s,0.023128,0.017650,0.020000,42.409668,60.778351
6379,dsss,0.003039,0.003500,0.019200,49.859131,25.738978
6385,s,0.023128,0.003900,0.019200,12.638672,46.228351
6386,ss,0.018821,0.005700,0.018500,20.373291,43.020769
6387,dss,0.002842,0.004850,0.020000,28.380859,27.691615
6388,pdss,0.002957,0.013950,0.021500,48.834717,38.406682
6389,pp,0.002838,0.005600,0.020000,70.459961,28.438325
6380,s,0.023128,0.003650,0.021500,16.239258,48.278351
6381,ss,0.018821,0.006900,0.020000,23.343018,45.720769
6382,sss,0.019288,0.004350,0.020000,30.211426,43.638093
6383,ssss,0.018888,0.004600,0.019200,37.225586,42.688175
6400,d,0.002385,0.017350,0.022000,19.018066,41.735393
6401,pd,0.002977,0.008150,0.021500,37.651367,32.627001
6402,spd,0.018317,0.010000,0.019200,46.643555,47.517325
6403,psp,0.002926,0.003500,0.018500,64.685547,24.925658
6404,pps,0.002854,0.010150,0.020000,84.756348,33.004053
6390,d,0.002385,0.004600,0.020000,12.031982,26.985393
6391,dd,0.002426,0.004550,0.022000,19.800293,28.975915
6392,ddd,0.002493,0.004850,0.020000,27.072754,27.343417
6393,sddd,0.017932,0.014300,0.018500,34.111084,50.731734
6394,dsdd,0.002830,0.004500,0.019200,41.323730,26.529964
6405,s,0.023128,0.004450,0.022000,6.699219,49.578351
6406,d,0.002385,0.024450,0.022000,16.607910,48.835393
6407,ds,0.002343,0.005200,0.022000,23.742188,29.542513
6408,sds,0.018566,0.007300,0.021500,30.531738,47.366086
6409,psds,0.002945,0.005200,0.020000,48.684814,28.145423
6395,d,0.002385,0.006000,0.022000,6.961670,30.385393
6396,sd,0.018668,0.006700,0.022000,14.097656,47.367773
6397,ssd,0.018735,0.004900,0.018500,21.018555,42.134503
6398,sssd,0.017999,0.005750,0.021500,28.224609,45.248568
6410,d,0.002385,0.004350,0.021500,7.832520,28.235393
6411,pd,0.002977,0.003900,0.018500,26.028320,25.377001
6412,dpd,0.002513,0.004550,0.021500,35.291992,28.562673
6413,ddp,0.002502,0.005400,0.021500,42.464355,29.401712
6414,dddp,0.002699,0.005550,0.022000,49.517334,30.249161
6415,d,0.002385,0.005550,0.022000,6.693848,29.935393
6416,pd,0.002977,0.004800,0.021500,25.296387,29.277001
6417,pp,0.002838,0.005750,0.021500,45.931152,30.088325
6418,dp,0.002464,0.004700,0.018500,55.216064,25.664344
6419,sdp,0.018492,0.015550,0.020000,62.033447,54.041971
6420,p,0.003780,0.012150,0.021500,35.300781,37.429849
6421,dp,0.002464,0.005600,0.021500,44.873535,29.564344
6422,sdp,0.018492,0.005650,0.019200,51.870850,43.341971
6423,ssdp,0.018187,0.005550,0.020000,58.791748,43.737445
6424,pss,0.002833,0.005850,0.021500,77.000488,30.182709
6425,d,0.002385,0.005650,0.019200,23.831787,27.235393
6426,dd,0.002426,0.004400,0.022000,31.562744,28.825915
6427,ddd,0.002493,0.004650,0.018500,38.799561,25.643417
6428,sddd,0.017932,0.005200,0.020000,45.691650,43.131734
6429,psd,0.003139,0.005400,0.019200,64.065674,27.738792
6430,d,0.002385,0.004250,0.019200,8.814941,25.835393
6431,sd,0.018668,0.004800,0.018500,16.208008,41.967773
6432,ps,0.002840,0.006400,0.020000,37.011963,29.239786
6433,dps,0.002445,0.005700,0.022000,47.514404,30.144936
6434,ddps,0.002746,0.004050,0.022000,55.308350,28.795776
6435,d,0.002385,0.004500,0.021500,6.759277,28.385393
6436,pd,0.002977,0.006650,0.020000,25.737305,29.627001
6437,pp,0.002838,0.009450,0.020000,45.972412,32.288325
6438,dp,0.002464,0.003950,0.019200,55.389893,25.614344
6439,sdp,0.018492,0.005200,0.021500,62.364014,45.191971
6440,s,0.023128,0.006400,0.022000,21.012451,51.528351
6441,ds,0.002343,0.004900,0.022000,28.736084,29.242513
6442,pds,0.003022,0.004250,0.020000,46.928467,27.271933
6443,d,0.002385,0.011150,0.020000,56.228760,33.535393
6444,sps,0.018360,0.005300,0.020000,63.354980,43.660251
6445,s,0.023128,0.004850,0.021500,6.489502,49.478351
6446,ps,0.002840,0.004200,0.021500,25.045410,28.539786
6447,pps,0.002854,0.004900,0.022000,46.339600,29.754053
6448,sps,0.018360,0.005600,0.022000,55.491455,45.960251
6449,dsp,0.002685,0.009050,0.021500,62.541504,33.234513
6450,d,0.002385,0.005600,0.018500,7.076660,26.485393
6451,pd,0.002977,0.004550,0.018500,27.092773,26.027001
6452,d,0.002385,0.014350,0.021500,37.627197,38.235393
6453,sp,0.018754,0.003650,0.019200,44.945068,41.603690
6454,dsp,0.002685,0.005700,0.021500,52.343262,29.884513
6455,s,0.023128,0.006050,0.019200,22.299805,48.378351
6456,ss,0.018821,0.006750,0.020000,29.873047,45.570769
6457,dss,0.002842,0.004200,0.021500,36.944824,28.541615
6458,ddss,0.002785,0.004950,0.019200,43.998535,26.935416
6460,d,0.002385,0.004400,0.022000,6.721191,28.785393
6461,pd,0.002977,0.005450,0.019200,25.002441,27.627001
6462,pp,0.002838,0.004900,0.019200,45.507080,26.938325
6463,pp,0.002838,0.004400,0.019200,65.789307,26.438325
6464,pp,0.002838,0.007100,0.019200,86.295898,29.138325
6465,p,0.003780,0.004450,0.018500,17.843994,26.729849
6466,pp,0.002838,0.004500,0.022000,38.456299,29.338325
6467,sp,0.018754,0.004900,0.020000,47.682861,43.653690
6468,psp,0.002926,0.004000,0.018500,66.785889,25.425658
6469,sps,0.018360,0.004950,0.018500,76.301270,41.810251
6470,s,0.023128,0.006000,0.019200,6.493408,48.328351
6471,ss,0.018821,0.014300,0.019200,13.511963,52.320769
6472,dss,0.002842,0.003900,0.018500,20.890137,25.241615
6473,p,0.003780,0.006650,0.020000,39.398438,30.429849
6474,dss,0.002842,0.004550,0.018500,49.032227,25.891615
6475,p,0.003780,0.004950,0.020000,22.325195,28.729849
6476,p,0.003780,0.019350,0.020000,43.093750,43.129849
6477,d,0.002385,0.007250,0.020000,52.670898,29.635393
6478,dd,0.002426,0.004550,0.018500,59.974609,25.475915
6479,d,0.002385,0.071200,0.021500,67.262451,95.085393
6480,p,0.003780,0.005400,0.020000,34.281006,29.179849
6481,s,0.023128,0.011000,0.022000,43.522705,56.128351
6482,sp,0.018754,0.005350,0.018500,50.394531,42.603690
6483,ps,0.002840,0.004900,0.018500,68.556885,26.239786
6484,sps,0.018360,0.004500,0.020000,77.716309,42.860251
6485,s,0.023128,0.004900,0.021500,11.257812,49.528351
6486,ps,0.002840,0.005000,0.018500,29.627930,26.339786
6487,sps,0.018360,0.006000,0.020000,38.626953,44.360251
6488,ssps,0.018466,0.004750,0.021500,45.319092,44.716056
6490,s,0.023128,0.004900,0.021500,6.874268,49.528351
6491,ps,0.002840,0.004150,0.019200,26.713867,26.189786
6492,sps,0.018360,0.004800,0.020000,36.757568,43.160251
6493,ssps,0.018466,0.004550,0.019200,44.232178,42.216056
6500,d,0.002385,0.007200,0.022000,6.625488,31.585393
6501,pd,0.002977,0.005150,0.019200,25.833984,27.327001
6502,spd,0.018317,0.005450,0.021500,35.129150,45.267325
6503,ps,0.002840,0.005050,0.018500,53.429199,26.389786
6504,pps,0.002854,0.008150,0.019200,73.990723,30.204053
6495,s,0.023128,0.008000,0.020000,6.501953,51.128351
6496,ss,0.018821,0.005100,0.018500,13.630127,42.420769
6497,sss,0.019288,0.005200,0.022000,20.535400,46.488093
6498,psss,0.002892,0.004650,0.021500,38.908936,29.042287
6499,pps,0.002854,0.009450,0.021500,59.889893,33.804053
6505,p,0.003780,0.007050,0.020000,18.157715,30.829849
6506,dp,0.002464,0.004450,0.019200,27.910400,26.114344
6507,sdp,0.018492,0.005100,0.019200,34.898926,42.791971
6508,psd,0.003139,0.004750,0.022000,53.141602,29.888792
6509,pps,0.002854,0.009050,0.018500,73.591553,30.404053
6510,d,0.002385,0.005450,0.020000,14.522949,27.835393
6511,sd,0.018668,0.005200,0.018500,21.966797,42.367773
6512,dsd,0.002613,0.006350,0.022000,29.122559,30.962551
6513,ddsd,0.002653,0.004450,0.019200,36.201904,26.303469
6514,sdds,0.018154,0.004600,0.018500,43.005859,41.253743
6515,p,0.003780,0.004750,0.022000,23.323975,30.529849
6516,pp,0.002838,0.004750,0.020000,48.588867,27.588325
6517,sp,0.018754,0.004250,0.018500,60.581543,41.503690
6518,ssp,0.018787,0.005200,0.021500,69.039551,45.487195
6519,sss,0.019288,0.004450,0.020000,77.075928,43.738093
6520,p,0.003780,0.003800,0.022000,23.378418,29.579849
6521,pp,0.002838,0.004450,0.018500,44.265137,25.788325
6522,sp,0.018754,0.021000,0.019200,53.838623,58.953690
6523,ps,0.002840,0.005100,0.022000,72.000244,29.939786
6524,sps,0.018360,0.004300,0.022000,80.951416,44.660251
6525,p,0.003780,0.004700,0.022000,18.360840,30.479849
6526,dp,0.002464,0.005150,0.021500,28.033447,29.114344
6527,ddp,0.002502,0.004700,0.022000,35.725586,29.201712
6528,dddp,0.002699,0.005350,0.022000,43.043457,30.049161
6529,s,0.023128,0.008750,0.018500,50.209717,50.378351
6530,s,0.023128,0.010550,0.020000,9.492676,53.678351
6531,p,0.003780,0.007050,0.019200,37.839844,30.029849
6532,ds,0.002343,0.005250,0.018500,47.515381,26.092513
6533,sds,0.018566,0.005000,0.020000,54.712891,43.566086
6534,psd,0.003139,0.005000,0.022000,73.209961,30.138792
6535,p,0.003780,0.004300,0.019200,20.007080,27.279849
6536,dp,0.002464,0.004750,0.021500,30.474121,28.714344
6537,pd,0.002977,0.005100,0.018500,49.621094,26.577001
6538,dp,0.002464,0.005550,0.021500,59.458740,29.514344
6539,pd,0.002977,0.004650,0.018500,77.616455,26.127001
6540,s,0.023128,0.010250,0.019200,23.377686,52.578351
6541,ds,0.002343,0.005200,0.021500,31.227295,29.042513
6542,sds,0.018566,0.005200,0.018500,38.062012,42.266086
6543,ssds,0.018930,0.007000,0.020000,44.912354,45.930221
6545,d,0.002385,0.004650,0.018500,6.835205,25.535393
6546,pd,0.002977,0.005600,0.021500,25.324219,30.077001
6547,dp,0.002464,0.005100,0.018500,34.850098,26.064344
6548,ddp,0.002502,0.004300,0.018500,42.233154,25.301712
6549,pdd,0.003045,0.007200,0.021500,60.585449,31.744804
6550,d,0.002385,0.005200,0.021500,7.066650,29.085393
6551,dd,0.002426,0.005200,0.019200,14.381348,26.825915
6552,pdd,0.003045,0.008600,0.022000,33.425049,33.644804
6553,dp,0.002464,0.005300,0.019200,43.592529,26.964344
6554,pdp,0.002932,0.004350,0.020000,61.919434,27.281683
6555,d,0.002385,0.008050,0.019200,22.889893,29.635393
6556,dd,0.002426,0.004800,0.019200,30.645996,26.425915
6557,sdd,0.018511,0.005150,0.019200,37.445312,42.860933
6558,dsdd,0.002830,0.005850,0.019200,44.540283,27.879964
6560,s,0.023128,0.004450,0.018500,9.062500,46.078351
6561,ds,0.002343,0.009200,0.020000,16.326416,31.542513
6562,pds,0.003022,0.004800,0.018500,34.663818,26.321933
6563,spds,0.018151,0.006500,0.018500,43.717285,43.150699
6564,ssps,0.018466,0.004750,0.022000,50.562988,45.216056
6570,s,0.023128,0.008250,0.019200,21.414795,50.578351
6571,ds,0.002343,0.005200,0.019200,29.158936,26.742513
6572,sds,0.018566,0.004750,0.019200,36.110596,42.516086
6573,dsds,0.002713,0.009000,0.019200,43.806641,30.913025
6565,d,0.002385,0.005350,0.021500,7.360107,29.235393
6566,pd,0.002977,0.004250,0.018500,26.055664,25.727001
6567,dpd,0.002513,0.013000,0.022000,35.497559,37.512673
6568,sdp,0.018492,0.005100,0.021500,42.419678,45.091971
6569,dsdp,0.002604,0.008250,0.020000,49.559082,30.853992
6575,p,0.003780,0.005300,0.019200,17.981689,28.279849
6576,dp,0.002464,0.004700,0.021500,28.409668,28.664344
6577,pd,0.002977,0.008400,0.021500,47.133301,32.877001
6578,dp,0.002464,0.005050,0.019200,57.638184,26.714344
6579,ddp,0.002502,0.005000,0.021500,65.703857,29.001712
6580,s,0.023128,0.005100,0.019200,23.204834,47.428351
6581,d,0.002385,0.054850,0.020000,31.281982,77.235393
6582,ps,0.002840,0.008450,0.019200,49.839355,30.489786
6583,dps,0.002445,0.005150,0.019200,59.520264,26.794936
6584,ddps,0.002746,0.005200,0.018500,67.003174,26.445776
6585,d,0.002385,0.004800,0.020000,14.752197,27.185393
6586,sd,0.018668,0.005300,0.019200,24.170166,43.167773
6587,dsd,0.002613,0.005500,0.022000,31.513916,30.112551
6588,sdsd,0.018197,0.004500,0.022000,38.666992,44.697164
6589,d,0.002385,0.005200,0.021500,45.944336,29.085393
6590,p,0.003780,0.004500,0.019200,26.695557,27.479849
6591,sp,0.018754,0.005600,0.018500,36.052002,42.853690
6592,ssp,0.018787,0.006000,0.021500,43.012939,46.287195
6593,pss,0.002833,0.005550,0.018500,62.359619,26.882709
6594,dpss,0.002761,0.004900,0.018500,72.139648,26.160817
6595,d,0.002385,0.005100,0.019200,10.944092,26.685393
6596,sd,0.018668,0.005700,0.018500,17.931885,42.867773
6597,dsd,0.002613,0.006550,0.018500,25.002197,27.662551
6598,sdsd,0.018197,0.004900,0.020000,32.009521,43.097164
6599,ssds,0.018930,0.006050,0.018500,38.961426,43.480221
6600,p,0.003780,0.008150,0.018500,17.717529,30.429849
6601,dp,0.002464,0.012900,0.019200,27.863525,34.564344
6602,ddp,0.002502,0.004850,0.022000,35.691650,29.351712
6603,pdd,0.003045,0.005400,0.019200,54.648438,27.644804
6604,d,0.002385,0.015700,0.019200,64.396484,37.285393
6605,d,0.002385,0.004900,0.022000,6.734375,29.285393
6606,pd,0.002977,0.004450,0.022000,25.489502,29.427001
6607,spd,0.018317,0.004550,0.022000,34.850098,44.867325
6608,dsp,0.002685,0.004750,0.021500,42.293213,28.934513
6609,pds,0.003022,0.004600,0.021500,60.749512,29.121933
6610,p,0.003780,0.029550,0.018500,17.714844,51.829849
6611,pp,0.002838,0.005300,0.019200,39.135986,27.338325
6612,ppp,0.002790,0.005200,0.021500,61.242188,29.489957
6613,pp,0.002838,0.004350,0.022000,82.884033,29.188325
6614,pp,0.002838,0.005200,0.018500,103.676025,26.538325
6615,p,0.003780,0.004450,0.022000,18.135010,30.229849
6616,pp,0.002838,0.004750,0.022000,38.984131,29.588325
6617,pp,0.002838,0.004450,0.022000,59.810791,29.288325
6618,sp,0.018754,0.005350,0.021500,71.458984,45.603690
6619,ps,0.002840,0.005000,0.022000,90.030518,29.839786
6620,p,0.003780,0.005500,0.021500,17.750244,30.779849
6621,sp,0.018754,0.005200,0.021500,26.942627,45.453690
6622,psp,0.002926,0.005850,0.020000,45.346191,28.775658
6623,pps,0.002854,0.005250,0.021500,65.976807,29.604053
6624,dp,0.002464,0.004650,0.020000,75.578125,27.114344
6625,s,0.023128,0.004050,0.020000,6.583740,47.178351
6626,ds,0.002343,0.003950,0.021500,14.361084,27.792513
6627,sds,0.018566,0.005050,0.019200,22.383789,42.816086
6628,ssds,0.018930,0.005200,0.020000,29.804443,44.130221
6630,s,0.023128,0.003950,0.021500,6.499268,48.578351
6631,ds,0.002343,0.004600,0.018500,13.794678,25.442513
6632,dds,0.002685,0.006150,0.018500,20.978271,27.335273
6633,pds,0.003022,0.009450,0.019200,39.496094,31.671933
6634,sps,0.018360,0.004850,0.022000,48.847412,45.210251
6635,p,0.003780,0.004900,0.019200,57.422852,27.879849
6636,sp,0.018754,0.006500,0.019200,66.479980,44.453690
6637,ssp,0.018787,0.004150,0.018500,73.179199,41.437195
6638,sssp,0.018690,0.005300,0.021500,79.871338,45.489656
6639,psss,0.002892,0.004550,0.018500,98.051758,25.942287
6640,p,0.003780,0.004650,0.019200,34.476562,27.629849
6641,pp,0.002838,0.007050,0.020000,56.793457,29.888325
6642,dp,0.002464,0.014000,0.022000,67.161621,38.464344
6643,sdp,0.018492,0.011700,0.020000,74.501709,50.191971
6644,ssdp,0.018187,0.004950,0.020000,81.767334,43.137445
6645,p,0.003780,0.004450,0.019200,34.962402,27.429849
6646,dp,0.002464,0.004450,0.021500,44.320801,28.414344
6647,sdp,0.018492,0.006050,0.020000,51.331787,44.541971
6648,ssdp,0.018187,0.005250,0.020000,58.172119,43.437445
6649,sssd,0.017999,0.005800,0.020000,65.207520,43.798568
6650,d,0.002385,0.004700,0.020000,22.272461,27.085393
6651,dd,0.002426,0.005150,0.019200,29.829346,26.775915
6652,sdd,0.018511,0.003500,0.022000,36.678955,44.010933
6653,psd,0.003139,0.004600,0.020000,55.079834,27.738792
6654,dps,0.002445,0.005950,0.019200,64.684326,27.594936
6655,p,0.003780,0.014000,0.020000,20.613770,37.779849
6656,sp,0.018754,0.009550,0.022000,29.780273,50.303690
6657,psp,0.002926,0.005650,0.021500,47.682129,30.075658
6658,spsp,0.018324,0.005800,0.018500,56.739746,42.624455
6659,ssps,0.018466,0.014100,0.019200,63.508789,51.766056
6660,s,0.023128,0.005550,0.021500,6.509766,50.178351
6661,ds,0.002343,0.004150,0.022000,13.952637,28.492513
6662,dds,0.002685,0.006400,0.019200,21.259766,28.285273
6663,pdds,0.002946,0.004450,0.021500,39.340576,28.895651
6664,spds,0.018151,0.004400,0.022000,48.332764,44.550699
6665,d,0.002385,0.005550,0.020000,6.559326,27.935393
6666,dd,0.002426,0.005000,0.018500,13.838867,25.925915
6667,pdd,0.003045,0.005300,0.020000,32.729248,28.344804
6668,dp,0.002464,0.005950,0.022000,42.597168,30.414344
6669,ddp,0.002502,0.004950,0.018500,50.001221,25.951712
6680,s,0.023128,0.005000,0.021500,6.451660,49.628351
6681,ss,0.018821,0.005950,0.022000,13.379150,46.770769
6682,dss,0.002842,0.005100,0.018500,20.388184,26.441615
6683,ddss,0.002785,0.011000,0.020000,27.501953,33.785416
6670,s,0.023128,0.004550,0.019200,30.439453,46.878351
6671,ds,0.002343,0.007450,0.018500,43.017090,28.292513
6672,dds,0.002685,0.012000,0.018500,50.360596,33.185273
6673,ddds,0.002761,0.012900,0.020000,57.624023,35.660792
6675,s,0.023128,0.004400,0.021500,23.750000,49.028351
6676,ds,0.002343,0.005650,0.022000,32.062012,29.992513
6677,sds,0.018566,0.006150,0.020000,38.877686,44.716086
6678,ssds,0.018930,0.005500,0.020000,45.710938,44.430221
6685,d,0.002385,0.005400,0.018500,6.593750,26.285393
6686,pd,0.002977,0.006200,0.018500,25.343750,27.677001
6687,dp,0.002464,0.004400,0.020000,34.964355,26.864344
6688,pd,0.002977,0.004850,0.021500,53.654297,29.327001
6689,pp,0.002838,0.004450,0.022000,74.676270,29.288325
6690,p,0.003780,0.008950,0.022000,34.814941,34.729849
6691,dp,0.002464,0.004250,0.019200,44.163574,25.914344
6692,ddp,0.002502,0.005050,0.021500,51.499756,29.051712
6693,dddp,0.002699,0.004400,0.019200,58.763428,26.299161
6695,d,0.002385,0.004050,0.020000,21.376709,26.435393
6696,sd,0.018668,0.004850,0.019200,28.807373,42.717773
6697,ssd,0.018735,0.007250,0.021500,35.653076,47.484503
6698,sssd,0.017999,0.008950,0.019200,42.806885,46.148568
6699,dsss,0.003039,0.005200,0.019200,49.977539,27.438978
6700,s,0.023128,0.005550,0.020000,6.381836,48.678351
6701,p,0.003780,0.003700,0.020000,24.786377,27.479849
6702,ds,0.002343,0.022500,0.019200,34.215088,44.042513
6703,pds,0.003022,0.004050,0.018500,52.583008,25.571933
6704,spd,0.018317,0.011700,0.021500,61.715332,51.517325
6705,d,0.002385,0.005350,0.020000,14.299072,27.735393
6706,dd,0.002426,0.004000,0.021500,21.575195,27.925915
6707,pdd,0.003045,0.005550,0.020000,40.132324,28.594804
6708,spd,0.018317,0.005600,0.021500,49.435547,45.417325
6709,p,0.003780,0.010400,0.018500,67.690186,32.679849
6710,d,0.002385,0.005850,0.019200,9.942627,27.435393
6711,s,0.023128,0.005000,0.022000,17.141602,50.128351
6712,ps,0.002840,0.004450,0.021500,35.729492,28.789786
6713,sps,0.018360,0.005150,0.021500,45.052979,45.010251
6714,dsps,0.002950,0.005800,0.019200,52.564697,27.950393
6715,d,0.002385,0.004300,0.022000,9.091064,28.685393
6716,pd,0.002977,0.004900,0.022000,27.261475,29.877001
6717,dpd,0.002513,0.006000,0.018500,36.624512,27.012673
6718,pdp,0.002932,0.004400,0.020000,54.678467,27.331683
6719,sp,0.018754,0.005000,0.018500,63.830322,42.253690
6720,p,0.003780,0.004850,0.018500,27.921143,27.129849
6721,sp,0.018754,0.005200,0.018500,37.984131,42.453690
6722,s,0.023128,0.013400,0.018500,45.526367,55.028351
6723,ssp,0.018787,0.004500,0.019200,52.975586,42.487195
6724,sss,0.019288,0.004700,0.019200,60.262695,43.188093
6725,p,0.003780,0.004200,0.021500,17.968750,29.479849
6726,dp,0.002464,0.004600,0.021500,27.522217,28.564344
6727,ddp,0.002502,0.005050,0.020000,34.745605,27.551712
6728,sddp,0.017807,0.005000,0.021500,41.674316,44.306817
6729,d,0.002385,0.012400,0.021500,49.157959,36.285393
6735,p,0.003780,0.004700,0.020000,18.374023,28.479849
6736,dp,0.002464,0.004450,0.018500,28.024902,25.414344
6737,pdp,0.002932,0.004500,0.019200,46.154297,26.631683
6738,dp,0.002464,0.007200,0.020000,55.403564,29.664344
6739,ddp,0.002502,0.004700,0.019200,62.455322,26.401712
6730,s,0.023128,0.004300,0.019200,6.486328,46.628351
6731,ds,0.002343,0.006250,0.019200,13.904785,27.792513
6732,sds,0.018566,0.009500,0.021500,21.026123,49.566086
6733,ssds,0.018930,0.003850,0.019200,28.122070,41.980221
6734,psss,0.002892,0.004400,0.020000,47.963867,27.292287
6740,d,0.002385,0.005200,0.018500,6.769043,26.085393
6741,dd,0.002426,0.006500,0.020000,14.322998,28.925915
6742,ddd,0.002493,0.004050,0.019200,22.296631,25.743417
6743,sddd,0.017932,0.004700,0.018500,30.340332,41.131734
6744,dsdd,0.002830,0.006200,0.021500,38.698975,30.529964
6745,d,0.002385,0.005400,0.021500,6.582520,29.285393
6746,dd,0.002426,0.005050,0.021500,13.768066,28.975915
6747,sdd,0.018511,0.005000,0.020000,20.839600,43.510933
6748,psd,0.003139,0.004750,0.022000,39.322754,29.888792
6749,s,0.023128,0.019100,0.022000,48.479004,64.228351
6755,s,0.023128,0.003900,0.022000,6.281250,49.028351
6756,ds,0.002343,0.004650,0.021500,13.468018,28.492513
6757,dds,0.002685,0.005650,0.022000,20.691650,30.335273
6758,pdds,0.002946,0.005250,0.020000,39.497070,28.195651
6759,pp,0.002838,0.005300,0.021500,59.962402,29.638325
6750,d,0.002385,0.005400,0.021500,9.030273,29.285393
6751,pd,0.002977,0.004900,0.020000,27.613525,27.877001
6752,dpd,0.002513,0.004900,0.022000,36.920898,29.412673
6753,sdp,0.018492,0.005000,0.018500,43.731201,41.991971
6754,dsdp,0.002604,0.004550,0.019200,50.744629,26.353992
6760,s,0.023128,0.005600,0.021500,6.293945,50.228351
6761,ps,0.002840,0.004550,0.021500,24.692383,28.889786
6762,sps,0.018360,0.004400,0.020000,33.816406,42.760251
6763,psps,0.002923,0.005150,0.021500,52.385986,29.572585
6764,sps,0.018360,0.006150,0.021500,61.495117,46.010251
6770,s,0.023128,0.005750,0.021500,6.285156,50.378351
6771,ss,0.018821,0.004500,0.019200,13.223145,42.520769
6772,sss,0.019288,0.004400,0.018500,20.646973,42.188093
6773,psss,0.002892,0.004800,0.018500,41.146484,26.192287
6765,s,0.023128,0.003700,0.020000,6.684570,46.828351
6766,ps,0.002840,0.004900,0.019200,25.462402,26.939786
6767,pps,0.002854,0.005550,0.018500,45.687988,26.904053
6768,dp,0.002464,0.005650,0.022000,55.146484,30.114344
6769,s,0.023128,0.009150,0.021500,61.998047,53.778351
6775,p,0.003780,0.005600,0.021500,18.059570,30.879849
6776,dp,0.002464,0.005150,0.019200,27.939697,26.814344
6777,pdp,0.002932,0.004450,0.018500,46.410400,25.881683
6778,pp,0.002838,0.004450,0.022000,67.007568,29.288325
6779,dp,0.002464,0.004750,0.021500,76.644775,28.714344
6780,p,0.003780,0.005400,0.021500,20.387939,30.679849
6781,sp,0.018754,0.005050,0.021500,29.570557,45.303690
6782,ssp,0.018787,0.004450,0.022000,36.391113,45.237195
6783,dssp,0.002732,0.013950,0.020000,43.535889,36.681810
6784,pdss,0.002957,0.014300,0.022000,61.719238,39.256682
6785,s,0.023128,0.005400,0.020000,6.464355,48.528351
6786,ds,0.002343,0.004350,0.022000,13.931885,28.692513
6787,pds,0.003022,0.004450,0.022000,32.701172,29.471933
6788,spds,0.018151,0.011100,0.020000,41.981201,49.250699
6789,psp,0.002926,0.005550,0.021500,60.788330,29.975658
6790,s,0.023128,0.004150,0.019200,8.411133,46.478351
6791,ps,0.002840,0.009000,0.022000,27.361572,33.839786
6792,dps,0.002445,0.005850,0.019200,36.990479,27.494936
6793,pdp,0.002932,0.005000,0.022000,55.312500,29.931683
6794,sp,0.018754,0.007250,0.019200,64.723633,45.203690
6800,p,0.003780,0.006300,0.019200,21.033203,29.279849
6801,sp,0.018754,0.005150,0.020000,30.414307,43.903690
6802,ssp,0.018787,0.006350,0.022000,37.326172,47.137195
6803,pss,0.002833,0.004800,0.022000,55.558838,29.632709
6804,dpss,0.002761,0.005200,0.018500,65.023682,26.460817
6795,s,0.023128,0.004800,0.018500,20.524414,46.428351
6796,ds,0.002343,0.011000,0.020000,28.251709,33.342513
6797,sds,0.018566,0.004700,0.022000,35.188477,45.266086
6798,dsds,0.002713,0.009050,0.019200,42.376221,30.963025
6805,p,0.003780,0.004350,0.019200,20.841064,27.329849
6806,pp,0.002838,0.004850,0.019200,41.829346,26.888325
6807,dp,0.002464,0.005050,0.022000,51.153076,29.514344
6808,ddp,0.002502,0.004450,0.019200,58.198975,26.151712
6809,dddp,0.002699,0.004250,0.020000,65.294678,26.949161
6810,p,0.003780,0.006900,0.022000,17.817139,32.679849
6811,dp,0.002464,0.004500,0.018500,27.483154,25.464344
6812,pdp,0.002932,0.006400,0.022000,46.576172,31.331683
6813,sp,0.018754,0.007250,0.021500,56.029541,47.503690
6814,dsp,0.002685,0.009450,0.019200,63.129883,31.334513
6815,d,0.002385,0.004900,0.018500,6.750488,25.785393
6816,dd,0.002426,0.005000,0.020000,14.079102,27.425915
6817,sdd,0.018511,0.008950,0.022000,21.161377,49.460933
6818,ssdd,0.018091,0.005000,0.022000,28.084717,45.091216
6819,sssd,0.017999,0.005950,0.021500,35.287109,45.448568
6820,s,0.023128,0.005100,0.022000,19.689209,50.228351
6821,ds,0.002343,0.016150,0.021500,27.986328,39.992513
6822,dds,0.002685,0.004750,0.018500,35.609863,25.935273
6823,sdds,0.018154,0.005750,0.019200,42.992188,43.103743
6825,d,0.002385,0.004150,0.021500,6.576416,28.035393
6826,dd,0.002426,0.004550,0.019200,13.842041,26.175915
6827,sdd,0.018511,0.004350,0.020000,20.798096,42.860933
6828,dsdd,0.002830,0.009450,0.021500,28.092773,33.779964
6829,pds,0.003022,0.004300,0.022000,46.950195,29.321933
6830,s,0.023128,0.005550,0.019200,6.541992,47.878351
6831,p,0.003780,0.015550,0.019200,25.458252,38.529849
6832,ps,0.002840,0.005750,0.020000,46.442139,28.589786
6833,dp,0.002464,0.016900,0.022000,56.095947,41.364344
6834,ddp,0.002502,0.007250,0.018500,63.480713,28.251712
6835,s,0.023128,0.008950,0.019200,6.828369,51.278351
6836,ss,0.018821,0.005000,0.020000,14.100830,43.820769
6837,sss,0.019288,0.004650,0.021500,21.177979,45.438093
6838,ssss,0.018888,0.005100,0.020000,28.137451,43.988175
6840,d,0.002385,0.005200,0.020000,6.599365,27.585393
6841,d,0.002385,0.011400,0.022000,13.846191,35.785393
6842,sd,0.018668,0.005100,0.018500,21.323242,42.267773
6843,dsd,0.002613,0.006450,0.021500,28.926025,30.562551
6844,dds,0.002685,0.005200,0.020000,36.158447,27.885273
6845,d,0.002385,0.005650,0.020000,10.929688,28.035393
6846,sd,0.018668,0.004000,0.020000,18.896973,42.667773
6847,ssd,0.018735,0.010150,0.020000,25.872803,48.884503
6848,sssd,0.017999,0.004150,0.020000,32.930420,42.148568
6849,dsss,0.003039,0.009850,0.019200,40.333984,32.088978
6850,d,0.002385,0.004050,0.019200,6.765869,25.635393
6851,pd,0.002977,0.005950,0.018500,25.436035,27.427001
6852,dp,0.002464,0.007450,0.022000,34.907471,31.914344
6853,sdp,0.018492,0.004550,0.020000,41.950928,43.041971
6854,psd,0.003139,0.004450,0.019200,61.319336,26.788792
6855,p,0.003780,0.005000,0.020000,17.866211,28.779849
6856,s,0.023128,0.018300,0.022000,27.481445,63.428351
6857,dp,0.002464,0.005050,0.018500,34.868896,26.014344
6858,sdp,0.018492,0.004550,0.021500,41.856445,44.541971
6859,dsd,0.002613,0.044000,0.022000,49.032715,68.612551
6860,d,0.002385,0.004750,0.022000,9.541260,29.135393
6861,dd,0.002426,0.004200,0.022000,16.950195,28.625915
6862,pdd,0.003045,0.013000,0.019200,35.314697,35.244804
6863,pp,0.002838,0.017350,0.020000,55.690186,40.188325
6864,pp,0.002838,0.004250,0.021500,75.712646,28.588325
6865,d,0.002385,0.005400,0.021500,7.162598,29.285393
6866,sd,0.018668,0.006950,0.019200,14.265381,44.817773
6867,psd,0.003139,0.004450,0.019200,32.690186,26.788792
6868,sps,0.018360,0.012150,0.018500,41.989014,49.010251
6869,ps,0.002840,0.005650,0.020000,60.439209,28.489786
6875,p,0.003780,0.006400,0.019200,17.711182,29.379849
6876,sp,0.018754,0.006700,0.019200,26.762451,44.653690
6877,psp,0.002926,0.004450,0.020000,44.818359,27.375658
6878,sps,0.018360,0.005100,0.020000,53.891357,43.460251
6879,dsps,0.002950,0.008500,0.018500,60.964111,29.950393
6870,s,0.023128,0.005250,0.020000,9.155029,48.378351
6871,ps,0.002840,0.004900,0.022000,28.413818,29.739786
6872,dps,0.002445,0.008450,0.019200,38.620117,30.094936
6873,ddps,0.002746,0.004950,0.022000,46.859863,29.695776
6880,p,0.003780,0.014850,0.018500,22.734131,37.129849
6881,p,0.003780,0.005100,0.020000,43.207031,28.879849
6882,sp,0.018754,0.004250,0.019200,52.558594,42.203690
6883,ssp,0.018787,0.004400,0.019200,59.708740,42.387195
6884,sssp,0.018690,0.005150,0.019200,66.583008,43.039656
6885,s,0.023128,0.012900,0.021500,22.958984,57.528351
6886,ss,0.018821,0.004850,0.018500,30.694580,42.170769
6887,pss,0.002833,0.005150,0.020000,49.031738,27.982709
6888,dpss,0.002761,0.003950,0.022000,58.479248,28.710817
6895,s,0.023128,0.012050,0.020000,6.521484,55.178351
6896,ss,0.018821,0.004450,0.020000,13.502197,43.270769
6897,sss,0.019288,0.004650,0.021500,20.570312,45.438093
6898,psss,0.002892,0.005600,0.022000,38.721680,30.492287
6890,p,0.003780,0.004550,0.019200,18.431641,27.529849
6891,pp,0.002838,0.004700,0.018500,40.849854,26.038325
6892,pp,0.002838,0.006350,0.018500,62.726807,27.688325
6893,pp,0.002838,0.013500,0.022000,83.384766,38.338325
6894,pp,0.002838,0.003900,0.019200,103.545654,25.938325
6900,d,0.002385,0.015150,0.019200,9.663574,36.735393
6901,p,0.003780,0.005500,0.020000,38.275391,29.279849
6902,sp,0.018754,0.004650,0.021500,47.245850,44.903690
6903,psp,0.002926,0.006950,0.020000,65.513672,29.875658
6904,dps,0.002445,0.006550,0.021500,74.994873,30.494936
6905,d,0.002385,0.005100,0.018500,8.319580,25.985393
6906,pd,0.002977,0.004150,0.020000,31.008057,27.127001
6907,d,0.002385,0.006200,0.022000,41.090088,30.585393
6908,p,0.003780,0.005150,0.020000,60.133789,28.929849
6909,dp,0.002464,0.005250,0.021500,69.658447,29.214344
6910,p,0.003780,0.004450,0.018500,17.908691,26.729849
6911,pp,0.002838,0.006700,0.018500,39.138428,28.038325
6912,dp,0.002464,0.010150,0.022000,48.901855,34.614344
6913,ddp,0.002502,0.007350,0.019200,56.127686,29.051712
6914,dddp,0.002699,0.005350,0.021500,63.321045,29.549161
6915,s,0.023128,0.005350,0.022000,6.307373,50.478351
6916,ds,0.002343,0.005450,0.022000,13.470459,29.792513
6917,sds,0.018566,0.004650,0.020000,20.248779,43.216086
6918,dsds,0.002713,0.004900,0.018500,27.324463,26.113025
6920,s,0.023128,0.005950,0.021500,6.448242,50.578351
6921,ds,0.002343,0.004450,0.019200,13.603271,25.992513
6922,dds,0.002685,0.004050,0.018500,20.681396,25.235273
6923,pdds,0.002946,0.004050,0.022000,39.062500,28.995651
6924,pp,0.002838,0.004450,0.020000,59.720947,27.288325
6925,s,0.023128,0.005850,0.020000,27.750244,48.978351
6926,ss,0.018821,0.003700,0.019200,38.167725,41.720769
6927,dss,0.002842,0.004850,0.022000,45.212158,29.691615
6928,pdss,0.002957,0.005150,0.022000,64.284180,30.106682
6930,d,0.002385,0.008250,0.018500,6.748535,29.135393
6931,d,0.002385,0.061050,0.019200,13.924316,82.635393
6932,sd,0.018668,0.004750,0.018500,20.833496,41.917773
6933,dsd,0.002613,0.005600,0.021500,27.882812,29.712551
6934,sdsd,0.018197,0.004250,0.019200,34.738770,41.647164
6935,d,0.002385,0.012150,0.022000,6.889648,36.535393
6936,pd,0.002977,0.004800,0.019200,25.362549,26.977001
6937,spd,0.018317,0.006500,0.021500,34.397705,46.317325
6938,dspd,0.002710,0.005050,0.021500,41.473877,29.259954
6939,ddsp,0.002864,0.004750,0.020000,48.603271,27.613565
6940,d,0.002385,0.005300,0.019200,6.901123,26.885393
6941,dd,0.002426,0.004900,0.019200,14.473633,26.525915
6942,pdd,0.003045,0.005000,0.022000,32.675293,30.044804
6943,sp,0.018754,0.004550,0.018500,41.631592,41.803690
6944,dsp,0.002685,0.004650,0.019200,48.559570,26.534513
6945,s,0.023128,0.009550,0.021500,7.568115,54.178351
6946,p,0.003780,0.005700,0.020000,25.856201,29.479849
6947,sp,0.018754,0.005700,0.019200,35.072754,43.653690
6948,ssp,0.018787,0.004150,0.021500,41.893799,44.437195
6949,dssp,0.002732,0.004750,0.020000,49.084473,27.481810
6950,d,0.002385,0.004550,0.021500,7.406738,28.435393
6951,dd,0.002426,0.005700,0.020000,19.701904,28.125915
6952,sdd,0.018511,0.004600,0.019200,28.532227,42.310933
6953,dsd,0.002613,0.005300,0.020000,37.337646,27.912551
6954,ddsd,0.002653,0.006000,0.018500,46.547852,27.153469
6955,s,0.023128,0.006950,0.020000,18.537109,50.078351
6956,ps,0.002840,0.004850,0.019200,37.093994,26.889786
6957,dps,0.002445,0.004300,0.019200,46.536865,25.944936
6958,sdps,0.018183,0.004250,0.022000,53.719727,44.432897
6960,p,0.003780,0.005550,0.019200,28.083252,28.529849
6961,dp,0.002464,0.005300,0.020000,37.583984,27.764344
6962,sdp,0.018492,0.004850,0.021500,44.575928,44.841971
6963,psd,0.003139,0.005800,0.021500,62.818115,30.438792
6964,pps,0.002854,0.005200,0.021500,83.245850,29.554053
6970,s,0.023128,0.008750,0.022000,6.346436,53.878351
6971,ps,0.002840,0.005400,0.022000,24.532227,30.239786
6972,pps,0.002854,0.004600,0.018500,44.696289,25.954053
6973,dpps,0.002723,0.004000,0.022000,54.343262,28.722865
6974,ddp,0.002502,0.006300,0.019200,61.547607,28.001712
6965,p,0.003780,0.005050,0.019200,24.369141,28.029849
6966,pp,0.002838,0.005150,0.020000,45.559326,27.988325
6967,sp,0.018754,0.004500,0.021500,54.917480,44.753690
6968,ssp,0.018787,0.004550,0.022000,61.623535,45.337195
6969,s,0.023128,0.047100,0.020000,68.354248,90.228351
6975,s,0.023128,0.009050,0.020000,6.470215,52.178351
6976,ds,0.002343,0.004800,0.020000,13.780273,27.142513
6977,dds,0.002685,0.005400,0.021500,21.122803,29.585273
6978,sdds,0.018154,0.009150,0.022000,28.283691,49.303743
6979,psds,0.002945,0.006450,0.021500,47.020508,30.895423
6980,s,0.023128,0.008400,0.018500,23.808350,50.028351
6981,ps,0.002840,0.004450,0.022000,42.903320,29.289786
6982,pps,0.002854,0.007350,0.020000,63.496826,30.204053
6983,dps,0.002445,0.004700,0.018500,73.075684,25.644936
6984,pdp,0.002932,0.007250,0.019200,91.435303,29.381683
6985,p,0.003780,0.008400,0.022000,34.892090,34.179849
6986,d,0.002385,0.005600,0.019200,44.561768,27.185393
6987,sd,0.018668,0.004800,0.018500,51.463135,41.967773
6988,dsd,0.002613,0.005150,0.019200,58.694580,26.962551
6989,ddsd,0.002653,0.004600,0.020000,65.937012,27.253469
6990,d,0.002385,0.007300,0.022000,12.951172,31.685393
6991,sd,0.018668,0.004200,0.018500,20.616943,41.367773
6992,psd,0.003139,0.012450,0.018500,40.910889,34.088792
6993,dps,0.002445,0.004900,0.022000,51.164062,29.344936
6994,sdps,0.018183,0.004450,0.022000,58.301025,44.632897
6995,s,0.023128,0.004300,0.021500,6.293457,48.928351
6996,ps,0.002840,0.004500,0.021500,24.470703,28.839786
6997,p,0.003780,0.011750,0.018500,44.908447,34.029849
6998,ds,0.002343,0.005250,0.021500,54.308105,29.092513
6999,dd,0.002426,0.006050,0.019200,61.343506,27.675915
7000,d,0.002385,0.004700,0.020000,21.152100,27.085393
7001,pd,0.002977,0.004950,0.019200,40.369385,27.127001
7002,sp,0.018754,0.004350,0.021500,49.426514,44.603690
7003,ssp,0.018787,0.004350,0.018500,56.214111,41.637195
7004,pss,0.002833,0.004700,0.022000,74.636475,29.532709
7005,s,0.023128,0.004900,0.018500,21.466309,46.528351
7006,d,0.002385,0.010400,0.022000,29.266357,34.785393
7007,ps,0.002840,0.004000,0.022000,47.368652,28.839786
7008,sps,0.018360,0.005500,0.020000,56.327393,43.860251
7009,p,0.003780,0.018850,0.020000,74.505371,42.629849
7010,s,0.023128,0.024400,0.018500,23.163086,66.028351
7011,d,0.002385,0.009850,0.020000,31.306641,32.235393
7012,ss,0.018821,0.010400,0.021500,38.349854,50.720769
7013,pd,0.002977,0.004150,0.022000,56.678711,29.127001
7014,sp,0.018754,0.005100,0.022000,65.897949,45.853690
7015,p,0.003780,0.005400,0.020000,17.768066,29.179849
7016,p,0.003780,0.011100,0.018500,37.825195,33.379849
7017,p,0.003780,0.004750,0.018500,57.791992,27.029849
7018,dp,0.002464,0.007050,0.022000,67.018066,31.514344
7019,ddp,0.002502,0.007050,0.021500,74.102295,31.051712
7020,p,0.003780,0.012050,0.022000,18.054688,37.829849
7021,dp,0.002464,0.005600,0.021500,27.402344,29.564344
7022,pdp,0.002932,0.004500,0.018500,45.436768,25.931683
7023,pp,0.002838,0.006000,0.019200,66.134033,28.038325
7024,dp,0.002464,0.004900,0.020000,75.500977,27.364344
7025,s,0.023128,0.004750,0.020000,6.540771,47.878351
7026,ss,0.018821,0.005600,0.021500,13.567383,45.920769
7027,sss,0.019288,0.004300,0.022000,20.489502,45.588093
7028,dsss,0.003039,0.005700,0.019200,27.672363,27.938978
7030,d,0.002385,0.004750,0.020000,24.290527,27.135393
7031,sd,0.018668,0.004900,0.022000,32.451660,45.567773
7032,dsd,0.002613,0.004700,0.022000,40.232422,29.312551
7033,d,0.002385,0.013000,0.022000,48.150391,37.385393
7034,dds,0.002685,0.003850,0.018500,56.023193,25.035273
7035,d,0.002385,0.004700,0.021500,23.614502,28.585393
7036,sd,0.018668,0.004550,0.022000,31.346924,45.217773
7037,psd,0.003139,0.004450,0.019200,49.479492,26.788792
7038,dps,0.002445,0.013100,0.020000,58.759521,35.544936
7039,ddps,0.002746,0.004150,0.018500,65.791260,25.395776
7040,p,0.003780,0.009500,0.019200,17.570068,32.479849
7041,dp,0.002464,0.006000,0.022000,27.086182,30.464344
7042,sdp,0.018492,0.005200,0.018500,34.166748,42.191971
7043,psd,0.003139,0.005550,0.018500,55.622070,27.188792
7044,sps,0.018360,0.007200,0.018500,65.194580,44.060251
7045,s,0.023128,0.005100,0.021500,15.071777,49.728351
7046,ps,0.002840,0.004600,0.022000,33.809326,29.439786
7047,pps,0.002854,0.004200,0.019200,54.802002,26.254053
7048,sps,0.018360,0.006400,0.019200,64.064941,43.960251
7049,ssp,0.018787,0.004350,0.020000,71.003906,43.137195
7050,d,0.002385,0.004900,0.020000,20.184082,27.285393
7051,pd,0.002977,0.007100,0.019200,38.858154,29.277001
7052,pp,0.002838,0.005450,0.022000,59.345215,30.288325
7053,sp,0.018754,0.016150,0.018500,69.095947,53.403690
7054,psp,0.002926,0.005200,0.018500,88.195312,26.625658
7055,s,0.023128,0.005150,0.019200,22.033936,47.478351
7056,ss,0.018821,0.005200,0.022000,29.818115,46.020769
7057,pss,0.002833,0.017350,0.021500,48.104248,41.682709
7058,spss,0.018655,0.005350,0.020000,57.507080,44.005113
7059,psps,0.002923,0.003950,0.021500,75.732178,28.372585
7060,s,0.023128,0.004250,0.022000,6.402344,49.378351
7061,ss,0.018821,0.005000,0.021500,13.319092,45.320769
7062,dss,0.002842,0.004150,0.018500,20.688232,25.491615
7063,sdss,0.018223,0.005050,0.018500,27.880371,41.772624
7065,p,0.003780,0.004450,0.020000,17.858643,28.229849
7066,dp,0.002464,0.004800,0.021500,27.779541,28.764344
7067,ddp,0.002502,0.005150,0.021500,35.748535,29.151712
7068,dddp,0.002699,0.005300,0.018500,43.818115,26.499161
7069,sddd,0.017932,0.004850,0.019200,51.622559,41.981734
7070,d,0.002385,0.004750,0.019200,6.709473,26.335393
7071,pd,0.002977,0.004300,0.021500,25.262695,28.777001
7072,sp,0.018754,0.005550,0.020000,34.683105,44.303690
7073,dsp,0.002685,0.004700,0.019200,42.084473,26.584513
7074,sdsp,0.018148,0.004450,0.018500,49.212402,41.098415
7075,s,0.023128,0.006700,0.019200,7.975830,49.028351
7076,ps,0.002840,0.005850,0.022000,26.976318,30.689786
7077,dps,0.002445,0.004500,0.021500,36.575195,28.444936
7078,pdps,0.002951,0.004750,0.018500,54.795166,26.200740
7079,pp,0.002838,0.008550,0.021500,75.369385,32.888325
7080,d,0.002385,0.005900,0.021500,11.933594,29.785393
7081,dd,0.002426,0.005200,0.020000,19.583008,27.625915
7082,sdd,0.018511,0.004000,0.022000,26.796143,44.510933
7083,dsdd,0.002830,0.004550,0.022000,34.145508,29.379964
7085,s,0.023128,0.005150,0.020000,22.918213,48.278351
7086,ss,0.018821,0.004650,0.020000,30.592285,43.470769
7087,pss,0.002833,0.005500,0.021500,49.082275,29.832709
7088,dpss,0.002761,0.005650,0.021500,58.604004,29.910817
7089,pdp,0.002932,0.004800,0.020000,77.737061,27.731683
7090,p,0.003780,0.005050,0.018500,19.897949,27.329849
7091,dp,0.002464,0.004450,0.019200,29.598389,26.114344
7092,pd,0.002977,0.004150,0.020000,48.175537,27.127001
7093,dp,0.002464,0.006200,0.019200,57.804199,27.864344
7094,ddp,0.002502,0.004450,0.018500,64.985352,25.451712
7095,p,0.003780,0.005550,0.018500,20.022949,27.829849
7096,sp,0.018754,0.007400,0.022000,29.263916,48.153690
7097,ssp,0.018787,0.003950,0.021500,36.207520,44.237195
7098,pss,0.002833,0.005450,0.019200,54.925293,27.482709
7099,dpss,0.002761,0.004600,0.022000,64.391357,29.360817
7100,s,0.023128,0.008600,0.020000,6.756836,51.728351
7101,ss,0.018821,0.004650,0.019200,14.341553,42.670769
7102,pss,0.002833,0.005750,0.022000,32.764893,30.582709
7103,spss,0.018655,0.004700,0.022000,42.185059,45.355113
7104,psp,0.002926,0.014300,0.021500,60.557617,38.725658
7115,p,0.003780,0.004250,0.022000,35.627930,30.029849
7116,pp,0.002838,0.005000,0.022000,57.003662,29.838325
7117,sp,0.018754,0.004300,0.021500,66.408203,44.553690
7118,psp,0.002926,0.004750,0.022000,84.392090,29.675658
7119,pps,0.002854,0.012450,0.018500,104.637451,33.804053
7105,p,0.003780,0.012500,0.019200,29.177734,35.479849
7106,s,0.023128,0.005300,0.021500,38.273682,49.928351
7107,ss,0.018821,0.013000,0.019200,45.120117,51.020769
7108,dss,0.002842,0.005100,0.022000,52.603516,29.941615
7109,pdss,0.002957,0.004250,0.022000,71.034668,29.206682
7120,p,0.003780,0.014050,0.021500,29.959717,39.329849
7121,p,0.003780,0.004750,0.018500,50.852783,27.029849
7122,dp,0.002464,0.005050,0.018500,60.402832,26.014344
7123,pd,0.002977,0.011000,0.021500,79.423340,35.477001
7124,pp,0.002838,0.004100,0.022000,100.319824,28.938325
7110,s,0.023128,0.004950,0.018500,6.895996,46.578351
7111,s,0.023128,0.013900,0.020000,13.921387,57.028351
7112,ds,0.002343,0.004150,0.020000,21.230957,26.492513
7113,dds,0.002685,0.021000,0.020000,28.406250,43.685273
7114,ddds,0.002761,0.009000,0.019200,35.876709,30.960792
7125,d,0.002385,0.005850,0.018500,6.734619,26.735393
7126,pd,0.002977,0.004450,0.021500,26.279297,28.927001
7127,dp,0.002464,0.005050,0.019200,36.783936,26.714344
7128,ddp,0.002502,0.006550,0.022000,44.930176,31.051712
7129,dddp,0.002699,0.011100,0.020000,52.834473,33.799161
7130,d,0.002385,0.004950,0.021500,6.592041,28.835393
7131,dd,0.002426,0.004750,0.020000,13.858887,27.175915
7132,pdd,0.003045,0.004150,0.020000,32.424316,27.194804
7133,sp,0.018754,0.004700,0.020000,41.538574,43.453690
7134,s,0.023128,0.009150,0.020000,48.285400,52.278351
7135,p,0.003780,0.009550,0.021500,35.255859,34.829849
7136,sp,0.018754,0.013950,0.022000,44.365723,54.703690
7137,ssp,0.018787,0.022500,0.019200,51.239258,60.487195
7138,dssp,0.002732,0.005450,0.022000,58.246826,30.181810
7140,d,0.002385,0.005350,0.022000,23.625000,29.735393
7141,sd,0.018668,0.006000,0.018500,31.136963,43.167773
7142,dsd,0.002613,0.005650,0.020000,38.122070,28.262551
7143,ddsd,0.002653,0.004950,0.020000,45.121826,27.603469
7145,d,0.002385,0.005050,0.018500,7.700439,25.935393
7146,sd,0.018668,0.004450,0.018500,15.299805,41.617773
7147,ps,0.002840,0.006650,0.018500,34.480469,27.989786
7148,sps,0.018360,0.004350,0.022000,44.098633,44.710251
7149,ssps,0.018466,0.008050,0.020000,51.122559,46.516056
7150,s,0.023128,0.044000,0.022000,8.155762,89.128351
7151,ss,0.018821,0.004150,0.018500,15.377441,41.470769
7152,sss,0.019288,0.005150,0.019200,22.495361,43.638093
7153,ssss,0.018888,0.005000,0.019200,29.516357,43.088175
7155,p,0.003780,0.005050,0.020000,18.101318,28.829849
7156,dp,0.002464,0.005600,0.018500,27.731201,26.564344
7157,pdp,0.002932,0.006050,0.020000,46.339111,28.981683
7158,pp,0.002838,0.004950,0.022000,67.922119,29.788325
7159,pp,0.002838,0.008250,0.022000,90.333252,33.088325
7160,p,0.003780,0.004950,0.020000,22.661865,28.729849
7161,sp,0.018754,0.005050,0.018500,32.121582,42.303690
7162,dsp,0.002685,0.009550,0.021500,39.467529,33.734513
7163,pds,0.003022,0.006550,0.019200,58.143311,28.771933
7164,pp,0.002838,0.004900,0.021500,78.555908,29.238325
7165,p,0.003780,0.004150,0.021500,17.654541,29.429849
7166,dp,0.002464,0.006050,0.022000,27.346924,30.514344
7167,sdp,0.018492,0.004400,0.022000,34.339844,44.891971
7168,dsdp,0.002604,0.004650,0.021500,41.499023,28.753992
7169,pds,0.003022,0.005750,0.018500,60.175293,27.271933
7170,d,0.002385,0.004200,0.019200,6.764404,25.785393
7171,sd,0.018668,0.022500,0.021500,13.722412,62.667773
7172,dsd,0.002613,0.006350,0.020000,21.074463,28.962551
7173,sdsd,0.018197,0.004100,0.022000,28.231201,44.297164
7174,ssds,0.018930,0.008600,0.021500,35.046143,49.030221
7175,p,0.003780,0.006450,0.019200,33.185791,29.429849
7176,sp,0.018754,0.006000,0.021500,42.299072,46.253690
7177,psp,0.002926,0.005750,0.019200,60.265381,27.875658
7178,sps,0.018360,0.005250,0.018500,69.198242,42.110251
7179,s,0.023128,0.017700,0.018500,75.981689,59.328351
7180,s,0.023128,0.006000,0.022000,6.320557,51.128351
7181,ps,0.002840,0.004550,0.018500,25.213867,25.889786
7182,dps,0.002445,0.006250,0.018500,34.856201,27.194936
7183,sdps,0.018183,0.005200,0.020000,41.936035,43.382897
7185,d,0.002385,0.005500,0.021500,23.821045,29.385393
7186,pd,0.002977,0.004550,0.020000,42.857422,27.527001
7187,p,0.003780,0.010400,0.020000,63.494385,34.179849
7188,p,0.003780,0.007900,0.022000,84.139893,33.679849
7189,sp,0.018754,0.008450,0.021500,93.505371,48.703690
7190,d,0.002385,0.004650,0.022000,8.496582,29.035393
7191,sd,0.018668,0.004450,0.018500,16.133301,41.617773
7192,dsd,0.002613,0.005200,0.022000,24.127441,29.812551
7193,sdsd,0.018197,0.004650,0.022000,31.630371,44.847164
7194,dsds,0.002713,0.006400,0.020000,39.270508,29.113025
7200,p,0.003780,0.004600,0.022000,18.012451,30.379849
7201,sp,0.018754,0.008600,0.020000,27.336426,47.353690
7202,p,0.003780,0.020100,0.022000,46.266846,45.879849
7203,pp,0.002838,0.018850,0.020000,67.214844,41.688325
7204,s,0.023128,0.004700,0.022000,76.679932,49.828351
7195,p,0.003780,0.006200,0.022000,19.839844,31.979849
7196,dp,0.002464,0.004400,0.018500,29.591797,25.364344
7197,pdp,0.002932,0.005700,0.022000,47.963135,30.631683
7198,pp,0.002838,0.005650,0.022000,68.729004,30.488325
7199,pp,0.002838,0.006000,0.022000,89.483643,30.838325
7205,d,0.002385,0.004750,0.018500,6.719482,25.635393
7206,dd,0.002426,0.005450,0.018500,14.082520,26.375915
7207,pd,0.002977,0.004400,0.018500,32.888672,25.877001
7208,dp,0.002464,0.004200,0.020000,42.251221,26.664344
7209,ddp,0.002502,0.006000,0.020000,49.534668,28.501712
7215,s,0.023128,0.005100,0.019200,6.450928,47.428351
7216,ss,0.018821,0.004550,0.019200,13.392090,42.570769
7217,dss,0.002842,0.004750,0.021500,20.598145,29.091615
7218,ddss,0.002785,0.005150,0.018500,28.020264,26.435416
7210,s,0.023128,0.059200,0.018500,19.346680,100.828351
7211,p,0.003780,0.004400,0.022000,38.409424,30.179849
7212,sp,0.018754,0.014000,0.022000,47.628662,54.753690
7213,ssp,0.018787,0.005200,0.018500,54.578125,42.487195
7214,dssp,0.002732,0.005600,0.018500,62.127686,26.831810
7220,p,0.003780,0.009000,0.019200,18.218018,31.979849
7221,s,0.023128,0.004350,0.022000,27.957520,49.478351
7222,ss,0.018821,0.004350,0.022000,35.010742,45.170769
7223,pss,0.002833,0.005650,0.021500,53.590332,29.982709
7224,dpss,0.002761,0.005800,0.022000,63.171631,30.560817
7230,p,0.003780,0.005050,0.018500,17.905029,27.329849
7231,dp,0.002464,0.004850,0.018500,27.459961,25.814344
7232,pd,0.002977,0.004450,0.020000,45.370361,27.427001
7233,pp,0.002838,0.005500,0.021500,65.533936,29.838325
7234,d,0.002385,0.017850,0.019200,74.834473,39.435393
7225,d,0.002385,0.004800,0.021500,6.680908,28.685393
7226,dd,0.002426,0.005650,0.020000,14.426270,28.075915
7227,pdd,0.003045,0.005850,0.019200,32.603027,28.094804
7228,dpd,0.002513,0.004900,0.020000,42.003418,27.412673
7229,pdp,0.002932,0.005250,0.019200,60.228516,27.381683
7235,s,0.023128,0.005250,0.020000,6.401855,48.378351
7236,ss,0.018821,0.003400,0.019200,13.610596,41.420769
7237,dss,0.002842,0.005100,0.022000,21.042236,29.941615
7238,ddss,0.002785,0.004450,0.022000,28.028076,29.235416
7245,d,0.002385,0.007200,0.018500,7.703613,28.085393
7246,sd,0.018668,0.004300,0.022000,14.678467,44.967773
7247,dsd,0.002613,0.012000,0.018500,21.960693,33.112551
7248,pds,0.003022,0.004450,0.019200,41.001953,26.671933
7249,pp,0.002838,0.005400,0.019200,63.466797,27.438325
7240,s,0.023128,0.004750,0.018500,9.986572,46.378351
7241,ss,0.018821,0.004350,0.022000,17.254150,45.170769
7242,sss,0.019288,0.006400,0.021500,24.410400,47.188093
7243,ssss,0.018888,0.006450,0.018500,31.441406,43.838175
7250,s,0.023128,0.048250,0.021500,23.643311,92.878351
7251,d,0.002385,0.010250,0.021500,31.765137,34.135393
7252,d,0.002385,0.008800,0.018500,38.766846,29.685393
7253,dd,0.002426,0.009150,0.021500,45.803223,33.075915
7254,ddd,0.002493,0.005100,0.018500,53.090576,26.093417
7255,d,0.002385,0.005600,0.022000,23.727295,29.985393
7256,dd,0.002426,0.005400,0.018500,31.665039,26.325915
7257,sdd,0.018511,0.004100,0.020000,38.936523,42.610933
7258,ps,0.002840,0.004300,0.018500,59.545410,25.639786
7259,sps,0.018360,0.005550,0.020000,69.746582,43.910251
7260,p,0.003780,0.004000,0.021500,35.111328,29.279849
7261,sp,0.018754,0.004750,0.020000,44.390137,43.503690
7262,dsp,0.002685,0.005150,0.019200,51.656494,27.034513
7263,sdsp,0.018148,0.004850,0.019200,58.569580,42.198415
7264,ssds,0.018930,0.010350,0.022000,65.458496,51.280221
7265,d,0.002385,0.005650,0.018500,21.719238,26.535393
7266,dd,0.002426,0.005000,0.018500,30.653809,25.925915
7267,pd,0.002977,0.004750,0.018500,49.788086,26.227001
7268,pp,0.002838,0.004850,0.021500,70.513672,29.188325
7269,pp,0.002838,0.005100,0.021500,91.189209,29.438325
7270,d,0.002385,0.006950,0.019200,6.998535,28.535393
7271,sd,0.018668,0.005650,0.018500,14.037109,42.817773
7272,ssd,0.018735,0.004600,0.021500,20.815674,44.834503
7273,sssd,0.017999,0.005850,0.019200,27.532715,43.048568
7274,p,0.003780,0.043250,0.018500,45.531738,65.529849
7275,s,0.023128,0.005650,0.022000,6.514893,50.778351
7276,ps,0.002840,0.004700,0.018500,25.087402,26.039786
7277,pps,0.002854,0.003650,0.020000,45.139404,26.504053
7278,sps,0.018360,0.006650,0.018500,54.161377,43.510251
7279,ssp,0.018787,0.007850,0.021500,60.906982,48.137195
7280,s,0.023128,0.004950,0.020000,19.891846,48.078351
7281,ds,0.002343,0.010450,0.022000,27.519775,34.792513
7282,sds,0.018566,0.012150,0.018500,34.276611,49.216086
7283,dsds,0.002713,0.008950,0.018500,41.248535,30.163025
7285,p,0.003780,0.004300,0.018500,20.331055,26.579849
7286,sp,0.018754,0.005250,0.020000,29.910889,44.003690
7287,d,0.002385,0.006150,0.018500,36.983154,27.035393
7288,ssp,0.018787,0.004500,0.018500,43.720215,41.787195
7289,sss,0.019288,0.004550,0.018500,50.419922,42.338093
7290,d,0.002385,0.003800,0.020000,21.404541,26.185393
7291,sd,0.018668,0.005150,0.020000,29.324463,43.817773
7292,ssd,0.018735,0.005400,0.019200,36.268066,43.334503
7293,dssd,0.002931,0.004750,0.020000,43.305176,27.681476
7294,sdss,0.018223,0.003400,0.021500,50.418457,43.122624
7305,d,0.002385,0.005500,0.022000,6.756348,29.885393
7306,p,0.003780,0.012000,0.021500,25.026611,37.279849
7307,dd,0.002426,0.004950,0.019200,34.477051,26.575915
7308,pd,0.002977,0.004550,0.018500,53.235596,26.027001
7309,pp,0.002838,0.005200,0.021500,73.395752,29.538325
7300,p,0.003780,0.004500,0.021500,17.762695,29.779849
7301,sp,0.018754,0.011700,0.021500,26.890869,51.953690
7302,dsp,0.002685,0.004050,0.021500,33.925293,28.234513
7303,sdsp,0.018148,0.003950,0.019200,40.676758,41.298415
7304,psds,0.002945,0.004700,0.022000,58.817383,29.645423
7295,d,0.002385,0.006500,0.018500,6.782227,27.385393
7296,dd,0.002426,0.005000,0.019200,14.212891,26.625915
7297,sdd,0.018511,0.009100,0.021500,21.344238,49.110933
7298,dsdd,0.002830,0.005850,0.021500,28.541992,30.179964
7299,sdsd,0.018197,0.004800,0.021500,35.496094,44.497164
7310,s,0.023128,0.006200,0.021500,6.292480,50.828351
7311,ds,0.002343,0.004900,0.022000,13.414551,29.242513
7312,sds,0.018566,0.004850,0.022000,20.131348,45.416086
7313,psds,0.002945,0.008450,0.022000,38.114502,33.395423
7314,pps,0.002854,0.004800,0.021500,58.583008,29.154053
7315,d,0.002385,0.004900,0.018500,7.536377,25.785393
7316,pd,0.002977,0.004050,0.020000,25.717529,27.027001
7317,sp,0.018754,0.013100,0.022000,34.864502,53.853690
7318,psp,0.002926,0.004500,0.020000,52.692383,27.425658
7319,dps,0.002445,0.005050,0.020000,62.003906,27.494936
7330,s,0.023128,0.005400,0.020000,6.603027,48.528351
7331,ps,0.002840,0.004700,0.018500,25.232422,26.039786
7332,sps,0.018360,0.005400,0.020000,34.261230,43.760251
7333,dsps,0.002950,0.004850,0.019200,41.316406,27.000393
7334,p,0.003780,0.012750,0.021500,59.311035,38.029849
7320,s,0.023128,0.014000,0.021500,6.670410,58.628351
7321,ds,0.002343,0.004850,0.019200,14.186279,26.392513
7322,sds,0.018566,0.005700,0.022000,21.329102,46.266086
7323,psds,0.002945,0.004400,0.020000,40.072754,27.345423
7324,spss,0.018655,0.016150,0.018500,49.242920,53.305113
7325,d,0.002385,0.003400,0.019200,6.775391,24.985393
7326,d,0.002385,0.015400,0.020000,14.138672,37.785393
7327,p,0.003780,0.004150,0.020000,32.531982,27.929849
7328,pp,0.002838,0.004850,0.018500,52.819580,26.188325
7329,dp,0.002464,0.006650,0.021500,62.509033,30.614344
7335,p,0.003780,0.012450,0.022000,18.184570,38.229849
7336,dp,0.002464,0.005750,0.022000,27.821533,30.214344
7337,pdp,0.002932,0.004300,0.018500,46.146240,25.731683
7338,dpdp,0.002699,0.004750,0.021500,55.457275,28.948646
7339,pd,0.002977,0.016150,0.018500,73.422852,37.627001
7340,p,0.003780,0.009550,0.019200,34.707520,32.529849
7341,sp,0.018754,0.005550,0.021500,43.719727,45.803690
7342,dsp,0.002685,0.005550,0.022000,50.776123,30.234513
7343,sdsp,0.018148,0.004850,0.022000,57.594971,44.998415
7344,psds,0.002945,0.005450,0.022000,75.461182,30.395423
7345,p,0.003780,0.004500,0.020000,22.410156,28.279849
7346,pp,0.002838,0.004900,0.021500,45.695557,29.238325
7347,sp,0.018754,0.004100,0.019200,56.287109,42.053690
7348,ps,0.002840,0.005850,0.020000,75.662354,28.689786
7349,pps,0.002854,0.007900,0.020000,96.574219,30.754053
7350,s,0.023128,0.005100,0.020000,6.285645,48.228351
7351,ds,0.002343,0.006650,0.021500,13.650635,30.492513
7352,dds,0.002685,0.005100,0.022000,20.999268,29.785273
7353,d,0.002385,0.011650,0.018500,28.298096,32.535393
7354,ddds,0.002761,0.029550,0.019200,35.656250,51.510792
7355,d,0.002385,0.004250,0.019200,7.281982,25.835393
7356,dd,0.002426,0.004350,0.022000,14.675781,28.775915
7357,s,0.023128,0.027450,0.020000,21.705078,70.578351
7358,ds,0.002343,0.011750,0.020000,28.720947,34.092513
7359,p,0.003780,0.004800,0.021500,47.039307,30.079849
7360,p,0.003780,0.007250,0.022000,17.414551,33.029849
7361,p,0.003780,0.004700,0.019200,38.832764,27.679849
7362,pp,0.002838,0.004600,0.019200,60.994873,26.638325
7363,sp,0.018754,0.003800,0.018500,70.912842,41.053690
7364,ps,0.002840,0.004450,0.021500,89.969482,28.789786
7365,s,0.023128,0.004750,0.022000,6.346680,49.878351
7366,ps,0.002840,0.005150,0.022000,24.857910,29.989786
7367,pps,0.002854,0.004550,0.022000,45.292236,29.404053
7368,spps,0.018353,0.014100,0.019200,54.278076,51.652865
7369,dsp,0.002685,0.005400,0.022000,61.310059,30.084513
7370,s,0.023128,0.005100,0.021500,7.212646,49.728351
7371,ds,0.002343,0.006150,0.021500,14.678223,29.992513
7372,sds,0.018566,0.005100,0.018500,21.773682,42.166086
7373,p,0.003780,0.020900,0.022000,40.636963,46.679849
7374,ps,0.002840,0.011100,0.019200,61.348633,33.139786
7375,p,0.003780,0.005300,0.020000,17.671631,29.079849
7376,sp,0.018754,0.004150,0.020000,27.113525,42.903690
7377,ssp,0.018787,0.005850,0.022000,34.200928,46.637195
7378,dssp,0.002732,0.005750,0.018500,41.814209,26.981810
7379,ddss,0.002785,0.004450,0.022000,48.973633,29.235416
7385,s,0.023128,0.012750,0.021500,6.514160,57.378351
7386,p,0.003780,0.005300,0.020000,25.012939,29.079849
7387,dp,0.002464,0.004500,0.019200,34.531982,26.164344
7388,ddp,0.002502,0.004300,0.021500,41.804688,28.301712
7389,pdd,0.003045,0.006000,0.022000,60.153076,31.044804
7380,p,0.003780,0.008800,0.018500,18.952393,31.079849
7381,s,0.023128,0.004950,0.019200,28.468018,47.278351
7382,ps,0.002840,0.004350,0.020000,47.118408,27.189786
7383,dps,0.002445,0.004700,0.018500,56.914795,25.644936
7384,pds,0.003022,0.006300,0.021500,75.486328,30.821933
7400,s,0.023128,0.004300,0.020000,21.705322,47.428351
7401,ds,0.002343,0.005500,0.022000,29.664307,29.842513
7402,pds,0.003022,0.005350,0.019200,47.838135,27.571933
7403,dpds,0.002826,0.005000,0.021500,57.219482,29.325574
7404,sdps,0.018183,0.005000,0.018500,63.986084,41.682897
7390,d,0.002385,0.007050,0.021500,17.875000,30.935393
7391,p,0.003780,0.009150,0.021500,37.767090,34.429849
7392,dd,0.002426,0.007250,0.021500,47.274902,31.175915
7393,sd,0.018668,0.011700,0.018500,54.183350,48.867773
7394,ssd,0.018735,0.003900,0.018500,61.006836,41.134503
7395,p,0.003780,0.018700,0.018500,18.064941,40.979849
7396,s,0.023128,0.008600,0.018500,27.415039,50.228351
7397,ds,0.002343,0.004100,0.018500,34.663818,24.942513
7398,d,0.002385,0.077550,0.020000,42.367188,99.935393
7399,dds,0.002685,0.006400,0.018500,49.605469,27.585273
7410,d,0.002385,0.005200,0.018500,6.634277,26.085393
7411,pd,0.002977,0.004900,0.018500,25.143066,26.377001
7412,pp,0.002838,0.007850,0.020000,45.767822,30.688325
7413,sp,0.018754,0.004350,0.020000,54.921631,43.103690
7414,psp,0.002926,0.005200,0.021500,73.172363,29.625658
7405,p,0.003780,0.016150,0.019200,17.696533,39.129849
7406,sp,0.018754,0.004400,0.022000,27.008301,45.153690
7407,dsp,0.002685,0.004450,0.020000,34.200195,27.134513
7408,sdsp,0.018148,0.005750,0.019200,41.187012,43.098415
7409,psds,0.002945,0.004800,0.019200,59.419678,26.945423
7415,d,0.002385,0.005400,0.019200,9.726562,26.985393
7416,dd,0.002426,0.005300,0.020000,17.157959,27.725915
7417,pdd,0.003045,0.005150,0.018500,35.522217,26.694804
7418,spd,0.018317,0.004450,0.022000,44.714111,44.767325
7419,dsp,0.002685,0.016900,0.019200,52.137939,38.784513
7420,s,0.023128,0.004150,0.021500,6.548340,48.778351
7421,ps,0.002840,0.006300,0.020000,25.108643,29.139786
7422,sps,0.018360,0.005500,0.020000,34.189209,43.860251
7423,dsps,0.002950,0.004250,0.019200,41.191895,26.400393
7425,p,0.003780,0.004500,0.019200,17.801758,27.479849
7426,sp,0.018754,0.005900,0.020000,27.903564,44.653690
7427,ssp,0.018787,0.004700,0.022000,35.404785,45.487195
7428,sssp,0.018690,0.004500,0.018500,43.251709,41.689656
7429,ssss,0.018888,0.004300,0.021500,50.837402,44.688175
7430,p,0.003780,0.008750,0.021500,17.781738,34.029849
7431,sp,0.018754,0.004450,0.021500,27.142822,44.703690
7432,psp,0.002926,0.004550,0.021500,45.525879,28.975658
7433,pps,0.002854,0.004750,0.022000,65.958984,29.604053
7434,pp,0.002838,0.016750,0.022000,86.911621,41.588325
7435,d,0.002385,0.004900,0.019200,18.668457,26.485393
7436,dd,0.002426,0.004350,0.021500,26.216309,28.275915
7437,d,0.002385,0.015050,0.019200,33.424316,36.635393
7438,ddd,0.002493,0.004350,0.019200,40.841797,26.043417
7439,pd,0.002977,0.004150,0.022000,59.010010,29.127001
7440,s,0.023128,0.009500,0.021500,21.652588,54.128351
7441,ds,0.002343,0.006050,0.019200,29.541260,27.592513
7442,sds,0.018566,0.004500,0.020000,36.410645,43.066086
7443,ssds,0.018930,0.005550,0.018500,43.246582,42.980221
7444,psss,0.002892,0.004850,0.022000,62.402832,29.742287
7445,p,0.003780,0.004450,0.019200,39.126709,27.429849
7446,pp,0.002838,0.004400,0.022000,59.951660,29.238325
7447,dp,0.002464,0.007250,0.021500,69.945312,31.214344
7448,d,0.002385,0.014200,0.021500,77.456299,38.085393
7449,sdp,0.018492,0.004800,0.022000,84.548584,45.291971
7450,d,0.002385,0.004100,0.019200,24.666016,25.685393
7451,sd,0.018668,0.004800,0.021500,32.522461,44.967773
7452,s,0.023128,0.012950,0.021500,39.482422,57.578351
7453,ssd,0.018735,0.004700,0.022000,46.349121,45.434503
7454,ds,0.002343,0.009500,0.020000,53.508301,31.842513
7455,d,0.002385,0.007450,0.018500,17.787109,28.335393
7456,sd,0.018668,0.008250,0.018500,24.922363,45.417773
7457,ssd,0.018735,0.004400,0.018500,32.131592,41.634503
7458,dssd,0.002931,0.004150,0.019200,40.066895,26.281476
7459,pdss,0.002957,0.004050,0.021500,60.497803,28.506682
7460,d,0.002385,0.009600,0.022000,23.353271,33.985393
7461,d,0.002385,0.006700,0.021500,31.280762,30.585393
7462,sd,0.018668,0.006450,0.020000,38.355713,45.117773
7463,psd,0.003139,0.004450,0.019200,56.544922,26.788792
7464,sps,0.018360,0.004900,0.020000,65.639160,43.260251
7465,d,0.002385,0.004300,0.022000,23.458740,28.685393
7466,sd,0.018668,0.007900,0.022000,31.238525,48.567773
7467,psd,0.003139,0.008150,0.019200,49.714600,30.488792
7468,dps,0.002445,0.004050,0.019200,59.216309,25.694936
7469,ddps,0.002746,0.005200,0.021500,66.447266,29.445776
7470,s,0.023128,0.013100,0.020000,8.163574,56.228351
7471,s,0.023128,0.005500,0.019200,15.961182,47.828351
7472,ss,0.018821,0.014300,0.022000,23.378418,55.120769
7473,ds,0.002343,0.005700,0.019200,31.165771,27.242513
7474,sds,0.018566,0.005650,0.019200,38.444824,43.416086
7475,d,0.002385,0.005100,0.022000,6.802490,29.485393
7476,dd,0.002426,0.005050,0.021500,14.069580,28.975915
7477,ddd,0.002493,0.005400,0.021500,21.257080,29.393417
7478,pdd,0.003045,0.004800,0.022000,40.453613,29.844804
7479,spd,0.018317,0.004500,0.021500,49.997314,44.317325
7480,d,0.002385,0.004750,0.022000,6.654297,29.135393
7481,dd,0.002426,0.005600,0.019200,13.771484,27.225915
7482,sdd,0.018511,0.008600,0.020000,20.656494,47.110933
7483,dsdd,0.002830,0.009500,0.019200,27.755859,31.529964
7485,d,0.002385,0.004700,0.018500,6.630859,25.585393
7486,dd,0.002426,0.005300,0.020000,13.909424,27.725915
7487,sdd,0.018511,0.006300,0.022000,20.712402,46.810933
7488,psd,0.003139,0.012450,0.021500,38.729736,37.088792
7489,sps,0.018360,0.005150,0.021500,47.854980,45.010251
7490,p,0.003780,0.009550,0.019200,22.625732,32.529849
7491,pp,0.002838,0.004250,0.021500,43.143555,28.588325
7492,dpp,0.002514,0.004500,0.022000,52.555908,29.014416
7493,pdp,0.002932,0.004900,0.022000,70.735107,29.831683
7494,dpd,0.002513,0.003900,0.022000,80.404053,28.412673
7495,s,0.023128,0.005250,0.022000,6.523682,50.378351
7496,ps,0.002840,0.004900,0.021500,24.748779,29.239786
7497,dps,0.002445,0.005450,0.020000,34.477783,27.894936
7498,pdps,0.002951,0.004700,0.022000,52.857178,29.650740
7499,pp,0.002838,0.004650,0.019200,73.212158,26.688325
7500,p,0.003780,0.011950,0.018500,19.549316,34.229849
7501,d,0.002385,0.005200,0.018500,30.297119,26.085393
7502,dd,0.002426,0.004250,0.020000,38.105957,26.675915
7503,sdd,0.018511,0.005450,0.021500,45.618164,45.460933
7504,psd,0.003139,0.006900,0.019200,64.379883,29.238792
7505,s,0.023128,0.007050,0.019200,7.082031,49.378351
7506,ps,0.002840,0.004750,0.019200,26.622803,26.789786
7507,dps,0.002445,0.006300,0.022000,36.504395,30.744936
7508,pds,0.003022,0.006450,0.020000,55.406738,29.471933
7509,dpd,0.002513,0.005350,0.019200,64.883789,27.062673
7510,p,0.003780,0.006550,0.021500,17.816406,31.829849
7511,dp,0.002464,0.005600,0.022000,27.598145,30.064344
7512,sdp,0.018492,0.004950,0.020000,34.672607,43.441971
7513,ssdp,0.018187,0.004500,0.019200,41.698730,41.887445
7515,p,0.003780,0.007350,0.019200,17.972900,30.329849
7516,p,0.003780,0.015150,0.018500,38.582275,37.429849
7517,sp,0.018754,0.004250,0.020000,48.129395,43.003690
7518,ss,0.018821,0.005200,0.022000,55.067627,46.020769
7519,pss,0.002833,0.007850,0.019200,73.578125,29.882709
7520,p,0.003780,0.003900,0.020000,19.413574,27.679849
7521,pp,0.002838,0.005000,0.022000,41.720459,29.838325
7522,pp,0.002838,0.004500,0.021500,62.832764,28.838325
7523,dp,0.002464,0.004550,0.018500,72.854736,25.514344
7524,pdp,0.002932,0.004500,0.021500,90.957031,28.931683
7525,s,0.023128,0.008250,0.019200,6.376221,50.578351
7526,ss,0.018821,0.006400,0.019200,13.333252,44.420769
7527,pss,0.002833,0.006400,0.022000,31.613525,31.232709
7528,dpss,0.002761,0.007650,0.019200,40.951660,29.610817
7529,pdp,0.002932,0.005000,0.019200,58.976318,27.131683
7530,s,0.023128,0.010150,0.020000,6.243408,53.278351
7531,ds,0.002343,0.004250,0.018500,13.448486,25.092513
7532,dds,0.002685,0.004000,0.022000,20.972900,28.685273
7533,ddds,0.002761,0.004700,0.022000,28.605713,29.460792
7535,p,0.003780,0.008950,0.020000,35.252197,32.729849
7536,dp,0.002464,0.004850,0.019200,47.554199,26.514344
7537,pdp,0.002932,0.004400,0.020000,67.270264,27.331683
7538,sp,0.018754,0.004400,0.019200,76.678955,42.353690
7539,ssp,0.018787,0.005000,0.022000,83.679688,45.787195
7540,d,0.002385,0.005550,0.021500,23.583496,29.435393
7541,dd,0.002426,0.004650,0.022000,31.528076,29.075915
7542,ddd,0.002493,0.005500,0.022000,38.734863,29.993417
7543,sddd,0.017932,0.004600,0.020000,45.935791,42.531734
7544,psd,0.003139,0.004350,0.022000,64.662842,29.488792
7545,s,0.023128,0.005450,0.019200,9.331299,47.778351
7546,ps,0.002840,0.009100,0.018500,28.314453,30.439786
7547,sps,0.018360,0.005050,0.019200,37.855957,42.610251
7548,psps,0.002923,0.004850,0.018500,56.794678,26.272585
7549,dps,0.002445,0.005550,0.022000,66.455811,29.994936
7550,p,0.003780,0.005100,0.019200,18.077393,28.079849
7551,pp,0.002838,0.005000,0.020000,38.969971,27.838325
7552,dp,0.002464,0.004800,0.019200,48.824707,26.464344
7553,pd,0.002977,0.004550,0.021500,66.989502,29.027001
7554,pp,0.002838,0.013500,0.020000,87.750000,36.338325
7555,s,0.023128,0.005500,0.020000,7.507812,48.628351
7556,ps,0.002840,0.005050,0.020000,25.795410,27.889786
7557,pps,0.002854,0.006500,0.020000,46.414795,29.354053
7558,pp,0.002838,0.004750,0.019200,66.674072,26.788325
7559,dp,0.002464,0.004500,0.021500,75.980469,28.464344
7560,d,0.002385,0.004750,0.018500,6.490967,25.635393
7561,pd,0.002977,0.006050,0.020000,24.881348,29.027001
7562,dp,0.002464,0.009450,0.018500,34.623047,30.414344
7563,ddp,0.002502,0.004650,0.020000,41.824951,27.151712
7564,pdd,0.003045,0.003850,0.022000,60.199707,28.894804
7575,d,0.002385,0.004250,0.019200,9.633057,25.835393
7576,dd,0.002426,0.005200,0.019200,17.949219,26.825915
7577,pd,0.002977,0.008400,0.022000,36.955322,33.377001
7578,dp,0.002464,0.004400,0.020000,46.406006,26.864344
7579,ddp,0.002502,0.010350,0.019200,53.683594,32.051712
7565,s,0.023128,0.003950,0.020000,6.357422,47.078351
7566,ps,0.002840,0.006050,0.022000,25.001709,30.889786
7567,dps,0.002445,0.005450,0.022000,35.373535,29.894936
7568,ddps,0.002746,0.003850,0.021500,42.887939,28.095776
7569,pdd,0.003045,0.004700,0.019200,61.318604,26.944804
7570,d,0.002385,0.004300,0.022000,15.887695,28.685393
7571,sd,0.018668,0.004400,0.022000,24.061768,45.067773
7572,d,0.002385,0.012500,0.019200,31.619385,34.085393
7573,ps,0.002840,0.005050,0.020000,50.724365,27.889786
7574,sps,0.018360,0.009200,0.019200,60.094727,46.760251
7580,s,0.023128,0.004350,0.019200,9.861572,46.678351
7581,ps,0.002840,0.008450,0.018500,28.361572,29.789786
7582,sps,0.018360,0.004250,0.018500,37.726074,41.110251
7583,ssps,0.018466,0.004650,0.020000,44.550293,43.116056
7585,s,0.023128,0.007350,0.022000,6.391846,52.478351
7586,ss,0.018821,0.004750,0.018500,13.305420,42.070769
7587,pss,0.002833,0.004600,0.018500,31.661377,25.932709
7588,p,0.003780,0.012550,0.020000,51.982178,36.329849
7589,d,0.002385,0.004500,0.019200,61.613037,26.085393
7590,p,0.003780,0.004500,0.018500,25.056885,26.779849
7591,dp,0.002464,0.006700,0.021500,35.048828,30.664344
7592,ddp,0.002502,0.003950,0.018500,42.801514,24.951712
7593,sddp,0.017807,0.005400,0.021500,50.011230,44.706817
7594,ssdd,0.018091,0.006400,0.020000,56.743652,44.491216
7595,p,0.003780,0.004500,0.018500,18.443604,26.779849
7596,sp,0.018754,0.005750,0.019200,28.129150,43.703690
7597,dsp,0.002685,0.004900,0.021500,35.478271,29.084513
7598,pds,0.003022,0.004400,0.018500,54.496826,25.921933
7599,pp,0.002838,0.004850,0.019200,74.946533,26.888325
7600,s,0.023128,0.004150,0.021500,23.278076,48.778351
7601,ss,0.018821,0.003800,0.018500,30.929443,41.120769
7602,dss,0.002842,0.004800,0.021500,38.137451,29.141615
7603,ddss,0.002785,0.005450,0.022000,45.259033,30.235416
7605,s,0.023128,0.004950,0.020000,6.310059,48.078351
7606,ss,0.018821,0.004900,0.019200,13.257324,42.920769
7607,dss,0.002842,0.004150,0.020000,20.607422,26.991615
7608,pdss,0.002957,0.005750,0.022000,39.916504,30.706682
7609,dpss,0.002761,0.005850,0.018500,51.121826,27.110817
7610,s,0.023128,0.011100,0.022000,6.521240,56.228351
7611,ss,0.018821,0.004450,0.019200,13.370117,42.470769
7612,pss,0.002833,0.004250,0.019200,31.920898,26.282709
7613,ppss,0.002998,0.009550,0.022000,52.335693,34.547567
7614,sps,0.018360,0.005600,0.018500,61.351074,42.460251
7620,d,0.002385,0.003900,0.018500,23.699219,24.785393
7621,sd,0.018668,0.004450,0.022000,31.354492,45.117773
7622,ps,0.002840,0.006300,0.021500,49.248535,30.639786
7623,sps,0.018360,0.004200,0.019200,58.251221,41.760251
7624,d,0.002385,0.010100,0.019200,65.209717,31.685393
7615,s,0.023128,0.008600,0.021500,21.511963,53.228351
7616,ss,0.018821,0.005000,0.022000,28.930908,45.820769
7617,sss,0.019288,0.004250,0.021500,35.585449,45.038093
7618,psss,0.002892,0.004250,0.021500,54.127197,28.642287
7619,pps,0.002854,0.005000,0.022000,76.503662,29.854053
7625,p,0.003780,0.004250,0.021500,35.466553,29.529849
7626,p,0.003780,0.006200,0.019200,56.744629,29.179849
7627,d,0.002385,0.007900,0.022000,66.183350,32.285393
7628,dd,0.002426,0.004500,0.021500,73.304443,28.425915
7629,pdd,0.003045,0.006950,0.019200,91.376709,29.194804
7630,d,0.002385,0.004700,0.018500,7.160645,25.585393
7631,dd,0.002426,0.005400,0.018500,15.166504,26.325915
7632,pd,0.002977,0.004750,0.019200,36.263428,26.927001
7633,pp,0.002838,0.005450,0.020000,57.101074,28.288325
7634,pp,0.002838,0.008750,0.020000,77.882812,31.588325
7635,s,0.023128,0.005400,0.019200,6.476318,47.728351
7636,ss,0.018821,0.004650,0.020000,13.574707,43.470769
7637,sss,0.019288,0.004850,0.018500,20.482178,42.638093
7638,ssss,0.018888,0.007900,0.022000,27.401855,48.788175
7640,p,0.003780,0.004650,0.020000,17.796143,28.429849
7641,dp,0.002464,0.004650,0.021500,27.353760,28.614344
7642,ddp,0.002502,0.004800,0.018500,34.360352,25.801712
7643,pdd,0.003045,0.004750,0.019200,52.434082,26.994804
7644,dp,0.002464,0.006300,0.018500,61.745850,27.264344
7645,s,0.023128,0.004900,0.020000,6.354248,48.028351
7646,ds,0.002343,0.004800,0.020000,13.592041,27.142513
7647,sds,0.018566,0.003950,0.018500,20.731445,41.016086
7648,psds,0.002945,0.004800,0.019200,39.037842,26.945423
7649,spss,0.018655,0.005850,0.020000,48.133301,44.505113
7650,s,0.023128,0.005550,0.019200,12.925049,47.878351
7651,ss,0.018821,0.005600,0.021500,22.544922,45.920769
7652,pss,0.002833,0.005150,0.019200,40.737549,27.182709
7653,dpss,0.002761,0.004400,0.020000,50.112549,27.160817
7655,s,0.023128,0.005300,0.020000,22.876465,48.428351
7656,ss,0.018821,0.003650,0.021500,30.394287,43.970769
7657,pss,0.002833,0.007550,0.021500,48.676025,31.882709
7658,spss,0.018655,0.004950,0.018500,57.709473,42.105113
7660,s,0.023128,0.010550,0.022000,6.470947,55.678351
7661,ss,0.018821,0.004500,0.019200,13.671143,42.520769
7662,dss,0.002842,0.008450,0.022000,21.522949,33.291615
7663,pdss,0.002957,0.003650,0.018500,40.573242,25.106682
7665,s,0.023128,0.005550,0.019200,6.629883,47.878351
7666,ds,0.002343,0.007850,0.018500,14.089844,28.692513
7667,pds,0.003022,0.013950,0.018500,32.566895,35.471933
7668,spds,0.018151,0.005650,0.022000,42.309082,45.800699
7669,psp,0.002926,0.005000,0.019200,60.690186,27.125658
7670,p,0.003780,0.005000,0.018500,34.881348,27.279849
7671,pp,0.002838,0.005450,0.020000,55.581543,28.288325
7672,pp,0.002838,0.005100,0.018500,78.042725,26.438325
7673,sp,0.018754,0.004850,0.018500,88.094971,42.103690
7674,ssp,0.018787,0.004850,0.020000,95.403320,43.637195
7675,s,0.023128,0.006300,0.020000,10.015137,49.428351
7676,p,0.003780,0.011850,0.020000,32.243408,35.629849
7677,ps,0.002840,0.004650,0.020000,54.005371,27.489786
7678,sp,0.018754,0.005600,0.019200,63.481445,43.553690
7679,ps,0.002840,0.005300,0.020000,83.373047,28.139786
7680,p,0.003780,0.004450,0.019200,18.452881,27.429849
7681,sp,0.018754,0.004700,0.021500,28.109375,44.953690
7682,ssp,0.018787,0.004700,0.021500,35.513428,44.987195
7683,sssp,0.018690,0.007350,0.019200,42.571289,45.239656
7684,psss,0.002892,0.006000,0.019200,61.669922,28.092287
7690,p,0.003780,0.004750,0.022000,17.821533,30.529849
7691,dp,0.002464,0.005200,0.018500,27.597900,26.164344
7692,ddp,0.002502,0.007350,0.021500,35.135742,31.351712
7693,sddp,0.017807,0.004200,0.020000,42.228760,42.006817
7694,dsdd,0.002830,0.004800,0.022000,49.579834,29.629964
7685,p,0.003780,0.004550,0.019200,18.426025,27.529849
7686,sp,0.018754,0.004850,0.018500,27.626709,42.103690
7687,ssp,0.018787,0.004700,0.022000,34.447510,45.487195
7688,sssp,0.018690,0.004150,0.018500,41.355225,41.339656
7689,dsss,0.003039,0.004950,0.018500,48.516846,26.488978
7695,s,0.023128,0.005150,0.021500,7.183838,49.778351
7696,p,0.003780,0.012150,0.019200,28.488525,35.129849
7697,pp,0.002838,0.007050,0.022000,48.780762,31.888325
7698,pp,0.002838,0.004700,0.020000,69.259766,27.538325
7699,spp,0.018537,0.007350,0.022000,78.432861,47.887181
7700,p,0.003780,0.006000,0.018500,28.467041,28.279849
7701,dp,0.002464,0.005350,0.019200,37.970215,27.014344
7702,sdp,0.018492,0.003650,0.019200,44.966309,41.341971
7703,ssdp,0.018187,0.007050,0.019200,51.802246,44.437445
7704,pss,0.002833,0.004400,0.019200,70.379883,26.432709
7705,d,0.002385,0.007050,0.018500,17.529785,27.935393
7706,dd,0.002426,0.006000,0.020000,26.152588,28.425915
7707,sdd,0.018511,0.005100,0.019200,34.091553,42.810933
7708,dsdd,0.002830,0.004550,0.018500,42.061768,25.879964
7709,sdsd,0.018197,0.004500,0.022000,49.697266,44.697164
7710,p,0.003780,0.004650,0.018500,18.319824,26.929849
7711,dp,0.002464,0.005350,0.020000,28.271973,27.814344
7712,sdp,0.018492,0.005300,0.020000,35.388916,43.791971
7713,psd,0.003139,0.005100,0.019200,53.752197,27.438792
7714,sps,0.018360,0.008600,0.018500,62.954102,45.460251
7715,d,0.002385,0.012550,0.018500,6.614258,33.435393
7716,p,0.003780,0.004750,0.022000,25.348633,30.529849
7717,sp,0.018754,0.004850,0.019200,35.203857,42.803690
7718,dsp,0.002685,0.004450,0.021500,42.969971,28.634513
7719,pds,0.003022,0.005850,0.022000,62.812500,30.871933
7720,s,0.023128,0.009550,0.020000,6.787354,52.678351
7721,ps,0.002840,0.004700,0.018500,25.328125,26.039786
7722,dps,0.002445,0.004300,0.020000,34.661133,26.744936
7723,ddps,0.002746,0.004700,0.019200,41.810791,26.645776
7725,s,0.023128,0.005150,0.020000,6.551025,48.278351
7726,ds,0.002343,0.006300,0.021500,13.710938,30.142513
7727,pds,0.003022,0.003800,0.021500,31.921875,28.321933
7728,dpds,0.002826,0.004600,0.020000,41.337646,27.425574
7729,ddps,0.002746,0.003500,0.021500,49.103271,27.745776
7730,p,0.003780,0.004400,0.018500,31.796387,26.679849
7731,pp,0.002838,0.006000,0.022000,52.401611,30.838325
7732,sp,0.018754,0.007900,0.021500,61.728271,48.153690
7733,ssp,0.018787,0.005300,0.018500,68.642578,42.587195
7734,dssp,0.002732,0.005750,0.019200,75.782471,27.681810
7735,s,0.023128,0.006150,0.022000,10.897461,51.278351
7736,ps,0.002840,0.005700,0.020000,29.416016,28.539786
7737,sps,0.018360,0.005400,0.019200,38.762207,42.960251
7738,ssps,0.018466,0.004900,0.018500,45.738037,41.866056
7740,s,0.023128,0.004600,0.020000,23.261719,47.728351
7741,ss,0.018821,0.007850,0.018500,30.820801,45.170769
7742,pss,0.002833,0.005850,0.020000,49.581299,28.682709
7743,ppss,0.002998,0.005200,0.022000,70.347412,30.197567
7744,pp,0.002838,0.007250,0.021500,91.418213,31.588325
7745,p,0.003780,0.007200,0.022000,23.301025,32.979849
7746,p,0.003780,0.111100,0.022000,45.024902,136.879849
7747,dp,0.002464,0.005400,0.021500,55.613037,29.364344
7748,dd,0.002426,0.005700,0.019200,63.406738,27.325915
7749,sdd,0.018511,0.004200,0.022000,70.716309,44.710933
7750,p,0.003780,0.005800,0.019200,22.339600,28.779849
7751,p,0.003780,0.005150,0.018500,43.159424,27.429849
7752,p,0.003780,0.004200,0.021500,67.586670,29.479849
7753,sp,0.018754,0.004250,0.022000,77.992676,45.003690
7754,ssp,0.018787,0.008150,0.018500,85.687256,45.437195
7755,d,0.002385,0.005500,0.022000,6.822754,29.885393
7756,sd,0.018668,0.004650,0.022000,14.101562,45.317773
7757,dsd,0.002613,0.004600,0.022000,21.494141,29.212551
7758,sdsd,0.018197,0.006500,0.022000,28.692383,46.697164
7760,p,0.003780,0.010100,0.018500,35.558838,32.379849
7761,d,0.002385,0.005150,0.022000,45.229004,29.535393
7762,dd,0.002426,0.006450,0.020000,52.570801,28.875915
7763,pdd,0.003045,0.004350,0.019200,70.846680,26.594804
7764,pp,0.002838,0.004500,0.022000,91.149658,29.338325
7770,s,0.023128,0.005450,0.020000,6.662842,48.578351
7771,ss,0.018821,0.003800,0.021500,14.022217,44.120769
7772,pss,0.002833,0.005100,0.021500,32.319336,29.432709
7773,dpss,0.002761,0.004550,0.018500,41.746582,25.810817
7765,s,0.023128,0.006450,0.022000,6.257568,51.578351
7766,ps,0.002840,0.006650,0.021500,24.347168,30.989786
7767,s,0.023128,0.014450,0.019200,33.519287,56.778351
7768,dps,0.002445,0.004650,0.019200,40.894287,26.294936
7769,ds,0.002343,0.015250,0.022000,48.024170,39.592513
7775,s,0.023128,0.006600,0.019200,10.530029,48.928351
7776,d,0.002385,0.004550,0.021500,17.822998,28.435393
7777,ds,0.002343,0.042650,0.022000,25.255371,66.992513
7778,sd,0.018668,0.004300,0.020000,32.270020,42.967773
7779,ps,0.002840,0.004400,0.018500,51.128906,25.739786
7780,d,0.002385,0.005850,0.019200,11.018311,27.435393
7781,pd,0.002977,0.006700,0.018500,29.738037,28.177001
7782,pp,0.002838,0.022500,0.018500,50.637695,43.838325
7783,dp,0.002464,0.014100,0.021500,60.697021,38.064344
7784,sdp,0.018492,0.004850,0.020000,67.792236,43.341971
7795,p,0.003780,0.005300,0.018500,17.607422,27.579849
7796,sp,0.018754,0.004400,0.018500,27.028076,41.653690
7797,d,0.002385,0.042450,0.021500,34.257324,66.335393
7798,dsp,0.002685,0.004600,0.020000,41.397461,27.284513
7799,pds,0.003022,0.004250,0.019200,59.827881,26.471933
7800,p,0.003780,0.004900,0.020000,17.979736,28.679849
7801,pp,0.002838,0.004450,0.019200,39.045898,26.488325
7802,pp,0.002838,0.004800,0.021500,61.738525,29.138325
7803,dp,0.002464,0.014000,0.018500,72.066406,34.964344
7804,pd,0.002977,0.005450,0.022000,91.911865,30.427001
7790,s,0.023128,0.005250,0.022000,8.445312,50.378351
7791,ps,0.002840,0.004650,0.019200,27.276123,26.689786
7792,pps,0.002854,0.007200,0.021500,48.766113,31.554053
7793,dp,0.002464,0.004850,0.020000,60.515137,27.314344
7794,sdp,0.018492,0.005100,0.020000,67.899170,43.591971
7785,s,0.023128,0.004200,0.020000,6.471680,47.328351
7786,s,0.023128,0.041800,0.022000,13.595459,86.928351
7787,ps,0.002840,0.004700,0.020000,32.059082,27.539786
7788,sps,0.018360,0.005150,0.020000,41.314453,43.510251
7789,dsps,0.002950,0.004650,0.020000,48.577148,27.600393
7805,d,0.002385,0.009500,0.022000,6.898438,33.885393
7806,dd,0.002426,0.006150,0.021500,14.334961,30.075915
7807,sdd,0.018511,0.007850,0.022000,21.451904,48.360933
7808,psdd,0.002888,0.006750,0.020000,39.626953,29.638175
7809,dps,0.002445,0.004450,0.022000,49.070557,28.894936
7810,s,0.023128,0.004850,0.018500,6.509033,46.478351
7811,ps,0.002840,0.005400,0.022000,25.139893,30.239786
7812,dps,0.002445,0.005400,0.022000,34.747070,29.844936
7813,pdp,0.002932,0.007300,0.020000,53.072754,30.231683
7814,dpd,0.002513,0.007550,0.022000,62.769287,32.062673
7815,p,0.003780,0.004650,0.022000,17.975586,30.429849
7816,pp,0.002838,0.005000,0.020000,38.689453,27.838325
7817,spp,0.018537,0.005200,0.019200,47.666260,42.937181
7818,dsp,0.002685,0.003900,0.020000,55.038086,26.584513
7819,sdsp,0.018148,0.004700,0.018500,61.756836,41.348415
7820,p,0.003780,0.006150,0.022000,17.853516,31.929849
7821,dp,0.002464,0.005050,0.021500,27.206299,29.014344
7822,sdp,0.018492,0.005200,0.021500,34.436523,45.191971
7823,dsdp,0.002604,0.004350,0.019200,41.488525,26.153992
7830,d,0.002385,0.005100,0.018500,7.588623,25.985393
7831,dd,0.002426,0.004750,0.020000,15.705322,27.175915
7832,sdd,0.018511,0.004300,0.020000,23.157959,42.810933
7833,dsdd,0.002830,0.004450,0.018500,30.646484,25.779964
7834,sdsd,0.018197,0.004950,0.020000,37.853760,43.147164
7825,d,0.002385,0.005150,0.021500,6.718750,29.035393
7826,dd,0.002426,0.004600,0.022000,14.006836,29.025915
7827,pdd,0.003045,0.004600,0.020000,32.853516,27.644804
7828,spd,0.018317,0.004600,0.021500,42.164307,44.417325
7829,ssp,0.018787,0.010900,0.018500,48.931396,48.187195
7835,d,0.002385,0.005100,0.019200,7.208496,26.685393
7836,pd,0.002977,0.006350,0.019200,25.462402,28.527001
7837,sp,0.018754,0.004400,0.018500,34.669189,41.653690
7838,ssp,0.018787,0.004750,0.018500,41.654785,42.037195
7839,sssp,0.018690,0.004750,0.018500,48.560547,41.939656
7840,p,0.003780,0.004500,0.022000,35.960449,30.279849
7841,pp,0.002838,0.005000,0.021500,56.554443,29.338325
7842,pp,0.002838,0.006050,0.021500,78.221680,30.388325
7843,pp,0.002838,0.005800,0.021500,99.119385,30.138325
7844,spp,0.018537,0.005050,0.022000,108.457275,45.587181
7845,s,0.023128,0.005300,0.018500,6.966064,46.928351
7846,ds,0.002343,0.005000,0.020000,14.020264,27.342513
7847,s,0.023128,0.006200,0.020000,21.024658,49.328351
7848,pds,0.003022,0.003850,0.020000,39.270508,26.871933
7849,dps,0.002445,0.005700,0.021500,48.859131,29.644936
7850,d,0.002385,0.011100,0.019200,24.069580,32.685393
7851,s,0.023128,0.004900,0.019200,31.822510,47.228351
7852,ps,0.002840,0.005750,0.020000,50.179443,28.589786
7853,pps,0.002854,0.006900,0.022000,70.807129,31.754053
7854,sp,0.018754,0.005400,0.022000,80.122314,46.153690
7855,s,0.023128,0.004950,0.019200,22.823242,47.278351
7856,ds,0.002343,0.004550,0.022000,30.836670,28.892513
7857,sds,0.018566,0.003800,0.019200,38.094727,41.566086
7858,dsds,0.002713,0.004050,0.021500,45.240723,28.263025
7859,s,0.023128,0.008800,0.019200,52.001221,51.128351
7860,s,0.023128,0.009200,0.019200,6.364258,51.528351
7861,ps,0.002840,0.004150,0.019200,27.791992,26.189786
7862,sps,0.018360,0.004800,0.019200,37.498779,42.360251
7863,dsps,0.002950,0.005300,0.019200,44.514648,27.450393
7865,d,0.002385,0.004900,0.020000,6.748779,27.285393
7866,dd,0.002426,0.006000,0.022000,14.339355,30.425915
7867,sdd,0.018511,0.005150,0.019200,21.211670,42.860933
7868,ssdd,0.018091,0.004800,0.020000,27.981934,42.891216
7869,s,0.023128,0.027550,0.020000,34.728516,70.678351
7870,p,0.003780,0.004550,0.021500,18.445312,29.829849
7871,dp,0.002464,0.006200,0.022000,27.951904,30.664344
7872,ddp,0.002502,0.006500,0.020000,35.020508,29.001712
7873,sddp,0.017807,0.005000,0.022000,42.367188,44.806817
7874,ssdd,0.018091,0.005750,0.018500,50.018555,42.341216
7875,d,0.002385,0.006350,0.021500,6.964844,30.235393
7876,sd,0.018668,0.004900,0.022000,15.598877,45.567773
7877,dsd,0.002613,0.004600,0.019200,22.562988,26.412551
7878,p,0.003780,0.006750,0.018500,40.750244,29.029849
7879,ds,0.002343,0.017750,0.018500,49.917236,38.592513
7880,d,0.002385,0.006050,0.022000,6.758545,30.435393
7881,dd,0.002426,0.005650,0.019200,13.819092,27.275915
7882,pdd,0.003045,0.005500,0.019200,32.064941,27.744804
7883,dp,0.002464,0.004450,0.018500,41.300049,25.414344
7884,pdp,0.002932,0.003800,0.018500,59.588867,25.231683
7885,d,0.002385,0.006300,0.020000,6.677246,28.685393
7886,pd,0.002977,0.010150,0.019200,24.791016,32.327001
7887,spd,0.018317,0.005350,0.022000,33.787598,45.667325
7888,psp,0.002926,0.005000,0.019200,51.692139,27.125658
7889,pps,0.002854,0.007850,0.021500,72.012695,32.204053
7890,d,0.002385,0.013950,0.018500,9.156006,34.835393
7891,pd,0.002977,0.003500,0.022000,29.042725,28.477001
7892,pp,0.002838,0.004450,0.021500,50.405029,28.788325
7893,dp,0.002464,0.006550,0.021500,60.262451,30.514344
7894,pdp,0.002932,0.014300,0.021500,78.692139,38.731683
7895,d,0.002385,0.009550,0.018500,21.982422,30.435393
7896,sd,0.018668,0.008250,0.020000,29.977051,46.917773
7897,psd,0.003139,0.007100,0.019200,48.123047,29.438792
7898,pps,0.002854,0.004750,0.019200,68.753418,26.804053
7899,dp,0.002464,0.004850,0.020000,78.267578,27.314344
7905,d,0.002385,0.006400,0.018500,20.485107,27.285393
7906,dd,0.002426,0.004500,0.018500,28.270020,25.425915
7907,ddd,0.002493,0.004150,0.021500,35.540527,28.143417
7908,sddd,0.017932,0.005550,0.020000,42.570801,43.481734
7909,dsdd,0.002830,0.004850,0.020000,49.751953,27.679964
7900,d,0.002385,0.004350,0.021500,23.678711,28.235393
7901,s,0.023128,0.017900,0.021500,31.304688,62.528351
7902,dd,0.002426,0.007850,0.018500,38.311523,28.775915
7903,pd,0.002977,0.004750,0.022000,56.733887,29.727001
7904,pp,0.002838,0.004700,0.022000,78.292725,29.538325
7910,p,0.003780,0.005000,0.021500,30.591553,30.279849
7911,sp,0.018754,0.005150,0.020000,40.428223,43.903690
7912,ps,0.002840,0.006650,0.018500,61.034180,27.989786
7913,dps,0.002445,0.008950,0.018500,71.930420,29.894936
7914,ddps,0.002746,0.005600,0.019200,79.924072,27.545776
7915,s,0.023128,0.004300,0.021500,16.059814,48.928351
7916,ss,0.018821,0.007200,0.022000,24.029053,48.020769
7917,sss,0.019288,0.004700,0.018500,31.509277,42.488093
7918,psss,0.002892,0.004250,0.018500,50.871338,25.642287
7919,pp,0.002838,0.004400,0.019200,76.416504,26.438325
7920,d,0.002385,0.011000,0.018500,7.117188,31.885393
7921,sd,0.018668,0.005500,0.019200,14.765625,43.367773
7922,dsd,0.002613,0.004000,0.021500,23.683350,28.112551
7923,pds,0.003022,0.012450,0.022000,41.890381,37.471933
7924,spds,0.018151,0.003850,0.021500,51.127197,43.500699
7925,d,0.002385,0.004700,0.019200,22.681641,26.285393
7926,sd,0.018668,0.004800,0.019200,30.141602,42.667773
7927,dsd,0.002613,0.004550,0.020000,37.578369,27.162551
7928,ddsd,0.002653,0.005250,0.020000,44.735596,27.903469
7929,ddds,0.002761,0.005400,0.018500,51.849854,26.660792
7930,p,0.003780,0.004900,0.018500,22.130859,27.179849
7931,pp,0.002838,0.006400,0.019200,43.313477,28.438325
7932,dp,0.002464,0.005100,0.022000,53.626709,29.564344
7933,p,0.003780,0.034050,0.022000,72.775879,59.829849
7934,dd,0.002426,0.010000,0.022000,82.624268,34.425915
7935,d,0.002385,0.004700,0.018500,17.026611,25.585393
7936,sd,0.018668,0.004450,0.022000,25.413818,45.117773
7937,dsd,0.002613,0.004750,0.021500,32.808594,28.862551
7938,s,0.023128,0.015400,0.021500,39.807617,60.028351
7939,dds,0.002685,0.004400,0.021500,46.854492,28.585273
7940,d,0.002385,0.004900,0.020000,7.035156,27.285393
7941,sd,0.018668,0.006000,0.019200,14.497314,43.867773
7942,dsd,0.002613,0.005100,0.019200,22.070312,26.912551
7943,sdsd,0.018197,0.006200,0.019200,29.185303,43.597164
7944,ssds,0.018930,0.004700,0.018500,36.150146,42.130221
7945,s,0.023128,0.005150,0.020000,6.490479,48.278351
7946,ds,0.002343,0.004550,0.018500,13.765381,25.392513
7947,pds,0.003022,0.007350,0.018500,32.487793,28.871933
7948,sps,0.018360,0.005000,0.022000,42.025879,45.360251
7949,d,0.002385,0.019650,0.021500,49.104980,43.535393
7950,d,0.002385,0.005550,0.021500,20.823242,29.435393
7951,sd,0.018668,0.005300,0.022000,27.916016,45.967773
7952,ssd,0.018735,0.005150,0.020000,34.976318,43.884503
7953,pss,0.002833,0.004800,0.021500,53.915771,29.132709
7954,spss,0.018655,0.005100,0.019200,63.296387,42.955113
7955,s,0.023128,0.006200,0.022000,8.920654,51.328351
7956,ss,0.018821,0.005750,0.018500,16.507812,43.070769
7957,sss,0.019288,0.005000,0.022000,24.247803,46.288093
7958,ssss,0.018888,0.004600,0.022000,32.042725,45.488175
7960,d,0.002385,0.003950,0.020000,23.617432,26.335393
7961,dd,0.002426,0.005100,0.019200,31.893311,26.725915
7962,pd,0.002977,0.004450,0.019200,50.774414,26.627001
7963,s,0.023128,0.008400,0.019200,60.037842,50.728351
7964,dp,0.002464,0.004450,0.019200,67.276123,26.114344
7965,d,0.002385,0.008550,0.020000,23.583252,30.935393
7966,sd,0.018668,0.005200,0.019200,31.104004,43.067773
7967,ssd,0.018735,0.005700,0.021500,38.138428,45.934503
7968,pss,0.002833,0.004800,0.022000,56.381104,29.632709
7969,pps,0.002854,0.006050,0.021500,76.715576,30.404053
7970,s,0.023128,0.005750,0.018500,10.553711,47.378351
7971,ps,0.002840,0.004900,0.020000,35.135742,27.739786
7972,dps,0.002445,0.004350,0.019200,46.928711,25.994936
7973,sdps,0.018183,0.004550,0.022000,55.531494,44.732897
7974,ps,0.002840,0.008150,0.021500,77.814453,32.489786
7975,s,0.023128,0.004100,0.018500,7.074951,45.728351
7976,ps,0.002840,0.004750,0.022000,27.031250,29.589786
7977,pps,0.002854,0.003650,0.022000,49.365723,28.504053
7978,pp,0.002838,0.004650,0.021500,70.792236,28.988325
7979,dp,0.002464,0.004150,0.020000,80.615479,26.614344
7980,p,0.003780,0.005000,0.018500,35.889404,27.279849
7981,dp,0.002464,0.004950,0.018500,46.333984,25.914344
7982,pd,0.002977,0.005050,0.018500,66.175293,26.527001
7983,dp,0.002464,0.022500,0.018500,77.080322,43.464344
7984,ddp,0.002502,0.005750,0.019200,84.395752,27.451712
7985,d,0.002385,0.006000,0.021500,23.636230,29.885393
7986,pd,0.002977,0.005650,0.018500,43.756104,27.127001
7987,pp,0.002838,0.004750,0.019200,64.621826,26.788325
7988,sp,0.018754,0.006700,0.018500,74.156006,43.953690
7989,ssp,0.018787,0.009000,0.019200,81.226807,46.987195
7990,d,0.002385,0.007450,0.021500,7.060791,31.335393
7991,sd,0.018668,0.004600,0.019200,14.130615,42.467773
7992,dsd,0.002613,0.005400,0.021500,21.525391,29.512551
7993,ddsd,0.002653,0.005450,0.019200,28.867920,27.303469
7994,pdds,0.002946,0.005100,0.022000,48.171387,30.045651
7995,d,0.002385,0.007250,0.021500,6.666016,31.135393
7996,sd,0.018668,0.004900,0.020000,13.650146,43.567773
7997,psd,0.003139,0.008600,0.019200,32.103271,30.938792
7998,pps,0.002854,0.006350,0.018500,53.374512,27.704053
7999,dp,0.002464,0.004500,0.019200,63.187256,26.164344
8000,s,0.023128,0.004750,0.021500,6.956787,49.378351
8001,ps,0.002840,0.007000,0.019200,27.603027,29.039786
8002,sps,0.018360,0.005050,0.019200,37.695312,42.610251
8003,ps,0.002840,0.008450,0.021500,56.816406,32.789786
8004,pps,0.002854,0.005250,0.022000,77.698730,30.104053
8005,s,0.023128,0.015650,0.019200,6.236572,57.978351
8006,p,0.003780,0.004850,0.018500,24.381348,27.129849
8007,pp,0.002838,0.006150,0.018500,45.217529,27.488325
8008,sp,0.018754,0.006050,0.022000,54.826172,46.803690
8009,ssp,0.018787,0.006000,0.019200,61.712891,43.987195
8010,p,0.003780,0.004200,0.019200,32.556641,27.179849
8011,pp,0.002838,0.044000,0.022000,53.374756,68.838325
8012,dp,0.002464,0.005650,0.018500,63.275146,26.614344
8013,pdp,0.002932,0.005500,0.022000,81.659424,30.431683
8014,dpp,0.002514,0.004900,0.019200,91.203613,26.614416
8015,p,0.003780,0.005200,0.020000,18.091064,28.979849
8016,dp,0.002464,0.004700,0.021500,27.802490,28.664344
8017,sdp,0.018492,0.005300,0.020000,34.784180,43.791971
8018,dsdp,0.002604,0.005650,0.019200,41.982666,27.453992
8019,pds,0.003022,0.005350,0.019200,60.411865,27.571933
8020,d,0.002385,0.004450,0.020000,9.159180,26.835393
8021,pd,0.002977,0.004300,0.020000,27.835938,27.277001
8022,pp,0.002838,0.008250,0.020000,48.985596,31.088325
8023,pp,0.002838,0.003850,0.020000,69.368164,26.688325
8024,dpp,0.002514,0.006350,0.022000,78.590576,30.864416
8025,d,0.002385,0.006700,0.020000,7.175293,29.085393
8026,sd,0.018668,0.003850,0.018500,15.129150,41.017773
8027,ps,0.002840,0.005750,0.022000,36.516113,30.589786
8028,d,0.002385,0.010400,0.021500,46.543945,34.285393
8029,dps,0.002445,0.004900,0.021500,53.780273,28.844936
8035,d,0.002385,0.005150,0.019200,6.728271,26.735393
8036,pd,0.002977,0.004750,0.018500,24.938477,26.227001
8037,pp,0.002838,0.007450,0.020000,45.429688,30.288325
8038,pp,0.002838,0.004750,0.018500,65.623535,26.088325
8039,pp,0.002838,0.004300,0.020000,85.638428,27.138325
8045,s,0.023128,0.005250,0.019200,6.441162,47.578351
8046,ps,0.002840,0.004150,0.019200,24.911133,26.189786
8047,sps,0.018360,0.004700,0.022000,34.112061,45.060251
8048,dsps,0.002950,0.008400,0.018500,41.158447,29.850393
8049,pds,0.003022,0.007200,0.018500,59.231201,28.721933
8040,p,0.003780,0.004550,0.021500,17.530273,29.829849
8041,sp,0.018754,0.014100,0.020000,26.784424,52.853690
8042,psp,0.002926,0.004850,0.018500,44.858643,26.275658
8043,dps,0.002445,0.006350,0.018500,54.136475,27.294936
8044,pds,0.003022,0.004950,0.020000,72.169922,27.971933
8030,p,0.003780,0.009500,0.020000,36.018311,33.279849
8031,dp,0.002464,0.004500,0.019200,45.417725,26.164344
8032,ddp,0.002502,0.005100,0.019200,52.497314,26.801712
8033,pdd,0.003045,0.005150,0.019200,70.517822,27.394804
8034,pp,0.002838,0.004700,0.022000,90.693115,29.538325
8050,d,0.002385,0.003400,0.018500,6.757324,24.285393
8051,p,0.003780,0.011050,0.021500,25.459717,36.329849
8052,d,0.002385,0.005700,0.022000,34.945801,30.085393
8053,pd,0.002977,0.004550,0.019200,53.393555,26.727001
8054,pp,0.002838,0.005450,0.018500,73.505615,26.788325
8055,d,0.002385,0.004700,0.021500,7.030762,28.585393
8056,sd,0.018668,0.004250,0.018500,14.338623,41.417773
8057,psd,0.003139,0.007200,0.019200,33.775391,29.538792
8058,s,0.023128,0.014300,0.020000,42.968506,57.428351
8059,dps,0.002445,0.004400,0.020000,49.970947,26.844936
8060,p,0.003780,0.004800,0.019200,18.767822,27.779849
8061,sp,0.018754,0.004000,0.022000,28.762451,44.753690
8062,ps,0.002840,0.004650,0.019200,47.707764,26.689786
8063,pps,0.002854,0.005750,0.021500,70.346436,30.104053
8064,pp,0.002838,0.008050,0.019200,90.947754,30.088325
8065,d,0.002385,0.016800,0.018500,7.093506,37.685393
8066,p,0.003780,0.015550,0.021500,26.222900,40.829849
8067,dp,0.002464,0.010550,0.019200,36.180664,32.214344
8068,ddp,0.002502,0.004850,0.021500,43.714844,28.851712
8069,dddp,0.002699,0.004350,0.022000,51.286621,29.049161
8070,s,0.023128,0.006050,0.020000,23.094238,49.178351
8071,ds,0.002343,0.006700,0.022000,31.826416,31.042513
8072,sds,0.018566,0.005150,0.018500,39.039795,42.216086
8073,psds,0.002945,0.004400,0.022000,57.773438,29.345423
8074,dpss,0.002761,0.009500,0.020000,67.728760,32.260817
8080,p,0.003780,0.004500,0.019200,17.868896,27.479849
8081,pp,0.002838,0.003950,0.021500,38.373779,28.288325
8082,pp,0.002838,0.004400,0.019200,59.358398,26.438325
8083,sp,0.018754,0.005700,0.020000,68.642334,44.453690
8084,dsp,0.002685,0.003900,0.020000,75.700928,26.584513
8075,p,0.003780,0.005950,0.018500,34.911133,28.229849
8076,sp,0.018754,0.005100,0.020000,44.513672,43.853690
8077,ssp,0.018787,0.004900,0.018500,51.746826,42.187195
8078,d,0.002385,0.054550,0.018500,59.777100,75.435393
8079,dss,0.002842,0.007050,0.018500,67.810303,28.391615
8085,d,0.002385,0.008150,0.018500,25.094238,29.035393
8086,sd,0.018668,0.004750,0.020000,32.856445,43.417773
8087,ssd,0.018735,0.004850,0.020000,40.032471,43.584503
8088,pss,0.002833,0.006300,0.019200,58.711914,28.332709
8089,pps,0.002854,0.004850,0.019200,79.505127,26.904053
8090,p,0.003780,0.003500,0.021500,24.893066,28.779849
8091,sp,0.018754,0.006000,0.020000,34.921875,44.753690
8092,ssp,0.018787,0.004800,0.019200,42.463867,42.787195
8093,pss,0.002833,0.004700,0.021500,62.637207,29.032709
8094,dpss,0.002761,0.007650,0.020000,73.140381,30.410817
8095,d,0.002385,0.007250,0.019200,6.886963,28.835393
8096,dd,0.002426,0.005350,0.018500,14.371094,26.275915
8097,pdd,0.003045,0.004850,0.020000,33.319336,27.894804
8098,dp,0.002464,0.005850,0.020000,43.016357,28.314344
8099,ddp,0.002502,0.005050,0.020000,50.466064,27.551712
8100,p,0.003780,0.009050,0.020000,17.732422,32.829849
8101,p,0.003780,0.010200,0.020000,38.094727,33.979849
8102,p,0.003780,0.004750,0.021500,58.647949,30.029849
8103,pp,0.002838,0.006500,0.020000,78.986572,29.338325
8104,dp,0.002464,0.003800,0.020000,88.697510,26.264344
8105,p,0.003780,0.006350,0.020000,17.631592,30.129849
8106,pp,0.002838,0.004650,0.020000,38.282959,27.488325
8107,spp,0.018537,0.005450,0.020000,47.758301,43.987181
8108,ps,0.002840,0.004750,0.020000,66.389160,27.589786
8109,pps,0.002854,0.003800,0.022000,86.948975,28.654053
8110,p,0.003780,0.004850,0.019200,18.073975,27.829849
8111,pp,0.002838,0.005850,0.021500,38.994873,30.188325
8112,pp,0.002838,0.009450,0.018500,59.990723,30.788325
8113,p,0.003780,0.008350,0.019200,80.767090,31.329849
8114,p,0.003780,0.004600,0.020000,101.475830,28.379849
8115,d,0.002385,0.005100,0.019200,6.697266,26.685393
8116,pd,0.002977,0.004850,0.018500,25.100830,26.327001
8117,pp,0.002838,0.005200,0.018500,45.297607,26.538325
8118,sp,0.018754,0.005300,0.020000,54.777832,44.053690
8119,dsp,0.002685,0.006000,0.019200,62.033447,27.884513
8120,d,0.002385,0.006050,0.020000,7.036621,28.435393
8121,pd,0.002977,0.005650,0.020000,25.643799,28.627001
8122,dpd,0.002513,0.007450,0.021500,35.231934,31.462673
8123,pdp,0.002932,0.005500,0.021500,53.304688,29.931683
8124,dpd,0.002513,0.007650,0.018500,62.859863,28.662673
8125,p,0.003780,0.005700,0.019200,18.292725,28.679849
8126,pp,0.002838,0.003900,0.018500,39.065918,25.238325
8127,dp,0.002464,0.004400,0.018500,48.672119,25.364344
8128,pd,0.002977,0.004950,0.021500,67.351074,29.427001
8129,dp,0.002464,0.005300,0.019200,76.805176,26.964344
8130,s,0.023128,0.013500,0.019200,6.422607,55.828351
8131,ds,0.002343,0.012150,0.022000,13.574951,36.492513
8132,dds,0.002685,0.010550,0.021500,20.799316,34.735273
8133,ddds,0.002761,0.004400,0.022000,28.111572,29.160792
8135,d,0.002385,0.006300,0.019200,6.688477,27.885393
8136,dd,0.002426,0.005400,0.021500,13.847900,29.325915
8137,sdd,0.018511,0.004600,0.019200,20.933838,42.310933
8138,psd,0.003139,0.004500,0.022000,39.066406,29.638792
8139,pps,0.002854,0.004250,0.021500,59.472412,28.604053
8140,p,0.003780,0.004700,0.019200,17.924805,27.679849
8141,sp,0.018754,0.005900,0.018500,27.360596,43.153690
8142,ps,0.002840,0.006050,0.022000,45.887939,30.889786
8143,pps,0.002854,0.004400,0.018500,67.298340,25.754053
8144,dp,0.002464,0.006000,0.019200,77.169922,27.664344
8150,d,0.002385,0.009850,0.018500,21.310303,30.735393
8151,pd,0.002977,0.006050,0.022000,40.010986,31.027001
8152,pp,0.002838,0.004550,0.019200,60.197266,26.588325
8153,spp,0.018537,0.005100,0.019200,69.218018,42.837181
8154,ssp,0.018787,0.005050,0.019200,75.914551,43.037195
8145,p,0.003780,0.004850,0.020000,34.496582,28.629849
8146,pp,0.002838,0.004350,0.022000,55.770996,29.188325
8147,dp,0.002464,0.005400,0.022000,66.241943,29.864344
8148,ddp,0.002502,0.029550,0.021500,74.255615,53.551712
8149,sddp,0.017807,0.005000,0.018500,82.776367,41.306817
8160,d,0.002385,0.005000,0.019200,6.836670,26.585393
8161,dd,0.002426,0.004350,0.022000,14.347412,28.775915
8162,pdd,0.003045,0.008450,0.019200,32.689453,30.694804
8163,dpd,0.002513,0.006400,0.020000,42.119385,28.912673
8164,sdp,0.018492,0.008150,0.019200,48.970947,45.841971
8165,s,0.023128,0.008250,0.022000,16.630371,53.378351
8166,d,0.002385,0.012500,0.022000,24.344482,36.885393
8167,ds,0.002343,0.005550,0.020000,31.376221,27.892513
8168,pds,0.003022,0.006700,0.018500,49.773438,28.221933
8169,dpds,0.002826,0.004450,0.021500,59.032959,28.775574
8155,p,0.003780,0.005500,0.022000,23.715576,31.279849
8156,pp,0.002838,0.004400,0.020000,45.085205,27.238325
8157,spp,0.018537,0.005100,0.020000,54.450195,43.637181
8158,ssp,0.018787,0.007300,0.021500,61.469482,47.587195
8159,sssp,0.018690,0.015550,0.020000,68.430420,54.239656
8170,d,0.002385,0.043250,0.018500,17.458252,64.135393
8171,p,0.003780,0.004050,0.020000,36.539062,27.829849
8172,dp,0.002464,0.005200,0.020000,45.853271,27.664344
8173,pdp,0.002932,0.016150,0.019200,63.868408,38.281683
8174,spd,0.018317,0.004350,0.022000,73.074951,44.667325
8175,d,0.002385,0.004400,0.020000,8.486572,26.785393
8176,pd,0.002977,0.006000,0.018500,27.396973,27.477001
8177,pp,0.002838,0.004850,0.018500,48.353760,26.188325
8178,dp,0.002464,0.004050,0.021500,57.914307,28.014344
8179,ddp,0.002502,0.004150,0.018500,65.426758,25.151712
8180,p,0.003780,0.005100,0.022000,35.278320,30.879849
8181,pp,0.002838,0.010150,0.018500,57.752686,31.488325
8182,pp,0.002838,0.005550,0.018500,79.329590,26.888325
8183,dpp,0.002514,0.004250,0.019200,89.187744,25.964416
8184,pd,0.002977,0.004000,0.018500,107.663818,25.477001
8185,s,0.023128,0.006700,0.021500,21.076416,51.328351
8186,ps,0.002840,0.004900,0.022000,39.907471,29.739786
8187,s,0.023128,0.010700,0.021500,48.825684,55.328351
8188,dps,0.002445,0.004250,0.022000,56.015381,28.694936
8189,ddps,0.002746,0.008150,0.020000,63.421875,30.895776
8190,d,0.002385,0.004600,0.021500,12.405273,28.485393
8191,pd,0.002977,0.004800,0.018500,33.342285,26.277001
8192,sp,0.018754,0.029550,0.021500,43.401611,69.803690
8193,ps,0.002840,0.004800,0.020000,62.405029,27.639786
8194,pps,0.002854,0.005050,0.019200,83.205566,27.104053
8195,p,0.003780,0.005050,0.018500,36.198486,27.329849
8196,dp,0.002464,0.004250,0.019200,45.592529,25.914344
8197,sdp,0.018492,0.011800,0.022000,52.714844,52.291971
8198,dsdp,0.002604,0.005000,0.020000,60.070801,27.603992
8199,ddsd,0.002653,0.007250,0.018500,67.327148,28.403469
8200,d,0.002385,0.004950,0.022000,6.786133,29.335393
8201,dd,0.002426,0.004500,0.020000,14.441650,26.925915
8202,p,0.003780,0.019100,0.022000,32.994141,44.879849
8203,d,0.002385,0.006350,0.022000,42.594727,30.735393
8204,sd,0.018668,0.006000,0.020000,50.411865,44.667773
8205,s,0.023128,0.009550,0.020000,23.089111,52.678351
8206,ps,0.002840,0.004800,0.021500,42.341553,29.139786
8207,sps,0.018360,0.003700,0.018500,51.448975,40.560251
8208,dsps,0.002950,0.004900,0.018500,58.519043,26.350393
8209,pds,0.003022,0.004750,0.021500,76.887207,29.271933
8210,s,0.023128,0.008550,0.020000,8.594727,51.678351
8211,ds,0.002343,0.008950,0.021500,15.944092,32.792513
8212,d,0.002385,0.017250,0.021500,24.248535,41.135393
8213,pds,0.003022,0.006700,0.019200,42.667969,28.921933
8214,dps,0.002445,0.004450,0.021500,52.125977,28.394936
8220,d,0.002385,0.007100,0.022000,6.598145,31.485393
8221,sd,0.018668,0.008250,0.019200,13.522461,46.117773
8222,psd,0.003139,0.004400,0.021500,31.919678,29.038792
8223,sps,0.018360,0.005000,0.019200,41.479004,42.560251
8224,psp,0.002926,0.010350,0.018500,59.823242,31.775658
8215,d,0.002385,0.006000,0.018500,6.825439,26.885393
8216,dd,0.002426,0.004900,0.020000,13.963867,27.325915
8217,sdd,0.018511,0.004700,0.019200,20.884766,42.410933
8218,ssdd,0.018091,0.004850,0.020000,27.803955,42.941216
8219,dssd,0.002931,0.005750,0.019200,34.955566,27.881476
8225,d,0.002385,0.004350,0.022000,23.415527,28.735393
8226,p,0.003780,0.007500,0.020000,42.092285,31.279849
8227,dd,0.002426,0.004950,0.021500,51.541260,28.875915
8228,dd,0.002426,0.006900,0.020000,58.637207,29.325915
8229,pdd,0.003045,0.004500,0.022000,76.743408,29.544804
8230,s,0.023128,0.004600,0.022000,6.429199,49.728351
8231,ps,0.002840,0.004600,0.018500,24.700928,25.939786
8232,sps,0.018360,0.009550,0.022000,33.751709,49.910251
8233,ssps,0.018466,0.005850,0.019200,40.576416,43.516056
8234,pss,0.002833,0.004300,0.019200,58.579346,26.332709
8235,s,0.023128,0.007050,0.022000,7.657715,52.178351
8236,ps,0.002840,0.005600,0.019200,26.426758,27.639786
8237,pps,0.002854,0.004450,0.022000,47.002930,29.304053
8238,sps,0.018360,0.004050,0.020000,56.115967,42.410251
8239,dsp,0.002685,0.004500,0.019200,63.164551,26.384513
8240,s,0.023128,0.005650,0.018500,11.826904,47.278351
8241,ps,0.002840,0.005650,0.021500,32.403809,29.989786
8242,s,0.023128,0.012550,0.018500,41.383789,54.178351
8243,pp,0.002838,0.015550,0.020000,60.229492,38.388325
8244,dp,0.002464,0.004150,0.018500,69.671631,25.114344
8245,s,0.023128,0.004550,0.022000,8.188477,49.678351
8246,ds,0.002343,0.004500,0.021500,15.574707,28.342513
8247,dds,0.002685,0.005000,0.018500,22.723389,26.185273
8248,ddds,0.002761,0.005750,0.018500,29.789307,27.010792
8249,pdds,0.002946,0.005000,0.021500,48.022461,29.445651
8250,d,0.002385,0.021000,0.018500,6.822266,41.885393
8251,dd,0.002426,0.005400,0.022000,14.460449,29.825915
8252,sdd,0.018511,0.008250,0.020000,21.744873,46.760933
8253,psdd,0.002888,0.004750,0.019200,40.304688,26.838175
8254,pps,0.002854,0.004900,0.019200,61.542236,26.954053
8260,d,0.002385,0.007450,0.019200,14.245361,29.035393
8261,pd,0.002977,0.007450,0.022000,32.644043,32.427001
8262,dpd,0.002513,0.005350,0.021500,42.117432,29.362673
8263,p,0.003780,0.011050,0.022000,60.738281,36.829849
8264,sd,0.018668,0.006300,0.021500,70.251709,46.467773
8255,d,0.002385,0.005600,0.019200,23.736328,27.185393
8256,pd,0.002977,0.005100,0.020000,42.645752,28.077001
8257,sp,0.018754,0.004800,0.022000,51.748047,45.553690
8258,dsp,0.002685,0.005750,0.021500,59.399414,29.934513
8259,sdsp,0.018148,0.003950,0.018500,68.568848,40.598415
8265,s,0.023128,0.004150,0.021500,6.620605,48.778351
8266,ss,0.018821,0.007850,0.018500,13.608887,45.170769
8267,sss,0.019288,0.013500,0.022000,20.596436,54.788093
8268,psss,0.002892,0.005200,0.021500,39.326904,29.592287
8269,pps,0.002854,0.004850,0.020000,60.146240,27.704053
8275,p,0.003780,0.004200,0.019200,19.916748,27.179849
8276,dp,0.002464,0.004600,0.022000,29.476318,29.064344
8277,sdp,0.018492,0.005200,0.019200,36.488281,42.891971
8278,dsdp,0.002604,0.004200,0.020000,43.979248,26.803992
8279,pds,0.003022,0.004800,0.020000,62.405762,27.821933
8270,s,0.023128,0.009450,0.018500,6.716309,51.078351
8271,ps,0.002840,0.008500,0.021500,26.692871,32.839786
8272,sps,0.018360,0.004900,0.021500,36.317139,44.760251
8273,ssps,0.018466,0.012900,0.018500,43.328613,49.866056
8280,s,0.023128,0.013950,0.019200,6.571289,56.278351
8281,ss,0.018821,0.005600,0.022000,13.564453,46.420769
8282,dss,0.002842,0.005350,0.022000,22.277832,30.191615
8283,ddss,0.002785,0.005000,0.018500,31.037354,26.285416
8285,p,0.003780,0.004500,0.022000,18.217773,30.279849
8286,sp,0.018754,0.006550,0.018500,27.761475,43.803690
8287,dsp,0.002685,0.004800,0.018500,35.120117,25.984513
8288,ddsp,0.002864,0.004600,0.022000,42.335693,29.463565
8289,sdds,0.018154,0.003950,0.021500,49.559082,43.603743
8290,p,0.003780,0.004650,0.019200,19.760254,27.629849
8291,dp,0.002464,0.006150,0.020000,30.897949,28.614344
8292,ddp,0.002502,0.008600,0.022000,39.175781,33.101712
8293,sddp,0.017807,0.004150,0.021500,46.545166,43.456817
8294,dsdd,0.002830,0.009750,0.019200,53.811768,31.779964
8295,s,0.023128,0.004550,0.021500,22.883545,49.178351
8296,ps,0.002840,0.007200,0.018500,42.118164,28.539786
8297,sps,0.018360,0.003650,0.021500,52.902100,43.510251
8298,ssps,0.018466,0.004450,0.022000,61.442139,44.916056
8299,pss,0.002833,0.006500,0.021500,80.156738,30.832709
8300,p,0.003780,0.005700,0.021500,34.074463,30.979849
8301,dp,0.002464,0.004050,0.019200,43.771240,25.714344
8302,ddp,0.002502,0.004950,0.019200,51.053467,26.651712
8303,dddp,0.002699,0.004700,0.022000,58.234131,29.399161
8304,sddd,0.017932,0.004350,0.021500,65.305664,43.781734
8305,p,0.003780,0.007050,0.022000,35.457764,32.829849
8306,pp,0.002838,0.008950,0.021500,55.727051,33.288325
8307,s,0.023128,0.009600,0.020000,64.781494,52.728351
8308,pp,0.002838,0.003800,0.020000,83.188965,26.638325
8309,pp,0.002838,0.004900,0.019200,104.035400,26.938325
8310,p,0.003780,0.004900,0.020000,33.240723,28.679849
8311,pp,0.002838,0.003950,0.019200,54.965820,25.988325
8312,sp,0.018754,0.005300,0.021500,64.437500,45.553690
8313,ps,0.002840,0.008450,0.019200,83.166504,30.489786
8314,p,0.003780,0.090350,0.020000,104.418701,114.129849
8325,s,0.023128,0.005050,0.021500,7.154053,49.678351
8326,ss,0.018821,0.004350,0.018500,14.955078,41.670769
8327,dss,0.002842,0.004500,0.020000,23.093262,27.341615
8328,sdss,0.018223,0.004750,0.022000,30.712891,44.972624
8315,p,0.003780,0.008600,0.019200,30.471191,31.579849
8316,dp,0.002464,0.005150,0.022000,39.767822,29.614344
8317,sdp,0.018492,0.016900,0.018500,46.482910,53.891971
8318,ssdp,0.018187,0.004450,0.020000,53.198242,42.637445
8320,p,0.003780,0.005400,0.020000,35.079834,29.179849
8321,d,0.002385,0.011500,0.018500,44.987061,32.385393
8322,pp,0.002838,0.005800,0.020000,63.250244,28.638325
8323,sp,0.018754,0.004800,0.019200,72.361084,42.753690
8324,psp,0.002926,0.004750,0.018500,90.681152,26.175658
8330,d,0.002385,0.006050,0.022000,24.521729,30.435393
8331,pd,0.002977,0.004200,0.022000,43.903809,29.177001
8332,spd,0.018317,0.004150,0.018500,53.157227,40.967325
8333,ssp,0.018787,0.004700,0.021500,60.024658,44.987195
8334,sssp,0.018690,0.005450,0.020000,67.017090,44.139656
8335,d,0.002385,0.003850,0.021500,6.809326,27.735393
8336,pd,0.002977,0.004850,0.021500,25.711914,29.327001
8337,pp,0.002838,0.008250,0.022000,46.832764,33.088325
8338,sp,0.018754,0.005000,0.018500,56.143799,42.253690
8339,psp,0.002926,0.011100,0.021500,74.581299,35.525658
8340,p,0.003780,0.004850,0.021500,18.094727,30.129849
8341,dp,0.002464,0.004800,0.021500,27.720703,28.764344
8342,sdp,0.018492,0.004700,0.021500,34.711670,44.691971
8343,dsdp,0.002604,0.004950,0.022000,41.868408,29.553992
8344,s,0.023128,0.013250,0.020000,49.042969,56.378351
8345,s,0.023128,0.004900,0.018500,21.465576,46.528351
8346,ss,0.018821,0.004800,0.022000,28.985840,45.620769
8347,d,0.002385,0.017850,0.019200,35.955811,39.435393
8348,pss,0.002833,0.005550,0.018500,54.281738,26.882709
8349,dpss,0.002761,0.006400,0.021500,63.701416,30.660817
8350,p,0.003780,0.004300,0.022000,18.238281,30.079849
8351,sp,0.018754,0.015550,0.022000,27.752441,56.303690
8352,psp,0.002926,0.004600,0.019200,46.066162,26.725658
8353,d,0.002385,0.014700,0.020000,55.446533,37.085393
8354,sps,0.018360,0.004850,0.022000,62.245117,45.210251
8360,p,0.003780,0.004850,0.021500,18.709717,30.129849
8361,pp,0.002838,0.004750,0.021500,39.250732,29.088325
8362,pp,0.002838,0.005250,0.019200,60.058838,27.288325
8363,sp,0.018754,0.008950,0.020000,69.277344,47.703690
8364,ps,0.002840,0.006400,0.018500,87.393066,27.739786
8355,p,0.003780,0.003800,0.021500,22.015625,29.079849
8356,pp,0.002838,0.005300,0.018500,44.284668,26.638325
8357,dp,0.002464,0.008950,0.020000,53.995605,31.414344
8358,ddp,0.002502,0.005550,0.021500,61.416016,29.551712
8359,pdd,0.003045,0.005150,0.020000,80.060059,28.194804
8365,p,0.003780,0.004500,0.018500,17.733154,26.779849
8366,dp,0.002464,0.004250,0.022000,27.062500,28.714344
8367,ddp,0.002502,0.005000,0.019200,34.305908,26.701712
8368,sddp,0.017807,0.004250,0.022000,41.269287,44.056817
8369,psd,0.003139,0.004950,0.020000,59.245850,28.088792
8370,d,0.002385,0.005950,0.021500,6.762939,29.835393
8371,pd,0.002977,0.005150,0.018500,25.043213,26.627001
8372,dpd,0.002513,0.003950,0.022000,34.525391,28.462673
8373,s,0.023128,0.013700,0.019200,41.452148,56.028351
8374,pd,0.002977,0.008550,0.021500,59.505371,33.027001
8375,d,0.002385,0.004750,0.019200,7.182129,26.335393
8376,pd,0.002977,0.004900,0.019200,25.879639,27.077001
8377,s,0.023128,0.015050,0.018500,36.175537,56.678351
8378,p,0.003780,0.118100,0.021500,56.301270,143.379849
8379,p,0.003780,0.004700,0.018500,77.936768,26.979849
8380,p,0.003780,0.005600,0.018500,18.026367,27.879849
8381,pp,0.002838,0.004800,0.018500,38.323730,26.138325
8382,dp,0.002464,0.044000,0.021500,47.615967,67.964344
8383,sdp,0.018492,0.005150,0.021500,54.375732,45.141971
8384,dsdp,0.002604,0.006700,0.019200,61.385254,28.503992
8390,p,0.003780,0.005450,0.019200,19.348145,28.429849
8391,sp,0.018754,0.004250,0.019200,28.478760,42.203690
8392,dsp,0.002685,0.005250,0.019200,35.472900,27.134513
8393,ddsp,0.002864,0.005200,0.022000,42.629883,30.063565
8394,sdds,0.018154,0.005100,0.020000,49.938477,43.253743
8385,p,0.003780,0.007000,0.019200,18.183105,29.979849
8386,pp,0.002838,0.005100,0.020000,38.421387,27.938325
8387,dpp,0.002514,0.004700,0.020000,47.710938,27.214416
8388,pdp,0.002932,0.004900,0.019200,66.085205,27.031683
8389,pp,0.002838,0.005700,0.021500,86.627686,30.038325
8395,p,0.003780,0.005350,0.020000,38.412109,29.129849
8396,dp,0.002464,0.005600,0.021500,48.290283,29.564344
8397,pdp,0.002932,0.016750,0.022000,67.143555,41.681683
8398,spd,0.018317,0.004900,0.020000,76.921387,43.217325
8399,ssp,0.018787,0.006900,0.018500,84.036133,44.187195
8400,d,0.002385,0.004750,0.020000,7.061768,27.135393
8401,dd,0.002426,0.007650,0.022000,15.045898,32.075915
8402,pd,0.002977,0.004300,0.019200,34.268311,26.477001
8403,spd,0.018317,0.006250,0.019200,43.591797,43.767325
8404,dsp,0.002685,0.006600,0.020000,50.986816,29.284513
8405,s,0.023128,0.007250,0.022000,6.624512,52.378351
8406,ss,0.018821,0.005500,0.018500,13.781982,42.820769
8407,sss,0.019288,0.005800,0.022000,20.572021,47.088093
8408,dsss,0.003039,0.003950,0.018500,27.585449,25.488978
8410,p,0.003780,0.010550,0.021500,18.061035,35.829849
8411,dp,0.002464,0.004400,0.021500,27.631592,28.364344
8412,ddp,0.002502,0.004350,0.020000,34.951660,26.851712
8413,pddp,0.002898,0.007850,0.020000,53.229004,30.747530
8414,pp,0.002838,0.005300,0.021500,73.610840,29.638325
8420,p,0.003780,0.009200,0.020000,18.469971,32.979849
8421,sp,0.018754,0.004700,0.021500,28.020020,44.953690
8422,ssp,0.018787,0.005450,0.021500,35.034180,45.737195
8423,dssp,0.002732,0.004700,0.022000,42.516602,29.431810
8415,d,0.002385,0.009450,0.022000,20.846436,33.835393
8416,dd,0.002426,0.004950,0.019200,28.573242,26.575915
8417,ddd,0.002493,0.004400,0.018500,35.813232,25.393417
8418,sddd,0.017932,0.006300,0.020000,42.732422,44.231734
8425,d,0.002385,0.004600,0.020000,7.697998,26.985393
8426,sd,0.018668,0.006000,0.021500,15.045166,46.167773
8427,ssd,0.018735,0.009200,0.019200,22.173340,47.134503
8428,sssd,0.017999,0.006200,0.022000,29.328857,46.198568
8429,psss,0.002892,0.005200,0.019200,48.217285,27.292287
8430,p,0.003780,0.010900,0.021500,18.515869,36.179849
8431,sp,0.018754,0.005000,0.020000,28.561523,43.753690
8432,ssp,0.018787,0.004500,0.018500,36.020752,41.787195
8433,dssp,0.002732,0.005500,0.018500,43.570557,26.731810
8435,p,0.003780,0.004500,0.022000,17.990967,30.279849
8436,sp,0.018754,0.004350,0.018500,27.503662,41.603690
8437,psp,0.002926,0.010450,0.018500,46.962158,31.875658
8438,p,0.003780,0.006200,0.022000,70.172852,31.979849
8439,s,0.023128,0.005750,0.022000,79.897949,50.878351
8440,s,0.023128,0.005450,0.021500,6.501221,50.078351
8441,ds,0.002343,0.010900,0.019200,13.778564,32.442513
8442,sds,0.018566,0.004350,0.021500,20.830078,44.416086
8443,psds,0.002945,0.005100,0.022000,39.049561,30.045423
8444,dpss,0.002761,0.004400,0.020000,48.524902,27.160817
8445,p,0.003780,0.005750,0.022000,47.768311,31.529849
8446,dp,0.002464,0.005150,0.019200,57.246582,26.814344
8447,ddp,0.002502,0.009150,0.020000,64.543213,31.651712
8448,sddp,0.017807,0.005050,0.018500,71.499268,41.356817
8449,s,0.023128,0.016050,0.021500,78.295410,60.678351
8450,d,0.002385,0.005950,0.020000,6.769775,28.335393
8451,dd,0.002426,0.013100,0.019200,14.102051,34.725915
8452,pdd,0.003045,0.004600,0.021500,32.526611,29.144804
8453,pp,0.002838,0.005500,0.019200,53.156982,27.538325
8454,pp,0.002838,0.007850,0.018500,74.080566,29.188325
8460,d,0.002385,0.003800,0.019200,17.577393,25.385393
8461,dd,0.002426,0.008950,0.021500,25.213623,32.875915
8462,ddd,0.002493,0.005300,0.019200,32.686768,26.993417
8463,sddd,0.017932,0.006000,0.020000,40.535156,43.931734
8464,dsdd,0.002830,0.006750,0.018500,48.438477,28.079964
8465,d,0.002385,0.013400,0.019200,7.174072,34.985393
8466,s,0.023128,0.007100,0.019200,16.267090,49.428351
8467,ps,0.002840,0.005150,0.019200,34.586182,27.189786
8468,p,0.003780,0.006200,0.020000,54.775146,29.979849
8469,p,0.003780,0.004850,0.019200,74.937500,27.829849
8455,d,0.002385,0.006750,0.020000,23.150146,29.135393
8456,pd,0.002977,0.005100,0.019200,42.130371,27.277001
8457,dpd,0.002513,0.004850,0.022000,51.415771,29.362673
8458,ddp,0.002502,0.005050,0.019200,58.474609,26.751712
8459,dddp,0.002699,0.004300,0.019200,65.491699,26.199161
8470,p,0.003780,0.006000,0.022000,18.379883,31.779849
8471,sp,0.018754,0.004800,0.022000,27.583252,45.553690
8472,ssp,0.018787,0.009550,0.021500,34.412598,49.837195
8473,dssp,0.002732,0.005650,0.018500,41.988281,26.881810
8480,s,0.023128,0.004350,0.022000,6.315430,49.478351
8481,ps,0.002840,0.003900,0.019200,25.425781,25.939786
8482,sps,0.018360,0.008400,0.022000,35.520996,48.760251
8483,ssps,0.018466,0.005750,0.020000,42.981445,44.216056
8485,s,0.023128,0.004650,0.021500,6.450684,49.278351
8486,ds,0.002343,0.006500,0.022000,13.714355,30.842513
8487,dds,0.002685,0.005250,0.021500,20.938232,29.435273
8488,p,0.003780,0.011050,0.019200,39.799316,34.029849
8489,p,0.003780,0.005250,0.021500,61.646973,30.529849
8475,s,0.023128,0.005300,0.022000,6.559082,50.428351
8476,ps,0.002840,0.004650,0.018500,26.012207,25.989786
8477,sps,0.018360,0.004150,0.020000,35.134033,42.510251
8478,ssps,0.018466,0.004400,0.018500,42.266113,41.366056
8479,pss,0.002833,0.005200,0.020000,60.405273,28.032709
8490,s,0.023128,0.004450,0.019200,23.359375,46.778351
8491,ss,0.018821,0.004750,0.022000,30.996338,45.570769
8492,pss,0.002833,0.004350,0.018500,49.622314,25.682709
8493,spss,0.018655,0.005900,0.022000,59.286377,46.555113
8494,ps,0.002840,0.005100,0.019200,77.678467,27.139786
8495,s,0.023128,0.009550,0.022000,12.069824,54.678351
8496,p,0.003780,0.011000,0.018500,32.100586,33.279849
8497,ds,0.002343,0.004200,0.021500,44.617676,28.042513
8498,pds,0.003022,0.004700,0.020000,63.932129,27.721933
8499,dp,0.002464,0.005150,0.021500,73.698242,29.114344
8500,d,0.002385,0.009200,0.022000,23.739258,33.585393
8501,d,0.002385,0.004850,0.022000,31.676025,29.235393
8502,dd,0.002426,0.004450,0.019200,38.958740,26.075915
8503,sdd,0.018511,0.004500,0.021500,45.933838,44.510933
8504,psd,0.003139,0.004800,0.022000,64.354248,29.938792
8505,s,0.023128,0.006000,0.020000,12.255859,49.128351
8506,ds,0.002343,0.004050,0.021500,20.178711,27.892513
8507,s,0.023128,0.042650,0.020000,27.460449,85.778351
8508,sds,0.018566,0.004750,0.018500,34.580811,41.816086
8509,pss,0.002833,0.004250,0.019200,53.690918,26.282709
8510,s,0.023128,0.004850,0.022000,9.050293,49.978351
8511,ps,0.002840,0.006550,0.018500,27.862305,27.889786
8512,sps,0.018360,0.012000,0.018500,37.574219,48.860251
8513,pss,0.002833,0.003900,0.019200,55.952637,25.932709
8514,p,0.003780,0.018500,0.021500,76.643066,43.779849
8515,s,0.023128,0.007850,0.018500,23.333740,49.478351
8516,ds,0.002343,0.003650,0.018500,31.430176,24.492513
8517,dds,0.002685,0.006000,0.022000,38.832764,30.685273
8518,sdds,0.018154,0.004950,0.022000,45.906982,45.103743
8519,s,0.023128,0.015150,0.019200,52.973633,57.478351
8520,p,0.003780,0.014300,0.018500,34.373047,36.579849
8521,sp,0.018754,0.008550,0.018500,43.560547,45.803690
8522,dsp,0.002685,0.008450,0.019200,50.602295,30.334513
8523,sdsp,0.018148,0.005450,0.022000,57.433105,45.598415
8524,psds,0.002945,0.004900,0.020000,75.658691,27.845423
8525,d,0.002385,0.008450,0.022000,6.561523,32.835393
8526,pd,0.002977,0.005900,0.018500,25.986816,27.377001
8527,spd,0.018317,0.004450,0.022000,36.576904,44.767325
8528,dsp,0.002685,0.005000,0.018500,43.848633,26.184513
8529,sdsp,0.018148,0.005400,0.020000,50.836426,43.548415
8530,s,0.023128,0.005150,0.019200,8.718262,47.478351
8531,ds,0.002343,0.005400,0.018500,16.571045,26.242513
8532,dds,0.002685,0.004350,0.018500,24.209229,25.535273
8533,ddds,0.002761,0.004750,0.022000,31.785156,29.510792
8534,pds,0.003022,0.004550,0.022000,50.674316,29.571933
8535,s,0.023128,0.005000,0.022000,7.257080,50.128351
8536,ps,0.002840,0.004550,0.019200,26.495361,26.589786
8537,sps,0.018360,0.004200,0.020000,35.862061,42.560251
8538,dsps,0.002950,0.005550,0.018500,43.119629,27.000393
8540,s,0.023128,0.007750,0.021500,18.629639,52.378351
8541,d,0.002385,0.006650,0.021500,26.160645,30.535393
8542,sd,0.018668,0.005150,0.018500,33.039795,42.317773
8543,psd,0.003139,0.004500,0.022000,51.283203,29.638792
8544,dps,0.002445,0.004600,0.019200,60.676270,26.244936
8545,s,0.023128,0.005000,0.018500,22.270752,46.628351
8546,ds,0.002343,0.003500,0.018500,30.123047,24.342513
8547,sds,0.018566,0.004450,0.020000,37.043701,43.016086
8548,ssds,0.018930,0.003950,0.020000,44.042969,42.880221
8549,psss,0.002892,0.007850,0.022000,62.494629,32.742287
8550,p,0.003780,0.005200,0.018500,18.439941,27.479849
8551,d,0.002385,0.006150,0.019200,28.520508,27.735393
8552,sp,0.018754,0.005300,0.018500,35.676758,42.553690
8553,ps,0.002840,0.005350,0.019200,53.928955,27.389786
8554,pps,0.002854,0.003650,0.018500,74.143311,25.004053
8555,s,0.023128,0.008050,0.021500,6.431152,52.678351
8556,ps,0.002840,0.006050,0.018500,24.689697,27.389786
8557,sps,0.018360,0.006450,0.020000,33.849121,44.810251
8558,psps,0.002923,0.004650,0.020000,51.954834,27.572585
8559,pps,0.002854,0.005100,0.022000,74.226562,29.954053
8560,d,0.002385,0.004950,0.019200,7.593994,26.535393
8561,dd,0.002426,0.005100,0.019200,16.201660,26.725915
8562,sdd,0.018511,0.004900,0.022000,23.415771,45.410933
8563,s,0.023128,0.035450,0.022000,30.448975,80.578351
8564,ssd,0.018735,0.006400,0.021500,37.519043,46.634503
8565,p,0.003780,0.008950,0.019200,44.073975,31.929849
8566,sp,0.018754,0.017750,0.022000,53.553955,58.503690
8567,ssp,0.018787,0.005600,0.019200,60.591309,43.587195
8568,d,0.002385,0.014050,0.019200,67.944824,35.635393
8569,dssp,0.002732,0.013100,0.022000,75.455566,37.831810
8570,s,0.023128,0.004500,0.021500,23.094482,49.128351
8571,ps,0.002840,0.004900,0.021500,42.322021,29.239786
8572,dps,0.002445,0.005650,0.021500,51.664307,29.594936
8573,sdps,0.018183,0.003800,0.019200,58.619385,41.182897
8575,p,0.003780,0.015150,0.022000,24.368896,40.929849
8576,p,0.003780,0.024300,0.018500,46.685791,46.579849
8577,d,0.002385,0.004650,0.021500,56.411621,28.535393
8578,pd,0.002977,0.004700,0.018500,74.882812,26.177001
8579,spd,0.018317,0.006750,0.019200,84.005859,44.267325
8580,s,0.023128,0.010350,0.018500,23.208740,51.978351
8581,ds,0.002343,0.003850,0.020000,31.338379,26.192513
8582,dds,0.002685,0.005000,0.020000,38.440918,27.685273
8583,pdds,0.002946,0.004750,0.018500,56.583252,26.195651
8584,spds,0.018151,0.005750,0.018500,65.583984,42.400699
8585,p,0.003780,0.004500,0.019200,35.162354,27.479849
8586,dp,0.002464,0.005600,0.021500,44.955322,29.564344
8587,ddp,0.002502,0.005600,0.021500,52.672363,29.601712
8588,pdd,0.003045,0.004200,0.019200,72.285645,26.444804
8589,dpd,0.002513,0.004750,0.019200,82.031738,26.462673
8590,d,0.002385,0.005650,0.019200,22.989990,27.235393
8591,pd,0.002977,0.005300,0.020000,42.069336,28.277001
8592,sp,0.018754,0.004750,0.020000,51.574707,43.503690
8593,psp,0.002926,0.005450,0.019200,70.176758,27.575658
8594,p,0.003780,0.005000,0.022000,100.971924,30.779849
8595,s,0.023128,0.005200,0.018500,9.705811,46.828351
8596,ds,0.002343,0.007200,0.020000,17.806152,29.542513
8597,dds,0.002685,0.010350,0.019200,25.384521,32.235273
8598,pdds,0.002946,0.004450,0.018500,44.258301,25.895651
8599,pp,0.002838,0.005500,0.020000,65.213867,28.338325
8600,s,0.023128,0.007100,0.021500,7.948975,51.728351
8601,ss,0.018821,0.004450,0.022000,14.934814,45.270769
8602,sss,0.019288,0.004150,0.020000,21.898193,43.438093
8603,psss,0.002892,0.006000,0.021500,40.301758,30.392287
8605,s,0.023128,0.004100,0.020000,6.429443,47.228351
8606,ps,0.002840,0.004000,0.021500,24.879150,28.339786
8607,pps,0.002854,0.004850,0.021500,45.338379,29.204053
8608,dp,0.002464,0.005700,0.018500,55.267578,26.664344
8609,pdp,0.002932,0.016900,0.020000,73.876953,39.831683
8615,s,0.023128,0.004400,0.020000,6.639648,47.528351
8616,ps,0.002840,0.004450,0.018500,25.752441,25.789786
8617,dps,0.002445,0.004550,0.022000,35.447754,28.994936
8618,sdps,0.018183,0.004650,0.018500,42.563721,41.332897
8620,d,0.002385,0.005900,0.021500,7.360596,29.785393
8621,sd,0.018668,0.004300,0.019200,14.511963,42.167773
8622,dsd,0.002613,0.003800,0.018500,21.813232,24.912551
8623,sdsd,0.018197,0.009450,0.022000,28.786865,49.647164
8610,s,0.023128,0.005200,0.019200,7.010742,47.528351
8611,ss,0.018821,0.006300,0.021500,14.046143,46.620769
8612,dss,0.002842,0.004900,0.018500,21.234131,26.241615
8613,pdss,0.002957,0.013500,0.018500,39.786621,34.956682
8614,pps,0.002854,0.004250,0.020000,60.272949,27.104053
8625,p,0.003780,0.005200,0.021500,34.398193,30.479849
8626,sp,0.018754,0.005650,0.018500,44.003418,42.903690
8627,dsp,0.002685,0.004650,0.019200,51.227783,26.534513
8628,sdsp,0.018148,0.006700,0.022000,58.175293,46.848415
8629,psds,0.002945,0.004150,0.019200,76.459717,26.295423
8630,p,0.003780,0.005400,0.022000,35.776367,31.179849
8631,pp,0.002838,0.004750,0.022000,57.067871,29.588325
8632,sp,0.018754,0.004400,0.019200,67.028809,42.353690
8633,ssp,0.018787,0.003850,0.022000,74.871826,44.637195
8634,dssp,0.002732,0.004200,0.021500,83.297607,28.431810
8635,d,0.002385,0.012450,0.018500,21.376465,33.335393
8636,pd,0.002977,0.004550,0.018500,40.257324,26.027001
8637,pp,0.002838,0.004550,0.018500,61.051758,25.888325
8638,dp,0.002464,0.007100,0.020000,70.370850,29.564344
8639,pd,0.002977,0.004750,0.019200,88.508789,26.927001
8645,p,0.003780,0.004100,0.021500,22.866455,29.379849
8646,sp,0.018754,0.005800,0.022000,32.245361,46.553690
8647,p,0.003780,0.010150,0.019200,50.342041,33.129849
8648,ps,0.002840,0.004550,0.018500,70.569092,25.889786
8649,dp,0.002464,0.004500,0.018500,79.995361,25.464344
8640,s,0.023128,0.005750,0.019200,10.682617,48.078351
8641,ss,0.018821,0.007350,0.018500,18.536621,44.670769
8642,s,0.023128,0.008200,0.022000,25.950195,53.328351
8643,pss,0.002833,0.004850,0.019200,45.803467,26.882709
8644,pp,0.002838,0.005050,0.022000,67.233398,29.888325
8650,s,0.023128,0.004250,0.021500,20.974609,48.878351
8651,ss,0.018821,0.006000,0.020000,28.632568,44.820769
8652,p,0.003780,0.009850,0.021500,46.792725,35.129849
8653,dss,0.002842,0.006000,0.020000,56.172119,28.841615
8654,sdss,0.018223,0.005000,0.021500,63.037842,44.722624
8655,d,0.002385,0.004750,0.019200,24.512207,26.335393
8656,p,0.003780,0.006700,0.021500,53.977783,31.979849
8657,dp,0.002464,0.004200,0.021500,63.586914,28.164344
8658,sdp,0.018492,0.005100,0.021500,70.515137,45.091971
8659,psd,0.003139,0.004250,0.021500,89.003906,28.888792
8660,p,0.003780,0.005550,0.019200,33.283936,28.529849
8661,pp,0.002838,0.007850,0.021500,53.512695,32.188325
8662,sp,0.018754,0.006000,0.021500,62.809814,46.253690
8663,dsp,0.002685,0.004300,0.018500,70.088135,25.484513
8664,pds,0.003022,0.004550,0.022000,88.260010,29.571933
8665,s,0.023128,0.016150,0.020000,23.386963,59.278351
8666,ps,0.002840,0.009850,0.022000,42.428223,34.689786
8667,pps,0.002854,0.008600,0.020000,62.609375,31.454053
8668,dpps,0.002723,0.007300,0.020000,71.881348,30.022865
8669,ddps,0.002746,0.012050,0.018500,79.020508,33.295776
8670,d,0.002385,0.004450,0.021500,11.999268,28.335393
8671,pd,0.002977,0.004300,0.019200,30.389404,26.477001
8672,p,0.003780,0.019800,0.022000,50.556885,45.579849
8673,p,0.003780,0.007450,0.019200,70.659668,30.429849
8674,sp,0.018754,0.006400,0.020000,79.733398,45.153690
8675,d,0.002385,0.005300,0.019200,20.234619,26.885393
8676,dd,0.002426,0.004800,0.019200,28.513184,26.425915
8677,pd,0.002977,0.004700,0.018500,48.359863,26.177001
8678,s,0.023128,0.019750,0.018500,57.975830,61.378351
8679,sp,0.018754,0.005300,0.019200,65.131348,43.253690
8680,s,0.023128,0.011000,0.018500,23.567627,52.628351
8681,s,0.023128,0.004700,0.019200,31.503418,47.028351
8682,ps,0.002840,0.007550,0.019200,49.947998,29.589786
8683,dps,0.002445,0.006400,0.022000,59.455566,30.844936
8684,sdps,0.018183,0.003900,0.018500,66.609619,40.582897
8685,s,0.023128,0.008750,0.021500,23.687500,53.378351
8686,d,0.002385,0.005600,0.018500,32.202148,26.485393
8687,dd,0.002426,0.004900,0.021500,39.260742,28.825915
8688,sdd,0.018511,0.005400,0.022000,46.288330,45.910933
8689,dsdd,0.002830,0.004850,0.019200,53.564453,26.879964
8690,d,0.002385,0.005300,0.020000,11.496826,27.685393
8691,pd,0.002977,0.004900,0.018500,29.822510,26.377001
8692,spd,0.018317,0.006700,0.020000,39.018555,45.017325
8693,ps,0.002840,0.009150,0.019200,57.452148,31.189786
8694,dps,0.002445,0.009850,0.021500,67.050781,33.794936
8695,p,0.003780,0.011000,0.021500,20.623535,36.279849
8696,pp,0.002838,0.003950,0.022000,40.951904,28.788325
8697,pp,0.002838,0.005600,0.019200,61.101562,27.638325
8698,sp,0.018754,0.009750,0.022000,70.468262,50.503690
8699,ssp,0.018787,0.004600,0.022000,77.634033,45.387195
8700,s,0.023128,0.010450,0.018500,6.421875,52.078351
8701,ss,0.018821,0.004400,0.022000,13.423340,45.220769
8702,sss,0.019288,0.006050,0.021500,20.290283,46.838093
8703,psss,0.002892,0.004450,0.018500,39.612793,25.842287
8704,pps,0.002854,0.005400,0.020000,62.907715,28.254053
8705,s,0.023128,0.004650,0.020000,9.919189,47.778351
8706,d,0.002385,0.022550,0.022000,18.010010,46.935393
8707,ds,0.002343,0.005650,0.019200,26.387695,27.192513
8708,sds,0.018566,0.004550,0.021500,34.462891,44.616086
8709,pss,0.002833,0.005750,0.020000,54.375732,28.582709
8710,d,0.002385,0.014100,0.021500,23.440674,37.985393
8711,sd,0.018668,0.013500,0.021500,31.101807,53.667773
8712,dsd,0.002613,0.004150,0.020000,38.203857,26.762551
8713,pdsd,0.002929,0.004350,0.022000,56.542480,29.278927
8714,sps,0.018360,0.004450,0.022000,65.737549,44.810251
8715,p,0.003780,0.005100,0.021500,35.293213,30.379849
8716,pp,0.002838,0.011700,0.022000,56.320557,36.538325
8717,spp,0.018537,0.004850,0.021500,65.545654,44.887181
8718,psp,0.002926,0.005300,0.020000,84.338135,28.225658
8719,dps,0.002445,0.007850,0.019200,93.881104,29.494936
8720,s,0.023128,0.004450,0.021500,6.479004,49.078351
8721,ps,0.002840,0.005550,0.022000,24.853760,30.389786
8722,dps,0.002445,0.007850,0.021500,34.526123,31.794936
8723,ddps,0.002746,0.005300,0.018500,41.828369,26.545776
8724,s,0.023128,0.009950,0.022000,48.796631,55.078351
8730,s,0.023128,0.006950,0.018500,8.585205,48.578351
8731,ss,0.018821,0.004350,0.021500,15.414307,44.670769
8732,sss,0.019288,0.012900,0.021500,22.115479,53.688093
8733,ssss,0.018888,0.008600,0.021500,28.953857,48.988175
8725,d,0.002385,0.007250,0.021500,6.975098,31.135393
8726,pd,0.002977,0.003650,0.022000,25.076172,28.627001
8727,dpd,0.002513,0.004700,0.019200,34.298584,26.412673
8728,pdp,0.002932,0.005100,0.019200,52.284180,27.231683
8729,d,0.002385,0.028250,0.018500,61.580322,49.135393
8735,d,0.002385,0.003700,0.018500,11.226318,24.585393
8736,sd,0.018668,0.009550,0.019200,18.185059,47.417773
8737,ps,0.002840,0.003850,0.022000,36.837158,28.689786
8738,pps,0.002854,0.005050,0.020000,57.405273,27.904053
8739,pp,0.002838,0.006350,0.018500,78.008545,27.688325
8740,p,0.003780,0.005800,0.018500,18.226807,28.079849
8741,pp,0.002838,0.008600,0.021500,39.468262,32.938325
8742,s,0.023128,0.010900,0.022000,48.903564,56.028351
8743,dp,0.002464,0.004300,0.019200,56.285400,25.964344
8744,ddp,0.002502,0.005100,0.018500,63.633545,26.101712
8745,d,0.002385,0.006000,0.022000,7.470947,30.385393
8746,sd,0.018668,0.003950,0.022000,15.139648,44.617773
8747,s,0.023128,0.019150,0.020000,22.648193,62.278351
8748,dsd,0.002613,0.005200,0.020000,30.235840,27.812551
8749,ddsd,0.002653,0.004600,0.018500,37.632324,25.753469
8750,s,0.023128,0.006550,0.018500,6.553467,48.178351
8751,ps,0.002840,0.006150,0.018500,25.052002,27.489786
8752,sps,0.018360,0.015550,0.022000,34.171143,55.910251
8753,dsps,0.002950,0.006000,0.021500,41.457275,30.450393
8755,p,0.003780,0.004850,0.019200,18.362061,27.829849
8756,sp,0.018754,0.004700,0.022000,27.892822,45.453690
8757,dsp,0.002685,0.004750,0.019200,35.159912,26.634513
8758,sdsp,0.018148,0.005350,0.021500,42.210693,44.998415
8759,pss,0.002833,0.006050,0.020000,63.163818,28.882709
8760,s,0.023128,0.005150,0.018500,6.308838,46.778351
8761,ps,0.002840,0.004500,0.018500,25.068115,25.839786
8762,dps,0.002445,0.004050,0.022000,35.101074,28.494936
8763,p,0.003780,0.054550,0.021500,56.210205,79.829849
8764,s,0.023128,0.004600,0.021500,67.549561,49.228351
8765,d,0.002385,0.010150,0.019200,9.590820,31.735393
8766,pd,0.002977,0.004400,0.019200,27.716797,26.577001
8767,dpd,0.002513,0.005550,0.018500,36.952881,26.562673
8768,ddp,0.002502,0.004750,0.022000,44.232666,29.251712
8769,sddp,0.017807,0.004300,0.018500,51.562256,40.606817
8770,d,0.002385,0.016150,0.020000,6.563721,38.535393
8771,dd,0.002426,0.004650,0.018500,13.954834,25.575915
8772,sdd,0.018511,0.004750,0.019200,20.936768,42.460933
8773,psdd,0.002888,0.004500,0.018500,39.313232,25.888175
8774,pps,0.002854,0.005350,0.021500,59.644531,29.704053
8775,s,0.023128,0.004250,0.021500,6.284912,48.878351
8776,ss,0.018821,0.005350,0.021500,13.183105,45.670769
8777,sss,0.019288,0.004950,0.022000,20.024902,46.238093
8778,psss,0.002892,0.006300,0.022000,39.544189,31.192287
8780,p,0.003780,0.004450,0.018500,17.770508,26.729849
8781,p,0.003780,0.016000,0.020000,38.382812,39.779849
8782,p,0.003780,0.004250,0.019200,58.829590,27.229849
8783,dp,0.002464,0.005450,0.019200,68.283936,27.114344
8784,pd,0.002977,0.005200,0.018500,87.365967,26.677001
8785,s,0.023128,0.005600,0.021500,7.158447,50.228351
8786,ps,0.002840,0.005500,0.019200,26.776855,27.539786
8787,sps,0.018360,0.005100,0.021500,36.440674,44.960251
8788,dsps,0.002950,0.005550,0.022000,43.827393,30.500393
8790,p,0.003780,0.007850,0.022000,30.264404,33.629849
8791,dp,0.002464,0.005350,0.021500,39.819336,29.314344
8792,ddp,0.002502,0.008450,0.019200,46.944824,30.151712
8793,pdd,0.003045,0.004050,0.019200,65.229004,26.294804
8794,spd,0.018317,0.004450,0.018500,74.437744,41.267325
8795,d,0.002385,0.005600,0.020000,18.218018,27.985393
8796,dd,0.002426,0.005450,0.019200,25.572266,27.075915
8797,pdd,0.003045,0.005500,0.022000,43.977295,30.544804
8798,pp,0.002838,0.005000,0.019200,64.766357,27.038325
8799,pp,0.002838,0.004950,0.022000,85.893311,29.788325
8800,d,0.002385,0.004200,0.022000,22.901855,28.585393
8801,dd,0.002426,0.006650,0.018500,30.650879,27.575915
8802,sdd,0.018511,0.004900,0.022000,37.612061,45.410933
8803,dsdd,0.002830,0.005900,0.018500,44.595703,27.229964
8805,d,0.002385,0.005200,0.018500,10.219238,26.085393
8806,pd,0.002977,0.004800,0.021500,33.225098,29.277001
8807,dp,0.002464,0.004450,0.020000,43.021729,26.914344
8808,sdp,0.018492,0.006300,0.020000,50.205566,44.791971
8809,ps,0.002840,0.004250,0.019200,70.148682,26.289786
8810,p,0.003780,0.017750,0.021500,18.300781,43.029849
8811,dp,0.002464,0.004050,0.021500,27.861816,28.014344
8812,ddp,0.002502,0.008750,0.022000,35.037842,33.251712
8813,sddp,0.017807,0.004850,0.018500,42.222900,41.156817
8815,d,0.002385,0.006700,0.022000,24.098877,31.085393
8816,sd,0.018668,0.005500,0.018500,31.788818,42.667773
8817,dsd,0.002613,0.004450,0.022000,39.129639,29.062551
8818,pds,0.003022,0.004950,0.020000,57.909912,27.971933
8819,pp,0.002838,0.004950,0.021500,78.337891,29.288325
8820,d,0.002385,0.021000,0.018500,15.525879,41.885393
8821,sd,0.018668,0.007250,0.020000,22.582520,45.917773
8822,ssd,0.018735,0.004700,0.018500,29.344482,41.934503
8823,pssd,0.002940,0.005300,0.018500,47.533691,26.739578
8825,p,0.003780,0.004500,0.018500,17.776611,26.779849
8826,dp,0.002464,0.004800,0.021500,27.071777,28.764344
8827,ddp,0.002502,0.004250,0.019200,34.987305,25.951712
8828,p,0.003780,0.008800,0.018500,56.070312,31.079849
8829,p,0.003780,0.004300,0.019200,78.823242,27.279849
8830,p,0.003780,0.008550,0.020000,35.703369,32.329849
8831,dp,0.002464,0.003900,0.018500,45.262451,24.864344
8832,pdp,0.002932,0.009450,0.022000,63.670898,34.381683
8833,pp,0.002838,0.004200,0.021500,84.199707,28.538325
8834,pp,0.002838,0.011800,0.018500,104.969482,33.138325
8835,d,0.002385,0.005400,0.019200,20.120605,26.985393
8836,pd,0.002977,0.005550,0.022000,38.686035,30.527001
8837,dp,0.002464,0.005000,0.019200,48.044434,26.664344
8838,ddp,0.002502,0.004300,0.022000,55.421875,28.801712
8839,dddp,0.002699,0.004700,0.019200,62.489502,26.599161
8840,p,0.003780,0.006400,0.021500,17.899658,31.679849
8841,pp,0.002838,0.005350,0.022000,38.682617,30.188325
8842,spp,0.018537,0.006300,0.022000,48.273682,46.837181
8843,ssp,0.018787,0.004250,0.021500,55.180908,44.537195
8844,pss,0.002833,0.006450,0.018500,73.461426,27.782709
8845,p,0.003780,0.011100,0.020000,20.251465,34.879849
8846,dp,0.002464,0.005050,0.018500,30.760742,26.014344
8847,sdp,0.018492,0.004700,0.022000,38.340820,45.191971
8848,s,0.023128,0.014750,0.018500,46.643311,56.378351
8849,dsdp,0.002604,0.005000,0.020000,54.233887,27.603992
8855,p,0.003780,0.012000,0.020000,42.132080,35.779849
8856,p,0.003780,0.011400,0.018500,62.509766,33.679849
8857,dp,0.002464,0.004750,0.019200,72.050293,26.414344
8858,pd,0.002977,0.007200,0.019200,91.104980,29.377001
8859,sp,0.018754,0.003950,0.021500,100.416992,44.203690
8850,s,0.023128,0.009100,0.018500,8.888184,50.728351
8851,ds,0.002343,0.005350,0.021500,16.298340,29.192513
8852,sds,0.018566,0.006300,0.019200,23.227051,44.066086
8853,p,0.003780,0.010800,0.021500,41.480225,36.079849
8854,ps,0.002840,0.004950,0.022000,62.180664,29.789786
8860,d,0.002385,0.004950,0.022000,8.922607,29.335393
8861,dd,0.002426,0.006300,0.022000,16.158936,30.725915
8862,pdd,0.003045,0.008400,0.021500,34.562744,32.944804
8863,pp,0.002838,0.006000,0.018500,55.130615,27.338325
8864,dpp,0.002514,0.004100,0.022000,64.696289,28.614416
8865,s,0.023128,0.004400,0.021500,6.543701,49.028351
8866,ds,0.002343,0.006900,0.019200,13.769287,28.442513
8867,sds,0.018566,0.005300,0.019200,20.636963,43.066086
8868,dsds,0.002713,0.005350,0.021500,27.798828,29.563025
8870,p,0.003780,0.005900,0.020000,26.400635,29.679849
8871,dp,0.002464,0.004500,0.022000,36.018799,28.964344
8872,ddp,0.002502,0.006600,0.018500,43.320312,27.601712
8873,sddp,0.017807,0.005000,0.019200,50.471191,42.006817
8874,ssdd,0.018091,0.005850,0.022000,57.434570,45.941216
8880,p,0.003780,0.025050,0.018500,19.155029,47.329849
8881,s,0.023128,0.008250,0.019200,28.874023,50.578351
8882,ds,0.002343,0.006650,0.018500,36.234619,27.492513
8883,sds,0.018566,0.005400,0.021500,43.039307,45.466086
8884,dsds,0.002713,0.004550,0.018500,50.044434,25.763025
8875,s,0.023128,0.004800,0.022000,6.487793,49.928351
8876,ps,0.002840,0.044000,0.020000,24.691162,66.839786
8877,pps,0.002854,0.004850,0.019200,44.817871,26.904053
8878,dpps,0.002723,0.005550,0.022000,54.177979,30.272865
8879,ddpp,0.002702,0.006700,0.020000,61.222656,29.402463
8885,s,0.023128,0.005250,0.019200,21.277832,47.578351
8886,ss,0.018821,0.005600,0.020000,28.743652,44.420769
8887,sss,0.019288,0.005000,0.021500,35.566650,45.788093
8888,ssss,0.018888,0.005550,0.018500,42.323975,42.938175
8890,d,0.002385,0.017350,0.020000,6.698975,39.735393
8891,sd,0.018668,0.005100,0.019200,13.832764,42.967773
8892,ssd,0.018735,0.005300,0.018500,20.564697,42.534503
8893,pssd,0.002940,0.021000,0.022000,38.653809,45.939578
8894,pps,0.002854,0.007250,0.022000,58.844482,32.104053
8895,s,0.023128,0.004950,0.022000,6.678223,50.078351
8896,ps,0.002840,0.007850,0.019200,25.110352,29.889786
8897,dps,0.002445,0.004350,0.020000,34.597900,26.794936
8898,sdps,0.018183,0.005250,0.020000,41.403076,43.432897
8899,s,0.023128,0.015950,0.022000,48.097412,61.078351
8900,d,0.002385,0.004650,0.022000,6.793457,29.035393
8901,pd,0.002977,0.004850,0.018500,25.685547,26.327001
8902,pp,0.002838,0.005950,0.019200,46.069580,27.988325
8903,dp,0.002464,0.007000,0.018500,55.436279,27.964344
8904,ddp,0.002502,0.004400,0.018500,62.512939,25.401712
8905,d,0.002385,0.004250,0.020000,6.799316,26.635393
8906,dd,0.002426,0.005350,0.022000,14.032227,29.775915
8907,ddd,0.002493,0.005100,0.019200,21.122070,26.793417
8908,pdd,0.003045,0.004800,0.021500,39.895020,29.344804
8909,sp,0.018754,0.006750,0.022000,49.034668,47.503690
8910,d,0.002385,0.003800,0.019200,6.639893,25.385393
8911,pd,0.002977,0.004800,0.019200,24.953857,26.977001
8912,sp,0.018754,0.005350,0.019200,34.296631,43.303690
8913,dsp,0.002685,0.010900,0.018500,41.771484,32.084513
8914,ddsp,0.002864,0.004950,0.021500,49.199463,29.313565
8915,p,0.003780,0.005000,0.021500,28.878174,30.279849
8916,s,0.023128,0.017850,0.022000,39.318604,62.978351
8917,pp,0.002838,0.003800,0.018500,57.849365,25.138325
8918,pp,0.002838,0.007050,0.020000,78.240967,29.888325
8919,dp,0.002464,0.005150,0.022000,87.681152,29.614344
8920,p,0.003780,0.007850,0.019200,18.275635,30.829849
8921,pp,0.002838,0.004700,0.020000,39.407959,27.538325
8922,spp,0.018537,0.005350,0.021500,48.791260,45.387181
8923,ssp,0.018787,0.006400,0.019200,55.928467,44.387195
8924,sssp,0.018690,0.006400,0.020000,63.014160,45.089656
8925,s,0.023128,0.006550,0.020000,6.803955,49.678351
8926,p,0.003780,0.009950,0.021500,25.818848,35.229849
8927,ds,0.002343,0.011000,0.022000,35.301270,35.342513
8928,pds,0.003022,0.003400,0.021500,53.491699,27.921933
8929,dpd,0.002513,0.004700,0.021500,62.941162,28.712673
8930,s,0.023128,0.004750,0.018500,21.368652,46.378351
8931,ps,0.002840,0.007200,0.022000,40.104004,32.039786
8932,dps,0.002445,0.004150,0.018500,49.744385,25.094936
8933,sdps,0.018183,0.004400,0.021500,56.544189,44.082897
8935,s,0.023128,0.005250,0.021500,6.331543,49.878351
8936,ps,0.002840,0.005250,0.018500,24.620605,26.589786
8937,sps,0.018360,0.004400,0.018500,33.631592,41.260251
8938,ssps,0.018466,0.004950,0.020000,40.311035,43.416056
8940,s,0.023128,0.005400,0.020000,6.447510,48.528351
8941,ss,0.018821,0.004900,0.020000,13.425293,43.720769
8942,pss,0.002833,0.004150,0.022000,31.869385,28.982709
8943,s,0.023128,0.028300,0.021500,41.123779,72.928351
8944,ds,0.002343,0.016150,0.021500,48.186279,39.992513
8945,d,0.002385,0.003650,0.022000,13.529297,28.035393
8946,pd,0.002977,0.014100,0.020000,32.036621,37.077001
8947,spd,0.018317,0.012050,0.021500,41.472656,51.867325
8948,ssp,0.018787,0.004400,0.020000,48.591553,43.187195
8949,sssp,0.018690,0.004250,0.021500,55.669678,44.439656
8950,d,0.002385,0.005050,0.020000,25.177734,27.435393
8951,sd,0.018668,0.004450,0.022000,33.195068,45.117773
8952,psd,0.003139,0.004500,0.020000,51.548828,27.638792
8953,d,0.002385,0.014350,0.018500,61.537354,35.235393
8954,p,0.003780,0.004550,0.019200,80.110107,27.529849
8955,d,0.002385,0.004950,0.021500,7.101807,28.835393
8956,pd,0.002977,0.005100,0.020000,26.714844,28.077001
8957,pp,0.002838,0.017750,0.020000,47.332764,40.588325
8958,d,0.002385,0.020950,0.022000,57.007568,45.335393
8959,pd,0.002977,0.009200,0.018500,75.364014,30.677001
8960,s,0.023128,0.005050,0.020000,6.377197,48.178351
8961,ds,0.002343,0.006050,0.021500,13.593506,29.892513
8962,sds,0.018566,0.010150,0.018500,20.638916,47.216086
8963,psds,0.002945,0.005200,0.018500,39.031982,26.645423
8964,s,0.023128,0.016200,0.022000,48.364258,61.328351
8965,p,0.003780,0.004400,0.022000,17.775391,30.179849
8966,sp,0.018754,0.004950,0.019200,27.207764,42.903690
8967,ssp,0.018787,0.010150,0.018500,34.480713,47.437195
8968,pss,0.002833,0.003900,0.021500,53.141357,28.232709
8969,dpss,0.002761,0.004600,0.018500,63.067383,25.860817
8970,d,0.002385,0.004150,0.019200,7.055176,25.735393
8971,dd,0.002426,0.004900,0.021500,14.616455,28.825915
8972,sdd,0.018511,0.004800,0.019200,21.853516,42.510933
8973,dsdd,0.002830,0.004900,0.020000,29.558350,27.729964
8974,pds,0.003022,0.004550,0.022000,48.146484,29.571933
8975,s,0.023128,0.005450,0.020000,24.230713,48.578351
8976,ps,0.002840,0.004550,0.019200,43.411377,26.589786
8977,sps,0.018360,0.005600,0.020000,52.506836,43.960251
8978,ssps,0.018466,0.004350,0.020000,59.343262,42.816056
8985,p,0.003780,0.004550,0.020000,24.742676,28.329849
8986,s,0.023128,0.025900,0.021500,33.904297,70.528351
8987,sp,0.018754,0.004900,0.021500,40.664062,45.153690
8988,p,0.003780,0.011150,0.022000,59.140625,36.929849
8989,ds,0.002343,0.004150,0.018500,68.428955,24.992513
8980,p,0.003780,0.005550,0.021500,17.860596,30.829849
8981,pp,0.002838,0.004500,0.022000,38.364990,29.338325
8982,pp,0.002838,0.004900,0.021500,58.588623,29.238325
8983,dp,0.002464,0.004700,0.018500,67.970215,25.664344
8984,ddp,0.002502,0.005050,0.020000,75.056152,27.551712
8990,s,0.023128,0.003650,0.021500,23.582275,48.278351
8991,ps,0.002840,0.006700,0.019200,42.730469,28.739786
8992,pps,0.002854,0.005550,0.021500,62.995361,29.904053
8993,sp,0.018754,0.006000,0.020000,72.189697,44.753690
8994,ssp,0.018787,0.004850,0.022000,79.033447,45.637195
8995,s,0.023128,0.004600,0.019200,7.696533,46.928351
8996,ds,0.002343,0.004500,0.018500,14.976318,25.342513
8997,sds,0.018566,0.004850,0.022000,22.008057,45.416086
8998,dsds,0.002713,0.004900,0.020000,29.469482,27.613025
9000,d,0.002385,0.005100,0.018500,11.667725,25.985393
9001,dd,0.002426,0.010150,0.018500,22.327637,31.075915
9002,sdd,0.018511,0.004500,0.022000,30.218506,45.010933
9003,ssd,0.018735,0.004600,0.018500,37.965820,41.834503
9004,sssd,0.017999,0.004700,0.018500,45.576904,41.198568
9005,d,0.002385,0.004450,0.019200,21.070801,26.035393
9006,pd,0.002977,0.009850,0.018500,39.996582,31.327001
9007,pp,0.002838,0.004350,0.021500,60.292480,28.688325
9008,pp,0.002838,0.007300,0.022000,81.141846,32.138325
9009,sp,0.018754,0.004700,0.020000,90.365234,43.453690
9010,d,0.002385,0.004450,0.018500,8.517090,25.335393
9011,dd,0.002426,0.006700,0.018500,15.711426,27.625915
9012,sdd,0.018511,0.004550,0.018500,22.815430,41.560933
9013,psd,0.003139,0.005000,0.021500,41.834473,29.638792
9014,sps,0.018360,0.006000,0.022000,51.238525,46.360251
9015,d,0.002385,0.004750,0.019200,6.659912,26.335393
9016,sd,0.018668,0.005850,0.019200,13.595215,43.717773
9017,ps,0.002840,0.010450,0.020000,33.731201,33.289786
9018,dps,0.002445,0.005000,0.022000,44.471680,29.444936
9019,pdp,0.002932,0.004550,0.018500,64.998535,25.981683
9020,d,0.002385,0.005000,0.021500,8.147705,28.885393
9021,dd,0.002426,0.004750,0.021500,17.383057,28.675915
9022,sdd,0.018511,0.013000,0.020000,25.960205,51.510933
9023,d,0.002385,0.007800,0.021500,34.311768,31.685393
9024,ps,0.002840,0.004750,0.021500,53.108154,29.089786
9025,s,0.023128,0.004250,0.018500,7.184570,45.878351
9026,ds,0.002343,0.005350,0.019200,14.514404,26.892513
9027,pds,0.003022,0.005450,0.018500,32.922363,26.971933
9028,pp,0.002838,0.005250,0.020000,53.631104,28.088325
9029,s,0.023128,0.009600,0.020000,63.496094,52.728351
9030,p,0.003780,0.004650,0.018500,29.097656,26.929849
9031,sp,0.018754,0.004800,0.022000,39.101318,45.553690
9032,ssp,0.018787,0.004650,0.018500,46.226074,41.937195
9033,sssp,0.018690,0.004150,0.020000,53.314941,42.839656
9034,psss,0.002892,0.008250,0.018500,71.875488,29.642287
9045,s,0.023128,0.004750,0.022000,6.568115,49.878351
9046,ds,0.002343,0.005050,0.021500,13.911133,28.892513
9047,dds,0.002685,0.005400,0.019200,21.378662,27.285273
9048,ddds,0.002761,0.012450,0.021500,28.498047,36.710792
9035,d,0.002385,0.004450,0.018500,6.634277,25.335393
9036,dd,0.002426,0.004800,0.018500,13.863525,25.725915
9037,pd,0.002977,0.004200,0.022000,32.466309,29.177001
9038,sp,0.018754,0.008750,0.020000,41.697510,47.503690
9039,dsp,0.002685,0.004950,0.020000,49.191406,27.634513
9040,p,0.003780,0.004600,0.020000,30.516602,28.379849
9041,pp,0.002838,0.005650,0.020000,51.112793,28.488325
9042,dp,0.002464,0.005150,0.022000,60.720215,29.614344
9043,sdp,0.018492,0.004850,0.018500,67.655518,41.841971
9044,psd,0.003139,0.005850,0.022000,86.238525,30.988792
9050,d,0.002385,0.004850,0.019200,6.957764,26.435393
9051,sd,0.018668,0.005400,0.019200,14.281982,43.267773
9052,dsd,0.002613,0.008950,0.022000,21.606934,33.562551
9053,pds,0.003022,0.004950,0.022000,40.192871,29.971933
9054,spds,0.018151,0.004900,0.019200,49.666016,42.250699
9055,p,0.003780,0.003800,0.019200,18.770264,26.779849
9056,pp,0.002838,0.005000,0.019200,39.448730,27.038325
9057,dp,0.002464,0.005350,0.019200,48.986084,27.014344
9058,sdp,0.018492,0.004250,0.022000,56.158691,44.741971
9059,ssdp,0.018187,0.004650,0.019200,63.138184,42.037445
9060,s,0.023128,0.028300,0.019200,6.752686,70.628351
9061,d,0.002385,0.004800,0.018500,14.673096,25.685393
9062,sd,0.018668,0.004350,0.021500,21.723877,44.517773
9063,dsd,0.002613,0.005200,0.019200,29.116699,27.012551
9064,sdsd,0.018197,0.006600,0.018500,36.050049,43.297164
9075,s,0.023128,0.006700,0.018500,20.926270,48.328351
9076,ds,0.002343,0.004700,0.020000,29.018799,27.042513
9077,pds,0.003022,0.004550,0.021500,47.422852,29.071933
9078,pps,0.002854,0.005150,0.019200,67.898926,27.204053
9079,dp,0.002464,0.005500,0.019200,77.595703,27.164344
9070,s,0.023128,0.004200,0.022000,9.832764,49.328351
9071,ds,0.002343,0.005450,0.020000,22.617920,27.792513
9072,sds,0.018566,0.005350,0.019200,29.606934,43.116086
9073,ssds,0.018930,0.008450,0.018500,36.567871,45.880221
9065,p,0.003780,0.007050,0.018500,36.011475,29.329849
9066,pp,0.002838,0.005400,0.022000,58.426758,30.238325
9067,sp,0.018754,0.007200,0.018500,68.752686,44.453690
9068,p,0.003780,0.006100,0.021500,88.355225,31.379849
9069,ds,0.002343,0.005100,0.020000,98.040527,27.442513
9080,p,0.003780,0.005700,0.020000,18.175293,29.479849
9081,pp,0.002838,0.003850,0.021500,38.415527,28.188325
9082,dp,0.002464,0.004550,0.018500,47.749756,25.514344
9083,ddp,0.002502,0.005000,0.021500,54.882812,29.001712
9084,sddp,0.017807,0.005000,0.021500,61.730469,44.306817
9085,p,0.003780,0.006400,0.022000,17.883057,32.179849
9086,p,0.003780,0.015450,0.021500,38.721436,40.729849
9087,sp,0.018754,0.006400,0.021500,47.947266,46.653690
9088,ss,0.018821,0.003800,0.021500,54.653320,44.120769
9089,dss,0.002842,0.005750,0.018500,61.807861,27.091615
9090,d,0.002385,0.007900,0.020000,6.828125,30.285393
9091,dd,0.002426,0.008600,0.019200,14.372314,30.225915
9092,sdd,0.018511,0.004650,0.021500,21.580811,44.660933
9093,dsdd,0.002830,0.006350,0.022000,28.727295,31.179964
9095,d,0.002385,0.006200,0.022000,6.777588,30.585393
9096,sd,0.018668,0.009000,0.019200,13.834961,46.867773
9097,psd,0.003139,0.004700,0.020000,32.055176,27.838792
9098,pps,0.002854,0.005750,0.019200,52.612305,27.804053
9099,dp,0.002464,0.004900,0.021500,61.941406,28.864344
9110,p,0.003780,0.004600,0.022000,17.735107,30.379849
9111,sp,0.018754,0.005850,0.019200,27.033203,43.803690
9112,ssp,0.018787,0.007250,0.019200,33.995361,45.237195
9113,pss,0.002833,0.004600,0.020000,52.506592,27.432709
9114,d,0.002385,0.015150,0.021500,62.114990,39.035393
9100,s,0.023128,0.012700,0.021500,6.363037,57.328351
9101,s,0.023128,0.004500,0.019200,13.401367,46.828351
9102,ps,0.002840,0.010550,0.019200,31.606445,32.589786
9103,pps,0.002854,0.005450,0.019200,52.194824,27.504053
9104,ss,0.018821,0.024250,0.019200,61.309814,62.270769
9105,s,0.023128,0.005450,0.022000,6.993896,50.578351
9106,ss,0.018821,0.005200,0.021500,14.472900,45.520769
9107,dss,0.002842,0.006550,0.018500,22.279053,27.891615
9108,ddss,0.002785,0.005750,0.018500,30.156250,27.035416
9115,d,0.002385,0.005750,0.021500,10.796387,29.635393
9116,pd,0.002977,0.004400,0.018500,29.277100,25.877001
9117,spd,0.018317,0.005500,0.018500,38.404541,42.317325
9118,ps,0.002840,0.005900,0.020000,56.923584,28.739786
9119,pps,0.002854,0.004400,0.018500,77.153320,25.754053
9125,d,0.002385,0.004800,0.022000,13.815186,29.185393
9126,sd,0.018668,0.004450,0.022000,25.372070,45.117773
9127,s,0.023128,0.008100,0.022000,32.075439,53.228351
9128,ps,0.002840,0.005250,0.020000,50.093750,28.089786
9129,pps,0.002854,0.005100,0.022000,70.191162,29.954053
9120,p,0.003780,0.005200,0.018500,36.769531,27.479849
9121,dp,0.002464,0.005550,0.019200,46.276123,27.214344
9122,pd,0.002977,0.004400,0.020000,64.636963,27.377001
9123,pp,0.002838,0.004450,0.020000,85.412842,27.288325
9124,sp,0.018754,0.004200,0.021500,94.723145,44.453690
9130,s,0.023128,0.004050,0.021500,23.619629,48.678351
9131,ps,0.002840,0.004700,0.021500,42.680908,29.039786
9132,sps,0.018360,0.005500,0.019200,51.658447,43.060251
9133,psps,0.002923,0.004750,0.020000,70.302490,27.672585
9134,dps,0.002445,0.004700,0.019200,80.120117,26.344936
9135,d,0.002385,0.004350,0.019200,6.974121,25.935393
9136,pd,0.002977,0.003700,0.021500,25.262207,28.177001
9137,pp,0.002838,0.003700,0.019200,45.494873,25.738325
9138,s,0.023128,0.015750,0.022000,54.822998,60.878351
9139,dp,0.002464,0.009000,0.020000,62.027588,31.464344
9140,d,0.002385,0.004800,0.021500,16.243164,28.685393
9141,sd,0.018668,0.004500,0.022000,23.189697,45.167773
9142,psd,0.003139,0.006050,0.022000,41.473877,31.188792
9143,pps,0.002854,0.004950,0.022000,62.167236,29.804053
9144,pp,0.002838,0.004700,0.018500,82.584961,26.038325
9145,d,0.002385,0.004550,0.019200,18.719727,26.135393
9146,pd,0.002977,0.005100,0.018500,37.770020,26.577001
9147,pp,0.002838,0.005600,0.022000,58.630859,30.438325
9148,pp,0.002838,0.005250,0.021500,78.744873,29.588325
9149,spp,0.018537,0.006300,0.019200,88.013916,44.037181
9150,s,0.023128,0.004600,0.018500,23.242676,46.228351
9151,ds,0.002343,0.005450,0.018500,31.519531,26.292513
9152,pds,0.003022,0.006700,0.020000,49.955811,29.721933
9153,pp,0.002838,0.004950,0.018500,72.202393,26.288325
9154,dp,0.002464,0.004800,0.021500,81.655518,28.764344
9155,d,0.002385,0.005100,0.021500,7.244385,28.985393
9156,dd,0.002426,0.005050,0.021500,15.213867,28.975915
9157,pdd,0.003045,0.005000,0.020000,34.407959,28.044804
9158,spd,0.018317,0.003800,0.019200,43.930908,41.317325
9159,psp,0.002926,0.004500,0.022000,62.091797,29.425658
9160,s,0.023128,0.065300,0.019200,6.328613,107.628351
9161,p,0.003780,0.007550,0.021500,24.853516,32.829849
9162,pp,0.002838,0.004550,0.020000,45.449463,27.388325
9163,pp,0.002838,0.005100,0.021500,66.223633,29.438325
9164,dp,0.002464,0.004850,0.021500,75.545410,28.814344
9165,p,0.003780,0.004900,0.020000,18.371094,28.679849
9166,s,0.023128,0.008800,0.021500,27.626221,53.428351
9167,dp,0.002464,0.021000,0.020000,34.629395,43.464344
9168,sdp,0.018492,0.003900,0.020000,41.398193,42.391971
9169,ssd,0.018735,0.005150,0.020000,48.222168,43.884503
9170,p,0.003780,0.006000,0.018500,18.115723,28.279849
9171,sp,0.018754,0.004550,0.020000,27.193848,43.303690
9172,dsp,0.002685,0.006400,0.020000,34.239502,29.084513
9173,sdsp,0.018148,0.004750,0.018500,40.972900,41.398415
9174,ssds,0.018930,0.004200,0.019200,47.845459,42.330221
9175,p,0.003780,0.005200,0.020000,17.581055,28.979849
9176,sp,0.018754,0.008400,0.021500,26.748047,48.653690
9177,ssp,0.018787,0.004900,0.018500,33.951904,42.187195
9178,sssp,0.018690,0.004600,0.021500,40.881104,44.789656
9179,d,0.002385,0.010500,0.022000,49.015381,34.885393
9180,d,0.002385,0.005450,0.019200,6.559814,27.035393
9181,pd,0.002977,0.005050,0.018500,24.787842,26.527001
9182,dp,0.002464,0.004350,0.019200,34.357178,26.014344
9183,ddp,0.002502,0.004800,0.021500,41.624023,28.801712
9184,dddp,0.002699,0.005600,0.021500,49.027100,29.799161
9185,p,0.003780,0.005900,0.018500,19.880371,28.179849
9186,dp,0.002464,0.004450,0.021500,29.460938,28.414344
9187,ddp,0.002502,0.005400,0.019200,36.971924,27.101712
9188,pdd,0.003045,0.013100,0.020000,55.262939,36.144804
9189,pp,0.002838,0.004300,0.018500,75.994873,25.638325
9190,d,0.002385,0.003800,0.018500,6.866699,24.685393
9191,pd,0.002977,0.004150,0.019200,25.294189,26.327001
9192,dp,0.002464,0.005100,0.022000,34.947510,29.564344
9193,pd,0.002977,0.005350,0.021500,53.319336,29.827001
9194,dpd,0.002513,0.004650,0.020000,63.158203,27.162673
9195,s,0.023128,0.004400,0.019200,6.317627,46.728351
9196,ss,0.018821,0.004750,0.021500,13.194092,45.070769
9197,dss,0.002842,0.005400,0.018500,20.234375,26.741615
9198,ddss,0.002785,0.005650,0.022000,27.695557,30.435416
9205,d,0.002385,0.004500,0.020000,6.783447,26.885393
9206,sd,0.018668,0.011700,0.018500,13.834961,48.867773
9207,ssd,0.018735,0.005000,0.021500,20.881836,45.234503
9208,d,0.002385,0.009100,0.020000,28.215332,31.485393
9209,sss,0.019288,0.004500,0.021500,35.385498,45.288093
9200,d,0.002385,0.004800,0.019200,6.750977,26.385393
9201,pd,0.002977,0.004500,0.020000,25.433350,27.477001
9202,dp,0.002464,0.004800,0.020000,35.014648,27.264344
9203,p,0.003780,0.015400,0.022000,53.699463,41.179849
9204,p,0.003780,0.005750,0.018500,75.324463,28.029849
9210,p,0.003780,0.007850,0.021500,28.773438,33.129849
9211,dp,0.002464,0.004250,0.018500,38.116455,25.214344
9212,sdp,0.018492,0.005550,0.022000,44.947754,46.041971
9213,dsdp,0.002604,0.009450,0.021500,51.926758,33.553992
9214,pds,0.003022,0.004750,0.018500,69.957275,26.271933
9220,s,0.023128,0.005300,0.019200,23.401367,47.628351
9221,ps,0.002840,0.004650,0.018500,42.821777,25.989786
9222,dps,0.002445,0.004950,0.020000,52.140625,27.394936
9223,d,0.002385,0.011250,0.019200,59.201904,32.835393
9224,pd,0.002977,0.004400,0.022000,77.469238,29.377001
9215,s,0.023128,0.005350,0.019200,6.412842,47.678351
9216,ss,0.018821,0.006400,0.020000,13.415283,45.220769
9217,pss,0.002833,0.005650,0.018500,32.404785,26.982709
9218,dpss,0.002761,0.006050,0.022000,42.201660,30.810817
9225,d,0.002385,0.006050,0.021500,7.124756,29.935393
9226,sd,0.018668,0.004800,0.018500,14.826904,41.967773
9227,dsd,0.002613,0.004200,0.021500,22.933594,28.312551
9228,ddsd,0.002653,0.005350,0.018500,30.958984,26.503469
9229,sdds,0.018154,0.005650,0.020000,38.602051,43.803743
9230,s,0.023128,0.004850,0.020000,6.414307,47.978351
9231,ds,0.002343,0.004450,0.021500,13.558838,28.292513
9232,dds,0.002685,0.006050,0.021500,20.715088,30.235273
9233,sdds,0.018154,0.004200,0.019200,27.663330,41.553743
9234,psds,0.002945,0.005550,0.019200,45.834473,27.695423
9235,d,0.002385,0.005250,0.019200,6.838379,26.835393
9236,p,0.003780,0.011050,0.018500,25.723633,33.329849
9237,d,0.002385,0.005750,0.022000,35.431152,30.135393
9238,dd,0.002426,0.005550,0.019200,42.565430,27.175915
9239,ddd,0.002493,0.004450,0.019200,49.582275,26.143417
9245,p,0.003780,0.014000,0.020000,35.968750,37.779849
9246,sp,0.018754,0.005550,0.022000,45.228516,46.303690
9247,dsp,0.002685,0.005650,0.022000,52.736084,30.334513
9248,pdsp,0.002995,0.004550,0.020000,71.925293,27.544609
9249,dpds,0.002826,0.005150,0.021500,81.787598,29.475574
9240,d,0.002385,0.005000,0.021500,16.624023,28.885393
9241,pd,0.002977,0.004350,0.022000,35.121094,29.327001
9242,pp,0.002838,0.003850,0.022000,56.267822,28.688325
9243,dp,0.002464,0.005100,0.018500,65.835938,26.064344
9244,ddp,0.002502,0.004500,0.018500,73.395996,25.501712
9260,p,0.003780,0.015450,0.018500,35.874023,37.729849
9261,d,0.002385,0.004250,0.018500,45.187744,25.135393
9262,pd,0.002977,0.007100,0.019200,63.371582,29.277001
9263,sp,0.018754,0.004400,0.018500,72.509033,41.653690
9264,dsp,0.002685,0.004450,0.018500,79.733154,25.634513
9250,p,0.003780,0.004750,0.020000,35.441895,28.529849
9251,dp,0.002464,0.007900,0.020000,44.799805,30.364344
9252,sdp,0.018492,0.006050,0.021500,51.706787,46.041971
9253,p,0.003780,0.010950,0.018500,69.636475,33.229849
9254,ps,0.002840,0.004450,0.019200,90.320068,26.489786
9255,d,0.002385,0.004500,0.020000,24.085205,26.885393
9256,sd,0.018668,0.006700,0.020000,31.803467,45.367773
9257,s,0.023128,0.014450,0.019200,38.576660,56.778351
9258,ps,0.002840,0.004150,0.021500,56.822021,28.489786
9259,pp,0.002838,0.009550,0.020000,77.793945,32.388325
9265,s,0.023128,0.008600,0.019200,22.943604,50.928351
9266,ss,0.018821,0.004650,0.018500,30.738525,41.970769
9267,sss,0.019288,0.004150,0.018500,37.500732,41.938093
9268,ssss,0.018888,0.004100,0.022000,44.602295,44.988175
9270,p,0.003780,0.004900,0.019200,21.419189,27.879849
9271,sp,0.018754,0.004850,0.019200,30.633545,42.803690
9272,psp,0.002926,0.004550,0.018500,49.002930,25.975658
9273,d,0.002385,0.020600,0.022000,59.021240,44.985393
9274,dps,0.002445,0.004650,0.020000,66.807373,27.094936
9275,d,0.002385,0.004600,0.021500,6.994873,28.485393
9276,pd,0.002977,0.004650,0.019200,25.762695,26.827001
9277,dpd,0.002513,0.008600,0.019200,35.366699,30.312673
9278,ddp,0.002502,0.004600,0.020000,42.432129,27.101712
9279,dddp,0.002699,0.004350,0.020000,49.460205,27.049161
9280,d,0.002385,0.007900,0.020000,7.240479,30.285393
9281,sd,0.018668,0.004700,0.021500,15.218750,44.867773
9282,ssd,0.018735,0.005450,0.021500,23.061279,45.684503
9283,dssd,0.002931,0.005300,0.019200,31.011719,27.431476
9284,ddss,0.002785,0.004750,0.018500,38.735352,26.035416
9285,p,0.003780,0.004500,0.019200,33.577148,27.479849
9286,dp,0.002464,0.005750,0.019200,42.875000,27.414344
9287,sdp,0.018492,0.005150,0.019200,49.717529,42.841971
9288,psd,0.003139,0.007400,0.019200,68.251465,29.738792
9289,sps,0.018360,0.005200,0.018500,77.537842,42.060251
9295,s,0.023128,0.007850,0.021500,23.424805,52.478351
9296,ds,0.002343,0.004400,0.018500,31.302979,25.242513
9297,dds,0.002685,0.005550,0.019200,38.605469,27.435273
9298,ddds,0.002761,0.010000,0.020000,45.744629,32.760792
9299,pdds,0.002946,0.004750,0.022000,64.187744,29.695651
9290,p,0.003780,0.004400,0.019200,34.914062,27.379849
9291,sp,0.018754,0.004300,0.018500,43.903809,41.553690
9292,dsp,0.002685,0.004500,0.020000,50.925049,27.184513
9293,sdsp,0.018148,0.005150,0.021500,57.712402,44.798415
9294,psds,0.002945,0.004350,0.019200,75.809082,26.495423
9300,d,0.002385,0.006300,0.021500,13.376953,30.185393
9301,pd,0.002977,0.004250,0.021500,33.110840,28.727001
9302,spd,0.018317,0.004200,0.019200,42.504150,41.717325
9303,ssp,0.018787,0.009050,0.020000,49.447021,47.837195
9304,pss,0.002833,0.004450,0.021500,68.397217,28.782709
9310,s,0.023128,0.005400,0.018500,23.161377,47.028351
9311,ds,0.002343,0.003900,0.019200,31.430176,25.442513
9312,pds,0.003022,0.004700,0.021500,49.903076,29.221933
9313,pp,0.002838,0.004150,0.019200,70.826416,26.188325
9314,dp,0.002464,0.004400,0.022000,80.060303,28.864344
9305,d,0.002385,0.004800,0.018500,6.828857,25.685393
9306,sd,0.018668,0.005900,0.020000,13.877197,44.567773
9307,dsd,0.002613,0.004850,0.018500,21.074951,25.962551
9308,ddsd,0.002653,0.006300,0.021500,28.625000,30.453469
9309,pds,0.003022,0.005450,0.018500,47.650146,26.971933
9315,d,0.002385,0.006600,0.019200,7.038330,28.185393
9316,pd,0.002977,0.004650,0.018500,25.467773,26.127001
9317,sp,0.018754,0.013950,0.020000,35.366699,52.703690
9318,ssp,0.018787,0.005300,0.021500,42.566650,45.587195
9319,pss,0.002833,0.005650,0.018500,61.073242,26.982709
9320,p,0.003780,0.005850,0.021500,21.494385,31.129849
9321,pp,0.002838,0.004550,0.019200,42.320068,26.588325
9322,dpp,0.002514,0.005300,0.018500,51.756348,26.314416
9323,pd,0.002977,0.004500,0.021500,70.674805,28.977001
9324,pp,0.002838,0.004150,0.021500,91.227051,28.488325
9325,s,0.023128,0.005100,0.021500,7.973145,49.728351
9326,ps,0.002840,0.006000,0.019200,29.421875,28.039786
9327,sps,0.018360,0.005100,0.021500,40.012939,44.960251
9328,ssps,0.018466,0.004800,0.021500,47.593750,44.766056
9330,p,0.003780,0.003850,0.019200,18.125732,26.829849
9331,sp,0.018754,0.009550,0.018500,27.522461,46.803690
9332,ps,0.002840,0.008450,0.020000,46.020996,31.289786
9333,dps,0.002445,0.005000,0.019200,55.834229,26.644936
9334,pdp,0.002932,0.005300,0.019200,74.989746,27.431683
9335,d,0.002385,0.005000,0.019200,30.801025,26.585393
9336,s,0.023128,0.010050,0.018500,41.804688,51.678351
9337,dd,0.002426,0.005350,0.019200,49.127197,26.975915
9338,ddd,0.002493,0.005400,0.019200,56.265625,27.093417
9339,pdd,0.003045,0.005600,0.018500,74.674072,27.144804
9340,p,0.003780,0.005600,0.022000,18.180420,31.379849
9341,dp,0.002464,0.009200,0.020000,28.779297,31.664344
9342,d,0.002385,0.007000,0.022000,36.046387,31.385393
9343,sdp,0.018492,0.004700,0.018500,43.010498,41.691971
9344,ssd,0.018735,0.005600,0.020000,49.933838,44.334503
9350,s,0.023128,0.075200,0.019200,6.485352,117.528351
9351,d,0.002385,0.004300,0.021500,13.834961,28.185393
9352,p,0.003780,0.012550,0.019200,32.031006,35.529849
9353,p,0.003780,0.004400,0.021500,52.216553,29.679849
9354,pp,0.002838,0.004450,0.021500,72.738525,28.788325
9345,d,0.002385,0.004800,0.018500,7.027832,25.685393
9346,sd,0.018668,0.005450,0.022000,14.109375,46.117773
9347,ssd,0.018735,0.004400,0.019200,21.011230,42.334503
9348,sssd,0.017999,0.004750,0.018500,27.877441,41.248568
9349,dsss,0.003039,0.004750,0.020000,35.003906,27.788978
9355,s,0.023128,0.005900,0.020000,6.511963,49.028351
9356,ss,0.018821,0.004700,0.022000,13.566406,45.520769
9357,dss,0.002842,0.004150,0.020000,20.887939,26.991615
9358,sdss,0.018223,0.004550,0.022000,27.898926,44.772624
9360,d,0.002385,0.011800,0.022000,10.026855,36.185393
9361,dd,0.002426,0.005000,0.020000,19.844727,27.425915
9362,d,0.002385,0.008800,0.021500,27.459229,32.685393
9363,dd,0.002426,0.095550,0.020000,35.062012,117.975915
9364,p,0.003780,0.004750,0.019200,54.168213,27.729849
9370,p,0.003780,0.005000,0.019200,18.446289,27.979849
9371,sp,0.018754,0.006050,0.021500,27.837158,46.303690
9372,dsp,0.002685,0.012050,0.020000,34.861816,34.734513
9373,pds,0.003022,0.008600,0.019200,53.081787,30.821933
9374,pps,0.002854,0.008000,0.019200,73.709961,30.054053
9365,s,0.023128,0.003700,0.021500,6.355713,48.328351
9366,ps,0.002840,0.005250,0.021500,25.103760,29.589786
9367,sps,0.018360,0.004350,0.019200,34.391113,41.910251
9368,ssps,0.018466,0.005200,0.018500,41.400146,42.166056
9369,d,0.002385,0.025050,0.018500,48.694824,45.935393
9375,d,0.002385,0.004000,0.019200,7.202148,25.585393
9376,d,0.002385,0.017350,0.020000,15.000000,39.735393
9377,sd,0.018668,0.004800,0.021500,22.472168,44.967773
9378,dsd,0.002613,0.011800,0.022000,29.882568,36.412551
9379,sds,0.018566,0.006950,0.022000,37.120850,47.516086
9380,p,0.003780,0.003400,0.021500,35.330566,28.679849
9381,pp,0.002838,0.005300,0.022000,55.582031,30.138325
9382,dp,0.002464,0.004450,0.020000,65.083496,26.914344
9383,sdp,0.018492,0.007300,0.021500,72.072021,47.291971
9384,psd,0.003139,0.003650,0.021500,90.447998,28.288792
9385,d,0.002385,0.004750,0.018500,6.672607,25.635393
9386,dd,0.002426,0.004400,0.022000,13.767578,28.825915
9387,pdd,0.003045,0.010550,0.020000,31.950439,33.594804
9388,dpd,0.002513,0.006550,0.019200,41.979980,28.262673
9389,ddp,0.002502,0.005700,0.020000,50.613281,28.201712
9395,p,0.003780,0.005000,0.021500,17.852051,30.279849
9396,sp,0.018754,0.010000,0.018500,27.095947,47.253690
9397,psp,0.002926,0.015550,0.021500,45.818848,39.975658
9398,pps,0.002854,0.004800,0.018500,66.431885,26.154053
9399,spp,0.018537,0.008500,0.022000,75.745605,49.037181
9390,p,0.003780,0.004900,0.022000,18.931641,30.679849
9391,dp,0.002464,0.005050,0.018500,29.084473,26.014344
9392,pdp,0.002932,0.004400,0.021500,48.055420,28.831683
9393,d,0.002385,0.017650,0.020000,57.976807,40.035393
9394,sp,0.018754,0.005750,0.019200,65.149414,43.703690
9400,p,0.003780,0.005450,0.018500,18.411621,27.729849
9401,s,0.023128,0.012100,0.022000,27.882080,57.228351
9402,p,0.003780,0.003950,0.018500,46.251709,26.229849
9403,sp,0.018754,0.006950,0.021500,55.358398,47.203690
9404,ps,0.002840,0.005700,0.021500,73.419678,30.039786
9410,p,0.003780,0.004550,0.018500,34.099365,26.829849
9411,pp,0.002838,0.005500,0.018500,55.440674,26.838325
9412,pp,0.002838,0.005350,0.018500,77.546143,26.688325
9413,sp,0.018754,0.004600,0.021500,87.947998,44.853690
9414,dsp,0.002685,0.004400,0.022000,96.189697,29.084513
9405,p,0.003780,0.004900,0.018500,35.573730,27.179849
9406,dp,0.002464,0.005750,0.019200,45.369385,27.414344
9407,pd,0.002977,0.012150,0.018500,64.257812,33.627001
9408,sp,0.018754,0.004400,0.021500,73.501953,44.653690
9409,psp,0.002926,0.008600,0.022000,92.077881,33.525658
9415,s,0.023128,0.004900,0.019200,12.354736,47.228351
9416,ps,0.002840,0.008600,0.019200,31.514160,30.639786
9417,sps,0.018360,0.005450,0.021500,40.670166,45.310251
9418,dsps,0.002950,0.004250,0.022000,47.855225,29.200393
9419,p,0.003780,0.017400,0.018500,65.952637,39.679849
9420,s,0.023128,0.004900,0.022000,23.257812,50.028351
9421,ss,0.018821,0.004950,0.020000,31.095215,43.770769
9422,sss,0.019288,0.005150,0.019200,38.021973,43.638093
9423,psss,0.002892,0.006650,0.018500,56.309326,28.042287
9425,d,0.002385,0.007000,0.022000,23.549072,31.385393
9426,dd,0.002426,0.005400,0.021500,31.502930,29.325915
9427,ddd,0.002493,0.004650,0.021500,38.768799,28.643417
9428,dddd,0.002612,0.005500,0.021500,46.125977,29.611713
9430,d,0.002385,0.004600,0.018500,6.871582,25.485393
9431,dd,0.002426,0.005550,0.022000,14.132568,29.975915
9432,pd,0.002977,0.005550,0.021500,32.721191,30.027001
9433,spd,0.018317,0.004500,0.019200,41.912354,42.017325
9434,dsp,0.002685,0.004400,0.022000,49.069092,29.084513
9435,p,0.003780,0.008500,0.022000,17.709473,34.279849
9436,sp,0.018754,0.044000,0.021500,26.865967,84.253690
9437,s,0.023128,0.011750,0.021500,33.583740,56.378351
9438,ps,0.002840,0.004150,0.021500,53.215820,28.489786
9439,pps,0.002854,0.010900,0.019200,74.173340,32.954053
9440,d,0.002385,0.005300,0.020000,23.846924,27.685393
9441,sd,0.018668,0.004150,0.019200,31.504150,42.017773
9442,s,0.023128,0.015950,0.020000,38.319336,59.078351
9443,dsd,0.002613,0.005000,0.021500,45.329346,29.112551
9444,dds,0.002685,0.007450,0.022000,52.355713,32.135273
9445,d,0.002385,0.004900,0.019200,11.454590,26.485393
9446,dd,0.002426,0.004700,0.021500,18.929443,28.625915
9447,ddd,0.002493,0.004450,0.020000,26.086426,26.943417
9448,sddd,0.017932,0.005600,0.019200,32.949219,42.731734
9449,dsdd,0.002830,0.003800,0.022000,40.369629,28.629964
9450,s,0.023128,0.004500,0.018500,18.909424,46.128351
9451,ps,0.002840,0.004550,0.022000,39.094727,29.389786
9452,dps,0.002445,0.004750,0.020000,49.126465,27.194936
9453,pdp,0.002932,0.007400,0.021500,68.034668,31.831683
9454,dp,0.002464,0.004050,0.020000,77.550781,26.514344
9455,d,0.002385,0.011600,0.018500,23.298096,32.485393
9456,p,0.003780,0.004050,0.018500,42.455322,26.329849
9457,dp,0.002464,0.005800,0.021500,51.962402,29.764344
9458,ddp,0.002502,0.005700,0.022000,59.221436,30.201712
9459,sddp,0.017807,0.004450,0.021500,66.151123,43.756817
9460,d,0.002385,0.004650,0.018500,8.602783,25.535393
9461,s,0.023128,0.009100,0.021500,19.031006,53.728351
9462,sd,0.018668,0.017750,0.021500,26.185059,57.917773
9463,ssd,0.018735,0.003500,0.019200,33.492188,41.434503
9464,dss,0.002842,0.005100,0.022000,40.783936,29.941615
9465,p,0.003780,0.006050,0.022000,17.905273,31.829849
9466,sp,0.018754,0.003650,0.019200,27.259521,41.603690
9467,dsp,0.002685,0.016150,0.021500,34.428223,40.334513
9468,ddsp,0.002864,0.010350,0.022000,41.729248,35.213565
9470,s,0.023128,0.006000,0.021500,21.850342,50.628351
9471,ps,0.002840,0.005050,0.022000,40.698242,29.889786
9472,sps,0.018360,0.008550,0.019200,49.855469,46.110251
9473,ssps,0.018466,0.004400,0.019200,56.671631,42.066056
9474,pss,0.002833,0.003900,0.019200,74.784424,25.932709
9475,p,0.003780,0.005400,0.018500,35.389160,27.679849
9476,sp,0.018754,0.004650,0.018500,45.636719,41.903690
9477,ps,0.002840,0.005200,0.019200,69.779297,27.239786
9478,sps,0.018360,0.004950,0.022000,79.235596,45.310251
9479,ps,0.002840,0.005300,0.021500,97.893799,29.639786
9480,p,0.003780,0.004450,0.019200,31.477295,27.429849
9481,sp,0.018754,0.004700,0.019200,42.005615,42.653690
9482,ssp,0.018787,0.006700,0.019200,49.913574,44.687195
9483,dssp,0.002732,0.012000,0.019200,57.796875,33.931810
9484,sdss,0.018223,0.004150,0.019200,64.990479,41.572624
9485,d,0.002385,0.008150,0.018500,26.396240,29.035393
9486,dd,0.002426,0.005800,0.019200,34.818115,27.425915
9487,sdd,0.018511,0.004150,0.022000,41.631104,44.660933
9488,d,0.002385,0.007650,0.021500,48.605957,31.535393
9489,ssdd,0.018091,0.004200,0.022000,55.381104,44.291216
9490,s,0.023128,0.004250,0.018500,23.352539,45.878351
9491,ss,0.018821,0.007050,0.018500,31.025879,44.370769
9492,dss,0.002842,0.012450,0.022000,38.462891,37.291615
9493,ddss,0.002785,0.006250,0.020000,45.571533,29.035416
9495,d,0.002385,0.005500,0.019200,7.048584,27.085393
9496,pd,0.002977,0.005550,0.022000,28.635742,30.527001
9497,pp,0.002838,0.005650,0.018500,48.791748,26.988325
9498,pp,0.002838,0.004650,0.021500,68.862549,28.988325
9499,pp,0.002838,0.005100,0.018500,88.913574,26.438325
9500,s,0.023128,0.004500,0.020000,10.040039,47.628351
9501,d,0.002385,0.010600,0.018500,17.341797,31.485393
9502,ps,0.002840,0.007550,0.021500,35.898682,31.889786
9503,pps,0.002854,0.004500,0.020000,56.636719,27.354053
9504,dpp,0.002514,0.004950,0.021500,66.073730,28.964416
9510,s,0.023128,0.011100,0.022000,6.339844,56.228351
9511,ps,0.002840,0.004750,0.022000,24.476807,29.589786
9512,pps,0.002854,0.004950,0.022000,45.037842,29.804053
9513,dps,0.002445,0.004100,0.021500,54.938477,28.044936
9514,p,0.003780,0.014050,0.019200,73.215088,37.029849
9505,s,0.023128,0.004250,0.020000,21.515869,47.378351
9506,ds,0.002343,0.004950,0.022000,29.718262,29.292513
9507,s,0.023128,0.012900,0.018500,36.488281,54.528351
9508,pds,0.003022,0.005000,0.018500,55.015625,26.521933
9509,dps,0.002445,0.004350,0.020000,64.322998,26.794936
9515,s,0.023128,0.006000,0.020000,6.660400,49.128351
9516,ps,0.002840,0.006550,0.021500,25.126709,30.889786
9517,pps,0.002854,0.003400,0.019200,46.018555,25.454053
9518,dp,0.002464,0.003950,0.020000,56.476074,26.414344
9519,pd,0.002977,0.005100,0.021500,77.474609,29.577001
9520,s,0.023128,0.005350,0.018500,6.459961,46.978351
9521,ss,0.018821,0.004850,0.022000,13.207031,45.670769
9522,sss,0.019288,0.003950,0.020000,20.085693,43.238093
9523,ssss,0.018888,0.006300,0.022000,26.867432,47.188175
9525,p,0.003780,0.016750,0.020000,34.071533,40.529849
9526,dp,0.002464,0.004700,0.022000,43.372314,29.164344
9527,ddp,0.002502,0.004450,0.021500,50.424805,28.451712
9528,dddp,0.002699,0.006400,0.019200,57.473877,28.299161
9530,s,0.023128,0.006000,0.021500,17.121338,50.628351
9531,ps,0.002840,0.005350,0.021500,35.688232,29.689786
9532,sps,0.018360,0.004450,0.022000,44.984131,44.810251
9533,s,0.023128,0.011900,0.021500,51.946777,56.528351
9534,dsps,0.002950,0.004400,0.020000,59.175537,27.350393
9535,d,0.002385,0.007850,0.018500,6.829834,28.735393
9536,dd,0.002426,0.005300,0.022000,14.099365,29.725915
9537,pdd,0.003045,0.004750,0.021500,32.686035,29.294804
9538,dpd,0.002513,0.005900,0.018500,42.064453,26.912673
9539,pdp,0.002932,0.009200,0.019200,60.666260,31.331683
9540,s,0.023128,0.006350,0.018500,6.636963,47.978351
9541,ps,0.002840,0.005550,0.021500,24.882324,29.889786
9542,sps,0.018360,0.005250,0.021500,33.983643,45.110251
9543,psps,0.002923,0.005100,0.021500,51.983154,29.522585
9544,pps,0.002854,0.014300,0.018500,72.322998,35.654053
9555,p,0.003780,0.008250,0.021500,17.959961,33.529849
9556,dp,0.002464,0.005150,0.021500,27.607178,29.114344
9557,ddp,0.002502,0.005750,0.022000,34.819580,30.251712
9558,sddp,0.017807,0.005100,0.020000,41.627686,42.906817
9545,d,0.002385,0.004650,0.018500,6.556885,25.535393
9546,dd,0.002426,0.003950,0.019200,13.730957,25.575915
9547,sdd,0.018511,0.005000,0.022000,20.919434,45.510933
9548,ssdd,0.018091,0.008950,0.019200,27.975830,46.241216
9549,sssd,0.017999,0.004900,0.018500,35.023438,41.398568
9550,p,0.003780,0.004450,0.019200,17.598877,27.429849
9551,pp,0.002838,0.005450,0.022000,38.506104,30.288325
9552,sp,0.018754,0.004250,0.020000,47.751465,43.003690
9553,dsp,0.002685,0.005300,0.019200,54.961670,27.184513
9554,ddsp,0.002864,0.006700,0.018500,62.177979,28.063565
9560,s,0.023128,0.006450,0.021500,8.409668,51.078351
9561,ds,0.002343,0.004750,0.022000,15.403076,29.092513
9562,sds,0.018566,0.006400,0.020000,22.137939,44.966086
9563,psds,0.002945,0.005050,0.019200,41.122803,27.195423
9564,p,0.003780,0.011750,0.019200,63.869141,34.729849
9565,d,0.002385,0.005200,0.020000,23.969971,27.585393
9566,dd,0.002426,0.004950,0.021500,31.819336,28.875915
9567,ddd,0.002493,0.004750,0.018500,39.116943,25.743417
9568,dddd,0.002612,0.004550,0.020000,46.196777,27.161713
9569,pdd,0.003045,0.004900,0.021500,64.367676,29.444804
9570,s,0.023128,0.044000,0.018500,22.149902,85.628351
9571,ds,0.002343,0.005000,0.018500,29.954102,25.842513
9572,sds,0.018566,0.006700,0.022000,36.922607,47.266086
9573,psds,0.002945,0.004850,0.022000,55.051025,29.795423
9574,dpss,0.002761,0.004900,0.018500,64.454102,26.160817
9575,d,0.002385,0.004650,0.019200,23.452881,26.235393
9576,dd,0.002426,0.005100,0.020000,31.760498,27.525915
9577,ddd,0.002493,0.006050,0.018500,38.936035,27.043417
9578,pdd,0.003045,0.005200,0.020000,57.506104,28.244804
9579,dp,0.002464,0.005750,0.021500,67.011963,29.714344
9580,d,0.002385,0.004050,0.022000,23.597900,28.435393
9581,sd,0.018668,0.005200,0.019200,31.259766,43.067773
9582,psd,0.003139,0.004450,0.018500,49.764404,26.088792
9583,dps,0.002445,0.006000,0.020000,60.097900,28.444936
9584,ddps,0.002746,0.006950,0.020000,68.474121,29.695776
9585,p,0.003780,0.006050,0.018500,26.250732,28.329849
9586,pp,0.002838,0.004050,0.022000,46.597900,28.888325
9587,sp,0.018754,0.017350,0.018500,55.911865,54.603690
9588,psp,0.002926,0.004900,0.022000,74.469238,29.825658
9589,dps,0.002445,0.008500,0.018500,84.119873,29.444936
9590,d,0.002385,0.004550,0.020000,22.522949,26.935393
9591,sd,0.018668,0.008950,0.020000,29.935303,47.617773
9592,ssd,0.018735,0.004400,0.019200,36.663818,42.334503
9593,pss,0.002833,0.006050,0.018500,54.860352,27.382709
9594,ppss,0.002998,0.007000,0.019200,75.431396,29.197567
9595,p,0.003780,0.006400,0.018500,17.828613,28.679849
9596,pp,0.002838,0.005300,0.018500,39.262695,26.638325
9597,dp,0.002464,0.013950,0.022000,49.133789,38.414344
9598,sdp,0.018492,0.005000,0.022000,56.414795,45.491971
9599,psd,0.003139,0.011800,0.018500,74.964355,33.438792
9600,d,0.002385,0.004550,0.020000,9.704102,26.935393
9601,sd,0.018668,0.006250,0.018500,17.624512,43.417773
9602,psd,0.003139,0.005600,0.019200,35.891357,27.938792
9603,pps,0.002854,0.005100,0.022000,56.412842,29.954053
9604,dp,0.002464,0.005700,0.022000,66.233398,30.164344
9610,s,0.023128,0.004450,0.021500,6.535156,49.078351
9611,ss,0.018821,0.004600,0.021500,13.398438,44.920769
9612,pss,0.002833,0.005750,0.018500,31.969971,27.082709
9613,ppss,0.002998,0.005750,0.022000,52.540527,30.747567
9614,sp,0.018754,0.006700,0.019200,61.837646,44.653690
9605,p,0.003780,0.004500,0.020000,17.768311,28.279849
9606,pp,0.002838,0.007850,0.020000,38.156982,30.688325
9607,dp,0.002464,0.008450,0.020000,47.978760,30.914344
9608,ddp,0.002502,0.005300,0.019200,55.354492,27.001712
9609,dddp,0.002699,0.004550,0.018500,62.619385,25.749161
9615,s,0.023128,0.004550,0.018500,6.704834,46.178351
9616,ss,0.018821,0.006250,0.018500,14.288818,43.570769
9617,sss,0.019288,0.008500,0.018500,21.755615,46.288093
9618,ssss,0.018888,0.005350,0.019200,29.301025,43.438175
9620,p,0.003780,0.005000,0.019200,19.320557,27.979849
9621,dp,0.002464,0.004500,0.018500,28.688721,25.464344
9622,pdp,0.002932,0.008150,0.018500,46.711914,29.581683
9623,pp,0.002838,0.004800,0.022000,66.869385,29.638325
9624,pp,0.002838,0.005000,0.018500,86.925293,26.338325
9625,d,0.002385,0.004400,0.019200,14.930664,25.985393
9626,pd,0.002977,0.006000,0.018500,33.489258,27.477001
9627,dp,0.002464,0.004800,0.022000,42.843262,29.264344
9628,sdp,0.018492,0.014000,0.020000,49.759033,52.491971
9629,dsdp,0.002604,0.004400,0.019200,56.909180,26.203992
9630,d,0.002385,0.005200,0.018500,23.393066,26.085393
9631,pd,0.002977,0.004500,0.021500,43.159424,28.977001
9632,pp,0.002838,0.005000,0.019200,66.038574,27.038325
9633,dp,0.002464,0.013000,0.022000,76.674316,37.464344
9634,sdp,0.018492,0.011100,0.021500,83.951172,51.091971
9635,s,0.023128,0.005950,0.022000,6.304443,51.078351
9636,ps,0.002840,0.004950,0.019200,24.696777,26.989786
9637,pps,0.002854,0.004650,0.018500,45.310303,26.004053
9638,dps,0.002445,0.008600,0.018500,54.856445,29.544936
9639,ddp,0.002502,0.004650,0.019200,62.063965,26.351712
9640,p,0.003780,0.005600,0.021500,20.295410,30.879849
9641,pp,0.002838,0.004500,0.020000,40.763672,27.338325
9642,pp,0.002838,0.004650,0.020000,61.452148,27.488325
9643,sp,0.018754,0.005150,0.022000,71.345703,45.903690
9644,ssp,0.018787,0.003400,0.019200,78.524658,41.387195
9645,d,0.002385,0.009100,0.020000,7.045654,31.485393
9646,sd,0.018668,0.004300,0.018500,16.117920,41.467773
9647,ssd,0.018735,0.005700,0.020000,22.864502,44.434503
9648,dssd,0.002931,0.004350,0.021500,29.844971,28.781476
9649,pdss,0.002957,0.005150,0.019200,48.216064,27.306682
9650,p,0.003780,0.005200,0.019200,18.588135,28.179849
9651,pp,0.002838,0.005650,0.020000,39.081299,28.488325
9652,dp,0.002464,0.005550,0.019200,48.598145,27.214344
9653,sdp,0.018492,0.003500,0.021500,55.400146,43.491971
9654,psd,0.003139,0.004450,0.022000,73.809326,29.588792
9660,d,0.002385,0.004450,0.018500,6.889648,25.335393
9661,pd,0.002977,0.004550,0.019200,26.335449,26.727001
9662,dp,0.002464,0.011000,0.018500,36.202148,31.964344
9663,sdp,0.018492,0.004850,0.018500,43.370605,41.841971
9664,ssdp,0.018187,0.004300,0.020000,50.289307,42.487445
9655,s,0.023128,0.006050,0.020000,6.342529,49.178351
9656,ps,0.002840,0.010550,0.018500,24.920898,31.889786
9657,sps,0.018360,0.004550,0.018500,34.207275,41.410251
9658,psps,0.002923,0.006350,0.021500,52.458008,30.772585
9659,sps,0.018360,0.004500,0.021500,61.589844,44.360251
9665,p,0.003780,0.014800,0.021500,19.709717,40.079849
9666,d,0.002385,0.004350,0.020000,29.699219,26.735393
9667,pd,0.002977,0.014300,0.019200,48.283691,36.477001
9668,dp,0.002464,0.013950,0.021500,57.759277,37.914344
9669,ddp,0.002502,0.005350,0.021500,64.800781,29.351712
9670,d,0.002385,0.005000,0.019200,6.809814,26.585393
9671,pd,0.002977,0.004100,0.022000,25.323975,29.077001
9672,pp,0.002838,0.007900,0.021500,45.686768,32.238325
9673,dp,0.002464,0.003950,0.019200,54.949707,25.614344
9674,pdp,0.002932,0.004600,0.019200,72.906738,26.731683
9675,s,0.023128,0.003400,0.021500,6.321045,48.028351
9676,ss,0.018821,0.005150,0.020000,13.206299,43.970769
9677,pss,0.002833,0.005200,0.020000,31.469238,28.032709
9678,ppss,0.002998,0.007300,0.018500,52.493408,28.797567
9679,sp,0.018754,0.004650,0.019200,61.871582,42.603690
9680,p,0.003780,0.004850,0.018500,17.839844,27.129849
9681,dp,0.002464,0.008450,0.021500,27.455566,32.414344
9682,sdp,0.018492,0.004400,0.018500,34.623779,41.391971
9683,ssdp,0.018187,0.010550,0.020000,41.497070,48.737445
9684,pssd,0.002940,0.005350,0.020000,59.531982,28.289578
9685,s,0.023128,0.004650,0.019200,23.623291,46.978351
9686,ps,0.002840,0.005650,0.018500,42.776123,26.989786
9687,pps,0.002854,0.004450,0.022000,63.597168,29.304053
9688,sp,0.018754,0.008600,0.020000,72.841309,47.353690
9689,dsp,0.002685,0.006550,0.020000,80.123779,29.234513
9690,d,0.002385,0.005700,0.022000,25.429688,30.085393
9691,sd,0.018668,0.006000,0.021500,38.233398,46.167773
9692,dsd,0.002613,0.008600,0.020000,45.313477,31.212551
9693,ddsd,0.002653,0.005050,0.020000,52.854980,27.703469
9694,pdds,0.002946,0.005850,0.021500,71.033691,30.295651
9695,p,0.003780,0.007150,0.020000,24.682129,30.929849
9696,s,0.023128,0.004450,0.019200,34.002686,46.778351
9697,ds,0.002343,0.006000,0.022000,41.335205,30.342513
9698,sds,0.018566,0.004700,0.019200,48.393555,42.466086
9699,psds,0.002945,0.004350,0.021500,67.316650,28.795423
9700,s,0.023128,0.005700,0.019200,15.669678,48.028351
9701,p,0.003780,0.013950,0.020000,34.290039,37.729849
9702,pp,0.002838,0.015600,0.018500,54.911865,36.938325
9703,p,0.003780,0.005750,0.020000,75.152588,29.529849
9704,dp,0.002464,0.003400,0.018500,84.662354,24.364344
9705,d,0.002385,0.006400,0.021500,10.212646,30.285393
9706,sd,0.018668,0.004250,0.020000,17.213135,42.917773
9707,psd,0.003139,0.005050,0.018500,35.608887,26.688792
9708,pps,0.002854,0.005000,0.019200,56.683105,27.054053
9709,dp,0.002464,0.017750,0.021500,66.484131,41.714344
9710,d,0.002385,0.005050,0.020000,17.403076,27.435393
9711,sd,0.018668,0.004600,0.021500,25.086182,44.767773
9712,ssd,0.018735,0.004750,0.021500,32.856201,44.984503
9713,pss,0.002833,0.005000,0.021500,52.998291,29.332709
9714,spss,0.018655,0.006050,0.020000,62.758789,44.705113
9715,d,0.002385,0.004550,0.021500,24.008545,28.435393
9716,sd,0.018668,0.003950,0.018500,31.557861,41.117773
9717,psd,0.003139,0.004000,0.022000,49.817627,29.138792
9718,pps,0.002854,0.004750,0.019200,70.343750,26.804053
9719,dp,0.002464,0.006550,0.022000,79.735107,31.014344
9720,s,0.023128,0.007650,0.022000,16.073975,52.778351
9721,ds,0.002343,0.007850,0.018500,23.814941,28.692513
9722,pds,0.003022,0.006900,0.019200,43.810547,29.121933
9723,sps,0.018360,0.005150,0.021500,55.264160,45.010251
9724,ps,0.002840,0.005850,0.021500,76.439697,30.189786
9725,s,0.023128,0.004500,0.021500,22.367188,49.128351
9726,ss,0.018821,0.005250,0.018500,29.894775,42.570769
9727,pss,0.002833,0.004700,0.020000,48.146484,27.532709
9728,spss,0.018655,0.005100,0.022000,57.702637,45.755113
9730,p,0.003780,0.005150,0.019200,22.652588,28.129849
9731,dp,0.002464,0.004750,0.019200,32.336426,26.414344
9732,ddp,0.002502,0.005350,0.020000,39.798096,27.851712
9733,s,0.023128,0.007000,0.021500,46.734131,51.628351
9734,pd,0.002977,0.005300,0.022000,65.113281,30.277001
9735,p,0.003780,0.005100,0.018500,17.817139,27.379849
9736,sp,0.018754,0.004500,0.018500,27.041992,41.753690
9737,ps,0.002840,0.005050,0.021500,45.352051,29.389786
9738,p,0.003780,0.018300,0.020000,65.741943,42.079849
9739,s,0.023128,0.004750,0.019200,74.959229,47.078351
9740,s,0.023128,0.015450,0.022000,9.664307,60.578351
9741,p,0.003780,0.004500,0.020000,31.240479,28.279849
9742,pp,0.002838,0.004250,0.020000,51.479736,27.088325
9743,sp,0.018754,0.005000,0.022000,60.745850,45.753690
9744,ssp,0.018787,0.004900,0.021500,67.507812,45.187195
9745,p,0.003780,0.016350,0.021500,17.754883,41.629849
9746,p,0.003780,0.005550,0.019200,38.306885,28.529849
9747,sp,0.018754,0.005250,0.018500,47.406250,42.503690
9748,dsp,0.002685,0.004750,0.022000,54.734131,29.434513
9749,sdsp,0.018148,0.004550,0.020000,61.709717,42.698415
9750,s,0.023128,0.009550,0.020000,6.640137,52.678351
9751,ds,0.002343,0.004750,0.020000,14.131836,27.092513
9752,sds,0.018566,0.005100,0.018500,21.239746,42.166086
9753,dsds,0.002713,0.004800,0.018500,28.899170,26.013025
9754,pdss,0.002957,0.005750,0.019200,47.411133,27.906682
9755,d,0.002385,0.005300,0.020000,24.000732,27.685393
9756,sd,0.018668,0.004750,0.019200,31.645752,42.617773
9757,psd,0.003139,0.005100,0.021500,49.772461,29.738792
9758,sps,0.018360,0.005500,0.018500,58.731445,42.360251
9759,psp,0.002926,0.008400,0.022000,76.960938,33.325658
9760,d,0.002385,0.005800,0.018500,6.802490,26.685393
9761,dd,0.002426,0.005150,0.022000,14.108643,29.575915
9762,sdd,0.018511,0.004250,0.020000,21.041016,42.760933
9763,ssdd,0.018091,0.004500,0.022000,27.959961,44.591216
9764,dssd,0.002931,0.003950,0.021500,35.140869,28.381476
9765,d,0.002385,0.007500,0.018500,21.459961,28.385393
9766,dd,0.002426,0.021000,0.018500,29.343750,41.925915
9767,pdd,0.003045,0.008950,0.018500,47.987061,30.494804
9768,dpd,0.002513,0.035000,0.018500,57.744873,56.012673
9769,p,0.003780,0.009100,0.019200,76.254883,32.079849
9770,d,0.002385,0.005300,0.018500,7.010498,26.185393
9771,sd,0.018668,0.004500,0.022000,14.242432,45.167773
9772,dsd,0.002613,0.004400,0.019200,21.630127,26.212551
9773,ddsd,0.002653,0.008950,0.019200,28.974365,30.803469
9774,ddds,0.002761,0.004450,0.022000,36.273682,29.210792
9775,d,0.002385,0.005900,0.022000,10.141846,30.285393
9776,sd,0.018668,0.005900,0.018500,25.681641,43.067773
9777,ps,0.002840,0.007400,0.018500,44.690430,28.739786
9778,dps,0.002445,0.005300,0.022000,54.239990,29.744936
9779,pdp,0.002932,0.005400,0.022000,72.432861,30.331683
9780,p,0.003780,0.004650,0.019200,34.135010,27.629849
9781,sp,0.018754,0.004750,0.020000,43.442139,43.503690
9782,ssp,0.018787,0.006400,0.019200,50.388916,44.387195
9783,pss,0.002833,0.004100,0.018500,68.777832,25.432709
9784,s,0.023128,0.067400,0.018500,78.130127,109.028351
9785,s,0.023128,0.010600,0.019200,22.810547,52.928351
9786,s,0.023128,0.004400,0.018500,30.704834,46.028351
9787,ss,0.018821,0.009750,0.021500,37.616699,50.070769
9788,pss,0.002833,0.004900,0.021500,56.013672,29.232709
9789,dpss,0.002761,0.004750,0.019200,65.749756,26.710817
9790,d,0.002385,0.005400,0.022000,6.746582,29.785393
9791,pd,0.002977,0.004700,0.022000,25.291748,29.677001
9792,dpd,0.002513,0.005050,0.022000,34.894775,29.562673
9793,pd,0.002977,0.007900,0.020000,55.179688,30.877001
9794,pp,0.002838,0.004550,0.018500,75.579102,25.888325
9795,p,0.003780,0.005400,0.021500,18.272949,30.679849
9796,pp,0.002838,0.006900,0.020000,39.338379,29.738325
9797,pp,0.002838,0.004850,0.022000,60.731934,29.688325
9798,pp,0.002838,0.004500,0.021500,81.279541,28.838325
9799,s,0.023128,0.013600,0.019200,90.780518,55.928351
9800,s,0.023128,0.004750,0.021500,8.625488,49.378351
9801,ps,0.002840,0.005550,0.022000,27.270508,30.389786
9802,d,0.002385,0.008100,0.021500,36.850098,31.985393
9803,dps,0.002445,0.004750,0.019200,44.218994,26.394936
9804,pd,0.002977,0.018850,0.018500,63.090088,40.327001
9805,s,0.023128,0.004850,0.020000,6.390137,47.978351
9806,ss,0.018821,0.004250,0.018500,13.424805,41.570769
9807,sss,0.019288,0.004550,0.021500,20.421875,45.338093
9808,psss,0.002892,0.006000,0.019200,39.677734,28.092287
9809,pps,0.002854,0.004600,0.020000,62.527832,27.454053
9810,d,0.002385,0.006350,0.021500,6.649414,30.235393
9811,s,0.023128,0.012950,0.021500,13.681396,57.578351
9812,sd,0.018668,0.005000,0.021500,20.616455,45.167773
9813,ssd,0.018735,0.005300,0.020000,27.561279,44.034503
9814,dssd,0.002931,0.014000,0.018500,34.644287,35.431476
9815,p,0.003780,0.004350,0.020000,20.097168,28.129849
9816,p,0.003780,0.013550,0.018500,41.892578,35.829849
9817,p,0.003780,0.005450,0.020000,62.802979,29.229849
9818,dp,0.002464,0.005250,0.022000,72.474365,29.714344
9819,ddp,0.002502,0.008400,0.021500,79.866943,32.401712
9820,p,0.003780,0.004150,0.019200,34.870361,27.129849
9821,sp,0.018754,0.004550,0.020000,44.046875,43.303690
9822,ps,0.002840,0.004450,0.018500,62.410889,25.789786
9823,sps,0.018360,0.003700,0.021500,71.380371,43.560251
9824,d,0.002385,0.008750,0.020000,78.769531,31.135393
9825,s,0.023128,0.007300,0.019200,6.404785,49.628351
9826,ps,0.002840,0.005150,0.018500,24.445801,26.489786
9827,dps,0.002445,0.005100,0.022000,33.895020,29.544936
9828,sdps,0.018183,0.005200,0.018500,40.887451,41.882897
9830,s,0.023128,0.005400,0.022000,7.340088,50.528351
9831,ss,0.018821,0.004250,0.021500,14.356445,44.570769
9832,pss,0.002833,0.005050,0.020000,32.656982,27.882709
9833,ppss,0.002998,0.005350,0.022000,53.436523,30.347567
9834,dp,0.002464,0.006600,0.019200,63.038330,28.264344
9835,d,0.002385,0.044000,0.019200,13.035400,65.585393
9836,sd,0.018668,0.005050,0.019200,20.782227,42.917773
9837,dsd,0.002613,0.005950,0.018500,28.050293,27.062551
9838,ddsd,0.002653,0.005450,0.018500,35.393311,26.603469
9840,d,0.002385,0.004900,0.018500,7.016357,25.785393
9841,dd,0.002426,0.004400,0.020000,14.643555,26.825915
9842,sdd,0.018511,0.016750,0.021500,21.667969,56.760933
9843,dsdd,0.002830,0.006600,0.022000,28.784668,31.429964
9844,pds,0.003022,0.005100,0.020000,47.265381,28.121933
9845,s,0.023128,0.005100,0.022000,23.199463,50.228351
9846,ps,0.002840,0.004550,0.021500,42.287598,28.889786
9847,dps,0.002445,0.007350,0.019200,51.687988,28.994936
9848,s,0.023128,0.020400,0.020000,58.528564,63.528351
9849,ddps,0.002746,0.006400,0.021500,65.487549,30.645776
9850,s,0.023128,0.004500,0.021500,6.289062,49.128351
9851,ss,0.018821,0.004700,0.018500,13.318848,42.020769
9852,dss,0.002842,0.004600,0.018500,20.550049,25.941615
9853,sdss,0.018223,0.004400,0.021500,27.651367,44.122624
9855,p,0.003780,0.006950,0.018500,26.341064,29.229849
9856,dp,0.002464,0.006050,0.018500,35.865234,27.014344
9857,sdp,0.018492,0.005100,0.020000,42.905029,43.591971
9858,psd,0.003139,0.004350,0.018500,61.772705,25.988792
9859,pps,0.002854,0.029550,0.021500,82.623047,53.904053
9860,d,0.002385,0.007400,0.019200,16.419434,28.985393
9861,s,0.023128,0.059200,0.018500,23.562012,100.828351
9862,sd,0.018668,0.005100,0.020000,30.384766,43.767773
9863,ssd,0.018735,0.003500,0.019200,37.308594,41.434503
9864,pss,0.002833,0.004450,0.018500,55.644043,25.782709
9865,p,0.003780,0.004700,0.022000,35.262939,30.479849
9866,sp,0.018754,0.007900,0.019200,44.500732,45.853690
9867,ssp,0.018787,0.005200,0.021500,51.353760,45.487195
9868,dssp,0.002732,0.005600,0.020000,58.562744,28.331810
9875,d,0.002385,0.004100,0.022000,20.720215,28.485393
9876,dd,0.002426,0.004950,0.020000,28.308838,27.375915
9877,sdd,0.018511,0.005400,0.021500,35.327637,45.410933
9878,dsdd,0.002830,0.005000,0.020000,42.570068,27.829964
9879,ddsd,0.002653,0.006000,0.019200,50.208496,27.853469
9870,d,0.002385,0.005150,0.018500,9.092773,26.035393
9871,pd,0.002977,0.005750,0.022000,28.815186,30.727001
9872,pp,0.002838,0.004800,0.022000,49.987793,29.638325
9873,dpp,0.002514,0.005000,0.021500,59.379883,29.014416
9874,ddp,0.002502,0.004500,0.021500,66.613770,28.501712
9885,p,0.003780,0.005850,0.018500,34.983154,28.129849
9886,sp,0.018754,0.009500,0.021500,44.022217,49.753690
9887,ssp,0.018787,0.004600,0.021500,50.818115,44.887195
9888,p,0.003780,0.015250,0.021500,68.760742,40.529849
9889,dss,0.002842,0.004050,0.019200,78.005127,26.091615
9880,s,0.023128,0.004300,0.021500,23.051758,48.928351
9881,ds,0.002343,0.012450,0.021500,31.023926,36.292513
9882,sds,0.018566,0.004450,0.018500,37.883545,41.516086
9883,d,0.002385,0.012250,0.020000,44.892334,34.635393
9884,ssds,0.018930,0.006900,0.020000,51.716797,45.830221
9890,d,0.002385,0.003850,0.019200,13.591309,25.435393
9891,pd,0.002977,0.004550,0.018500,33.358887,26.027001
9892,pp,0.002838,0.007050,0.022000,54.881348,31.888325
9893,sp,0.018754,0.004500,0.022000,64.266113,45.253690
9894,ssp,0.018787,0.004400,0.018500,71.257324,41.687195
9895,p,0.003780,0.004250,0.019200,35.168701,27.229849
9896,sp,0.018754,0.006700,0.018500,44.221680,43.953690
9897,dsp,0.002685,0.004550,0.019200,51.302490,26.434513
9898,ddsp,0.002864,0.006050,0.020000,58.310059,28.913565
9899,ddds,0.002761,0.004400,0.020000,65.362549,27.160792
9900,p,0.003780,0.007000,0.021500,38.059082,32.279849
9901,dp,0.002464,0.005600,0.018500,47.745850,26.564344
9902,sdp,0.018492,0.011700,0.019200,54.616211,49.391971
9903,ssdp,0.018187,0.008250,0.021500,61.362061,47.937445
9905,p,0.003780,0.005750,0.020000,20.422119,29.529849
9906,sp,0.018754,0.005000,0.018500,31.062012,42.253690
9907,ps,0.002840,0.003900,0.020000,50.874023,26.739786
9908,pps,0.002854,0.004900,0.021500,72.083740,29.254053
9909,pp,0.002838,0.004300,0.021500,92.543213,28.638325
9910,s,0.023128,0.004850,0.021500,6.441895,49.478351
9911,ss,0.018821,0.007200,0.018500,13.534668,44.520769
9912,dss,0.002842,0.004900,0.021500,20.746338,29.241615
9913,ddss,0.002785,0.004800,0.018500,28.198730,26.085416
9920,s,0.023128,0.004950,0.020000,10.185791,48.078351
9921,ds,0.002343,0.005700,0.020000,17.975098,28.042513
9922,dds,0.002685,0.004550,0.021500,25.731934,28.735273
9923,sdds,0.018154,0.004000,0.020000,33.326904,42.153743
9924,psds,0.002945,0.008050,0.019200,52.825195,30.195423
9915,s,0.023128,0.006600,0.019200,6.451172,48.928351
9916,ss,0.018821,0.017750,0.018500,13.444824,55.070769
9917,dss,0.002842,0.005300,0.021500,20.633301,29.641615
9918,ddss,0.002785,0.004850,0.021500,27.866211,29.135416
9930,p,0.003780,0.010900,0.020000,34.197266,34.679849
9931,d,0.002385,0.004650,0.019200,43.558105,26.235393
9932,sd,0.018668,0.005450,0.018500,50.341797,42.617773
9933,psd,0.003139,0.004900,0.022000,68.320557,30.038792
9934,sps,0.018360,0.006750,0.019200,77.290039,44.310251
9925,p,0.003780,0.004900,0.022000,17.617432,30.679849
9926,pp,0.002838,0.005700,0.020000,38.292969,28.538325
9927,dpp,0.002514,0.007100,0.020000,47.652588,29.614416
9928,sdp,0.018492,0.004500,0.019200,54.592285,42.191971
9929,psd,0.003139,0.003800,0.018500,72.587402,25.438792
9935,d,0.002385,0.009050,0.021500,10.440186,32.935393
9936,dd,0.002426,0.005350,0.018500,17.991943,26.275915
9937,pdd,0.003045,0.004500,0.021500,41.410156,29.044804
9938,pp,0.002838,0.007300,0.018500,61.536865,28.638325
9939,pp,0.002838,0.004400,0.020000,81.534424,27.238325
9945,d,0.002385,0.004800,0.022000,23.544434,29.185393
9946,s,0.023128,0.014300,0.018500,31.341553,55.928351
9947,dd,0.002426,0.008950,0.020000,38.442627,31.375915
9948,pd,0.002977,0.005600,0.018500,56.734375,27.077001
9949,spd,0.018317,0.004600,0.020000,66.096436,42.917325
9940,s,0.023128,0.004700,0.022000,22.468018,49.828351
9941,ss,0.018821,0.004750,0.022000,30.577393,45.570769
9942,pss,0.002833,0.004750,0.021500,49.070312,29.082709
9943,dpss,0.002761,0.005150,0.019200,58.831299,27.110817
9950,p,0.003780,0.004400,0.018500,17.710449,26.679849
9951,dp,0.002464,0.004850,0.022000,27.115479,29.314344
9952,pd,0.002977,0.005000,0.020000,46.309326,27.977001
9953,dp,0.002464,0.004700,0.019200,56.456543,26.364344
9954,pd,0.002977,0.009000,0.019200,75.639648,31.177001
9955,p,0.003780,0.006950,0.020000,18.167969,30.729849
9956,pp,0.002838,0.004400,0.022000,38.490967,29.238325
9957,pp,0.002838,0.004100,0.021500,58.630371,28.438325
9958,dp,0.002464,0.005150,0.022000,67.946045,29.614344
9959,ddp,0.002502,0.010000,0.018500,74.980225,31.001712
9960,d,0.002385,0.016150,0.022000,6.784668,40.535393
9961,sd,0.018668,0.006400,0.022000,13.634521,47.067773
9962,psd,0.003139,0.007850,0.022000,31.691406,32.988792
9963,d,0.002385,0.015650,0.021500,41.024170,39.535393
9964,pps,0.002854,0.004550,0.021500,59.302002,28.904053
9965,d,0.002385,0.006050,0.018500,10.425293,26.935393
9966,sd,0.018668,0.009000,0.020000,19.360107,47.667773
9967,ps,0.002840,0.016900,0.018500,39.183594,38.239786
9968,dps,0.002445,0.005300,0.022000,49.075684,29.744936
9969,sdps,0.018183,0.004300,0.018500,56.187988,40.982897
9970,s,0.023128,0.004800,0.021500,22.863037,49.428351
9971,ss,0.018821,0.003850,0.021500,30.452881,44.170769
9972,dss,0.002842,0.004650,0.018500,38.026855,25.991615
9973,sdss,0.018223,0.007900,0.020000,45.062988,46.122624
9975,s,0.023128,0.004850,0.022000,9.246094,49.978351
9976,ss,0.018821,0.004800,0.021500,16.264648,45.120769
9977,d,0.002385,0.013550,0.018500,23.477295,34.435393
9978,dss,0.002842,0.004450,0.020000,30.810059,27.291615
9979,ddss,0.002785,0.004600,0.021500,38.095459,28.885416
9985,d,0.002385,0.010550,0.021500,6.778809,34.435393
9986,dd,0.002426,0.005200,0.020000,14.023926,27.625915
9987,pdd,0.003045,0.005350,0.018500,32.200928,26.894804
9988,pp,0.002838,0.004750,0.021500,52.343994,29.088325
9989,pp,0.002838,0.016750,0.022000,72.547119,41.588325
9980,s,0.023128,0.006450,0.019200,6.550537,48.778351
9981,ss,0.018821,0.008050,0.022000,13.429443,48.870769
9982,dss,0.002842,0.005500,0.018500,20.505859,26.841615
9983,ddss,0.002785,0.004550,0.021500,27.560547,28.835416
9990,s,0.023128,0.005350,0.021500,7.658447,49.978351
9991,ds,0.002343,0.029550,0.020000,15.874512,51.892513
9992,sds,0.018566,0.004750,0.018500,23.589600,41.816086
9993,dsds,0.002713,0.004550,0.020000,31.410645,27.263025
10000,s,0.023128,0.006350,0.022000,6.293457,51.478351
10001,ds,0.002343,0.004400,0.022000,13.667725,28.742513
10002,dds,0.002685,0.005450,0.021500,20.961426,29.635273
10003,ddds,0.002761,0.004950,0.019200,28.423828,26.910792
10004,s,0.023128,0.025850,0.020000,35.193359,68.978351
9995,d,0.002385,0.095550,0.022000,6.654297,119.935393
9996,p,0.003780,0.007000,0.020000,24.886475,30.779849
9997,sp,0.018754,0.004650,0.022000,34.221191,45.403690
9998,psp,0.002926,0.004600,0.019200,52.418945,26.725658
9999,sps,0.018360,0.004200,0.020000,61.689453,42.560251
10010,p,0.003780,0.005750,0.018500,35.002441,28.029849
10011,pp,0.002838,0.004800,0.018500,55.379883,26.138325
10012,p,0.003780,0.005200,0.022000,82.204346,30.979849
10013,sp,0.018754,0.005100,0.019200,91.749268,43.053690
10014,dsp,0.002685,0.005450,0.021500,98.982422,29.634513
10015,s,0.023128,0.005850,0.020000,23.762939,48.978351
10016,ds,0.002343,0.005050,0.022000,32.342773,29.392513
10017,pds,0.003022,0.005300,0.018500,50.907715,26.821933
10018,spds,0.018151,0.007300,0.020000,60.185059,45.450699
10019,dsps,0.002950,0.005500,0.019200,67.575684,27.650393
10005,s,0.023128,0.005500,0.021500,8.009277,50.128351
10006,ds,0.002343,0.005050,0.018500,15.428711,25.892513
10007,dds,0.002685,0.004700,0.021500,22.587402,28.885273
10008,sdds,0.018154,0.005100,0.018500,29.605469,41.753743
10020,d,0.002385,0.004550,0.019200,9.581299,26.135393
10021,dd,0.002426,0.004000,0.020000,16.725586,26.425915
10022,sdd,0.018511,0.008950,0.022000,23.779053,49.460933
10023,psd,0.003139,0.004050,0.019200,42.907959,26.388792
10024,pps,0.002854,0.003950,0.021500,64.543457,28.304053
10030,p,0.003780,0.012750,0.018500,35.112549,35.029849
10031,d,0.002385,0.007400,0.019200,44.559326,28.985393
10032,sd,0.018668,0.014300,0.020000,51.541748,52.967773
10033,dp,0.002464,0.008750,0.020000,58.829102,31.214344
10034,ssd,0.018735,0.004450,0.019200,65.701172,42.384503
10025,s,0.023128,0.007300,0.018500,23.619141,48.928351
10026,ds,0.002343,0.004800,0.021500,31.708496,28.642513
10027,pds,0.003022,0.005200,0.020000,50.054932,28.221933
10028,dpds,0.002826,0.004500,0.018500,59.478516,25.825574
10029,sdps,0.018183,0.005200,0.018500,66.389160,41.882897
10035,s,0.023128,0.007300,0.021500,6.465576,51.928351
10036,ps,0.002840,0.004300,0.022000,25.218262,29.139786
10037,sps,0.018360,0.005250,0.020000,34.583252,43.610251
10038,dsps,0.002950,0.029550,0.021500,41.798584,54.000393
10040,p,0.003780,0.004550,0.021500,19.849365,29.829849
10041,pp,0.002838,0.004750,0.019200,40.281006,26.788325
10042,spp,0.018537,0.007300,0.022000,49.611084,47.837181
10043,s,0.023128,0.027450,0.021500,56.611328,72.078351
10044,ps,0.002840,0.008600,0.018500,75.017334,29.939786
10045,s,0.023128,0.007900,0.018500,11.987305,49.528351
10046,ds,0.002343,0.004550,0.021500,19.327637,28.392513
10047,dds,0.002685,0.004050,0.022000,26.667969,28.735273
10048,sdds,0.018154,0.005200,0.020000,33.732910,43.353743
10050,s,0.023128,0.007850,0.019200,17.554932,50.178351
10051,ps,0.002840,0.008950,0.022000,38.373047,33.789786
10052,d,0.002385,0.016050,0.018500,48.782715,36.935393
10053,pp,0.002838,0.004000,0.020000,68.149902,26.838325
10054,sp,0.018754,0.010550,0.018500,77.542725,47.803690
10055,d,0.002385,0.004350,0.021500,6.840088,28.235393
10056,sd,0.018668,0.005100,0.020000,13.754639,43.767773
10057,ssd,0.018735,0.005650,0.022000,20.571289,46.384503
10058,pss,0.002833,0.004300,0.020000,38.907471,27.132709
10059,dpss,0.002761,0.005000,0.022000,48.413086,29.760817
10065,p,0.003780,0.005950,0.022000,17.764648,31.729849
10066,dp,0.002464,0.005700,0.021500,27.318848,29.664344
10067,ddp,0.002502,0.021000,0.018500,34.601807,42.001712
10068,sddp,0.017807,0.008150,0.018500,41.691162,44.456817
10060,d,0.002385,0.004450,0.019200,19.682861,26.035393
10061,dd,0.002426,0.005050,0.018500,27.403320,25.975915
10062,pd,0.002977,0.004500,0.020000,46.094727,27.477001
10063,pp,0.002838,0.005750,0.019200,66.714844,27.788325
10064,dp,0.002464,0.004500,0.022000,76.358154,28.964344
10070,s,0.023128,0.003900,0.018500,6.305664,45.528351
10071,ps,0.002840,0.005000,0.020000,25.499756,27.839786
10072,pps,0.002854,0.005300,0.020000,46.603271,28.154053
10073,sp,0.018754,0.004400,0.020000,55.756348,43.153690
10074,psp,0.002926,0.004800,0.018500,74.036133,26.225658
10075,p,0.003780,0.009950,0.020000,18.043945,33.729849
10076,s,0.023128,0.005300,0.018500,27.396240,46.928351
10077,sp,0.018754,0.022800,0.022000,34.251953,63.553690
10078,ss,0.018821,0.005850,0.022000,41.025635,46.670769
10079,dss,0.002842,0.006400,0.019200,48.445312,28.441615
10080,s,0.023128,0.004950,0.020000,23.266113,48.078351
10081,p,0.003780,0.005150,0.020000,43.285645,28.929849
10082,ds,0.002343,0.004750,0.019200,52.989014,26.292513
10083,sds,0.018566,0.005550,0.019200,60.046631,43.316086
10084,dsds,0.002713,0.003800,0.022000,67.226562,28.513025
10085,d,0.002385,0.004650,0.022000,21.929932,29.035393
10086,dd,0.002426,0.005450,0.021500,29.475586,29.375915
10087,pdd,0.003045,0.004500,0.021500,47.766113,29.044804
10088,spd,0.018317,0.011800,0.019200,56.984131,49.317325
10089,psp,0.002926,0.006000,0.021500,75.296875,30.425658
10090,p,0.003780,0.004550,0.020000,35.237793,28.329849
10091,dp,0.002464,0.004150,0.019200,44.593018,25.814344
10092,pdp,0.002932,0.004350,0.019200,62.913574,26.481683
10093,pp,0.002838,0.007100,0.018500,83.279053,28.438325
10094,sp,0.018754,0.008600,0.020000,92.564941,47.353690
10095,p,0.003780,0.010350,0.019200,18.333496,33.329849
10096,sp,0.018754,0.006550,0.020000,27.580566,45.303690
10097,psp,0.002926,0.004750,0.022000,45.796387,29.675658
10098,sps,0.018360,0.005050,0.021500,55.101074,44.910251
10099,psp,0.002926,0.005200,0.022000,74.074951,30.125658
10100,p,0.003780,0.004850,0.021500,18.056885,30.129849
10101,sp,0.018754,0.004750,0.022000,27.510254,45.503690
10102,psp,0.002926,0.004850,0.020000,46.100342,27.775658
10103,sps,0.018360,0.006400,0.021500,56.228271,46.260251
10104,ssps,0.018466,0.004150,0.020000,63.292480,42.616056
10110,p,0.003780,0.005600,0.018500,18.965088,27.879849
10111,pp,0.002838,0.005500,0.018500,41.964355,26.838325
10112,sp,0.018754,0.004150,0.019200,52.234375,42.103690
10113,dsp,0.002685,0.005200,0.018500,60.017334,26.384513
10114,pds,0.003022,0.005750,0.022000,79.369629,30.771933
10105,p,0.003780,0.005400,0.022000,17.676514,31.179849
10106,dp,0.002464,0.004700,0.022000,27.388916,29.164344
10107,sdp,0.018492,0.004700,0.022000,34.424072,45.191971
10108,psd,0.003139,0.004500,0.022000,52.755615,29.638792
10109,sps,0.018360,0.014300,0.019200,62.007080,51.860251
10115,p,0.003780,0.005150,0.019200,18.303955,28.129849
10116,pp,0.002838,0.006700,0.019200,43.015625,28.738325
10117,sp,0.018754,0.005850,0.021500,55.107178,46.103690
10118,ssp,0.018787,0.010450,0.019200,63.812988,48.437195
10119,p,0.003780,0.008550,0.021500,86.046875,33.829849
10125,d,0.002385,0.004350,0.020000,6.683350,26.735393
10126,pd,0.002977,0.003900,0.019200,28.158936,26.077001
10127,sp,0.018754,0.005050,0.020000,37.946045,43.803690
10128,ps,0.002840,0.004450,0.018500,56.861816,25.789786
10129,dps,0.002445,0.004750,0.021500,66.685303,28.694936
10120,s,0.023128,0.005150,0.018500,8.414307,46.778351
10121,ds,0.002343,0.005000,0.018500,16.698242,25.842513
10122,sds,0.018566,0.005400,0.022000,24.313965,45.966086
10123,ssds,0.018930,0.005650,0.020000,31.620361,44.580221
10130,p,0.003780,0.004550,0.020000,17.608887,28.329849
10131,sp,0.018754,0.004750,0.018500,26.682617,42.003690
10132,ssp,0.018787,0.005200,0.022000,33.540527,45.987195
10133,pss,0.002833,0.005000,0.021500,51.917480,29.332709
10134,spss,0.018655,0.004800,0.021500,61.052734,44.955113
10135,p,0.003780,0.005050,0.020000,17.717041,28.829849
10136,dp,0.002464,0.005800,0.022000,27.369629,30.264344
10137,ddp,0.002502,0.004350,0.018500,34.530518,25.351712
10138,dddp,0.002699,0.007550,0.018500,41.629395,28.749161
10139,sddd,0.017932,0.009750,0.021500,48.648926,49.181734
10145,s,0.023128,0.005900,0.021500,6.404541,50.528351
10146,ds,0.002343,0.004250,0.020000,13.645752,26.592513
10147,pds,0.003022,0.005200,0.019200,32.056396,27.421933
10148,dps,0.002445,0.004550,0.018500,41.469238,25.494936
10149,d,0.002385,0.016300,0.019200,48.662842,37.885393
10140,d,0.002385,0.005200,0.020000,14.195312,27.585393
10141,pd,0.002977,0.012000,0.020000,41.726562,34.977001
10142,pp,0.002838,0.014000,0.021500,65.313232,38.338325
10143,spp,0.018537,0.004450,0.022000,75.300049,44.987181
10144,dsp,0.002685,0.006750,0.020000,82.855225,29.434513
10150,p,0.003780,0.004250,0.019200,26.037109,27.229849
10151,dp,0.002464,0.005250,0.019200,35.357178,26.914344
10152,pd,0.002977,0.003650,0.022000,53.506104,28.627001
10153,sp,0.018754,0.005200,0.021500,62.537598,45.453690
10154,psp,0.002926,0.005400,0.022000,80.372314,30.325658
10155,d,0.002385,0.004600,0.022000,8.850098,28.985393
10156,pd,0.002977,0.005100,0.020000,28.007812,28.077001
10157,pp,0.002838,0.008450,0.018500,48.376953,29.788325
10158,pp,0.002838,0.005050,0.021500,68.567139,29.388325
10159,dpp,0.002514,0.009850,0.020000,77.890381,32.364416
10160,s,0.023128,0.005850,0.021500,6.405029,50.478351
10161,ss,0.018821,0.005100,0.020000,13.388184,43.920769
10162,p,0.003780,0.010400,0.018500,31.721680,32.679849
10163,sss,0.019288,0.004700,0.022000,41.103516,45.988093
10164,ssss,0.018888,0.029550,0.020000,48.033203,68.438175
10165,s,0.023128,0.005150,0.018500,6.563477,46.778351
10166,ss,0.018821,0.004750,0.019200,13.606445,42.770769
10167,dss,0.002842,0.005650,0.019200,20.900635,27.691615
10168,ddss,0.002785,0.005750,0.021500,28.488281,30.035416
10170,d,0.002385,0.004550,0.019200,7.230225,26.135393
10171,sd,0.018668,0.004600,0.022000,14.292480,45.267773
10172,ssd,0.018735,0.007100,0.019200,21.537354,45.034503
10173,pss,0.002833,0.011100,0.022000,40.029297,35.932709
10174,dpss,0.002761,0.004550,0.020000,49.641357,27.310817
10175,s,0.023128,0.005850,0.021500,6.405273,50.478351
10176,ds,0.002343,0.004900,0.022000,13.641357,29.242513
10177,pds,0.003022,0.005000,0.020000,32.354980,28.021933
10178,spds,0.018151,0.010150,0.018500,41.499023,46.800699
10179,psp,0.002926,0.004150,0.020000,60.109619,27.075658
10180,d,0.002385,0.021000,0.019200,6.987793,42.585393
10181,p,0.003780,0.004950,0.021500,26.959961,30.229849
10182,pd,0.002977,0.022400,0.020000,48.539795,45.377001
10183,d,0.002385,0.004600,0.021500,57.995850,28.485393
10184,sd,0.018668,0.004550,0.018500,64.810059,41.717773
10185,s,0.023128,0.005550,0.021500,6.339111,50.178351
10186,ds,0.002343,0.016750,0.018500,13.558594,37.592513
10187,sds,0.018566,0.011700,0.021500,20.517578,51.766086
10188,dsds,0.002713,0.004850,0.020000,27.811768,27.563025
10190,p,0.003780,0.006400,0.018500,18.459229,28.679849
10191,sp,0.018754,0.005500,0.021500,27.832764,45.753690
10192,ssp,0.018787,0.005650,0.018500,34.691895,42.937195
10193,pss,0.002833,0.004850,0.022000,52.715820,29.682709
10194,ppss,0.002998,0.004850,0.020000,73.366699,27.847567
10195,p,0.003780,0.004550,0.022000,26.921143,30.329849
10196,sp,0.018754,0.006350,0.022000,36.289062,47.103690
10197,psp,0.002926,0.003900,0.018500,54.555908,25.325658
10198,sps,0.018360,0.004550,0.020000,63.724609,42.910251
10199,p,0.003780,0.020800,0.021500,81.874756,46.079849
10200,d,0.002385,0.007250,0.022000,6.794189,31.635393
10201,sd,0.018668,0.004950,0.018500,13.946289,42.117773
10202,p,0.003780,0.020950,0.018500,32.031982,43.229849
10203,ss,0.018821,0.004400,0.022000,40.972900,45.220769
10204,dss,0.002842,0.004400,0.019200,48.307373,26.441615
10210,d,0.002385,0.004900,0.022000,6.653564,29.285393
10211,pd,0.002977,0.005400,0.019200,25.165283,27.577001
10212,dpd,0.002513,0.007400,0.019200,34.509277,29.112673
10213,pdp,0.002932,0.004650,0.021500,52.464600,29.081683
10214,dpd,0.002513,0.005650,0.020000,61.707275,28.162673
10205,p,0.003780,0.008050,0.022000,17.587402,33.829849
10206,pp,0.002838,0.005450,0.022000,40.464600,30.288325
10207,pp,0.002838,0.011800,0.020000,60.977783,34.638325
10208,dpp,0.002514,0.005000,0.018500,70.484131,26.014416
10209,pdp,0.002932,0.011100,0.020000,89.000000,34.031683
10215,p,0.003780,0.005400,0.018500,33.703125,27.679849
10216,sp,0.018754,0.004550,0.021500,42.737793,44.803690
10217,psp,0.002926,0.005450,0.021500,60.967285,29.875658
10218,pps,0.002854,0.004400,0.019200,81.520508,26.454053
10219,dp,0.002464,0.006000,0.020000,91.189209,28.464344
10220,s,0.023128,0.005400,0.019200,23.031738,47.728351
10221,ss,0.018821,0.009550,0.021500,30.702148,49.870769
10222,sss,0.019288,0.010350,0.020000,37.489014,49.638093
10223,d,0.002385,0.011900,0.020000,44.661621,34.285393
10224,psss,0.002892,0.004800,0.020000,63.575684,27.692287
10225,s,0.023128,0.004450,0.022000,16.777588,49.578351
10226,ss,0.018821,0.004500,0.019200,24.145020,42.520769
10227,sss,0.019288,0.005000,0.019200,31.743408,43.488093
10228,dsss,0.003039,0.007850,0.018500,39.907471,29.388978
10230,p,0.003780,0.007300,0.022000,34.690918,33.079849
10231,sp,0.018754,0.004450,0.018500,43.932129,41.703690
10232,ps,0.002840,0.007450,0.022000,67.898682,32.289786
10233,pp,0.002838,0.011800,0.021500,89.698730,36.138325
10234,spp,0.018537,0.004750,0.020000,99.077637,43.287181
10235,p,0.003780,0.005750,0.022000,22.251953,31.529849
10236,sp,0.018754,0.005050,0.021500,31.665527,45.303690
10237,ssp,0.018787,0.009850,0.020000,38.916016,48.637195
10238,d,0.002385,0.010900,0.018500,46.276367,31.785393
10239,sssp,0.018690,0.004850,0.021500,53.231689,45.039656
10245,p,0.003780,0.004750,0.022000,26.446533,30.529849
10246,sp,0.018754,0.005150,0.020000,36.618896,43.903690
10247,dsp,0.002685,0.004750,0.022000,44.612793,29.434513
10248,sdsp,0.018148,0.044000,0.019200,53.905273,81.348415
10249,ssds,0.018930,0.004950,0.018500,61.041748,42.380221
10240,d,0.002385,0.004150,0.019200,23.278564,25.735393
10241,pd,0.002977,0.007200,0.020000,42.539551,30.177001
10242,dp,0.002464,0.006500,0.020000,52.071289,28.964344
10243,p,0.003780,0.052150,0.018500,70.643555,74.429849
10244,dd,0.002426,0.005850,0.021500,80.296631,29.775915
10250,p,0.003780,0.008250,0.018500,34.821289,30.529849
10251,sp,0.018754,0.007350,0.018500,44.073242,44.603690
10252,dsp,0.002685,0.006300,0.018500,51.246826,27.484513
10253,sdsp,0.018148,0.004800,0.019200,58.125488,42.148415
10254,psds,0.002945,0.004900,0.021500,76.354492,29.345423
10255,p,0.003780,0.005800,0.020000,19.144043,29.579849
10256,pp,0.002838,0.005300,0.020000,39.979248,28.138325
10257,pp,0.002838,0.005400,0.022000,61.119873,30.238325
10258,dp,0.002464,0.013500,0.019200,71.056152,35.164344
10259,pdp,0.002932,0.004900,0.018500,90.015869,26.331683
10260,d,0.002385,0.004500,0.020000,7.025635,26.885393
10261,sd,0.018668,0.004750,0.019200,14.069824,42.617773
10262,psd,0.003139,0.014300,0.022000,32.430176,39.438792
10263,sps,0.018360,0.005600,0.020000,41.681885,43.960251
10264,ssps,0.018466,0.005100,0.020000,48.558350,43.566056
10265,p,0.003780,0.004650,0.020000,17.960205,28.429849
10266,pp,0.002838,0.004150,0.022000,39.123779,28.988325
10267,pp,0.002838,0.004500,0.018500,60.163818,25.838325
10268,pp,0.002838,0.004700,0.021500,81.330322,29.038325
10269,pp,0.002838,0.004950,0.021500,102.164795,29.288325
10270,s,0.023128,0.005050,0.021500,6.585693,49.678351
10271,ds,0.002343,0.004750,0.018500,13.686035,25.592513
10272,sds,0.018566,0.004400,0.020000,20.593750,42.966086
10273,psds,0.002945,0.016900,0.019200,38.751709,39.045423
10274,pps,0.002854,0.006350,0.021500,59.415039,30.704053
10275,p,0.003780,0.007450,0.020000,37.256348,31.229849
10276,sp,0.018754,0.004400,0.019200,46.324463,42.353690
10277,dsp,0.002685,0.005300,0.019200,53.671387,27.184513
10278,pds,0.003022,0.011700,0.018500,72.083740,33.221933
10279,sps,0.018360,0.005300,0.021500,81.330322,45.160251
10280,d,0.002385,0.011700,0.018500,7.510742,32.585393
10281,pd,0.002977,0.005450,0.020000,27.684570,28.427001
10282,spd,0.018317,0.004800,0.022000,37.609619,45.117325
10283,ssp,0.018787,0.005450,0.018500,44.775635,42.737195
10284,dssp,0.002732,0.004450,0.020000,52.196533,27.181810
10285,p,0.003780,0.004250,0.018500,17.588867,26.529849
10286,sp,0.018754,0.005250,0.020000,26.800537,44.003690
10287,dsp,0.002685,0.014300,0.018500,34.085449,35.484513
10288,s,0.023128,0.003700,0.018500,40.998779,45.328351
10289,ss,0.018821,0.058750,0.021500,47.761719,99.070769
10290,d,0.002385,0.006350,0.019200,7.197021,27.935393
10291,sd,0.018668,0.007350,0.019200,15.072754,45.217773
10292,dsd,0.002613,0.006400,0.021500,22.986572,30.512551
10293,sdsd,0.018197,0.005650,0.020000,30.538818,43.847164
10294,dsds,0.002713,0.005350,0.021500,38.190186,29.563025
10295,d,0.002385,0.009450,0.022000,25.026855,33.835393
10296,sd,0.018668,0.013950,0.021500,45.649902,54.117773
10297,ssd,0.018735,0.003800,0.020000,53.130127,42.534503
10298,dss,0.002842,0.006300,0.019200,60.153809,28.341615
10299,sdss,0.018223,0.005100,0.018500,66.961914,41.822624
10300,s,0.023128,0.005550,0.021500,7.579102,50.178351
10301,ds,0.002343,0.004450,0.021500,14.797119,28.292513
10302,pds,0.003022,0.004850,0.020000,33.072266,27.871933
10303,dpds,0.002826,0.004900,0.022000,42.388916,29.725574
10304,sdps,0.018183,0.005200,0.022000,49.206055,45.382897
10305,p,0.003780,0.014100,0.018500,18.111084,36.379849
10306,d,0.002385,0.005700,0.019200,27.757812,27.285393
10307,pd,0.002977,0.006300,0.021500,46.264160,30.777001
10308,dp,0.002464,0.004700,0.019200,55.831055,26.364344
10309,ddp,0.002502,0.004050,0.020000,63.082031,26.551712
10310,p,0.003780,0.008050,0.020000,31.851562,31.829849
10311,dp,0.002464,0.005600,0.020000,41.363281,28.064344
10312,sdp,0.018492,0.005400,0.018500,48.295410,42.391971
10313,psd,0.003139,0.011700,0.018500,66.651855,33.338792
10314,pps,0.002854,0.005750,0.021500,87.385254,30.104053
10315,s,0.023128,0.005450,0.020000,6.378174,48.578351
10316,ds,0.002343,0.005750,0.018500,13.603760,26.592513
10317,dds,0.002685,0.005550,0.019200,20.792725,27.435273
10318,sdds,0.018154,0.005150,0.020000,27.849854,43.303743
10319,psds,0.002945,0.004650,0.020000,48.153076,27.595423
10320,s,0.023128,0.004350,0.021500,6.405273,48.978351
10321,ss,0.018821,0.005200,0.018500,13.850830,42.520769
10322,pss,0.002833,0.003400,0.021500,33.734863,27.732709
10323,spss,0.018655,0.011100,0.019200,44.023193,48.955113
10324,ps,0.002840,0.004150,0.019200,64.614990,26.189786
10325,d,0.002385,0.044000,0.020000,20.160645,66.385393
10326,dd,0.002426,0.004750,0.022000,27.841309,29.175915
10327,sdd,0.018511,0.004700,0.019200,34.719971,42.410933
10328,dsdd,0.002830,0.008750,0.021500,41.883301,33.079964
10329,pdsd,0.002929,0.006950,0.021500,60.474365,31.378927
10330,d,0.002385,0.005250,0.018500,21.609863,26.135393
10331,dd,0.002426,0.004500,0.019200,29.353760,26.125915
10332,s,0.023128,0.011950,0.021500,36.288818,56.578351
10333,sdd,0.018511,0.008050,0.019200,43.176758,45.760933
10334,dsd,0.002613,0.005700,0.020000,50.331299,28.312551
10335,s,0.023128,0.005000,0.020000,8.168701,48.128351
10336,ds,0.002343,0.004700,0.022000,15.611084,29.042513
10337,pds,0.003022,0.006500,0.021500,33.918701,31.021933
10338,pps,0.002854,0.006000,0.019200,54.274170,28.054053
10339,dpp,0.002514,0.006050,0.022000,63.916016,30.564416
10340,d,0.002385,0.006300,0.019200,8.334229,27.885393
10341,sd,0.018668,0.004600,0.022000,15.327148,45.267773
10342,ssd,0.018735,0.005300,0.018500,22.260986,42.534503
10343,dssd,0.002931,0.004400,0.019200,30.083984,26.531476
10344,ddss,0.002785,0.008950,0.022000,37.895752,33.735416
10345,d,0.002385,0.014300,0.022000,6.794922,38.685393
10346,dd,0.002426,0.005750,0.021500,14.473145,29.675915
10347,sdd,0.018511,0.005300,0.020000,21.332031,43.810933
10348,dsdd,0.002830,0.007200,0.018500,28.306152,28.529964
10349,pds,0.003022,0.004550,0.022000,46.394043,29.571933
10350,p,0.003780,0.004750,0.020000,23.959717,28.529849
10351,dp,0.002464,0.004250,0.022000,33.330566,28.714344
10352,ddp,0.002502,0.004500,0.020000,40.376221,27.001712
10353,sddp,0.017807,0.004450,0.021500,47.135254,43.756817
10354,dsdd,0.002830,0.003800,0.020000,54.108887,26.629964
10355,d,0.002385,0.004200,0.021500,6.701904,28.085393
10356,sd,0.018668,0.017750,0.020000,13.595703,56.417773
10357,ssd,0.018735,0.004500,0.021500,20.330078,44.734503
10358,sssd,0.017999,0.005250,0.022000,27.086914,45.248568
10360,s,0.023128,0.007200,0.019200,13.625732,49.528351
10361,ds,0.002343,0.011800,0.020000,22.882080,34.142513
10362,dds,0.002685,0.010150,0.019200,31.010986,32.035273
10363,ddds,0.002761,0.013000,0.019200,38.742920,34.960792
10364,pdds,0.002946,0.004950,0.018500,57.901611,26.395651
10365,s,0.023128,0.006400,0.018500,17.986816,48.028351
10366,ps,0.002840,0.006400,0.018500,37.261230,27.739786
10367,dps,0.002445,0.005100,0.020000,46.532471,27.544936
10368,pdps,0.002951,0.006000,0.020000,64.482910,28.950740
10369,spd,0.018317,0.004900,0.022000,73.416748,45.217325
10370,p,0.003780,0.007050,0.018500,30.999512,29.329849
10371,pp,0.002838,0.005650,0.019200,52.396484,27.688325
10372,dp,0.002464,0.005650,0.019200,62.254883,27.314344
10373,sdp,0.018492,0.004250,0.022000,69.266113,44.741971
10374,ssdp,0.018187,0.004450,0.018500,76.258789,41.137445
10375,s,0.023128,0.006000,0.018500,22.229248,47.628351
10376,ps,0.002840,0.005300,0.019200,41.430176,27.339786
10377,s,0.023128,0.008200,0.022000,50.595459,53.328351
10378,sps,0.018360,0.009550,0.020000,57.683105,47.910251
10379,ssps,0.018466,0.005200,0.019200,64.768311,42.866056
10380,d,0.002385,0.008250,0.020000,15.504639,30.635393
10381,sd,0.018668,0.003500,0.021500,22.839111,43.667773
10382,dsd,0.002613,0.005950,0.019200,30.142334,27.762551
10383,ddsd,0.002653,0.004400,0.018500,37.480225,25.553469
10384,pdds,0.002946,0.004600,0.021500,56.252441,29.045651
10385,s,0.023128,0.005700,0.020000,6.421387,48.828351
10386,ps,0.002840,0.004550,0.021500,24.905029,28.889786
10387,sps,0.018360,0.004200,0.020000,33.962158,42.560251
10388,ssps,0.018466,0.005850,0.019200,40.681641,43.516056
10390,p,0.003780,0.004200,0.019200,17.644775,27.179849
10391,dp,0.002464,0.006700,0.020000,27.219482,29.164344
10392,sdp,0.018492,0.004600,0.020000,34.449463,43.091971
10393,psd,0.003139,0.005300,0.021500,53.152588,29.938792
10394,pps,0.002854,0.004550,0.022000,73.439209,29.404053
10400,s,0.023128,0.006400,0.020000,8.854736,49.528351
10401,ps,0.002840,0.006650,0.020000,29.782959,29.489786
10402,sps,0.018360,0.008450,0.022000,38.990967,48.810251
10403,ssps,0.018466,0.005400,0.018500,45.900146,42.366056
10395,s,0.023128,0.010050,0.018500,6.280518,51.678351
10396,s,0.023128,0.005350,0.022000,13.340576,50.478351
10397,ss,0.018821,0.005000,0.021500,20.290771,45.320769
10398,pss,0.002833,0.004750,0.019200,38.809814,26.782709
10399,spss,0.018655,0.004450,0.022000,48.168457,45.105113
10405,s,0.023128,0.008400,0.020000,6.548340,51.528351
10406,ps,0.002840,0.005150,0.018500,25.858887,26.489786
10407,sps,0.018360,0.006000,0.021500,35.651367,45.860251
10408,pss,0.002833,0.004600,0.020000,54.230713,27.432709
10409,sps,0.018360,0.006650,0.022000,63.586914,47.010251
10415,s,0.023128,0.011850,0.021500,6.585205,56.478351
10416,s,0.023128,0.004600,0.018500,13.916992,46.228351
10417,ds,0.002343,0.008750,0.021500,21.567383,32.592513
10418,ps,0.002840,0.004900,0.022000,40.065430,29.739786
10419,pp,0.002838,0.004900,0.021500,60.662354,29.238325
10410,p,0.003780,0.005250,0.018500,18.295654,27.529849
10411,sp,0.018754,0.004150,0.018500,27.850586,41.403690
10412,ps,0.002840,0.004750,0.022000,46.402588,29.589786
10413,dps,0.002445,0.005850,0.019200,56.303223,27.494936
10414,ddps,0.002746,0.005150,0.020000,63.750244,27.895776
10420,d,0.002385,0.004450,0.018500,6.620850,25.335393
10421,sd,0.018668,0.005850,0.022000,13.720947,46.517773
10422,p,0.003780,0.012750,0.018500,32.095947,35.029849
10423,ps,0.002840,0.005300,0.021500,52.549316,29.639786
10424,dp,0.002464,0.005550,0.018500,62.180664,26.514344
10425,d,0.002385,0.014100,0.022000,8.205566,38.485393
10426,dd,0.002426,0.004850,0.022000,15.250488,29.275915
10427,ddd,0.002493,0.004300,0.022000,22.332275,28.793417
10428,dddd,0.002612,0.004150,0.020000,29.716064,26.761713
10435,s,0.023128,0.005100,0.018500,14.613525,46.728351
10436,ds,0.002343,0.005450,0.019200,23.044189,26.992513
10437,dds,0.002685,0.004700,0.018500,30.687988,25.885273
10438,s,0.023128,0.014800,0.020000,37.840820,57.928351
10439,sdds,0.018154,0.004350,0.020000,44.825928,42.503743
10430,d,0.002385,0.004550,0.020000,23.656738,26.935393
10431,pd,0.002977,0.004750,0.021500,42.694336,29.227001
10432,pp,0.002838,0.003400,0.020000,62.994141,26.238325
10433,dp,0.002464,0.004100,0.021500,72.403564,28.064344
10434,p,0.003780,0.005050,0.021500,90.663330,30.329849
10440,d,0.002385,0.004350,0.022000,21.649902,28.735393
10441,sd,0.018668,0.004300,0.018500,29.348145,41.467773
10442,ssd,0.018735,0.008450,0.022000,36.123047,49.184503
10443,dssd,0.002931,0.005200,0.018500,43.179443,26.631476
10444,p,0.003780,0.054450,0.019200,62.342041,77.429849
10445,p,0.003780,0.006000,0.022000,28.674805,31.779849
10446,dp,0.002464,0.004500,0.022000,38.053711,28.964344
10447,pdp,0.002932,0.006050,0.022000,56.160156,30.981683
10448,dpd,0.002513,0.004500,0.022000,65.661865,29.012673
10449,sdp,0.018492,0.007100,0.020000,72.577881,45.591971
10450,s,0.023128,0.004700,0.019200,22.766602,47.028351
10451,ds,0.002343,0.006400,0.021500,30.596680,30.242513
10452,p,0.003780,0.010350,0.021500,48.984619,35.629849
10453,p,0.003780,0.004000,0.018500,70.661377,26.279849
10454,dp,0.002464,0.005650,0.019200,80.412598,27.314344
10455,d,0.002385,0.006700,0.019200,6.811279,28.285393
10456,sd,0.018668,0.004250,0.022000,13.686279,44.917773
10457,p,0.003780,0.007800,0.022000,31.865234,33.579849
10458,ds,0.002343,0.005700,0.020000,41.214111,28.042513
10459,sds,0.018566,0.006000,0.021500,48.031250,46.066086
10465,p,0.003780,0.006350,0.020000,17.684570,30.129849
10466,dp,0.002464,0.005000,0.021500,27.129395,28.964344
10467,pdp,0.002932,0.009000,0.020000,45.217773,31.931683
10468,dpd,0.002513,0.006250,0.020000,54.631592,28.762673
10469,ddp,0.002502,0.006000,0.022000,61.780762,30.501712
10460,d,0.002385,0.004300,0.022000,8.237061,28.685393
10461,dd,0.002426,0.005600,0.022000,17.045898,30.025915
10462,ddd,0.002493,0.006450,0.019200,25.084961,28.143417
10463,sddd,0.017932,0.005250,0.019200,33.546875,42.381734
10464,dsdd,0.002830,0.005100,0.022000,42.200928,29.929964
10470,d,0.002385,0.004900,0.019200,6.795654,26.485393
10471,dd,0.002426,0.004450,0.018500,14.052490,25.375915
10472,pd,0.002977,0.005350,0.022000,34.046387,30.327001
10473,sp,0.018754,0.004400,0.019200,44.576660,42.353690
10474,d,0.002385,0.015950,0.019200,52.750244,37.535393
10475,d,0.002385,0.004900,0.022000,7.040039,29.285393
10476,sd,0.018668,0.004500,0.022000,14.056152,45.167773
10477,ssd,0.018735,0.005400,0.022000,21.029541,46.134503
10478,pss,0.002833,0.005550,0.020000,39.818359,28.382709
10479,spss,0.018655,0.004700,0.020000,49.038086,43.355113
10480,d,0.002385,0.003500,0.021500,9.770264,27.385393
10481,dd,0.002426,0.004500,0.021500,20.154053,28.425915
10482,ddd,0.002493,0.004800,0.018500,27.811768,25.793417
10483,dddd,0.002612,0.004950,0.019200,35.211182,26.761713
10484,sddd,0.017932,0.013000,0.020000,42.657715,50.931734
10485,s,0.023128,0.005050,0.021500,15.821289,49.678351
10486,ss,0.018821,0.005600,0.022000,22.870850,46.420769
10487,dss,0.002842,0.004350,0.020000,30.248535,27.191615
10488,pdss,0.002957,0.004900,0.022000,48.963867,29.856682
10489,dpss,0.002761,0.005400,0.021500,59.098145,29.660817
10490,s,0.023128,0.004700,0.019200,10.443848,47.028351
10491,ss,0.018821,0.004750,0.018500,17.501709,42.070769
10492,sss,0.019288,0.004600,0.020000,24.310791,43.888093
10493,psss,0.002892,0.004450,0.019200,42.539795,26.542287
10495,s,0.023128,0.005450,0.019200,6.897217,47.778351
10496,ds,0.002343,0.004200,0.022000,14.125977,28.542513
10497,pds,0.003022,0.005050,0.019200,33.323486,27.271933
10498,pps,0.002854,0.006350,0.018500,54.403564,27.704053
10499,dp,0.002464,0.007300,0.022000,64.112793,31.764344
10500,d,0.002385,0.005600,0.022000,6.721191,29.985393
10501,dd,0.002426,0.004600,0.022000,14.067139,29.025915
10502,pdd,0.003045,0.006500,0.019200,32.952148,28.744804
10503,pp,0.002838,0.004450,0.020000,53.268555,27.288325
10504,dp,0.002464,0.006300,0.018500,62.586670,27.264344
10505,d,0.002385,0.028000,0.022000,10.097900,52.385393
10506,p,0.003780,0.004400,0.018500,29.309570,26.679849
10507,pp,0.002838,0.005150,0.019200,50.038330,27.188325
10508,pp,0.002838,0.004650,0.022000,70.299072,29.488325
10509,pp,0.002838,0.004650,0.022000,90.560791,29.488325
10510,s,0.023128,0.004300,0.019200,11.362549,46.628351
10511,ps,0.002840,0.005050,0.019200,30.304443,27.089786
10512,p,0.003780,0.048350,0.018500,52.474609,70.629849
10513,p,0.003780,0.005550,0.022000,73.608887,31.329849
10514,dp,0.002464,0.006650,0.019200,83.174072,28.314344
10515,p,0.003780,0.004550,0.021500,21.678711,29.829849
10516,pp,0.002838,0.004600,0.021500,44.062988,28.938325
10517,dp,0.002464,0.005100,0.022000,54.395264,29.564344
10518,ddp,0.002502,0.004900,0.018500,61.777832,25.901712
10519,sddp,0.017807,0.004600,0.019200,69.045654,41.606817
10520,s,0.023128,0.004400,0.019200,21.964355,46.728351
10521,ps,0.002840,0.005150,0.019200,41.315674,27.189786
10522,sps,0.018360,0.010900,0.021500,50.509033,50.760251
10523,ps,0.002840,0.004550,0.019200,68.702393,26.589786
10524,sps,0.018360,0.005750,0.022000,78.287842,46.110251
10525,s,0.023128,0.007050,0.019200,12.493164,49.378351
10526,ds,0.002343,0.005200,0.021500,20.101807,29.042513
10527,dds,0.002685,0.004650,0.018500,27.590332,25.835273
10528,ddds,0.002761,0.004800,0.019200,35.326904,26.760792
10530,d,0.002385,0.004750,0.019200,23.441650,26.335393
10531,pd,0.002977,0.004650,0.019200,42.363037,26.827001
10532,pp,0.002838,0.009750,0.018500,62.517822,31.088325
10533,pp,0.002838,0.012150,0.020000,82.653564,34.988325
10534,spp,0.018537,0.006750,0.018500,91.747803,43.787181
10535,p,0.003780,0.005300,0.019200,20.271973,28.279849
10536,pp,0.002838,0.004450,0.019200,42.868896,26.488325
10537,dp,0.002464,0.004400,0.022000,52.708984,28.864344
10538,pd,0.002977,0.004900,0.021500,71.379150,29.377001
10539,pp,0.002838,0.004500,0.021500,95.605469,28.838325
10540,s,0.023128,0.006700,0.019200,22.006348,49.028351
10541,s,0.023128,0.011550,0.022000,29.647705,56.678351
10542,ds,0.002343,0.007850,0.021500,36.642578,31.692513
10543,sds,0.018566,0.006250,0.021500,43.476807,46.316086
10544,ssds,0.018930,0.009200,0.022000,50.173340,50.130221
10545,d,0.002385,0.007300,0.020000,12.907959,29.685393
10546,pd,0.002977,0.004750,0.019200,31.343994,26.927001
10547,pp,0.002838,0.004700,0.019200,51.478760,26.738325
10548,pp,0.002838,0.005100,0.019200,72.031250,27.138325
10549,sp,0.018754,0.004550,0.018500,81.405762,41.803690
10550,s,0.023128,0.008400,0.022000,7.164551,53.528351
10551,ss,0.018821,0.008950,0.021500,14.200439,49.270769
10552,dss,0.002842,0.007050,0.020000,21.658447,29.891615
10553,ddss,0.002785,0.005600,0.020000,29.190430,28.385416
10555,p,0.003780,0.005200,0.022000,42.444824,30.979849
10556,sp,0.018754,0.003700,0.022000,51.802734,44.453690
10557,ssp,0.018787,0.004350,0.020000,58.722900,43.137195
10558,sssp,0.018690,0.005950,0.020000,68.192871,44.639656
10559,dsss,0.003039,0.005200,0.018500,78.696045,26.738978
10560,p,0.003780,0.007350,0.020000,34.347900,31.129849
10561,pp,0.002838,0.008950,0.021500,54.857422,33.288325
10562,spp,0.018537,0.010350,0.020000,64.056152,48.887181
10563,s,0.023128,0.011800,0.022000,71.229736,56.928351
10564,dsp,0.002685,0.005450,0.018500,78.428223,26.634513
10570,s,0.023128,0.004050,0.022000,23.382812,49.178351
10571,ss,0.018821,0.009150,0.022000,31.059814,49.970769
10572,pss,0.002833,0.004800,0.019200,49.328613,26.832709
10573,spss,0.018655,0.004600,0.018500,58.326172,41.755113
10574,pss,0.002833,0.006050,0.022000,76.214844,30.882709
10565,d,0.002385,0.004950,0.022000,15.542725,29.335393
10566,sd,0.018668,0.006400,0.022000,23.172607,47.067773
10567,ssd,0.018735,0.004750,0.019200,30.984619,42.684503
10568,sssd,0.017999,0.004450,0.021500,38.878418,43.948568
10569,dsss,0.003039,0.005100,0.018500,46.682861,26.638978
10580,p,0.003780,0.100750,0.020000,26.854492,124.529849
10581,p,0.003780,0.007100,0.020000,46.727051,30.879849
10582,dp,0.002464,0.004350,0.021500,56.656738,28.314344
10583,sdp,0.018492,0.005000,0.021500,63.971436,44.991971
10584,ssdp,0.018187,0.004050,0.022000,70.823730,44.237445
10575,p,0.003780,0.004150,0.020000,20.099609,27.929849
10576,sp,0.018754,0.004950,0.018500,29.457031,42.203690
10577,psp,0.002926,0.004450,0.018500,47.824707,25.875658
10578,sps,0.018360,0.004850,0.019200,57.013916,42.410251
10579,dsps,0.002950,0.010250,0.018500,64.451660,31.700393
10595,d,0.002385,0.004550,0.019200,8.043945,26.135393
10596,d,0.002385,0.017100,0.022000,15.319092,41.485393
10597,pd,0.002977,0.007100,0.022000,33.814697,32.077001
10598,sp,0.018754,0.003650,0.022000,43.023438,44.403690
10599,psp,0.002926,0.004500,0.020000,61.124512,27.425658
10585,p,0.003780,0.004900,0.021500,17.651123,30.179849
10586,s,0.023128,0.015450,0.022000,27.443604,60.578351
10587,pp,0.002838,0.003950,0.021500,46.186035,28.288325
10588,sp,0.018754,0.010150,0.021500,55.382324,50.403690
10589,dsp,0.002685,0.004550,0.021500,62.708252,28.734513
10590,d,0.002385,0.004450,0.022000,6.984375,28.835393
10591,sd,0.018668,0.005000,0.019200,14.244629,42.867773
10592,psd,0.003139,0.004650,0.018500,32.610352,26.288792
10593,dps,0.002445,0.004950,0.020000,42.123291,27.394936
10594,pd,0.002977,0.004550,0.018500,60.353760,26.027001
10600,p,0.003780,0.010900,0.022000,22.856201,36.679849
10601,d,0.002385,0.004700,0.019200,33.858398,26.285393
10602,dd,0.002426,0.004500,0.022000,41.601807,28.925915
10603,pd,0.002977,0.004700,0.019200,60.485596,26.877001
10604,spd,0.018317,0.004750,0.020000,69.827393,43.067325
10605,s,0.023128,0.007100,0.022000,7.110352,52.228351
10606,ds,0.002343,0.004750,0.022000,15.087158,29.092513
10607,pds,0.003022,0.005400,0.021500,34.902344,29.921933
10608,dps,0.002445,0.004750,0.018500,44.877197,25.694936
10609,pdp,0.002932,0.004450,0.018500,63.298584,25.881683
10610,s,0.023128,0.004700,0.018500,23.489014,46.328351
10611,ss,0.018821,0.005000,0.020000,31.203369,43.820769
10612,pss,0.002833,0.004750,0.022000,49.302490,29.582709
10613,spss,0.018655,0.009850,0.019200,58.314941,47.705113
10614,psp,0.002926,0.004200,0.022000,76.353271,29.125658
10615,s,0.023128,0.004350,0.020000,9.636963,47.478351
10616,ds,0.002343,0.006000,0.022000,18.219238,30.342513
10617,pds,0.003022,0.006400,0.022000,42.511719,31.421933
10618,dps,0.002445,0.005200,0.021500,51.891357,29.144936
10619,sdp,0.018492,0.004050,0.022000,58.970215,44.541971
10620,p,0.003780,0.007850,0.022000,34.495850,33.629849
10621,pp,0.002838,0.007200,0.022000,54.622314,32.038325
10622,pp,0.002838,0.004450,0.018500,75.096436,25.788325
10623,spp,0.018537,0.004650,0.018500,85.916748,41.687181
10624,ps,0.002840,0.044000,0.020000,104.375000,66.839786
10625,d,0.002385,0.004500,0.018500,23.476318,25.385393
10626,pd,0.002977,0.004150,0.019200,42.284180,26.327001
10627,dp,0.002464,0.007200,0.022000,51.740967,31.664344
10628,pd,0.002977,0.012000,0.018500,70.273926,33.477001
10629,d,0.002385,0.047250,0.022000,79.848389,71.635393
10630,s,0.023128,0.006550,0.019200,19.842041,48.878351
10631,ss,0.018821,0.006400,0.020000,27.400391,45.220769
10632,sss,0.019288,0.005550,0.021500,34.154297,46.338093
10633,dsss,0.003039,0.004500,0.022000,41.278809,29.538978
10640,s,0.023128,0.006250,0.019200,6.353516,48.578351
10641,ds,0.002343,0.005600,0.020000,13.396240,27.942513
10642,dds,0.002685,0.005850,0.021500,20.424316,30.035273
10643,ddds,0.002761,0.006950,0.022000,27.447510,31.710792
10644,d,0.002385,0.029600,0.018500,34.542725,50.485393
10635,p,0.003780,0.004750,0.021500,17.623779,30.029849
10636,sp,0.018754,0.005650,0.021500,27.014648,45.903690
10637,psp,0.002926,0.004500,0.022000,45.197021,29.425658
10638,sps,0.018360,0.009450,0.018500,54.213135,46.310251
10639,psps,0.002923,0.006700,0.019200,72.368408,28.822585
10645,d,0.002385,0.004500,0.022000,6.772949,28.885393
10646,dd,0.002426,0.004900,0.020000,14.298828,27.325915
10647,d,0.002385,0.017350,0.020000,21.540771,39.735393
10648,sdd,0.018511,0.005400,0.020000,28.544189,43.910933
10649,ssdd,0.018091,0.005350,0.020000,35.466064,43.441216
10650,d,0.002385,0.005700,0.018500,7.044434,26.585393
10651,s,0.023128,0.005850,0.018500,14.262939,47.478351
10652,p,0.003780,0.008250,0.019200,34.666504,31.229849
10653,ss,0.018821,0.004200,0.021500,45.300293,44.520769
10654,sss,0.019288,0.004900,0.021500,53.034668,45.688093
10655,s,0.023128,0.023100,0.020000,21.800537,66.228351
10656,d,0.002385,0.056000,0.018500,29.949707,76.885393
10657,d,0.002385,0.004250,0.019200,37.010742,25.835393
10658,sd,0.018668,0.008500,0.020000,43.958984,47.167773
10659,dsd,0.002613,0.004900,0.022000,51.083984,29.512551
10670,d,0.002385,0.007350,0.018500,6.820801,28.235393
10671,d,0.002385,0.014450,0.021500,14.129883,38.335393
10672,sd,0.018668,0.005600,0.020000,21.177246,44.267773
10673,ssd,0.018735,0.006350,0.020000,28.041260,45.084503
10674,dss,0.002842,0.004550,0.022000,35.134521,29.391615
10660,p,0.003780,0.004450,0.020000,17.799316,28.229849
10661,sp,0.018754,0.004450,0.019200,27.025146,42.403690
10662,psp,0.002926,0.004050,0.018500,45.382324,25.475658
10663,sps,0.018360,0.004850,0.022000,54.850098,45.210251
10664,dsps,0.002950,0.005500,0.019200,61.988281,27.650393
10665,d,0.002385,0.005150,0.020000,6.742432,27.535393
10666,p,0.003780,0.007900,0.019200,25.243652,30.879849
10667,p,0.003780,0.006400,0.022000,45.865479,32.179849
10668,dp,0.002464,0.004500,0.020000,55.170166,26.964344
10669,ddp,0.002502,0.004150,0.020000,62.278320,26.651712
10685,s,0.023128,0.008250,0.021500,9.825195,52.878351
10686,ss,0.018821,0.006250,0.021500,16.666748,46.570769
10687,pss,0.002833,0.005150,0.019200,34.932373,27.182709
10688,ppss,0.002998,0.006750,0.020000,55.448730,29.747567
10689,pp,0.002838,0.005000,0.021500,76.120605,29.338325
10675,d,0.002385,0.003900,0.020000,22.881592,26.285393
10676,sd,0.018668,0.006000,0.022000,30.586914,46.667773
10677,dsd,0.002613,0.006700,0.022000,37.690918,31.312551
10678,pds,0.003022,0.005600,0.021500,56.154297,30.121933
10679,dpds,0.002826,0.004750,0.022000,65.666016,29.575574
10680,p,0.003780,0.005350,0.019200,17.796875,28.329849
10681,sp,0.018754,0.007900,0.022000,27.101318,48.653690
10682,dsp,0.002685,0.004750,0.018500,34.172119,25.934513
10683,d,0.002385,0.009150,0.021500,41.270752,33.035393
10684,sds,0.018566,0.005850,0.021500,48.043701,45.916086
10690,d,0.002385,0.004550,0.020000,6.791992,26.935393
10691,pd,0.002977,0.005550,0.021500,25.227539,30.027001
10692,p,0.003780,0.020150,0.022000,45.582520,45.929849
10693,sp,0.018754,0.005050,0.022000,54.630127,45.803690
10694,sp,0.018754,0.052150,0.019200,61.357178,90.103690
10695,d,0.002385,0.006050,0.019200,20.806885,27.635393
10696,sd,0.018668,0.004750,0.018500,28.206543,41.917773
10697,ssd,0.018735,0.004750,0.021500,34.889404,44.984503
10698,sssd,0.017999,0.004500,0.018500,41.563965,40.998568
10699,psss,0.002892,0.005050,0.018500,60.262451,26.442287
10700,d,0.002385,0.005350,0.019200,6.518799,26.935393
10701,pd,0.002977,0.004450,0.021500,25.274170,28.927001
10702,dp,0.002464,0.004750,0.019200,34.607910,26.414344
10703,ddp,0.002502,0.005050,0.019200,41.739014,26.751712
10704,sddp,0.017807,0.004050,0.021500,48.600342,43.356817
10705,d,0.002385,0.004850,0.019200,7.438965,26.435393
10706,dd,0.002426,0.004750,0.019200,14.747070,26.375915
10707,s,0.023128,0.007100,0.020000,21.958252,50.228351
10708,ss,0.018821,0.015150,0.018500,28.851807,52.470769
10709,sd,0.018668,0.004950,0.019200,35.637695,42.817773
10720,d,0.002385,0.005200,0.019200,15.977539,26.785393
10721,sd,0.018668,0.004550,0.019200,23.227539,42.417773
10722,ssd,0.018735,0.004600,0.022000,29.865234,45.334503
10723,dssd,0.002931,0.005200,0.020000,36.761230,28.131476
10724,ddss,0.002785,0.005200,0.020000,43.796875,27.985416
10710,s,0.023128,0.004750,0.020000,6.405029,47.878351
10711,ss,0.018821,0.004800,0.021500,13.362061,45.120769
10712,sss,0.019288,0.004500,0.021500,20.480713,45.288093
10713,dsss,0.003039,0.005900,0.018500,28.396729,27.438978
10715,p,0.003780,0.004800,0.020000,32.477783,28.579849
10716,dp,0.002464,0.003950,0.019200,41.759033,25.614344
10717,pdp,0.002932,0.004850,0.022000,59.718506,29.781683
10718,pp,0.002838,0.005150,0.019200,80.011475,27.188325
10719,pp,0.002838,0.005400,0.022000,100.312500,30.238325
10725,s,0.023128,0.009750,0.019200,24.140625,52.078351
10726,ps,0.002840,0.005100,0.022000,43.567871,29.939786
10727,p,0.003780,0.035550,0.020000,64.657959,59.329849
10728,ss,0.018821,0.009850,0.020000,73.890869,48.670769
10729,ds,0.002343,0.003950,0.018500,81.226807,24.792513
10730,p,0.003780,0.007000,0.020000,26.174805,30.779849
10731,dp,0.002464,0.004550,0.020000,36.084961,27.014344
10732,sdp,0.018492,0.005650,0.022000,43.312988,46.141971
10733,psd,0.003139,0.004900,0.022000,62.236572,30.038792
10734,pps,0.002854,0.004900,0.020000,84.548828,27.754053
10735,d,0.002385,0.004400,0.020000,6.896484,26.785393
10736,pd,0.002977,0.013950,0.018500,25.463623,35.427001
10737,pp,0.002838,0.009150,0.018500,46.870605,30.488325
10738,pp,0.002838,0.007200,0.020000,67.963379,30.038325
10739,dp,0.002464,0.005750,0.020000,77.566406,28.214344
10740,p,0.003780,0.004800,0.021500,35.416016,30.079849
10741,dp,0.002464,0.006150,0.020000,44.724854,28.614344
10742,ddp,0.002502,0.005100,0.021500,51.930420,29.101712
10743,s,0.023128,0.007750,0.018500,58.922363,49.378351
10744,pd,0.002977,0.003900,0.022000,77.258057,28.877001
10745,d,0.002385,0.005550,0.019200,8.182373,27.135393
10746,pd,0.002977,0.005200,0.019200,30.329834,27.377001
10747,dp,0.002464,0.005000,0.021500,39.783691,28.964344
10748,sdp,0.018492,0.010000,0.021500,46.600830,49.991971
10749,ssdp,0.018187,0.004300,0.021500,53.307373,43.987445
10750,d,0.002385,0.015550,0.022000,6.730225,39.935393
10751,pd,0.002977,0.004600,0.018500,26.215088,26.077001
10752,pp,0.002838,0.004550,0.022000,49.887207,29.388325
10753,dp,0.002464,0.004750,0.020000,60.608154,27.214344
10754,ddp,0.002502,0.005000,0.019200,68.377441,26.701712
10755,d,0.002385,0.004900,0.021500,10.101318,28.785393
10756,sd,0.018668,0.012450,0.020000,17.324951,51.117773
10757,ssd,0.018735,0.007350,0.020000,24.197510,46.084503
10758,s,0.023128,0.008250,0.020000,31.085693,51.378351
10759,ds,0.002343,0.011700,0.022000,38.462158,36.042513
10760,p,0.003780,0.014000,0.020000,30.458496,37.779849
10761,dp,0.002464,0.010250,0.019200,41.209473,31.914344
10762,sdp,0.018492,0.005600,0.021500,48.788086,45.591971
10763,dsdp,0.002604,0.007400,0.022000,56.336914,32.003992
10765,s,0.023128,0.010350,0.021500,7.635986,54.978351
10766,ds,0.002343,0.004300,0.019200,14.828125,25.842513
10767,dds,0.002685,0.005200,0.018500,22.007324,26.385273
10768,pdds,0.002946,0.016900,0.019200,40.651611,39.045651
10769,pps,0.002854,0.004900,0.018500,61.656250,26.254053
10770,d,0.002385,0.005150,0.021500,6.793701,29.035393
10771,pd,0.002977,0.003950,0.022000,25.267578,28.927001
10772,spd,0.018317,0.007050,0.020000,34.641113,45.367325
10773,dsp,0.002685,0.005800,0.018500,41.780273,26.984513
10774,pds,0.003022,0.008600,0.019200,60.092285,30.821933
10775,d,0.002385,0.004250,0.018500,10.489258,25.135393
10776,dd,0.002426,0.004400,0.019200,17.564697,26.025915
10777,sdd,0.018511,0.004800,0.019200,24.312500,42.510933
10778,psd,0.003139,0.007200,0.022000,42.657959,32.338792
10779,sps,0.018360,0.004750,0.018500,51.684570,41.610251
10780,p,0.003780,0.009750,0.018500,23.755371,32.029849
10781,s,0.023128,0.004450,0.022000,32.922607,49.578351
10782,ds,0.002343,0.004750,0.022000,40.102783,29.092513
10783,sds,0.018566,0.004350,0.022000,47.035889,44.916086
10784,ssds,0.018930,0.005300,0.021500,53.957764,45.730221
10785,d,0.002385,0.003950,0.019200,23.980713,25.535393
10786,dd,0.002426,0.004350,0.018500,31.724121,25.275915
10787,pd,0.002977,0.004550,0.019200,49.868896,26.727001
10788,dp,0.002464,0.004300,0.018500,59.124512,25.264344
10789,pd,0.002977,0.008450,0.018500,76.966553,29.927001
10790,d,0.002385,0.006300,0.019200,15.689453,27.885393
10791,sd,0.018668,0.005300,0.019200,23.898682,43.167773
10792,ssd,0.018735,0.006600,0.020000,31.156494,45.334503
10793,dssd,0.002931,0.005750,0.021500,38.418213,30.181476
10794,ddss,0.002785,0.004600,0.019200,46.316406,26.585416
10795,p,0.003780,0.009200,0.022000,35.676270,34.979849
10796,dp,0.002464,0.005600,0.020000,45.343506,28.064344
10797,ddp,0.002502,0.007250,0.019200,52.599365,28.951712
10798,dddp,0.002699,0.005100,0.022000,59.936768,29.799161
10799,pdd,0.003045,0.010900,0.022000,78.313477,35.944804
10800,s,0.023128,0.005150,0.018500,23.161133,46.778351
10801,ss,0.018821,0.012000,0.022000,30.144043,52.820769
10802,pss,0.002833,0.003950,0.020000,48.719482,26.782709
10803,spss,0.018655,0.006000,0.022000,58.504883,46.655113
10805,d,0.002385,0.005000,0.019200,7.152344,26.585393
10806,dd,0.002426,0.004700,0.022000,14.701660,29.125915
10807,sdd,0.018511,0.004900,0.020000,21.891602,43.410933
10808,psd,0.003139,0.006950,0.020000,40.244141,30.088792
10809,pps,0.002854,0.005050,0.018500,60.934326,26.404053
10810,p,0.003780,0.014350,0.018500,17.912109,36.629849
10811,dp,0.002464,0.007750,0.019200,27.573975,29.414344
10812,d,0.002385,0.007450,0.018500,34.911133,28.335393
10813,dd,0.002426,0.005450,0.018500,42.279297,26.375915
10814,ddd,0.002493,0.005800,0.020000,49.624023,28.293417
10815,d,0.002385,0.004750,0.022000,23.550781,29.135393
10816,dd,0.002426,0.004800,0.019200,32.144775,26.425915
10817,d,0.002385,0.009600,0.020000,39.206543,31.985393
10818,ddd,0.002493,0.004200,0.022000,46.231934,28.693417
10819,ddd,0.002493,0.005000,0.022000,53.237061,29.493417
10820,d,0.002385,0.005650,0.019200,17.093994,27.235393
10821,pd,0.002977,0.005300,0.021500,36.660889,29.777001
10822,sp,0.018754,0.010000,0.021500,45.691895,50.253690
10823,psp,0.002926,0.004750,0.021500,64.295898,29.175658
10824,dps,0.002445,0.006550,0.021500,73.760742,30.494936
10825,d,0.002385,0.006550,0.018500,6.762451,27.435393
10826,sd,0.018668,0.003700,0.021500,13.753906,43.867773
10827,dsd,0.002613,0.005400,0.020000,20.983887,28.012551
10828,sdsd,0.018197,0.004500,0.019200,28.076660,41.897164
10829,ssds,0.018930,0.005800,0.021500,34.917969,46.230221
10830,s,0.023128,0.007100,0.022000,19.755371,52.228351
10831,ps,0.002840,0.012900,0.018500,38.948486,34.239786
10832,sps,0.018360,0.004400,0.022000,48.296143,44.760251
10833,psps,0.002923,0.004950,0.019200,66.675049,27.072585
10834,dps,0.002445,0.004500,0.022000,76.391846,28.944936
10835,p,0.003780,0.007450,0.019200,34.487549,30.429849
10836,sp,0.018754,0.005600,0.018500,43.640869,42.853690
10837,dsp,0.002685,0.007200,0.018500,50.882324,28.384513
10838,pds,0.003022,0.005600,0.021500,69.324951,30.121933
10839,pp,0.002838,0.004800,0.019200,90.185547,26.838325
10840,p,0.003780,0.007200,0.022000,22.041504,32.979849
10841,pp,0.002838,0.006000,0.019200,42.992432,28.038325
10842,dpp,0.002514,0.004050,0.019200,52.820312,25.764416
10843,d,0.002385,0.014350,0.020000,59.854736,36.735393
10844,sdp,0.018492,0.016900,0.022000,66.735596,57.391971
10845,p,0.003780,0.005100,0.018500,35.281494,27.379849
10846,pp,0.002838,0.006000,0.020000,56.050293,28.838325
10847,pp,0.002838,0.009050,0.022000,76.322998,33.888325
10848,dp,0.002464,0.004300,0.021500,85.606445,28.264344
10849,p,0.003780,0.015450,0.022000,103.699219,41.229849
10860,p,0.003780,0.004750,0.018500,35.224854,27.029849
10861,pp,0.002838,0.004450,0.020000,55.547119,27.288325
10862,sp,0.018754,0.004900,0.019200,64.619141,42.853690
10863,dsp,0.002685,0.006400,0.018500,71.671875,27.584513
10864,ddsp,0.002864,0.005000,0.018500,78.745605,26.363565
10855,s,0.023128,0.008600,0.021500,23.795898,53.228351
10856,ps,0.002840,0.004500,0.019200,42.795898,26.539786
10857,dps,0.002445,0.004900,0.020000,52.059082,27.344936
10858,pds,0.003022,0.004700,0.021500,70.142090,29.221933
10859,spd,0.018317,0.007900,0.019200,79.106201,45.417325
10850,s,0.023128,0.006400,0.020000,6.351074,49.528351
10851,ds,0.002343,0.005100,0.021500,13.609131,28.942513
10852,sds,0.018566,0.004200,0.022000,21.095703,44.766086
10853,p,0.003780,0.054550,0.020000,40.796387,78.329849
10854,sp,0.018754,0.015650,0.018500,50.426758,52.903690
10865,s,0.023128,0.005000,0.018500,7.268555,46.628351
10866,ps,0.002840,0.008450,0.019200,26.038086,30.489786
10867,pps,0.002854,0.004050,0.021500,46.589844,28.404053
10868,dpp,0.002514,0.005050,0.018500,56.267822,26.064416
10869,pdp,0.002932,0.004150,0.018500,74.325195,25.581683
10870,s,0.023128,0.005650,0.022000,6.530029,50.778351
10871,p,0.003780,0.021550,0.018500,24.923828,43.829849
10872,ps,0.002840,0.003850,0.019200,46.463379,25.889786
10873,dps,0.002445,0.005550,0.022000,56.677246,29.994936
10874,ddp,0.002502,0.010350,0.018500,64.228271,31.351712
10880,d,0.002385,0.004350,0.021500,6.671631,28.235393
10881,sd,0.018668,0.005900,0.021500,13.459961,46.067773
10882,ssd,0.018735,0.004300,0.018500,20.144775,41.534503
10883,d,0.002385,0.016950,0.022000,27.145020,41.335393
10884,sssd,0.017999,0.004650,0.018500,33.958740,41.148568
10885,d,0.002385,0.005600,0.021500,6.538330,29.485393
10886,pd,0.002977,0.005700,0.018500,25.387207,27.177001
10887,dpd,0.002513,0.005350,0.021500,34.672363,29.362673
10888,pd,0.002977,0.005150,0.021500,52.772705,29.627001
10889,dpd,0.002513,0.005550,0.021500,62.004883,29.562673
10875,s,0.023128,0.004750,0.022000,22.954102,49.878351
10876,ds,0.002343,0.003900,0.018500,31.194336,24.742513
10877,dds,0.002685,0.004900,0.020000,38.298828,27.585273
10878,pds,0.003022,0.004700,0.020000,56.486816,27.721933
10879,dpds,0.002826,0.006400,0.022000,65.710693,31.225574
10895,s,0.023128,0.012750,0.018500,8.788574,54.378351
10896,s,0.023128,0.005100,0.022000,15.899414,50.228351
10897,ds,0.002343,0.004500,0.019200,22.992920,26.042513
10898,dds,0.002685,0.004850,0.021500,30.178955,29.035273
10899,ddds,0.002761,0.005100,0.020000,37.323486,27.860792
10890,s,0.023128,0.004650,0.022000,6.578613,49.778351
10891,d,0.002385,0.008400,0.020000,14.084229,30.785393
10892,ds,0.002343,0.006250,0.020000,21.312988,28.592513
10893,dds,0.002685,0.005450,0.022000,28.596436,30.135273
10894,pdds,0.002946,0.006200,0.019200,47.229004,28.345651
10900,p,0.003780,0.003950,0.018500,31.607422,26.229849
10901,pp,0.002838,0.004750,0.020000,51.778076,27.588325
10902,sp,0.018754,0.004800,0.020000,60.827148,43.553690
10903,psp,0.002926,0.005700,0.020000,79.314941,28.625658
10904,dps,0.002445,0.005100,0.019200,88.829590,26.744936
10905,d,0.002385,0.004600,0.021500,22.373291,28.485393
10906,pd,0.002977,0.007400,0.019200,41.559326,29.577001
10907,dp,0.002464,0.003950,0.018500,52.676025,24.914344
10908,ddp,0.002502,0.007400,0.022000,60.246582,31.901712
10909,dddp,0.002699,0.004950,0.021500,67.724854,29.149161
10915,d,0.002385,0.004900,0.021500,22.582275,28.785393
10916,dd,0.002426,0.007300,0.022000,30.438477,31.725915
10917,ddd,0.002493,0.004450,0.021500,37.555176,28.443417
10918,pdd,0.003045,0.004850,0.020000,55.647461,27.894804
10919,dpd,0.002513,0.005000,0.020000,64.850830,27.512673
10910,p,0.003780,0.004850,0.021500,18.586670,30.129849
10911,dp,0.002464,0.008150,0.021500,28.990479,32.114344
10912,sdp,0.018492,0.005350,0.019200,36.481445,43.041971
10913,psd,0.003139,0.006950,0.019200,55.868408,29.288792
10914,dps,0.002445,0.016150,0.021500,65.696045,40.094936
10925,s,0.023128,0.005300,0.019200,6.488770,47.628351
10926,ss,0.018821,0.007250,0.021500,13.376709,47.570769
10927,pss,0.002833,0.005450,0.020000,31.459229,28.282709
10928,dpss,0.002761,0.004750,0.019200,40.743896,26.710817
10920,d,0.002385,0.004500,0.020000,6.700195,26.885393
10921,sd,0.018668,0.004000,0.020000,13.725342,42.667773
10922,psd,0.003139,0.006900,0.019200,32.625000,29.238792
10923,p,0.003780,0.004300,0.019200,654.887695,27.279849
10924,sp,0.018754,0.009550,0.018500,663.941650,46.803690
10930,p,0.003780,0.004300,0.019200,18.840088,27.279849
10931,pp,0.002838,0.006400,0.020000,40.882324,29.238325
10932,pp,0.002838,0.005300,0.021500,61.922852,29.638325
10933,pp,0.002838,0.005600,0.021500,82.906006,29.938325
10934,dp,0.002464,0.004950,0.019200,92.627441,26.614344
10935,p,0.003780,0.007900,0.018500,21.928467,30.179849
10936,sp,0.018754,0.004750,0.021500,31.055420,45.003690
10937,ssp,0.018787,0.005450,0.018500,37.884521,42.737195
10938,pss,0.002833,0.006000,0.021500,56.298096,30.332709
10939,dpss,0.002761,0.005100,0.019200,66.109131,27.060817
10940,p,0.003780,0.004700,0.019200,35.995850,27.679849
10941,pp,0.002838,0.013100,0.019200,58.041504,35.138325
10942,sp,0.018754,0.004250,0.021500,67.527588,44.503690
10943,ssp,0.018787,0.004900,0.019200,74.584229,42.887195
10944,dssp,0.002732,0.009100,0.018500,81.758545,30.331810
10950,d,0.002385,0.008750,0.018500,7.371582,29.635393
10951,pd,0.002977,0.006700,0.022000,25.564697,31.677001
10952,d,0.002385,0.013100,0.021500,34.909668,36.985393
10953,dp,0.002464,0.009000,0.019200,42.100586,30.664344
10954,ddp,0.002502,0.014000,0.020000,49.168701,36.501712
10945,s,0.023128,0.020500,0.022000,6.298828,65.628351
10946,s,0.023128,0.004350,0.019200,13.213379,46.678351
10947,ps,0.002840,0.004250,0.018500,31.651367,25.589786
10948,sps,0.018360,0.004850,0.020000,40.687500,43.210251
10949,dsps,0.002950,0.009000,0.018500,47.610596,30.450393
10955,p,0.003780,0.005600,0.018500,17.723877,27.879849
10956,pp,0.002838,0.004450,0.019200,38.691162,26.488325
10957,dp,0.002464,0.004000,0.019200,48.530518,25.664344
10958,sdp,0.018492,0.005600,0.018500,55.322754,42.591971
10959,ssdp,0.018187,0.008550,0.019200,61.925049,45.937445
10960,d,0.002385,0.005000,0.018500,6.644775,25.885393
10961,dd,0.002426,0.005150,0.022000,13.928955,29.575915
10962,ddd,0.002493,0.006500,0.019200,21.165527,28.193417
10963,sddd,0.017932,0.004300,0.018500,27.992676,40.731734
10964,p,0.003780,0.003700,0.021500,46.495117,28.979849
10965,p,0.003780,0.008500,0.020000,18.866699,32.279849
10966,s,0.023128,0.101000,0.020000,28.148926,144.128351
10967,s,0.023128,0.011800,0.020000,34.962891,54.928351
10968,dp,0.002464,0.004400,0.020000,42.070068,26.864344
10969,ddp,0.002502,0.005650,0.020000,49.160645,28.151712
10970,d,0.002385,0.004200,0.021500,9.881104,28.085393
10971,sd,0.018668,0.004900,0.020000,16.768311,43.567773
10972,dsd,0.002613,0.004350,0.018500,23.683594,25.462551
10973,ddsd,0.002653,0.005500,0.022000,30.663574,30.153469
10974,pdds,0.002946,0.004850,0.022000,48.995117,29.795651
10980,s,0.023128,0.009150,0.021500,6.377686,53.778351
10981,ss,0.018821,0.004650,0.020000,13.117188,43.470769
10982,sss,0.019288,0.008550,0.021500,19.741699,49.338093
10983,ssss,0.018888,0.005900,0.019200,26.440430,43.988175
10975,s,0.023128,0.004400,0.018500,6.703369,46.028351
10976,p,0.003780,0.093300,0.022000,25.718994,119.079849
10977,ds,0.002343,0.004200,0.021500,35.155029,28.042513
10978,dds,0.002685,0.005150,0.020000,42.304688,27.835273
10979,sdds,0.018154,0.004300,0.018500,49.135254,40.953743
10985,s,0.023128,0.005100,0.018500,6.372559,46.728351
10986,ss,0.018821,0.010000,0.021500,13.292236,50.320769
10987,sss,0.019288,0.005000,0.020000,20.244385,44.288093
10988,ssss,0.018888,0.004400,0.022000,27.054688,45.288175
10990,p,0.003780,0.004350,0.018500,17.552002,26.629849
10991,sp,0.018754,0.004750,0.021500,26.483154,45.003690
10992,ps,0.002840,0.006200,0.019200,44.276855,28.239786
10993,pps,0.002854,0.004850,0.022000,64.340332,29.704053
10994,pp,0.002838,0.005450,0.018500,84.381836,26.788325
11000,p,0.003780,0.008100,0.021500,17.819824,33.379849
11001,s,0.023128,0.004750,0.018500,26.772705,46.378351
11002,ps,0.002840,0.004550,0.020000,44.722900,27.389786
11003,dps,0.002445,0.004450,0.018500,53.959473,25.394936
11004,ddps,0.002746,0.004550,0.019200,60.952881,26.495776
10995,s,0.023128,0.004400,0.019200,6.406250,46.728351
10996,ds,0.002343,0.004800,0.021500,13.550537,28.642513
10997,pds,0.003022,0.009050,0.021500,33.109619,33.571933
10998,pp,0.002838,0.005800,0.020000,55.220459,28.638325
10999,pp,0.002838,0.006000,0.022000,76.384766,30.838325
11005,d,0.002385,0.004450,0.020000,22.203857,26.835393
11006,sd,0.018668,0.004550,0.020000,29.723389,43.217773
11007,ssd,0.018735,0.004800,0.020000,36.487061,43.534503
11008,sssd,0.017999,0.006650,0.021500,43.133057,46.148568
11009,dsss,0.003039,0.004750,0.022000,50.048828,29.788978
11010,p,0.003780,0.010550,0.022000,18.482178,36.329849
11011,p,0.003780,0.005200,0.019200,39.069092,28.179849
11012,sp,0.018754,0.004900,0.020000,48.031006,43.653690
11013,ssp,0.018787,0.008950,0.020000,54.694824,47.737195
11014,sss,0.019288,0.004550,0.021500,61.312500,45.338093
11015,s,0.023128,0.005300,0.018500,6.884033,46.928351
11016,ds,0.002343,0.008050,0.021500,14.668701,31.892513
11017,pds,0.003022,0.005200,0.021500,34.792725,29.721933
11018,spds,0.018151,0.004700,0.021500,44.934326,44.350699
11019,psp,0.002926,0.004550,0.018500,63.520020,25.975658
11020,s,0.023128,0.006750,0.018500,6.206055,48.378351
11021,ps,0.002840,0.005650,0.020000,24.563477,28.489786
11022,pps,0.002854,0.005350,0.022000,45.511719,30.204053
11023,dp,0.002464,0.004850,0.018500,56.136963,25.814344
11024,ddp,0.002502,0.004650,0.018500,64.089844,25.651712
11025,s,0.023128,0.004350,0.018500,14.716064,45.978351
11026,ps,0.002840,0.006700,0.021500,33.451904,31.039786
11027,sps,0.018360,0.004550,0.019200,42.897949,42.110251
11028,psp,0.002926,0.004850,0.022000,61.519043,29.775658
11029,pps,0.002854,0.004750,0.018500,82.251465,26.104053
11030,p,0.003780,0.004450,0.020000,17.556396,28.229849
11031,dp,0.002464,0.005200,0.021500,26.850098,29.164344
11032,pdp,0.002932,0.004400,0.022000,45.091553,29.331683
11033,spd,0.018317,0.004150,0.022000,54.333252,44.467325
11034,psp,0.002926,0.005100,0.022000,72.437988,30.025658
11035,d,0.002385,0.003650,0.018500,6.668457,24.535393
11036,dd,0.002426,0.004850,0.020000,13.949951,27.275915
11037,pd,0.002977,0.005250,0.018500,32.202393,26.727001
11038,sp,0.018754,0.004850,0.020000,41.343506,43.603690
11039,ps,0.002840,0.009550,0.020000,59.289307,32.389786
11040,p,0.003780,0.004450,0.021500,18.478516,29.729849
11041,sp,0.018754,0.005300,0.021500,27.835938,45.553690
11042,psp,0.002926,0.004450,0.021500,46.093750,28.875658
11043,dps,0.002445,0.010150,0.022000,55.613037,34.594936
11044,pdp,0.002932,0.044000,0.020000,74.101807,66.931683
11045,p,0.003780,0.007250,0.020000,34.894043,31.029849
11046,dp,0.002464,0.003950,0.022000,44.423340,28.414344
11047,sdp,0.018492,0.004400,0.020000,51.276855,42.891971
11048,ssdp,0.018187,0.005550,0.022000,57.912842,45.737445
11050,d,0.002385,0.005350,0.019200,13.860107,26.935393
11051,sd,0.018668,0.005300,0.021500,21.291260,45.467773
11052,ssd,0.018735,0.003950,0.022000,28.409912,44.684503
11053,dssd,0.002931,0.005500,0.019200,35.665283,27.631476
11054,sdss,0.018223,0.008400,0.022000,42.577637,48.622624
11065,p,0.003780,0.004900,0.020000,17.735840,28.679849
11066,sp,0.018754,0.005550,0.018500,26.996826,42.803690
11067,psp,0.002926,0.005150,0.018500,45.041992,26.575658
11068,pps,0.002854,0.004850,0.018500,65.097900,26.204053
11069,dp,0.002464,0.004050,0.022000,74.362061,28.514344
11060,p,0.003780,0.004700,0.018500,17.632812,26.979849
11061,dp,0.002464,0.005350,0.020000,27.419434,27.814344
11062,pd,0.002977,0.004650,0.022000,46.091064,29.627001
11063,dp,0.002464,0.005350,0.022000,55.316406,29.814344
11064,sdp,0.018492,0.008000,0.018500,62.097656,44.991971
11055,p,0.003780,0.005100,0.021500,20.795898,30.379849
11056,pp,0.002838,0.006600,0.020000,43.126465,29.438325
11057,pp,0.002838,0.004400,0.022000,64.393555,29.238325
11058,pp,0.002838,0.008750,0.019200,85.171143,30.788325
11059,pp,0.002838,0.005450,0.019200,105.505859,27.488325
11070,s,0.023128,0.003400,0.018500,17.546875,45.028351
11071,ps,0.002840,0.005250,0.022000,36.216797,30.089786
11072,sps,0.018360,0.004400,0.021500,45.114014,44.260251
11073,ssps,0.018466,0.005450,0.018500,51.756592,42.416056
11074,pss,0.002833,0.007550,0.018500,69.657959,28.882709
11075,p,0.003780,0.006000,0.019200,21.286377,28.979849
11076,pp,0.002838,0.006950,0.020000,42.170654,29.788325
11077,pp,0.002838,0.005000,0.018500,62.606689,26.338325
11078,spp,0.018537,0.007250,0.021500,71.749268,47.287181
11079,ps,0.002840,0.004700,0.018500,89.900635,26.039786
11080,p,0.003780,0.005100,0.021500,18.095215,30.379849
11081,dp,0.002464,0.005300,0.020000,27.952393,27.764344
11082,pd,0.002977,0.003850,0.018500,48.819336,25.327001
11083,pp,0.002838,0.005650,0.021500,71.059570,29.988325
11084,dp,0.002464,0.005000,0.021500,80.854492,28.964344
11085,p,0.003780,0.006000,0.019200,18.635254,28.979849
11086,sp,0.018754,0.005400,0.021500,27.887695,45.653690
11087,ssp,0.018787,0.008600,0.018500,34.681885,45.887195
11088,sssp,0.018690,0.005550,0.019200,41.433350,43.439656
11089,psss,0.002892,0.004300,0.020000,59.800537,27.192287
11090,d,0.002385,0.013500,0.018500,23.268799,34.385393
11091,sd,0.018668,0.006700,0.019200,30.697754,44.567773
11092,s,0.023128,0.088700,0.021500,37.692627,133.328351
11093,psd,0.003139,0.007450,0.018500,57.449707,29.088792
11094,pp,0.002838,0.011100,0.019200,80.739258,33.138325
11095,s,0.023128,0.004700,0.019200,23.401611,47.028351
11096,ds,0.002343,0.004400,0.022000,31.494629,28.742513
11097,pds,0.003022,0.006500,0.022000,50.241699,31.521933
11098,pp,0.002838,0.004900,0.020000,70.582520,27.738325
11099,spp,0.018537,0.004500,0.021500,79.846680,44.537181
11100,d,0.002385,0.005100,0.020000,6.736328,27.485393
11101,pd,0.002977,0.005100,0.019200,25.214844,27.277001
11102,pp,0.002838,0.004450,0.020000,45.749023,27.288325
11103,sp,0.018754,0.008950,0.022000,55.010986,49.703690
11104,ssp,0.018787,0.006400,0.019200,61.836914,44.387195
11110,d,0.002385,0.005300,0.022000,15.647217,29.685393
11111,dd,0.002426,0.004250,0.022000,23.056885,28.675915
11112,d,0.002385,0.025750,0.018500,30.196289,46.635393
11113,sdd,0.018511,0.006400,0.021500,37.294189,46.410933
11114,dsdd,0.002830,0.021000,0.018500,44.422852,42.329964
11105,s,0.023128,0.009500,0.019200,18.706787,51.828351
11106,ds,0.002343,0.005100,0.019200,27.567627,26.642513
11107,sds,0.018566,0.010450,0.021500,34.322754,50.516086
11108,psds,0.002945,0.005600,0.019200,52.735107,27.745423
11109,dpss,0.002761,0.006400,0.022000,62.157471,31.160817
11115,s,0.023128,0.004550,0.018500,7.276367,46.178351
11116,ps,0.002840,0.006000,0.020000,27.572754,28.839786
11117,sps,0.018360,0.005550,0.018500,37.671387,42.410251
11118,dsps,0.002950,0.005100,0.022000,45.031738,30.050393
11119,pds,0.003022,0.005650,0.019200,63.659912,27.871933
11120,p,0.003780,0.004800,0.019200,17.772705,27.779849
11121,pp,0.002838,0.008050,0.019200,38.003662,30.088325
11122,dp,0.002464,0.004350,0.020000,47.588379,26.814344
11123,pdp,0.002932,0.004950,0.021500,65.849609,29.381683
11124,pp,0.002838,0.005600,0.018500,86.136475,26.938325
11125,d,0.002385,0.006000,0.020000,6.615234,28.385393
11126,sd,0.018668,0.005800,0.021500,13.702393,45.967773
11127,ssd,0.018735,0.006150,0.020000,20.456787,44.884503
11128,sssd,0.017999,0.007450,0.022000,27.250732,47.448568
11130,p,0.003780,0.004400,0.021500,17.882080,29.679849
11131,dp,0.002464,0.005200,0.022000,27.368652,29.664344
11132,ddp,0.002502,0.007850,0.019200,34.923340,29.551712
11133,sddp,0.017807,0.004650,0.022000,42.158447,44.456817
11134,psd,0.003139,0.004250,0.018500,62.495605,25.888792
11135,p,0.003780,0.009450,0.021500,18.091064,34.729849
11136,pp,0.002838,0.004900,0.018500,39.069336,26.238325
11137,s,0.023128,0.013400,0.019200,48.639404,55.728351
11138,dp,0.002464,0.005200,0.020000,55.913574,27.664344
11139,pd,0.002977,0.004000,0.022000,74.305176,28.977001
11140,s,0.023128,0.012000,0.018500,6.477539,53.628351
11141,d,0.002385,0.004300,0.022000,13.512451,28.685393
11142,dd,0.002426,0.005000,0.022000,20.500977,29.425915
11143,ddd,0.002493,0.004850,0.022000,27.521484,29.343417
11144,sddd,0.017932,0.006000,0.021500,34.218750,45.431734
11145,d,0.002385,0.006750,0.018500,6.719971,27.635393
11146,sd,0.018668,0.004700,0.020000,13.809814,43.367773
11147,ssd,0.018735,0.006000,0.022000,20.706543,46.734503
11148,dssd,0.002931,0.005850,0.020000,27.819336,28.781476
11149,sdss,0.018223,0.004900,0.018500,34.694824,41.622624
11150,s,0.023128,0.004250,0.021500,6.934570,48.878351
11151,ps,0.002840,0.004900,0.018500,24.955078,26.239786
11152,pps,0.002854,0.004900,0.022000,45.043701,29.754053
11153,sps,0.018360,0.005300,0.022000,54.095459,45.660251
11154,ssp,0.018787,0.005300,0.020000,60.779297,44.087195
11160,p,0.003780,0.007300,0.020000,17.960449,31.079849
11161,pp,0.002838,0.005650,0.019200,40.837646,27.688325
11162,sp,0.018754,0.004900,0.018500,50.692383,42.153690
11163,ps,0.002840,0.004950,0.018500,70.067139,26.289786
11164,pps,0.002854,0.005100,0.020000,90.612549,27.954053
11155,p,0.003780,0.004350,0.018500,17.826660,26.629849
11156,pp,0.002838,0.004650,0.019200,38.112793,26.688325
11157,dp,0.002464,0.004800,0.020000,47.481934,27.264344
11158,pd,0.002977,0.011700,0.021500,65.530518,36.177001
11159,pp,0.002838,0.005000,0.019200,85.750732,27.038325
11165,s,0.023128,0.005200,0.022000,9.929443,50.328351
11166,ss,0.018821,0.004400,0.019200,16.801758,42.420769
11167,pss,0.002833,0.005200,0.022000,35.322998,30.032709
11168,dpss,0.002761,0.009750,0.019200,44.850342,31.710817
11170,d,0.002385,0.005200,0.021500,24.387207,29.085393
11171,sd,0.018668,0.006950,0.020000,32.048340,45.617773
11172,psd,0.003139,0.005000,0.021500,50.406738,29.638792
11173,sps,0.018360,0.004800,0.022000,60.120117,45.160251
11174,dsps,0.002950,0.007650,0.018500,67.941406,29.100393
11175,d,0.002385,0.004700,0.022000,23.566162,29.085393
11176,pd,0.002977,0.004300,0.018500,42.364014,25.777001
11177,dpd,0.002513,0.004750,0.018500,51.588379,25.762673
11178,pd,0.002977,0.008950,0.022000,71.464355,33.927001
11179,sp,0.018754,0.005000,0.021500,80.548096,45.253690
11180,d,0.002385,0.009450,0.022000,6.647949,33.835393
11181,dd,0.002426,0.005600,0.019200,13.830078,27.225915
11182,sdd,0.018511,0.004350,0.021500,20.790527,44.360933
11183,ssdd,0.018091,0.007450,0.020000,27.586670,45.541216
11185,p,0.003780,0.013850,0.022000,19.339355,39.629849
11186,p,0.003780,0.005450,0.021500,40.226074,30.729849
11187,pp,0.002838,0.004050,0.020000,60.960449,26.888325
11188,spp,0.018537,0.004750,0.022000,70.072510,45.287181
11189,ssp,0.018787,0.008150,0.020000,76.923828,46.937195
11190,s,0.023128,0.004600,0.021500,6.481689,49.228351
11191,ss,0.018821,0.010550,0.018500,13.373779,47.870769
11192,sss,0.019288,0.005600,0.018500,20.357422,43.388093
11193,psss,0.002892,0.006450,0.020000,38.903809,29.342287
11195,s,0.023128,0.006450,0.019200,10.341797,48.778351
11196,ps,0.002840,0.004750,0.020000,30.998779,27.589786
11197,dps,0.002445,0.005300,0.021500,40.354492,29.244936
11198,pd,0.002977,0.005650,0.019200,59.469238,27.827001
11199,sp,0.018754,0.007450,0.019200,73.176025,45.403690
11200,s,0.023128,0.004800,0.021500,23.936035,49.428351
11201,ds,0.002343,0.010550,0.020000,31.980713,32.892513
11202,sds,0.018566,0.005150,0.018500,38.721924,42.216086
11203,dsds,0.002713,0.005000,0.020000,45.622070,27.713025
11205,d,0.002385,0.004550,0.021500,19.354248,28.435393
11206,sd,0.018668,0.005100,0.022000,26.748291,45.767773
11207,dsd,0.002613,0.004500,0.022000,34.452881,29.112551
11208,pds,0.003022,0.004200,0.018500,54.680664,25.721933
11209,pp,0.002838,0.004850,0.019200,75.958984,26.888325
11210,p,0.003780,0.005600,0.018500,17.636475,27.879849
11211,dp,0.002464,0.004750,0.022000,27.167969,29.214344
11212,sdp,0.018492,0.004250,0.018500,34.165039,41.241971
11213,d,0.002385,0.008800,0.019200,41.778564,30.385393
11214,ssd,0.018735,0.004550,0.021500,49.457764,44.784503
11215,s,0.023128,0.005300,0.021500,6.415527,49.928351
11216,ss,0.018821,0.004500,0.021500,13.269287,44.820769
11217,dss,0.002842,0.005100,0.020000,20.575684,27.941615
11218,sdss,0.018223,0.005400,0.020000,27.342773,43.622624
11219,s,0.023128,0.012950,0.020000,34.023682,56.078351
11220,s,0.023128,0.004850,0.018500,6.317139,46.478351
11221,ds,0.002343,0.004300,0.019200,13.583984,25.842513
11222,pds,0.003022,0.005100,0.022000,32.202393,30.121933
11223,dps,0.002445,0.005400,0.019200,41.684814,27.044936
11224,sdps,0.018183,0.004600,0.018500,48.552002,41.282897
11225,s,0.023128,0.006300,0.019200,6.480225,48.628351
11226,ss,0.018821,0.005350,0.022000,13.628418,46.170769
11227,pss,0.002833,0.006700,0.021500,32.058838,31.032709
11228,dpss,0.002761,0.007100,0.021500,41.592285,31.360817
11229,pdp,0.002932,0.005050,0.018500,59.906738,26.481683
11230,s,0.023128,0.005350,0.018500,22.823975,46.978351
11231,ds,0.002343,0.008450,0.022000,29.975586,32.792513
11232,dds,0.002685,0.008000,0.021500,37.533691,32.185273
11233,ddds,0.002761,0.004500,0.019200,45.275879,26.460792
11234,p,0.003780,0.014800,0.020000,69.331543,38.579849
11235,d,0.002385,0.005000,0.021500,24.098389,28.885393
11236,pd,0.002977,0.004750,0.018500,42.774414,26.227001
11237,dpd,0.002513,0.006300,0.018500,51.966064,27.312673
11238,ddp,0.002502,0.004900,0.018500,58.966797,25.901712
11239,dddp,0.002699,0.004050,0.018500,66.002930,25.249161
11240,p,0.003780,0.004800,0.018500,28.671387,27.079849
11241,sp,0.018754,0.004500,0.020000,37.774414,43.253690
11242,ps,0.002840,0.005050,0.019200,55.993652,27.089786
11243,pps,0.002854,0.004550,0.018500,76.812256,25.904053
11244,dp,0.002464,0.013100,0.021500,86.303955,37.064344
11245,s,0.023128,0.005200,0.019200,22.451904,47.528351
11246,ps,0.002840,0.005900,0.020000,41.360596,28.739786
11247,pps,0.002854,0.006700,0.019200,61.769531,28.754053
11248,dp,0.002464,0.004050,0.021500,71.597168,28.014344
11249,pdp,0.002932,0.005800,0.019200,90.129639,27.931683
11250,s,0.023128,0.005500,0.018500,23.259277,47.128351
11251,ss,0.018821,0.004700,0.020000,31.082275,43.520769
11252,sss,0.019288,0.004400,0.021500,37.720947,45.188093
11253,d,0.002385,0.014500,0.019200,44.812988,36.085393
11254,dsss,0.003039,0.007300,0.018500,51.873535,28.838978
11255,d,0.002385,0.006700,0.022000,15.720703,31.085393
11256,sd,0.018668,0.004750,0.018500,23.453857,41.917773
11257,psd,0.003139,0.005100,0.019200,42.500977,27.438792
11258,sps,0.018360,0.005900,0.021500,52.551758,45.760251
11259,dsps,0.002950,0.004250,0.022000,60.362305,29.200393
11260,p,0.003780,0.004850,0.022000,21.178711,30.629849
11261,s,0.023128,0.031450,0.022000,30.125488,76.578351
11262,ds,0.002343,0.007900,0.020000,37.198242,30.242513
11263,dp,0.002464,0.005350,0.021500,44.234863,29.314344
11264,sdp,0.018492,0.003700,0.018500,50.937988,40.691971
11265,d,0.002385,0.004550,0.018500,6.715332,25.435393
11266,dd,0.002426,0.006350,0.018500,14.002441,27.275915
11267,pd,0.002977,0.004550,0.018500,32.391846,26.027001
11268,dp,0.002464,0.004900,0.020000,41.615479,27.364344
11269,sdp,0.018492,0.006150,0.019200,48.601562,43.841971
11280,s,0.023128,0.005200,0.019200,7.275879,47.528351
11281,ps,0.002840,0.004850,0.021500,27.884521,29.189786
11282,sps,0.018360,0.004100,0.020000,37.618408,42.460251
11283,dsps,0.002950,0.007650,0.021500,45.017578,32.100393
11270,s,0.023128,0.004250,0.020000,6.381836,47.378351
11271,ss,0.018821,0.005500,0.018500,13.154053,42.820769
11272,pss,0.002833,0.009050,0.019200,32.842285,31.082709
11273,p,0.003780,0.029250,0.022000,53.918945,55.029849
11274,d,0.002385,0.014000,0.019200,63.600586,35.585393
11275,s,0.023128,0.015700,0.018500,6.275879,57.328351
11276,d,0.002385,0.004350,0.019200,13.770996,25.935393
11277,sd,0.018668,0.004200,0.020000,20.855957,42.867773
11278,dsd,0.002613,0.007400,0.018500,28.224121,28.512551
11279,ddsd,0.002653,0.004650,0.018500,35.453125,25.803469
11285,d,0.002385,0.005750,0.019200,6.900635,27.335393
11286,sd,0.018668,0.005550,0.021500,13.770508,45.717773
11287,ssd,0.018735,0.004650,0.019200,20.666504,42.584503
11288,dssd,0.002931,0.005050,0.022000,27.682617,29.981476
11289,ddss,0.002785,0.004000,0.019200,34.797119,25.985416
11290,d,0.002385,0.011700,0.019200,6.985352,33.285393
11291,pd,0.002977,0.017350,0.019200,26.721680,39.527001
11292,pp,0.002838,0.004700,0.020000,48.111084,27.538325
11293,dpp,0.002514,0.005300,0.022000,57.479736,29.814416
11294,pdp,0.002932,0.004450,0.021500,75.514404,28.881683
11295,s,0.023128,0.004300,0.019200,6.318359,46.628351
11296,ds,0.002343,0.004450,0.022000,13.847168,28.792513
11297,pds,0.003022,0.007850,0.018500,32.206055,29.371933
11298,pp,0.002838,0.005900,0.019200,52.998535,27.938325
11299,pp,0.002838,0.006050,0.019200,73.073975,28.088325
11300,d,0.002385,0.005000,0.018500,10.515869,25.885393
11301,sd,0.018668,0.007100,0.020000,17.479248,45.767773
11302,psd,0.003139,0.005850,0.018500,35.726562,27.488792
11303,dps,0.002445,0.004650,0.022000,44.994873,29.094936
11304,ddps,0.002746,0.004850,0.021500,51.999268,29.095776
11305,d,0.002385,0.004250,0.019200,6.553711,25.835393
11306,pd,0.002977,0.006400,0.021500,25.170410,30.877001
11307,dp,0.002464,0.005450,0.020000,34.468994,27.914344
11308,pdp,0.002932,0.004700,0.019200,53.105957,26.831683
11309,pp,0.002838,0.004050,0.018500,73.795166,25.388325
11310,d,0.002385,0.005150,0.021500,8.705322,29.035393
11311,p,0.003780,0.012950,0.019200,30.332031,35.929849
11312,d,0.002385,0.004500,0.020000,40.114258,26.885393
11313,pd,0.002977,0.004350,0.019200,58.641113,26.527001
11314,dp,0.002464,0.004050,0.020000,67.905273,26.514344
11315,s,0.023128,0.004950,0.020000,24.345947,48.078351
11316,ss,0.018821,0.004550,0.020000,32.382568,43.370769
11317,pss,0.002833,0.004150,0.018500,50.430908,25.482709
11318,spss,0.018655,0.004550,0.018500,59.717529,41.705113
11319,s,0.023128,0.058750,0.020000,66.489502,101.878351
11320,p,0.003780,0.014000,0.022000,19.047363,39.779849
11321,p,0.003780,0.012250,0.022000,39.662354,38.029849
11322,dp,0.002464,0.004750,0.019200,49.261475,26.414344
11323,sdp,0.018492,0.007350,0.022000,56.448242,47.841971
11324,psd,0.003139,0.005800,0.018500,75.414551,27.438792
11325,d,0.002385,0.004450,0.018500,10.191162,25.335393
11326,pd,0.002977,0.004500,0.022000,30.281982,29.477001
11327,dp,0.002464,0.003700,0.018500,40.085693,24.664344
11328,sdp,0.018492,0.004650,0.019200,47.381348,42.341971
11329,dsdp,0.002604,0.007650,0.021500,54.712158,31.753992
11330,d,0.002385,0.005800,0.022000,13.566650,30.185393
11331,sd,0.018668,0.003800,0.020000,21.282471,42.467773
11332,ssd,0.018735,0.004400,0.021500,28.997314,44.634503
11333,pss,0.002833,0.004000,0.020000,49.303955,26.832709
11334,s,0.023128,0.012550,0.021500,59.100098,57.178351
11335,s,0.023128,0.007400,0.019200,10.028320,49.728351
11336,p,0.003780,0.014450,0.019200,29.455322,37.429849
11337,ps,0.002840,0.004350,0.018500,49.663330,25.689786
11338,sps,0.018360,0.004800,0.020000,58.615479,43.160251
11339,ssp,0.018787,0.005150,0.022000,65.444336,45.937195
11340,d,0.002385,0.005000,0.020000,11.161865,27.385393
11341,dd,0.002426,0.008600,0.020000,18.513672,31.025915
11342,pdd,0.003045,0.006200,0.020000,36.852539,29.244804
11343,dpd,0.002513,0.005500,0.022000,46.465088,30.012673
11344,s,0.023128,0.014350,0.022000,53.829590,59.478351
11345,p,0.003780,0.005000,0.021500,20.179443,30.279849
11346,s,0.023128,0.012250,0.022000,29.258545,57.378351
11347,sp,0.018754,0.008600,0.020000,35.995117,47.353690
11348,ps,0.002840,0.005650,0.020000,54.092773,28.489786
11349,pps,0.002854,0.005300,0.021500,74.613281,29.654053
11350,s,0.023128,0.003950,0.022000,22.059082,49.078351
11351,ss,0.018821,0.006000,0.022000,29.944336,46.820769
11352,pss,0.002833,0.007200,0.022000,48.322021,32.032709
11353,ppss,0.002998,0.004500,0.021500,69.099854,28.997567
11354,dpp,0.002514,0.004550,0.019200,78.624023,26.264416
11355,s,0.023128,0.016750,0.018500,6.458496,58.378351
11356,ss,0.018821,0.005600,0.022000,13.348877,46.420769
11357,dss,0.002842,0.005750,0.020000,20.572754,28.591615
11358,sdss,0.018223,0.004700,0.020000,27.604004,42.922624
11360,s,0.023128,0.004950,0.022000,22.912109,50.078351
11361,ds,0.002343,0.004750,0.018500,31.006836,25.592513
11362,pds,0.003022,0.004850,0.019200,49.424561,27.071933
11363,sps,0.018360,0.004450,0.022000,58.627441,44.810251
11364,ssps,0.018466,0.003650,0.021500,65.471191,43.616056
11365,d,0.002385,0.004250,0.018500,23.265869,25.135393
11366,pd,0.002977,0.005000,0.019200,42.185303,27.177001
11367,sp,0.018754,0.006400,0.019200,51.187256,44.353690
11368,dsp,0.002685,0.004900,0.019200,58.299072,26.784513
11369,pds,0.003022,0.003900,0.018500,76.484375,25.421933
11370,p,0.003780,0.014350,0.021500,18.211914,39.629849
11371,p,0.003780,0.005200,0.022000,41.558350,30.979849
11372,p,0.003780,0.010050,0.018500,63.749756,32.329849
11373,s,0.023128,0.013100,0.018500,73.301758,54.728351
11374,ds,0.002343,0.005600,0.020000,80.762939,27.942513
11375,s,0.023128,0.005300,0.021500,6.553467,49.928351
11376,ss,0.018821,0.005400,0.022000,13.509521,46.220769
11377,p,0.003780,0.012350,0.018500,31.865234,34.629849
11378,sss,0.019288,0.005900,0.019200,41.027100,44.388093
11379,ps,0.002840,0.005250,0.018500,59.804443,26.589786
11380,d,0.002385,0.004450,0.021500,9.111572,28.335393
11381,sd,0.018668,0.005000,0.018500,16.420654,42.167773
11382,ssd,0.018735,0.005150,0.022000,23.640625,45.884503
11383,sssd,0.017999,0.005000,0.020000,31.103027,42.998568
11384,ssss,0.018888,0.004950,0.018500,38.670898,42.338175
11385,s,0.023128,0.006250,0.018500,6.551514,47.878351
11386,ps,0.002840,0.004800,0.021500,25.854736,29.139786
11387,pps,0.002854,0.004550,0.019200,47.253662,26.604053
11388,dp,0.002464,0.009000,0.022000,57.665527,33.464344
11389,sdp,0.018492,0.004400,0.019200,64.819824,42.091971
11390,d,0.002385,0.007250,0.019200,6.977295,28.835393
11391,sd,0.018668,0.004600,0.022000,14.834717,45.267773
11392,psd,0.003139,0.004450,0.022000,33.964355,29.588792
11393,sps,0.018360,0.004550,0.021500,43.145996,44.410251
11394,s,0.023128,0.007800,0.019200,50.125977,50.128351
11395,d,0.002385,0.005850,0.020000,7.176270,28.235393
11396,sd,0.018668,0.007650,0.021500,16.634521,47.817773
11397,ssd,0.018735,0.004950,0.018500,23.299072,42.184503
11398,pss,0.002833,0.008400,0.018500,41.625732,29.732709
11399,spss,0.018655,0.006200,0.020000,50.681152,44.855113
11400,d,0.002385,0.004750,0.021500,6.643799,28.635393
11401,sd,0.018668,0.008450,0.018500,13.652344,45.617773
11402,ssd,0.018735,0.004650,0.020000,20.441406,43.384503
11403,pss,0.002833,0.009450,0.020000,38.623779,32.282709
11404,dpss,0.002761,0.004900,0.019200,47.937988,26.860817
11405,d,0.002385,0.004800,0.020000,9.231201,27.185393
11406,pd,0.002977,0.004450,0.019200,27.301758,26.627001
11407,dp,0.002464,0.004950,0.022000,36.456299,29.414344
11408,pd,0.002977,0.004900,0.018500,54.657471,26.377001
11409,pp,0.002838,0.004550,0.021500,75.429443,28.888325
11410,s,0.023128,0.003800,0.021500,16.849609,48.428351
11411,ss,0.018821,0.005700,0.021500,24.213379,46.020769
11412,sss,0.019288,0.004400,0.019200,31.175781,42.888093
11413,psss,0.002892,0.004550,0.020000,51.079590,27.442287
11414,pps,0.002854,0.004650,0.020000,73.366455,27.504053
11415,s,0.023128,0.005100,0.022000,23.328125,50.228351
11416,s,0.023128,0.009600,0.020000,30.920654,52.728351
11417,ss,0.018821,0.006950,0.018500,37.766113,44.270769
11418,ds,0.002343,0.012200,0.020000,44.797607,34.542513
11419,sss,0.019288,0.004100,0.020000,51.680176,43.388093
11420,p,0.003780,0.005000,0.022000,28.580322,30.779849
11421,dp,0.002464,0.010350,0.018500,39.101562,31.314344
11422,ddp,0.002502,0.004650,0.021500,46.896484,28.651712
11423,sddp,0.017807,0.007850,0.020000,54.320312,45.656817
11424,psd,0.003139,0.004500,0.021500,73.162598,29.138792
11425,d,0.002385,0.005000,0.018500,13.779785,25.885393
11426,dd,0.002426,0.006050,0.019200,23.049561,27.675915
11427,sdd,0.018511,0.004600,0.022000,30.226074,45.110933
11428,dsdd,0.002830,0.004450,0.021500,37.356445,28.779964
11429,pds,0.003022,0.005000,0.018500,55.634277,26.521933
11430,s,0.023128,0.004350,0.020000,6.870605,47.478351
11431,ss,0.018821,0.005300,0.022000,13.896484,46.120769
11432,sss,0.019288,0.012150,0.018500,20.940918,49.938093
11433,psss,0.002892,0.004450,0.019200,39.545898,26.542287
11435,d,0.002385,0.004300,0.018500,6.630615,25.185393
11436,dd,0.002426,0.006550,0.022000,14.084961,30.975915
11437,sdd,0.018511,0.007100,0.019200,21.111328,44.810933
11438,ssdd,0.018091,0.003800,0.020000,27.937744,41.891216
11439,sssd,0.017999,0.006700,0.021500,34.625488,46.198568
11440,d,0.002385,0.008250,0.018500,23.729248,29.135393
11441,dd,0.002426,0.008450,0.020000,31.469727,30.875915
11442,sdd,0.018511,0.004700,0.020000,38.330322,43.210933
11443,ssdd,0.018091,0.005550,0.020000,45.023682,43.641216
11445,p,0.003780,0.004750,0.018500,41.274414,27.029849
11446,dp,0.002464,0.004300,0.022000,51.317139,28.764344
11447,pd,0.002977,0.003900,0.020000,70.182861,26.877001
11448,spd,0.018317,0.021000,0.019200,79.735107,58.517325
11449,ssp,0.018787,0.005550,0.018500,86.542969,42.837195
11450,p,0.003780,0.007100,0.018500,28.846436,29.379849
11451,dp,0.002464,0.004850,0.021500,38.103760,28.814344
11452,pdp,0.002932,0.004550,0.022000,56.180664,29.481683
11453,spd,0.018317,0.005200,0.018500,65.302246,42.017325
11454,ssp,0.018787,0.007450,0.022000,72.182617,48.237195
11455,d,0.002385,0.004350,0.020000,22.674805,26.735393
11456,pd,0.002977,0.004400,0.018500,41.642334,25.877001
11457,dp,0.002464,0.009050,0.021500,50.903076,33.014344
11458,ddp,0.002502,0.004900,0.022000,58.199951,29.401712
11459,pdd,0.003045,0.004400,0.019200,76.924072,26.644804
11460,d,0.002385,0.054550,0.018500,6.782715,75.435393
11461,pd,0.002977,0.010350,0.021500,26.705566,34.827001
11462,d,0.002385,0.004700,0.019200,37.260010,26.285393
11463,dd,0.002426,0.005500,0.020000,45.011475,27.925915
11464,ddd,0.002493,0.004500,0.018500,52.660156,25.493417
11465,p,0.003780,0.004200,0.018500,17.668701,26.479849
11466,pp,0.002838,0.004900,0.019200,37.794678,26.938325
11467,pp,0.002838,0.006200,0.020000,58.200928,29.038325
11468,s,0.023128,0.017850,0.019200,67.256836,60.178351
11469,dp,0.002464,0.004600,0.020000,74.269531,27.064344
11470,d,0.002385,0.005750,0.018500,13.380371,26.635393
11471,dd,0.002426,0.004950,0.019200,20.757324,26.575915
11472,pdd,0.003045,0.005350,0.022000,38.785156,30.394804
11473,dp,0.002464,0.004500,0.020000,47.995117,26.964344
11474,ddp,0.002502,0.006150,0.018500,55.013184,27.151712
11475,s,0.023128,0.013700,0.018500,23.247314,55.328351
11476,d,0.002385,0.004900,0.021500,30.881836,28.785393
11477,ps,0.002840,0.011400,0.019200,50.939941,33.439786
11478,p,0.003780,0.003950,0.022000,71.468994,29.729849
11479,pp,0.002838,0.006700,0.021500,91.920166,31.038325
11480,p,0.003780,0.004350,0.018500,34.243164,26.629849
11481,pp,0.002838,0.010450,0.021500,56.445068,34.788325
11482,sp,0.018754,0.005750,0.022000,65.979004,46.503690
11483,ssp,0.018787,0.005750,0.022000,72.937988,46.537195
11484,sssp,0.018690,0.005250,0.022000,79.871338,45.939656
11485,p,0.003780,0.005850,0.019200,33.131592,28.829849
11486,sp,0.018754,0.004850,0.021500,42.246338,45.103690
11487,ssp,0.018787,0.005000,0.021500,48.984375,45.287195
11488,dssp,0.002732,0.008550,0.021500,55.964600,32.781810
11489,ddss,0.002785,0.003800,0.018500,63.188477,25.085416
11490,s,0.023128,0.008250,0.019200,17.178711,50.578351
11491,d,0.002385,0.004550,0.021500,24.671875,28.435393
11492,sd,0.018668,0.006050,0.020000,31.457275,44.717773
11493,dsd,0.002613,0.004550,0.018500,38.471436,25.662551
11494,ss,0.018821,0.007350,0.022000,45.161377,48.170769
11495,p,0.003780,0.004500,0.021500,35.867188,29.779849
11496,sp,0.018754,0.004700,0.020000,45.048584,43.453690
11497,ssp,0.018787,0.004400,0.019200,51.902588,42.387195
11498,dssp,0.002732,0.005000,0.022000,59.135986,29.731810
11499,pdss,0.002957,0.006050,0.018500,77.461914,27.506682
11505,d,0.002385,0.005050,0.019200,8.786377,26.635393
11506,sd,0.018668,0.005250,0.022000,15.912842,45.917773
11507,psd,0.003139,0.003850,0.022000,34.340576,28.988792
11508,dps,0.002445,0.004050,0.020000,43.747559,26.494936
11509,sdps,0.018183,0.005200,0.021500,50.705322,44.882897
11500,p,0.003780,0.005650,0.019200,18.582520,28.629849
11501,pp,0.002838,0.003400,0.021500,39.285156,27.738325
11502,sp,0.018754,0.005800,0.018500,48.536377,43.053690
11503,ssp,0.018787,0.004450,0.019200,55.483154,42.437195
11504,dssp,0.002732,0.004500,0.018500,62.780029,25.731810
11510,p,0.003780,0.013550,0.018500,35.738770,35.829849
11511,s,0.023128,0.004450,0.021500,44.976318,49.078351
11512,ps,0.002840,0.004950,0.019200,63.131836,26.989786
11513,sps,0.018360,0.006400,0.018500,72.334717,43.260251
11514,s,0.023128,0.014700,0.020000,79.145020,57.828351
11515,d,0.002385,0.015550,0.018500,23.640625,36.435393
11516,sd,0.018668,0.004700,0.021500,31.407227,44.867773
11517,ssd,0.018735,0.007650,0.018500,38.186279,44.884503
11518,sssd,0.017999,0.005300,0.019200,45.056152,42.498568
11520,s,0.023128,0.004800,0.022000,11.649902,49.928351
11521,ss,0.018821,0.005300,0.019200,18.754395,43.320769
11522,dss,0.002842,0.004450,0.018500,25.866455,25.791615
11523,sdss,0.018223,0.005350,0.018500,32.624268,42.072624
11530,d,0.002385,0.004600,0.019200,10.001465,26.185393
11531,p,0.003780,0.019350,0.020000,28.731689,43.129849
11532,d,0.002385,0.022500,0.018500,37.987549,43.385393
11533,dd,0.002426,0.003950,0.020000,44.968750,26.375915
11534,ddd,0.002493,0.004650,0.020000,52.022217,27.143417
11535,p,0.003780,0.004050,0.021500,19.916260,29.329849
11536,dp,0.002464,0.005350,0.020000,30.040283,27.814344
11537,pdp,0.002932,0.004850,0.018500,48.467285,26.281683
11538,dpd,0.002513,0.004750,0.019200,57.757080,26.462673
11539,pd,0.002977,0.004250,0.019200,76.238281,26.427001
11525,d,0.002385,0.006600,0.019200,8.820801,28.185393
11526,dd,0.002426,0.004850,0.022000,16.255615,29.275915
11527,d,0.002385,0.033200,0.019200,23.605957,54.785393
11528,ddd,0.002493,0.004500,0.020000,30.896729,26.993417
11529,sdd,0.018511,0.004800,0.018500,37.836914,41.810933
11540,p,0.003780,0.004900,0.018500,37.249756,27.179849
11541,s,0.023128,0.011850,0.019200,46.428955,54.178351
11542,p,0.003780,0.004750,0.020000,64.825928,28.529849
11543,sp,0.018754,0.006000,0.020000,74.174805,44.753690
11544,dsp,0.002685,0.004950,0.019200,81.423096,26.834513
11550,s,0.023128,0.005100,0.019200,12.924561,47.428351
11551,ss,0.018821,0.005300,0.018500,19.954834,42.620769
11552,dss,0.002842,0.003800,0.018500,27.637695,25.141615
11553,sdss,0.018223,0.007250,0.019200,34.660889,44.672624
11554,psss,0.002892,0.004850,0.020000,52.939453,27.742287
11545,s,0.023128,0.005100,0.022000,6.432373,50.228351
11546,ds,0.002343,0.004400,0.020000,13.813721,26.742513
11547,sds,0.018566,0.004600,0.019200,20.907959,42.366086
11548,ssds,0.018930,0.005400,0.018500,27.747314,42.830221
11555,s,0.023128,0.008950,0.019200,20.734375,51.278351
11556,ps,0.002840,0.004500,0.019200,39.984619,26.539786
11557,sps,0.018360,0.004950,0.021500,49.207275,44.810251
11558,ssps,0.018466,0.005500,0.018500,56.320312,42.466056
11560,s,0.023128,0.010900,0.021500,9.459961,55.528351
11561,ss,0.018821,0.005600,0.022000,16.407471,46.420769
11562,pss,0.002833,0.005350,0.019200,37.988770,27.382709
11563,ppss,0.002998,0.004850,0.022000,58.642334,29.847567
11564,dp,0.002464,0.012900,0.021500,68.158936,36.864344
11565,s,0.023128,0.004850,0.020000,23.391113,47.978351
11566,ps,0.002840,0.005600,0.020000,42.991455,28.439786
11567,dps,0.002445,0.006500,0.022000,52.343506,30.944936
11568,pdps,0.002951,0.006000,0.020000,70.625977,28.950740
11569,pp,0.002838,0.004000,0.020000,91.551270,26.838325
11570,d,0.002385,0.004500,0.021500,7.081543,28.385393
11571,dd,0.002426,0.004850,0.018500,14.529785,25.775915
11572,sdd,0.018511,0.004550,0.021500,21.605957,44.560933
11573,dsdd,0.002830,0.003800,0.018500,29.052979,25.129964
11574,dds,0.002685,0.005200,0.018500,40.398438,26.385273
11575,p,0.003780,0.006050,0.020000,34.478760,29.829849
11576,dp,0.002464,0.011700,0.022000,44.035645,36.164344
11577,sdp,0.018492,0.004200,0.021500,50.927734,44.191971
11578,ssdp,0.018187,0.004850,0.022000,57.681152,45.037445
11579,sssd,0.017999,0.004650,0.019200,64.414551,41.848568
11580,d,0.002385,0.005200,0.022000,6.755859,29.585393
11581,pd,0.002977,0.003650,0.020000,24.989990,26.627001
11582,spd,0.018317,0.012000,0.021500,34.518799,51.817325
11583,ssp,0.018787,0.005100,0.021500,41.488525,45.387195
11584,sssp,0.018690,0.006950,0.022000,48.350830,47.639656
11585,d,0.002385,0.005500,0.018500,8.935791,26.385393
11586,sd,0.018668,0.004750,0.020000,16.027344,43.417773
11587,ssd,0.018735,0.015550,0.019200,22.901611,53.484503
11588,sssd,0.017999,0.004400,0.021500,29.828125,43.898568
11589,dsss,0.003039,0.005200,0.021500,36.967285,29.738978
11590,s,0.023128,0.004850,0.019200,23.197021,47.178351
11591,ps,0.002840,0.004850,0.022000,42.565918,29.689786
11592,pps,0.002854,0.004450,0.019200,63.106445,26.504053
11593,dp,0.002464,0.004600,0.019200,73.208740,26.264344
11594,ddp,0.002502,0.005350,0.021500,80.617188,29.351712
11595,s,0.023128,0.004450,0.019200,18.743164,46.778351
11596,ds,0.002343,0.005750,0.019200,27.533691,27.292513
11597,pds,0.003022,0.005750,0.019200,48.168701,27.971933
11598,s,0.023128,0.004550,0.022000,58.311035,49.678351
11599,sp,0.018754,0.004800,0.019200,65.587402,42.753690
11600,d,0.002385,0.008600,0.021500,24.098877,32.485393
11601,dd,0.002426,0.005450,0.018500,31.805664,26.375915
11602,ddd,0.002493,0.005000,0.019200,38.846436,26.693417
11603,dddd,0.002612,0.004800,0.021500,46.029053,28.911713
11604,d,0.002385,0.065150,0.021500,53.242188,89.035393
11605,s,0.023128,0.005800,0.019200,6.248535,48.128351
11606,ss,0.018821,0.005150,0.020000,13.546143,43.970769
11607,sss,0.019288,0.004500,0.021500,21.084229,45.288093
11608,ssss,0.018888,0.004700,0.018500,29.074951,42.088175
11610,s,0.023128,0.005000,0.020000,6.310303,48.128351
11611,ps,0.002840,0.006700,0.019200,33.755127,28.739786
11612,sps,0.018360,0.004600,0.020000,43.079834,42.960251
11613,dsps,0.002950,0.014300,0.018500,50.412598,35.750393
11614,sdsp,0.018148,0.005100,0.019200,57.591309,42.448415
11615,p,0.003780,0.005300,0.022000,19.330322,31.079849
11616,pp,0.002838,0.008600,0.022000,39.947510,33.438325
11617,spp,0.018537,0.014100,0.019200,49.529297,51.837181
11618,dsp,0.002685,0.004650,0.020000,57.000977,27.334513
11619,ddsp,0.002864,0.006000,0.022000,64.378418,30.863565
11620,s,0.023128,0.005100,0.021500,6.462891,49.728351
11621,ps,0.002840,0.004950,0.019200,25.678711,26.989786
11622,sps,0.018360,0.005300,0.019200,35.127930,42.860251
11623,ssps,0.018466,0.005200,0.022000,42.147949,45.666056
11625,s,0.023128,0.009000,0.021500,7.776367,53.628351
11626,ps,0.002840,0.005100,0.018500,26.502441,26.439786
11627,dps,0.002445,0.003400,0.022000,36.350098,27.844936
11628,sdps,0.018183,0.006450,0.020000,43.500244,44.632897
11629,psd,0.003139,0.004600,0.021500,62.344482,29.238792
11630,p,0.003780,0.006550,0.018500,18.578369,28.829849
11631,sp,0.018754,0.044000,0.020000,27.983398,82.753690
11632,ssp,0.018787,0.004050,0.019200,35.244873,42.037195
11633,pss,0.002833,0.004200,0.022000,53.659424,29.032709
11634,ppss,0.002998,0.004600,0.019200,74.055908,26.797567
11635,p,0.003780,0.005400,0.018500,34.726562,27.679849
11636,dp,0.002464,0.004350,0.019200,44.373779,26.014344
11637,s,0.023128,0.020900,0.022000,51.731689,66.028351
11638,ddp,0.002502,0.003950,0.022000,59.542236,28.451712
11639,pd,0.002977,0.004200,0.018500,79.960205,25.677001
11640,d,0.002385,0.029550,0.018500,6.908203,50.435393
11641,dd,0.002426,0.004450,0.019200,14.198730,26.075915
11642,p,0.003780,0.014600,0.020000,32.443848,38.379849
11643,dd,0.002426,0.004800,0.022000,41.837158,29.225915
11644,sdd,0.018511,0.004300,0.022000,48.951660,44.810933
11645,s,0.023128,0.004950,0.020000,23.920166,48.078351
11646,ss,0.018821,0.005200,0.021500,31.679443,45.520769
11647,sss,0.019288,0.004500,0.020000,38.535889,43.788093
11648,dsss,0.003039,0.004900,0.019200,45.796143,27.138978
11650,d,0.002385,0.004250,0.019200,6.668457,25.835393
11651,dd,0.002426,0.006900,0.018500,13.818359,27.825915
11652,sdd,0.018511,0.014000,0.020000,20.765869,52.510933
11653,ssdd,0.018091,0.017350,0.021500,27.908203,56.941216
11654,pss,0.002833,0.004550,0.020000,46.499023,27.382709
11655,d,0.002385,0.004050,0.019200,22.921143,25.635393
11656,pd,0.002977,0.004700,0.022000,43.652588,29.677001
11657,dp,0.002464,0.004350,0.022000,54.640625,28.814344
11658,sdp,0.018492,0.004850,0.022000,61.890869,45.341971
11659,psd,0.003139,0.005200,0.022000,80.455566,30.338792
11660,d,0.002385,0.006700,0.021500,17.402344,30.585393
11661,dd,0.002426,0.022500,0.019200,24.598389,44.125915
11662,pdd,0.003045,0.005650,0.019200,43.280762,27.894804
11663,spd,0.018317,0.013000,0.021500,52.616455,52.817325
11664,sspd,0.018192,0.005450,0.021500,60.364014,45.141934
11665,p,0.003780,0.004450,0.020000,36.982666,28.229849
11666,dp,0.002464,0.016150,0.021500,46.670166,40.114344
11667,ddp,0.002502,0.006150,0.020000,54.015137,28.651712
11668,pdd,0.003045,0.006350,0.019200,72.485596,28.594804
11669,dpdd,0.002641,0.004800,0.019200,82.263916,26.640967
11670,d,0.002385,0.004550,0.021500,6.614990,28.435393
11671,dd,0.002426,0.005200,0.021500,13.912598,29.125915
11672,pdd,0.003045,0.005000,0.022000,32.191162,30.044804
11673,spd,0.018317,0.005000,0.020000,41.200928,43.317325
11674,psp,0.002926,0.004300,0.022000,59.267090,29.225658
11675,p,0.003780,0.004050,0.020000,20.116211,27.829849
11676,pp,0.002838,0.006350,0.021500,40.637451,30.688325
11677,sp,0.018754,0.004300,0.018500,49.891846,41.553690
11678,ssp,0.018787,0.005000,0.022000,56.605713,45.787195
11679,dssp,0.002732,0.004800,0.018500,63.792480,26.031810
11680,s,0.023128,0.012000,0.018500,6.369873,53.628351
11681,ss,0.018821,0.004650,0.018500,13.363770,41.970769
11682,sss,0.019288,0.005450,0.022000,20.284180,46.738093
11683,ssss,0.018888,0.004450,0.022000,27.230469,45.338175
11685,d,0.002385,0.004450,0.019200,23.692627,26.035393
11686,dd,0.002426,0.004550,0.019200,31.720947,26.175915
11687,pd,0.002977,0.005600,0.020000,50.080322,28.577001
11688,p,0.003780,0.009900,0.022000,70.523682,35.679849
11689,d,0.002385,0.007250,0.019200,80.006348,28.835393
11690,s,0.023128,0.004600,0.019200,12.947998,46.928351
11691,ds,0.002343,0.004500,0.019200,20.400146,26.042513
11692,dds,0.002685,0.006400,0.019200,27.629150,28.285273
11693,p,0.003780,0.032600,0.022000,45.850586,58.379849
11694,p,0.003780,0.007100,0.018500,66.525146,29.379849
11695,d,0.002385,0.004800,0.019200,6.681396,26.385393
11696,sd,0.018668,0.004400,0.022000,13.630371,45.067773
11697,psd,0.003139,0.005050,0.022000,32.228760,30.188792
11698,dps,0.002445,0.006400,0.018500,41.718750,27.344936
11699,pdp,0.002932,0.004400,0.018500,59.783447,25.831683
11700,p,0.003780,0.005100,0.022000,17.820312,30.879849
11701,dp,0.002464,0.004250,0.022000,27.261475,28.714344
11702,pdp,0.002932,0.005100,0.022000,45.530273,30.031683
11703,pp,0.002838,0.015550,0.019200,66.347656,37.588325
11704,dp,0.002464,0.016150,0.018500,75.938965,37.114344
11705,s,0.023128,0.005450,0.021500,7.000732,50.078351
11706,ss,0.018821,0.004800,0.022000,15.179932,45.620769
11707,sss,0.019288,0.004850,0.018500,23.001953,42.638093
11708,p,0.003780,0.012800,0.018500,42.970215,35.079849
11709,dsss,0.003039,0.007450,0.020000,53.143311,30.488978
11715,p,0.003780,0.004650,0.018500,18.122559,26.929849
11716,d,0.002385,0.015950,0.019200,28.184814,37.535393
11717,dp,0.002464,0.005600,0.020000,35.741455,28.064344
11718,sdp,0.018492,0.005300,0.019200,42.960938,42.991971
11719,dd,0.002426,0.005750,0.022000,50.596680,30.175915
11710,s,0.023128,0.004450,0.022000,23.245361,49.578351
11711,s,0.023128,0.007100,0.019200,30.534668,49.428351
11712,ds,0.002343,0.003900,0.018500,37.782227,24.742513
11713,sds,0.018566,0.005000,0.021500,45.057373,45.066086
11714,pss,0.002833,0.006000,0.020000,63.575195,28.832709
11720,s,0.023128,0.006900,0.019200,23.000732,49.228351
11721,ss,0.018821,0.007450,0.018500,32.283203,44.770769
11722,dss,0.002842,0.009150,0.018500,39.708008,30.491615
11723,sdss,0.018223,0.014300,0.018500,46.716064,51.022624
11725,s,0.023128,0.004150,0.020000,22.375000,47.278351
11726,d,0.002385,0.011100,0.022000,30.331299,35.485393
11727,ss,0.018821,0.004800,0.022000,37.039551,45.620769
11728,dss,0.002842,0.010250,0.020000,44.054932,33.091615
11729,sdss,0.018223,0.004600,0.019200,51.197754,42.022624
11730,s,0.023128,0.005500,0.019200,21.906250,47.828351
11731,ss,0.018821,0.009750,0.022000,29.406982,50.570769
11732,sss,0.019288,0.007400,0.018500,36.623779,45.188093
11733,ssss,0.018888,0.005550,0.018500,43.939697,42.938175
11735,p,0.003780,0.006750,0.019200,34.448242,29.729849
11736,dp,0.002464,0.004050,0.022000,43.991211,28.514344
11737,pdp,0.002932,0.005150,0.019200,62.153564,27.281683
11738,dpd,0.002513,0.007200,0.020000,71.454102,29.712673
11739,pdp,0.002932,0.004500,0.020000,89.345215,27.431683
11740,d,0.002385,0.005300,0.020000,25.995117,27.685393
11741,s,0.023128,0.011200,0.020000,34.197998,54.328351
11742,sd,0.018668,0.007250,0.022000,40.950684,47.917773
11743,ps,0.002840,0.013050,0.019200,59.698975,35.089786
11744,ps,0.002840,0.004500,0.022000,82.208252,29.339786
11745,p,0.003780,0.005450,0.021500,18.268799,30.729849
11746,pp,0.002838,0.005850,0.020000,39.695068,28.688325
11747,sp,0.018754,0.007250,0.018500,49.502197,44.503690
11748,dsp,0.002685,0.004350,0.019200,56.819824,26.234513
11749,d,0.002385,0.020200,0.021500,64.032715,44.085393
11750,p,0.003780,0.006450,0.019200,17.904785,29.429849
11751,dp,0.002464,0.006900,0.022000,27.435059,31.364344
11752,pdp,0.002932,0.005550,0.020000,45.748047,28.481683
11753,spd,0.018317,0.004850,0.020000,55.282959,43.167325
11754,ssp,0.018787,0.004500,0.018500,62.400391,41.787195
11755,d,0.002385,0.005200,0.018500,6.752197,26.085393
11756,pd,0.002977,0.004950,0.020000,25.254639,27.927001
11757,pp,0.002838,0.005800,0.022000,46.235596,30.638325
11758,pp,0.002838,0.005000,0.019200,66.737793,27.038325
11759,pp,0.002838,0.004650,0.021500,86.950195,28.988325
11760,d,0.002385,0.004200,0.022000,7.083740,28.585393
11761,dd,0.002426,0.012450,0.020000,14.921875,34.875915
11762,ddd,0.002493,0.010450,0.019200,22.969482,32.143417
11763,pdd,0.003045,0.005300,0.020000,41.821533,28.344804
11764,spd,0.018317,0.005600,0.021500,51.039551,45.417325
11765,p,0.003780,0.005500,0.022000,20.501465,31.279849
11766,sp,0.018754,0.005000,0.019200,29.591553,42.953690
11767,dsp,0.002685,0.004250,0.020000,36.842773,26.934513
11768,sdsp,0.018148,0.005150,0.022000,43.799805,45.298415
11770,p,0.003780,0.003700,0.018500,17.986572,25.979849
11771,sp,0.018754,0.011700,0.021500,27.104736,51.953690
11772,dsp,0.002685,0.004150,0.020000,34.656250,26.834513
11773,ddsp,0.002864,0.004750,0.022000,42.526855,29.613565
11774,pds,0.003022,0.007850,0.019200,62.578369,30.071933
11775,d,0.002385,0.004450,0.021500,23.657959,28.335393
11776,pd,0.002977,0.010350,0.019200,42.479492,32.527001
11777,spd,0.018317,0.004250,0.019200,51.526123,41.767325
11778,psp,0.002926,0.007100,0.018500,69.497070,28.525658
11779,pps,0.002854,0.005650,0.020000,89.864502,28.504053
11785,d,0.002385,0.004600,0.018500,22.812012,25.485393
11786,pd,0.002977,0.005050,0.020000,41.729736,28.027001
11787,p,0.003780,0.011950,0.018500,63.837891,34.229849
11788,sp,0.018754,0.016400,0.018500,72.941650,53.653690
11789,d,0.002385,0.005300,0.018500,80.102539,26.185393
11780,p,0.003780,0.004550,0.021500,19.561035,29.829849
11781,dp,0.002464,0.004450,0.018500,28.918457,25.414344
11782,ddp,0.002502,0.007450,0.022000,36.008789,31.951712
11783,dddp,0.002699,0.008550,0.020000,43.086670,31.249161
11784,sddd,0.017932,0.004600,0.021500,49.869385,44.031734
11790,d,0.002385,0.008600,0.021500,6.691650,32.485393
11791,sd,0.018668,0.004800,0.018500,13.600830,41.967773
11792,ssd,0.018735,0.029550,0.022000,20.551270,70.284503
11793,sssd,0.017999,0.005050,0.018500,27.416260,41.548568
11805,s,0.023128,0.004250,0.020000,6.357666,47.378351
11806,ps,0.002840,0.004550,0.019200,25.110840,26.589786
11807,pps,0.002854,0.004900,0.018500,45.456055,26.254053
11808,sp,0.018754,0.004200,0.018500,54.827393,41.453690
11809,ssp,0.018787,0.004750,0.021500,61.737305,45.037195
11795,p,0.003780,0.007350,0.021500,17.908203,32.629849
11796,p,0.003780,0.035500,0.019200,38.394775,58.479849
11797,dp,0.002464,0.004450,0.018500,47.828125,25.414344
11798,pd,0.002977,0.005150,0.022000,65.989746,30.127001
11799,dp,0.002464,0.005050,0.019200,75.317383,26.714344
11800,d,0.002385,0.005200,0.022000,19.587891,29.585393
11801,dd,0.002426,0.004500,0.022000,26.828369,28.925915
11802,sdd,0.018511,0.005400,0.019200,33.708008,43.110933
11803,dsdd,0.002830,0.004400,0.021500,41.294678,28.729964
11810,d,0.002385,0.010100,0.019200,23.145508,31.685393
11811,d,0.002385,0.020750,0.020000,31.100586,43.135393
11812,s,0.023128,0.009450,0.020000,38.263672,52.578351
11813,ss,0.018821,0.005400,0.020000,46.553223,44.220769
11814,sss,0.019288,0.005750,0.019200,53.495605,44.238093
11815,d,0.002385,0.006500,0.018500,23.739746,27.385393
11816,sd,0.018668,0.004850,0.019200,31.770752,42.717773
11817,dsd,0.002613,0.004650,0.020000,39.024658,27.262551
11818,pds,0.003022,0.005450,0.021500,58.389893,29.971933
11819,pp,0.002838,0.004700,0.022000,79.279541,29.538325
11820,d,0.002385,0.010250,0.021500,13.693359,34.135393
11821,sd,0.018668,0.005550,0.022000,20.685059,46.217773
11822,ssd,0.018735,0.004500,0.019200,27.546143,42.434503
11823,pssd,0.002940,0.004300,0.019200,45.930664,26.439578
11824,ppss,0.002998,0.004500,0.020000,66.764404,27.497567
11825,d,0.002385,0.003700,0.022000,9.741455,28.085393
11826,dd,0.002426,0.009550,0.022000,16.794922,33.975915
11827,ddd,0.002493,0.004200,0.018500,23.818604,25.193417
11828,pdd,0.003045,0.004900,0.021500,42.257568,29.444804
11829,dp,0.002464,0.007300,0.021500,51.565186,31.264344
11830,p,0.003780,0.004250,0.022000,33.730957,30.029849
11831,dp,0.002464,0.004150,0.020000,43.597168,26.614344
11832,p,0.003780,0.017850,0.018500,61.871582,40.129849
11833,d,0.002385,0.004450,0.018500,71.489990,25.335393
11834,sd,0.018668,0.008500,0.020000,78.366699,47.167773
11845,p,0.003780,0.006050,0.021500,24.478760,31.329849
11846,pp,0.002838,0.004750,0.018500,46.140381,26.088325
11847,spp,0.018537,0.005400,0.018500,55.535645,42.437181
11848,ps,0.002840,0.005750,0.020000,73.750244,28.589786
11849,pps,0.002854,0.005400,0.020000,94.749756,28.254053
11835,p,0.003780,0.012100,0.019200,18.186035,35.079849
11836,d,0.002385,0.004950,0.018500,27.753662,25.835393
11837,pd,0.002977,0.004550,0.022000,45.846191,29.527001
11838,pp,0.002838,0.004450,0.019200,66.723389,26.488325
11839,dp,0.002464,0.005550,0.018500,76.285889,26.514344
11840,d,0.002385,0.004350,0.018500,6.766846,25.235393
11841,pd,0.002977,0.005350,0.021500,25.324219,29.827001
11842,dp,0.002464,0.004650,0.018500,34.856934,25.614344
11843,pdp,0.002932,0.006000,0.021500,53.703125,30.431683
11844,pp,0.002838,0.005450,0.020000,75.923828,28.288325
11850,d,0.002385,0.004100,0.018500,22.073730,24.985393
11851,dd,0.002426,0.004850,0.021500,30.226318,28.775915
11852,pd,0.002977,0.004900,0.022000,48.375732,29.877001
11853,dpd,0.002513,0.005200,0.022000,58.027100,29.712673
11854,pdp,0.002932,0.006250,0.020000,76.405762,29.181683
11855,d,0.002385,0.004750,0.022000,6.835449,29.135393
11856,dd,0.002426,0.006400,0.022000,14.539062,30.825915
11857,sdd,0.018511,0.008950,0.022000,21.727539,49.460933
11858,psd,0.003139,0.004350,0.021500,40.092041,28.988792
11859,p,0.003780,0.016050,0.022000,60.725342,41.829849
11860,s,0.023128,0.010900,0.022000,11.755127,56.028351
11861,ds,0.002343,0.004700,0.019200,22.356689,26.242513
11862,pds,0.003022,0.005050,0.021500,41.173584,29.571933
11863,pps,0.002854,0.012150,0.019200,63.746826,34.204053
11864,d,0.002385,0.007500,0.020000,74.316895,29.885393
11865,s,0.023128,0.006500,0.021500,21.808350,51.128351
11866,ps,0.002840,0.006200,0.018500,40.451416,27.539786
11867,dps,0.002445,0.012450,0.020000,50.135986,34.894936
11868,sdps,0.018183,0.004950,0.020000,57.300293,43.132897
11869,psd,0.003139,0.004950,0.019200,75.348877,27.288792
11870,s,0.023128,0.006300,0.022000,14.640625,51.428351
11871,ds,0.002343,0.006000,0.022000,22.080322,30.342513
11872,pds,0.003022,0.004500,0.019200,40.610596,26.721933
11873,spds,0.018151,0.004050,0.022000,49.544189,44.200699
11874,dsps,0.002950,0.004350,0.021500,56.561279,28.800393
11875,d,0.002385,0.006300,0.019200,6.696045,27.885393
11876,pd,0.002977,0.005400,0.019200,25.074951,27.577001
11877,dpd,0.002513,0.005750,0.018500,34.341064,26.762673
11878,ddp,0.002502,0.005850,0.021500,41.561523,29.851712
11879,sddp,0.017807,0.010000,0.018500,48.638428,46.306817
11885,d,0.002385,0.004400,0.022000,6.719971,28.785393
11886,sd,0.018668,0.005150,0.020000,13.773438,43.817773
11887,dsd,0.002613,0.006450,0.021500,21.175293,30.562551
11888,pds,0.003022,0.006300,0.020000,39.532471,29.321933
11889,dpds,0.002826,0.009450,0.019200,48.783691,31.475574
11880,s,0.023128,0.005100,0.019200,6.525391,47.428351
11881,ps,0.002840,0.004900,0.020000,24.859131,27.739786
11882,pps,0.002854,0.005700,0.021500,45.613281,30.054053
11883,pp,0.002838,0.004600,0.021500,66.129883,28.938325
11884,spp,0.018537,0.004450,0.019200,75.091309,42.187181
11890,s,0.023128,0.005350,0.019200,6.329102,47.678351
11891,ss,0.018821,0.004600,0.021500,13.380859,44.920769
11892,sss,0.019288,0.004550,0.018500,20.304688,42.338093
11893,ssss,0.018888,0.008500,0.021500,27.079834,48.888175
11895,s,0.023128,0.008100,0.019200,6.451904,50.428351
11896,s,0.023128,0.004450,0.020000,13.325928,47.578351
11897,ds,0.002343,0.004800,0.022000,20.531494,29.142513
11898,pds,0.003022,0.004750,0.019200,39.047119,26.971933
11899,spds,0.018151,0.004450,0.018500,48.184326,41.100699
11900,s,0.023128,0.005550,0.022000,23.319580,50.678351
11901,ps,0.002840,0.005150,0.019200,42.839600,27.189786
11902,dps,0.002445,0.007850,0.021500,52.367188,31.794936
11903,ddps,0.002746,0.016750,0.021500,59.630859,40.995776
11905,s,0.023128,0.005400,0.022000,23.178711,50.528351
11906,ds,0.002343,0.004600,0.022000,31.345215,28.942513
11907,sds,0.018566,0.007200,0.020000,38.432617,45.766086
11908,psds,0.002945,0.005300,0.021500,57.571045,29.745423
11909,spss,0.018655,0.005600,0.022000,68.128906,46.255113
11910,p,0.003780,0.003900,0.020000,35.510498,27.679849
11911,d,0.002385,0.023350,0.021500,45.227051,47.235393
11912,sp,0.018754,0.004450,0.018500,52.234619,41.703690
11913,ps,0.002840,0.004500,0.019200,70.620361,26.539786
11914,sps,0.018360,0.007250,0.018500,79.800293,44.110251
11915,d,0.002385,0.004750,0.021500,23.607666,28.635393
11916,dd,0.002426,0.004900,0.021500,31.545654,28.825915
11917,ddd,0.002493,0.004800,0.018500,38.592285,25.793417
11918,pdd,0.003045,0.005600,0.020000,56.884033,28.644804
11919,sp,0.018754,0.006050,0.021500,65.869141,46.303690
11925,d,0.002385,0.004800,0.022000,6.828369,29.185393
11926,pd,0.002977,0.004800,0.018500,25.262695,26.277001
11927,dpd,0.002513,0.005000,0.021500,35.145020,29.012673
11928,p,0.003780,0.013400,0.022000,53.474121,39.179849
11929,dd,0.002426,0.004750,0.022000,62.759277,29.175915
11920,d,0.002385,0.004750,0.019200,6.873779,26.335393
11921,pd,0.002977,0.004850,0.019200,26.113770,27.027001
11922,sp,0.018754,0.005100,0.019200,35.523682,43.053690
11923,ps,0.002840,0.004100,0.019200,53.828125,26.139786
11924,pps,0.002854,0.004350,0.019200,74.678955,26.404053
11930,s,0.023128,0.004500,0.018500,6.373779,46.128351
11931,ss,0.018821,0.007100,0.020000,13.368164,45.920769
11932,dss,0.002842,0.007050,0.022000,21.254150,31.891615
11933,pdss,0.002957,0.004700,0.019200,39.907227,26.856682
11934,pp,0.002838,0.004500,0.021500,60.481201,28.838325
11935,s,0.023128,0.006350,0.018500,22.429199,47.978351
11936,ds,0.002343,0.005550,0.020000,30.300781,27.892513
11937,p,0.003780,0.056950,0.021500,48.500732,82.229849
11938,p,0.003780,0.014950,0.018500,68.830811,37.229849
11939,p,0.003780,0.008950,0.022000,90.787598,34.729849
11940,p,0.003780,0.005250,0.022000,18.158691,31.029849
11941,dp,0.002464,0.004400,0.020000,27.453613,26.864344
11942,sdp,0.018492,0.006600,0.021500,34.252197,46.591971
11943,psd,0.003139,0.013500,0.021500,52.191162,38.138792
11944,sps,0.018360,0.005400,0.019200,61.133057,42.960251
11945,d,0.002385,0.003800,0.019200,6.786377,25.385393
11946,pd,0.002977,0.006000,0.022000,25.160645,30.977001
11947,pp,0.002838,0.008050,0.021500,45.756836,32.388325
11948,spp,0.018537,0.004450,0.019200,54.806885,42.187181
11949,ssp,0.018787,0.004550,0.021500,61.511475,44.837195
11950,p,0.003780,0.009100,0.020000,17.757568,32.879849
11951,dp,0.002464,0.004050,0.020000,27.270020,26.514344
11952,ddp,0.002502,0.014100,0.021500,34.466797,38.101712
11953,sddp,0.017807,0.044000,0.022000,41.498535,83.806817
11955,d,0.002385,0.009150,0.022000,6.536377,33.535393
11956,dd,0.002426,0.008450,0.020000,13.672607,30.875915
11957,ddd,0.002493,0.009150,0.018500,20.929688,30.143417
11958,pddd,0.002895,0.007850,0.021500,39.255127,32.245137
11959,dpd,0.002513,0.004750,0.022000,48.795166,29.262673
11960,p,0.003780,0.004850,0.021500,31.999268,30.129849
11961,dp,0.002464,0.012150,0.018500,41.758545,33.114344
11962,pdp,0.002932,0.004450,0.022000,60.912354,29.381683
11963,dpd,0.002513,0.009200,0.022000,70.558350,33.712673
11964,ddp,0.002502,0.004700,0.020000,77.953125,27.201712
11965,d,0.002385,0.011700,0.020000,7.246582,34.085393
11966,pd,0.002977,0.006750,0.019200,26.733643,28.927001
11967,spd,0.018317,0.005400,0.018500,36.331787,42.217325
11968,psp,0.002926,0.003500,0.020000,54.791504,26.425658
11969,dps,0.002445,0.013100,0.018500,64.444580,34.044936
11975,s,0.023128,0.005200,0.021500,6.431396,49.828351
11976,ps,0.002840,0.005250,0.022000,24.451416,30.089786
11977,dps,0.002445,0.012900,0.019200,33.731201,34.544936
11978,ddps,0.002746,0.008400,0.020000,40.791504,31.145776
11970,d,0.002385,0.005800,0.021500,7.080322,29.685393
11971,p,0.003780,0.121800,0.022000,27.539795,147.579849
11972,d,0.002385,0.006000,0.020000,38.047363,28.385393
11973,sd,0.018668,0.004550,0.022000,45.401123,45.217773
11974,ssd,0.018735,0.005750,0.021500,52.603271,45.984503
11980,p,0.003780,0.004550,0.019200,18.065186,27.529849
11981,dp,0.002464,0.004800,0.020000,27.778564,27.264344
11982,ddp,0.002502,0.005200,0.019200,35.229248,26.901712
11983,pdd,0.003045,0.005100,0.020000,53.578369,28.144804
11984,dp,0.002464,0.004850,0.022000,63.418457,29.314344
11985,s,0.023128,0.004650,0.020000,23.223633,47.778351
11986,ps,0.002840,0.005800,0.022000,42.218750,30.639786
11987,dps,0.002445,0.005750,0.020000,51.478027,28.194936
11988,sdps,0.018183,0.004750,0.019200,58.220215,42.132897
11990,p,0.003780,0.005600,0.018500,34.829590,27.879849
11991,pp,0.002838,0.005600,0.021500,55.205078,29.938325
11992,dp,0.002464,0.004400,0.022000,64.660645,28.864344
11993,ddp,0.002502,0.005050,0.018500,72.140869,26.051712
11994,sddp,0.017807,0.005250,0.020000,79.093750,43.056817
11995,d,0.002385,0.004550,0.018500,10.782959,25.435393
11996,sd,0.018668,0.004450,0.022000,18.550293,45.117773
11997,ssd,0.018735,0.011800,0.018500,26.064941,49.034503
11998,sssd,0.017999,0.004650,0.022000,33.512207,44.648568
11999,dsss,0.003039,0.004400,0.018500,41.017822,25.938978
12000,p,0.003780,0.004100,0.021500,17.575439,29.379849
12001,dp,0.002464,0.004950,0.022000,26.996826,29.414344
12002,ddp,0.002502,0.005400,0.018500,34.024170,26.401712
12003,dddp,0.002699,0.012450,0.019200,41.114258,34.349161
12004,sddd,0.017932,0.005400,0.018500,48.240967,41.831734
12005,p,0.003780,0.004550,0.018500,17.903076,26.829849
12006,sp,0.018754,0.003900,0.021500,27.800537,44.153690
12007,dsp,0.002685,0.004600,0.018500,35.890625,25.784513
12008,sdsp,0.018148,0.005950,0.022000,43.758301,46.098415
12009,dsds,0.002713,0.004450,0.020000,52.096436,27.163025
12010,s,0.023128,0.005450,0.020000,7.308594,48.578351
12011,ps,0.002840,0.004350,0.022000,25.840332,29.189786
12012,dps,0.002445,0.005650,0.021500,35.975342,29.594936
12013,pdps,0.002951,0.005050,0.021500,54.916748,29.500740
12014,dpd,0.002513,0.006000,0.020000,65.297852,28.512673
12015,d,0.002385,0.023100,0.019200,6.756836,44.685393
12016,d,0.002385,0.004350,0.018500,14.107910,25.235393
12017,dd,0.002426,0.008450,0.019200,21.283203,30.075915
12018,sdd,0.018511,0.004850,0.021500,28.186035,44.860933
12019,dsdd,0.002830,0.004500,0.018500,35.260010,25.829964
12020,p,0.003780,0.012050,0.022000,19.231934,37.829849
12021,dp,0.002464,0.012050,0.020000,29.406006,34.514344
12022,sdp,0.018492,0.004250,0.020000,36.613281,42.741971
12023,psdp,0.002870,0.009850,0.022000,55.220459,34.720468
12024,pps,0.002854,0.006500,0.020000,75.882080,29.354053
12025,d,0.002385,0.003850,0.019200,6.689697,25.435393
12026,pd,0.002977,0.004500,0.022000,25.558594,29.477001
12027,pp,0.002838,0.004100,0.019200,46.494873,26.138325
12028,pp,0.002838,0.006500,0.018500,68.537109,27.838325
12029,pp,0.002838,0.008950,0.021500,90.437500,33.288325
12035,s,0.023128,0.005600,0.021500,6.422607,50.228351
12036,ss,0.018821,0.006950,0.022000,13.571045,47.770769
12037,sss,0.019288,0.006650,0.019200,20.525146,45.138093
12038,psss,0.002892,0.005300,0.018500,39.093018,26.692287
12030,d,0.002385,0.008600,0.020000,6.921875,30.985393
12031,dd,0.002426,0.003800,0.021500,14.466553,27.725915
12032,sdd,0.018511,0.005200,0.020000,21.479736,43.710933
12033,psd,0.003139,0.005550,0.019200,40.003662,27.888792
12034,dps,0.002445,0.005700,0.020000,49.474609,28.144936
12040,s,0.023128,0.004500,0.019200,16.200195,46.828351
12041,ds,0.002343,0.006550,0.021500,24.914551,30.392513
12042,s,0.023128,0.088850,0.021500,31.757324,133.478351
12043,pds,0.003022,0.005650,0.020000,49.937744,28.671933
12044,pp,0.002838,0.005600,0.018500,70.114502,26.938325
12050,d,0.002385,0.005450,0.020000,13.073242,27.835393
12051,pd,0.002977,0.005200,0.018500,33.916504,26.677001
12052,s,0.023128,0.025050,0.019200,45.155029,67.378351
12053,sp,0.018754,0.011800,0.018500,52.010254,49.053690
12054,ps,0.002840,0.005000,0.022000,70.340088,29.839786
12045,s,0.023128,0.008600,0.020000,29.023682,51.728351
12046,ds,0.002343,0.005000,0.021500,40.893066,28.842513
12047,pds,0.003022,0.005000,0.020000,59.249023,28.021933
12048,pps,0.002854,0.005100,0.021500,79.708984,29.454053
12049,dp,0.002464,0.014000,0.018500,89.430908,34.964344
12060,d,0.002385,0.004000,0.018500,23.415771,24.885393
12061,s,0.023128,0.006200,0.018500,31.005615,47.828351
12062,p,0.003780,0.004850,0.018500,48.970459,27.129849
12063,pp,0.002838,0.005500,0.022000,69.151367,30.338325
12064,dp,0.002464,0.007400,0.019200,78.347900,29.064344
12055,p,0.003780,0.005500,0.022000,35.469971,31.279849
12056,dp,0.002464,0.004200,0.020000,44.822510,26.664344
12057,pdp,0.002932,0.005150,0.020000,62.929932,28.081683
12058,dp,0.002464,0.044000,0.018500,72.203857,64.964344
12059,sdp,0.018492,0.004800,0.021500,78.954834,44.791971
12065,p,0.003780,0.009950,0.019200,17.800781,32.929849
12066,p,0.003780,0.005400,0.018500,38.131348,27.679849
12067,dp,0.002464,0.004200,0.022000,47.873535,28.664344
12068,pd,0.002977,0.005600,0.021500,65.857178,30.077001
12069,pp,0.002838,0.004500,0.019200,86.368652,26.538325
12070,p,0.003780,0.004600,0.021500,17.726807,29.879849
12071,p,0.003780,0.012950,0.021500,38.905273,38.229849
12072,s,0.023128,0.005400,0.019200,48.240723,47.728351
12073,ps,0.002840,0.005150,0.020000,66.328369,27.989786
12074,dps,0.002445,0.004700,0.021500,75.646729,28.644936
12075,p,0.003780,0.008550,0.022000,17.778809,34.329849
12076,pp,0.002838,0.007850,0.019200,38.117432,29.888325
12077,pp,0.002838,0.004700,0.018500,58.161621,26.038325
12078,spp,0.018537,0.006050,0.019200,67.192871,43.787181
12079,dsp,0.002685,0.004000,0.019200,74.198486,25.884513
12080,d,0.002385,0.020700,0.018500,23.879150,41.585393
12081,s,0.023128,0.006250,0.022000,31.386230,51.378351
12082,ss,0.018821,0.007100,0.020000,38.115234,45.920769
12083,pss,0.002833,0.004550,0.021500,56.283936,28.882709
12084,dpss,0.002761,0.005700,0.022000,65.603027,30.460817
12085,d,0.002385,0.004550,0.022000,18.771240,28.935393
12086,sd,0.018668,0.006050,0.022000,26.044678,46.717773
12087,psd,0.003139,0.014000,0.021500,44.548096,38.638792
12088,dps,0.002445,0.004150,0.021500,54.024902,28.094936
12089,ddps,0.002746,0.009050,0.018500,61.195801,30.295776
12090,d,0.002385,0.006500,0.021500,13.527832,30.385393
12091,dd,0.002426,0.005350,0.019200,20.792236,26.975915
12092,pdd,0.003045,0.007050,0.020000,39.743408,30.094804
12093,pp,0.002838,0.005150,0.020000,59.828857,27.988325
12094,pp,0.002838,0.006050,0.021500,80.045898,30.388325
12095,s,0.023128,0.007450,0.021500,9.503418,52.078351
12096,ds,0.002343,0.004600,0.020000,20.356689,26.942513
12097,pds,0.003022,0.003950,0.020000,43.987793,26.971933
12098,dps,0.002445,0.005400,0.022000,53.725586,29.844936
12099,pd,0.002977,0.006300,0.018500,72.097900,27.777001
12105,s,0.023128,0.005200,0.021500,22.981201,49.828351
12106,ss,0.018821,0.004250,0.019200,30.971924,42.270769
12107,sss,0.019288,0.004700,0.021500,37.910156,45.488093
12108,ssss,0.018888,0.006600,0.021500,44.843018,46.988175
12100,p,0.003780,0.004300,0.018500,35.811523,26.579849
12101,pp,0.002838,0.005150,0.019200,56.546143,27.188325
12102,pp,0.002838,0.004300,0.018500,77.553223,25.638325
12103,dp,0.002464,0.004950,0.020000,87.068359,27.414344
12104,pd,0.002977,0.008000,0.018500,105.345703,29.477001
12110,s,0.023128,0.005400,0.019200,6.434082,47.728351
12111,ds,0.002343,0.008150,0.020000,13.717041,30.492513
12112,sds,0.018566,0.004800,0.018500,20.789307,41.866086
12113,ssds,0.018930,0.004550,0.019200,27.900635,42.680221
12114,psss,0.002892,0.007850,0.018500,46.372559,29.242287
12115,d,0.002385,0.004700,0.021500,6.598145,28.585393
12116,sd,0.018668,0.004500,0.021500,13.431396,44.667773
12117,d,0.002385,0.028550,0.018500,20.394531,49.435393
12118,ssd,0.018735,0.003500,0.020000,27.194336,42.234503
12119,sssd,0.017999,0.004850,0.022000,33.919922,44.848568
12120,d,0.002385,0.009750,0.019200,6.786377,31.335393
12121,dd,0.002426,0.004250,0.022000,14.120117,28.675915
12122,s,0.023128,0.010950,0.019200,20.995605,53.278351
12123,ddd,0.002493,0.005950,0.020000,28.024902,28.443417
12124,sddd,0.017932,0.004950,0.021500,34.960205,44.381734
12125,d,0.002385,0.006350,0.018500,6.757812,27.235393
12126,sd,0.018668,0.008450,0.018500,13.753418,45.617773
12127,psd,0.003139,0.004200,0.021500,31.912354,28.838792
12128,dps,0.002445,0.009200,0.018500,41.193848,30.144936
12129,pdps,0.002951,0.005200,0.022000,59.164795,30.150740
12130,s,0.023128,0.005700,0.019200,20.362305,48.028351
12131,ps,0.002840,0.006750,0.019200,39.152344,28.789786
12132,dps,0.002445,0.017350,0.019200,49.172852,38.994936
12133,sdps,0.018183,0.004950,0.021500,56.742676,44.632897
12134,psd,0.003139,0.005000,0.021500,76.746826,29.638792
12135,p,0.003780,0.011000,0.022000,34.743408,36.779849
12136,s,0.023128,0.016350,0.021500,43.812500,60.978351
12137,pp,0.002838,0.009100,0.022000,62.031982,33.938325
12138,spp,0.018537,0.006700,0.020000,71.155518,45.237181
12139,psp,0.002926,0.007200,0.018500,89.143066,28.625658
12140,p,0.003780,0.004700,0.021500,17.805176,29.979849
12141,sp,0.018754,0.005150,0.021500,27.263184,45.403690
12142,dsp,0.002685,0.004150,0.018500,34.507568,25.334513
12143,p,0.003780,0.014450,0.019200,53.008545,37.429849
12144,ds,0.002343,0.004600,0.021500,63.064209,28.442513
12145,s,0.023128,0.004200,0.018500,18.619141,45.828351
12146,ds,0.002343,0.005500,0.018500,26.255371,26.342513
12147,sds,0.018566,0.004000,0.019200,33.233154,41.766086
12148,psds,0.002945,0.004700,0.022000,51.593750,29.645423
12149,dpss,0.002761,0.004250,0.019200,61.200195,26.210817
12150,p,0.003780,0.005650,0.020000,41.909424,29.429849
12151,pp,0.002838,0.007250,0.021500,62.526611,31.588325
12152,sp,0.018754,0.005250,0.021500,71.721924,45.503690
12153,ssp,0.018787,0.005300,0.020000,78.558350,44.087195
12154,sssp,0.018690,0.004150,0.020000,85.429688,42.839656
12155,s,0.023128,0.007250,0.020000,6.726318,50.378351
12156,ss,0.018821,0.004000,0.022000,13.723145,44.820769
12157,dss,0.002842,0.006400,0.020000,21.104736,29.241615
12158,sdss,0.018223,0.004450,0.020000,28.017090,42.672624
12165,p,0.003780,0.004750,0.022000,22.083252,30.529849
12166,dp,0.002464,0.005000,0.021500,31.953369,28.964344
12167,s,0.023128,0.013400,0.019200,39.465088,55.728351
12168,pd,0.002977,0.005000,0.018500,58.732422,26.477001
12169,dp,0.002464,0.004850,0.022000,68.533691,29.314344
12160,d,0.002385,0.003900,0.019200,11.921387,25.485393
12161,dd,0.002426,0.004750,0.019200,19.231201,26.375915
12162,sdd,0.018511,0.003950,0.022000,26.087646,44.460933
12163,p,0.003780,0.007500,0.018500,44.431396,29.779849
12164,ps,0.002840,0.004750,0.022000,64.538086,29.589786
12170,d,0.002385,0.007900,0.018500,6.804688,28.785393
12171,dd,0.002426,0.004350,0.021500,14.215332,28.275915
12172,pdd,0.003045,0.004550,0.019200,32.452148,26.794804
12173,spd,0.018317,0.004550,0.020000,41.391357,42.867325
12174,ssp,0.018787,0.004150,0.022000,48.098877,44.937195
12175,s,0.023128,0.004500,0.018500,6.413330,46.128351
12176,ps,0.002840,0.004900,0.020000,24.777344,27.739786
12177,sps,0.018360,0.008050,0.022000,33.777588,48.410251
12178,psps,0.002923,0.005200,0.019200,51.799316,27.322585
12179,pps,0.002854,0.004650,0.019200,72.144287,26.704053
12180,d,0.002385,0.006000,0.021500,6.536865,29.885393
12181,pd,0.002977,0.004850,0.020000,25.135986,27.827001
12182,spd,0.018317,0.004450,0.019200,34.167969,41.967325
12183,psp,0.002926,0.005400,0.018500,52.121338,26.825658
12184,pps,0.002854,0.005100,0.021500,73.320068,29.454053
12185,s,0.023128,0.005300,0.019200,20.242920,47.628351
12186,ps,0.002840,0.007200,0.020000,39.301514,30.039786
12187,pps,0.002854,0.004450,0.018500,59.711914,25.804053
12188,dpp,0.002514,0.005000,0.022000,69.034180,29.514416
12189,sdp,0.018492,0.004400,0.021500,76.188965,44.391971
12190,d,0.002385,0.004650,0.021500,11.948242,28.535393
12191,pd,0.002977,0.004400,0.018500,31.002930,25.877001
12192,s,0.023128,0.008100,0.021500,40.392090,52.728351
12193,sp,0.018754,0.016150,0.019200,47.262939,54.103690
12194,ps,0.002840,0.004850,0.022000,65.194336,29.689786
12195,d,0.002385,0.014100,0.022000,6.883301,38.485393
12196,pd,0.002977,0.017350,0.020000,25.517090,40.327001
12197,pp,0.002838,0.004750,0.019200,46.120605,26.788325
12198,spp,0.018537,0.005300,0.021500,55.086914,45.337181
12199,ps,0.002840,0.004750,0.020000,73.171631,27.589786
12200,s,0.023128,0.005600,0.019200,6.660889,47.928351
12201,d,0.002385,0.015050,0.020000,14.448975,37.435393
12202,ds,0.002343,0.006250,0.022000,22.129639,30.592513
12203,pds,0.003022,0.005400,0.021500,41.437012,29.921933
12204,dpds,0.002826,0.012900,0.019200,51.037598,34.925574
12205,p,0.003780,0.004700,0.020000,18.194824,28.479849
12206,dp,0.002464,0.005350,0.018500,27.955566,26.314344
12207,sdp,0.018492,0.005400,0.021500,35.086914,45.391971
12208,psd,0.003139,0.005400,0.019200,53.845215,27.738792
12209,dps,0.002445,0.005400,0.022000,63.242920,29.844936
12210,s,0.023128,0.005450,0.020000,9.449219,48.578351
12211,ss,0.018821,0.005950,0.018500,20.997314,43.270769
12212,sss,0.019288,0.004650,0.021500,30.353516,45.438093
12213,dsss,0.003039,0.004650,0.022000,38.177979,29.688978
12215,s,0.023128,0.004250,0.021500,13.943848,48.878351
12216,ps,0.002840,0.004850,0.021500,32.414795,29.189786
12217,pps,0.002854,0.005400,0.021500,52.796143,29.754053
12218,pp,0.002838,0.005750,0.021500,72.967285,30.088325
12219,pp,0.002838,0.006350,0.021500,93.072510,30.688325
12230,s,0.023128,0.004850,0.018500,6.403809,46.478351
12231,ss,0.018821,0.008950,0.020000,13.427979,47.770769
12232,sss,0.019288,0.005000,0.020000,20.264648,44.288093
12233,ssss,0.018888,0.005000,0.019200,26.921631,43.088175
12225,d,0.002385,0.005700,0.018500,6.614258,26.585393
12226,pd,0.002977,0.005750,0.022000,25.038086,30.727001
12227,sp,0.018754,0.005200,0.018500,34.068848,42.453690
12228,ssp,0.018787,0.008050,0.022000,40.864502,48.837195
12229,dssp,0.002732,0.003950,0.020000,47.985107,26.681810
12220,p,0.003780,0.015150,0.018500,32.762451,37.429849
12221,p,0.003780,0.005150,0.021500,53.087158,30.429849
12222,dp,0.002464,0.005200,0.021500,63.015625,29.164344
12223,pd,0.002977,0.005250,0.020000,83.726318,28.227001
12224,dp,0.002464,0.006050,0.022000,94.728760,30.514344
12235,s,0.023128,0.005200,0.019200,23.144043,47.528351
12236,ss,0.018821,0.005850,0.020000,30.925293,44.670769
12237,dss,0.002842,0.006350,0.019200,38.238281,28.391615
12238,p,0.003780,0.016650,0.021500,56.909424,41.929849
12239,sdss,0.018223,0.012450,0.018500,66.334473,49.172624
12240,d,0.002385,0.005850,0.019200,6.872559,27.435393
12241,sd,0.018668,0.005300,0.020000,14.285645,43.967773
12242,psd,0.003139,0.006050,0.018500,32.755127,27.688792
12243,dps,0.002445,0.004350,0.018500,42.601807,25.294936
12244,pd,0.002977,0.006700,0.022000,61.063721,31.677001
12245,p,0.003780,0.004950,0.018500,29.812988,27.229849
12246,d,0.002385,0.012250,0.022000,39.347900,36.635393
12247,dp,0.002464,0.004750,0.021500,46.410645,28.714344
12248,sdp,0.018492,0.005400,0.019200,55.357666,43.091971
12249,ps,0.002840,0.004450,0.018500,77.466064,25.789786
12250,p,0.003780,0.006050,0.022000,21.539062,31.829849
12251,p,0.003780,0.020900,0.018500,42.259033,43.179849
12252,p,0.003780,0.004550,0.021500,63.799072,29.829849
12253,dp,0.002464,0.003800,0.018500,74.091064,24.764344
12254,ddp,0.002502,0.008000,0.021500,82.477783,32.001712
12255,s,0.023128,0.005150,0.020000,6.231689,48.278351
12256,d,0.002385,0.011250,0.020000,13.398193,33.635393
12257,s,0.023128,0.005500,0.019200,20.263916,47.828351
12258,ps,0.002840,0.006750,0.022000,38.612061,31.589786
12259,pps,0.002854,0.005350,0.018500,67.779785,26.704053
12260,d,0.002385,0.004800,0.021500,22.869629,28.685393
12261,dd,0.002426,0.004900,0.022000,30.504395,29.325915
12262,pdd,0.003045,0.004950,0.019200,48.588379,27.194804
12263,pp,0.002838,0.006700,0.019200,69.119873,28.738325
12264,pp,0.002838,0.004000,0.020000,89.493408,26.838325
12270,p,0.003780,0.008950,0.019200,35.161621,31.929849
12271,dp,0.002464,0.006300,0.020000,44.648438,28.764344
12272,sdp,0.018492,0.004150,0.018500,51.707031,41.141971
12273,psd,0.003139,0.005650,0.018500,70.047852,27.288792
12274,dps,0.002445,0.004400,0.020000,79.410400,26.844936
12265,s,0.023128,0.011950,0.018500,15.330566,53.578351
12266,d,0.002385,0.005950,0.018500,23.510742,26.835393
12267,sd,0.018668,0.007550,0.022000,31.041748,48.217773
12268,ssd,0.018735,0.006000,0.022000,38.427979,46.734503
12269,pss,0.002833,0.004750,0.019200,57.362549,26.782709
12275,s,0.023128,0.004750,0.020000,6.386230,47.878351
12276,ss,0.018821,0.005100,0.018500,13.136963,42.420769
12277,sss,0.019288,0.006000,0.018500,19.821045,43.788093
12278,ssss,0.018888,0.004650,0.020000,26.839600,43.538175
12279,s,0.023128,0.010800,0.022000,33.573242,55.928351
12280,p,0.003780,0.004400,0.019200,18.455811,27.379849
12281,sp,0.018754,0.004800,0.018500,27.816650,42.053690
12282,dsp,0.002685,0.004450,0.021500,35.083740,28.634513
12283,sdsp,0.018148,0.006700,0.022000,42.094971,46.848415
12284,dsds,0.002713,0.004950,0.019200,49.357178,26.863025
12290,p,0.003780,0.012050,0.022000,18.318848,37.829849
12291,dp,0.002464,0.004550,0.018500,27.870605,25.514344
12292,pdp,0.002932,0.004800,0.020000,46.834229,27.731683
12293,pp,0.002838,0.005450,0.021500,67.464355,29.788325
12294,pp,0.002838,0.004650,0.021500,88.037842,28.988325
12285,d,0.002385,0.005350,0.018500,7.174072,26.235393
12286,sd,0.018668,0.004450,0.021500,14.554688,44.617773
12287,dsd,0.002613,0.004900,0.020000,22.049316,27.512551
12288,pds,0.003022,0.004600,0.019200,40.843262,26.821933
12289,pp,0.002838,0.004150,0.020000,61.385498,26.988325
12295,p,0.003780,0.005500,0.022000,18.965576,31.279849
12296,pp,0.002838,0.004700,0.019200,44.488281,26.738325
12297,pp,0.002838,0.004400,0.020000,66.070801,27.238325
12298,sp,0.018754,0.005600,0.018500,75.654297,42.853690
12299,dsp,0.002685,0.004350,0.020000,82.975342,27.034513
12300,p,0.003780,0.007850,0.018500,18.059570,30.129849
12301,sp,0.018754,0.005200,0.021500,27.408936,45.453690
12302,psp,0.002926,0.005000,0.021500,45.473145,29.425658
12303,dps,0.002445,0.004500,0.019200,54.779297,26.144936
12304,p,0.003780,0.028900,0.018500,73.359619,51.179849
12305,d,0.002385,0.004750,0.020000,6.736816,27.135393
12306,sd,0.018668,0.008450,0.018500,13.730713,45.617773
12307,psd,0.003139,0.005350,0.018500,32.055664,26.988792
12308,pps,0.002854,0.006400,0.021500,52.635498,30.754053
12309,dp,0.002464,0.004350,0.021500,62.248291,28.314344
12310,d,0.002385,0.004300,0.021500,6.939697,28.185393
12311,p,0.003780,0.070050,0.019200,27.528076,93.029849
12312,d,0.002385,0.004800,0.019200,38.489258,26.385393
12313,dd,0.002426,0.004600,0.018500,46.429199,25.525915
12314,pd,0.002977,0.004600,0.019200,66.469238,26.777001
12315,d,0.002385,0.005150,0.022000,7.011475,29.535393
12316,dd,0.002426,0.007350,0.019200,14.393555,28.975915
12317,ddd,0.002493,0.011000,0.021500,21.540527,34.993417
12318,pdd,0.003045,0.004400,0.020000,40.125244,27.444804
12319,pp,0.002838,0.007550,0.021500,60.535889,31.888325
12320,s,0.023128,0.007250,0.019200,8.654053,49.578351
12321,ss,0.018821,0.005600,0.020000,15.737305,44.420769
12322,pss,0.002833,0.006000,0.020000,34.253418,28.832709
12323,spss,0.018655,0.005800,0.019200,43.487549,43.655113
12325,p,0.003780,0.003500,0.021500,36.164307,28.779849
12326,p,0.003780,0.036750,0.022000,56.838623,62.529849
12327,d,0.002385,0.006050,0.020000,66.573242,28.435393
12328,pd,0.002977,0.004800,0.021500,85.053223,29.277001
12329,dpd,0.002513,0.005350,0.018500,94.569580,26.362673
12330,s,0.023128,0.004150,0.021500,6.502686,48.778351
12331,ds,0.002343,0.004950,0.021500,13.762451,28.792513
12332,sds,0.018566,0.010150,0.020000,20.759766,48.716086
12333,psds,0.002945,0.005400,0.018500,38.983643,26.845423
12334,spss,0.018655,0.006400,0.022000,48.336426,47.055113
12335,s,0.023128,0.009850,0.020000,6.584961,52.978351
12336,ss,0.018821,0.004650,0.021500,13.551514,44.970769
12337,dss,0.002842,0.004800,0.022000,20.832764,29.641615
12338,ddss,0.002785,0.005150,0.020000,28.280029,27.935416
12340,p,0.003780,0.008750,0.021500,17.875000,34.029849
12341,sp,0.018754,0.005400,0.018500,27.169678,42.653690
12342,ssp,0.018787,0.005450,0.022000,34.000977,46.237195
12343,dssp,0.002732,0.005550,0.021500,41.687988,29.781810
12345,s,0.023128,0.004600,0.019200,6.503174,46.928351
12346,s,0.023128,0.029250,0.021500,13.409424,73.878351
12347,ds,0.002343,0.008100,0.021500,20.516113,31.942513
12348,ds,0.002343,0.004650,0.019200,27.694824,26.192513
12349,sds,0.018566,0.015350,0.020000,34.551270,53.916086
12355,s,0.023128,0.005700,0.022000,11.343262,50.828351
12356,ps,0.002840,0.007100,0.018500,37.903320,28.439786
12357,d,0.002385,0.018850,0.019200,47.346191,40.435393
12358,sps,0.018360,0.005000,0.019200,54.287842,42.560251
12359,dsps,0.002950,0.009850,0.021500,61.472168,34.300393
12360,p,0.003780,0.005500,0.021500,33.499512,30.779849
12361,dp,0.002464,0.004400,0.019200,42.919678,26.064344
12362,ddp,0.002502,0.005450,0.021500,50.263672,29.451712
12363,dddp,0.002699,0.005450,0.019200,57.547607,27.349161
12364,s,0.023128,0.016000,0.019200,64.525391,58.328351
12350,d,0.002385,0.004550,0.018500,11.804688,25.435393
12351,dd,0.002426,0.009850,0.018500,20.374512,30.775915
12352,sdd,0.018511,0.004350,0.021500,27.140137,44.360933
12353,dsdd,0.002830,0.005950,0.018500,34.286865,27.279964
12354,sdsd,0.018197,0.005150,0.022000,41.054932,45.347164
12365,p,0.003780,0.004400,0.022000,21.462891,30.179849
12366,dp,0.002464,0.005700,0.020000,30.815430,28.164344
12367,pdp,0.002932,0.005000,0.020000,49.202148,27.931683
12368,pp,0.002838,0.004500,0.022000,70.644287,29.338325
12369,sp,0.018754,0.004750,0.018500,80.204346,42.003690
12370,d,0.002385,0.005600,0.018500,23.867432,26.485393
12371,dd,0.002426,0.005250,0.021500,31.848145,29.175915
12372,pd,0.002977,0.004900,0.019200,50.382812,27.077001
12373,spd,0.018317,0.004950,0.018500,59.553955,41.767325
12374,ssp,0.018787,0.004500,0.018500,66.519775,41.787195
12375,d,0.002385,0.004050,0.022000,6.756104,28.435393
12376,p,0.003780,0.013250,0.022000,25.204346,39.029849
12377,p,0.003780,0.005000,0.020000,45.492188,28.779849
12378,sp,0.018754,0.004750,0.022000,54.923584,45.503690
12379,psp,0.002926,0.005100,0.021500,73.244873,29.525658
12380,s,0.023128,0.006000,0.022000,22.468506,51.128351
12381,s,0.023128,0.011500,0.019200,30.371582,53.828351
12382,ss,0.018821,0.005400,0.022000,37.102051,46.220769
12383,pss,0.002833,0.004750,0.022000,55.465820,29.582709
12384,spss,0.018655,0.005250,0.019200,64.827637,43.105113
12385,p,0.003780,0.005050,0.018500,19.983154,27.329849
12386,sp,0.018754,0.004800,0.021500,30.170410,45.053690
12387,ps,0.002840,0.007350,0.020000,48.979004,30.189786
12388,dps,0.002445,0.004500,0.020000,58.713623,26.944936
12389,d,0.002385,0.057350,0.020000,66.084717,79.735393
12390,d,0.002385,0.005000,0.021500,21.464600,28.885393
12391,d,0.002385,0.003700,0.020000,29.908691,26.085393
12392,dd,0.002426,0.004550,0.021500,37.243164,28.475915
12393,ddd,0.002493,0.005300,0.022000,44.947021,29.793417
12394,ddd,0.002493,0.004550,0.020000,52.462891,27.043417
12395,s,0.023128,0.005000,0.022000,19.107666,50.128351
12396,s,0.023128,0.009150,0.018500,26.163086,50.778351
12397,ss,0.018821,0.004600,0.018500,32.986328,41.920769
12398,pss,0.002833,0.005750,0.018500,51.621338,27.082709
12399,dpss,0.002761,0.005200,0.021500,61.371338,29.460817
12400,s,0.023128,0.004300,0.019200,29.014404,46.628351
12401,ds,0.002343,0.005300,0.022000,43.243652,29.642513
12402,dds,0.002685,0.010250,0.022000,50.266357,34.935273
12403,pdds,0.002946,0.003950,0.022000,68.459961,28.895651
12404,spd,0.018317,0.004350,0.020000,77.394287,42.667325
12405,d,0.002385,0.005850,0.021500,14.823486,29.735393
12406,dd,0.002426,0.006200,0.018500,23.416748,27.125915
12407,ddd,0.002493,0.004950,0.021500,31.864746,28.943417
12408,pd,0.002977,0.004800,0.018500,52.367188,26.277001
12409,s,0.023128,0.038450,0.022000,62.026123,83.578351
12410,d,0.002385,0.004200,0.021500,6.384766,28.085393
12411,sd,0.018668,0.005300,0.020000,13.655762,43.967773
12412,ssd,0.018735,0.004250,0.018500,20.866455,41.484503
12413,sssd,0.017999,0.004400,0.019200,27.877441,41.598568
12414,psss,0.002892,0.005200,0.021500,46.452881,29.592287
12415,d,0.002385,0.005200,0.020000,9.072510,27.585393
12416,pd,0.002977,0.004950,0.022000,28.134277,29.927001
12417,dp,0.002464,0.004850,0.021500,37.907959,28.814344
12418,ddp,0.002502,0.005000,0.021500,45.253418,29.001712
12419,d,0.002385,0.012800,0.020000,52.506104,35.185393
12420,d,0.002385,0.004850,0.021500,8.171387,28.735393
12421,dd,0.002426,0.004250,0.021500,15.985840,28.175915
12422,sdd,0.018511,0.005600,0.021500,23.165771,45.610933
12423,psd,0.003139,0.013500,0.021500,41.910645,38.138792
12424,sps,0.018360,0.006750,0.019200,51.235596,44.310251
12425,s,0.023128,0.004650,0.018500,9.462891,46.278351
12426,ss,0.018821,0.004900,0.022000,26.739502,45.720769
12427,dss,0.002842,0.005150,0.020000,34.739258,27.991615
12428,pdss,0.002957,0.004750,0.021500,53.061523,29.206682
12429,dpds,0.002826,0.006650,0.020000,62.587158,29.475574
12430,d,0.002385,0.009500,0.021500,22.337646,33.385393
12431,pd,0.002977,0.005600,0.020000,41.870850,28.577001
12432,spd,0.018317,0.006000,0.022000,51.133789,46.317325
12433,ssp,0.018787,0.006650,0.021500,57.960205,46.937195
12434,d,0.002385,0.007500,0.022000,65.102783,31.885393
12435,p,0.003780,0.007650,0.021500,18.525635,32.929849
12436,sp,0.018754,0.004250,0.021500,27.648926,44.503690
12437,dsp,0.002685,0.004550,0.019200,34.788330,26.434513
12438,pds,0.003022,0.004550,0.022000,52.805664,29.571933
12439,dps,0.002445,0.004450,0.022000,62.099854,28.894936
12440,d,0.002385,0.011400,0.021500,7.663086,35.285393
12441,s,0.023128,0.004500,0.021500,14.675537,49.128351
12442,ps,0.002840,0.004800,0.018500,33.082520,26.139786
12443,dps,0.002445,0.004850,0.021500,43.794434,28.794936
12444,d,0.002385,0.017100,0.021500,51.698486,40.985393
12445,d,0.002385,0.004650,0.018500,8.844971,25.535393
12446,pd,0.002977,0.010350,0.018500,32.106445,31.827001
12447,sp,0.018754,0.005000,0.022000,42.176514,45.753690
12448,psp,0.002926,0.005150,0.019200,61.348145,27.275658
12449,sps,0.018360,0.006000,0.018500,70.832520,42.860251
12450,s,0.023128,0.003900,0.022000,6.685059,49.028351
12451,ss,0.018821,0.005450,0.020000,13.787842,44.270769
12452,sss,0.019288,0.007450,0.021500,20.617188,48.238093
12453,ssss,0.018888,0.006650,0.020000,27.419678,45.538175
12455,s,0.023128,0.004700,0.022000,6.506104,49.828351
12456,p,0.003780,0.008800,0.018500,24.928223,31.079849
12457,ps,0.002840,0.006400,0.020000,45.466797,29.239786
12458,dps,0.002445,0.005500,0.020000,54.886963,27.944936
12459,sdp,0.018492,0.008000,0.021500,61.907959,47.991971
12460,d,0.002385,0.011800,0.021500,21.524902,35.685393
12461,dd,0.002426,0.004200,0.021500,29.200195,28.125915
12462,d,0.002385,0.014450,0.018500,36.220459,35.335393
12463,ddd,0.002493,0.004250,0.020000,43.258789,26.743417
12464,pd,0.002977,0.005450,0.022000,61.939453,30.427001
12465,s,0.023128,0.003950,0.020000,6.277100,47.078351
12466,ss,0.018821,0.006000,0.021500,13.192139,46.320769
12467,pss,0.002833,0.007450,0.022000,31.557129,32.282709
12468,spss,0.018655,0.005400,0.021500,40.771729,45.555113
12469,psps,0.002923,0.004550,0.022000,58.893799,29.472585
12475,s,0.023128,0.004850,0.021500,6.389160,49.478351
12476,ps,0.002840,0.006050,0.019200,24.616211,28.089786
12477,pps,0.002854,0.004600,0.018500,45.565186,25.954053
12478,dps,0.002445,0.004150,0.022000,55.007324,28.594936
12479,sdp,0.018492,0.005450,0.022000,61.787598,45.941971
12470,p,0.003780,0.012150,0.022000,33.857178,37.929849
12471,dp,0.002464,0.005600,0.019200,43.196777,27.264344
12472,ddp,0.002502,0.004450,0.022000,50.216064,28.951712
12473,sddp,0.017807,0.005000,0.021500,57.055176,44.306817
12474,psd,0.003139,0.004450,0.020000,75.071533,27.588792
12480,d,0.002385,0.004900,0.019200,22.595459,26.485393
12481,sd,0.018668,0.004250,0.019200,30.152100,42.117773
12482,dsd,0.002613,0.005000,0.018500,37.206299,26.112551
12483,pds,0.003022,0.004500,0.018500,55.664062,26.021933
12484,pp,0.002838,0.004300,0.020000,76.601807,27.138325
12490,s,0.023128,0.005400,0.021500,23.314697,50.028351
12491,ps,0.002840,0.005750,0.022000,42.598389,30.589786
12492,pps,0.002854,0.029550,0.021500,63.216797,53.904053
12493,pp,0.002838,0.004500,0.020000,85.375244,27.338325
12494,spp,0.018537,0.004800,0.018500,95.541260,41.837181
12485,s,0.023128,0.005700,0.019200,23.166992,48.028351
12486,ss,0.018821,0.006600,0.022000,31.102295,47.420769
12487,p,0.003780,0.016600,0.021500,49.742188,41.879849
12488,sss,0.019288,0.007050,0.020000,58.986084,46.338093
12489,dsss,0.003039,0.004900,0.018500,66.169434,26.438978
12505,d,0.002385,0.004350,0.020000,18.718018,26.735393
12506,p,0.003780,0.011300,0.021500,37.315674,36.579849
12507,s,0.023128,0.005500,0.021500,46.496094,50.128351
12508,ss,0.018821,0.007550,0.020000,53.259033,46.370769
12509,pss,0.002833,0.004950,0.019200,71.211914,26.982709
12495,p,0.003780,0.007650,0.018500,25.716553,29.929849
12496,pp,0.002838,0.006400,0.018500,46.952148,27.738325
12497,d,0.002385,0.014850,0.018500,56.374023,35.735393
12498,dp,0.002464,0.006000,0.020000,63.573730,28.464344
12499,sdp,0.018492,0.010250,0.022000,70.405762,50.741971
12510,d,0.002385,0.008450,0.018500,7.798340,29.335393
12511,pd,0.002977,0.005850,0.021500,26.158447,30.327001
12512,pp,0.002838,0.004550,0.022000,47.025635,29.388325
12513,sp,0.018754,0.006350,0.022000,56.696289,47.103690
12514,ssp,0.018787,0.005250,0.020000,63.793457,44.037195
12500,s,0.023128,0.004850,0.022000,23.514648,49.978351
12501,ds,0.002343,0.004850,0.020000,32.207520,27.192513
12502,sds,0.018566,0.004600,0.020000,39.655273,43.166086
12503,dsds,0.002713,0.016150,0.019200,47.267090,38.063025
12515,p,0.003780,0.004550,0.020000,33.968506,28.329849
12516,dp,0.002464,0.004700,0.021500,43.306396,28.664344
12517,ddp,0.002502,0.007550,0.019200,50.318115,29.251712
12518,pdd,0.003045,0.004250,0.018500,68.483398,25.794804
12519,spd,0.018317,0.006650,0.021500,77.518799,46.467325
12520,d,0.002385,0.004950,0.019200,7.185547,26.535393
12521,dd,0.002426,0.008600,0.020000,15.275391,31.025915
12522,sdd,0.018511,0.005800,0.018500,22.171631,42.810933
12523,ssdd,0.018091,0.005550,0.020000,29.303711,43.641216
12524,pss,0.002833,0.005650,0.021500,48.092529,29.982709
12525,d,0.002385,0.004550,0.018500,6.965088,25.435393
12526,dd,0.002426,0.005850,0.021500,14.601074,29.775915
12527,sdd,0.018511,0.006250,0.020000,21.701416,44.760933
12528,ssdd,0.018091,0.005050,0.020000,28.635498,43.141216
12529,pss,0.002833,0.012900,0.022000,46.945557,37.732709
12530,d,0.002385,0.007900,0.018500,20.600342,28.785393
12531,s,0.023128,0.005500,0.018500,27.913574,47.128351
12532,ds,0.002343,0.005550,0.018500,34.816162,26.392513
12533,sds,0.018566,0.005150,0.020000,41.537109,43.716086
12534,dsds,0.002713,0.005200,0.021500,48.507568,29.413025
12535,s,0.023128,0.004450,0.020000,6.349854,47.578351
12536,ss,0.018821,0.004150,0.021500,13.099365,44.470769
12537,pss,0.002833,0.005750,0.020000,31.142822,28.582709
12538,spss,0.018655,0.005500,0.018500,40.119141,42.655113
12545,d,0.002385,0.005000,0.022000,29.861572,29.385393
12546,sd,0.018668,0.005350,0.022000,39.432373,46.017773
12547,psd,0.003139,0.016150,0.018500,57.937256,37.788792
12548,pps,0.002854,0.010150,0.018500,78.419434,31.504053
12549,spp,0.018537,0.004600,0.020000,87.696777,43.137181
12540,p,0.003780,0.004200,0.018500,17.666992,26.479849
12541,pp,0.002838,0.004700,0.021500,38.365479,29.038325
12542,sp,0.018754,0.004850,0.020000,47.549805,43.603690
12543,dsp,0.002685,0.004900,0.022000,54.859375,29.584513
12544,sdsp,0.018148,0.008250,0.022000,61.755615,48.398415
12550,d,0.002385,0.005650,0.021500,7.092529,29.535393
12551,sd,0.018668,0.004850,0.022000,13.911865,45.517773
12552,dsd,0.002613,0.004750,0.022000,20.864258,29.362551
12553,pds,0.003022,0.004300,0.022000,39.105469,29.321933
12554,pps,0.002854,0.004600,0.019200,59.378906,26.654053
12555,s,0.023128,0.004350,0.022000,23.475098,49.478351
12556,ss,0.018821,0.005450,0.021500,31.127441,45.770769
12557,pss,0.002833,0.004900,0.019200,49.567627,26.932709
12558,dpss,0.002761,0.008950,0.021500,59.345459,33.210817
12559,pd,0.002977,0.004400,0.022000,77.836914,29.377001
12560,d,0.002385,0.003900,0.021500,23.511963,27.785393
12561,pd,0.002977,0.005800,0.020000,42.261230,28.777001
12562,sp,0.018754,0.004450,0.022000,51.410156,45.203690
12563,dsp,0.002685,0.004650,0.020000,58.618408,27.334513
12564,d,0.002385,0.016750,0.019200,66.230469,38.335393
12565,d,0.002385,0.010000,0.020000,15.021973,32.385393
12566,sd,0.018668,0.004000,0.021500,22.142578,44.167773
12567,dsd,0.002613,0.003650,0.021500,29.359375,27.762551
12568,ddsd,0.002653,0.004600,0.020000,36.601562,27.253469
12570,d,0.002385,0.022500,0.022000,23.723633,46.885393
12571,dd,0.002426,0.004200,0.020000,31.578613,26.625915
12572,ddd,0.002493,0.005750,0.021500,38.886475,29.743417
12573,p,0.003780,0.013250,0.021500,57.563721,38.529849
12574,ddd,0.002493,0.004050,0.018500,67.031494,25.043417
12580,s,0.023128,0.006950,0.018500,23.284424,48.578351
12581,ss,0.018821,0.004650,0.018500,31.243652,41.970769
12582,pss,0.002833,0.004650,0.020000,49.900146,27.482709
12583,ppss,0.002998,0.004500,0.020000,70.729004,27.497567
12584,sp,0.018754,0.009150,0.020000,80.410400,47.903690
12575,p,0.003780,0.004950,0.018500,18.249023,27.229849
12576,sp,0.018754,0.005800,0.019200,27.748291,43.753690
12577,ps,0.002840,0.005700,0.020000,46.401855,28.539786
12578,dps,0.002445,0.007050,0.019200,56.060547,28.694936
12579,sdps,0.018183,0.004500,0.020000,62.868896,42.682897
12585,p,0.003780,0.005000,0.021500,17.721924,30.279849
12586,sp,0.018754,0.005250,0.020000,27.057129,44.003690
12587,p,0.003780,0.025850,0.022000,45.820557,51.629849
12588,ds,0.002343,0.007850,0.019200,55.415283,29.392513
12589,sds,0.018566,0.005000,0.022000,62.352295,45.566086
12590,s,0.023128,0.005150,0.020000,6.367432,48.278351
12591,ss,0.018821,0.005200,0.018500,13.306885,42.520769
12592,dss,0.002842,0.006600,0.021500,20.645996,30.941615
12593,sdss,0.018223,0.005100,0.021500,27.854004,44.822624
12595,s,0.023128,0.005200,0.021500,6.432861,49.828351
12596,ps,0.002840,0.004900,0.018500,24.649658,26.239786
12597,sps,0.018360,0.004750,0.020000,33.910400,43.110251
12598,dsps,0.002950,0.005750,0.022000,41.234375,30.700393
12600,s,0.023128,0.004450,0.021500,6.582764,49.078351
12601,ds,0.002343,0.005650,0.019200,13.739502,27.192513
12602,pds,0.003022,0.004750,0.019200,32.011475,26.971933
12603,pps,0.002854,0.005650,0.021500,52.732910,30.004053
12604,p,0.003780,0.007900,0.018500,73.139893,30.179849
12605,s,0.023128,0.018800,0.020000,6.964844,61.928351
12606,d,0.002385,0.005550,0.018500,14.074951,26.435393
12607,sd,0.018668,0.007400,0.020000,20.849854,46.067773
12608,dsd,0.002613,0.009750,0.019200,27.840088,31.562551
12609,ps,0.002840,0.015600,0.018500,45.926758,36.939786
12610,p,0.003780,0.004800,0.022000,23.328857,30.579849
12611,d,0.002385,0.044100,0.021500,33.551025,67.985393
12612,pp,0.002838,0.004550,0.019200,52.541260,26.588325
12613,sp,0.018754,0.006350,0.021500,61.951172,46.603690
12614,ps,0.002840,0.008950,0.021500,80.173340,33.289786
12625,p,0.003780,0.004700,0.022000,17.948730,30.479849
12626,sp,0.018754,0.004150,0.021500,27.236572,44.403690
12627,ssp,0.018787,0.005050,0.018500,34.113525,42.337195
12628,pss,0.002833,0.015550,0.020000,52.538330,38.382709
12629,d,0.002385,0.014600,0.021500,62.053223,38.485393
12615,d,0.002385,0.005550,0.020000,6.744141,27.935393
12616,sd,0.018668,0.004650,0.018500,13.647949,41.817773
12617,dsd,0.002613,0.004700,0.019200,20.924561,26.512551
12618,ddsd,0.002653,0.007050,0.022000,28.102539,31.703469
12619,pds,0.003022,0.005150,0.022000,47.525391,30.171933
12620,d,0.002385,0.004500,0.018500,6.760498,25.385393
12621,pd,0.002977,0.004850,0.019200,25.091797,27.027001
12622,pp,0.002838,0.005150,0.021500,48.638184,29.488325
12623,dp,0.002464,0.004450,0.022000,58.253906,28.914344
12624,pdp,0.002932,0.004750,0.020000,76.798340,27.681683
12630,s,0.023128,0.005200,0.019200,6.378906,47.528351
12631,ss,0.018821,0.003700,0.022000,13.244629,44.520769
12632,pss,0.002833,0.011100,0.020000,31.495361,33.932709
12633,dpss,0.002761,0.004500,0.022000,40.943604,29.260817
12635,d,0.002385,0.004450,0.022000,9.567139,28.835393
12636,sd,0.018668,0.004250,0.019200,18.447998,42.117773
12637,ssd,0.018735,0.006950,0.022000,27.526855,47.684503
12638,s,0.023128,0.007750,0.020000,34.880615,50.878351
12639,pss,0.002833,0.005650,0.018500,55.763184,26.982709
12650,p,0.003780,0.005000,0.020000,34.546143,28.779849
12651,sp,0.018754,0.004800,0.021500,43.862549,45.053690
12652,ssp,0.018787,0.005100,0.018500,50.692383,42.387195
12653,dssp,0.002732,0.004250,0.020000,57.805908,26.981810
12654,pdss,0.002957,0.003850,0.019200,75.988770,26.006682
12645,p,0.003780,0.005850,0.021500,17.989014,31.129849
12646,dp,0.002464,0.004550,0.020000,28.130859,27.014344
12647,pdp,0.002932,0.004300,0.019200,46.368896,26.431683
12648,sp,0.018754,0.004800,0.021500,55.494141,45.053690
12649,d,0.002385,0.007850,0.018500,63.086914,28.735393
12640,p,0.003780,0.003900,0.019200,17.849121,26.879849
12641,pp,0.002838,0.009000,0.018500,38.400879,30.338325
12642,pp,0.002838,0.005700,0.020000,59.411865,28.538325
12643,pp,0.002838,0.005300,0.022000,80.583252,30.138325
12644,pp,0.002838,0.004000,0.021500,102.633057,28.338325
12655,p,0.003780,0.004850,0.018500,18.065674,27.129849
12656,dp,0.002464,0.004800,0.021500,27.819580,28.764344
12657,sdp,0.018492,0.004650,0.022000,34.848877,45.141971
12658,psd,0.003139,0.005600,0.022000,53.222168,30.738792
12659,d,0.002385,0.029250,0.022000,62.619385,53.635393
12660,s,0.023128,0.011050,0.018500,6.353760,52.678351
12661,d,0.002385,0.004450,0.020000,13.923584,26.835393
12662,pd,0.002977,0.004000,0.018500,32.555176,25.477001
12663,sp,0.018754,0.004950,0.019200,41.683594,42.903690
12664,dsp,0.002685,0.004700,0.019200,48.828369,26.584513
12675,d,0.002385,0.005050,0.019200,11.843506,26.635393
12676,dd,0.002426,0.006050,0.020000,19.695312,28.475915
12677,p,0.003780,0.054550,0.021500,40.020996,79.829849
12678,pp,0.002838,0.058650,0.020000,61.380859,81.488325
12679,p,0.003780,0.005450,0.020000,81.926758,29.229849
12665,d,0.002385,0.013100,0.021500,6.646973,36.985393
12666,sd,0.018668,0.017350,0.020000,13.633545,56.017773
12667,psd,0.003139,0.006050,0.020000,31.775391,29.188792
12668,dpsd,0.002649,0.004550,0.020000,41.332764,27.198851
12669,pdps,0.002951,0.006500,0.018500,59.685059,27.950740
12680,d,0.002385,0.007350,0.022000,14.364502,31.735393
12681,pd,0.002977,0.004950,0.020000,32.999756,27.927001
12682,pp,0.002838,0.016900,0.022000,53.134521,41.738325
12683,dp,0.002464,0.004750,0.018500,62.662842,25.714344
12684,sdp,0.018492,0.004350,0.022000,69.539062,44.841971
12670,s,0.023128,0.004600,0.018500,8.627930,46.228351
12671,ds,0.002343,0.008950,0.021500,15.762695,32.792513
12672,pds,0.003022,0.006700,0.021500,34.070801,31.221933
12673,pps,0.002854,0.008250,0.022000,54.564453,33.104053
12674,spp,0.018537,0.009550,0.022000,63.649170,50.087181
12685,s,0.023128,0.004550,0.020000,7.020264,47.678351
12686,ss,0.018821,0.004400,0.022000,14.595459,45.220769
12687,dss,0.002842,0.005150,0.018500,22.385010,26.491615
12688,sdss,0.018223,0.004200,0.021500,29.422852,43.922624
12690,s,0.023128,0.005300,0.020000,23.071777,48.428351
12691,ds,0.002343,0.003650,0.020000,31.598145,25.992513
12692,dds,0.002685,0.005300,0.018500,38.930908,26.485273
12693,ddds,0.002761,0.004800,0.020000,46.145020,27.560792
12694,pdds,0.002946,0.004800,0.022000,64.660156,29.745651
12695,d,0.002385,0.004700,0.018500,9.195312,25.585393
12696,dd,0.002426,0.004900,0.018500,16.257568,25.825915
12697,pdd,0.003045,0.005400,0.019200,34.482178,27.644804
12698,pp,0.002838,0.005850,0.018500,54.803223,27.188325
12699,sp,0.018754,0.006750,0.020000,63.928467,45.503690
12700,p,0.003780,0.005000,0.018500,35.300293,27.279849
12701,pp,0.002838,0.004400,0.019200,55.989014,26.438325
12702,dp,0.002464,0.005100,0.022000,65.374023,29.564344
12703,pd,0.002977,0.009750,0.018500,84.083252,31.227001
12704,dpd,0.002513,0.004450,0.020000,94.414551,26.962673
12705,p,0.003780,0.003900,0.021500,18.265625,29.179849
12706,pp,0.002838,0.009150,0.021500,38.978271,33.488325
12707,sp,0.018754,0.005050,0.022000,48.040039,45.803690
12708,ssp,0.018787,0.008050,0.022000,54.814453,48.837195
12709,dssp,0.002732,0.006550,0.018500,61.805420,27.781810
12710,s,0.023128,0.004350,0.022000,6.252930,49.478351
12711,ps,0.002840,0.007050,0.018500,25.061035,28.389786
12712,p,0.003780,0.027450,0.020000,45.518799,51.229849
12713,p,0.003780,0.004250,0.022000,66.266357,30.029849
12714,dp,0.002464,0.008600,0.021500,75.564209,32.564344
12715,p,0.003780,0.010000,0.022000,21.723633,35.779849
12716,dp,0.002464,0.004600,0.021500,31.619141,28.564344
12717,d,0.002385,0.018250,0.018500,39.067383,39.135393
12718,sdp,0.018492,0.004750,0.019200,46.116943,42.441971
12719,dsdp,0.002604,0.004250,0.019200,56.584961,26.053992
12720,p,0.003780,0.004350,0.020000,33.900635,28.129849
12721,dp,0.002464,0.004950,0.022000,43.858398,29.414344
12722,sdp,0.018492,0.006700,0.018500,51.062988,43.691971
12723,dsdp,0.002604,0.012050,0.019200,58.580322,33.853992
12724,ddsd,0.002653,0.007100,0.019200,66.070801,28.953469
12730,p,0.003780,0.005000,0.018500,41.784668,27.279849
12731,sp,0.018754,0.004250,0.018500,51.491211,41.503690
12732,ssp,0.018787,0.004400,0.018500,58.542725,41.687195
12733,dssp,0.002732,0.008600,0.020000,65.931152,31.331810
12734,ddss,0.002785,0.004700,0.020000,73.355957,27.485416
12725,p,0.003780,0.044000,0.018500,35.075684,66.279849
12726,d,0.002385,0.012100,0.020000,45.683105,34.485393
12727,dp,0.002464,0.006400,0.018500,52.811035,27.364344
12728,ddp,0.002502,0.004600,0.019200,59.905273,26.301712
12729,sddp,0.017807,0.004450,0.018500,66.821777,40.756817
12735,p,0.003780,0.007100,0.021500,17.934082,32.379849
12736,pp,0.002838,0.006150,0.020000,38.524414,28.988325
12737,pp,0.002838,0.010350,0.021500,58.934570,34.688325
12738,sp,0.018754,0.004800,0.018500,68.017578,42.053690
12739,p,0.003780,0.012450,0.018500,86.317871,34.729849
12740,s,0.023128,0.007450,0.018500,6.449219,49.078351
12741,ds,0.002343,0.007300,0.019200,13.651855,28.842513
12742,dds,0.002685,0.007850,0.020000,20.713379,30.535273
12743,ddds,0.002761,0.004850,0.018500,27.903564,26.110792
12745,s,0.023128,0.005800,0.019200,14.861816,48.128351
12746,ss,0.018821,0.004500,0.022000,21.992432,45.320769
12747,sss,0.019288,0.004750,0.021500,29.013184,45.538093
12748,psss,0.002892,0.006600,0.019200,47.614502,28.692287
12749,pps,0.002854,0.003650,0.022000,67.790527,28.504053
12750,s,0.023128,0.004850,0.020000,16.039307,47.978351
12751,ps,0.002840,0.004450,0.022000,34.506348,29.289786
12752,pps,0.002854,0.005000,0.022000,55.143555,29.854053
12753,sp,0.018754,0.005050,0.019200,64.663818,43.003690
12754,psp,0.002926,0.004200,0.020000,83.124268,27.125658
12755,d,0.002385,0.016150,0.019200,24.794189,37.735393
12756,dd,0.002426,0.004700,0.019200,32.608887,26.325915
12757,ddd,0.002493,0.004200,0.020000,40.077637,26.693417
12758,sddd,0.017932,0.004300,0.022000,47.164062,44.231734
12765,s,0.023128,0.005150,0.019200,9.810791,47.478351
12766,ps,0.002840,0.005250,0.018500,28.364990,26.589786
12767,dps,0.002445,0.004550,0.020000,38.045898,26.994936
12768,sdps,0.018183,0.012450,0.019200,45.060547,49.832897
12760,s,0.023128,0.012150,0.021500,22.626953,56.778351
12761,ps,0.002840,0.004750,0.019200,41.763916,26.789786
12762,sps,0.018360,0.006600,0.021500,50.855225,46.460251
12763,pss,0.002833,0.004950,0.018500,69.153076,26.282709
12764,spss,0.018655,0.004550,0.021500,78.320557,44.705113
12770,s,0.023128,0.005550,0.020000,17.578613,48.678351
12771,ss,0.018821,0.004900,0.020000,24.834717,43.720769
12772,sss,0.019288,0.003650,0.018500,31.566406,41.438093
12773,ssss,0.018888,0.004450,0.018500,38.299805,41.838175
12774,p,0.003780,0.027300,0.018500,56.183594,49.579849
12780,s,0.023128,0.005650,0.022000,6.387451,50.778351
12781,ds,0.002343,0.009450,0.020000,13.417480,31.792513
12782,pds,0.003022,0.006150,0.022000,31.531250,31.171933
12783,pps,0.002854,0.006650,0.020000,51.914307,29.504053
12784,spp,0.018537,0.004000,0.018500,61.026123,41.037181
12775,p,0.003780,0.005100,0.018500,35.555420,27.379849
12776,d,0.002385,0.014800,0.022000,45.120117,39.185393
12777,dp,0.002464,0.004700,0.020000,52.602051,27.164344
12778,pd,0.002977,0.003900,0.021500,70.985352,28.377001
12779,sp,0.018754,0.004900,0.018500,80.394775,42.153690
12785,p,0.003780,0.006300,0.020000,35.532471,30.079849
12786,pp,0.002838,0.004350,0.018500,56.332520,25.688325
12787,pp,0.002838,0.004250,0.020000,80.626953,27.088325
12788,dp,0.002464,0.004600,0.019200,90.323242,26.264344
12789,sdp,0.018492,0.003500,0.022000,97.479492,43.991971
12790,p,0.003780,0.004450,0.019200,20.908203,27.429849
12791,pp,0.002838,0.004950,0.018500,43.514160,26.288325
12792,pp,0.002838,0.005000,0.022000,63.625000,29.838325
12793,dp,0.002464,0.005400,0.020000,72.885498,27.864344
12794,ddp,0.002502,0.004600,0.021500,80.050537,28.601712
12800,d,0.002385,0.006000,0.022000,16.381836,30.385393
12801,pd,0.002977,0.004850,0.022000,34.976562,29.827001
12802,pp,0.002838,0.004350,0.019200,55.665283,26.388325
12803,dp,0.002464,0.004800,0.019200,65.230469,26.464344
12804,sdp,0.018492,0.005250,0.021500,72.474121,45.241971
12795,p,0.003780,0.004550,0.021500,34.459717,29.829849
12796,sp,0.018754,0.004000,0.018500,43.639160,41.253690
12797,ssp,0.018787,0.006250,0.019200,50.534912,44.237195
12798,pss,0.002833,0.004950,0.019200,68.857910,26.982709
12799,pps,0.002854,0.004700,0.021500,89.853271,29.054053
12805,p,0.003780,0.006700,0.020000,23.038818,30.479849
12806,dp,0.002464,0.004750,0.019200,32.891113,26.414344
12807,ddp,0.002502,0.003950,0.018500,40.778564,24.951712
12808,dddp,0.002699,0.005050,0.018500,48.509033,26.249161
12809,sddd,0.017932,0.007250,0.022000,56.007324,47.181734
12810,s,0.023128,0.008950,0.021500,13.119873,53.578351
12811,ds,0.002343,0.009850,0.019200,20.498535,31.392513
12812,pds,0.003022,0.004650,0.019200,38.925293,26.871933
12813,dpds,0.002826,0.005350,0.019200,48.558838,27.375574
12814,sdps,0.018183,0.005800,0.022000,55.705322,45.982897
12815,d,0.002385,0.004950,0.020000,23.139160,27.335393
12816,sd,0.018668,0.005500,0.021500,30.802734,45.667773
12817,dsd,0.002613,0.004950,0.020000,37.877441,27.562551
12818,sdsd,0.018197,0.006350,0.022000,44.644531,46.547164
12819,dsds,0.002713,0.005500,0.018500,51.764893,26.713025
12820,d,0.002385,0.004800,0.021500,23.599365,28.685393
12821,dd,0.002426,0.009450,0.019200,31.664551,31.075915
12822,pdd,0.003045,0.003700,0.019200,51.262939,25.944804
12823,pp,0.002838,0.006500,0.018500,76.361084,27.838325
12824,dp,0.002464,0.014300,0.018500,86.365967,35.264344
12825,p,0.003780,0.010000,0.022000,29.885986,35.779849
12826,p,0.003780,0.007750,0.021500,51.137695,33.029849
12827,sp,0.018754,0.004150,0.019200,60.432861,42.103690
12828,ps,0.002840,0.005200,0.022000,79.212158,30.039786
12829,sps,0.018360,0.006050,0.019200,88.357178,43.610251
12830,s,0.023128,0.004900,0.022000,23.728027,50.028351
12831,ps,0.002840,0.005500,0.022000,43.085205,30.339786
12832,sps,0.018360,0.003900,0.022000,52.428955,44.260251
12833,dsps,0.002950,0.005500,0.020000,59.662109,28.450393
12834,pds,0.003022,0.005750,0.020000,78.441895,28.771933
12835,s,0.023128,0.012450,0.022000,21.834717,57.578351
12836,ss,0.018821,0.004400,0.022000,28.784668,45.220769
12837,s,0.023128,0.018850,0.019200,35.667969,61.178351
12838,dss,0.002842,0.004450,0.020000,42.814941,27.291615
12839,ps,0.002840,0.010500,0.021500,61.342041,34.839786
12840,d,0.002385,0.005000,0.018500,22.849121,25.885393
12841,sd,0.018668,0.005200,0.022000,30.490479,45.867773
12842,dsd,0.002613,0.004750,0.020000,37.592529,27.362551
12843,ddsd,0.002653,0.006300,0.022000,44.773682,30.953469
12844,pdds,0.002946,0.004750,0.021500,63.061768,29.195651
12850,p,0.003780,0.004700,0.020000,38.020264,28.479849
12851,sp,0.018754,0.004900,0.021500,47.227051,45.153690
12852,psp,0.002926,0.007200,0.022000,65.380859,32.125658
12853,dps,0.002445,0.005600,0.018500,74.884277,26.544936
12854,ddps,0.002746,0.004600,0.018500,82.016846,25.845776
12845,d,0.002385,0.004850,0.020000,10.943115,27.235393
12846,dd,0.002426,0.005050,0.018500,18.892822,25.975915
12847,ddd,0.002493,0.004450,0.021500,26.295410,28.443417
12848,dddd,0.002612,0.005650,0.022000,33.588867,30.261713
12849,dddd,0.002612,0.005000,0.022000,40.808105,29.611713
12860,p,0.003780,0.005400,0.021500,17.536377,30.679849
12861,dp,0.002464,0.013100,0.020000,26.928711,35.564344
12862,ddp,0.002502,0.005800,0.022000,34.093506,30.301712
12863,sddp,0.017807,0.004800,0.022000,41.104492,44.606817
12855,s,0.023128,0.004900,0.018500,6.249512,46.528351
12856,s,0.023128,0.010400,0.018500,13.071045,52.028351
12857,ss,0.018821,0.004500,0.020000,19.867920,43.320769
12858,pss,0.002833,0.008950,0.022000,38.246582,33.782709
12859,pps,0.002854,0.003650,0.021500,59.214600,28.004053
12865,p,0.003780,0.016750,0.019200,17.930176,39.729849
12866,dp,0.002464,0.014100,0.022000,27.517822,38.564344
12867,pdp,0.002932,0.004750,0.022000,45.802246,29.681683
12868,ppd,0.002827,0.005050,0.021500,66.024658,29.376719
12869,p,0.003780,0.010400,0.020000,86.365723,34.179849
12870,p,0.003780,0.004450,0.018500,27.524902,26.729849
12871,sp,0.018754,0.005400,0.021500,37.897461,45.653690
12872,ps,0.002840,0.003950,0.019200,57.656006,25.989786
12873,dps,0.002445,0.005000,0.022000,67.461182,29.444936
12874,s,0.023128,0.012000,0.018500,74.394287,53.628351
12875,s,0.023128,0.013900,0.021500,6.407471,58.528351
12876,p,0.003780,0.003800,0.020000,24.761963,27.579849
12877,dp,0.002464,0.021000,0.022000,34.204102,45.464344
12878,pd,0.002977,0.004350,0.020000,52.654541,27.327001
12879,dpd,0.002513,0.005450,0.018500,61.942139,26.462673
12880,d,0.002385,0.005250,0.020000,6.769531,27.635393
12881,pd,0.002977,0.004750,0.018500,25.191895,26.227001
12882,pp,0.002838,0.005200,0.021500,46.204590,29.538325
12883,sp,0.018754,0.005850,0.021500,55.437988,46.103690
12884,psp,0.002926,0.004750,0.022000,73.504150,29.675658
12885,s,0.023128,0.004850,0.019200,13.772705,47.178351
12886,ps,0.002840,0.010900,0.018500,32.292236,32.239786
12887,sps,0.018360,0.006000,0.019200,41.246826,43.560251
12888,dsps,0.002950,0.004500,0.019200,48.286621,26.650393
12895,p,0.003780,0.004450,0.019200,18.202881,27.429849
12896,dp,0.002464,0.007350,0.019200,29.043213,29.014344
12897,sdp,0.018492,0.005650,0.021500,36.681396,45.641971
12898,dsdp,0.002604,0.004700,0.021500,44.895508,28.803992
12899,ddsd,0.002653,0.004400,0.018500,52.916504,25.553469
12890,s,0.023128,0.009550,0.021500,6.369629,54.178351
12891,ds,0.002343,0.005000,0.019200,14.037598,26.542513
12892,sds,0.018566,0.007100,0.020000,21.352051,45.666086
12893,ssds,0.018930,0.004350,0.022000,28.536377,45.280221
12900,p,0.003780,0.004350,0.019200,20.294189,27.329849
12901,dp,0.002464,0.007850,0.022000,30.062012,32.314344
12902,sdp,0.018492,0.005400,0.020000,37.017822,43.891971
12903,dsdp,0.002604,0.005050,0.021500,44.050781,29.153992
12904,sdsd,0.018197,0.005650,0.022000,50.933838,45.847164
12905,s,0.023128,0.004500,0.019200,6.579346,46.828351
12906,ss,0.018821,0.009550,0.018500,13.501221,46.870769
12907,pss,0.002833,0.005050,0.022000,31.902832,29.882709
12908,ppss,0.002998,0.006650,0.018500,52.447998,28.147567
12909,sp,0.018754,0.004350,0.018500,61.850830,41.603690
12910,p,0.003780,0.018250,0.020000,17.662842,42.029849
12911,p,0.003780,0.004950,0.018500,39.221924,27.229849
12912,dp,0.002464,0.015150,0.020000,49.798340,37.614344
12913,p,0.003780,0.004500,0.020000,69.684570,28.279849
12914,dp,0.002464,0.014000,0.021500,79.666260,37.964344
12915,s,0.023128,0.008450,0.018500,6.581543,50.078351
12916,ss,0.018821,0.005050,0.018500,13.534912,42.370769
12917,pss,0.002833,0.006400,0.021500,31.857178,30.732709
12918,ppss,0.002998,0.004400,0.019200,52.325195,26.597567
12919,pp,0.002838,0.004800,0.020000,75.123047,27.638325
12920,s,0.023128,0.008550,0.021500,6.861084,53.178351
12921,d,0.002385,0.007850,0.022000,14.550293,32.235393
12922,ss,0.018821,0.008400,0.019200,21.771973,46.420769
12923,pss,0.002833,0.007350,0.022000,40.352295,32.182709
12924,dpss,0.002761,0.004700,0.019200,50.791992,26.660817
12925,s,0.023128,0.006650,0.021500,6.908691,51.278351
12926,ps,0.002840,0.004200,0.018500,27.109619,25.539786
12927,sps,0.018360,0.009200,0.018500,36.791504,46.060251
12928,ssps,0.018466,0.005100,0.021500,43.746826,45.066056
12930,s,0.023128,0.004650,0.018500,6.376465,46.278351
12931,ds,0.002343,0.004900,0.022000,13.582031,29.242513
12932,pds,0.003022,0.005200,0.018500,31.979492,26.721933
12933,dpds,0.002826,0.004900,0.022000,41.553467,29.725574
12934,sdps,0.018183,0.004950,0.022000,48.569824,45.132897
12935,s,0.023128,0.004550,0.022000,6.719482,49.678351
12936,ps,0.002840,0.006000,0.022000,25.489990,30.839786
12937,dps,0.002445,0.004750,0.018500,35.155762,25.694936
12938,pdps,0.002951,0.004500,0.020000,55.106445,27.450740
12939,dp,0.002464,0.010000,0.022000,65.597656,34.464344
12940,d,0.002385,0.004450,0.018500,6.733643,25.335393
12941,dd,0.002426,0.006050,0.022000,14.036621,30.475915
12942,sdd,0.018511,0.006200,0.021500,20.938965,46.210933
12943,psd,0.003139,0.004500,0.021500,39.986572,29.138792
12944,dps,0.002445,0.004300,0.018500,49.550049,25.244936
12945,d,0.002385,0.004500,0.018500,6.610596,25.385393
12946,dd,0.002426,0.012150,0.022000,13.630127,36.575915
12947,ddd,0.002493,0.005750,0.018500,20.698242,26.743417
12948,dddd,0.002612,0.005750,0.019200,28.212646,27.561713
12949,dddd,0.002612,0.004900,0.018500,35.285645,26.011713
12950,p,0.003780,0.005500,0.018500,17.865967,27.779849
12951,dp,0.002464,0.004850,0.022000,27.451172,29.314344
12952,ddp,0.002502,0.005400,0.020000,34.711914,27.901712
12953,dddp,0.002699,0.012150,0.019200,41.981445,34.049161
12954,sddd,0.017932,0.005150,0.021500,49.109375,44.581734
12955,p,0.003780,0.004550,0.020000,19.111328,28.329849
12956,pp,0.002838,0.004500,0.022000,42.942627,29.338325
12957,d,0.002385,0.047850,0.019200,53.119141,69.435393
12958,pp,0.002838,0.004200,0.018500,72.070557,25.538325
12959,pp,0.002838,0.004250,0.020000,93.206787,27.088325
12960,p,0.003780,0.010000,0.022000,17.649902,35.779849
12961,d,0.002385,0.004400,0.018500,27.148438,25.285393
12962,dd,0.002426,0.006050,0.018500,34.231201,26.975915
12963,sdd,0.018511,0.004850,0.021500,41.201904,44.860933
12964,psd,0.003139,0.003650,0.019200,59.128174,25.988792
12965,s,0.023128,0.006700,0.020000,22.890869,49.828351
12966,ds,0.002343,0.014000,0.021500,30.893555,37.842513
12967,sds,0.018566,0.005700,0.021500,37.765137,45.766086
12968,ssds,0.018930,0.005250,0.019200,44.478027,43.380221
12970,d,0.002385,0.005550,0.020000,23.881348,27.935393
12971,dd,0.002426,0.005150,0.018500,31.697510,26.075915
12972,ddd,0.002493,0.004300,0.020000,38.752197,26.793417
12973,sddd,0.017932,0.004850,0.020000,45.538086,42.781734
12974,ssdd,0.018091,0.005100,0.022000,52.242432,45.191216
12975,s,0.023128,0.004700,0.018500,16.369385,46.328351
12976,ps,0.002840,0.004000,0.022000,36.837646,28.839786
12977,sps,0.018360,0.005100,0.022000,46.477295,45.460251
12978,ssps,0.018466,0.004650,0.022000,53.487549,45.116056
12980,p,0.003780,0.004000,0.019200,35.678955,26.979849
12981,dp,0.002464,0.005200,0.020000,45.243164,27.664344
12982,sdp,0.018492,0.005600,0.020000,52.209961,44.091971
12983,psd,0.003139,0.004200,0.019200,70.495361,26.538792
12984,dps,0.002445,0.012050,0.018500,80.198975,32.994936
12985,d,0.002385,0.004200,0.019200,21.111816,25.785393
12986,pd,0.002977,0.005000,0.019200,40.657715,27.177001
12987,sp,0.018754,0.004500,0.020000,50.229004,43.253690
12988,ssp,0.018787,0.005200,0.021500,57.144287,45.487195
12989,pss,0.002833,0.007250,0.021500,75.329590,31.582709
12990,p,0.003780,0.004950,0.021500,17.824219,30.229849
12991,pp,0.002838,0.004550,0.019200,38.387939,26.588325
12992,pp,0.002838,0.004500,0.020000,58.961914,27.338325
12993,sp,0.018754,0.008250,0.022000,68.347412,49.003690
12994,ps,0.002840,0.004700,0.019200,86.886963,26.739786
12995,d,0.002385,0.004550,0.019200,6.733154,26.135393
12996,pd,0.002977,0.005750,0.020000,25.208740,28.727001
12997,sp,0.018754,0.010350,0.018500,35.041504,47.603690
12998,psp,0.002926,0.022500,0.019200,53.744385,44.625658
12999,pps,0.002854,0.007000,0.019200,74.169922,29.054053
13010,d,0.002385,0.004750,0.022000,6.770508,29.135393
13011,sd,0.018668,0.004950,0.019200,13.888672,42.817773
13012,dsd,0.002613,0.004050,0.021500,20.926025,28.162551
13013,sdsd,0.018197,0.006400,0.019200,27.677734,43.797164
13014,p,0.003780,0.005600,0.021500,45.662109,30.879849
13005,d,0.002385,0.004800,0.022000,21.758301,29.185393
13006,dd,0.002426,0.005000,0.021500,29.499512,28.925915
13007,sdd,0.018511,0.005200,0.018500,36.251221,42.210933
13008,psd,0.003139,0.004550,0.019200,54.213379,26.888792
13009,dps,0.002445,0.005900,0.021500,63.729248,29.844936
13000,s,0.023128,0.005050,0.022000,6.398438,50.178351
13001,ss,0.018821,0.009450,0.020000,13.231689,48.270769
13002,pss,0.002833,0.004550,0.019200,31.578125,26.582709
13003,ppss,0.002998,0.004950,0.019200,51.975830,27.147567
13004,dps,0.002445,0.004550,0.018500,61.404785,25.494936
13015,d,0.002385,0.005050,0.019200,12.688232,26.635393
13016,sd,0.018668,0.006550,0.019200,19.790527,44.417773
13017,ssd,0.018735,0.005150,0.019200,26.676270,43.084503
13018,dssd,0.002931,0.003900,0.020000,34.326172,26.831476
13019,pdss,0.002957,0.005850,0.021500,53.014893,30.306682
13020,s,0.023128,0.008950,0.019200,22.967773,51.278351
13021,ss,0.018821,0.004500,0.022000,30.766113,45.320769
13022,sss,0.019288,0.004950,0.021500,37.757324,45.738093
13023,psss,0.002892,0.004850,0.020000,56.193115,27.742287
13024,pps,0.002854,0.006050,0.022000,76.507812,30.904053
13025,d,0.002385,0.004450,0.018500,6.705078,25.335393
13026,dd,0.002426,0.005600,0.022000,14.127930,30.025915
13027,sdd,0.018511,0.004950,0.018500,21.217041,41.960933
13028,psd,0.003139,0.004800,0.020000,40.085449,27.938792
13029,pps,0.002854,0.004500,0.018500,61.724609,25.854053
13035,d,0.002385,0.005300,0.019200,7.136963,26.885393
13036,d,0.002385,0.012300,0.019200,14.691162,33.885393
13037,sd,0.018668,0.006000,0.019200,21.966553,43.867773
13038,ps,0.002840,0.005100,0.022000,41.232178,29.939786
13039,pps,0.002854,0.004650,0.022000,62.818115,29.504053
13030,s,0.023128,0.005000,0.022000,9.916504,50.128351
13031,ds,0.002343,0.004500,0.020000,17.370361,26.842513
13032,dds,0.002685,0.005350,0.020000,24.866211,28.035273
13033,ddds,0.002761,0.004450,0.018500,32.484619,25.710792
13034,p,0.003780,0.033200,0.021500,51.332764,58.479849
13040,s,0.023128,0.005700,0.019200,24.976074,48.028351
13041,ss,0.018821,0.003650,0.022000,35.538330,44.470769
13042,sss,0.019288,0.004900,0.019200,42.453613,43.388093
13043,ssss,0.018888,0.004100,0.020000,49.421631,42.988175
13045,s,0.023128,0.005600,0.020000,6.482422,48.728351
13046,ds,0.002343,0.008250,0.020000,13.977295,30.592513
13047,dds,0.002685,0.005250,0.021500,21.368164,29.435273
13048,sdds,0.018154,0.007250,0.020000,28.302979,45.403743
13049,psds,0.002945,0.004750,0.019200,46.896973,26.895423
13050,p,0.003780,0.006550,0.019200,20.173584,29.529849
13051,dp,0.002464,0.005850,0.020000,29.993896,28.314344
13052,pdp,0.002932,0.004300,0.020000,48.402344,27.231683
13053,spd,0.018317,0.004750,0.019200,57.711914,42.267325
13054,dsp,0.002685,0.005350,0.020000,64.805908,28.034513
13055,p,0.003780,0.004700,0.018500,19.320557,26.979849
13056,dp,0.002464,0.010350,0.021500,29.904785,34.314344
13057,pd,0.002977,0.010550,0.019200,49.204346,32.727001
13058,spd,0.018317,0.029550,0.022000,58.631836,69.867325
13059,dsp,0.002685,0.005000,0.021500,65.911133,29.184513
13060,p,0.003780,0.007300,0.021500,22.135254,32.579849
13061,pp,0.002838,0.003900,0.022000,43.031982,28.738325
13062,pp,0.002838,0.012900,0.022000,63.609131,37.738325
13063,pp,0.002838,0.010900,0.022000,84.433350,35.738325
13064,pp,0.002838,0.006000,0.022000,104.826416,30.838325
13065,d,0.002385,0.004050,0.022000,23.349854,28.435393
13066,dd,0.002426,0.007900,0.022000,31.175537,32.325915
13067,sdd,0.018511,0.004450,0.022000,39.807617,44.960933
13068,dsdd,0.002830,0.005800,0.021500,47.547852,30.129964
13069,ddsd,0.002653,0.004750,0.021500,54.993652,28.903469
13070,d,0.002385,0.004650,0.020000,15.330078,27.035393
13071,sd,0.018668,0.009450,0.019200,22.508789,47.317773
13072,ssd,0.018735,0.004600,0.018500,29.391113,41.834503
13073,dssd,0.002931,0.004200,0.020000,36.609375,27.131476
13074,ddss,0.002785,0.004400,0.022000,43.748047,29.185416
13075,p,0.003780,0.005050,0.021500,35.647705,30.329849
13076,dp,0.002464,0.005100,0.019200,44.952637,26.764344
13077,pdp,0.002932,0.006900,0.020000,63.436768,29.831683
13078,sp,0.018754,0.004500,0.022000,72.756348,45.253690
13079,psp,0.002926,0.004950,0.022000,91.023193,29.875658
13080,d,0.002385,0.004100,0.019200,6.707031,25.685393
13081,sd,0.018668,0.004800,0.019200,13.719727,42.667773
13082,psd,0.003139,0.004900,0.020000,31.954102,28.038792
13083,pps,0.002854,0.008400,0.018500,52.640869,29.754053
13084,pp,0.002838,0.004700,0.021500,75.003906,29.038325
13085,p,0.003780,0.005350,0.019200,17.581787,28.329849
13086,dp,0.002464,0.005200,0.019200,26.990723,26.864344
13087,sdp,0.018492,0.004400,0.019200,33.947754,42.091971
13088,psd,0.003139,0.008500,0.020000,52.413330,31.638792
13089,d,0.002385,0.018850,0.018500,62.048340,39.735393
13090,p,0.003780,0.006050,0.019200,35.676758,29.029849
13091,sp,0.018754,0.005900,0.018500,44.982666,43.153690
13092,ssp,0.018787,0.004500,0.021500,51.913818,44.787195
13093,pss,0.002833,0.006000,0.022000,70.168213,30.832709
13094,spss,0.018655,0.004550,0.020000,79.294434,43.205113
13095,d,0.002385,0.005750,0.019200,15.679199,27.335393
13096,p,0.003780,0.011300,0.021500,34.106445,36.579849
13097,p,0.003780,0.004750,0.020000,54.427490,28.529849
13098,dp,0.002464,0.005200,0.022000,63.791016,29.664344
13099,pdp,0.002932,0.005900,0.022000,81.724854,30.831683
13105,s,0.023128,0.004500,0.021500,6.438965,49.128351
13106,ps,0.002840,0.005100,0.019200,24.883545,27.139786
13107,sps,0.018360,0.012450,0.020000,34.026367,50.810251
13108,dsps,0.002950,0.004700,0.020000,43.953369,27.650393
13100,s,0.023128,0.005650,0.019200,8.620850,47.978351
13101,ps,0.002840,0.006550,0.020000,31.692383,29.389786
13102,pp,0.002838,0.008150,0.020000,58.735107,30.988325
13103,dp,0.002464,0.005900,0.022000,71.015869,30.364344
13104,pd,0.002977,0.004050,0.022000,93.357422,29.027001
13110,p,0.003780,0.004750,0.020000,23.880127,28.529849
13111,pp,0.002838,0.004800,0.019200,49.830566,26.838325
13112,sp,0.018754,0.005350,0.020000,61.253906,44.103690
13113,d,0.002385,0.014350,0.019200,70.333984,35.935393
13114,ds,0.002343,0.006500,0.021500,79.292480,30.342513
13115,s,0.023128,0.004700,0.021500,7.428711,49.328351
13116,ss,0.018821,0.004400,0.020000,14.583984,43.220769
13117,dss,0.002842,0.004900,0.018500,22.099609,26.241615
13118,ddss,0.002785,0.005600,0.018500,29.339355,26.885416
13120,p,0.003780,0.005900,0.020000,35.162109,29.679849
13121,pp,0.002838,0.005750,0.018500,55.582275,27.088325
13122,pp,0.002838,0.005050,0.018500,75.875977,26.388325
13123,sp,0.018754,0.004550,0.022000,84.925049,45.303690
13124,ssp,0.018787,0.004800,0.018500,92.398682,42.087195
13125,d,0.002385,0.004450,0.022000,6.875244,28.835393
13126,sd,0.018668,0.015550,0.019200,13.954346,53.417773
13127,ssd,0.018735,0.005300,0.018500,20.781982,42.534503
13128,pss,0.002833,0.005650,0.019200,39.886475,27.682709
13129,ppss,0.002998,0.010450,0.018500,61.902832,31.947567
13135,s,0.023128,0.005550,0.021500,6.493652,50.178351
13136,ds,0.002343,0.008600,0.018500,13.842529,29.442513
13137,sds,0.018566,0.004850,0.018500,20.848145,41.916086
13138,psds,0.002945,0.005550,0.020000,39.603760,28.495423
13139,pps,0.002854,0.004150,0.021500,60.104248,28.504053
13130,s,0.023128,0.004450,0.020000,6.538330,47.578351
13131,ps,0.002840,0.004850,0.021500,25.288086,29.189786
13132,sps,0.018360,0.005600,0.021500,34.595215,45.460251
13133,ssps,0.018466,0.004800,0.020000,41.387451,43.266056
13140,d,0.002385,0.005000,0.019200,6.670898,26.585393
13141,dd,0.002426,0.008600,0.022000,13.940918,33.025915
13142,ddd,0.002493,0.005150,0.019200,21.207031,26.843417
13143,pdd,0.003045,0.006500,0.018500,39.551758,28.044804
13144,pp,0.002838,0.004800,0.020000,60.502441,27.638325
13145,p,0.003780,0.006700,0.022000,34.810059,32.479849
13146,sp,0.018754,0.004500,0.022000,43.800293,45.253690
13147,ssp,0.018787,0.005500,0.021500,50.921387,45.787195
13148,sssp,0.018690,0.003850,0.018500,58.256836,41.039656
13149,psss,0.002892,0.005250,0.021500,78.191895,29.642287
13150,p,0.003780,0.004750,0.018500,33.284668,27.029849
13151,pp,0.002838,0.004150,0.020000,53.584961,26.988325
13152,sp,0.018754,0.005000,0.018500,62.906250,42.253690
13153,ps,0.002840,0.004400,0.019200,80.718506,26.439786
13154,sps,0.018360,0.004900,0.022000,90.104492,45.260251
13155,s,0.023128,0.004900,0.019200,23.339111,47.228351
13156,ss,0.018821,0.008950,0.018500,31.272461,46.270769
13157,pss,0.002833,0.004950,0.021500,49.989990,29.282709
13158,d,0.002385,0.016950,0.019200,64.808838,38.535393
13159,dps,0.002445,0.004650,0.018500,72.568359,25.594936
13165,p,0.003780,0.016150,0.020000,21.436279,39.929849
13166,pp,0.002838,0.004250,0.022000,41.942139,29.088325
13167,pp,0.002838,0.009200,0.020000,62.448975,32.038325
13168,sp,0.018754,0.005100,0.020000,71.442627,43.853690
13169,ssp,0.018787,0.005750,0.019200,78.161377,43.737195
13160,p,0.003780,0.004600,0.019200,18.074707,27.579849
13161,dp,0.002464,0.005750,0.021500,27.500488,29.714344
13162,sdp,0.018492,0.004800,0.022000,34.430908,45.291971
13163,dsdp,0.002604,0.004950,0.021500,41.592285,29.053992
13164,sdsd,0.018197,0.012050,0.018500,48.628418,48.747164
13170,s,0.023128,0.007350,0.018500,9.300537,48.978351
13171,ds,0.002343,0.004900,0.018500,16.363037,25.742513
13172,dds,0.002685,0.005350,0.022000,23.498291,30.035273
13173,pds,0.003022,0.005300,0.020000,42.162354,28.321933
13174,spds,0.018151,0.005150,0.019200,51.654297,42.500699
13175,p,0.003780,0.004350,0.020000,35.488281,28.129849
13176,sp,0.018754,0.006700,0.019200,44.938232,44.653690
13177,dsp,0.002685,0.012000,0.022000,52.147461,36.684513
13178,pds,0.003022,0.004700,0.018500,70.650879,26.221933
13179,spds,0.018151,0.005050,0.019200,80.113770,42.400699
13180,s,0.023128,0.005000,0.021500,24.741699,49.628351
13181,ds,0.002343,0.004350,0.022000,34.502930,28.692513
13182,pds,0.003022,0.004350,0.019200,53.587158,26.571933
13183,spds,0.018151,0.003900,0.018500,62.993164,40.550699
13184,dsps,0.002950,0.004100,0.019200,70.401123,26.250393
13185,s,0.023128,0.014300,0.021500,6.447998,58.928351
13186,ps,0.002840,0.005250,0.022000,24.912842,30.089786
13187,dps,0.002445,0.004850,0.021500,34.323242,28.794936
13188,ddps,0.002746,0.005000,0.018500,41.333008,26.245776
13190,p,0.003780,0.004450,0.020000,31.161133,28.229849
13191,sp,0.018754,0.007250,0.018500,40.464355,44.503690
13192,ssp,0.018787,0.004350,0.020000,47.421631,43.137195
13193,s,0.023128,0.013900,0.021500,54.536133,58.528351
13194,pss,0.002833,0.006300,0.020000,73.018555,29.132709
13200,s,0.023128,0.005150,0.022000,17.049072,50.278351
13201,ps,0.002840,0.005100,0.018500,35.606689,26.439786
13202,pps,0.002854,0.005200,0.022000,55.791016,30.054053
13203,dps,0.002445,0.004400,0.020000,65.109131,26.844936
13204,sdp,0.018492,0.007450,0.020000,71.811523,45.941971
13195,d,0.002385,0.004950,0.018500,23.266113,25.835393
13196,dd,0.002426,0.005100,0.018500,31.072510,26.025915
13197,ddd,0.002493,0.004450,0.018500,38.126221,25.443417
13198,dddd,0.002612,0.004350,0.022000,45.094727,28.961713
13199,sddd,0.017932,0.005350,0.020000,51.831787,43.281734
13205,d,0.002385,0.005000,0.018500,24.302490,25.885393
13206,dd,0.002426,0.007850,0.018500,32.334717,28.775915
13207,s,0.023128,0.047750,0.021500,39.224365,92.378351
13208,pd,0.002977,0.006000,0.019200,57.817871,28.177001
13209,dp,0.002464,0.003800,0.019200,67.729980,25.464344
13210,s,0.023128,0.006050,0.020000,8.294434,49.178351
13211,ds,0.002343,0.004800,0.022000,16.387207,29.142513
13212,sds,0.018566,0.009550,0.020000,23.933594,48.116086
13213,dsds,0.002713,0.007400,0.019200,31.736328,29.313025
13215,p,0.003780,0.005350,0.022000,19.113770,31.129849
13216,s,0.023128,0.006150,0.019200,29.012451,48.478351
13217,dp,0.002464,0.006950,0.022000,36.404541,31.414344
13218,ddp,0.002502,0.006700,0.022000,43.588379,31.201712
13219,pdd,0.003045,0.005150,0.022000,61.934326,30.194804
13225,p,0.003780,0.005300,0.018500,23.798096,27.579849
13226,pp,0.002838,0.004500,0.021500,44.056396,28.838325
13227,pp,0.002838,0.004400,0.020000,64.445557,27.238325
13228,pp,0.002838,0.013100,0.022000,84.991455,37.938325
13229,pp,0.002838,0.004450,0.022000,105.264404,29.288325
13220,s,0.023128,0.006300,0.020000,6.851562,49.428351
13221,ds,0.002343,0.005550,0.022000,14.593994,29.892513
13222,sds,0.018566,0.006350,0.021500,22.123291,46.416086
13223,ssds,0.018930,0.005200,0.019200,29.542236,43.330221
13230,s,0.023128,0.004900,0.021500,6.510742,49.528351
13231,s,0.023128,0.011400,0.019200,13.349854,53.728351
13232,ss,0.018821,0.003800,0.019200,20.155029,41.820769
13233,dss,0.002842,0.004750,0.022000,27.322021,29.591615
13234,ddss,0.002785,0.006000,0.019200,34.555176,27.985416
13235,p,0.003780,0.004950,0.019200,20.362305,27.929849
13236,dp,0.002464,0.004950,0.022000,29.981934,29.414344
13237,ddp,0.002502,0.004050,0.022000,37.230225,28.551712
13238,pdd,0.003045,0.005500,0.018500,55.590088,27.044804
13239,spd,0.018317,0.005750,0.019200,64.836182,43.267325
13240,d,0.002385,0.009000,0.020000,7.849854,31.385393
13241,sd,0.018668,0.005350,0.020000,14.981934,44.017773
13242,dsd,0.002613,0.004550,0.022000,22.352295,29.162551
13243,sdsd,0.018197,0.008950,0.021500,29.458008,48.647164
13245,p,0.003780,0.005450,0.019200,35.396973,28.429849
13246,dp,0.002464,0.004850,0.022000,45.718506,29.314344
13247,pd,0.002977,0.004850,0.022000,65.354980,29.827001
13248,pp,0.002838,0.006050,0.019200,86.471191,28.088325
13249,sp,0.018754,0.005550,0.019200,95.621338,43.503690
13250,p,0.003780,0.004750,0.018500,35.332764,27.029849
13251,sp,0.018754,0.004850,0.019200,44.583496,42.803690
13252,dsp,0.002685,0.005050,0.022000,51.619385,29.734513
13253,sdsp,0.018148,0.005050,0.019200,58.322510,42.398415
13254,ssds,0.018930,0.004150,0.020000,65.043701,43.080221
13255,d,0.002385,0.025150,0.022000,6.714600,49.535393
13256,s,0.023128,0.004550,0.018500,13.778564,46.178351
13257,ds,0.002343,0.005550,0.021500,20.942627,29.392513
13258,dd,0.002426,0.009200,0.021500,28.229980,33.125915
13259,dds,0.002685,0.005200,0.021500,35.526611,29.385273
13260,s,0.023128,0.005000,0.020000,6.667480,48.128351
13261,ps,0.002840,0.005050,0.018500,26.738525,26.389786
13262,dps,0.002445,0.004500,0.021500,37.513916,28.444936
13263,pd,0.002977,0.004550,0.022000,56.105957,29.527001
13264,dpd,0.002513,0.004250,0.019200,65.795410,25.962673
13265,d,0.002385,0.005650,0.020000,6.742432,28.035393
13266,sd,0.018668,0.004150,0.021500,14.301025,44.317773
13267,psd,0.003139,0.005450,0.020000,33.532715,28.588792
13268,dps,0.002445,0.008250,0.019200,44.552490,29.894936
13269,ddps,0.002746,0.017750,0.020000,52.681885,40.495776
13275,d,0.002385,0.004350,0.022000,6.895752,28.735393
13276,pd,0.002977,0.008950,0.020000,25.381836,31.927001
13277,dpd,0.002513,0.005000,0.019200,34.732178,26.712673
13278,sdp,0.018492,0.004250,0.020000,41.979492,42.741971
13279,dsdp,0.002604,0.003850,0.021500,49.086426,27.953992
13270,s,0.023128,0.008150,0.021500,14.130859,52.778351
13271,ps,0.002840,0.004900,0.022000,32.764404,29.739786
13272,dps,0.002445,0.005150,0.021500,42.198486,29.094936
13273,pdps,0.002951,0.005450,0.021500,60.357910,29.900740
13274,pp,0.002838,0.003950,0.021500,80.824463,28.288325
13280,s,0.023128,0.005050,0.018500,10.472900,46.678351
13281,ss,0.018821,0.005050,0.018500,23.615234,42.370769
13282,pss,0.002833,0.004200,0.020000,44.058594,27.032709
13283,pps,0.002854,0.004750,0.019200,65.897217,26.804053
13284,dp,0.002464,0.004750,0.022000,76.277832,29.214344
13285,d,0.002385,0.010000,0.019200,22.793701,31.585393
13286,pd,0.002977,0.004900,0.019200,42.277344,27.077001
13287,d,0.002385,0.032600,0.021500,51.733887,56.485393
13288,p,0.003780,0.015550,0.022000,69.722900,41.329849
13289,dd,0.002426,0.010900,0.018500,79.241699,31.825915
13290,s,0.023128,0.008600,0.020000,8.064697,51.728351
13291,ss,0.018821,0.007850,0.019200,15.021240,45.870769
13292,sss,0.019288,0.005800,0.018500,22.199463,43.588093
13293,ssss,0.018888,0.012000,0.022000,29.431152,52.888175
13294,d,0.002385,0.005700,0.018500,36.916260,26.585393
13295,s,0.023128,0.006300,0.021500,24.688721,50.928351
13296,ps,0.002840,0.007300,0.021500,44.915283,31.639786
13297,dps,0.002445,0.006350,0.019200,54.231934,27.994936
13298,sdps,0.018183,0.005550,0.018500,60.995850,42.232897
13300,s,0.023128,0.004950,0.021500,20.999512,49.578351
13301,ps,0.002840,0.004250,0.020000,40.022949,27.089786
13302,pps,0.002854,0.005100,0.022000,60.788574,29.954053
13303,pp,0.002838,0.004950,0.018500,81.160645,26.288325
13304,spp,0.018537,0.005050,0.019200,90.199463,42.787181
13305,p,0.003780,0.015350,0.019200,33.366699,38.329849
13306,p,0.003780,0.004250,0.021500,54.280273,29.529849
13307,dp,0.002464,0.004900,0.021500,64.135742,28.864344
13308,sdp,0.018492,0.044000,0.020000,71.493408,82.491971
13309,psd,0.003139,0.004700,0.021500,92.706299,29.338792
13310,p,0.003780,0.003850,0.019200,19.270996,26.829849
13311,pp,0.002838,0.004450,0.018500,40.756592,25.788325
13312,dp,0.002464,0.004150,0.020000,50.349854,26.614344
13313,ddp,0.002502,0.004700,0.022000,57.531738,29.201712
13314,dddp,0.002699,0.005350,0.020000,64.929932,28.049161
13315,p,0.003780,0.012050,0.021500,18.232666,37.329849
13316,dp,0.002464,0.006450,0.022000,27.850098,30.914344
13317,ddp,0.002502,0.005550,0.022000,35.034180,30.051712
13318,dddp,0.002699,0.003850,0.020000,42.072266,26.549161
13320,s,0.023128,0.004150,0.021500,8.140137,48.778351
13321,ss,0.018821,0.004650,0.022000,15.321533,45.470769
13322,pss,0.002833,0.004850,0.019200,34.246582,26.882709
13323,dpss,0.002761,0.005100,0.019200,43.963867,27.060817
13325,s,0.023128,0.005750,0.020000,15.655029,48.878351
13326,ds,0.002343,0.008000,0.019200,28.073730,29.542513
13327,dds,0.002685,0.005700,0.022000,37.283936,30.385273
13328,d,0.002385,0.033400,0.022000,45.549316,57.785393
13329,sdds,0.018154,0.005150,0.019200,52.988281,42.503743
13330,p,0.003780,0.006550,0.019200,34.840820,29.529849
13331,sp,0.018754,0.006050,0.021500,44.072021,46.303690
13332,psp,0.002926,0.005350,0.021500,62.124756,29.775658
13333,s,0.023128,0.013250,0.021500,71.163818,57.878351
13334,dps,0.002445,0.004000,0.019200,78.227539,25.644936
13335,s,0.023128,0.004750,0.018500,14.769287,46.378351
13336,ps,0.002840,0.004600,0.020000,36.605957,27.439786
13337,pps,0.002854,0.008250,0.018500,57.834717,29.604053
13338,pp,0.002838,0.004750,0.021500,78.471924,29.088325
13339,sp,0.018754,0.005050,0.022000,87.793701,45.803690
13340,s,0.023128,0.004350,0.020000,22.072998,47.478351
13341,ss,0.018821,0.005500,0.022000,29.540527,46.320769
13342,sss,0.019288,0.005000,0.022000,36.214600,46.288093
13343,ssss,0.018888,0.005200,0.019200,42.958008,43.288175
13345,d,0.002385,0.004550,0.020000,6.768799,26.935393
13346,dd,0.002426,0.004850,0.022000,14.020020,29.275915
13347,s,0.023128,0.005400,0.019200,20.941162,47.728351
13348,pd,0.002977,0.005150,0.019200,39.177490,27.327001
13349,dp,0.002464,0.004850,0.022000,48.446533,29.314344
13350,d,0.002385,0.015550,0.021500,9.655518,39.435393
13351,dd,0.002426,0.004850,0.018500,16.849365,25.775915
13352,ddd,0.002493,0.006900,0.020000,24.010254,29.393417
13353,sddd,0.017932,0.004600,0.021500,31.067139,44.031734
13354,psd,0.003139,0.004950,0.021500,49.467529,29.588792
13355,d,0.002385,0.004850,0.020000,11.059814,27.235393
13356,sd,0.018668,0.005200,0.022000,19.152832,45.867773
13357,dsd,0.002613,0.004500,0.022000,26.749023,29.112551
13358,sdsd,0.018197,0.004700,0.020000,33.871338,42.897164
13359,p,0.003780,0.020350,0.021500,52.400391,45.629849
13360,p,0.003780,0.013000,0.019200,35.250977,35.979849
13361,sp,0.018754,0.008600,0.018500,44.280518,45.853690
13362,ssp,0.018787,0.005300,0.022000,50.976807,46.087195
13363,dssp,0.002732,0.004800,0.018500,58.055176,26.031810
13365,s,0.023128,0.004700,0.019200,6.358398,47.028351
13366,ps,0.002840,0.006000,0.021500,24.766113,30.339786
13367,dps,0.002445,0.005450,0.018500,34.245361,26.394936
13368,sdps,0.018183,0.021000,0.019200,41.325195,58.382897
13370,p,0.003780,0.004400,0.022000,18.366699,30.179849
13371,dp,0.002464,0.006400,0.018500,28.405029,27.364344
13372,d,0.002385,0.013550,0.021500,35.853271,37.435393
13373,pd,0.002977,0.007200,0.020000,54.547607,30.177001
13374,pp,0.002838,0.004900,0.019200,75.830322,26.938325
13375,s,0.023128,0.004700,0.020000,13.479492,47.828351
13376,p,0.003780,0.024450,0.022000,32.274902,50.229849
13377,ss,0.018821,0.005400,0.021500,41.215576,45.720769
13378,dss,0.002842,0.014300,0.022000,48.257324,39.141615
13379,ddss,0.002785,0.006450,0.020000,55.262695,29.235416
13380,s,0.023128,0.004150,0.021500,23.236084,48.778351
13381,ss,0.018821,0.005250,0.022000,31.184570,46.070769
13382,sss,0.019288,0.005550,0.019200,38.384033,44.038093
13383,ssss,0.018888,0.004500,0.021500,45.824463,44.888175
13385,p,0.003780,0.044000,0.018500,19.504639,66.279849
13386,dp,0.002464,0.003950,0.018500,29.546875,24.914344
13387,sdp,0.018492,0.005350,0.021500,36.575439,45.341971
13388,dsdp,0.002604,0.005250,0.018500,43.777100,26.353992
13389,pdsp,0.002995,0.004700,0.018500,62.727539,26.194609
13390,s,0.023128,0.005100,0.019200,9.121826,47.428351
13391,ps,0.002840,0.003800,0.018500,27.938721,25.139786
13392,pps,0.002854,0.007900,0.019200,48.444580,29.954053
13393,dp,0.002464,0.005850,0.021500,57.757568,29.814344
13394,sdp,0.018492,0.005400,0.020000,64.536133,43.891971
13395,d,0.002385,0.004700,0.022000,23.707275,29.085393
13396,pd,0.002977,0.005150,0.019200,42.598145,27.327001
13397,pp,0.002838,0.004800,0.018500,62.927490,26.138325
13398,pp,0.002838,0.005200,0.018500,83.609375,26.538325
13399,sp,0.018754,0.007850,0.019200,92.995850,45.803690
13405,s,0.023128,0.004700,0.020000,9.792236,47.828351
13406,ss,0.018821,0.007300,0.020000,17.442139,46.120769
13407,dss,0.002842,0.004950,0.020000,25.140137,27.791615
13408,ddss,0.002785,0.004750,0.021500,34.959717,29.035416
13409,pdss,0.002957,0.005400,0.018500,53.939697,26.856682
13400,p,0.003780,0.004750,0.019200,19.010010,27.729849
13401,pp,0.002838,0.004300,0.022000,40.716309,29.138325
13402,sp,0.018754,0.005000,0.021500,50.270996,45.253690
13403,psp,0.002926,0.004900,0.020000,69.192139,27.825658
13404,sps,0.018360,0.005400,0.019200,78.485596,42.960251
13410,p,0.003780,0.004150,0.022000,18.102783,29.929849
13411,dp,0.002464,0.003500,0.022000,27.563477,27.964344
13412,ddp,0.002502,0.004700,0.022000,34.846191,29.201712
13413,sddp,0.017807,0.017750,0.018500,42.189209,54.056817
13414,dsdd,0.002830,0.012000,0.019200,49.485840,34.029964
13415,s,0.023128,0.008400,0.021500,6.687256,53.028351
13416,ps,0.002840,0.010250,0.020000,25.683594,33.089786
13417,sps,0.018360,0.003400,0.022000,35.046387,43.760251
13418,dsps,0.002950,0.005100,0.019200,42.136475,27.250393
13419,d,0.002385,0.005600,0.022000,49.172119,29.985393
13420,p,0.003780,0.004500,0.020000,25.516602,28.279849
13421,dp,0.002464,0.004450,0.022000,35.830322,28.914344
13422,sdp,0.018492,0.005600,0.021500,43.255371,45.591971
13423,psd,0.003139,0.004150,0.022000,62.117188,29.288792
13424,pps,0.002854,0.005250,0.020000,82.536621,28.104053
13425,d,0.002385,0.005500,0.019200,23.687256,27.085393
13426,pd,0.002977,0.005550,0.021500,42.765625,30.027001
13427,dp,0.002464,0.005250,0.019200,52.967773,26.914344
13428,ddp,0.002502,0.006400,0.019200,60.413086,28.101712
13429,pdd,0.003045,0.004700,0.022000,78.890625,29.744804
13430,d,0.002385,0.006200,0.018500,21.935303,27.085393
13431,dd,0.002426,0.014300,0.019200,29.722900,35.925915
13432,pdd,0.003045,0.004550,0.020000,48.119629,27.594804
13433,d,0.002385,0.010800,0.021500,57.761963,34.685393
13434,spd,0.018317,0.004600,0.018500,64.837646,41.417325
13435,d,0.002385,0.006200,0.022000,23.635986,30.585393
13436,pd,0.002977,0.004550,0.022000,42.867676,29.527001
13437,dpd,0.002513,0.005100,0.021500,52.447754,29.112673
13438,pdp,0.002932,0.004750,0.021500,70.996338,29.181683
13439,dpd,0.002513,0.004950,0.020000,80.509033,27.462673
13445,p,0.003780,0.005600,0.022000,20.781250,31.379849
13446,dp,0.002464,0.005700,0.022000,30.400391,30.164344
13447,sdp,0.018492,0.005400,0.021500,37.437256,45.391971
13448,psd,0.003139,0.005050,0.021500,56.028320,29.688792
13449,pps,0.002854,0.004250,0.022000,76.846924,29.104053
13440,d,0.002385,0.009550,0.018500,12.477295,30.435393
13441,sd,0.018668,0.004950,0.021500,20.142334,45.117773
13442,dsd,0.002613,0.005000,0.018500,27.721680,26.112551
13443,d,0.002385,0.012100,0.018500,35.269531,32.985393
13444,ddsd,0.002653,0.007400,0.021500,42.797607,31.553469
13450,d,0.002385,0.007250,0.021500,24.029053,31.135393
13451,dd,0.002426,0.005550,0.019200,32.142578,27.175915
13452,ddd,0.002493,0.005650,0.020000,39.368408,28.143417
13453,dddd,0.002612,0.004750,0.021500,46.619385,28.861713
13455,s,0.023128,0.004300,0.020000,6.534180,47.428351
13456,ds,0.002343,0.006350,0.021500,13.688965,30.192513
13457,sds,0.018566,0.004350,0.022000,20.520020,44.916086
13458,s,0.023128,0.025050,0.018500,27.278809,66.678351
13459,pss,0.002833,0.005900,0.020000,46.021484,28.732709
13460,d,0.002385,0.004350,0.022000,23.253418,28.735393
13461,dd,0.002426,0.005250,0.018500,31.152588,26.175915
13462,sdd,0.018511,0.008400,0.019200,38.098633,46.110933
13463,ssdd,0.018091,0.004900,0.019200,44.911865,42.191216
13464,dssd,0.002931,0.005550,0.020000,52.177979,28.481476
13465,p,0.003780,0.004150,0.019200,34.374023,27.129849
13466,dp,0.002464,0.004750,0.020000,43.820801,27.214344
13467,ddp,0.002502,0.006450,0.022000,51.036621,30.951712
13468,pdd,0.003045,0.005050,0.018500,69.447998,26.594804
13469,spd,0.018317,0.005150,0.020000,78.570312,43.467325
13470,s,0.023128,0.005550,0.019200,23.421387,47.878351
13471,ps,0.002840,0.004400,0.021500,43.069336,28.739786
13472,sps,0.018360,0.005350,0.022000,52.197266,45.710251
13473,ssps,0.018466,0.004050,0.020000,58.994385,42.516056
13475,d,0.002385,0.004450,0.022000,16.197510,28.835393
13476,dd,0.002426,0.006000,0.020000,24.180420,28.425915
13477,pdd,0.003045,0.004700,0.022000,42.384766,29.744804
13478,spd,0.018317,0.004650,0.020000,51.477539,42.967325
13479,dsp,0.002685,0.004650,0.020000,58.508301,27.334513
13480,d,0.002385,0.004700,0.022000,6.757812,29.085393
13481,sd,0.018668,0.004350,0.021500,13.692627,44.517773
13482,ssd,0.018735,0.008750,0.018500,20.608887,45.984503
13483,pss,0.002833,0.003950,0.020000,38.736572,26.782709
13484,dpss,0.002761,0.004900,0.018500,48.008301,26.160817
13485,d,0.002385,0.004550,0.020000,6.631104,26.935393
13486,sd,0.018668,0.004500,0.022000,13.858887,45.167773
13487,dsd,0.002613,0.006700,0.018500,21.493896,27.812551
13488,pds,0.003022,0.006750,0.018500,42.021484,28.271933
13489,dps,0.002445,0.004750,0.018500,52.208740,25.694936
13500,d,0.002385,0.011800,0.022000,21.868408,36.185393
13501,p,0.003780,0.005700,0.018500,42.047852,27.979849
13502,sp,0.018754,0.005250,0.018500,51.938232,42.503690
13503,dsp,0.002685,0.005800,0.018500,59.398682,26.984513
13504,ddsp,0.002864,0.016750,0.022000,66.750732,41.613565
13490,d,0.002385,0.004650,0.022000,12.088135,29.035393
13491,sd,0.018668,0.009050,0.022000,19.185791,49.717773
13492,dsd,0.002613,0.004450,0.022000,26.375488,29.062551
13493,sdsd,0.018197,0.007350,0.018500,33.550537,44.047164
13495,d,0.002385,0.005600,0.018500,6.669922,26.485393
13496,dd,0.002426,0.006600,0.018500,13.716797,27.525915
13497,sdd,0.018511,0.005850,0.019200,20.555176,43.560933
13498,ssdd,0.018091,0.004450,0.019200,27.385010,41.741216
13499,pss,0.002833,0.004750,0.020000,45.813232,27.582709
13510,d,0.002385,0.005300,0.021500,6.675049,29.185393
13511,sd,0.018668,0.004450,0.018500,13.620361,41.617773
13512,psd,0.003139,0.005000,0.021500,32.699951,29.638792
13513,pps,0.002854,0.005350,0.021500,54.005127,29.704053
13514,pp,0.002838,0.005650,0.020000,74.343018,28.488325
13505,s,0.023128,0.005750,0.019200,23.298828,48.078351
13506,ss,0.018821,0.004150,0.019200,31.084229,42.170769
13507,sss,0.019288,0.005400,0.022000,37.857178,46.688093
13508,psss,0.002892,0.004400,0.022000,55.975830,29.292287
13509,pps,0.002854,0.004700,0.019200,76.376709,26.754053
13515,p,0.003780,0.005350,0.022000,18.737305,31.129849
13516,dp,0.002464,0.006050,0.019200,28.403076,27.714344
13517,pdp,0.002932,0.005850,0.018500,46.753174,27.281683
13518,pp,0.002838,0.005700,0.022000,67.996338,30.538325
13519,dp,0.002464,0.004450,0.020000,77.804688,26.914344
13525,d,0.002385,0.005550,0.019200,6.596191,27.135393
13526,dd,0.002426,0.004750,0.022000,13.789551,29.175915
13527,pdd,0.003045,0.009050,0.021500,31.999756,33.594804
13528,dpd,0.002513,0.005100,0.022000,41.555664,29.612673
13529,ddp,0.002502,0.005500,0.022000,49.385010,30.001712
13520,s,0.023128,0.004300,0.022000,6.843018,49.428351
13521,ps,0.002840,0.010900,0.019200,25.594727,32.939786
13522,sps,0.018360,0.013500,0.019200,34.872314,51.060251
13523,psps,0.002923,0.005100,0.021500,53.279053,29.522585
13524,sps,0.018360,0.005200,0.019200,62.535889,42.760251
13535,p,0.003780,0.005350,0.018500,27.085449,27.629849
13536,dp,0.002464,0.004150,0.019200,37.528564,25.814344
13537,sdp,0.018492,0.003800,0.019200,45.127930,41.491971
13538,ssdp,0.018187,0.004550,0.022000,52.537109,44.737445
13539,sssd,0.017999,0.005550,0.019200,60.049805,42.748568
13530,p,0.003780,0.007200,0.020000,17.646973,30.979849
13531,pp,0.002838,0.005600,0.020000,38.114258,28.438325
13532,pp,0.002838,0.004250,0.019200,58.267334,26.288325
13533,pp,0.002838,0.007000,0.021500,78.762939,31.338325
13534,pp,0.002838,0.003700,0.018500,99.187500,25.038325
13540,p,0.003780,0.008450,0.021500,34.710938,33.729849
13541,sp,0.018754,0.004450,0.022000,44.029541,45.203690
13542,ssp,0.018787,0.003800,0.022000,51.045898,44.587195
13543,pss,0.002833,0.004550,0.020000,69.483154,27.382709
13544,pps,0.002854,0.005700,0.019200,91.696777,27.754053
13545,s,0.023128,0.004550,0.019200,11.111328,46.878351
13546,ss,0.018821,0.007250,0.018500,18.357666,44.570769
13547,pss,0.002833,0.006300,0.022000,36.442871,31.132709
13548,spss,0.018655,0.005550,0.021500,45.486816,45.705113
13550,d,0.002385,0.004450,0.019200,6.736328,26.035393
13551,pd,0.002977,0.005100,0.018500,25.382080,26.577001
13552,pp,0.002838,0.005100,0.022000,46.203857,29.938325
13553,dp,0.002464,0.004350,0.022000,55.689697,28.814344
13554,ddp,0.002502,0.004450,0.019200,62.837402,26.151712
13555,p,0.003780,0.009850,0.019200,21.216797,32.829849
13556,pp,0.002838,0.006550,0.019200,41.876709,28.588325
13557,pp,0.002838,0.005550,0.022000,63.746094,30.388325
13558,sp,0.018754,0.006600,0.020000,73.292480,45.353690
13559,psp,0.002926,0.006200,0.021500,91.780273,30.625658
13560,s,0.023128,0.004500,0.021500,6.765137,49.128351
13561,ds,0.002343,0.005400,0.020000,14.610352,27.742513
13562,s,0.023128,0.027450,0.019200,22.711914,69.778351
13563,sds,0.018566,0.004250,0.022000,30.730957,44.816086
13564,pss,0.002833,0.004550,0.022000,49.849609,29.382709
13565,s,0.023128,0.004400,0.020000,6.395264,47.528351
13566,ss,0.018821,0.004700,0.019200,13.340332,42.720769
13567,pss,0.002833,0.004700,0.021500,31.524658,29.032709
13568,dpss,0.002761,0.005650,0.019200,41.442139,27.610817
13569,pdp,0.002932,0.005600,0.018500,59.789795,27.031683
13575,d,0.002385,0.004050,0.018500,6.710449,24.935393
13576,dd,0.002426,0.004350,0.021500,14.011963,28.275915
13577,sdd,0.018511,0.004750,0.021500,21.015381,44.760933
13578,psd,0.003139,0.004950,0.021500,39.545654,29.588792
13579,s,0.023128,0.054550,0.019200,48.689697,96.878351
13570,p,0.003780,0.004450,0.019200,18.426270,27.429849
13571,dp,0.002464,0.013950,0.020000,28.633789,36.414344
13572,pd,0.002977,0.006050,0.021500,48.315186,30.527001
13573,p,0.003780,0.014500,0.022000,69.388184,40.279849
13574,d,0.002385,0.006400,0.020000,78.851807,28.785393
13580,d,0.002385,0.005550,0.018500,6.889404,26.435393
13581,sd,0.018668,0.007250,0.021500,13.924072,47.417773
13582,ssd,0.018735,0.004400,0.021500,20.926025,44.634503
13583,sssd,0.017999,0.005300,0.022000,27.879150,45.298568
13584,d,0.002385,0.010200,0.020000,35.019775,32.585393
13585,p,0.003780,0.005150,0.020000,35.460693,28.929849
13586,dp,0.002464,0.004800,0.020000,46.215820,27.264344
13587,sdp,0.018492,0.009450,0.021500,53.722412,49.441971
13588,dsdp,0.002604,0.004850,0.020000,61.312500,27.453992
13589,pds,0.003022,0.006000,0.019200,80.510498,28.221933
13595,s,0.023128,0.004200,0.018500,8.869873,45.828351
13596,ss,0.018821,0.004650,0.020000,19.322998,43.470769
13597,sss,0.019288,0.007250,0.018500,26.027588,45.038093
13598,psss,0.002892,0.006000,0.018500,44.302002,27.392287
13590,d,0.002385,0.005900,0.019200,7.082764,27.485393
13591,dd,0.002426,0.004400,0.022000,16.743652,28.825915
13592,ddd,0.002493,0.004450,0.019200,23.973389,26.143417
13593,dddd,0.002612,0.006400,0.021500,31.225830,30.511713
13594,pdd,0.003045,0.006000,0.021500,49.683350,30.544804
13600,d,0.002385,0.005650,0.018500,7.033691,26.535393
13601,pd,0.002977,0.004500,0.018500,26.456787,25.977001
13602,dp,0.002464,0.005450,0.020000,36.465576,27.914344
13603,pd,0.002977,0.004100,0.019200,54.925049,26.277001
13604,spd,0.018317,0.004700,0.022000,64.340576,45.017325
13605,s,0.023128,0.003900,0.022000,6.355469,49.028351
13606,ss,0.018821,0.005100,0.018500,13.404053,42.420769
13607,pss,0.002833,0.016900,0.021500,37.642578,41.232709
13608,spss,0.018655,0.005150,0.019200,47.951416,43.005113
13609,psp,0.002926,0.004500,0.022000,67.498291,29.425658
13615,d,0.002385,0.006300,0.021500,6.526611,30.185393
13616,sd,0.018668,0.006650,0.022000,13.883301,47.317773
13617,ssd,0.018735,0.004200,0.020000,20.815186,42.934503
13618,dssd,0.002931,0.004900,0.021500,27.896973,29.331476
13610,s,0.023128,0.009500,0.018500,7.718506,51.128351
13611,ds,0.002343,0.004850,0.018500,18.250000,25.692513
13612,sds,0.018566,0.006600,0.021500,25.265381,46.666086
13613,dsds,0.002713,0.004900,0.019200,32.785889,26.813025
13630,s,0.023128,0.004800,0.019200,17.396484,47.128351
13631,ps,0.002840,0.004200,0.019200,36.466309,26.239786
13632,pps,0.002854,0.008250,0.019200,56.940918,30.304053
13633,dp,0.002464,0.004750,0.020000,66.185303,27.214344
13634,ddp,0.002502,0.005200,0.021500,73.219238,29.201712
13620,s,0.023128,0.007000,0.019200,8.770996,49.328351
13621,d,0.002385,0.005350,0.022000,15.881348,29.735393
13622,pd,0.002977,0.012050,0.018500,34.075928,33.527001
13623,dpd,0.002513,0.005900,0.018500,43.341553,26.912673
13624,pdp,0.002932,0.004800,0.019200,61.231934,26.931683
13625,s,0.023128,0.006300,0.019200,9.568604,48.628351
13626,ps,0.002840,0.004900,0.021500,27.546387,29.239786
13627,d,0.002385,0.013250,0.019200,36.705078,34.835393
13628,dps,0.002445,0.004450,0.020000,43.694336,26.894936
13629,ddps,0.002746,0.005150,0.018500,50.727295,26.395776
13635,p,0.003780,0.003400,0.020000,17.926025,27.179849
13636,s,0.023128,0.017250,0.022000,27.241211,62.378351
13637,p,0.003780,0.004400,0.020000,45.400635,28.179849
13638,pp,0.002838,0.004500,0.018500,66.266846,25.838325
13639,dp,0.002464,0.004850,0.018500,75.583740,25.814344
13640,p,0.003780,0.006900,0.021500,17.889160,32.179849
13641,dp,0.002464,0.004800,0.021500,27.194824,28.764344
13642,pdp,0.002932,0.005700,0.019200,45.221436,27.831683
13643,spd,0.018317,0.003950,0.022000,54.575928,44.267325
13644,dsp,0.002685,0.004800,0.020000,62.232422,27.484513
13645,p,0.003780,0.004650,0.018500,35.538086,26.929849
13646,pp,0.002838,0.008050,0.022000,55.920410,32.888325
13647,sp,0.018754,0.016900,0.022000,65.283936,57.653690
13648,dsp,0.002685,0.005450,0.018500,72.451660,26.634513
13649,ddsp,0.002864,0.008450,0.020000,79.621338,31.313565
13650,d,0.002385,0.010450,0.019200,22.448242,32.035393
13651,sd,0.018668,0.005300,0.018500,29.850586,42.467773
13652,psd,0.003139,0.004800,0.018500,48.535645,26.438792
13653,dps,0.002445,0.013500,0.021500,58.146484,37.444936
13654,sdps,0.018183,0.006400,0.021500,65.034424,46.082897
13655,d,0.002385,0.005900,0.019200,12.195068,27.485393
13656,dd,0.002426,0.006350,0.019200,19.953125,27.975915
13657,pd,0.002977,0.017350,0.022000,40.500977,42.327001
13658,dp,0.002464,0.005100,0.018500,50.990967,26.064344
13659,sdp,0.018492,0.004450,0.022000,58.370361,44.941971
13660,p,0.003780,0.007350,0.020000,18.149170,31.129849
13661,sp,0.018754,0.005600,0.019200,27.440186,43.553690
13662,psp,0.002926,0.005950,0.018500,46.110596,27.375658
13663,dps,0.002445,0.004450,0.020000,55.434082,26.894936
13664,ddps,0.002746,0.004450,0.022000,62.480713,29.195776
13665,s,0.023128,0.004800,0.021500,6.548584,49.428351
13666,ps,0.002840,0.006450,0.022000,24.746826,31.289786
13667,sps,0.018360,0.007000,0.021500,33.664551,46.860251
13668,dsps,0.002950,0.005550,0.022000,40.758057,30.500393
13669,pds,0.003022,0.006950,0.020000,59.022949,29.971933
13670,s,0.023128,0.007650,0.018500,6.338135,49.278351
13671,s,0.023128,0.129250,0.019200,13.329346,171.578351
13672,ps,0.002840,0.005150,0.018500,31.556152,26.489786
13673,d,0.002385,0.011400,0.019200,40.859131,32.985393
13674,p,0.003780,0.008600,0.020000,60.429443,32.379849
13675,p,0.003780,0.016350,0.021500,22.442383,41.629849
13676,p,0.003780,0.004700,0.019200,42.396973,27.679849
13677,pp,0.002838,0.004950,0.019200,62.446777,26.988325
13678,d,0.002385,0.007800,0.022000,71.810791,32.185393
13679,d,0.002385,0.118100,0.021500,78.918701,141.985393
13680,p,0.003780,0.008600,0.021500,18.132812,33.879849
13681,pp,0.002838,0.004450,0.020000,38.736572,27.288325
13682,dpp,0.002514,0.005100,0.021500,48.139404,29.114416
13683,ddp,0.002502,0.004300,0.020000,55.312256,26.801712
13684,sddp,0.017807,0.005900,0.021500,62.348633,45.206817
13685,d,0.002385,0.005100,0.022000,6.645264,29.485393
13686,dd,0.002426,0.012150,0.022000,14.056152,36.575915
13687,ddd,0.002493,0.004550,0.019200,21.375732,26.243417
13688,sddd,0.017932,0.010000,0.020000,28.336670,47.931734
13689,psdd,0.002888,0.004550,0.021500,46.601562,28.938175
13700,p,0.003780,0.007650,0.022000,17.560059,33.429849
13701,pp,0.002838,0.004900,0.019200,38.069580,26.938325
13702,spp,0.018537,0.005100,0.022000,47.059814,45.637181
13703,ssp,0.018787,0.007200,0.020000,53.757324,45.987195
13704,pss,0.002833,0.004550,0.021500,71.694336,28.882709
13690,d,0.002385,0.006000,0.018500,7.208252,26.885393
13691,dd,0.002426,0.004750,0.021500,15.492432,28.675915
13692,ddd,0.002493,0.004150,0.022000,23.096924,28.643417
13693,dddd,0.002612,0.004500,0.019200,30.625000,26.311713
13694,dddd,0.002612,0.004800,0.021500,37.881592,28.911713
13695,p,0.003780,0.016600,0.019200,17.609619,39.579849
13696,p,0.003780,0.005700,0.022000,38.943848,31.479849
13697,dp,0.002464,0.005150,0.018500,48.577393,26.114344
13698,sdp,0.018492,0.003950,0.019200,55.548340,41.641971
13699,dsdp,0.002604,0.005600,0.020000,62.580078,28.203992
13710,s,0.023128,0.004550,0.019200,15.089600,46.878351
13711,ss,0.018821,0.004050,0.022000,22.599854,44.870769
13712,sss,0.019288,0.004950,0.020000,29.317871,44.238093
13713,dsss,0.003039,0.005550,0.019200,36.336914,27.788978
13705,p,0.003780,0.006400,0.019200,23.138916,29.379849
13706,sp,0.018754,0.004650,0.021500,32.239746,44.903690
13707,s,0.023128,0.012050,0.020000,39.009521,55.178351
13708,dsp,0.002685,0.005450,0.021500,45.986328,29.634513
13709,dds,0.002685,0.005150,0.022000,53.152100,29.835273
13715,p,0.003780,0.005150,0.019200,18.005859,28.129849
13716,dp,0.002464,0.005350,0.020000,27.709961,27.814344
13717,sdp,0.018492,0.004850,0.018500,34.630859,41.841971
13718,dsdp,0.002604,0.005200,0.020000,41.610352,27.803992
13719,pds,0.003022,0.004850,0.020000,59.514404,27.871933
13720,d,0.002385,0.007350,0.018500,23.836426,28.235393
13721,sd,0.018668,0.005100,0.019200,31.372559,42.967773
13722,psd,0.003139,0.003950,0.021500,49.536621,28.588792
13723,pps,0.002854,0.004300,0.018500,69.751221,25.654053
13724,pp,0.002838,0.005600,0.020000,89.911133,28.438325
13730,s,0.023128,0.015250,0.020000,6.386719,58.378351
13731,p,0.003780,0.004500,0.022000,24.999268,30.279849
13732,sp,0.018754,0.009150,0.022000,34.051514,49.903690
13733,ssp,0.018787,0.005200,0.019200,40.753418,43.187195
13734,pss,0.002833,0.004100,0.018500,58.877197,25.432709
13725,p,0.003780,0.006750,0.018500,25.664062,29.029849
13726,pp,0.002838,0.004350,0.022000,45.913086,29.188325
13727,pp,0.002838,0.004650,0.019200,66.125732,26.688325
13728,sp,0.018754,0.007900,0.021500,75.121582,48.153690
13729,p,0.003780,0.064900,0.020000,93.030029,88.679849
13735,d,0.002385,0.006350,0.022000,22.558105,30.735393
13736,dd,0.002426,0.004400,0.021500,29.813721,28.325915
13737,ddd,0.002493,0.006700,0.018500,36.977783,27.693417
13738,dddd,0.002612,0.005200,0.018500,44.156982,26.311713
13740,p,0.003780,0.012050,0.022000,29.720215,37.829849
13741,d,0.002385,0.004750,0.020000,39.791016,27.135393
13742,dd,0.002426,0.004900,0.020000,47.370361,27.325915
13743,pdd,0.003045,0.005100,0.019200,66.541504,27.344804
13744,dp,0.002464,0.007550,0.021500,76.185791,31.514344
13745,d,0.002385,0.004500,0.018500,23.365234,25.385393
13746,sd,0.018668,0.004900,0.022000,31.323486,45.567773
13747,ps,0.002840,0.005750,0.019200,50.242676,27.789786
13748,pps,0.002854,0.004350,0.022000,70.590332,29.204053
13749,pp,0.002838,0.006050,0.022000,90.771729,30.888325
13750,s,0.023128,0.008450,0.018500,14.187500,50.078351
13751,ps,0.002840,0.005600,0.020000,32.863037,28.439786
13752,pps,0.002854,0.009100,0.021500,53.182373,33.454053
13753,dps,0.002445,0.006600,0.018500,62.858643,27.544936
13754,pdp,0.002932,0.004500,0.018500,80.982910,25.931683
13760,d,0.002385,0.004400,0.020000,6.860107,26.785393
13761,pd,0.002977,0.005300,0.019200,25.009766,27.477001
13762,sp,0.018754,0.004550,0.020000,34.025391,43.303690
13763,psp,0.002926,0.004950,0.020000,52.311279,27.875658
13764,dps,0.002445,0.004600,0.021500,61.613037,28.544936
13755,s,0.023128,0.017450,0.018500,6.440918,59.078351
13756,p,0.003780,0.006650,0.022000,24.722900,32.429849
13757,sp,0.018754,0.005650,0.021500,33.921387,45.903690
13758,ssp,0.018787,0.003500,0.019200,40.681396,41.487195
13759,dssp,0.002732,0.006150,0.021500,47.795654,30.381810
13765,s,0.023128,0.005000,0.021500,6.508057,49.628351
13766,ps,0.002840,0.005500,0.018500,24.839600,26.839786
13767,dps,0.002445,0.014000,0.020000,34.362549,36.444936
13768,pds,0.003022,0.004950,0.018500,53.417236,26.471933
13769,pp,0.002838,0.005000,0.018500,73.752441,26.338325
13770,s,0.023128,0.004950,0.022000,6.781982,50.078351
13771,ds,0.002343,0.005300,0.019200,14.977783,26.842513
13772,sds,0.018566,0.004150,0.018500,22.532959,41.216086
13773,psds,0.002945,0.007250,0.022000,41.714111,32.195423
13774,dpss,0.002761,0.004900,0.021500,51.561768,29.160817
13775,s,0.023128,0.004550,0.022000,6.336426,49.678351
13776,ps,0.002840,0.004600,0.022000,24.968018,29.439786
13777,pps,0.002854,0.004150,0.020000,45.285645,27.004053
13778,dps,0.002445,0.005900,0.020000,54.760498,28.344936
13779,ddp,0.002502,0.006300,0.022000,61.886963,30.801712
13780,p,0.003780,0.010000,0.019200,17.674072,32.979849
13781,dp,0.002464,0.004650,0.019200,27.150635,26.314344
13782,p,0.003780,0.006950,0.020000,45.372803,30.729849
13783,p,0.003780,0.004300,0.020000,66.022949,28.079849
13784,pp,0.002838,0.009000,0.018500,86.093994,30.338325
13785,p,0.003780,0.004500,0.019200,20.310059,27.479849
13786,pp,0.002838,0.004450,0.021500,41.554932,28.788325
13787,sp,0.018754,0.004300,0.021500,50.942383,44.553690
13788,dsp,0.002685,0.005900,0.019200,58.227051,27.784513
13789,pds,0.003022,0.005200,0.019200,76.683105,27.421933
13790,d,0.002385,0.004550,0.022000,8.115723,28.935393
13791,sd,0.018668,0.005500,0.022000,15.243896,46.167773
13792,dsd,0.002613,0.008450,0.019200,22.360352,30.262551
13793,pds,0.003022,0.004550,0.019200,40.835693,26.771933
13794,spds,0.018151,0.005950,0.018500,50.093262,42.600699
13795,s,0.023128,0.004450,0.020000,8.135986,47.578351
13796,s,0.023128,0.042450,0.022000,15.672119,87.578351
13797,ps,0.002840,0.004450,0.018500,35.385986,25.789786
13798,sps,0.018360,0.013950,0.020000,44.745117,52.310251
13799,dsps,0.002950,0.004450,0.020000,52.025635,27.400393
13800,s,0.023128,0.006450,0.018500,22.306152,48.078351
13801,p,0.003780,0.011750,0.019200,41.120117,34.729849
13802,ss,0.018821,0.008600,0.019200,50.238281,46.620769
13803,sss,0.019288,0.004300,0.021500,57.073975,45.088093
13804,dsss,0.003039,0.005800,0.018500,64.268311,27.338978
13805,s,0.023128,0.005200,0.019200,12.758789,47.528351
13806,ss,0.018821,0.005300,0.022000,20.139404,46.120769
13807,dss,0.002842,0.007350,0.022000,27.280273,32.191615
13808,d,0.002385,0.081800,0.022000,34.442871,106.185393
13809,ddss,0.002785,0.003650,0.022000,41.540771,28.435416
13810,d,0.002385,0.004850,0.018500,23.369873,25.735393
13811,sd,0.018668,0.005050,0.019200,30.939941,42.917773
13812,psd,0.003139,0.005600,0.019200,49.043213,27.938792
13813,sps,0.018360,0.006400,0.020000,58.018066,44.760251
13814,psp,0.002926,0.004450,0.020000,76.202393,27.375658
13815,d,0.002385,0.007050,0.022000,6.796875,31.435393
13816,sd,0.018668,0.004800,0.019200,13.746338,42.667773
13817,psd,0.003139,0.005450,0.021500,32.228027,30.088792
13818,dps,0.002445,0.004900,0.019200,42.088135,26.544936
13819,p,0.003780,0.022550,0.020000,61.593750,46.329849
13820,p,0.003780,0.004050,0.022000,17.746826,29.829849
13821,dp,0.002464,0.005300,0.018500,27.553223,26.264344
13822,p,0.003780,0.012900,0.018500,45.928711,35.179849
13823,sp,0.018754,0.020100,0.018500,55.189453,57.353690
13824,s,0.023128,0.004750,0.021500,61.976807,49.378351
13830,s,0.023128,0.006800,0.021500,6.345947,51.428351
13831,s,0.023128,0.004750,0.019200,13.399902,47.078351
13832,ss,0.018821,0.029550,0.018500,20.344482,66.870769
13833,sss,0.019288,0.005050,0.020000,27.356445,44.338093
13834,psss,0.002892,0.016150,0.018500,46.099121,37.542287
13825,p,0.003780,0.005850,0.019200,17.847168,28.829849
13826,p,0.003780,0.014050,0.018500,39.214355,36.329849
13827,d,0.002385,0.005700,0.018500,48.819824,26.585393
13828,sd,0.018668,0.005200,0.021500,55.924805,45.367773
13829,ssd,0.018735,0.011100,0.018500,63.103027,48.334503
13835,s,0.023128,0.004200,0.021500,9.223877,48.828351
13836,ds,0.002343,0.004950,0.022000,16.292725,29.292513
13837,s,0.023128,0.010650,0.021500,23.220703,55.278351
13838,pds,0.003022,0.008600,0.022000,41.762207,33.621933
13839,dps,0.002445,0.021000,0.018500,51.547852,41.944936
13840,d,0.002385,0.016900,0.019200,6.808838,38.485393
13841,dd,0.002426,0.005550,0.019200,14.027344,27.175915
13842,ddd,0.002493,0.004150,0.022000,21.371094,28.643417
13843,pddd,0.002895,0.003900,0.021500,39.867676,28.295137
13844,pp,0.002838,0.006050,0.019200,60.546875,28.088325
13845,d,0.002385,0.007100,0.018500,15.707520,27.985393
13846,pd,0.002977,0.004550,0.021500,34.244385,29.027001
13847,pp,0.002838,0.003850,0.022000,54.863037,28.688325
13848,pp,0.002838,0.004300,0.019200,75.953369,26.338325
13849,pp,0.002838,0.005000,0.019200,99.211426,27.038325
13850,p,0.003780,0.004900,0.021500,17.867920,30.179849
13851,sp,0.018754,0.005150,0.018500,26.933105,42.403690
13852,ssp,0.018787,0.004100,0.019200,33.654785,42.087195
13853,pss,0.002833,0.005200,0.020000,51.612061,28.032709
13854,spss,0.018655,0.004250,0.022000,60.575684,44.905113
13855,d,0.002385,0.004250,0.020000,6.769531,26.635393
13856,pd,0.002977,0.004200,0.018500,25.077637,25.677001
13857,sp,0.018754,0.005150,0.018500,34.477051,42.403690
13858,ssp,0.018787,0.005450,0.019200,41.408936,43.437195
13859,sssp,0.018690,0.005000,0.019200,48.498779,42.889656
13865,d,0.002385,0.004350,0.022000,7.701416,28.735393
13866,dd,0.002426,0.004950,0.021500,14.747070,28.875915
13867,ddd,0.002493,0.005400,0.022000,22.149902,29.893417
13868,pdd,0.003045,0.004350,0.019200,40.375488,26.594804
13869,pp,0.002838,0.004450,0.018500,61.164307,25.788325
13860,p,0.003780,0.004850,0.018500,18.208984,27.129849
13861,dp,0.002464,0.004550,0.019200,27.693359,26.214344
13862,ddp,0.002502,0.004650,0.021500,34.768555,28.651712
13863,dddp,0.002699,0.010000,0.020000,41.788086,32.699161
13864,pdd,0.003045,0.008600,0.022000,59.915771,33.644804
13870,p,0.003780,0.016750,0.019200,19.600342,39.729849
13871,sp,0.018754,0.012000,0.022000,29.852783,52.753690
13872,psp,0.002926,0.004850,0.019200,49.426025,26.975658
13873,pps,0.002854,0.005650,0.021500,70.900635,30.004053
13874,dps,0.002445,0.004500,0.020000,80.674561,26.944936
13875,s,0.023128,0.005800,0.020000,6.578369,48.928351
13876,ds,0.002343,0.007900,0.020000,13.952637,30.242513
13877,dds,0.002685,0.009500,0.019200,21.132324,31.385273
13878,ddds,0.002761,0.005150,0.021500,28.345947,29.410792
13880,d,0.002385,0.005150,0.019200,6.711914,26.735393
13881,pd,0.002977,0.008000,0.019200,25.327881,30.177001
13882,pp,0.002838,0.006000,0.018500,46.236084,27.338325
13883,pp,0.002838,0.003850,0.021500,67.308105,28.188325
13884,dp,0.002464,0.004600,0.021500,77.194336,28.564344
13890,p,0.003780,0.006500,0.021500,18.726318,31.779849
13891,sp,0.018754,0.006000,0.020000,29.113770,44.753690
13892,dsp,0.002685,0.005750,0.018500,37.491943,26.934513
13893,sdsp,0.018148,0.005200,0.022000,45.729248,45.348415
13894,s,0.023128,0.012200,0.022000,53.753662,57.328351
13885,p,0.003780,0.006550,0.019200,18.862305,29.529849
13886,pp,0.002838,0.005300,0.022000,41.024414,30.138325
13887,p,0.003780,0.034600,0.020000,63.725098,58.379849
13888,p,0.003780,0.016750,0.021500,87.559570,42.029849
13889,pp,0.002838,0.012900,0.020000,108.431641,35.738325
13895,s,0.023128,0.004400,0.018500,6.544189,46.028351
13896,ss,0.018821,0.004050,0.022000,13.752686,44.870769
13897,dss,0.002842,0.005600,0.018500,21.176514,26.941615
13898,sdss,0.018223,0.005200,0.020000,28.739990,43.422624
13900,s,0.023128,0.005000,0.020000,6.623535,48.128351
13901,ss,0.018821,0.004850,0.022000,13.670654,45.670769
13902,d,0.002385,0.007800,0.019200,21.019043,29.385393
13903,sss,0.019288,0.004450,0.019200,28.150391,42.938093
13904,ssss,0.018888,0.005050,0.018500,35.233887,42.438175
13910,s,0.023128,0.005500,0.019200,8.400391,47.828351
13911,d,0.002385,0.004750,0.018500,15.570068,25.635393
13912,pd,0.002977,0.004850,0.021500,33.910400,29.327001
13913,dp,0.002464,0.007300,0.021500,43.533691,31.264344
13914,sdp,0.018492,0.010450,0.020000,50.466309,48.941971
13905,p,0.003780,0.003650,0.021500,24.652344,28.929849
13906,dp,0.002464,0.004350,0.020000,34.460205,26.814344
13907,sdp,0.018492,0.005350,0.021500,41.554443,45.341971
13908,ssdp,0.018187,0.004300,0.020000,48.365234,42.487445
13909,dssd,0.002931,0.004200,0.021500,55.411133,28.631476
13915,s,0.023128,0.005450,0.019200,6.624756,47.778351
13916,ps,0.002840,0.004000,0.022000,25.535156,28.839786
13917,sps,0.018360,0.006050,0.019200,35.310791,43.610251
13918,psps,0.002923,0.006000,0.018500,53.786621,27.422585
13919,sps,0.018360,0.005350,0.019200,63.021973,42.910251
13920,d,0.002385,0.011050,0.018500,6.752930,31.935393
13921,d,0.002385,0.004550,0.021500,14.173584,28.435393
13922,pd,0.002977,0.008150,0.020000,35.341797,31.127001
13923,sp,0.018754,0.005000,0.022000,44.622070,45.753690
13924,psp,0.002926,0.004500,0.018500,62.865967,25.925658
13925,s,0.023128,0.004850,0.020000,6.226074,47.978351
13926,ps,0.002840,0.006400,0.019200,24.215088,28.439786
13927,pps,0.002854,0.006750,0.019200,44.170410,28.804053
13928,pp,0.002838,0.004850,0.022000,64.620361,29.688325
13929,pp,0.002838,0.003850,0.021500,84.881592,28.188325
13930,s,0.023128,0.004500,0.022000,17.282471,49.628351
13931,ps,0.002840,0.013950,0.020000,41.278564,36.789786
13932,sps,0.018360,0.004900,0.022000,50.339844,45.260251
13933,dsps,0.002950,0.004900,0.020000,57.334473,27.850393
13940,d,0.002385,0.004400,0.022000,6.748047,28.785393
13941,dd,0.002426,0.007250,0.020000,14.043701,29.675915
13942,sdd,0.018511,0.004750,0.021500,21.155518,44.760933
13943,dsdd,0.002830,0.004850,0.021500,28.309082,29.179964
13935,d,0.002385,0.004800,0.022000,6.929443,29.185393
13936,dd,0.002426,0.004800,0.020000,15.413574,27.225915
13937,pdd,0.003045,0.005050,0.020000,33.877686,28.094804
13938,sp,0.018754,0.004400,0.020000,42.919189,43.153690
13939,psp,0.002926,0.008750,0.022000,60.949707,33.675658
13945,p,0.003780,0.003950,0.018500,19.045898,26.229849
13946,dp,0.002464,0.004150,0.019200,28.301514,25.814344
13947,pd,0.002977,0.004800,0.018500,46.239746,26.277001
13948,dp,0.002464,0.006500,0.021500,55.445312,30.464344
13949,ddp,0.002502,0.006400,0.022000,62.508301,30.901712
13950,p,0.003780,0.004650,0.022000,19.061035,30.429849
13951,sp,0.018754,0.010350,0.022000,29.539795,51.103690
13952,psp,0.002926,0.005750,0.020000,49.135742,28.675658
13953,sps,0.018360,0.008150,0.022000,59.225830,48.510251
13954,ssps,0.018466,0.005900,0.021500,66.443848,45.866056
13955,d,0.002385,0.004300,0.019200,6.697754,25.885393
13956,sd,0.018668,0.005400,0.018500,13.598389,42.567773
13957,psd,0.003139,0.004250,0.022000,31.718262,29.388792
13958,sps,0.018360,0.004500,0.018500,40.825684,41.360251
13959,ssps,0.018466,0.006000,0.020000,47.691895,44.466056
13960,p,0.003780,0.005900,0.021500,22.619629,31.179849
13961,pp,0.002838,0.004400,0.020000,43.278809,27.238325
13962,pp,0.002838,0.007000,0.021500,63.826416,31.338325
13963,pp,0.002838,0.004750,0.020000,84.205811,27.588325
13964,spp,0.018537,0.004700,0.021500,93.343506,44.737181
13965,s,0.023128,0.006400,0.022000,22.740723,51.528351
13966,p,0.003780,0.013700,0.021500,41.737793,38.979849
13967,ps,0.002840,0.003950,0.022000,61.979736,28.789786
13968,sps,0.018360,0.007200,0.021500,70.887207,47.060251
13969,psp,0.002926,0.005750,0.018500,88.699707,27.175658
13970,p,0.003780,0.009850,0.022000,17.836426,35.629849
13971,pp,0.002838,0.004050,0.020000,38.165771,26.888325
13972,spp,0.018537,0.005000,0.022000,47.208984,45.537181
13973,ssp,0.018787,0.004950,0.018500,53.995605,42.237195
13974,pss,0.002833,0.004950,0.020000,71.916504,27.782709
13975,p,0.003780,0.005200,0.018500,18.149902,27.479849
13976,dp,0.002464,0.004550,0.022000,27.585449,29.014344
13977,ddp,0.002502,0.009450,0.022000,34.791992,33.951712
13978,sddp,0.017807,0.004450,0.018500,41.800781,40.756817
13979,ssdd,0.018091,0.005850,0.019200,48.720215,43.141216
13980,s,0.023128,0.007050,0.021500,23.185791,51.678351
13981,ps,0.002840,0.004650,0.019200,42.085449,26.689786
13982,d,0.002385,0.008700,0.020000,51.324219,31.085393
13983,ps,0.002840,0.004200,0.018500,69.497314,25.539786
13984,pp,0.002838,0.003850,0.018500,91.754883,25.188325
13985,d,0.002385,0.005050,0.021500,24.770752,28.935393
13986,pd,0.002977,0.006500,0.019200,44.199951,28.677001
13987,pp,0.002838,0.007850,0.019200,64.696289,29.888325
13988,pp,0.002838,0.006350,0.020000,85.238037,29.188325
13989,pp,0.002838,0.005150,0.021500,105.648438,29.488325
13990,p,0.003780,0.005550,0.019200,23.802734,28.529849
13991,pp,0.002838,0.004800,0.021500,44.053711,29.138325
13992,dp,0.002464,0.004900,0.020000,53.333496,27.364344
13993,pdp,0.002932,0.012450,0.020000,71.338135,35.381683
13994,spd,0.018317,0.011000,0.020000,80.286133,49.317325
13995,d,0.002385,0.004550,0.022000,11.091553,28.935393
13996,pd,0.002977,0.005600,0.020000,31.239258,28.577001
13997,dp,0.002464,0.006450,0.021500,41.270264,30.414344
13998,ddp,0.002502,0.004900,0.020000,48.542236,27.401712
13999,sddp,0.017807,0.005200,0.019200,55.576416,42.206817
14000,s,0.023128,0.005150,0.022000,8.596436,50.278351
14001,ss,0.018821,0.005300,0.021500,18.133789,45.620769
14002,pss,0.002833,0.004750,0.022000,37.832275,29.582709
14003,dpss,0.002761,0.007400,0.019200,47.734863,29.360817
14004,pdp,0.002932,0.010550,0.022000,66.447266,35.481683
14005,p,0.003780,0.004450,0.021500,34.195312,29.729849
14006,pp,0.002838,0.004450,0.020000,54.339111,27.288325
14007,dpp,0.002514,0.004850,0.019200,63.727051,26.564416
14008,d,0.002385,0.013700,0.019200,70.749512,35.285393
14009,ddp,0.002502,0.004100,0.019200,77.764404,25.801712
14010,p,0.003780,0.005850,0.021500,17.644043,31.129849
14011,dp,0.002464,0.004900,0.020000,26.866455,27.364344
14012,ddp,0.002502,0.004950,0.019200,33.892334,26.651712
14013,sddp,0.017807,0.007900,0.022000,40.593994,47.706817
14015,p,0.003780,0.006750,0.020000,19.351318,30.529849
14016,dp,0.002464,0.006600,0.018500,30.454102,27.564344
14017,ddp,0.002502,0.009450,0.021500,37.994873,33.451712
14018,dddp,0.002699,0.005000,0.022000,45.228027,29.699161
14019,dddd,0.002612,0.007450,0.018500,52.374268,28.561713
14020,s,0.023128,0.004500,0.022000,6.443604,49.628351
14021,ps,0.002840,0.006600,0.019200,25.164551,28.639786
14022,dps,0.002445,0.004550,0.018500,35.325684,25.494936
14023,pds,0.003022,0.005150,0.021500,54.043213,29.671933
14024,dp,0.002464,0.005200,0.020000,63.531982,27.664344
14025,p,0.003780,0.005600,0.021500,17.689453,30.879849
14026,dp,0.002464,0.010250,0.019200,27.157715,31.914344
14027,pdp,0.002932,0.004400,0.021500,45.376953,28.831683
14028,spd,0.018317,0.004600,0.018500,55.152588,41.417325
14029,dsp,0.002685,0.005950,0.020000,62.370605,28.634513
14030,p,0.003780,0.006050,0.021500,32.308594,31.329849
14031,dp,0.002464,0.008450,0.021500,41.989502,32.414344
14032,sdp,0.018492,0.003950,0.019200,49.115479,41.641971
14033,ssdp,0.018187,0.005400,0.021500,56.164062,45.087445
14040,d,0.002385,0.004500,0.021500,8.005371,28.385393
14041,pd,0.002977,0.004700,0.021500,27.002930,29.177001
14042,dp,0.002464,0.007250,0.020000,36.616943,29.714344
14043,ddp,0.002502,0.004050,0.018500,44.244629,25.051712
14044,sddp,0.017807,0.006400,0.021500,51.248779,45.706817
14035,p,0.003780,0.005400,0.019200,31.312500,28.379849
14036,sp,0.018754,0.004750,0.022000,40.291016,45.503690
14037,ssp,0.018787,0.004150,0.020000,46.999268,42.937195
14038,pss,0.002833,0.005000,0.020000,65.012695,27.832709
14039,ppss,0.002998,0.005650,0.020000,85.343018,28.647567
14045,d,0.002385,0.004700,0.020000,7.216553,27.085393
14046,d,0.002385,0.007600,0.018500,14.438477,28.485393
14047,dd,0.002426,0.017400,0.021500,21.509521,41.325915
14048,sd,0.018668,0.004550,0.018500,28.435059,41.717773
14049,ps,0.002840,0.005200,0.021500,46.749023,29.539786
14050,p,0.003780,0.004200,0.020000,17.732910,27.979849
14051,sp,0.018754,0.004450,0.018500,27.131592,41.703690
14052,p,0.003780,0.012900,0.021500,45.333008,38.179849
14053,ss,0.018821,0.004200,0.018500,54.656250,41.520769
14054,sss,0.019288,0.010000,0.020000,61.502686,49.288093
14055,s,0.023128,0.004050,0.018500,6.421143,45.678351
14056,ps,0.002840,0.004700,0.020000,27.658203,27.539786
14057,dps,0.002445,0.005600,0.022000,37.347900,30.044936
14058,pd,0.002977,0.014100,0.022000,57.417236,39.077001
14059,dp,0.002464,0.009500,0.021500,67.852783,33.464344
14060,d,0.002385,0.004500,0.019200,21.770020,26.085393
14061,dd,0.002426,0.004000,0.018500,29.474609,24.925915
14062,pd,0.002977,0.014000,0.020000,48.129639,36.977001
14063,pp,0.002838,0.004850,0.022000,68.372314,29.688325
14064,spp,0.018537,0.006050,0.021500,77.446289,46.087181
14065,p,0.003780,0.004750,0.020000,29.863037,28.529849
14066,sp,0.018754,0.004700,0.021500,39.555908,44.953690
14067,dsp,0.002685,0.004300,0.021500,46.633789,28.484513
14068,sdsp,0.018148,0.009550,0.021500,53.662842,49.198415
14069,dsds,0.002713,0.004950,0.019200,60.775635,26.863025
14070,d,0.002385,0.005600,0.018500,25.894043,26.485393
14071,p,0.003780,0.004850,0.021500,52.598633,30.129849
14072,sp,0.018754,0.004050,0.020000,61.864990,42.803690
14073,dsp,0.002685,0.004700,0.019200,68.967529,26.584513
14074,sdsp,0.018148,0.006000,0.021500,75.892334,45.648415
14075,s,0.023128,0.004850,0.019200,6.270752,47.178351
14076,ps,0.002840,0.004800,0.019200,24.934326,26.839786
14077,dps,0.002445,0.005200,0.020000,34.567383,27.644936
14078,pds,0.003022,0.004300,0.021500,52.546875,28.821933
14079,spd,0.018317,0.005850,0.020000,61.621582,44.167325
14080,p,0.003780,0.012450,0.021500,17.761475,37.729849
14081,sp,0.018754,0.005000,0.022000,26.996094,45.753690
14082,psp,0.002926,0.004750,0.019200,45.741455,26.875658
14083,pps,0.002854,0.004650,0.019200,65.929443,26.704053
14084,s,0.023128,0.010400,0.021500,74.895508,55.028351
14085,s,0.023128,0.005650,0.018500,12.442383,47.278351
14086,ps,0.002840,0.004450,0.018500,31.160156,25.789786
14087,sps,0.018360,0.005550,0.019200,40.519531,43.110251
14088,dsps,0.002950,0.004000,0.018500,47.567627,25.450393
14090,s,0.023128,0.004850,0.019200,6.404541,47.178351
14091,ds,0.002343,0.004150,0.022000,13.755859,28.492513
14092,sds,0.018566,0.004700,0.021500,20.812012,44.766086
14093,ssds,0.018930,0.004350,0.022000,27.869873,45.280221
14095,s,0.023128,0.024300,0.021500,23.074951,68.928351
14096,p,0.003780,0.007050,0.020000,42.040039,30.829849
14097,dp,0.002464,0.007100,0.018500,51.401367,28.064344
14098,pdp,0.002932,0.011700,0.022000,69.854492,36.631683
14099,spd,0.018317,0.006450,0.022000,79.061035,46.767325
14100,p,0.003780,0.005750,0.018500,28.415039,28.029849
14101,sp,0.018754,0.006200,0.021500,37.510986,46.453690
14102,psp,0.002926,0.004000,0.022000,55.372314,28.925658
14103,pps,0.002854,0.006150,0.020000,75.525879,29.004053
14104,d,0.002385,0.015750,0.022000,84.795410,40.135393
14105,p,0.003780,0.004800,0.020000,33.393311,28.579849
14106,pp,0.002838,0.004500,0.022000,53.502686,29.338325
14107,pp,0.002838,0.005000,0.021500,73.745605,29.338325
14108,sp,0.018754,0.005000,0.021500,83.348633,45.253690
14109,psp,0.002926,0.004600,0.022000,101.406006,29.525658
14110,d,0.002385,0.004500,0.018500,24.860352,25.385393
14111,sd,0.018668,0.004700,0.019200,32.656494,42.567773
14112,ps,0.002840,0.004450,0.020000,51.491455,27.289786
14113,sps,0.018360,0.008050,0.020000,60.880371,46.410251
14114,ps,0.002840,0.005200,0.022000,79.650635,30.039786
14125,s,0.023128,0.005700,0.021500,6.532715,50.328351
14126,ps,0.002840,0.006000,0.020000,25.038574,28.839786
14127,sps,0.018360,0.006000,0.022000,34.491699,46.360251
14128,dsps,0.002950,0.004500,0.019200,41.771484,26.650393
14115,s,0.023128,0.005750,0.019200,7.097168,48.078351
14116,ps,0.002840,0.005000,0.019200,27.031250,27.039786
14117,sps,0.018360,0.004250,0.018500,37.670410,41.110251
14118,s,0.023128,0.016050,0.020000,45.152588,59.178351
14119,ps,0.002840,0.004600,0.019200,64.208496,26.639786
14120,d,0.002385,0.004650,0.020000,6.723145,27.035393
14121,dd,0.002426,0.004350,0.018500,13.970947,25.275915
14122,ddd,0.002493,0.006300,0.020000,21.223633,28.793417
14123,dddd,0.002612,0.004250,0.020000,28.405029,26.861713
14124,pdd,0.003045,0.004500,0.022000,46.921631,29.544804
14135,p,0.003780,0.004400,0.020000,33.167969,28.179849
14136,pp,0.002838,0.003850,0.020000,53.464600,26.688325
14137,dp,0.002464,0.005150,0.018500,63.029785,26.114344
14138,pd,0.002977,0.004550,0.020000,80.974854,27.527001
14139,s,0.023128,0.007450,0.020000,90.097412,50.578351
14130,s,0.023128,0.003850,0.019200,21.526123,46.178351
14131,ss,0.018821,0.004700,0.018500,29.094482,42.020769
14132,dss,0.002842,0.004650,0.020000,36.091309,27.491615
14133,ddss,0.002785,0.006900,0.018500,43.248779,28.185416
14140,p,0.003780,0.045650,0.020000,18.021484,69.429849
14141,s,0.023128,0.004700,0.018500,27.274658,46.328351
14142,ps,0.002840,0.005650,0.020000,45.625244,28.489786
14143,dps,0.002445,0.005550,0.022000,55.198730,29.994936
14144,p,0.003780,0.011100,0.019200,73.800293,34.079849
14145,d,0.002385,0.009000,0.020000,6.666260,31.385393
14146,dd,0.002426,0.003800,0.018500,14.189209,24.725915
14147,sdd,0.018511,0.005650,0.022000,21.183105,46.160933
14148,dsdd,0.002830,0.008950,0.021500,28.235352,33.279964
14150,p,0.003780,0.011700,0.020000,29.728027,35.479849
14151,dp,0.002464,0.004350,0.021500,39.205566,28.314344
14152,sdp,0.018492,0.007250,0.021500,46.044678,47.241971
14153,ssdp,0.018187,0.006350,0.021500,53.068359,46.037445
14155,d,0.002385,0.004900,0.022000,7.405762,29.285393
14156,sd,0.018668,0.004450,0.018500,15.174316,41.617773
14157,psd,0.003139,0.005600,0.019200,35.437256,27.938792
14158,dps,0.002445,0.005200,0.018500,45.829102,26.144936
14159,pd,0.002977,0.003900,0.021500,64.244385,28.377001
14160,d,0.002385,0.005550,0.020000,6.799072,27.935393
14161,dd,0.002426,0.004650,0.022000,14.137939,29.075915
14162,sdd,0.018511,0.010150,0.021500,21.142090,50.160933
14163,ssdd,0.018091,0.007250,0.018500,28.215820,43.841216
14164,pss,0.002833,0.004900,0.020000,46.968262,27.732709
14170,s,0.023128,0.007000,0.018500,27.321289,48.628351
14171,p,0.003780,0.005300,0.018500,48.418457,27.579849
14172,pp,0.002838,0.016150,0.019200,68.791504,38.188325
14173,pp,0.002838,0.004850,0.021500,89.039551,29.188325
14174,pp,0.002838,0.004750,0.018500,110.081543,26.088325
14165,p,0.003780,0.012900,0.020000,35.024414,36.679849
14166,d,0.002385,0.006050,0.021500,44.370361,29.935393
14167,dd,0.002426,0.009750,0.019200,51.347900,31.375915
14168,sdd,0.018511,0.004750,0.021500,58.322998,44.760933
14169,psd,0.003139,0.004850,0.022000,76.725830,29.988792
14175,s,0.023128,0.008950,0.020000,9.384766,52.078351
14176,ps,0.002840,0.004950,0.021500,30.140625,29.289786
14177,sps,0.018360,0.005750,0.022000,39.171387,46.110251
14178,dsps,0.002950,0.005900,0.021500,46.496094,30.350393
14179,s,0.023128,0.109850,0.020000,53.276611,152.978351
14180,p,0.003780,0.005600,0.022000,18.033691,31.379849
14181,sp,0.018754,0.004500,0.018500,27.203125,41.753690
14182,dsp,0.002685,0.004950,0.021500,34.263916,29.134513
14183,sdsp,0.018148,0.010150,0.022000,41.067871,50.298415
14185,s,0.023128,0.005550,0.020000,6.577881,48.678351
14186,ds,0.002343,0.004700,0.018500,13.756836,25.542513
14187,sds,0.018566,0.004900,0.019200,20.568848,42.666086
14188,psds,0.002945,0.009850,0.020000,38.744873,32.795423
14189,spss,0.018655,0.005750,0.021500,47.959717,45.905113
14190,p,0.003780,0.006950,0.018500,28.166992,29.229849
14191,dp,0.002464,0.005650,0.020000,37.810791,28.114344
14192,ddp,0.002502,0.005700,0.018500,45.117920,26.701712
14193,sddp,0.017807,0.004300,0.022000,52.367676,44.106817
14194,dsdd,0.002830,0.005600,0.020000,60.424316,28.429964
14200,d,0.002385,0.003400,0.018500,6.730469,24.285393
14201,sd,0.018668,0.007850,0.019200,13.594482,45.717773
14202,dsd,0.002613,0.006000,0.018500,20.680420,27.112551
14203,sdsd,0.018197,0.007100,0.022000,27.522217,47.297164
14204,dsds,0.002713,0.004400,0.022000,35.003906,29.113025
14195,s,0.023128,0.004850,0.018500,6.366699,46.478351
14196,ds,0.002343,0.004850,0.019200,13.944824,26.392513
14197,dds,0.002685,0.005100,0.018500,21.173828,26.285273
14198,ddds,0.002761,0.003700,0.022000,28.287109,28.460792
14205,p,0.003780,0.007100,0.019200,18.076172,30.079849
14206,pp,0.002838,0.006000,0.022000,39.144287,30.838325
14207,pp,0.002838,0.007050,0.021500,59.660156,31.388325
14208,dpp,0.002514,0.007300,0.021500,69.197021,31.314416
14209,pdp,0.002932,0.006500,0.020000,87.694580,29.431683
14210,s,0.023128,0.004900,0.021500,6.539307,49.528351
14211,ss,0.018821,0.004400,0.022000,14.239014,45.220769
14212,sss,0.019288,0.005050,0.022000,21.659180,46.338093
14213,psss,0.002892,0.005450,0.022000,41.925049,30.342287
14214,pps,0.002854,0.004550,0.018500,63.573242,25.904053
14215,s,0.023128,0.006400,0.021500,6.328857,51.028351
14216,ss,0.018821,0.004800,0.018500,13.260010,42.120769
14217,sss,0.019288,0.007050,0.022000,20.324219,48.338093
14218,psss,0.002892,0.012450,0.022000,39.309814,37.342287
14220,p,0.003780,0.004150,0.022000,18.998291,29.929849
14221,pp,0.002838,0.004600,0.021500,40.245117,28.938325
14222,pp,0.002838,0.004850,0.018500,60.897461,26.188325
14223,pp,0.002838,0.004950,0.021500,81.485596,29.288325
14224,sp,0.018754,0.009450,0.018500,90.687988,46.703690
14230,s,0.023128,0.005150,0.019200,6.123291,47.478351
14231,ss,0.018821,0.004800,0.020000,13.070801,43.620769
14232,pss,0.002833,0.004850,0.020000,31.206299,27.682709
14233,ppss,0.002998,0.005200,0.021500,51.838867,29.697567
14234,sp,0.018754,0.008000,0.019200,61.857910,45.953690
14225,p,0.003780,0.004450,0.020000,17.830078,28.229849
14226,sp,0.018754,0.006000,0.018500,27.683838,43.253690
14227,ssp,0.018787,0.004100,0.019200,34.889404,42.087195
14228,sssp,0.018690,0.004900,0.019200,42.138184,42.789656
14229,dsss,0.003039,0.005700,0.021500,49.459717,30.238978
14235,d,0.002385,0.004950,0.018500,9.616211,25.835393
14236,sd,0.018668,0.009100,0.018500,17.129150,46.267773
14237,ps,0.002840,0.004950,0.018500,37.057373,26.289786
14238,dps,0.002445,0.004550,0.021500,46.960205,28.494936
14239,sdps,0.018183,0.005600,0.018500,54.151611,42.282897
14245,p,0.003780,0.006950,0.020000,34.264160,30.729849
14246,sp,0.018754,0.004900,0.019200,43.370117,42.853690
14247,ssp,0.018787,0.004250,0.022000,50.184814,45.037195
14248,sssp,0.018690,0.004400,0.019200,56.947021,42.289656
14240,p,0.003780,0.004450,0.018500,32.844482,26.729849
14241,sp,0.018754,0.005200,0.020000,41.864746,43.953690
14242,ps,0.002840,0.005300,0.018500,59.712402,26.639786
14243,dps,0.002445,0.004150,0.019200,68.926270,25.794936
14244,ddps,0.002746,0.005400,0.020000,76.059326,28.145776
14250,s,0.023128,0.005750,0.019200,22.541748,48.078351
14251,ss,0.018821,0.004250,0.019200,30.207764,42.270769
14252,pss,0.002833,0.004500,0.019200,48.189941,26.532709
14253,ppss,0.002998,0.006700,0.022000,68.564941,31.697567
14254,d,0.002385,0.008350,0.021500,78.051270,32.235393
14265,d,0.002385,0.006700,0.020000,14.889160,29.085393
14266,pd,0.002977,0.004150,0.021500,33.413574,28.627001
14267,pp,0.002838,0.004500,0.021500,53.978760,28.838325
14268,sp,0.018754,0.005050,0.019200,63.095703,43.003690
14269,dsp,0.002685,0.011700,0.019200,70.194580,33.584513
14255,d,0.002385,0.005850,0.021500,11.530029,29.735393
14256,dd,0.002426,0.006700,0.022000,18.853516,31.125915
14257,pdd,0.003045,0.003950,0.022000,36.881104,28.994804
14258,dpd,0.002513,0.011100,0.019200,46.106934,32.812673
14259,ddp,0.002502,0.004700,0.019200,53.426025,26.401712
14260,d,0.002385,0.005300,0.022000,20.199219,29.685393
14261,pd,0.002977,0.005750,0.022000,38.734619,30.727001
14262,spd,0.018317,0.004650,0.020000,47.650146,42.967325
14263,dsp,0.002685,0.014000,0.022000,54.835205,38.684513
14264,ddsp,0.002864,0.004550,0.019200,61.863525,26.613565
14270,d,0.002385,0.006550,0.021500,21.142090,30.435393
14271,pd,0.002977,0.004600,0.020000,40.166748,27.577001
14272,spd,0.018317,0.004500,0.019200,50.005615,42.017325
14273,dsp,0.002685,0.004500,0.018500,57.816406,25.684513
14274,ddsp,0.002864,0.004950,0.021500,65.601074,29.313565
14275,d,0.002385,0.009500,0.019200,17.661621,31.085393
14276,pd,0.002977,0.006000,0.022000,36.219727,30.977001
14277,s,0.023128,0.008100,0.021500,45.198486,52.728351
14278,sp,0.018754,0.004650,0.021500,51.954590,44.903690
14279,ssp,0.018787,0.008250,0.019200,58.638916,46.237195
14280,p,0.003780,0.010150,0.020000,18.016113,33.929849
14281,dp,0.002464,0.005150,0.018500,27.460449,26.114344
14282,sdp,0.018492,0.004050,0.018500,34.371826,41.041971
14283,dsdp,0.002604,0.004550,0.022000,41.390869,29.153992
14285,p,0.003780,0.004500,0.018500,29.864014,26.779849
14286,pp,0.002838,0.003950,0.022000,50.526123,28.788325
14287,pp,0.002838,0.004750,0.020000,70.822266,27.588325
14288,dp,0.002464,0.004850,0.019200,80.083740,26.514344
14289,pdp,0.002932,0.005400,0.020000,98.085449,28.331683
14290,d,0.002385,0.005150,0.019200,10.340576,26.735393
14291,pd,0.002977,0.004850,0.018500,30.008789,26.327001
14292,pp,0.002838,0.004150,0.021500,50.603516,28.488325
14293,pp,0.002838,0.003900,0.019200,71.637939,25.938325
14294,pp,0.002838,0.004250,0.022000,92.630859,29.088325
14300,s,0.023128,0.007300,0.020000,18.802734,50.428351
14301,ds,0.002343,0.016900,0.020000,26.414307,39.242513
14302,sds,0.018566,0.009450,0.018500,33.211670,46.516086
14303,dsds,0.002713,0.004700,0.019200,40.215820,26.613025
14295,p,0.003780,0.004550,0.020000,25.814209,28.329849
14296,sp,0.018754,0.005550,0.021500,35.034912,45.803690
14297,psp,0.002926,0.004800,0.022000,53.162842,29.725658
14298,sps,0.018360,0.004250,0.018500,62.609863,41.110251
14299,dsps,0.002950,0.004750,0.022000,70.278564,29.700393
14305,d,0.002385,0.004150,0.020000,15.795654,26.535393
14306,dd,0.002426,0.006400,0.022000,24.909424,30.825915
14307,sdd,0.018511,0.004600,0.019200,32.450195,42.310933
14308,dsdd,0.002830,0.005700,0.022000,40.301758,30.529964
14309,sdsd,0.018197,0.006700,0.019200,47.863525,44.097164
14310,s,0.023128,0.005450,0.020000,6.352539,48.578351
14311,ss,0.018821,0.007050,0.021500,13.117676,47.370769
14312,pss,0.002833,0.004900,0.022000,31.265869,29.732709
14313,dpss,0.002761,0.004950,0.020000,40.731201,27.710817
14314,p,0.003780,0.026400,0.020000,59.041748,50.179849
14315,s,0.023128,0.006000,0.021500,6.454590,50.628351
14316,ps,0.002840,0.005000,0.020000,24.823730,27.839786
14317,dps,0.002445,0.005500,0.018500,34.241211,26.444936
14318,ddps,0.002746,0.004300,0.018500,41.459717,25.545776
14320,s,0.023128,0.006000,0.019200,6.387451,48.328351
14321,ps,0.002840,0.008250,0.018500,25.026367,29.589786
14322,sps,0.018360,0.004200,0.021500,34.111328,44.060251
14323,dsps,0.002950,0.004000,0.021500,41.070801,28.450393
14325,p,0.003780,0.008950,0.021500,17.927490,34.229849
14326,dp,0.002464,0.015550,0.020000,28.311523,38.014344
14327,sdp,0.018492,0.004500,0.019200,35.448486,42.191971
14328,ssdp,0.018187,0.004850,0.022000,42.316650,45.037445
14330,s,0.023128,0.005050,0.019200,23.235596,47.378351
14331,ps,0.002840,0.006450,0.018500,42.592773,27.789786
14332,pps,0.002854,0.004550,0.020000,62.927490,27.404053
14333,sp,0.018754,0.007200,0.019200,72.019775,45.153690
14334,ps,0.002840,0.008950,0.021500,90.357910,33.289786
14335,s,0.023128,0.004900,0.019200,19.749023,47.228351
14336,ss,0.018821,0.006050,0.021500,27.287109,46.370769
14337,dss,0.002842,0.011700,0.019200,35.040771,33.741615
14338,ddss,0.002785,0.006000,0.021500,43.022461,30.285416
14340,s,0.023128,0.004500,0.019200,23.757324,46.828351
14341,ss,0.018821,0.004000,0.021500,31.984863,44.320769
14342,pss,0.002833,0.004050,0.021500,50.632568,28.382709
14343,dpss,0.002761,0.005200,0.022000,60.219482,29.960817
14344,s,0.023128,0.010650,0.020000,67.149414,53.778351
14345,p,0.003780,0.006250,0.018500,17.791748,28.529849
14346,dp,0.002464,0.005100,0.020000,27.266113,27.564344
14347,ddp,0.002502,0.009850,0.022000,34.558838,34.351712
14348,dddp,0.002699,0.005100,0.019200,42.001221,26.999161
14349,p,0.003780,0.011950,0.018500,60.426270,34.229849
14355,p,0.003780,0.005300,0.018500,18.123779,27.579849
14356,sp,0.018754,0.007250,0.020000,27.549316,46.003690
14357,ps,0.002840,0.004700,0.019200,45.809326,26.739786
14358,pps,0.002854,0.005200,0.020000,66.670166,28.054053
14359,pp,0.002838,0.004050,0.018500,87.444580,25.388325
14350,d,0.002385,0.004500,0.018500,6.706787,25.385393
14351,sd,0.018668,0.004150,0.018500,13.768066,41.317773
14352,ssd,0.018735,0.004400,0.020000,20.579346,43.134503
14353,sssd,0.017999,0.005150,0.022000,27.367676,45.148568
14354,dsss,0.003039,0.004400,0.020000,34.512451,27.438978
14360,s,0.023128,0.004550,0.021500,9.307617,49.178351
14361,ds,0.002343,0.011800,0.020000,16.501465,34.142513
14362,dds,0.002685,0.007100,0.022000,23.689697,31.785273
14363,sdds,0.018154,0.007250,0.022000,30.765869,47.403743
14365,s,0.023128,0.004950,0.020000,6.535889,48.078351
14366,ss,0.018821,0.004150,0.022000,13.582764,44.970769
14367,pss,0.002833,0.005450,0.021500,33.570801,29.782709
14368,dpss,0.002761,0.004050,0.019200,44.187500,26.010817
14370,d,0.002385,0.012150,0.020000,6.875977,34.535393
14371,sd,0.018668,0.004750,0.021500,13.850830,44.917773
14372,dsd,0.002613,0.005350,0.020000,21.307617,27.962551
14373,ddsd,0.002653,0.005400,0.019200,28.485840,27.253469
14375,p,0.003780,0.005650,0.018500,18.621094,27.929849
14376,sp,0.018754,0.004650,0.018500,28.009766,41.903690
14377,psp,0.002926,0.005550,0.019200,46.173828,27.675658
14378,pps,0.002854,0.004800,0.019200,66.540771,26.854053
14379,sp,0.018754,0.004400,0.019200,75.630859,42.353690
14380,d,0.002385,0.004800,0.021500,23.722656,28.685393
14381,pd,0.002977,0.009050,0.019200,43.093018,31.227001
14382,dpd,0.002513,0.006950,0.020000,52.298584,29.462673
14383,ddp,0.002502,0.005750,0.019200,59.891357,27.451712
14384,dddp,0.002699,0.005000,0.019200,67.052246,26.899161
14395,d,0.002385,0.005600,0.021500,6.774902,29.485393
14396,pd,0.002977,0.004550,0.020000,25.775146,27.527001
14397,pp,0.002838,0.005100,0.019200,46.703125,27.138325
14398,pp,0.002838,0.004100,0.018500,66.783203,25.438325
14399,p,0.003780,0.020700,0.020000,86.905273,44.479849
14385,s,0.023128,0.009850,0.020000,6.575195,52.978351
14386,ss,0.018821,0.004850,0.020000,13.578857,43.670769
14387,sss,0.019288,0.008150,0.018500,20.315186,45.938093
14388,dsss,0.003039,0.005800,0.020000,27.340820,28.838978
14390,p,0.003780,0.013550,0.020000,18.499268,37.329849
14391,p,0.003780,0.004700,0.019200,40.725342,27.679849
14392,sp,0.018754,0.008550,0.021500,51.335938,48.803690
14393,ps,0.002840,0.004850,0.022000,70.785400,29.689786
14394,sps,0.018360,0.005550,0.020000,80.418701,43.910251
14410,s,0.023128,0.004500,0.019200,22.499268,46.828351
14411,ps,0.002840,0.015550,0.020000,41.594482,38.389786
14412,sps,0.018360,0.007100,0.021500,50.779297,46.960251
14413,psps,0.002923,0.004450,0.018500,69.069092,25.872585
14414,spsp,0.018324,0.004400,0.020000,78.562988,42.724455
14400,d,0.002385,0.005650,0.022000,6.771484,30.035393
14401,sd,0.018668,0.004800,0.021500,13.828857,44.967773
14402,dsd,0.002613,0.004450,0.021500,20.985596,28.562551
14403,ddsd,0.002653,0.005200,0.020000,28.305176,27.853469
14405,p,0.003780,0.006350,0.021500,18.566162,31.629849
14406,s,0.023128,0.010050,0.018500,29.119141,51.678351
14407,dp,0.002464,0.006150,0.021500,37.102539,30.114344
14408,sdp,0.018492,0.008500,0.022000,44.740967,48.991971
14409,psd,0.003139,0.004750,0.021500,64.502441,29.388792
14415,s,0.023128,0.004500,0.018500,6.509766,46.128351
14416,ps,0.002840,0.005300,0.022000,24.915771,30.139786
14417,sps,0.018360,0.004150,0.019200,34.280518,41.710251
14418,psp,0.002926,0.009850,0.021500,53.019531,34.275658
14419,pps,0.002854,0.005550,0.018500,75.233887,26.904053
14420,s,0.023128,0.013950,0.019200,6.335205,56.278351
14421,ds,0.002343,0.006300,0.019200,13.511230,27.842513
14422,sds,0.018566,0.005750,0.019200,20.387207,43.516086
14423,ssds,0.018930,0.005100,0.022000,27.127686,46.030221
14430,d,0.002385,0.016750,0.018500,6.746338,37.635393
14431,sd,0.018668,0.004900,0.018500,13.687256,42.067773
14432,d,0.002385,0.011700,0.020000,20.770020,34.085393
14433,psd,0.003139,0.006350,0.019200,39.096436,28.688792
14434,sps,0.018360,0.006250,0.021500,48.843018,46.110251
14425,s,0.023128,0.005250,0.021500,9.696289,49.878351
14426,ss,0.018821,0.004750,0.022000,17.293701,45.570769
14427,sss,0.019288,0.004550,0.021500,25.216309,45.338093
14428,ssss,0.018888,0.005500,0.022000,32.841064,46.388175
14435,d,0.002385,0.004850,0.019200,6.827148,26.435393
14436,dd,0.002426,0.004050,0.019200,14.195557,25.675915
14437,sdd,0.018511,0.006000,0.019200,21.416992,43.710933
14438,dsdd,0.002830,0.011000,0.019200,28.675537,33.029964
14439,p,0.003780,0.008800,0.019200,47.481201,31.779849
14440,s,0.023128,0.004900,0.022000,6.611328,50.028351
14441,ss,0.018821,0.004450,0.021500,13.612793,44.770769
14442,pss,0.002833,0.005750,0.019200,32.776123,27.782709
14443,spss,0.018655,0.003500,0.020000,42.255615,42.155113
14445,d,0.002385,0.005500,0.018500,7.363037,26.385393
14446,sd,0.018668,0.004300,0.022000,15.005127,44.967773
14447,ps,0.002840,0.005250,0.019200,34.318848,27.289786
14448,pps,0.002854,0.006000,0.019200,55.955811,28.054053
14449,sp,0.018754,0.004450,0.022000,65.561523,45.203690
14455,d,0.002385,0.006700,0.021500,21.046143,30.585393
14456,p,0.003780,0.013850,0.021500,39.721924,39.129849
14457,dd,0.002426,0.006400,0.021500,48.877441,30.325915
14458,sd,0.018668,0.004600,0.020000,55.629395,43.267773
14459,dsd,0.002613,0.007450,0.021500,62.590088,31.562551
14450,p,0.003780,0.004750,0.020000,17.853516,28.529849
14451,sp,0.018754,0.005300,0.021500,26.837158,45.553690
14452,psp,0.002926,0.007250,0.022000,45.152100,32.175658
14453,pps,0.002854,0.004400,0.021500,65.506836,28.754053
14454,dpp,0.002514,0.004600,0.020000,74.742676,27.114416
14460,s,0.023128,0.025150,0.019200,6.397949,67.478351
14461,p,0.003780,0.004550,0.021500,24.999268,29.829849
14462,dp,0.002464,0.004400,0.020000,34.614014,26.864344
14463,pdp,0.002932,0.009550,0.021500,53.003662,33.981683
14464,pp,0.002838,0.004350,0.018500,73.702881,25.688325
14465,p,0.003780,0.004550,0.021500,18.039307,29.829849
14466,pp,0.002838,0.005750,0.019200,38.586670,27.788325
14467,dp,0.002464,0.005300,0.021500,48.226807,29.264344
14468,sdp,0.018492,0.004050,0.020000,55.284912,42.541971
14469,ssdp,0.018187,0.005500,0.018500,62.182373,42.187445
14470,p,0.003780,0.009150,0.019200,17.948975,32.129849
14471,dp,0.002464,0.008150,0.021500,27.574219,32.114344
14472,pdp,0.002932,0.004550,0.022000,46.382080,29.481683
14473,dpd,0.002513,0.004400,0.018500,56.959229,25.412673
14474,pd,0.002977,0.007850,0.020000,76.895020,30.827001
14475,d,0.002385,0.004350,0.022000,7.247803,28.735393
14476,sd,0.018668,0.007850,0.022000,14.474121,48.517773
14477,dsd,0.002613,0.005600,0.021500,21.945801,29.712551
14478,sdsd,0.018197,0.004100,0.020000,29.092773,42.297164
14479,ssds,0.018930,0.007450,0.020000,36.332031,46.380221
14480,p,0.003780,0.010150,0.019200,26.430664,33.129849
14481,sp,0.018754,0.004750,0.022000,35.730957,45.503690
14482,s,0.023128,0.008200,0.021500,42.792725,52.828351
14483,dsp,0.002685,0.004450,0.020000,49.961182,27.134513
14484,ddsp,0.002864,0.004500,0.021500,57.066162,28.863565
14485,d,0.002385,0.008550,0.020000,10.060059,30.935393
14486,dd,0.002426,0.008600,0.021500,18.133057,32.525915
14487,ddd,0.002493,0.004600,0.018500,25.842529,25.593417
14488,pdd,0.003045,0.004700,0.019200,44.738525,26.944804
14489,sp,0.018754,0.008450,0.019200,54.221436,46.403690
14490,d,0.002385,0.008600,0.021500,6.630127,32.485393
14491,dd,0.002426,0.004800,0.022000,13.984131,29.225915
14492,sdd,0.018511,0.005150,0.019200,20.736572,42.860933
14493,dsdd,0.002830,0.004850,0.018500,28.149902,26.179964
14494,d,0.002385,0.007000,0.021500,35.631104,30.885393
14495,d,0.002385,0.006000,0.021500,6.666016,29.885393
14496,sd,0.018668,0.004450,0.018500,13.669434,41.617773
14497,psd,0.003139,0.005650,0.020000,32.347412,28.788792
14498,dps,0.002445,0.005200,0.022000,41.631836,29.644936
14499,pdp,0.002932,0.004500,0.022000,59.624023,29.431683
14500,s,0.023128,0.005100,0.018500,7.517334,46.728351
14501,d,0.002385,0.012700,0.019200,14.726318,34.285393
14502,ss,0.018821,0.004800,0.018500,21.557129,42.120769
14503,sd,0.018668,0.024200,0.019200,28.329590,62.067773
14504,dss,0.002842,0.004850,0.020000,35.822754,27.691615
14505,p,0.003780,0.005200,0.021500,34.523682,30.479849
14506,pp,0.002838,0.006700,0.021500,55.104492,31.038325
14507,dpp,0.002514,0.006250,0.018500,64.581787,27.264416
14508,sdp,0.018492,0.007000,0.020000,71.728516,45.491971
14509,d,0.002385,0.010100,0.020000,79.092285,32.485393
14510,d,0.002385,0.006050,0.020000,21.963867,28.435393
14511,sd,0.018668,0.006000,0.021500,29.431396,46.167773
14512,dsd,0.002613,0.005100,0.018500,37.374756,26.212551
14513,sdsd,0.018197,0.012150,0.019200,44.439209,49.547164
14514,psds,0.002945,0.005200,0.022000,62.880371,30.145423
14515,d,0.002385,0.004100,0.021500,6.607422,27.985393
14516,dd,0.002426,0.010250,0.021500,13.983887,34.175915
14517,sdd,0.018511,0.004050,0.020000,20.999268,42.560933
14518,dsdd,0.002830,0.006700,0.021500,28.155518,31.029964
14519,s,0.023128,0.023550,0.019200,35.126709,65.878351
14520,s,0.023128,0.010150,0.021500,6.400391,54.778351
14521,ss,0.018821,0.005300,0.019200,13.252930,43.320769
14522,dss,0.002842,0.005750,0.021500,20.348877,30.091615
14523,ddss,0.002785,0.004350,0.020000,27.548340,27.135416
14525,s,0.023128,0.004900,0.020000,6.447021,48.028351
14526,d,0.002385,0.007450,0.022000,13.648926,31.835393
14527,ds,0.002343,0.004650,0.020000,20.903809,26.992513
14528,pds,0.003022,0.005500,0.018500,40.840332,27.021933
14529,pp,0.002838,0.005550,0.018500,64.402832,26.888325
14530,s,0.023128,0.004850,0.022000,6.691650,49.978351
14531,d,0.002385,0.007000,0.018500,14.211914,27.885393
14532,ss,0.018821,0.010900,0.020000,21.451904,49.720769
14533,pss,0.002833,0.005800,0.019200,40.241455,27.832709
14534,spss,0.018655,0.005850,0.021500,49.506104,46.005113
14535,d,0.002385,0.004950,0.019200,6.966797,26.535393
14536,dd,0.002426,0.004600,0.022000,14.520508,29.025915
14537,sdd,0.018511,0.012050,0.020000,21.650391,50.560933
14538,psd,0.003139,0.004800,0.022000,40.266602,29.938792
14539,dps,0.002445,0.006200,0.018500,49.765869,27.144936
14545,d,0.002385,0.007850,0.018500,7.081543,28.735393
14546,sd,0.018668,0.004450,0.019200,14.409180,42.317773
14547,ssd,0.018735,0.005600,0.019200,21.425293,43.534503
14548,sssd,0.017999,0.014300,0.019200,28.218506,51.498568
14540,p,0.003780,0.006250,0.020000,19.403320,30.029849
14541,pp,0.002838,0.004950,0.020000,40.022461,27.788325
14542,pp,0.002838,0.017750,0.021500,60.861328,42.088325
14543,pp,0.002838,0.005200,0.018500,81.325195,26.538325
14544,dpp,0.002514,0.004350,0.021500,90.765381,28.364416
14550,s,0.023128,0.005400,0.022000,6.456055,50.528351
14551,ds,0.002343,0.003900,0.020000,13.606934,26.242513
14552,sds,0.018566,0.008600,0.018500,20.477539,45.666086
14553,psds,0.002945,0.005650,0.020000,38.738770,28.595423
14554,spss,0.018655,0.005000,0.020000,47.897217,43.655113
14555,p,0.003780,0.006350,0.022000,25.091309,32.129849
14556,pp,0.002838,0.004700,0.018500,47.259033,26.038325
14557,dpp,0.002514,0.008500,0.022000,57.116943,33.014416
14558,pd,0.002977,0.004750,0.020000,75.666504,27.727001
14559,pp,0.002838,0.029550,0.019200,96.178711,51.588325
14560,d,0.002385,0.005750,0.021500,17.666748,29.635393
14561,pd,0.002977,0.005200,0.022000,39.088623,30.177001
14562,dp,0.002464,0.009100,0.019200,49.282471,30.764344
14563,ddp,0.002502,0.004750,0.021500,56.849609,28.751712
14564,dddp,0.002699,0.005000,0.018500,64.227051,26.199161
14565,p,0.003780,0.006150,0.022000,21.297852,31.929849
14566,pp,0.002838,0.006050,0.021500,41.887207,30.388325
14567,dpp,0.002514,0.005700,0.019200,51.706787,27.414416
14568,ddp,0.002502,0.005650,0.019200,58.987549,27.351712
14569,sddp,0.017807,0.006000,0.019200,65.950439,43.006817
14570,s,0.023128,0.003900,0.018500,20.673096,45.528351
14571,ss,0.018821,0.006950,0.020000,29.028809,45.770769
14572,dss,0.002842,0.005300,0.022000,36.198975,30.141615
14573,d,0.002385,0.007350,0.018500,43.437012,28.235393
14574,sdss,0.018223,0.007300,0.019200,50.401611,44.722624
14575,d,0.002385,0.004600,0.019200,15.677490,26.185393
14576,dd,0.002426,0.004700,0.020000,24.827637,27.125915
14577,pd,0.002977,0.004550,0.020000,43.555420,27.527001
14578,pp,0.002838,0.005100,0.020000,64.027832,27.938325
14579,sp,0.018754,0.011100,0.018500,73.309814,48.353690
14580,d,0.002385,0.005700,0.020000,8.550049,28.085393
14581,sd,0.018668,0.004750,0.021500,15.447754,44.917773
14582,d,0.002385,0.012300,0.018500,22.684082,33.185393
14583,ssd,0.018735,0.007050,0.019200,29.764160,44.984503
14584,dss,0.002842,0.005450,0.018500,37.373291,26.791615
14585,d,0.002385,0.004850,0.022000,24.816162,29.235393
14586,pd,0.002977,0.004750,0.020000,45.519531,27.727001
14587,dp,0.002464,0.004750,0.020000,56.154541,27.214344
14588,sdp,0.018492,0.005750,0.019200,63.560791,43.441971
14589,ssdp,0.018187,0.022500,0.022000,70.874268,62.687445
14590,p,0.003780,0.005100,0.022000,21.914795,30.879849
14591,pp,0.002838,0.029550,0.022000,42.810303,54.388325
14592,pp,0.002838,0.004800,0.018500,67.834229,26.138325
14593,dpp,0.002514,0.006650,0.020000,77.503662,29.164416
14594,sdpp,0.017963,0.004650,0.021500,84.570557,44.112622
14600,p,0.003780,0.005300,0.020000,19.761963,29.079849
14601,pp,0.002838,0.004600,0.018500,42.267090,25.938325
14602,dp,0.002464,0.004950,0.019200,52.362793,26.614344
14603,pd,0.002977,0.005250,0.018500,71.548828,26.727001
14604,pp,0.002838,0.007350,0.019200,93.506836,29.388325
14605,d,0.002385,0.004350,0.022000,8.995117,28.735393
14606,dd,0.002426,0.004550,0.019200,17.526611,26.175915
14607,pd,0.002977,0.012000,0.020000,38.839844,34.977001
14608,dp,0.002464,0.003650,0.021500,49.112061,27.614344
14609,pdp,0.002932,0.005850,0.019200,68.559326,27.981683
14610,p,0.003780,0.004300,0.019200,18.022949,27.279849
14611,pp,0.002838,0.004350,0.019200,38.268311,26.388325
14612,sp,0.018754,0.008050,0.022000,47.236572,48.803690
14613,ps,0.002840,0.005450,0.022000,65.128418,30.289786
14614,pps,0.002854,0.007350,0.019200,86.814209,29.404053
14595,d,0.002385,0.006950,0.021500,7.164062,30.835393
14596,pd,0.002977,0.004900,0.020000,26.520264,27.877001
14597,pp,0.002838,0.004100,0.019200,47.921387,26.138325
14598,dp,0.002464,0.012000,0.020000,57.875488,34.464344
14599,sdp,0.018492,0.004350,0.019200,65.331055,42.041971
14615,s,0.023128,0.003850,0.020000,6.280518,46.978351
14616,ss,0.018821,0.006050,0.019200,13.104004,44.070769
14617,pss,0.002833,0.004800,0.018500,31.483643,26.132709
14618,dpss,0.002761,0.004200,0.021500,41.239258,28.460817
14625,d,0.002385,0.007250,0.021500,6.990479,31.135393
14626,sd,0.018668,0.004500,0.020000,14.704346,43.167773
14627,dsd,0.002613,0.004850,0.019200,21.789062,26.662551
14628,pds,0.003022,0.005550,0.020000,40.352783,28.571933
14629,d,0.002385,0.024200,0.021500,49.778809,48.085393
14620,d,0.002385,0.013550,0.021500,9.040039,37.435393
14621,p,0.003780,0.004650,0.020000,27.538086,28.429849
14622,sp,0.018754,0.003650,0.018500,36.852051,40.903690
14623,psp,0.002926,0.004100,0.022000,55.185547,29.025658
14624,sps,0.018360,0.004650,0.020000,64.333984,43.010251
14630,p,0.003780,0.005300,0.021500,17.641357,30.579849
14631,dp,0.002464,0.013100,0.020000,27.156982,35.564344
14632,pdp,0.002932,0.004650,0.021500,45.077637,29.081683
14633,dpd,0.002513,0.004250,0.020000,54.253418,26.762673
14634,ddpd,0.002829,0.005350,0.022000,61.291504,30.178765
14635,d,0.002385,0.006800,0.019200,6.733154,28.385393
14636,s,0.023128,0.004250,0.019200,13.856689,46.578351
14637,ds,0.002343,0.004800,0.022000,21.166992,29.142513
14638,sd,0.018668,0.016850,0.021500,28.466309,57.017773
14639,sds,0.018566,0.005450,0.022000,35.410645,46.016086
14640,d,0.002385,0.007050,0.018500,6.541992,27.935393
14641,sd,0.018668,0.005750,0.021500,13.537109,45.917773
14642,psd,0.003139,0.005750,0.021500,31.985107,30.388792
14643,pps,0.002854,0.004550,0.019200,52.702881,26.604053
14644,spp,0.018537,0.004500,0.020000,61.759033,43.037181
14645,s,0.023128,0.005150,0.018500,9.751465,46.778351
14646,ps,0.002840,0.004850,0.022000,35.995117,29.689786
14647,sps,0.018360,0.009050,0.019200,45.854004,46.610251
14648,psp,0.002926,0.007650,0.019200,65.083496,29.775658
14649,dps,0.002445,0.008250,0.021500,75.095703,32.194936
14650,s,0.023128,0.006000,0.022000,21.208984,51.128351
14651,d,0.002385,0.014950,0.022000,29.721680,39.335393
14652,ds,0.002343,0.008250,0.019200,38.102539,29.792513
14653,pds,0.003022,0.004550,0.020000,58.887207,27.571933
14654,sps,0.018360,0.008250,0.022000,68.809814,48.610251
14655,s,0.023128,0.009850,0.019200,23.347656,52.178351
14656,ds,0.002343,0.003950,0.020000,31.385986,26.292513
14657,dds,0.002685,0.004600,0.018500,38.909424,25.785273
14658,sdds,0.018154,0.004500,0.018500,46.159180,41.153743
14660,p,0.003780,0.004200,0.018500,35.261230,26.479849
14661,dp,0.002464,0.006750,0.020000,44.542725,29.214344
14662,pd,0.002977,0.004250,0.022000,62.913086,29.227001
14663,dpd,0.002513,0.004350,0.020000,72.430664,26.862673
14664,pdp,0.002932,0.016750,0.018500,90.789795,38.181683
14665,d,0.002385,0.004500,0.022000,7.357422,28.885393
14666,sd,0.018668,0.004800,0.020000,14.339355,43.467773
14667,psd,0.003139,0.006450,0.021500,32.731445,31.088792
14668,dps,0.002445,0.004600,0.018500,42.254395,25.544936
14669,s,0.023128,0.088400,0.021500,49.367432,133.028351
14675,s,0.023128,0.008750,0.018500,6.344238,50.378351
14676,ss,0.018821,0.005500,0.022000,13.204346,46.320769
14677,dss,0.002842,0.004150,0.022000,20.218018,28.991615
14678,ddss,0.002785,0.005100,0.018500,27.309326,26.385416
14680,d,0.002385,0.006000,0.020000,12.831055,28.385393
14681,dd,0.002426,0.007250,0.021500,20.002197,31.175915
14682,sdd,0.018511,0.004350,0.022000,26.779541,44.860933
14683,dsdd,0.002830,0.005250,0.020000,33.758545,28.079964
14670,d,0.002385,0.005750,0.021500,6.864990,29.635393
14671,dd,0.002426,0.004550,0.018500,14.204346,25.475915
14672,s,0.023128,0.010500,0.019200,21.151367,52.828351
14673,sdd,0.018511,0.004300,0.021500,27.952637,44.310933
14674,dsdd,0.002830,0.004050,0.018500,35.043457,25.379964
14685,s,0.023128,0.004350,0.021500,18.411865,48.978351
14686,ss,0.018821,0.005400,0.019200,25.827881,43.420769
14687,pss,0.002833,0.008750,0.022000,43.815430,33.582709
14688,dpss,0.002761,0.005350,0.019200,53.099365,27.310817
14689,pdp,0.002932,0.004350,0.019200,71.205566,26.481683
14690,d,0.002385,0.005350,0.021500,8.651123,29.235393
14691,dd,0.002426,0.006550,0.019200,17.481934,28.175915
14692,pdd,0.003045,0.005400,0.018500,37.468506,26.944804
14693,sp,0.018754,0.003850,0.019200,46.486084,41.803690
14694,ssp,0.018787,0.005800,0.020000,53.385742,44.587195
14695,d,0.002385,0.008450,0.018500,24.291504,29.335393
14696,pd,0.002977,0.005200,0.020000,42.836914,28.177001
14697,dpd,0.002513,0.004850,0.020000,52.120117,27.362673
14698,ddp,0.002502,0.004950,0.021500,59.229248,28.951712
14699,pdd,0.003045,0.004950,0.018500,77.112793,26.494804
14700,p,0.003780,0.005000,0.021500,35.753906,30.279849
14701,sp,0.018754,0.005700,0.021500,45.370117,45.953690
14702,psp,0.002926,0.005750,0.021500,64.188232,30.175658
14703,sps,0.018360,0.004150,0.018500,73.905518,41.010251
14704,d,0.002385,0.045650,0.022000,81.541992,70.035393
14705,d,0.002385,0.004200,0.022000,14.500244,28.585393
14706,sd,0.018668,0.007050,0.022000,21.825439,47.717773
14707,s,0.023128,0.012750,0.019200,28.851562,55.078351
14708,dsd,0.002613,0.006200,0.020000,36.052734,28.812551
14709,sdsd,0.018197,0.005300,0.018500,43.023682,41.997164
14710,d,0.002385,0.004300,0.022000,12.739990,28.685393
14711,pd,0.002977,0.005550,0.020000,31.233154,28.527001
14712,dpd,0.002513,0.005850,0.018500,40.549805,26.862673
14713,pdp,0.002932,0.006350,0.020000,58.373291,29.281683
14714,s,0.023128,0.035000,0.019200,67.373047,77.328351
14715,p,0.003780,0.005350,0.018500,17.762451,27.629849
14716,pp,0.002838,0.017750,0.020000,38.429443,40.588325
14717,pp,0.002838,0.005550,0.018500,58.746826,26.888325
14718,dpp,0.002514,0.005150,0.019200,68.279297,26.864416
14719,pd,0.002977,0.004050,0.021500,86.971436,28.527001
14720,s,0.023128,0.004400,0.021500,6.270996,49.028351
14721,ss,0.018821,0.005200,0.020000,13.839111,44.020769
14722,sss,0.019288,0.004150,0.022000,21.355225,45.438093
14723,dsss,0.003039,0.007100,0.018500,29.088867,28.638978
14725,p,0.003780,0.004550,0.022000,26.338867,30.329849
14726,pp,0.002838,0.005300,0.019200,49.035156,27.338325
14727,sp,0.018754,0.006450,0.018500,58.710938,43.703690
14728,ssp,0.018787,0.005750,0.018500,65.778809,43.037195
14729,pss,0.002833,0.004800,0.020000,84.147949,27.632709
14730,s,0.023128,0.006000,0.018500,6.606445,47.628351
14731,ss,0.018821,0.005000,0.020000,13.381592,43.820769
14732,dss,0.002842,0.004900,0.022000,20.439209,29.741615
14733,sdss,0.018223,0.006200,0.018500,27.236328,42.922624
14740,d,0.002385,0.010150,0.020000,10.389404,32.535393
14741,dd,0.002426,0.005550,0.020000,20.575684,27.975915
14742,sdd,0.018511,0.004300,0.020000,27.885742,42.810933
14743,dsdd,0.002830,0.004000,0.021500,35.095947,28.329964
14735,d,0.002385,0.045800,0.021500,6.721436,69.685393
14736,d,0.002385,0.015550,0.018500,14.535645,36.435393
14737,dd,0.002426,0.003800,0.018500,22.011475,24.725915
14738,pdd,0.003045,0.004850,0.021500,40.758545,29.394804
14739,spd,0.018317,0.005100,0.021500,50.185303,44.917325
14745,s,0.023128,0.011800,0.021500,6.684814,56.428351
14746,d,0.002385,0.005050,0.020000,13.958496,27.435393
14747,sd,0.018668,0.017350,0.018500,20.876221,54.517773
14748,ssd,0.018735,0.004900,0.022000,27.712646,45.634503
14749,pss,0.002833,0.005000,0.022000,46.567139,29.832709
14750,d,0.002385,0.005550,0.018500,7.473145,26.435393
14751,s,0.023128,0.005200,0.018500,14.834717,46.828351
14752,pd,0.002977,0.008550,0.019200,33.646240,30.727001
14753,dp,0.002464,0.005250,0.018500,43.435059,26.214344
14754,sdp,0.018492,0.005300,0.020000,50.615967,43.791971
14755,s,0.023128,0.005550,0.021500,23.513184,50.178351
14756,ds,0.002343,0.004700,0.020000,31.707764,27.042513
14757,sds,0.018566,0.005050,0.019200,38.649902,42.816086
14758,psds,0.002945,0.006700,0.022000,56.924561,31.645423
14759,spss,0.018655,0.005200,0.018500,66.200439,42.355113
14760,d,0.002385,0.003850,0.020000,6.840332,26.235393
14761,dd,0.002426,0.004150,0.020000,14.245605,26.575915
14762,sdd,0.018511,0.005500,0.019200,21.267334,43.210933
14763,psd,0.003139,0.008950,0.020000,39.459961,32.088792
14764,sps,0.018360,0.005250,0.022000,48.502441,45.610251
14765,p,0.003780,0.004400,0.022000,17.753418,30.179849
14766,sp,0.018754,0.004050,0.019200,26.801025,42.003690
14767,d,0.002385,0.016050,0.018500,34.109375,36.935393
14768,ssp,0.018787,0.004150,0.018500,41.146973,41.437195
14769,dss,0.002842,0.005550,0.022000,48.265381,30.391615
14770,d,0.002385,0.004200,0.018500,25.466797,25.085393
14771,d,0.002385,0.011450,0.018500,34.019287,32.335393
14772,p,0.003780,0.004900,0.020000,52.373291,28.679849
14773,sp,0.018754,0.004800,0.019200,61.554932,42.753690
14774,p,0.003780,0.015050,0.022000,79.746826,40.829849
14775,d,0.002385,0.004450,0.019200,21.912354,26.035393
14776,sd,0.018668,0.004250,0.019200,29.358398,42.117773
14777,ssd,0.018735,0.009550,0.019200,36.180908,47.484503
14778,sssd,0.017999,0.004200,0.018500,43.127441,40.698568
14779,dsss,0.003039,0.010900,0.022000,50.501465,35.938978
14780,p,0.003780,0.004850,0.022000,30.064941,30.629849
14781,s,0.023128,0.006650,0.022000,40.931885,51.778351
14782,dp,0.002464,0.009550,0.021500,47.947021,33.514344
14783,pd,0.002977,0.004400,0.018500,65.968750,25.877001
14784,dpd,0.002513,0.004550,0.019200,75.742676,26.262673
14790,d,0.002385,0.004000,0.018500,22.927734,24.885393
14791,pd,0.002977,0.005950,0.021500,43.415283,30.427001
14792,dp,0.002464,0.005150,0.022000,53.989502,29.614344
14793,ddp,0.002502,0.006950,0.020000,61.773926,29.451712
14794,pdd,0.003045,0.004750,0.022000,80.915283,29.794804
14795,s,0.023128,0.005100,0.022000,8.645996,50.228351
14796,ds,0.002343,0.006050,0.022000,15.972900,30.392513
14797,pds,0.003022,0.008600,0.022000,34.370605,33.621933
14798,pps,0.002854,0.005550,0.019200,55.352539,27.604053
14799,dpp,0.002514,0.005550,0.021500,65.311523,29.564416
14785,s,0.023128,0.003800,0.019200,13.666992,46.128351
14786,ds,0.002343,0.005150,0.018500,21.514160,25.992513
14787,pds,0.003022,0.005500,0.020000,39.732178,28.521933
14788,pp,0.002838,0.005400,0.021500,60.153320,29.738325
14789,sp,0.018754,0.004850,0.020000,69.157959,43.603690
14800,s,0.023128,0.007900,0.020000,23.127441,51.028351
14801,ds,0.002343,0.008400,0.019200,33.473389,29.942513
14802,sds,0.018566,0.008000,0.018500,40.393311,45.066086
14803,s,0.023128,0.013350,0.022000,47.188965,58.478351
14804,pss,0.002833,0.004550,0.022000,65.618164,29.382709
14805,s,0.023128,0.044000,0.018500,6.463623,85.628351
14806,ps,0.002840,0.005000,0.019200,25.000000,27.039786
14807,pps,0.002854,0.004300,0.020000,45.002441,27.154053
14808,d,0.002385,0.019750,0.018500,54.258789,40.635393
14809,ps,0.002840,0.006300,0.018500,72.276367,27.639786
14810,d,0.002385,0.014300,0.018500,6.809082,35.185393
14811,dd,0.002426,0.004400,0.020000,14.391602,26.825915
14812,sdd,0.018511,0.006200,0.019200,21.494385,43.910933
14813,ssdd,0.018091,0.004900,0.018500,28.467041,41.491216
14814,pss,0.002833,0.006300,0.018500,46.640137,27.632709
14815,d,0.002385,0.004900,0.018500,9.603760,25.785393
14816,dd,0.002426,0.009050,0.022000,16.759033,33.475915
14817,ddd,0.002493,0.004500,0.018500,24.132324,25.493417
14818,pdd,0.003045,0.004200,0.019200,43.068359,26.444804
14819,pp,0.002838,0.003700,0.020000,63.569824,26.538325
14820,p,0.003780,0.007800,0.022000,33.252686,33.579849
14821,s,0.023128,0.004600,0.019200,42.776611,46.928351
14822,ps,0.002840,0.005100,0.021500,61.187988,29.439786
14823,dps,0.002445,0.005250,0.021500,70.797119,29.194936
14824,ddps,0.002746,0.005750,0.020000,78.188232,28.495776
14825,p,0.003780,0.005650,0.022000,17.763184,31.429849
14826,dp,0.002464,0.004150,0.021500,27.493408,28.114344
14827,sdp,0.018492,0.005050,0.021500,34.475830,45.041971
14828,ssdp,0.018187,0.004850,0.021500,41.376465,44.537445
14829,pss,0.002833,0.004850,0.018500,59.784424,26.182709
14835,s,0.023128,0.004750,0.018500,6.400635,46.378351
14836,ds,0.002343,0.006500,0.019200,13.630615,28.042513
14837,dds,0.002685,0.004350,0.020000,20.672607,27.035273
14838,pdds,0.002946,0.008950,0.021500,38.918213,33.395651
14839,pp,0.002838,0.006050,0.020000,59.295166,28.888325
14830,d,0.002385,0.007900,0.019200,6.477539,29.485393
14831,sd,0.018668,0.004800,0.019200,13.406738,42.667773
14832,ssd,0.018735,0.004600,0.018500,20.204102,41.834503
14833,pss,0.002833,0.007250,0.020000,38.614014,30.082709
14834,pps,0.002854,0.004950,0.022000,59.270508,29.804053
14840,d,0.002385,0.006650,0.018500,7.125732,27.535393
14841,p,0.003780,0.018300,0.020000,27.186035,42.079849
14842,d,0.002385,0.006450,0.021500,38.771240,30.335393
14843,sd,0.018668,0.004850,0.022000,47.592773,45.517773
14844,psd,0.003139,0.005050,0.019200,67.640869,27.388792
14845,p,0.003780,0.005600,0.022000,17.653809,31.379849
14846,pp,0.002838,0.004500,0.021500,40.098877,28.838325
14847,dp,0.002464,0.004850,0.022000,49.789062,29.314344
14848,sdp,0.018492,0.006300,0.022000,56.951172,46.791971
14849,dsdp,0.002604,0.005400,0.020000,64.259521,28.003992
14850,p,0.003780,0.007200,0.022000,24.675781,32.979849
14851,dp,0.002464,0.005600,0.021500,35.236572,29.564344
14852,ddp,0.002502,0.017350,0.022000,42.729980,41.851712
14853,dddp,0.002699,0.004450,0.022000,50.192139,29.149161
14855,d,0.002385,0.032600,0.019200,7.143799,54.185393
14856,s,0.023128,0.006000,0.019200,14.400146,48.328351
14857,ps,0.002840,0.007250,0.021500,33.057861,31.589786
14858,dps,0.002445,0.014300,0.021500,42.502197,38.244936
14859,ddps,0.002746,0.004450,0.022000,50.060791,29.195776
14860,p,0.003780,0.007450,0.021500,17.837891,32.729849
14861,dp,0.002464,0.004650,0.018500,27.411377,25.614344
14862,sdp,0.018492,0.005350,0.020000,34.371094,43.841971
14863,ssdp,0.018187,0.005600,0.022000,41.277832,45.787445
14865,d,0.002385,0.004500,0.021500,7.057617,28.385393
14866,dd,0.002426,0.004450,0.021500,14.372070,28.375915
14867,pdd,0.003045,0.006550,0.021500,32.699463,31.094804
14868,spd,0.018317,0.007050,0.018500,41.805908,43.867325
14869,d,0.002385,0.014950,0.022000,48.895752,39.335393
14870,d,0.002385,0.017400,0.021500,7.907471,41.285393
14871,d,0.002385,0.004850,0.020000,15.729492,27.235393
14872,dd,0.002426,0.004850,0.018500,23.391602,25.775915
14873,ddd,0.002493,0.005400,0.018500,30.921875,26.393417
14874,sddd,0.017932,0.004400,0.020000,38.133301,42.331734
14875,p,0.003780,0.005650,0.022000,33.206299,31.429849
14876,pp,0.002838,0.003900,0.019200,53.444092,25.938325
14877,dpp,0.002514,0.004750,0.021500,62.752686,28.764416
14878,pd,0.002977,0.005100,0.021500,80.795166,29.577001
14879,pp,0.002838,0.004850,0.019200,103.280273,26.888325
14880,p,0.003780,0.006150,0.018500,35.594482,28.429849
14881,dp,0.002464,0.008750,0.020000,44.931152,31.214344
14882,pdp,0.002932,0.005000,0.022000,63.256592,29.931683
14883,pp,0.002838,0.009000,0.021500,83.611328,33.338325
14884,dpp,0.002514,0.005550,0.020000,93.001221,28.064416
14885,s,0.023128,0.005750,0.020000,22.173584,48.878351
14886,ps,0.002840,0.004550,0.022000,48.341553,29.389786
14887,pps,0.002854,0.006350,0.018500,68.521973,27.704053
14888,pp,0.002838,0.005000,0.019200,89.012695,27.038325
14889,dp,0.002464,0.004300,0.019200,98.478027,25.964344
14890,s,0.023128,0.004700,0.022000,6.327881,49.828351
14891,s,0.023128,0.007900,0.021500,13.183105,52.528351
14892,ps,0.002840,0.008250,0.022000,32.984863,33.089786
14893,sps,0.018360,0.005400,0.021500,43.565430,45.260251
14894,ssps,0.018466,0.004850,0.022000,51.028564,45.316056
14900,d,0.002385,0.011100,0.021500,15.355957,34.985393
14901,sd,0.018668,0.005600,0.019200,22.265381,43.467773
14902,ssd,0.018735,0.004400,0.022000,29.055420,45.134503
14903,sssd,0.017999,0.005000,0.019200,35.930420,42.198568
14904,p,0.003780,0.013450,0.020000,54.190918,37.229849
14895,p,0.003780,0.005050,0.018500,17.911865,27.329849
14896,pp,0.002838,0.006150,0.021500,38.691895,30.488325
14897,sp,0.018754,0.005100,0.019200,48.025146,43.053690
14898,ssp,0.018787,0.005250,0.021500,54.946045,45.537195
14899,pss,0.002833,0.004900,0.022000,73.573975,29.732709
14905,p,0.003780,0.004800,0.022000,19.788330,30.579849
14906,pp,0.002838,0.005000,0.022000,41.107910,29.838325
14907,sp,0.018754,0.004550,0.018500,50.550781,41.803690
14908,dsp,0.002685,0.005400,0.020000,57.920410,28.084513
14909,pds,0.003022,0.007350,0.021500,76.568604,31.871933
14910,p,0.003780,0.010150,0.019200,17.751953,33.129849
14911,s,0.023128,0.005350,0.018500,26.966797,46.978351
14912,ss,0.018821,0.005150,0.020000,33.830078,43.970769
14913,dss,0.002842,0.005200,0.019200,41.065186,27.241615
14914,pdss,0.002957,0.004500,0.018500,59.631104,25.956682
14920,s,0.023128,0.011800,0.018500,17.254395,53.428351
14921,d,0.002385,0.007650,0.021500,24.730713,31.535393
14922,ps,0.002840,0.004850,0.022000,43.059814,29.689786
14923,sps,0.018360,0.007900,0.021500,52.220215,47.760251
14924,psps,0.002923,0.005300,0.019200,70.454590,27.422585
14915,p,0.003780,0.006450,0.020000,33.218018,30.229849
14916,dp,0.002464,0.005600,0.022000,43.230713,30.064344
14917,ddp,0.002502,0.017350,0.022000,51.050049,41.851712
14918,sddp,0.017807,0.004900,0.021500,58.898438,44.206817
14919,ssdd,0.018091,0.005400,0.020000,66.428955,43.491216
14925,s,0.023128,0.008950,0.019200,6.351562,51.278351
14926,ss,0.018821,0.009000,0.021500,13.206299,49.320769
14927,dss,0.002842,0.003850,0.021500,20.342041,28.191615
14928,pdss,0.002957,0.005550,0.021500,39.526123,30.006682
14929,spss,0.018655,0.004550,0.019200,48.800537,42.405113
14930,d,0.002385,0.004950,0.020000,6.842041,27.335393
14931,p,0.003780,0.005500,0.018500,25.299805,27.779849
14932,d,0.002385,0.010250,0.020000,34.830811,32.635393
14933,p,0.003780,0.011400,0.022000,53.573242,37.179849
14934,dd,0.002426,0.004900,0.022000,63.106445,29.325915
14935,s,0.023128,0.004550,0.022000,6.378906,49.678351
14936,ds,0.002343,0.006450,0.019200,13.589111,27.992513
14937,sds,0.018566,0.004150,0.020000,20.473145,42.716086
14938,dsds,0.002713,0.017750,0.021500,27.538330,41.963025
14940,p,0.003780,0.005150,0.022000,24.608643,30.929849
14941,d,0.002385,0.009600,0.020000,34.439697,31.985393
14942,dp,0.002464,0.004500,0.020000,41.676514,26.964344
14943,sdp,0.018492,0.004300,0.018500,48.737305,41.291971
14944,psd,0.003139,0.004800,0.018500,66.734131,26.438792
14945,d,0.002385,0.004950,0.022000,6.619385,29.335393
14946,d,0.002385,0.016950,0.018500,13.979980,37.835393
14947,dd,0.002426,0.007850,0.020000,21.154297,30.275915
14948,pd,0.002977,0.005550,0.020000,39.343994,28.527001
14949,pp,0.002838,0.005550,0.019200,59.797119,27.588325
14950,d,0.002385,0.004250,0.021500,6.535645,28.135393
14951,sd,0.018668,0.005050,0.018500,13.440918,42.217773
14952,dsd,0.002613,0.005400,0.018500,20.454590,26.512551
14953,ddsd,0.002653,0.005100,0.020000,27.615479,27.753469
14954,s,0.023128,0.045450,0.021500,34.574219,90.078351
14955,s,0.023128,0.010900,0.021500,6.454346,55.528351
14956,s,0.023128,0.005100,0.019200,13.455322,47.428351
14957,ps,0.002840,0.004450,0.018500,32.014893,25.789786
14958,dps,0.002445,0.005000,0.022000,42.308105,29.444936
14959,sdps,0.018183,0.004050,0.020000,49.848389,42.232897
14960,p,0.003780,0.004350,0.022000,27.215088,30.129849
14961,dp,0.002464,0.004850,0.021500,37.720703,28.814344
14962,ddp,0.002502,0.004400,0.022000,45.565186,28.901712
14963,pdd,0.003045,0.004300,0.018500,64.885742,25.844804
14964,dp,0.002464,0.006000,0.021500,74.814697,29.964344
14965,s,0.023128,0.004500,0.020000,20.100586,47.628351
14966,ps,0.002840,0.004900,0.020000,39.002441,27.739786
14967,dps,0.002445,0.004550,0.022000,48.284180,28.994936
14968,ddps,0.002746,0.005450,0.018500,55.309326,26.695776
14969,s,0.023128,0.010500,0.022000,62.036621,55.628351
14970,d,0.002385,0.008250,0.021500,23.588379,32.135393
14971,pd,0.002977,0.008950,0.018500,42.329102,30.427001
14972,pp,0.002838,0.004500,0.021500,62.447998,28.838325
14973,dpp,0.002514,0.004850,0.021500,72.151855,28.864416
14974,sdp,0.018492,0.004850,0.020000,79.090820,43.341971
14975,p,0.003780,0.004400,0.022000,18.175293,30.179849
14976,dp,0.002464,0.005200,0.022000,27.744141,29.664344
14977,ddp,0.002502,0.005050,0.022000,35.152344,29.551712
14978,sddp,0.017807,0.004750,0.021500,42.247559,44.056817
14979,ssdd,0.018091,0.004450,0.018500,49.051758,41.041216
14985,d,0.002385,0.006500,0.021500,24.114746,30.385393
14986,pd,0.002977,0.005150,0.019200,43.098389,27.327001
14987,spd,0.018317,0.004700,0.019200,52.240723,42.217325
14988,ssp,0.018787,0.004400,0.021500,59.209473,44.687195
14989,pss,0.002833,0.007050,0.018500,77.764160,28.382709
14980,s,0.023128,0.004550,0.019200,19.282959,46.878351
14981,ss,0.018821,0.005200,0.019200,26.555176,43.220769
14982,pss,0.002833,0.006700,0.018500,44.895020,28.032709
14983,ppss,0.002998,0.006350,0.019200,65.236084,28.547567
14984,sp,0.018754,0.004500,0.020000,74.380615,43.253690
14990,s,0.023128,0.004550,0.019200,23.035156,46.878351
14991,ss,0.018821,0.005300,0.020000,30.776367,44.120769
14992,dss,0.002842,0.004200,0.022000,37.848145,29.041615
14993,sdss,0.018223,0.005500,0.019200,44.537354,42.922624
14995,p,0.003780,0.004600,0.018500,17.783447,26.879849
14996,sp,0.018754,0.006000,0.020000,26.829102,44.753690
14997,ps,0.002840,0.006000,0.020000,44.790039,28.839786
14998,sps,0.018360,0.004250,0.020000,53.740967,42.610251
14999,psp,0.002926,0.005150,0.019200,71.949951,27.275658
15005,p,0.003780,0.005350,0.019200,17.903076,28.329849
15006,sp,0.018754,0.006350,0.019200,27.401611,44.303690
15007,psp,0.002926,0.004850,0.020000,45.520508,27.775658
15008,dps,0.002445,0.004950,0.021500,54.855225,28.894936
15009,ddps,0.002746,0.004750,0.019200,61.831299,26.695776
15000,s,0.023128,0.004900,0.021500,6.332520,49.528351
15001,ss,0.018821,0.004450,0.022000,13.215332,45.270769
15002,d,0.002385,0.031450,0.022000,20.509033,55.835393
15003,sss,0.019288,0.005450,0.022000,27.283936,46.738093
15004,psss,0.002892,0.004700,0.022000,45.353027,29.592287
15015,d,0.002385,0.006000,0.021500,23.074219,29.885393
15016,dd,0.002426,0.005500,0.020000,30.921143,27.925915
15017,pdd,0.003045,0.005100,0.018500,48.994385,26.644804
15018,dpd,0.002513,0.007200,0.021500,58.482178,31.212673
15019,pd,0.002977,0.005000,0.020000,76.789307,27.977001
15010,p,0.003780,0.004500,0.018500,17.798584,26.779849
15011,sp,0.018754,0.004850,0.021500,27.197998,45.103690
15012,ssp,0.018787,0.005100,0.021500,34.273193,45.387195
15013,sssp,0.018690,0.007100,0.022000,41.188965,47.789656
15014,dsss,0.003039,0.004750,0.019200,48.546143,26.988978
15020,d,0.002385,0.004300,0.019200,6.995605,25.885393
15021,dd,0.002426,0.008250,0.022000,14.729492,32.675915
15022,sdd,0.018511,0.006050,0.020000,21.921387,44.560933
15023,psd,0.003139,0.005150,0.018500,40.779541,26.788792
15024,dps,0.002445,0.004150,0.020000,50.784180,26.594936
15025,s,0.023128,0.005600,0.019200,6.333984,47.928351
15026,ps,0.002840,0.004750,0.018500,24.803467,26.089786
15027,sps,0.018360,0.004400,0.019200,34.124512,41.960251
15028,pss,0.002833,0.011000,0.019200,52.269775,33.032709
15029,pps,0.002854,0.007400,0.019200,72.592529,29.454053
15030,p,0.003780,0.004350,0.020000,18.835693,28.129849
15031,dp,0.002464,0.004700,0.022000,28.505615,29.164344
15032,sdp,0.018492,0.009850,0.022000,35.608154,50.341971
15033,ssdp,0.018187,0.008250,0.021500,42.511230,47.937445
15034,dssd,0.002931,0.005450,0.020000,49.683350,28.381476
15035,s,0.023128,0.004300,0.021500,6.455078,48.928351
15036,ss,0.018821,0.017750,0.018500,13.793457,55.070769
15037,sss,0.019288,0.004950,0.018500,20.821289,42.738093
15038,dsss,0.003039,0.004700,0.019200,28.113770,26.938978
15040,d,0.002385,0.006400,0.018500,6.553467,27.285393
15041,sd,0.018668,0.005550,0.021500,13.484619,45.717773
15042,dsd,0.002613,0.005650,0.021500,20.767822,29.762551
15043,sdsd,0.018197,0.006000,0.022000,27.653809,46.197164
15044,psds,0.002945,0.005450,0.018500,45.814453,26.895423
15045,p,0.003780,0.005450,0.019200,17.666992,28.429849
15046,pp,0.002838,0.004700,0.019200,39.031982,26.738325
15047,dp,0.002464,0.005200,0.018500,49.470215,26.164344
15048,ddp,0.002502,0.013500,0.018500,57.601562,34.501712
15049,dddp,0.002699,0.004350,0.019200,65.528809,26.249161
15050,d,0.002385,0.005750,0.021500,7.147705,29.635393
15051,pd,0.002977,0.004500,0.018500,25.486816,25.977001
15052,pp,0.002838,0.004750,0.018500,45.907471,26.088325
15053,dp,0.002464,0.005600,0.022000,55.333008,30.064344
15054,sdp,0.018492,0.005700,0.018500,62.075195,42.691971
15055,s,0.023128,0.004900,0.022000,23.049561,50.028351
15056,ss,0.018821,0.005600,0.018500,30.783691,42.920769
15057,sss,0.019288,0.004450,0.021500,37.478516,45.238093
15058,dsss,0.003039,0.005750,0.019200,44.471924,27.988978
15060,p,0.003780,0.006150,0.022000,17.907471,31.929849
15061,sp,0.018754,0.005850,0.020000,27.443848,44.603690
15062,dsp,0.002685,0.004450,0.021500,34.676270,28.634513
15063,pds,0.003022,0.004400,0.021500,52.968018,28.921933
15064,pp,0.002838,0.004650,0.018500,73.047119,25.988325
15065,d,0.002385,0.005100,0.020000,23.652588,27.485393
15066,pd,0.002977,0.004700,0.021500,42.437988,29.177001
15067,d,0.002385,0.016350,0.021500,51.783203,40.235393
15068,dp,0.002464,0.004650,0.020000,58.896484,27.114344
15069,ddp,0.002502,0.005350,0.018500,66.244629,26.351712
15070,s,0.023128,0.004650,0.021500,22.924805,49.278351
15071,ps,0.002840,0.004850,0.019200,42.259033,26.889786
15072,sps,0.018360,0.017350,0.022000,51.586426,57.710251
15073,dsps,0.002950,0.005450,0.018500,58.748779,26.900393
15075,p,0.003780,0.005400,0.022000,17.727539,31.179849
15076,dp,0.002464,0.005950,0.018500,26.995850,26.914344
15077,ddp,0.002502,0.004550,0.021500,34.031494,28.551712
15078,s,0.023128,0.011550,0.022000,40.911621,56.678351
15079,sddp,0.017807,0.004250,0.020000,47.737793,42.056817
15080,d,0.002385,0.004550,0.018500,6.885986,25.435393
15081,dd,0.002426,0.004500,0.019200,13.925293,26.125915
15082,pd,0.002977,0.005750,0.022000,33.450195,30.727001
15083,pp,0.002838,0.006950,0.022000,55.586914,31.788325
15084,p,0.003780,0.013900,0.019200,76.612061,36.879849
15085,d,0.002385,0.004500,0.021500,23.425537,28.385393
15086,pd,0.002977,0.004150,0.020000,42.236328,27.127001
15087,pp,0.002838,0.005350,0.018500,62.306641,26.688325
15088,pp,0.002838,0.005000,0.022000,82.539551,29.838325
15089,dp,0.002464,0.006000,0.022000,91.987305,30.464344
15090,d,0.002385,0.014550,0.018500,23.771240,35.435393
15091,d,0.002385,0.005000,0.020000,31.448486,27.385393
15092,sd,0.018668,0.004900,0.018500,38.404541,42.067773
15093,ssd,0.018735,0.004750,0.021500,45.223389,44.984503
15094,pss,0.002833,0.004450,0.020000,63.320312,27.282709
15100,d,0.002385,0.005250,0.020000,16.523193,27.635393
15101,dd,0.002426,0.005150,0.019200,23.840576,26.775915
15102,p,0.003780,0.011550,0.022000,42.159912,37.329849
15103,p,0.003780,0.005000,0.021500,62.516357,30.279849
15104,p,0.003780,0.019650,0.018500,82.837646,41.929849
15095,d,0.002385,0.007550,0.022000,9.553223,31.935393
15096,dd,0.002426,0.004900,0.021500,17.419678,28.825915
15097,ddd,0.002493,0.004150,0.021500,25.425049,28.143417
15098,sddd,0.017932,0.004150,0.018500,33.123535,40.581734
15115,s,0.023128,0.004450,0.022000,9.182373,49.578351
15116,ds,0.002343,0.005000,0.018500,16.174805,25.842513
15117,sds,0.018566,0.005650,0.019200,22.822754,43.416086
15118,psds,0.002945,0.004600,0.020000,41.000244,27.545423
15119,dpss,0.002761,0.008750,0.021500,50.437012,33.010817
15105,p,0.003780,0.007650,0.019200,30.380859,30.629849
15106,sp,0.018754,0.012900,0.021500,39.354004,53.153690
15107,dsp,0.002685,0.013500,0.020000,46.291504,36.184513
15108,pds,0.003022,0.003800,0.022000,64.074707,28.821933
15109,spds,0.018151,0.004550,0.018500,73.011963,41.200699
15110,s,0.023128,0.005350,0.018500,22.906494,46.978351
15111,ss,0.018821,0.004100,0.019200,30.364990,42.120769
15112,sss,0.019288,0.007850,0.022000,37.158936,49.138093
15113,ssss,0.018888,0.004450,0.019200,43.952881,42.538175
