Iteration,Combination,Total Processing Time (sec),Total Execution Time (sec),Scripts Executed,Individual Processing Times,Individual Execution Times,Files Processed Per Script,First Image Pixels,First Audio Samples,Image Source Dir,Audio Source Dir,Peak RAM Usage (MB),Peak GPU Usage (%),Peak GPU Memory (MB),Average CPU Usage Per Core,Number of Cores Used,Average GPU Clock (MHz),Total RAM (GB),Total CPU Cores,Total GPU Memory (GB),CPU Model,GPU Model
1,s,0.03219625925925926,18.15119171142578,Speech,0.032196,18.151,54,,82160,/home/jyoti/heterogeneous_edge/images/bear,/home/jyoti/heterogeneous_edge/test-clean/LibriSpeech/test-clean/1580/141083,12292.6640625,79,3261.6875,"13.4, 17.8, 5.7, 5.5, 4.5, 41.6, 9.9, 4.3, 45.6, 1.9, 6.8, 38.3, 62.6, 1.3, 2.9, 7.7, 8.1, 7.0, 1.9, 2.6, 5.5, 58.2, 3.9, 5.2, 8.3, 2.9, 1.1, 9.3, 38.8, 1.8, 1.4, 16.8",20,2603.6776859504134,30.453655242919922,32,15.9921875,AMD Ryzen 9 7950X 16-Core Processor,NVIDIA GeForce RTX 4080
1,d,0.002617456692913386,7.662336111068726,Detect,0.002617,7.662,508,307200,,/home/jyoti/heterogeneous_edge/images/bear,/home/jyoti/heterogeneous_edge/test-clean/LibriSpeech/test-clean/1580/141083,11520.58984375,42,1619.6875,"48.2, 32.7, 7.3, 2.4, 3.7, 30.2, 2.1, 5.9, 33.4, 2.0, 1.6, 2.1, 48.5, 10.1, 56.1, 5.8, 2.4, 0.0, 4.3, 1.8, 7.3, 52.6, 1.9, 0.0, 5.6, 0.0, 2.4, 3.5, 51.4, 0.7, 2.5, 17.5",15,2713.235294117647,30.453655242919922,32,15.9921875,AMD Ryzen 9 7950X 16-Core Processor,NVIDIA GeForce RTX 4080
1,p,0.0029029094488188974,7.957627534866333,Predict,0.002903,7.958,508,307200,,/home/jyoti/heterogeneous_edge/images/bear,/home/jyoti/heterogeneous_edge/test-clean/LibriSpeech/test-clean/1580/141083,11567.69921875,25,1667.6875,"8.4, 0.5, 24.0, 5.6, 0.7, 5.7, 18.9, 4.2, 8.4, 7.4, 1.7, 6.0, 74.3, 0.3, 2.5, 42.6, 4.6, 4.7, 1.9, 3.4, 4.2, 12.2, 50.6, 95.9, 24.5, 8.0, 7.1, 6.2, 6.5, 7.6, 5.7, 13.7",21,2565.0,30.453655242919922,32,15.9921875,AMD Ryzen 9 7950X 16-Core Processor,NVIDIA GeForce RTX 4080
1,ss,0.03667246296296296,18.314672231674194,"Speech, Speech","0.018209, 0.018463","8.803, 9.511","54, 54",,82160,/home/jyoti/heterogeneous_edge/images/bear,/home/jyoti/heterogeneous_edge/test-clean/LibriSpeech/test-clean/1580/141083,12219.203125,85,3261.6875,"23.2, 4.5, 36.0, 7.0, 3.1, 3.6, 23.3, 2.4, 40.1, 9.6, 3.1, 2.8, 22.5, 4.2, 4.6, 17.3, 46.6, 3.0, 16.1, 3.1, 5.2, 2.9, 14.6, 53.4, 60.1, 16.4, 2.4, 2.5, 7.0, 4.1, 5.9, 24.2",18,2670.122950819672,30.453655242919922,32,15.9921875,AMD Ryzen 9 7950X 16-Core Processor,NVIDIA GeForce RTX 4080
1,sd,0.021368292432195974,20.220833778381348,"Speech, Detect","0.018617, 0.002751","12.727, 7.493","54, 508",307200,82160,/home/jyoti/heterogeneous_edge/images/bear,/home/jyoti/heterogeneous_edge/test-clean/LibriSpeech/test-clean/1580/141083,12156.359375,79,3261.6875,"22.5, 12.8, 27.0, 2.2, 1.1, 3.6, 19.4, 1.4, 22.6, 55.5, 5.5, 2.3, 6.0, 2.0, 3.0, 2.3, 73.4, 1.2, 5.8, 0.3, 4.5, 13.8, 16.5, 2.0, 56.9, 40.0, 0.8, 5.4, 9.8, 2.8, 0.1, 8.6",17,2689.0,30.453655242919922,32,15.9921875,AMD Ryzen 9 7950X 16-Core Processor,NVIDIA GeForce RTX 4080
1,sp,0.021786462160979875,19.06181764602661,"Speech, Predict","0.018925, 0.002861","11.093, 7.969","54, 508",307200,82160,/home/jyoti/heterogeneous_edge/images/bear,/home/jyoti/heterogeneous_edge/test-clean/LibriSpeech/test-clean/1580/141083,12226.0234375,81,3261.6875,"49.0, 51.5, 5.9, 3.5, 4.4, 1.4, 8.8, 2.4, 10.1, 40.9, 18.3, 3.0, 1.5, 1.7, 2.9, 13.4, 50.1, 5.5, 4.3, 1.6, 3.5, 0.7, 17.7, 1.7, 31.5, 48.9, 35.0, 2.5, 1.5, 2.8, 0.9, 9.1",15,2710.511811023622,30.453655242919922,32,15.9921875,AMD Ryzen 9 7950X 16-Core Processor,NVIDIA GeForce RTX 4080
1,ds,0.020059146252551764,17.14712619781494,"Detect, Speech","0.002498, 0.017561","7.074, 10.073","508, 54",307200,82160,/home/jyoti/heterogeneous_edge/images/bear,/home/jyoti/heterogeneous_edge/test-clean/LibriSpeech/test-clean/1580/141083,12179.3125,84,3261.6875,"29.6, 45.5, 6.0, 1.0, 28.3, 1.1, 2.5, 13.1, 47.1, 22.2, 44.6, 58.7, 4.8, 2.5, 2.3, 15.4, 5.1, 2.8, 57.0, 2.9, 8.3, 4.1, 1.1, 9.6, 4.4, 1.3, 2.7, 0.4, 2.1, 2.3, 1.9, 9.0",15,2682.1052631578946,30.453655242919922,32,15.9921875,AMD Ryzen 9 7950X 16-Core Processor,NVIDIA GeForce RTX 4080
1,dd,0.005131490157480314,14.42551040649414,"Detect, Detect","0.002594, 0.002537","7.254, 7.172","508, 508",307200,,/home/jyoti/heterogeneous_edge/images/bear,/home/jyoti/heterogeneous_edge/test-clean/LibriSpeech/test-clean/1580/141083,11516.16015625,54,1619.6875,"30.6, 52.5, 5.9, 34.3, 1.0, 1.4, 32.9, 5.6, 49.9, 0.0, 3.0, 37.9, 48.0, 5.4, 3.7, 3.3, 18.5, 3.4, 15.8, 12.4, 2.1, 0.9, 0.3, 2.7, 40.1, 0.0, 0.2, 6.8, 18.6, 4.3, 0.0, 6.0",17,2775.0,30.453655242919922,32,15.9921875,AMD Ryzen 9 7950X 16-Core Processor,NVIDIA GeForce RTX 4080
1,dp,0.005538537401574803,15.312182426452637,"Detect, Predict","0.002526, 0.003013","7.139, 8.173","508, 508",307200,,/home/jyoti/heterogeneous_edge/images/bear,/home/jyoti/heterogeneous_edge/test-clean/LibriSpeech/test-clean/1580/141083,11617.66796875,49,1667.6875,"6.6, 35.7, 3.0, 15.1, 11.0, 1.7, 29.3, 2.6, 39.2, 0.0, 0.9, 0.7, 82.1, 7.1, 3.7, 8.3, 9.4, 60.4, 2.7, 7.4, 18.8, 2.8, 18.1, 2.8, 45.5, 0.5, 2.1, 0.4, 18.8, 6.2, 0.3, 2.7",17,2766.176470588235,30.453655242919922,32,15.9921875,AMD Ryzen 9 7950X 16-Core Processor,NVIDIA GeForce RTX 4080
1,ps,0.02167230796150481,17.790584325790405,"Predict, Speech","0.002787, 0.018886","7.919, 9.872","508, 54",307200,82160,/home/jyoti/heterogeneous_edge/images/bear,/home/jyoti/heterogeneous_edge/test-clean/LibriSpeech/test-clean/1580/141083,12198.58203125,55,3261.6875,"12.7, 34.6, 2.6, 7.5, 2.3, 5.2, 80.4, 32.7, 51.2, 37.2, 3.9, 2.5, 18.7, 6.3, 2.2, 4.2, 2.5, 18.8, 4.6, 6.8, 3.4, 3.1, 1.5, 22.2, 24.9, 0.8, 1.6, 0.6, 33.7, 3.0, 3.7, 9.6",16,2764.4491525423728,30.453655242919922,32,15.9921875,AMD Ryzen 9 7950X 16-Core Processor,NVIDIA GeForce RTX 4080
1,pd,0.0059346358267716535,15.837751150131226,"Predict, Detect","0.003087, 0.002848","8.289, 7.548","508, 508",307200,,/home/jyoti/heterogeneous_edge/images/bear,/home/jyoti/heterogeneous_edge/test-clean/LibriSpeech/test-clean/1580/141083,11597.9609375,50,1667.6875,"24.5, 11.9, 4.2, 37.2, 1.7, 1.1, 0.9, 3.7, 40.1, 62.3, 2.0, 0.2, 18.1, 2.8, 2.3, 2.5, 69.1, 46.0, 2.7, 5.3, 3.4, 3.0, 0.8, 2.0, 55.3, 17.6, 0.0, 0.0, 2.5, 4.5, 0.0, 4.3",11,2786.8867924528304,30.453655242919922,32,15.9921875,AMD Ryzen 9 7950X 16-Core Processor,NVIDIA GeForce RTX 4080
1,pp,0.005589523622047244,15.76833200454712,"Predict, Predict","0.002810, 0.002779","7.942, 7.827","508, 508",307200,,/home/jyoti/heterogeneous_edge/images/bear,/home/jyoti/heterogeneous_edge/test-clean/LibriSpeech/test-clean/1580/141083,11598.09765625,53,1667.6875,"10.9, 69.8, 0.6, 29.7, 5.3, 4.8, 1.1, 39.2, 61.9, 57.8, 4.8, 0.7, 0.0, 0.2, 2.6, 0.2, 4.0, 27.8, 5.1, 11.3, 0.7, 2.2, 2.9, 2.4, 35.1, 40.7, 0.2, 0.2, 3.0, 7.0, 1.0, 7.0",14,2776.5714285714284,30.453655242919922,32,15.9921875,AMD Ryzen 9 7950X 16-Core Processor,NVIDIA GeForce RTX 4080
1,sss,0.05678814814814814,32.59976053237915,"Speech, Speech, Speech","0.018363, 0.019497, 0.018928","10.969, 12.212, 9.418","54, 54, 54",,82160,/home/jyoti/heterogeneous_edge/images/bear,/home/jyoti/heterogeneous_edge/test-clean/LibriSpeech/test-clean/1580/141083,12298.2265625,77,3261.6875,"17.3, 13.2, 2.2, 1.6, 2.0, 2.8, 5.9, 1.0, 19.2, 8.1, 33.3, 11.0, 5.0, 1.9, 7.3, 5.2, 34.6, 86.4, 35.5, 2.0, 2.1, 2.0, 8.3, 3.8, 13.5, 32.9, 36.2, 4.4, 5.3, 9.5, 5.5, 8.0",21,2657.0138888888887,30.453655242919922,32,15.9921875,AMD Ryzen 9 7950X 16-Core Processor,NVIDIA GeForce RTX 4080
1,ssd,0.04010233814523184,29.474302053451538,"Speech, Speech, Detect","0.018433, 0.018721, 0.002948","10.610, 11.020, 7.844","54, 54, 508",307200,82160,/home/jyoti/heterogeneous_edge/images/bear,/home/jyoti/heterogeneous_edge/test-clean/LibriSpeech/test-clean/1580/141083,12306.54296875,74,3261.6875,"8.0, 58.7, 0.9, 2.9, 1.3, 2.6, 5.9, 2.3, 9.4, 18.8, 40.8, 7.6, 10.6, 1.6, 3.8, 5.0, 2.9, 41.1, 99.4, 2.2, 2.4, 4.7, 2.3, 1.6, 9.4, 5.0, 25.4, 3.7, 32.0, 4.0, 9.8, 14.1",15,2663.112244897959,30.453655242919922,32,15.9921875,AMD Ryzen 9 7950X 16-Core Processor,NVIDIA GeForce RTX 4080
1,ssp,0.040524215004374455,27.452845573425293,"Speech, Speech, Predict","0.018475, 0.018922, 0.003127","9.272, 9.650, 8.530","54, 54, 508",307200,82160,/home/jyoti/heterogeneous_edge/images/bear,/home/jyoti/heterogeneous_edge/test-clean/LibriSpeech/test-clean/1580/141083,12286.12890625,80,3261.6875,"30.9, 14.5, 23.0, 4.5, 2.9, 1.3, 2.2, 7.2, 5.3, 47.8, 5.6, 6.2, 32.7, 2.9, 4.0, 29.7, 39.6, 1.4, 76.3, 3.3, 1.5, 1.7, 4.0, 1.8, 1.9, 26.0, 6.9, 2.9, 25.3, 4.4, 3.9, 16.6",16,2679.313186813187,30.453655242919922,32,15.9921875,AMD Ryzen 9 7950X 16-Core Processor,NVIDIA GeForce RTX 4080
1,sds,0.03961339093030038,31.352477073669434,"Speech, Detect, Speech","0.017460, 0.002900, 0.019253","12.382, 7.697, 11.273","54, 508, 54",307200,82160,/home/jyoti/heterogeneous_edge/images/bear,/home/jyoti/heterogeneous_edge/test-clean/LibriSpeech/test-clean/1580/141083,12262.94140625,82,3261.6875,"20.9, 16.7, 34.3, 1.5, 1.6, 0.8, 4.4, 0.0, 10.0, 1.7, 3.8, 3.8, 16.8, 3.0, 51.9, 25.0, 27.6, 27.0, 62.3, 1.8, 2.5, 1.1, 12.1, 1.0, 3.2, 0.6, 0.6, 1.4, 10.4, 6.1, 37.4, 23.5",15,2696.033653846154,30.453655242919922,32,15.9921875,AMD Ryzen 9 7950X 16-Core Processor,NVIDIA GeForce RTX 4080
1,sdd,0.02461240565762613,24.64563488960266,"Speech, Detect, Detect","0.018917, 0.002896, 0.002799","9.286, 7.791, 7.569","54, 508, 508",307200,82160,/home/jyoti/heterogeneous_edge/images/bear,/home/jyoti/heterogeneous_edge/test-clean/LibriSpeech/test-clean/1580/141083,12210.75,75,3261.6875,"14.8, 39.4, 9.6, 0.6, 46.2, 9.5, 3.1, 1.3, 13.7, 0.6, 2.9, 3.3, 46.6, 4.9, 25.8, 23.5, 2.1, 45.5, 21.3, 1.7, 14.1, 5.0, 4.1, 4.2, 5.5, 1.1, 0.6, 2.5, 30.7, 9.7, 2.6, 40.8",17,2689.298780487805,30.453655242919922,32,15.9921875,AMD Ryzen 9 7950X 16-Core Processor,NVIDIA GeForce RTX 4080
1,sdp,0.024653921551472734,24.514872789382935,"Speech, Detect, Predict","0.018951, 0.002512, 0.003190","8.860, 7.117, 8.538","54, 508, 508",307200,82160,/home/jyoti/heterogeneous_edge/images/bear,/home/jyoti/heterogeneous_edge/test-clean/LibriSpeech/test-clean/1580/141083,12310.515625,75,3261.6875,"9.4, 8.7, 15.8, 0.0, 59.5, 0.2, 0.2, 3.1, 7.5, 0.3, 23.6, 2.4, 63.2, 5.8, 10.9, 6.7, 27.4, 34.5, 8.9, 1.7, 39.3, 1.0, 3.5, 2.7, 7.3, 1.1, 0.0, 2.6, 39.8, 7.4, 21.0, 26.7",19,2730.276073619632,30.453655242919922,32,15.9921875,AMD Ryzen 9 7950X 16-Core Processor,NVIDIA GeForce RTX 4080
1,sps,0.039133450277048704,27.6201593875885,"Speech, Predict, Speech","0.018291, 0.003049, 0.017794","10.483, 8.360, 8.778","54, 508, 54",307200,82160,/home/jyoti/heterogeneous_edge/images/bear,/home/jyoti/heterogeneous_edge/test-clean/LibriSpeech/test-clean/1580/141083,12291.27734375,70,3261.6875,"45.5, 43.7, 9.2, 2.4, 18.5, 0.9, 2.0, 7.0, 20.4, 2.1, 0.3, 14.8, 55.4, 5.7, 2.9, 24.4, 15.7, 1.7, 2.0, 1.5, 68.9, 11.2, 2.4, 7.4, 20.8, 1.5, 2.7, 3.1, 14.5, 12.2, 4.8, 11.6",18,2724.782608695652,30.453655242919922,32,15.9921875,AMD Ryzen 9 7950X 16-Core Processor,NVIDIA GeForce RTX 4080
1,spd,0.024179579906678333,23.98587679862976,"Speech, Predict, Detect","0.018898, 0.002757, 0.002524","8.915, 7.965, 7.106","54, 508, 508",307200,82160,/home/jyoti/heterogeneous_edge/images/bear,/home/jyoti/heterogeneous_edge/test-clean/LibriSpeech/test-clean/1580/141083,12230.3984375,54,3261.6875,"15.2, 1.8, 18.1, 5.3, 19.8, 3.4, 1.2, 10.4, 74.7, 27.0, 15.1, 32.2, 3.8, 1.6, 4.9, 8.1, 2.2, 1.6, 49.6, 2.2, 44.6, 30.3, 0.1, 13.4, 2.1, 3.8, 8.1, 11.4, 1.7, 0.4, 4.2, 18.7",17,2716.5,30.453655242919922,32,15.9921875,AMD Ryzen 9 7950X 16-Core Processor,NVIDIA GeForce RTX 4080
1,spp,0.025115472222222223,26.364149570465088,"Speech, Predict, Predict","0.018846, 0.003115, 0.003154","9.368, 8.428, 8.568","54, 508, 508",307200,82160,/home/jyoti/heterogeneous_edge/images/bear,/home/jyoti/heterogeneous_edge/test-clean/LibriSpeech/test-clean/1580/141083,12236.609375,77,3261.6875,"16.9, 3.3, 1.2, 3.4, 11.1, 25.1, 42.6, 8.2, 45.5, 85.7, 4.3, 10.7, 1.6, 2.9, 4.1, 5.7, 11.3, 0.2, 0.9, 0.1, 2.2, 60.9, 16.5, 19.7, 27.7, 2.2, 4.3, 2.4, 1.8, 2.2, 5.2, 8.2",16,2724.342857142857,30.453655242919922,32,15.9921875,AMD Ryzen 9 7950X 16-Core Processor,NVIDIA GeForce RTX 4080
1,dss,0.03983020013123359,26.480977058410645,"Detect, Speech, Speech","0.002877, 0.018479, 0.018474","7.762, 9.748, 8.971","508, 54, 54",307200,82160,/home/jyoti/heterogeneous_edge/images/bear,/home/jyoti/heterogeneous_edge/test-clean/LibriSpeech/test-clean/1580/141083,12267.3125,85,3261.6875,"19.8, 12.1, 2.4, 2.7, 1.6, 28.1, 62.2, 29.0, 10.4, 64.4, 9.7, 6.8, 5.1, 8.9, 3.5, 4.7, 6.1, 1.1, 3.5, 1.6, 2.2, 7.7, 0.1, 44.5, 6.4, 25.7, 23.9, 3.3, 2.4, 16.9, 6.6, 13.5",20,2676.0511363636365,30.453655242919922,32,15.9921875,AMD Ryzen 9 7950X 16-Core Processor,NVIDIA GeForce RTX 4080
1,dsd,0.023772807961504813,26.11711812019348,"Detect, Speech, Detect","0.002587, 0.018556, 0.002629","7.220, 11.650, 7.247","508, 54, 508",307200,82160,/home/jyoti/heterogeneous_edge/images/bear,/home/jyoti/heterogeneous_edge/test-clean/LibriSpeech/test-clean/1580/141083,12238.6171875,80,3261.6875,"14.4, 10.5, 10.5, 7.4, 2.0, 15.7, 94.3, 19.6, 21.3, 19.2, 1.4, 4.1, 4.9, 37.3, 0.6, 37.5, 3.2, 0.7, 3.1, 1.1, 3.0, 41.9, 0.7, 4.7, 6.3, 15.5, 0.7, 1.2, 1.9, 20.3, 3.1, 19.2",16,2711.293103448276,30.453655242919922,32,15.9921875,AMD Ryzen 9 7950X 16-Core Processor,NVIDIA GeForce RTX 4080
1,dsp,0.02433525094779819,24.99752187728882,"Detect, Speech, Predict","0.002650, 0.018628, 0.003057","7.240, 9.407, 8.351","508, 54, 508",307200,82160,/home/jyoti/heterogeneous_edge/images/bear,/home/jyoti/heterogeneous_edge/test-clean/LibriSpeech/test-clean/1580/141083,12304.421875,80,3261.6875,"8.3, 3.7, 10.2, 12.8, 2.0, 38.8, 64.4, 2.8, 36.2, 21.7, 5.2, 8.8, 10.4, 1.1, 1.1, 8.0, 3.1, 1.2, 5.2, 2.1, 3.9, 49.0, 28.8, 5.8, 1.9, 53.7, 1.0, 2.1, 14.2, 0.0, 0.2, 25.9",18,2762.89156626506,30.453655242919922,32,15.9921875,AMD Ryzen 9 7950X 16-Core Processor,NVIDIA GeForce RTX 4080
1,dds,0.024259441455234766,24.68274736404419,"Detect, Detect, Speech","0.002839, 0.002845, 0.018575","7.715, 7.683, 9.284","508, 508, 54",307200,82160,/home/jyoti/heterogeneous_edge/images/bear,/home/jyoti/heterogeneous_edge/test-clean/LibriSpeech/test-clean/1580/141083,12319.78125,79,3261.6875,"8.3, 2.3, 5.1, 1.1, 6.0, 37.5, 75.6, 3.2, 42.1, 36.2, 3.3, 2.5, 2.2, 1.0, 1.1, 31.5, 1.7, 0.9, 6.4, 2.1, 2.9, 45.8, 16.6, 16.3, 29.3, 0.2, 3.0, 3.2, 0.7, 0.3, 0.4, 41.7",14,2727.987804878049,30.453655242919922,32,15.9921875,AMD Ryzen 9 7950X 16-Core Processor,NVIDIA GeForce RTX 4080
1,ddd,0.007636316929133858,20.782496690750122,"Detect, Detect, Detect","0.002558, 0.002563, 0.002515","7.075, 6.907, 6.800","508, 508, 508",307200,,/home/jyoti/heterogeneous_edge/images/bear,/home/jyoti/heterogeneous_edge/test-clean/LibriSpeech/test-clean/1580/141083,11600.9375,37,1619.6875,"0.9, 0.8, 0.4, 0.3, 9.1, 3.8, 2.0, 0.5, 33.2, 3.1, 5.3, 10.6, 1.2, 1.3, 0.0, 2.4, 23.6, 3.1, 4.7, 0.2, 1.9, 16.9, 6.5, 0.0, 13.7, 5.4, 20.0, 16.2, 1.7, 0.0, 0.3, 20.0",12,2654.136690647482,30.453655242919922,32,15.9921875,AMD Ryzen 9 7950X 16-Core Processor,NVIDIA GeForce RTX 4080
1,ddp,0.007802047244094489,21.28384780883789,"Detect, Detect, Predict","0.002548, 0.002531, 0.002723","6.889, 6.910, 7.485","508, 508, 508",307200,,/home/jyoti/heterogeneous_edge/images/bear,/home/jyoti/heterogeneous_edge/test-clean/LibriSpeech/test-clean/1580/141083,11660.51953125,41,1667.6875,"6.1, 3.6, 6.2, 1.5, 2.2, 10.5, 9.6, 0.0, 3.0, 8.5, 15.0, 0.4, 1.9, 1.1, 0.0, 5.5, 12.3, 1.8, 1.5, 3.6, 21.3, 8.9, 0.7, 0.0, 5.1, 46.1, 9.6, 0.1, 0.2, 0.0, 1.2, 7.9",14,2633.7676056338028,30.453655242919922,32,15.9921875,AMD Ryzen 9 7950X 16-Core Processor,NVIDIA GeForce RTX 4080
1,dps,0.02282958048993876,24.40418004989624,"Detect, Predict, Speech","0.002506, 0.002659, 0.017664","6.811, 7.462, 10.131","508, 508, 54",307200,82160,/home/jyoti/heterogeneous_edge/images/bear,/home/jyoti/heterogeneous_edge/test-clean/LibriSpeech/test-clean/1580/141083,12254.14453125,77,3261.6875,"1.7, 2.5, 3.3, 2.5, 2.0, 2.2, 10.6, 0.7, 5.1, 0.2, 18.8, 8.7, 1.2, 1.6, 0.7, 11.9, 30.9, 2.4, 2.1, 3.5, 5.3, 0.8, 9.2, 0.6, 4.6, 0.6, 0.0, 7.8, 0.0, 0.0, 1.4, 38.1",10,2622.3312883435583,30.453655242919922,32,15.9921875,AMD Ryzen 9 7950X 16-Core Processor,NVIDIA GeForce RTX 4080
1,dpd,0.007872846456692914,21.379903316497803,"Detect, Predict, Detect","0.002605, 0.002732, 0.002537","6.978, 7.556, 6.846","508, 508, 508",307200,,/home/jyoti/heterogeneous_edge/images/bear,/home/jyoti/heterogeneous_edge/test-clean/LibriSpeech/test-clean/1580/141083,11689.109375,43,1667.6875,"10.8, 1.3, 1.3, 1.5, 8.7, 1.0, 2.0, 5.2, 22.2, 0.0, 0.0, 3.7, 4.3, 0.8, 0.4, 6.1, 2.6, 3.9, 3.2, 0.2, 14.4, 5.6, 22.6, 0.2, 11.8, 24.2, 0.2, 1.4, 0.9, 0.0, 0.7, 33.6",11,2608.4154929577467,30.453655242919922,32,15.9921875,AMD Ryzen 9 7950X 16-Core Processor,NVIDIA GeForce RTX 4080
1,dpp,0.007944145669291337,21.839437007904053,"Detect, Predict, Predict","0.002522, 0.002710, 0.002712","6.805, 7.549, 7.486","508, 508, 508",307200,,/home/jyoti/heterogeneous_edge/images/bear,/home/jyoti/heterogeneous_edge/test-clean/LibriSpeech/test-clean/1580/141083,11649.9609375,48,1667.6875,"2.1, 5.8, 2.2, 1.9, 0.6, 13.1, 2.8, 13.7, 27.9, 16.7, 0.3, 0.0, 0.0, 0.3, 2.1, 12.9, 2.0, 1.0, 1.7, 0.3, 1.1, 14.1, 1.8, 12.4, 0.9, 4.9, 0.1, 0.0, 0.1, 0.0, 0.0, 41.0",9,2593.0479452054797,30.453655242919922,32,15.9921875,AMD Ryzen 9 7950X 16-Core Processor,NVIDIA GeForce RTX 4080
1,pss,0.039079251895596384,28.932711362838745,"Predict, Speech, Speech","0.002734, 0.017546, 0.018799","7.508, 8.301, 13.124","508, 54, 54",307200,82160,/home/jyoti/heterogeneous_edge/images/bear,/home/jyoti/heterogeneous_edge/test-clean/LibriSpeech/test-clean/1580/141083,12261.23046875,84,3261.6875,"26.8, 6.3, 2.8, 2.3, 2.0, 4.3, 49.1, 8.4, 2.4, 15.9, 0.7, 46.8, 5.2, 3.2, 11.6, 14.6, 29.5, 1.3, 3.1, 0.7, 1.3, 5.7, 10.8, 7.6, 0.6, 0.5, 0.6, 6.8, 1.0, 0.6, 0.8, 18.6",15,2636.171875,30.453655242919922,32,15.9921875,AMD Ryzen 9 7950X 16-Core Processor,NVIDIA GeForce RTX 4080
1,psd,0.024096070282881306,26.15264105796814,"Predict, Speech, Detect","0.003236, 0.018329, 0.002531","8.602, 10.326, 7.225","508, 54, 508",307200,82160,/home/jyoti/heterogeneous_edge/images/bear,/home/jyoti/heterogeneous_edge/test-clean/LibriSpeech/test-clean/1580/141083,12335.60546875,85,3261.6875,"46.8, 13.5, 6.4, 3.9, 2.4, 4.1, 61.1, 0.7, 31.6, 0.2, 0.6, 74.3, 11.1, 6.8, 1.4, 33.0, 52.6, 11.4, 2.6, 1.0, 3.0, 7.0, 2.1, 4.3, 13.1, 1.1, 1.5, 24.9, 3.6, 1.1, 2.2, 10.6",15,2722.2413793103447,30.453655242919922,32,15.9921875,AMD Ryzen 9 7950X 16-Core Processor,NVIDIA GeForce RTX 4080
1,psp,0.024103499416739577,26.08081030845642,"Predict, Speech, Predict","0.002938, 0.018121, 0.003044","8.142, 9.558, 8.381","508, 54, 508",307200,82160,/home/jyoti/heterogeneous_edge/images/bear,/home/jyoti/heterogeneous_edge/test-clean/LibriSpeech/test-clean/1580/141083,12287.7890625,81,3261.6875,"38.8, 5.4, 3.5, 4.3, 24.2, 22.9, 4.9, 1.5, 32.6, 36.8, 1.4, 26.8, 7.4, 4.8, 1.6, 21.7, 24.5, 3.2, 0.7, 0.4, 8.1, 71.0, 4.7, 3.0, 57.5, 1.2, 1.3, 1.1, 5.0, 1.5, 4.2, 10.8",14,2750.2023121387283,30.453655242919922,32,15.9921875,AMD Ryzen 9 7950X 16-Core Processor,NVIDIA GeForce RTX 4080
1,pds,0.024076335447652378,24.178386211395264,"Predict, Detect, Speech","0.003032, 0.002605, 0.018439","8.253, 7.230, 8.696","508, 508, 54",307200,82160,/home/jyoti/heterogeneous_edge/images/bear,/home/jyoti/heterogeneous_edge/test-clean/LibriSpeech/test-clean/1580/141083,12347.80859375,81,3261.6875,"13.4, 5.1, 12.9, 1.8, 2.2, 27.7, 17.1, 21.3, 12.0, 0.8, 1.0, 28.4, 37.8, 5.7, 0.7, 3.3, 2.4, 4.3, 14.0, 2.8, 3.0, 50.3, 14.0, 32.7, 25.8, 0.5, 2.5, 6.4, 43.1, 8.7, 5.8, 10.9",20,2737.919254658385,30.453655242919922,32,15.9921875,AMD Ryzen 9 7950X 16-Core Processor,NVIDIA GeForce RTX 4080
1,pdd,0.008393476377952756,23.144455909729004,"Predict, Detect, Detect","0.003150, 0.002608, 0.002636","8.484, 7.310, 7.350","508, 508, 508",307200,,/home/jyoti/heterogeneous_edge/images/bear,/home/jyoti/heterogeneous_edge/test-clean/LibriSpeech/test-clean/1580/141083,11746.01171875,48,1667.6875,"32.4, 6.9, 3.2, 1.1, 2.3, 4.5, 46.9, 6.4, 1.1, 0.1, 2.7, 24.1, 44.5, 42.0, 42.9, 21.3, 21.4, 2.6, 3.6, 2.9, 2.5, 33.1, 23.3, 25.4, 0.4, 2.7, 0.2, 0.0, 3.5, 3.6, 8.0, 9.1",15,2785.714285714286,30.453655242919922,32,15.9921875,AMD Ryzen 9 7950X 16-Core Processor,NVIDIA GeForce RTX 4080
1,pdp,0.008647753937007873,23.662023544311523,"Predict, Detect, Predict","0.002979, 0.002642, 0.003027","8.088, 7.330, 8.244","508, 508, 508",307200,,/home/jyoti/heterogeneous_edge/images/bear,/home/jyoti/heterogeneous_edge/test-clean/LibriSpeech/test-clean/1580/141083,11705.0703125,53,1667.6875,"21.9, 8.0, 40.2, 8.5, 3.2, 18.0, 25.3, 14.8, 28.1, 3.2, 4.3, 8.3, 1.4, 2.8, 86.7, 14.6, 15.3, 3.5, 19.5, 26.3, 4.3, 6.6, 1.4, 7.2, 16.5, 0.1, 9.4, 9.4, 0.0, 0.1, 9.1, 3.6",20,2788.006329113924,30.453655242919922,32,15.9921875,AMD Ryzen 9 7950X 16-Core Processor,NVIDIA GeForce RTX 4080
1,pps,0.02410509200933217,25.491281509399414,"Predict, Predict, Speech","0.002841, 0.002787, 0.018477","8.017, 7.872, 9.602","508, 508, 54",307200,82160,/home/jyoti/heterogeneous_edge/images/bear,/home/jyoti/heterogeneous_edge/test-clean/LibriSpeech/test-clean/1580/141083,12274.38671875,81,3261.6875,"29.5, 19.7, 1.3, 26.5, 4.0, 3.3, 27.5, 12.5, 19.6, 25.2, 25.0, 4.1, 1.8, 7.2, 23.1, 24.9, 45.3, 5.4, 16.4, 10.4, 5.1, 1.9, 12.1, 4.4, 13.0, 9.1, 6.0, 2.9, 0.3, 2.3, 17.9, 15.7",22,2720.3823529411766,30.453655242919922,32,15.9921875,AMD Ryzen 9 7950X 16-Core Processor,NVIDIA GeForce RTX 4080
1,ppd,0.008756820866141733,23.940208911895752,"Predict, Predict, Detect","0.002758, 0.003097, 0.002901","7.910, 8.306, 7.723","508, 508, 508",307200,,/home/jyoti/heterogeneous_edge/images/bear,/home/jyoti/heterogeneous_edge/test-clean/LibriSpeech/test-clean/1580/141083,11693.5859375,53,1667.6875,"20.2, 8.6, 2.0, 42.5, 0.1, 36.6, 1.3, 0.9, 9.0, 47.6, 5.3, 5.4, 3.6, 5.9, 1.0, 39.1, 5.1, 2.9, 3.4, 31.3, 1.0, 50.2, 1.7, 5.0, 17.5, 49.1, 2.0, 4.3, 2.0, 2.7, 2.2, 17.2",17,2763.1132075471696,30.453655242919922,32,15.9921875,AMD Ryzen 9 7950X 16-Core Processor,NVIDIA GeForce RTX 4080
1,ppp,0.008632389763779526,24.132155179977417,"Predict, Predict, Predict","0.002720, 0.002932, 0.002980","7.845, 8.091, 8.196","508, 508, 508",307200,,/home/jyoti/heterogeneous_edge/images/bear,/home/jyoti/heterogeneous_edge/test-clean/LibriSpeech/test-clean/1580/141083,11715.4296875,51,1667.6875,"16.0, 12.3, 6.1, 11.9, 11.0, 41.0, 3.1, 1.6, 43.0, 14.6, 5.0, 8.7, 16.0, 5.8, 2.9, 20.0, 44.2, 19.5, 0.9, 0.3, 11.2, 47.2, 0.2, 1.9, 40.8, 29.8, 1.1, 2.1, 14.8, 1.6, 2.1, 6.9",20,2780.496894409938,30.453655242919922,32,15.9921875,AMD Ryzen 9 7950X 16-Core Processor,NVIDIA GeForce RTX 4080
1,ssss,0.07413885185185184,38.53394317626953,"Speech, Speech, Speech, Speech","0.018621, 0.017631, 0.018861, 0.019025","9.465, 9.059, 11.014, 8.996","54, 54, 54, 54",,82160,/home/jyoti/heterogeneous_edge/images/bear,/home/jyoti/heterogeneous_edge/test-clean/LibriSpeech/test-clean/1580/141083,12347.390625,81,3261.6875,"12.3, 18.3, 9.7, 20.0, 1.7, 9.7, 3.5, 29.4, 14.1, 13.3, 7.6, 19.8, 10.6, 8.7, 4.2, 12.7, 29.2, 12.5, 4.7, 2.3, 29.7, 16.8, 1.8, 26.7, 6.3, 54.1, 2.6, 3.8, 2.7, 2.9, 5.9, 32.9",22,2653.828125,30.453655242919922,32,15.9921875,AMD Ryzen 9 7950X 16-Core Processor,NVIDIA GeForce RTX 4080
1,sssd,0.05633847346165063,34.413612604141235,"Speech, Speech, Speech, Detect","0.018129, 0.018393, 0.017240, 0.002575","9.312, 9.081, 8.992, 7.029","54, 54, 54, 508",307200,82160,/home/jyoti/heterogeneous_edge/images/bear,/home/jyoti/heterogeneous_edge/test-clean/LibriSpeech/test-clean/1580/141083,12379.71484375,83,3261.6875,"14.5, 33.0, 12.8, 3.0, 29.5, 6.7, 3.4, 8.1, 14.1, 15.2, 4.4, 18.9, 9.2, 5.6, 6.3, 10.7, 20.1, 20.7, 9.0, 2.5, 34.8, 7.1, 9.1, 6.1, 2.4, 28.0, 2.0, 26.4, 14.2, 3.3, 7.8, 15.2",25,2644.2576419213974,30.453655242919922,32,15.9921875,AMD Ryzen 9 7950X 16-Core Processor,NVIDIA GeForce RTX 4080
1,sssp,0.05878094284047827,36.775402784347534,"Speech, Speech, Speech, Predict","0.018524, 0.019271, 0.017974, 0.003013","9.459, 9.370, 9.690, 8.256","54, 54, 54, 508",307200,82160,/home/jyoti/heterogeneous_edge/images/bear,/home/jyoti/heterogeneous_edge/test-clean/LibriSpeech/test-clean/1580/141083,12394.453125,84,3261.6875,"12.1, 8.7, 7.0, 21.7, 3.3, 6.8, 33.6, 7.0, 34.5, 14.2, 20.9, 3.6, 3.2, 5.3, 13.9, 10.2, 33.5, 14.4, 6.1, 17.0, 2.0, 16.7, 32.3, 5.7, 38.8, 18.3, 15.6, 5.1, 4.3, 4.5, 4.4, 10.1",25,2682.2950819672133,30.453655242919922,32,15.9921875,AMD Ryzen 9 7950X 16-Core Processor,NVIDIA GeForce RTX 4080
1,ssds,0.059364774934383205,35.506080627441406,"Speech, Speech, Detect, Speech","0.018235, 0.019487, 0.002993, 0.018649","8.984, 10.069, 7.842, 8.611","54, 54, 508, 54",307200,82160,/home/jyoti/heterogeneous_edge/images/bear,/home/jyoti/heterogeneous_edge/test-clean/LibriSpeech/test-clean/1580/141083,12368.44140625,78,3262.25,"9.1, 2.6, 34.7, 35.0, 7.7, 3.7, 12.6, 4.8, 46.8, 4.9, 7.2, 9.3, 6.2, 2.8, 3.4, 22.8, 19.3, 3.7, 42.9, 19.0, 4.4, 1.9, 15.3, 5.2, 49.3, 2.5, 1.3, 4.3, 8.6, 3.5, 2.8, 30.1",18,2672.669491525424,30.453655242919922,32,15.9921875,AMD Ryzen 9 7950X 16-Core Processor,NVIDIA GeForce RTX 4080
1,ssdd,0.04184131124234471,33.544015645980835,"Speech, Speech, Detect, Detect","0.017804, 0.018668, 0.002720, 0.002649","9.236, 9.761, 7.353, 7.194","54, 54, 508, 508",307200,82160,/home/jyoti/heterogeneous_edge/images/bear,/home/jyoti/heterogeneous_edge/test-clean/LibriSpeech/test-clean/1580/141083,12307.9140625,80,3262.25,"26.6, 5.9, 3.1, 13.5, 23.9, 8.4, 12.7, 1.1, 40.2, 2.0, 50.8, 6.8, 6.8, 2.8, 16.1, 7.1, 49.3, 3.3, 1.9, 1.4, 15.4, 3.4, 31.9, 1.4, 28.4, 3.0, 0.0, 4.7, 15.0, 2.8, 8.5, 16.3",19,2673.026905829596,30.453655242919922,32,15.9921875,AMD Ryzen 9 7950X 16-Core Processor,NVIDIA GeForce RTX 4080
1,ssdp,0.04225861293379995,34.20926809310913,"Speech, Speech, Detect, Predict","0.018294, 0.018644, 0.002590, 0.002731","9.788, 9.580, 7.068, 7.773","54, 54, 508, 508",307200,82160,/home/jyoti/heterogeneous_edge/images/bear,/home/jyoti/heterogeneous_edge/test-clean/LibriSpeech/test-clean/1580/141083,12403.98828125,76,3262.25,"35.0, 43.0, 2.5, 12.7, 1.0, 11.8, 9.3, 2.1, 29.2, 41.1, 6.1, 4.6, 6.6, 5.9, 1.9, 2.6, 35.4, 28.6, 9.7, 10.3, 2.0, 2.6, 1.3, 0.9, 32.4, 38.5, 6.5, 2.2, 13.6, 4.8, 1.0, 15.8",19,2689.8237885462554,30.453655242919922,32,15.9921875,AMD Ryzen 9 7950X 16-Core Processor,NVIDIA GeForce RTX 4080
1,ssps,0.058040618620589096,39.29716444015503,"Speech, Speech, Predict, Speech","0.018274, 0.018384, 0.003119, 0.018263","11.345, 10.073, 8.521, 9.358","54, 54, 508, 54",307200,82160,/home/jyoti/heterogeneous_edge/images/bear,/home/jyoti/heterogeneous_edge/test-clean/LibriSpeech/test-clean/1580/141083,12407.9296875,81,3262.25,"7.9, 35.2, 39.7, 1.4, 1.1, 2.1, 1.6, 1.7, 10.4, 12.3, 5.9, 8.7, 19.5, 8.1, 42.9, 9.8, 15.4, 48.3, 27.3, 2.5, 1.8, 5.8, 8.0, 1.5, 7.6, 5.1, 8.8, 4.2, 23.6, 5.2, 26.7, 10.1",23,2662.7586206896553,30.453655242919922,32,15.9921875,AMD Ryzen 9 7950X 16-Core Processor,NVIDIA GeForce RTX 4080
1,sspd,0.04226963611840187,68.63563132286072,"Speech, Speech, Predict, Detect","0.018126, 0.018328, 0.003041, 0.002775","9.292, 43.627, 8.230, 7.487","54, 54, 508, 508",307200,82160,/home/jyoti/heterogeneous_edge/images/bear,/home/jyoti/heterogeneous_edge/test-clean/LibriSpeech/test-clean/1580/141083,12407.1328125,77,3262.25,"9.0, 8.9, 32.5, 0.4, 35.3, 1.4, 0.7, 16.9, 16.1, 2.2, 4.4, 4.0, 0.9, 4.3, 18.1, 13.7, 7.5, 4.1, 41.0, 1.2, 35.6, 0.5, 0.6, 1.4, 8.7, 19.2, 1.8, 2.9, 3.0, 7.4, 1.1, 58.3",15,2631.956043956044,30.453655242919922,32,15.9921875,AMD Ryzen 9 7950X 16-Core Processor,NVIDIA GeForce RTX 4080
1,sspp,0.04186494305920094,34.619792461395264,"Speech, Speech, Predict, Predict","0.017776, 0.018416, 0.002844, 0.002828","9.902, 8.805, 8.005, 7.909","54, 54, 508, 508",307200,82160,/home/jyoti/heterogeneous_edge/images/bear,/home/jyoti/heterogeneous_edge/test-clean/LibriSpeech/test-clean/1580/141083,12394.25390625,71,3262.25,"12.2, 18.5, 1.6, 27.9, 30.9, 5.5, 2.5, 15.3, 12.5, 30.6, 8.4, 5.0, 9.2, 7.3, 2.5, 28.8, 12.9, 11.8, 5.2, 23.7, 25.5, 11.2, 1.2, 7.7, 21.7, 22.1, 2.7, 2.4, 2.3, 4.6, 2.1, 36.8",23,2690.6739130434785,30.453655242919922,32,15.9921875,AMD Ryzen 9 7950X 16-Core Processor,NVIDIA GeForce RTX 4080
1,sdss,0.05701579593175853,34.67372965812683,"Speech, Detect, Speech, Speech","0.018693, 0.002740, 0.017533, 0.018049","8.853, 7.440, 9.372, 9.010","54, 508, 54, 54",307200,82160,/home/jyoti/heterogeneous_edge/images/bear,/home/jyoti/heterogeneous_edge/test-clean/LibriSpeech/test-clean/1580/141083,12417.90625,79,3262.25,"15.1, 9.7, 8.1, 1.7, 36.4, 6.2, 12.6, 26.1, 13.5, 36.4, 26.1, 14.5, 1.9, 2.0, 5.9, 9.6, 21.7, 5.7, 2.3, 1.9, 46.5, 6.9, 16.3, 5.0, 11.6, 22.2, 10.1, 13.7, 1.3, 2.0, 1.8, 12.4",23,2669.1521739130435,30.453655242919922,32,15.9921875,AMD Ryzen 9 7950X 16-Core Processor,NVIDIA GeForce RTX 4080
1,sdsd,0.042142185695538056,33.428688764572144,"Speech, Detect, Speech, Detect","0.018183, 0.002766, 0.018358, 0.002836","9.128, 7.498, 9.189, 7.614","54, 508, 54, 508",307200,82160,/home/jyoti/heterogeneous_edge/images/bear,/home/jyoti/heterogeneous_edge/test-clean/LibriSpeech/test-clean/1580/141083,12341.41015625,77,3262.25,"9.6, 11.2, 27.8, 2.0, 7.5, 15.1, 4.5, 1.1, 26.7, 18.6, 11.3, 2.2, 5.7, 1.5, 4.1, 14.5, 34.1, 58.8, 17.3, 3.0, 25.5, 8.6, 1.3, 1.3, 54.9, 20.8, 7.7, 0.8, 1.2, 0.6, 11.6, 16.8",20,2715.2027027027025,30.453655242919922,32,15.9921875,AMD Ryzen 9 7950X 16-Core Processor,NVIDIA GeForce RTX 4080
1,sdsp,0.04210376275882181,35.17413401603699,"Speech, Detect, Speech, Predict","0.017782, 0.002780, 0.018807, 0.002735","8.980, 7.576, 10.837, 7.782","54, 508, 54, 508",307200,82160,/home/jyoti/heterogeneous_edge/images/bear,/home/jyoti/heterogeneous_edge/test-clean/LibriSpeech/test-clean/1580/141083,12428.265625,79,3262.25,"8.9, 33.4, 13.3, 4.0, 13.9, 30.6, 4.3, 2.4, 26.4, 14.7, 4.5, 51.8, 6.0, 1.8, 0.9, 15.4, 23.6, 29.4, 15.5, 1.8, 5.0, 22.8, 5.5, 0.6, 25.5, 4.6, 5.7, 27.5, 7.0, 1.6, 0.8, 7.1",21,2669.3562231759656,30.453655242919922,32,15.9921875,AMD Ryzen 9 7950X 16-Core Processor,NVIDIA GeForce RTX 4080
1,sdds,0.04195949533391659,32.695995569229126,"Speech, Detect, Detect, Speech","0.018310, 0.002705, 0.002702, 0.018242","8.748, 7.303, 7.372, 9.272","54, 508, 508, 54",307200,82160,/home/jyoti/heterogeneous_edge/images/bear,/home/jyoti/heterogeneous_edge/test-clean/LibriSpeech/test-clean/1580/141083,12375.83984375,77,3261.9375,"17.6, 20.6, 3.8, 17.2, 21.1, 45.0, 0.0, 3.8, 57.0, 12.1, 4.4, 26.9, 21.4, 1.9, 1.0, 5.2, 15.8, 11.0, 4.4, 16.7, 15.9, 7.6, 2.7, 0.2, 2.1, 9.3, 4.8, 35.7, 10.7, 3.6, 1.0, 20.4",19,2693.3640552995394,30.453655242919922,32,15.9921875,AMD Ryzen 9 7950X 16-Core Processor,NVIDIA GeForce RTX 4080
1,sddd,0.026359791776027992,31.37784695625305,"Speech, Detect, Detect, Detect","0.018563, 0.002554, 0.002665, 0.002578","9.661, 7.216, 7.387, 7.114","54, 508, 508, 508",307200,82160,/home/jyoti/heterogeneous_edge/images/bear,/home/jyoti/heterogeneous_edge/test-clean/LibriSpeech/test-clean/1580/141083,12371.4453125,68,3261.9375,"11.1, 41.0, 3.1, 16.6, 0.9, 9.6, 17.6, 2.6, 21.2, 18.7, 6.7, 21.6, 3.7, 2.5, 0.9, 14.1, 13.9, 32.9, 9.6, 13.2, 1.8, 35.7, 2.3, 0.6, 49.9, 19.3, 9.4, 7.7, 4.2, 2.6, 0.2, 28.5",20,2735.5263157894738,30.453655242919922,32,15.9921875,AMD Ryzen 9 7950X 16-Core Processor,NVIDIA GeForce RTX 4080
1,sddp,0.026092454141149024,31.45032048225403,"Speech, Detect, Detect, Predict","0.017920, 0.002696, 0.002599, 0.002877","8.947, 7.362, 7.174, 7.968","54, 508, 508, 508",307200,82160,/home/jyoti/heterogeneous_edge/images/bear,/home/jyoti/heterogeneous_edge/test-clean/LibriSpeech/test-clean/1580/141083,12445.62109375,76,3261.9375,"43.1, 44.8, 8.9, 2.6, 1.0, 4.0, 0.4, 15.3, 25.7, 5.7, 4.3, 2.0, 32.7, 16.6, 2.9, 28.2, 21.9, 41.2, 4.4, 1.5, 1.1, 3.2, 1.8, 1.8, 14.3, 8.6, 4.6, 2.3, 36.5, 4.9, 2.7, 17.2",15,2727.9904306220096,30.453655242919922,32,15.9921875,AMD Ryzen 9 7950X 16-Core Processor,NVIDIA GeForce RTX 4080
1,sdps,0.04222159820647419,34.79258894920349,"Speech, Detect, Predict, Speech","0.018424, 0.002627, 0.002826, 0.018346","9.106, 7.136, 7.917, 10.634","54, 508, 508, 54",307200,82160,/home/jyoti/heterogeneous_edge/images/bear,/home/jyoti/heterogeneous_edge/test-clean/LibriSpeech/test-clean/1580/141083,12423.45703125,81,3261.9375,"32.8, 24.4, 31.3, 10.0, 6.2, 4.1, 10.6, 1.0, 30.1, 23.8, 15.4, 3.5, 10.9, 0.6, 1.5, 12.0, 49.9, 25.2, 23.0, 2.4, 1.5, 1.7, 0.5, 0.6, 25.7, 31.7, 6.5, 2.6, 16.5, 1.6, 2.3, 17.9",19,2712.051948051948,30.453655242919922,32,15.9921875,AMD Ryzen 9 7950X 16-Core Processor,NVIDIA GeForce RTX 4080
1,sdpd,0.026783888670166227,32.504013776779175,"Speech, Detect, Predict, Detect","0.018185, 0.002724, 0.003081, 0.002794","9.060, 7.427, 8.431, 7.586","54, 508, 508, 508",307200,82160,/home/jyoti/heterogeneous_edge/images/bear,/home/jyoti/heterogeneous_edge/test-clean/LibriSpeech/test-clean/1580/141083,12387.70703125,57,3261.9375,"39.4, 20.2, 19.4, 5.0, 6.0, 0.9, 0.2, 0.5, 38.4, 7.6, 4.5, 5.0, 9.5, 1.6, 2.2, 49.5, 56.0, 10.3, 53.1, 2.0, 2.2, 0.0, 0.5, 0.8, 52.5, 10.5, 0.9, 0.7, 9.8, 0.9, 1.7, 17.3",17,2711.1111111111113,30.453655242919922,32,15.9921875,AMD Ryzen 9 7950X 16-Core Processor,NVIDIA GeForce RTX 4080
1,sdpp,0.026761063502478855,34.460134506225586,"Speech, Detect, Predict, Predict","0.017811, 0.002638, 0.003123, 0.003189","10.450, 7.210, 8.328, 8.472","54, 508, 508, 508",307200,82160,/home/jyoti/heterogeneous_edge/images/bear,/home/jyoti/heterogeneous_edge/test-clean/LibriSpeech/test-clean/1580/141083,12495.03125,77,3261.9375,"29.4, 15.7, 17.0, 20.0, 3.8, 2.1, 2.4, 1.6, 23.6, 28.2, 27.0, 20.7, 5.3, 10.5, 3.1, 10.0, 32.6, 24.2, 57.6, 3.2, 5.4, 12.6, 1.7, 0.8, 7.5, 23.8, 13.4, 8.7, 0.5, 11.2, 1.2, 11.1",22,2759.1484716157206,30.453655242919922,32,15.9921875,AMD Ryzen 9 7950X 16-Core Processor,NVIDIA GeForce RTX 4080
1,spss,0.058575195100612425,37.095958948135376,"Speech, Predict, Speech, Speech","0.019039, 0.003177, 0.018597, 0.017761","10.061, 8.585, 9.666, 8.785","54, 508, 54, 54",307200,82160,/home/jyoti/heterogeneous_edge/images/bear,/home/jyoti/heterogeneous_edge/test-clean/LibriSpeech/test-clean/1580/141083,12470.87890625,81,3261.9375,"29.4, 8.7, 20.0, 1.6, 13.4, 10.4, 6.3, 1.4, 8.7, 1.0, 27.9, 24.5, 13.2, 9.2, 21.3, 14.0, 25.0, 11.5, 70.6, 1.8, 4.5, 10.0, 1.4, 0.6, 6.6, 3.0, 14.0, 4.3, 14.3, 0.9, 19.0, 30.1",22,2667.256097560976,30.453655242919922,32,15.9921875,AMD Ryzen 9 7950X 16-Core Processor,NVIDIA GeForce RTX 4080
1,spsd,0.043651741688538935,35.578505516052246,"Speech, Predict, Speech, Detect","0.018565, 0.003232, 0.018962, 0.002893","8.660, 8.702, 10.594, 7.623","54, 508, 54, 508",307200,82160,/home/jyoti/heterogeneous_edge/images/bear,/home/jyoti/heterogeneous_edge/test-clean/LibriSpeech/test-clean/1580/141083,12412.8046875,76,3261.9375,"7.0, 1.5, 36.1, 28.5, 2.7, 5.8, 4.3, 1.3, 4.8, 4.4, 8.7, 48.4, 13.3, 8.8, 25.8, 9.9, 3.4, 0.8, 50.5, 12.1, 0.6, 47.1, 7.9, 0.5, 4.8, 1.9, 0.9, 40.1, 20.0, 9.4, 2.0, 11.5",18,2711.1228813559323,30.453655242919922,32,15.9921875,AMD Ryzen 9 7950X 16-Core Processor,NVIDIA GeForce RTX 4080
1,spsp,0.042930068606007586,34.36677002906799,"Speech, Predict, Speech, Predict","0.018930, 0.002717, 0.018347, 0.002936","9.461, 7.654, 9.145, 8.107","54, 508, 54, 508",307200,82160,/home/jyoti/heterogeneous_edge/images/bear,/home/jyoti/heterogeneous_edge/test-clean/LibriSpeech/test-clean/1580/141083,12401.4765625,78,3262.25,"18.7, 12.6, 2.1, 0.1, 2.0, 5.9, 57.5, 9.1, 26.2, 3.9, 26.3, 28.4, 2.7, 10.1, 11.0, 4.5, 15.1, 10.0, 2.2, 1.5, 2.2, 26.8, 35.8, 19.3, 22.5, 2.6, 8.7, 35.5, 2.3, 8.8, 2.1, 6.2",20,2697.1052631578946,30.453655242919922,32,15.9921875,AMD Ryzen 9 7950X 16-Core Processor,NVIDIA GeForce RTX 4080
1,spds,0.04202539749198017,34.189412355422974,"Speech, Predict, Detect, Speech","0.018031, 0.003019, 0.002859, 0.018116","8.697, 8.308, 7.620, 9.564","54, 508, 508, 54",307200,82160,/home/jyoti/heterogeneous_edge/images/bear,/home/jyoti/heterogeneous_edge/test-clean/LibriSpeech/test-clean/1580/141083,12498.0390625,77,3262.25,"39.0, 53.2, 8.6, 4.7, 7.4, 3.9, 1.1, 3.7, 21.4, 3.1, 1.1, 10.5, 2.3, 3.6, 47.0, 6.8, 55.8, 20.3, 3.1, 1.0, 2.3, 8.0, 3.5, 7.2, 15.8, 14.5, 1.6, 12.3, 1.0, 4.2, 35.3, 22.7",17,2697.15859030837,30.453655242919922,32,15.9921875,AMD Ryzen 9 7950X 16-Core Processor,NVIDIA GeForce RTX 4080
1,spdd,0.026766471201516477,31.752946138381958,"Speech, Predict, Detect, Detect","0.018634, 0.002858, 0.002594, 0.002680","9.259, 7.950, 7.201, 7.342","54, 508, 508, 508",307200,82160,/home/jyoti/heterogeneous_edge/images/bear,/home/jyoti/heterogeneous_edge/test-clean/LibriSpeech/test-clean/1580/141083,12436.8203125,82,3262.25,"13.6, 13.8, 9.8, 5.9, 13.9, 4.8, 7.0, 13.8, 22.6, 39.7, 27.6, 16.1, 4.5, 3.8, 3.0, 5.7, 77.4, 9.2, 8.8, 3.2, 0.5, 6.4, 12.7, 14.6, 11.9, 23.2, 24.4, 8.2, 2.4, 1.8, 1.7, 12.3",23,2733.270142180095,30.453655242919922,32,15.9921875,AMD Ryzen 9 7950X 16-Core Processor,NVIDIA GeForce RTX 4080
1,spdp,0.02626750160396617,32.11462688446045,"Speech, Predict, Detect, Predict","0.017646, 0.002875, 0.002587, 0.003159","8.527, 8.034, 7.170, 8.385","54, 508, 508, 508",307200,82160,/home/jyoti/heterogeneous_edge/images/bear,/home/jyoti/heterogeneous_edge/test-clean/LibriSpeech/test-clean/1580/141083,12516.79296875,51,3262.25,"29.3, 14.3, 8.7, 7.2, 19.4, 9.1, 4.2, 0.6, 24.0, 16.3, 2.3, 3.9, 52.2, 2.4, 1.7, 3.7, 55.1, 11.6, 18.7, 3.4, 14.9, 10.4, 12.2, 1.0, 13.3, 0.2, 0.5, 1.4, 41.7, 0.2, 3.3, 36.3",18,2760.9813084112147,30.453655242919922,32,15.9921875,AMD Ryzen 9 7950X 16-Core Processor,NVIDIA GeForce RTX 4080
1,spps,0.04296517519685039,36.42505621910095,"Speech, Predict, Predict, Speech","0.018328, 0.003210, 0.003203, 0.018224","9.302, 8.577, 8.655, 9.891","54, 508, 508, 54",307200,82160,/home/jyoti/heterogeneous_edge/images/bear,/home/jyoti/heterogeneous_edge/test-clean/LibriSpeech/test-clean/1580/141083,12449.4375,83,3262.25,"21.9, 14.3, 15.5, 8.6, 2.7, 8.4, 33.3, 8.2, 24.7, 18.6, 3.0, 5.2, 1.5, 8.6, 14.6, 16.2, 43.6, 9.7, 10.2, 2.4, 1.0, 11.0, 25.3, 0.8, 30.2, 23.2, 1.7, 2.9, 24.8, 2.0, 24.4, 6.9",23,2732.4793388429753,30.453655242919922,32,15.9921875,AMD Ryzen 9 7950X 16-Core Processor,NVIDIA GeForce RTX 4080
1,sppd,0.02722013597258676,34.2423152923584,"Speech, Predict, Predict, Detect","0.018258, 0.003249, 0.002783, 0.002930","9.768, 8.740, 7.975, 7.760","54, 508, 508, 508",307200,82160,/home/jyoti/heterogeneous_edge/images/bear,/home/jyoti/heterogeneous_edge/test-clean/LibriSpeech/test-clean/1580/141083,12440.27734375,58,3262.25,"29.3, 49.1, 34.7, 1.2, 9.6, 3.6, 0.1, 0.8, 36.7, 17.0, 3.5, 14.0, 3.6, 36.2, 5.4, 33.4, 13.0, 44.3, 3.4, 1.6, 8.4, 0.0, 1.3, 0.7, 14.7, 6.2, 3.3, 5.7, 5.8, 9.6, 5.5, 20.4",20,2750.9868421052633,30.453655242919922,32,15.9921875,AMD Ryzen 9 7950X 16-Core Processor,NVIDIA GeForce RTX 4080
1,sppp,0.02702528514144065,34.42677044868469,"Speech, Predict, Predict, Predict","0.018360, 0.003020, 0.002668, 0.002978","10.204, 8.184, 7.407, 8.632","54, 508, 508, 508",307200,82160,/home/jyoti/heterogeneous_edge/images/bear,/home/jyoti/heterogeneous_edge/test-clean/LibriSpeech/test-clean/1580/141083,12476.70703125,78,3262.25,"16.1, 27.1, 6.6, 2.1, 3.7, 7.8, 7.0, 0.4, 28.4, 3.3, 2.4, 3.4, 5.8, 75.6, 20.5, 9.3, 24.4, 44.5, 45.0, 1.9, 1.8, 5.8, 11.7, 1.1, 30.2, 8.5, 6.0, 2.3, 5.7, 9.9, 4.6, 12.7",21,2678.318777292576,30.453655242919922,32,15.9921875,AMD Ryzen 9 7950X 16-Core Processor,NVIDIA GeForce RTX 4080
1,dsss,0.0577844887722368,35.43113923072815,"Detect, Speech, Speech, Speech","0.002534, 0.018405, 0.017815, 0.019031","6.966, 9.707, 9.389, 9.369","508, 54, 54, 54",307200,82160,/home/jyoti/heterogeneous_edge/images/bear,/home/jyoti/heterogeneous_edge/test-clean/LibriSpeech/test-clean/1580/141083,12514.07421875,81,3262.25,"24.6, 28.2, 5.7, 2.5, 2.3, 13.9, 7.6, 2.9, 38.3, 57.0, 3.8, 3.9, 3.3, 2.1, 3.8, 12.8, 41.9, 31.2, 4.2, 1.9, 6.1, 18.7, 8.4, 13.7, 17.2, 41.4, 3.9, 1.8, 4.2, 2.6, 2.9, 19.1",17,2662.7872340425533,30.453655242919922,32,15.9921875,AMD Ryzen 9 7950X 16-Core Processor,NVIDIA GeForce RTX 4080
1,dssd,0.04259416907261593,33.596086740493774,"Detect, Speech, Speech, Detect","0.002517, 0.018318, 0.019195, 0.002565","6.903, 9.187, 10.381, 7.125","508, 54, 54, 508",307200,82160,/home/jyoti/heterogeneous_edge/images/bear,/home/jyoti/heterogeneous_edge/test-clean/LibriSpeech/test-clean/1580/141083,12497.77734375,49,3262.25,"28.2, 18.2, 51.6, 1.7, 2.1, 9.5, 12.5, 1.7, 27.2, 35.5, 4.8, 3.8, 6.2, 2.2, 5.8, 5.5, 19.6, 28.3, 4.1, 0.7, 1.6, 24.2, 3.0, 1.7, 36.1, 62.2, 1.4, 7.8, 5.9, 0.5, 2.0, 7.9",18,2694.14798206278,30.453655242919922,32,15.9921875,AMD Ryzen 9 7950X 16-Core Processor,NVIDIA GeForce RTX 4080
1,dssp,0.04132576727909012,36.085811614990234,"Detect, Speech, Speech, Predict","0.002532, 0.018055, 0.017944, 0.002795","6.941, 9.230, 12.162, 7.752","508, 54, 54, 508",307200,82160,/home/jyoti/heterogeneous_edge/images/bear,/home/jyoti/heterogeneous_edge/test-clean/LibriSpeech/test-clean/1580/141083,12510.859375,79,3262.25,"15.4, 10.1, 16.6, 0.9, 2.7, 5.5, 10.8, 5.1, 17.4, 7.1, 41.5, 4.8, 2.3, 3.3, 13.9, 8.0, 22.9, 12.7, 44.4, 0.7, 2.3, 59.8, 9.5, 2.5, 60.8, 1.8, 2.0, 3.8, 6.3, 1.1, 7.7, 15.2",20,2660.25,30.453655242919922,32,15.9921875,AMD Ryzen 9 7950X 16-Core Processor,NVIDIA GeForce RTX 4080
1,dsds,0.041112120078740155,33.18118405342102,"Detect, Speech, Detect, Speech","0.002742, 0.017561, 0.002716, 0.018094","7.489, 9.386, 7.465, 8.841","508, 54, 508, 54",307200,82160,/home/jyoti/heterogeneous_edge/images/bear,/home/jyoti/heterogeneous_edge/test-clean/LibriSpeech/test-clean/1580/141083,12538.375,83,3262.25,"35.9, 6.0, 1.1, 5.2, 3.1, 15.2, 16.3, 10.6, 28.1, 29.5, 14.5, 3.6, 19.5, 2.1, 4.6, 7.5, 42.2, 4.0, 2.0, 2.7, 1.2, 41.5, 22.4, 5.6, 24.5, 39.6, 1.4, 2.0, 8.1, 1.8, 16.1, 17.2",20,2705.158371040724,30.453655242919922,32,15.9921875,AMD Ryzen 9 7950X 16-Core Processor,NVIDIA GeForce RTX 4080
1,dsdd,0.02721384784193643,31.150100231170654,"Detect, Speech, Detect, Detect","0.002772, 0.019201, 0.002626, 0.002615","7.396, 9.432, 7.204, 7.119","508, 54, 508, 508",307200,82160,/home/jyoti/heterogeneous_edge/images/bear,/home/jyoti/heterogeneous_edge/test-clean/LibriSpeech/test-clean/1580/141083,12477.76171875,77,3262.25,"19.4, 16.6, 12.0, 1.5, 1.3, 16.2, 3.1, 2.7, 31.1, 10.1, 20.3, 1.3, 0.6, 0.5, 1.7, 14.4, 49.7, 9.5, 50.2, 2.2, 3.1, 29.5, 1.2, 2.6, 0.5, 45.0, 44.9, 2.6, 2.9, 0.7, 1.5, 35.1",15,2732.31884057971,30.453655242919922,32,15.9921875,AMD Ryzen 9 7950X 16-Core Processor,NVIDIA GeForce RTX 4080
1,dsdp,0.025869379265091866,31.277228355407715,"Detect, Speech, Detect, Predict","0.002613, 0.017753, 0.002631, 0.002872","7.230, 8.624, 7.258, 8.164","508, 54, 508, 508",307200,82160,/home/jyoti/heterogeneous_edge/images/bear,/home/jyoti/heterogeneous_edge/test-clean/LibriSpeech/test-clean/1580/141083,12485.33984375,83,3262.25,"25.6, 31.7, 42.7, 2.8, 1.5, 7.4, 2.1, 0.1, 73.0, 18.8, 17.1, 2.3, 1.5, 8.7, 2.2, 10.3, 23.0, 9.4, 30.7, 4.6, 2.8, 40.4, 1.4, 0.8, 25.2, 7.2, 4.9, 1.2, 3.3, 14.7, 0.5, 20.3",17,2749.110576923077,30.453655242919922,32,15.9921875,AMD Ryzen 9 7950X 16-Core Processor,NVIDIA GeForce RTX 4080
1,dsps,0.04272023308544765,33.0682578086853,"Detect, Speech, Predict, Speech","0.002643, 0.018818, 0.002857, 0.018403","7.247, 8.727, 7.906, 9.188","508, 54, 508, 54",307200,82160,/home/jyoti/heterogeneous_edge/images/bear,/home/jyoti/heterogeneous_edge/test-clean/LibriSpeech/test-clean/1580/141083,12565.18359375,77,3262.25,"52.8, 5.5, 20.4, 10.9, 3.1, 5.7, 5.4, 1.8, 28.3, 42.8, 4.8, 3.2, 4.6, 9.5, 4.3, 31.4, 39.9, 4.7, 16.4, 2.9, 3.1, 46.6, 1.3, 0.9, 41.9, 1.1, 2.6, 1.1, 6.6, 11.3, 1.5, 18.8",17,2701.7727272727275,30.453655242919922,32,15.9921875,AMD Ryzen 9 7950X 16-Core Processor,NVIDIA GeForce RTX 4080
1,dspd,0.026568558544765235,32.29549789428711,"Detect, Speech, Predict, Detect","0.002796, 0.018304, 0.002821, 0.002648","7.612, 9.328, 8.006, 7.350","508, 54, 508, 508",307200,82160,/home/jyoti/heterogeneous_edge/images/bear,/home/jyoti/heterogeneous_edge/test-clean/LibriSpeech/test-clean/1580/141083,12490.8046875,74,3262.25,"10.2, 12.2, 2.3, 21.3, 77.8, 1.2, 17.8, 1.9, 55.5, 30.7, 3.9, 17.4, 1.0, 5.5, 8.6, 24.3, 29.1, 1.5, 0.9, 27.4, 11.1, 2.6, 1.2, 1.1, 23.3, 15.2, 1.7, 5.4, 2.8, 2.7, 6.1, 14.9",19,2717.232558139535,30.453655242919922,32,15.9921875,AMD Ryzen 9 7950X 16-Core Processor,NVIDIA GeForce RTX 4080
1,dspp,0.027146511956838728,32.37672448158264,"Detect, Speech, Predict, Predict","0.002623, 0.018557, 0.003149, 0.002817","7.253, 8.877, 8.332, 7.916","508, 54, 508, 508",307200,82160,/home/jyoti/heterogeneous_edge/images/bear,/home/jyoti/heterogeneous_edge/test-clean/LibriSpeech/test-clean/1580/141083,12491.2890625,73,3262.25,"18.8, 4.6, 2.7, 31.4, 14.8, 2.4, 22.4, 1.9, 45.5, 42.2, 3.6, 36.7, 2.6, 4.4, 2.4, 36.9, 35.4, 3.4, 1.8, 14.0, 63.7, 2.3, 5.5, 1.1, 9.6, 1.0, 3.0, 0.7, 2.4, 2.0, 4.4, 14.7",14,2734.2558139534885,30.453655242919922,32,15.9921875,AMD Ryzen 9 7950X 16-Core Processor,NVIDIA GeForce RTX 4080
1,ddss,0.041590680956547096,31.85211491584778,"Detect, Detect, Speech, Speech","0.002588, 0.002541, 0.018241, 0.018222","7.076, 7.050, 8.706, 9.021","508, 508, 54, 54",307200,82160,/home/jyoti/heterogeneous_edge/images/bear,/home/jyoti/heterogeneous_edge/test-clean/LibriSpeech/test-clean/1580/141083,12568.58203125,79,3262.25,"33.5, 5.7, 4.3, 27.3, 3.9, 16.6, 12.0, 18.3, 18.2, 48.4, 5.7, 22.7, 2.8, 4.5, 2.4, 24.5, 17.5, 4.0, 9.6, 2.7, 9.0, 46.7, 4.2, 2.9, 29.2, 8.9, 1.2, 2.0, 3.8, 0.8, 4.3, 52.8",18,2708.1367924528304,30.453655242919922,32,15.9921875,AMD Ryzen 9 7950X 16-Core Processor,NVIDIA GeForce RTX 4080
1,ddsd,0.026126424103237098,30.882022619247437,"Detect, Detect, Speech, Detect","0.002561, 0.002703, 0.018052, 0.002811","7.170, 7.345, 8.795, 7.572","508, 508, 54, 508",307200,82160,/home/jyoti/heterogeneous_edge/images/bear,/home/jyoti/heterogeneous_edge/test-clean/LibriSpeech/test-clean/1580/141083,12584.88671875,82,3262.25,"31.5, 5.3, 13.9, 2.4, 17.5, 15.4, 4.9, 6.5, 42.4, 32.1, 5.7, 1.2, 4.4, 2.6, 18.1, 12.5, 24.5, 72.6, 5.1, 3.6, 7.9, 6.1, 4.4, 3.9, 21.0, 12.1, 1.1, 2.6, 2.3, 1.5, 9.3, 58.3",20,2712.3058252427186,30.453655242919922,32,15.9921875,AMD Ryzen 9 7950X 16-Core Processor,NVIDIA GeForce RTX 4080
1,ddsp,0.02751582108486439,32.56517243385315,"Detect, Detect, Speech, Predict","0.002924, 0.002849, 0.018925, 0.002817","7.649, 7.584, 9.352, 7.979","508, 508, 54, 508",307200,82160,/home/jyoti/heterogeneous_edge/images/bear,/home/jyoti/heterogeneous_edge/test-clean/LibriSpeech/test-clean/1580/141083,12503.79296875,79,3262.25,"30.6, 44.2, 5.5, 1.7, 3.0, 8.1, 5.2, 5.9, 16.3, 25.9, 3.8, 15.4, 2.0, 0.8, 1.5, 65.4, 39.8, 57.8, 3.2, 3.5, 6.0, 6.5, 4.9, 2.9, 39.9, 11.5, 0.7, 16.5, 2.3, 2.9, 1.6, 10.0",18,2755.6451612903224,30.453655242919922,32,15.9921875,AMD Ryzen 9 7950X 16-Core Processor,NVIDIA GeForce RTX 4080
1,ddds,0.026801287255759698,31.30436420440674,"Detect, Detect, Detect, Speech","0.002657, 0.002548, 0.002873, 0.018724","7.285, 7.092, 7.639, 9.288","508, 508, 508, 54",307200,82160,/home/jyoti/heterogeneous_edge/images/bear,/home/jyoti/heterogeneous_edge/test-clean/LibriSpeech/test-clean/1580/141083,12549.19140625,78,3262.25,"11.1, 4.2, 6.5, 18.3, 29.4, 18.3, 15.2, 2.8, 11.5, 11.6, 18.3, 24.6, 25.9, 0.9, 2.2, 8.2, 9.0, 2.3, 18.0, 1.7, 1.2, 40.3, 21.4, 3.5, 30.9, 25.2, 6.2, 8.2, 7.0, 0.7, 1.6, 16.3",22,2717.3798076923076,30.453655242919922,32,15.9921875,AMD Ryzen 9 7950X 16-Core Processor,NVIDIA GeForce RTX 4080
1,dddd,0.010413305118110235,28.600404977798462,"Detect, Detect, Detect, Detect","0.002472, 0.002522, 0.002878, 0.002542","6.892, 6.958, 7.634, 7.116","508, 508, 508, 508",307200,,/home/jyoti/heterogeneous_edge/images/bear,/home/jyoti/heterogeneous_edge/test-clean/LibriSpeech/test-clean/1580/141083,11847.34765625,46,1620.25,"12.2, 18.0, 2.2, 1.1, 14.7, 26.8, 15.0, 0.5, 8.7, 19.8, 4.8, 0.0, 0.8, 1.9, 62.2, 22.0, 13.7, 48.4, 0.1, 1.4, 6.2, 19.2, 13.4, 1.9, 2.8, 12.2, 8.7, 7.1, 0.5, 3.3, 19.0, 7.1",19,2713.184210526316,30.453655242919922,32,15.9921875,AMD Ryzen 9 7950X 16-Core Processor,NVIDIA GeForce RTX 4080
1,dddp,0.011074767716535433,29.83685612678528,"Detect, Detect, Detect, Predict","0.002847, 0.002533, 0.002539, 0.003156","7.551, 7.000, 6.909, 8.376","508, 508, 508, 508",307200,,/home/jyoti/heterogeneous_edge/images/bear,/home/jyoti/heterogeneous_edge/test-clean/LibriSpeech/test-clean/1580/141083,11923.0859375,52,1668.25,"23.1, 16.5, 2.5, 12.3, 3.5, 12.8, 19.6, 0.3, 30.9, 0.7, 3.7, 2.2, 0.6, 2.4, 30.8, 9.0, 39.1, 21.9, 0.1, 4.2, 0.0, 13.6, 1.8, 2.3, 11.3, 0.4, 5.3, 7.6, 2.1, 3.6, 52.7, 35.4",16,2737.311557788945,30.453655242919922,32,15.9921875,AMD Ryzen 9 7950X 16-Core Processor,NVIDIA GeForce RTX 4080
1,ddps,0.026900404053659958,36.36262631416321,"Detect, Detect, Predict, Speech","0.002676, 0.002754, 0.003093, 0.018377","7.348, 7.335, 8.326, 13.353","508, 508, 508, 54",307200,82160,/home/jyoti/heterogeneous_edge/images/bear,/home/jyoti/heterogeneous_edge/test-clean/LibriSpeech/test-clean/1580/141083,12518.87890625,48,3262.25,"13.5, 15.8, 31.9, 1.2, 1.0, 19.9, 3.7, 13.8, 19.6, 13.3, 4.7, 10.1, 49.5, 6.0, 2.7, 20.0, 10.8, 45.7, 27.7, 0.6, 1.2, 16.0, 0.2, 1.0, 0.9, 3.6, 11.4, 4.5, 20.2, 3.3, 20.2, 5.9",19,2705.4545454545455,30.453655242919922,32,15.9921875,AMD Ryzen 9 7950X 16-Core Processor,NVIDIA GeForce RTX 4080
1,ddpd,0.011869732283464569,31.272196054458618,"Detect, Detect, Predict, Detect","0.002917, 0.002854, 0.003132, 0.002968","7.665, 7.566, 8.394, 7.647","508, 508, 508, 508",307200,,/home/jyoti/heterogeneous_edge/images/bear,/home/jyoti/heterogeneous_edge/test-clean/LibriSpeech/test-clean/1580/141083,11885.8203125,53,1668.25,"3.6, 9.9, 2.4, 9.6, 15.4, 17.6, 22.6, 2.3, 27.5, 2.2, 3.8, 5.0, 7.4, 10.5, 27.4, 23.6, 40.9, 10.9, 14.0, 11.4, 10.1, 31.1, 12.5, 0.2, 9.1, 1.3, 4.1, 0.2, 15.9, 5.6, 33.9, 24.5",23,2747.235576923077,30.453655242919922,32,15.9921875,AMD Ryzen 9 7950X 16-Core Processor,NVIDIA GeForce RTX 4080
1,ddpp,0.011181891732283466,30.68484377861023,"Detect, Detect, Predict, Predict","0.002872, 0.002673, 0.002830, 0.002807","7.646, 7.197, 7.945, 7.896","508, 508, 508, 508",307200,,/home/jyoti/heterogeneous_edge/images/bear,/home/jyoti/heterogeneous_edge/test-clean/LibriSpeech/test-clean/1580/141083,11916.14453125,52,1668.25,"15.5, 5.6, 2.3, 12.8, 6.9, 20.4, 26.0, 23.5, 23.7, 22.6, 5.8, 16.1, 8.9, 7.8, 27.1, 14.5, 18.9, 8.3, 11.3, 15.5, 11.4, 34.4, 0.6, 13.3, 12.5, 2.4, 9.4, 0.5, 2.0, 4.2, 6.2, 31.1",26,2738.014705882353,30.453655242919922,32,15.9921875,AMD Ryzen 9 7950X 16-Core Processor,NVIDIA GeForce RTX 4080
1,dpss,0.04152867811315253,36.552072286605835,"Detect, Predict, Speech, Speech","0.002574, 0.002822, 0.018380, 0.017752","7.106, 7.875, 8.959, 12.613","508, 508, 54, 54",307200,82160,/home/jyoti/heterogeneous_edge/images/bear,/home/jyoti/heterogeneous_edge/test-clean/LibriSpeech/test-clean/1580/141083,12562.48046875,78,3262.25,"6.6, 17.3, 6.8, 16.4, 11.7, 10.4, 27.6, 16.5, 43.6, 43.6, 5.7, 5.1, 3.3, 2.8, 15.5, 14.0, 15.1, 26.5, 6.0, 26.6, 9.2, 18.0, 14.9, 7.6, 14.0, 13.5, 4.2, 1.4, 1.5, 0.9, 8.9, 14.9",26,2674.567901234568,30.453655242919922,32,15.9921875,AMD Ryzen 9 7950X 16-Core Processor,NVIDIA GeForce RTX 4080
1,dpsd,0.026203974555263923,31.91160535812378,"Detect, Predict, Speech, Detect","0.002899, 0.002991, 0.017445, 0.002870","7.715, 8.043, 8.541, 7.612","508, 508, 54, 508",307200,82160,/home/jyoti/heterogeneous_edge/images/bear,/home/jyoti/heterogeneous_edge/test-clean/LibriSpeech/test-clean/1580/141083,12588.046875,78,3262.25,"11.6, 9.5, 1.4, 26.2, 3.6, 8.8, 0.7, 18.6, 19.6, 26.4, 3.6, 3.9, 7.8, 58.7, 6.2, 23.6, 9.8, 13.3, 2.9, 17.9, 13.0, 58.3, 0.6, 28.1, 7.2, 5.8, 6.4, 8.9, 0.6, 17.0, 0.9, 14.7",23,2752.0754716981132,30.453655242919922,32,15.9921875,AMD Ryzen 9 7950X 16-Core Processor,NVIDIA GeForce RTX 4080
1,dpsp,0.02607861001749781,32.87336349487305,"Detect, Predict, Speech, Predict","0.002861, 0.003024, 0.017434, 0.002760","7.612, 8.216, 9.251, 7.795","508, 508, 54, 508",307200,82160,/home/jyoti/heterogeneous_edge/images/bear,/home/jyoti/heterogeneous_edge/test-clean/LibriSpeech/test-clean/1580/141083,12501.98828125,79,3262.25,"17.1, 14.6, 3.2, 17.9, 32.0, 13.5, 15.4, 2.5, 8.2, 19.0, 11.2, 9.4, 4.5, 37.9, 24.0, 19.0, 25.3, 17.7, 0.6, 8.6, 17.4, 5.3, 15.3, 1.2, 5.9, 2.6, 11.6, 8.2, 4.5, 16.0, 4.7, 17.3",24,2733.219178082192,30.453655242919922,32,15.9921875,AMD Ryzen 9 7950X 16-Core Processor,NVIDIA GeForce RTX 4080
1,dpds,0.027323595727617382,32.59355926513672,"Detect, Predict, Detect, Speech","0.002830, 0.003187, 0.002866, 0.018440","7.544, 8.424, 7.486, 9.140","508, 508, 508, 54",307200,82160,/home/jyoti/heterogeneous_edge/images/bear,/home/jyoti/heterogeneous_edge/test-clean/LibriSpeech/test-clean/1580/141083,12604.78125,76,3262.25,"3.7, 21.7, 9.8, 6.7, 4.9, 11.7, 10.5, 23.8, 27.1, 1.6, 1.9, 6.1, 1.4, 34.2, 5.1, 32.1, 8.0, 31.1, 19.7, 0.1, 4.4, 7.0, 4.6, 20.9, 21.1, 2.4, 5.3, 4.5, 3.1, 39.1, 3.7, 25.0",20,2705.253456221198,30.453655242919922,32,15.9921875,AMD Ryzen 9 7950X 16-Core Processor,NVIDIA GeForce RTX 4080
1,dpdd,0.010736972440944882,29.46628427505493,"Detect, Predict, Detect, Detect","0.002528, 0.003108, 0.002550, 0.002550","7.092, 8.226, 7.002, 7.146","508, 508, 508, 508",307200,,/home/jyoti/heterogeneous_edge/images/bear,/home/jyoti/heterogeneous_edge/test-clean/LibriSpeech/test-clean/1580/141083,11934.59375,46,1668.25,"6.3, 8.5, 2.7, 9.2, 28.5, 9.2, 12.6, 15.3, 17.1, 1.6, 3.4, 5.2, 3.1, 46.3, 2.9, 11.3, 10.1, 7.5, 46.7, 19.9, 10.6, 5.7, 21.8, 12.2, 35.0, 1.7, 2.2, 5.6, 4.2, 29.4, 6.7, 17.5",24,2747.5255102040815,30.453655242919922,32,15.9921875,AMD Ryzen 9 7950X 16-Core Processor,NVIDIA GeForce RTX 4080
1,dpdp,0.011188911417322835,30.456509351730347,"Detect, Predict, Detect, Predict","0.002574, 0.003095, 0.002622, 0.002898","7.005, 8.288, 7.076, 8.087","508, 508, 508, 508",307200,,/home/jyoti/heterogeneous_edge/images/bear,/home/jyoti/heterogeneous_edge/test-clean/LibriSpeech/test-clean/1580/141083,11974.55078125,49,1667.6875,"4.3, 7.1, 0.1, 0.8, 21.4, 12.6, 16.3, 4.9, 39.2, 9.7, 4.8, 8.8, 9.7, 16.3, 4.0, 5.3, 47.3, 12.9, 19.1, 1.1, 20.1, 41.4, 10.4, 8.1, 22.6, 1.1, 4.1, 9.5, 6.1, 26.9, 8.6, 7.8",23,2758.152709359606,30.453655242919922,32,15.9921875,AMD Ryzen 9 7950X 16-Core Processor,NVIDIA GeForce RTX 4080
1,dpps,0.026848353528725576,32.769946813583374,"Detect, Predict, Predict, Speech","0.002754, 0.002852, 0.003028, 0.018214","7.443, 7.960, 8.186, 9.181","508, 508, 508, 54",307200,82160,/home/jyoti/heterogeneous_edge/images/bear,/home/jyoti/heterogeneous_edge/test-clean/LibriSpeech/test-clean/1580/141083,12502.765625,46,3261.6875,"17.7, 8.8, 1.5, 6.9, 11.0, 13.6, 19.9, 22.2, 37.4, 28.7, 22.3, 1.5, 2.4, 1.0, 2.7, 17.6, 14.5, 30.2, 1.6, 2.8, 1.3, 48.8, 8.5, 16.8, 12.8, 19.5, 5.3, 3.4, 0.2, 2.0, 5.1, 25.8",21,2721.605504587156,30.453655242919922,32,15.9921875,AMD Ryzen 9 7950X 16-Core Processor,NVIDIA GeForce RTX 4080
1,dppd,0.011353639763779526,30.635558366775513,"Detect, Predict, Predict, Detect","0.002810, 0.002919, 0.003057, 0.002568","7.410, 7.927, 8.222, 7.077","508, 508, 508, 508",307200,,/home/jyoti/heterogeneous_edge/images/bear,/home/jyoti/heterogeneous_edge/test-clean/LibriSpeech/test-clean/1580/141083,11902.8828125,60,1667.6875,"31.2, 8.5, 13.0, 3.6, 19.6, 7.7, 8.7, 25.1, 19.2, 36.4, 14.5, 7.3, 1.4, 0.3, 2.6, 36.0, 11.7, 2.4, 8.8, 0.7, 16.3, 5.2, 5.9, 7.7, 25.5, 23.3, 9.1, 4.3, 0.6, 0.3, 1.8, 10.0",22,2716.6176470588234,30.453655242919922,32,15.9921875,AMD Ryzen 9 7950X 16-Core Processor,NVIDIA GeForce RTX 4080
1,dppp,0.011998352362204725,32.448814868927,"Detect, Predict, Predict, Predict","0.002872, 0.002771, 0.003138, 0.003218","7.539, 7.882, 8.358, 8.670","508, 508, 508, 508",307200,,/home/jyoti/heterogeneous_edge/images/bear,/home/jyoti/heterogeneous_edge/test-clean/LibriSpeech/test-clean/1580/141083,11934.38671875,58,1667.6875,"19.4, 8.1, 0.5, 1.0, 18.5, 4.0, 4.4, 15.7, 13.6, 60.4, 8.2, 7.5, 4.4, 20.4, 20.6, 4.2, 23.5, 12.3, 1.0, 1.4, 50.6, 34.1, 8.2, 6.3, 10.9, 23.0, 16.1, 7.0, 6.5, 6.5, 5.0, 7.4",23,2765.4166666666665,30.453655242919922,32,15.9921875,AMD Ryzen 9 7950X 16-Core Processor,NVIDIA GeForce RTX 4080
1,psss,0.05709742621755613,37.93162488937378,"Predict, Speech, Speech, Speech","0.002752, 0.017861, 0.018156, 0.018329","7.710, 12.041, 8.991, 9.190","508, 54, 54, 54",307200,82160,/home/jyoti/heterogeneous_edge/images/bear,/home/jyoti/heterogeneous_edge/test-clean/LibriSpeech/test-clean/1580/141083,12622.33203125,81,3261.6875,"13.1, 12.9, 5.1, 3.1, 6.9, 25.8, 13.1, 7.2, 28.6, 24.9, 7.7, 10.2, 5.2, 1.2, 8.9, 10.7, 4.4, 15.0, 11.9, 6.6, 1.4, 50.3, 11.9, 23.0, 15.2, 55.9, 5.7, 7.1, 3.5, 3.5, 9.1, 17.4",26,2672.3055555555557,30.453655242919922,32,15.9921875,AMD Ryzen 9 7950X 16-Core Processor,NVIDIA GeForce RTX 4080
1,pssd,0.042100815616797904,33.86116361618042,"Predict, Speech, Speech, Detect","0.002889, 0.018510, 0.017909, 0.002793","8.042, 8.759, 9.596, 7.463","508, 54, 54, 508",307200,82160,/home/jyoti/heterogeneous_edge/images/bear,/home/jyoti/heterogeneous_edge/test-clean/LibriSpeech/test-clean/1580/141083,12636.578125,73,3261.6875,"12.2, 22.1, 3.9, 4.1, 2.1, 10.3, 33.9, 28.0, 20.4, 20.9, 5.9, 2.9, 14.1, 5.5, 13.4, 20.9, 17.3, 21.5, 4.4, 1.7, 1.0, 4.7, 28.6, 5.7, 10.9, 28.4, 5.0, 6.1, 4.9, 4.3, 9.3, 12.6",21,2705.4666666666667,30.453655242919922,32,15.9921875,AMD Ryzen 9 7950X 16-Core Processor,NVIDIA GeForce RTX 4080
1,pssp,0.041887824146981625,34.37537217140198,"Predict, Speech, Speech, Predict","0.003096, 0.018430, 0.017568, 0.002794","8.370, 9.413, 8.791, 7.802","508, 54, 54, 508",307200,82160,/home/jyoti/heterogeneous_edge/images/bear,/home/jyoti/heterogeneous_edge/test-clean/LibriSpeech/test-clean/1580/141083,12619.171875,77,3261.6875,"15.9, 9.4, 4.3, 5.3, 20.0, 12.2, 21.7, 26.0, 34.2, 19.6, 3.4, 28.3, 17.7, 3.0, 3.1, 2.9, 5.6, 1.4, 3.4, 5.3, 3.0, 12.5, 14.4, 26.6, 1.2, 10.4, 7.5, 12.4, 15.4, 2.4, 3.1, 13.4",21,2709.934210526316,30.453655242919922,32,15.9921875,AMD Ryzen 9 7950X 16-Core Processor,NVIDIA GeForce RTX 4080
1,psds,0.04229324343832021,35.615633726119995,"Predict, Speech, Detect, Speech","0.002941, 0.017839, 0.002598, 0.018915","8.050, 11.120, 7.108, 9.338","508, 54, 508, 54",307200,82160,/home/jyoti/heterogeneous_edge/images/bear,/home/jyoti/heterogeneous_edge/test-clean/LibriSpeech/test-clean/1580/141083,12626.609375,82,3261.6875,"38.8, 10.6, 11.1, 3.9, 1.8, 3.3, 3.2, 3.3, 37.9, 2.9, 9.3, 68.8, 4.2, 2.1, 2.3, 2.8, 21.8, 7.6, 12.3, 2.5, 3.9, 96.1, 5.4, 1.2, 29.2, 3.6, 7.5, 21.3, 13.6, 5.9, 1.9, 11.3",17,2707.025316455696,30.453655242919922,32,15.9921875,AMD Ryzen 9 7950X 16-Core Processor,NVIDIA GeForce RTX 4080
1,psdd,0.0264997736949548,31.627680778503418,"Predict, Speech, Detect, Detect","0.002783, 0.018574, 0.002602, 0.002541","7.799, 9.456, 7.217, 7.156","508, 54, 508, 508",307200,82160,/home/jyoti/heterogeneous_edge/images/bear,/home/jyoti/heterogeneous_edge/test-clean/LibriSpeech/test-clean/1580/141083,12853.453125,71,3261.6875,"21.6, 10.1, 7.6, 21.6, 1.1, 12.1, 16.3, 1.1, 25.6, 23.5, 5.8, 17.3, 38.0, 5.0, 5.4, 3.2, 13.4, 7.5, 11.3, 2.6, 1.6, 87.1, 5.3, 1.8, 9.7, 3.9, 2.7, 29.3, 17.8, 11.4, 4.4, 14.0",23,2731.1428571428573,30.453655242919922,32,15.9921875,AMD Ryzen 9 7950X 16-Core Processor,NVIDIA GeForce RTX 4080
1,psdp,0.027218496937882763,32.80903959274292,"Predict, Speech, Detect, Predict","0.002734, 0.019041, 0.002490, 0.002955","7.735, 9.957, 7.028, 8.089","508, 54, 508, 508",307200,82160,/home/jyoti/heterogeneous_edge/images/bear,/home/jyoti/heterogeneous_edge/test-clean/LibriSpeech/test-clean/1580/141083,12741.55078125,78,3261.6875,"29.2, 6.0, 1.6, 15.4, 0.6, 22.0, 36.3, 1.1, 30.7, 13.8, 7.6, 9.4, 29.1, 3.7, 10.7, 5.2, 30.1, 0.5, 2.3, 5.7, 0.7, 61.5, 4.7, 0.6, 30.2, 8.9, 2.3, 3.2, 39.6, 7.4, 10.5, 9.0",21,2749.266055045872,30.453655242919922,32,15.9921875,AMD Ryzen 9 7950X 16-Core Processor,NVIDIA GeForce RTX 4080
1,psps,0.04073770129775445,35.87495017051697,"Predict, Speech, Predict, Speech","0.002994, 0.018055, 0.002805, 0.016884","8.153, 10.549, 7.831, 9.343","508, 54, 508, 54",307200,82160,/home/jyoti/heterogeneous_edge/images/bear,/home/jyoti/heterogeneous_edge/test-clean/LibriSpeech/test-clean/1580/141083,12693.484375,76,3261.6875,"42.3, 28.7, 3.3, 9.6, 20.3, 18.0, 1.3, 2.6, 36.4, 55.2, 39.0, 2.9, 1.7, 3.1, 0.3, 10.2, 30.5, 5.5, 0.7, 11.2, 0.8, 12.0, 1.0, 16.9, 10.2, 27.8, 6.9, 1.9, 5.4, 7.6, 7.3, 6.4",21,2712.415966386555,30.453655242919922,32,15.9921875,AMD Ryzen 9 7950X 16-Core Processor,NVIDIA GeForce RTX 4080
1,pspd,0.026604972951297757,32.26796841621399,"Predict, Speech, Predict, Detect","0.002877, 0.018221, 0.002874, 0.002633","8.066, 8.839, 8.041, 7.322","508, 54, 508, 508",307200,82160,/home/jyoti/heterogeneous_edge/images/bear,/home/jyoti/heterogeneous_edge/test-clean/LibriSpeech/test-clean/1580/141083,12756.5859375,52,3261.6875,"15.8, 0.5, 3.0, 21.8, 47.1, 10.3, 5.5, 3.6, 14.8, 62.3, 21.5, 16.0, 4.6, 4.0, 2.0, 15.0, 15.0, 11.7, 2.5, 44.5, 40.0, 6.2, 2.6, 1.2, 4.0, 11.7, 19.4, 7.3, 2.2, 9.7, 1.8, 13.0",20,2709.4186046511627,30.453655242919922,32,15.9921875,AMD Ryzen 9 7950X 16-Core Processor,NVIDIA GeForce RTX 4080
1,pspp,0.026549027559055118,32.36073613166809,"Predict, Speech, Predict, Predict","0.002910, 0.018000, 0.002810, 0.002828","7.974, 8.722, 7.845, 7.820","508, 54, 508, 508",307200,82160,/home/jyoti/heterogeneous_edge/images/bear,/home/jyoti/heterogeneous_edge/test-clean/LibriSpeech/test-clean/1580/141083,12703.58203125,78,3261.6875,"26.7, 3.3, 1.2, 26.2, 38.3, 2.9, 3.0, 8.9, 22.8, 25.4, 26.5, 15.2, 1.1, 1.5, 18.0, 5.3, 25.0, 0.2, 1.0, 13.9, 60.6, 3.7, 3.2, 1.8, 2.7, 2.1, 0.8, 22.6, 1.4, 1.7, 2.7, 55.8",15,2737.5348837209303,30.453655242919922,32,15.9921875,AMD Ryzen 9 7950X 16-Core Processor,NVIDIA GeForce RTX 4080
1,pdss,0.043348518008165644,33.21655035018921,"Predict, Detect, Speech, Speech","0.002957, 0.002604, 0.019130, 0.018656","8.148, 7.219, 9.041, 8.809","508, 508, 54, 54",307200,82160,/home/jyoti/heterogeneous_edge/images/bear,/home/jyoti/heterogeneous_edge/test-clean/LibriSpeech/test-clean/1580/141083,12769.2890625,80,3261.6875,"26.0, 20.9, 39.1, 2.9, 19.9, 6.6, 6.0, 4.4, 50.2, 9.7, 2.2, 57.8, 2.8, 1.5, 4.1, 16.9, 27.8, 2.0, 27.6, 5.6, 3.5, 14.2, 6.4, 9.0, 13.4, 0.6, 1.1, 26.0, 1.9, 2.0, 14.3, 7.3",20,2709.298642533937,30.453655242919922,32,15.9921875,AMD Ryzen 9 7950X 16-Core Processor,NVIDIA GeForce RTX 4080
1,pdsd,0.026692029454651503,31.998409271240234,"Predict, Detect, Speech, Detect","0.002789, 0.002823, 0.018306, 0.002774","7.801, 7.476, 9.199, 7.522","508, 508, 54, 508",307200,82160,/home/jyoti/heterogeneous_edge/images/bear,/home/jyoti/heterogeneous_edge/test-clean/LibriSpeech/test-clean/1580/141083,12764.65234375,77,3261.6875,"23.6, 4.7, 0.8, 3.2, 2.2, 26.0, 18.4, 12.1, 45.1, 1.1, 7.1, 0.6, 34.3, 2.4, 2.2, 9.6, 57.3, 23.4, 1.1, 4.7, 1.5, 28.7, 7.0, 5.5, 23.4, 2.4, 10.7, 9.0, 42.7, 1.4, 4.5, 7.9",18,2714.788732394366,30.453655242919922,32,15.9921875,AMD Ryzen 9 7950X 16-Core Processor,NVIDIA GeForce RTX 4080
1,pdsp,0.026452630285797606,32.583144187927246,"Predict, Detect, Speech, Predict","0.003111, 0.002749, 0.017738, 0.002855","8.383, 7.436, 8.912, 7.853","508, 508, 54, 508",307200,82160,/home/jyoti/heterogeneous_edge/images/bear,/home/jyoti/heterogeneous_edge/test-clean/LibriSpeech/test-clean/1580/141083,12776.34765625,84,3261.6875,"14.0, 2.9, 22.8, 51.5, 4.5, 1.6, 15.1, 4.8, 39.5, 3.6, 9.9, 2.2, 13.4, 13.0, 25.8, 1.8, 18.8, 3.7, 37.2, 25.9, 3.3, 4.0, 9.8, 13.4, 0.2, 2.2, 9.3, 0.0, 33.3, 8.9, 28.2, 14.5",19,2750.5299539170505,30.453655242919922,32,15.9921875,AMD Ryzen 9 7950X 16-Core Processor,NVIDIA GeForce RTX 4080
1,pdds,0.026764864246135903,31.7973370552063,"Predict, Detect, Detect, Speech","0.002915, 0.002760, 0.002803, 0.018287","8.015, 7.526, 7.434, 8.822","508, 508, 508, 54",307200,82160,/home/jyoti/heterogeneous_edge/images/bear,/home/jyoti/heterogeneous_edge/test-clean/LibriSpeech/test-clean/1580/141083,12813.6171875,84,3261.6875,"15.7, 3.4, 2.0, 25.3, 25.4, 11.0, 13.9, 5.5, 38.3, 2.2, 23.7, 0.6, 1.1, 0.9, 65.8, 4.3, 28.8, 2.4, 3.3, 5.0, 44.8, 17.1, 6.8, 5.4, 11.7, 1.9, 19.9, 0.4, 3.8, 1.8, 25.7, 8.6",18,2735.9715639810424,30.453655242919922,32,15.9921875,AMD Ryzen 9 7950X 16-Core Processor,NVIDIA GeForce RTX 4080
1,pddd,0.010694387795275592,29.765514612197876,"Predict, Detect, Detect, Detect","0.002818, 0.002584, 0.002566, 0.002726","7.874, 7.214, 7.191, 7.487","508, 508, 508, 508",307200,,/home/jyoti/heterogeneous_edge/images/bear,/home/jyoti/heterogeneous_edge/test-clean/LibriSpeech/test-clean/1580/141083,12094.7734375,57,1667.6875,"20.1, 4.5, 16.2, 3.4, 7.0, 19.7, 17.2, 17.1, 61.3, 4.7, 24.1, 2.9, 0.3, 1.4, 38.5, 0.7, 29.7, 1.1, 6.6, 4.0, 1.4, 57.6, 2.9, 10.0, 25.6, 8.2, 3.2, 0.4, 0.0, 1.5, 33.8, 8.6",17,2786.1363636363635,30.453655242919922,32,15.9921875,AMD Ryzen 9 7950X 16-Core Processor,NVIDIA GeForce RTX 4080
1,pddp,0.011148708661417322,30.746444702148438,"Predict, Detect, Detect, Predict","0.002844, 0.002676, 0.002591, 0.003038","7.885, 7.399, 7.225, 8.238","508, 508, 508, 508",307200,,/home/jyoti/heterogeneous_edge/images/bear,/home/jyoti/heterogeneous_edge/test-clean/LibriSpeech/test-clean/1580/141083,12124.6875,57,1667.6875,"15.3, 18.7, 3.7, 1.6, 6.7, 10.2, 30.8, 27.0, 42.7, 24.7, 42.0, 25.4, 2.9, 1.3, 0.4, 2.4, 23.2, 10.0, 5.2, 2.0, 2.5, 14.5, 11.7, 32.1, 19.4, 19.9, 16.0, 2.4, 2.0, 1.5, 0.0, 22.4",20,2798.3414634146343,30.453655242919922,32,15.9921875,AMD Ryzen 9 7950X 16-Core Processor,NVIDIA GeForce RTX 4080
1,pdps,0.02695044641294838,33.29328632354736,"Predict, Detect, Predict, Speech","0.003100, 0.002852, 0.002789, 0.018210","8.333, 7.591, 7.732, 9.637","508, 508, 508, 54",307200,82160,/home/jyoti/heterogeneous_edge/images/bear,/home/jyoti/heterogeneous_edge/test-clean/LibriSpeech/test-clean/1580/141083,12686.33203125,81,3261.6875,"13.3, 5.0, 22.0, 10.4, 39.1, 24.6, 21.6, 10.7, 27.8, 30.6, 2.7, 5.7, 3.3, 2.6, 43.4, 6.2, 25.7, 2.4, 2.3, 8.2, 7.8, 3.4, 2.5, 18.4, 53.5, 4.7, 3.7, 0.4, 3.7, 0.6, 15.5, 9.2",20,2760.7466063348415,30.453655242919922,32,15.9921875,AMD Ryzen 9 7950X 16-Core Processor,NVIDIA GeForce RTX 4080
1,pdpd,0.011356470472440944,31.411351203918457,"Predict, Detect, Predict, Detect","0.003004, 0.002614, 0.003034, 0.002705","8.329, 7.377, 8.332, 7.373","508, 508, 508, 508",307200,,/home/jyoti/heterogeneous_edge/images/bear,/home/jyoti/heterogeneous_edge/test-clean/LibriSpeech/test-clean/1580/141083,12140.921875,60,1667.6875,"42.1, 12.0, 12.3, 48.5, 3.9, 2.8, 2.7, 1.3, 40.0, 34.0, 15.0, 7.5, 4.1, 2.3, 20.8, 17.9, 9.0, 15.4, 9.3, 31.7, 5.9, 3.1, 2.7, 25.5, 43.6, 10.8, 0.0, 4.8, 0.2, 0.1, 0.2, 7.7",19,2769.4736842105262,30.453655242919922,32,15.9921875,AMD Ryzen 9 7950X 16-Core Processor,NVIDIA GeForce RTX 4080
1,pdpp,0.011935633858267717,32.114842891693115,"Predict, Detect, Predict, Predict","0.003213, 0.002774, 0.002872, 0.003076","8.457, 7.446, 7.971, 8.241","508, 508, 508, 508",307200,,/home/jyoti/heterogeneous_edge/images/bear,/home/jyoti/heterogeneous_edge/test-clean/LibriSpeech/test-clean/1580/141083,12134.1953125,53,1667.6875,"19.6, 16.6, 4.7, 1.4, 18.8, 17.8, 0.3, 6.1, 60.5, 26.1, 1.3, 2.1, 1.2, 0.4, 27.9, 6.9, 38.6, 6.8, 6.9, 8.8, 8.5, 73.9, 3.0, 3.7, 10.2, 43.1, 0.2, 2.4, 0.1, 0.2, 0.1, 18.7",18,2776.96261682243,30.453655242919922,32,15.9921875,AMD Ryzen 9 7950X 16-Core Processor,NVIDIA GeForce RTX 4080
1,ppss,0.04284659791484398,36.81753897666931,"Predict, Predict, Speech, Speech","0.003088, 0.003071, 0.018563, 0.018125","8.234, 8.200, 8.892, 11.491","508, 508, 54, 54",307200,82160,/home/jyoti/heterogeneous_edge/images/bear,/home/jyoti/heterogeneous_edge/test-clean/LibriSpeech/test-clean/1580/141083,12767.9609375,83,3261.6875,"11.8, 10.7, 12.4, 36.5, 4.3, 9.6, 3.5, 16.2, 34.9, 26.6, 4.3, 2.2, 4.4, 0.6, 31.8, 19.0, 16.5, 23.4, 7.2, 13.3, 6.3, 21.9, 7.8, 7.8, 26.2, 10.5, 2.0, 0.9, 1.3, 0.4, 31.6, 18.6",22,2713.3469387755104,30.453655242919922,32,15.9921875,AMD Ryzen 9 7950X 16-Core Processor,NVIDIA GeForce RTX 4080
1,ppsd,0.0268815701370662,32.981868267059326,"Predict, Predict, Speech, Detect","0.003088, 0.003032, 0.018155, 0.002607","8.347, 8.254, 9.091, 7.290","508, 508, 54, 508",307200,82160,/home/jyoti/heterogeneous_edge/images/bear,/home/jyoti/heterogeneous_edge/test-clean/LibriSpeech/test-clean/1580/141083,12815.4609375,83,3261.6875,"7.8, 61.7, 4.7, 1.8, 4.2, 15.0, 1.2, 43.8, 41.1, 2.0, 1.1, 9.7, 0.8, 0.2, 24.0, 26.3, 20.7, 23.7, 2.0, 7.8, 6.9, 6.0, 5.4, 15.5, 29.8, 0.5, 0.5, 6.1, 1.9, 1.0, 45.1, 16.2",19,2742.1917808219177,30.453655242919922,32,15.9921875,AMD Ryzen 9 7950X 16-Core Processor,NVIDIA GeForce RTX 4080
1,ppsp,0.026889657334499856,33.41375422477722,"Predict, Predict, Speech, Predict","0.002841, 0.002897, 0.018319, 0.002833","7.954, 8.099, 9.391, 7.970","508, 508, 54, 508",307200,82160,/home/jyoti/heterogeneous_edge/images/bear,/home/jyoti/heterogeneous_edge/test-clean/LibriSpeech/test-clean/1580/141083,12812.2421875,83,3261.6875,"18.3, 20.0, 4.8, 1.2, 3.9, 2.3, 18.3, 16.1, 32.4, 0.9, 55.0, 1.0, 2.9, 1.0, 0.5, 7.2, 32.9, 79.2, 3.4, 4.9, 4.6, 1.9, 10.0, 6.4, 45.1, 0.5, 41.4, 3.1, 1.3, 1.4, 4.2, 7.7",14,2747.972972972973,30.453655242919922,32,15.9921875,AMD Ryzen 9 7950X 16-Core Processor,NVIDIA GeForce RTX 4080
1,ppds,0.026510726742490522,31.34301209449768,"Predict, Predict, Detect, Speech","0.002873, 0.002898, 0.002600, 0.018139","7.981, 8.026, 7.115, 8.221","508, 508, 508, 54",307200,82160,/home/jyoti/heterogeneous_edge/images/bear,/home/jyoti/heterogeneous_edge/test-clean/LibriSpeech/test-clean/1580/141083,12805.4296875,81,3261.6875,"28.7, 21.0, 2.7, 2.8, 17.7, 35.4, 4.7, 1.7, 11.2, 0.9, 2.5, 4.3, 32.8, 20.8, 0.9, 20.9, 43.4, 10.1, 3.2, 2.4, 4.0, 33.4, 5.2, 1.4, 89.0, 0.8, 1.2, 2.7, 15.3, 3.1, 1.3, 6.0",15,2763.4615384615386,30.453655242919922,32,15.9921875,AMD Ryzen 9 7950X 16-Core Processor,NVIDIA GeForce RTX 4080
1,ppdd,0.012089194881889764,32.41716384887695,"Predict, Predict, Detect, Detect","0.003189, 0.003133, 0.002900, 0.002866","8.465, 8.508, 7.728, 7.716","508, 508, 508, 508",307200,,/home/jyoti/heterogeneous_edge/images/bear,/home/jyoti/heterogeneous_edge/test-clean/LibriSpeech/test-clean/1580/141083,12162.8515625,51,1668.25,"3.5, 0.4, 1.4, 0.0, 1.2, 3.3, 62.0, 0.2, 31.2, 7.6, 0.3, 2.6, 42.8, 1.9, 6.5, 1.5, 2.4, 1.3, 0.0, 2.3, 4.6, 5.6, 35.1, 95.1, 31.0, 10.3, 0.0, 3.2, 56.5, 8.5, 3.7, 8.2",13,2774.1666666666665,30.453655242919922,32,15.9921875,AMD Ryzen 9 7950X 16-Core Processor,NVIDIA GeForce RTX 4080
1,ppdp,0.011251929133858269,31.20475196838379,"Predict, Predict, Detect, Predict","0.002872, 0.002883, 0.002631, 0.002865","7.981, 7.986, 7.208, 8.030","508, 508, 508, 508",307200,,/home/jyoti/heterogeneous_edge/images/bear,/home/jyoti/heterogeneous_edge/test-clean/LibriSpeech/test-clean/1580/141083,12165.32421875,51,1668.25,"11.1, 7.3, 3.5, 1.5, 1.4, 51.4, 0.7, 28.8, 1.4, 20.0, 0.4, 20.6, 2.7, 4.6, 1.2, 39.7, 5.2, 2.0, 2.9, 0.1, 3.5, 28.1, 2.8, 70.8, 34.0, 64.8, 0.3, 2.1, 0.0, 1.0, 3.6, 13.1",13,2746.153846153846,30.453655242919922,32,15.9921875,AMD Ryzen 9 7950X 16-Core Processor,NVIDIA GeForce RTX 4080
1,ppps,0.02691535199766696,32.42907118797302,"Predict, Predict, Predict, Speech","0.002877, 0.002902, 0.002848, 0.018288","8.071, 7.973, 7.937, 8.448","508, 508, 508, 54",307200,82160,/home/jyoti/heterogeneous_edge/images/bear,/home/jyoti/heterogeneous_edge/test-clean/LibriSpeech/test-clean/1580/141083,12733.16796875,80,3262.25,"31.1, 8.0, 13.5, 1.0, 0.6, 44.0, 3.4, 7.6, 9.7, 3.3, 1.7, 20.3, 1.8, 2.8, 8.5, 9.9, 11.2, 1.7, 3.2, 0.5, 4.3, 51.5, 3.6, 43.1, 2.2, 57.9, 13.3, 13.6, 0.0, 1.1, 13.5, 51.8",17,2756.25,30.453655242919922,32,15.9921875,AMD Ryzen 9 7950X 16-Core Processor,NVIDIA GeForce RTX 4080
1,pppd,0.011228011811023623,31.06771469116211,"Predict, Predict, Predict, Detect","0.002868, 0.002859, 0.002906, 0.002595","7.882, 7.938, 8.010, 7.237","508, 508, 508, 508",307200,,/home/jyoti/heterogeneous_edge/images/bear,/home/jyoti/heterogeneous_edge/test-clean/LibriSpeech/test-clean/1580/141083,12156.828125,56,1668.25,"24.9, 6.6, 4.6, 0.5, 2.5, 29.8, 32.9, 2.3, 25.6, 15.9, 14.0, 0.5, 13.6, 1.4, 4.9, 11.7, 34.4, 23.3, 6.2, 0.0, 6.8, 23.9, 28.2, 1.6, 45.6, 2.3, 22.9, 0.3, 8.8, 0.5, 15.2, 23.8",20,2786.086956521739,30.453655242919922,32,15.9921875,AMD Ryzen 9 7950X 16-Core Processor,NVIDIA GeForce RTX 4080
1,pppp,0.011822464566929135,32.50984859466553,"Predict, Predict, Predict, Predict","0.002813, 0.002915, 0.003026, 0.003068","7.851, 7.950, 8.322, 8.386","508, 508, 508, 508",307200,,/home/jyoti/heterogeneous_edge/images/bear,/home/jyoti/heterogeneous_edge/test-clean/LibriSpeech/test-clean/1580/141083,12174.47265625,53,1668.25,"24.8, 38.3, 5.5, 3.3, 2.1, 22.7, 2.3, 1.3, 41.9, 32.2, 1.1, 1.3, 0.5, 3.4, 1.5, 29.7, 38.7, 66.7, 5.0, 0.1, 6.3, 6.9, 1.5, 0.3, 30.1, 36.8, 0.3, 0.2, 1.1, 2.1, 0.8, 24.9",14,2772.5,30.453655242919922,32,15.9921875,AMD Ryzen 9 7950X 16-Core Processor,NVIDIA GeForce RTX 4080
1,sssss,0.09006694444444445,46.19732689857483,"Speech, Speech, Speech, Speech, Speech","0.017963, 0.018119, 0.017687, 0.018328, 0.017970","9.628, 9.054, 9.347, 9.092, 9.076","54, 54, 54, 54, 54",,82160,/home/jyoti/heterogeneous_edge/images/bear,/home/jyoti/heterogeneous_edge/test-clean/LibriSpeech/test-clean/1580/141083,12858.08203125,85,3262.25,"34.1, 35.4, 5.6, 5.6, 3.8, 4.8, 4.9, 27.0, 34.4, 27.8, 6.6, 3.2, 7.2, 4.7, 1.6, 10.5, 35.2, 42.2, 7.2, 1.6, 3.4, 1.6, 7.5, 2.1, 31.0, 35.0, 4.8, 2.2, 10.1, 3.8, 2.1, 26.9",18,2654.218241042345,30.453655242919922,32,15.9921875,AMD Ryzen 9 7950X 16-Core Processor,NVIDIA GeForce RTX 4080
1,ssssd,0.07598290565762614,46.35680437088013,"Speech, Speech, Speech, Speech, Detect","0.018516, 0.018025, 0.017949, 0.018919, 0.002573","8.882, 12.328, 8.839, 9.071, 7.237","54, 54, 54, 54, 508",307200,82160,/home/jyoti/heterogeneous_edge/images/bear,/home/jyoti/heterogeneous_edge/test-clean/LibriSpeech/test-clean/1580/141083,12831.734375,84,3262.25,"29.2, 39.0, 35.9, 4.9, 3.6, 2.6, 4.5, 11.4, 29.9, 12.3, 8.4, 28.2, 12.4, 2.0, 1.8, 13.8, 31.4, 27.5, 28.0, 3.5, 3.9, 2.3, 1.1, 3.3, 1.0, 37.9, 3.7, 11.3, 20.5, 1.4, 4.3, 11.1",17,2674.8214285714284,30.453655242919922,32,15.9921875,AMD Ryzen 9 7950X 16-Core Processor,NVIDIA GeForce RTX 4080
1,ssssp,0.07686860046660834,47.426496267318726,"Speech, Speech, Speech, Speech, Predict","0.018560, 0.018385, 0.018681, 0.018421, 0.002822","8.542, 9.050, 12.526, 9.308, 8.001","54, 54, 54, 54, 508",307200,82160,/home/jyoti/heterogeneous_edge/images/bear,/home/jyoti/heterogeneous_edge/test-clean/LibriSpeech/test-clean/1580/141083,12860.3125,79,3262.25,"32.8, 32.5, 13.4, 3.7, 3.0, 2.4, 2.2, 4.9, 20.5, 7.0, 2.8, 5.7, 5.6, 23.2, 8.1, 25.4, 59.6, 49.9, 7.4, 2.7, 6.1, 4.3, 1.8, 1.5, 1.4, 2.6, 3.3, 2.7, 30.4, 36.3, 8.9, 17.0",18,2667.904761904762,30.453655242919922,32,15.9921875,AMD Ryzen 9 7950X 16-Core Processor,NVIDIA GeForce RTX 4080
1,sssds,0.0762563279381744,50.137099742889404,"Speech, Speech, Speech, Detect, Speech","0.018282, 0.018259, 0.018445, 0.002537, 0.018733","9.238, 9.719, 9.561, 7.144, 14.476","54, 54, 54, 508, 54",307200,82160,/home/jyoti/heterogeneous_edge/images/bear,/home/jyoti/heterogeneous_edge/test-clean/LibriSpeech/test-clean/1580/141083,12831.1875,80,3262.25,"32.8, 1.9, 1.6, 2.2, 56.3, 18.9, 14.2, 1.1, 20.2, 6.8, 30.1, 11.5, 25.3, 1.5, 21.5, 9.7, 36.4, 0.3, 2.8, 3.8, 42.9, 8.5, 4.2, 1.1, 8.4, 4.7, 18.6, 9.3, 8.7, 2.2, 10.1, 9.7",20,2690.4504504504503,30.453655242919922,32,15.9921875,AMD Ryzen 9 7950X 16-Core Processor,NVIDIA GeForce RTX 4080
1,sssdd,0.059083980169145525,43.75740694999695,"Speech, Speech, Speech, Detect, Detect","0.017752, 0.017091, 0.018889, 0.002536, 0.002817","9.620, 10.216, 9.146, 7.092, 7.685","54, 54, 54, 508, 508",307200,82160,/home/jyoti/heterogeneous_edge/images/bear,/home/jyoti/heterogeneous_edge/test-clean/LibriSpeech/test-clean/1580/141083,12884.19921875,80,3262.25,"28.2, 18.7, 45.4, 25.5, 4.1, 5.0, 3.3, 7.4, 21.2, 23.0, 4.6, 4.0, 28.7, 10.3, 4.4, 8.6, 8.1, 2.3, 48.8, 6.3, 1.6, 3.9, 5.2, 4.0, 46.0, 5.4, 3.5, 15.3, 4.7, 9.9, 6.1, 27.9",21,2697.3711340206187,30.453655242919922,32,15.9921875,AMD Ryzen 9 7950X 16-Core Processor,NVIDIA GeForce RTX 4080
1,sssdp,0.060335905584718574,44.538031578063965,"Speech, Speech, Speech, Detect, Predict","0.018200, 0.018201, 0.018236, 0.002664, 0.003035","9.917, 9.615, 9.490, 7.348, 8.168","54, 54, 54, 508, 508",307200,82160,/home/jyoti/heterogeneous_edge/images/bear,/home/jyoti/heterogeneous_edge/test-clean/LibriSpeech/test-clean/1580/141083,12874.5078125,79,3261.9375,"19.1, 4.6, 2.7, 60.1, 1.9, 2.5, 1.2, 15.8, 34.8, 2.2, 2.1, 25.8, 12.7, 1.2, 4.7, 15.5, 37.0, 1.3, 13.6, 26.7, 2.1, 4.8, 2.0, 9.1, 65.8, 17.4, 2.3, 11.9, 6.7, 1.2, 4.4, 15.7",16,2688.699324324324,30.453655242919922,32,15.9921875,AMD Ryzen 9 7950X 16-Core Processor,NVIDIA GeForce RTX 4080
1,sssps,0.07372524722951299,101.50819540023804,"Speech, Speech, Speech, Predict, Speech","0.017860, 0.017153, 0.017867, 0.002990, 0.017856","39.336, 9.058, 8.426, 8.214, 36.474","54, 54, 54, 508, 54",307200,82160,/home/jyoti/heterogeneous_edge/images/bear,/home/jyoti/heterogeneous_edge/test-clean/LibriSpeech/test-clean/1580/141083,12853.2421875,81,3261.9375,"33.3, 9.6, 5.9, 2.1, 2.9, 8.5, 25.6, 2.0, 20.5, 16.8, 10.9, 2.0, 1.8, 10.1, 4.8, 10.9, 59.3, 12.3, 1.9, 1.0, 0.7, 5.9, 15.0, 1.5, 59.4, 31.2, 5.9, 3.8, 5.1, 2.3, 3.3, 8.0",19,2627.4294205052006,30.453655242919922,32,15.9921875,AMD Ryzen 9 7950X 16-Core Processor,NVIDIA GeForce RTX 4080
1,ssspd,0.061996863152522605,44.09352493286133,"Speech, Speech, Speech, Predict, Detect","0.018007, 0.019300, 0.019024, 0.002806, 0.002861","9.805, 9.009, 9.523, 8.084, 7.673","54, 54, 54, 508, 508",307200,82160,/home/jyoti/heterogeneous_edge/images/bear,/home/jyoti/heterogeneous_edge/test-clean/LibriSpeech/test-clean/1580/141083,12965.37890625,86,3261.9375,"15.7, 2.9, 1.7, 7.7, 16.6, 13.7, 54.2, 7.0, 16.0, 1.5, 38.9, 9.9, 7.9, 3.2, 10.2, 14.6, 47.8, 0.7, 1.6, 10.1, 2.1, 11.3, 17.0, 2.5, 25.1, 2.3, 43.5, 22.5, 3.5, 6.6, 8.0, 19.3",22,2727.6962457337886,30.453655242919922,32,15.9921875,AMD Ryzen 9 7950X 16-Core Processor,NVIDIA GeForce RTX 4080
1,ssspp,0.05907538611840187,44.01623845100403,"Speech, Speech, Speech, Predict, Predict","0.017908, 0.017700, 0.017860, 0.002752, 0.002855","9.093, 9.724, 9.360, 7.869, 7.970","54, 54, 54, 508, 508",307200,82160,/home/jyoti/heterogeneous_edge/images/bear,/home/jyoti/heterogeneous_edge/test-clean/LibriSpeech/test-clean/1580/141083,12983.453125,80,3261.9375,"37.1, 10.2, 2.9, 16.6, 0.8, 4.1, 34.7, 2.0, 18.2, 5.4, 13.6, 4.1, 22.8, 27.6, 6.7, 19.9, 49.8, 7.7, 1.4, 1.0, 1.7, 0.8, 34.5, 11.3, 9.1, 28.9, 8.6, 3.1, 3.4, 24.7, 9.9, 12.0",21,2683.0479452054797,30.453655242919922,32,15.9921875,AMD Ryzen 9 7950X 16-Core Processor,NVIDIA GeForce RTX 4080
1,ssdss,0.07452915296004667,49.37333941459656,"Speech, Speech, Detect, Speech, Speech","0.017728, 0.018015, 0.002520, 0.018037, 0.018228","8.827, 9.124, 7.044, 13.072, 11.305","54, 54, 508, 54, 54",307200,82160,/home/jyoti/heterogeneous_edge/images/bear,/home/jyoti/heterogeneous_edge/test-clean/LibriSpeech/test-clean/1580/141083,12989.33203125,79,3261.9375,"42.3, 3.3, 3.3, 34.6, 55.5, 2.0, 1.1, 2.0, 34.1, 9.7, 2.2, 3.9, 6.7, 5.1, 7.9, 15.2, 30.6, 3.5, 3.1, 17.3, 11.5, 1.2, 0.6, 10.4, 42.8, 13.2, 8.4, 1.6, 11.2, 1.7, 7.8, 22.4",19,2649.7247706422017,30.453655242919922,32,15.9921875,AMD Ryzen 9 7950X 16-Core Processor,NVIDIA GeForce RTX 4080
1,ssdsd,0.06116117322834646,47.36992931365967,"Speech, Speech, Detect, Speech, Detect","0.017775, 0.018394, 0.002977, 0.019140, 0.002875","9.939, 9.627, 7.693, 12.404, 7.707","54, 54, 508, 54, 508",307200,82160,/home/jyoti/heterogeneous_edge/images/bear,/home/jyoti/heterogeneous_edge/test-clean/LibriSpeech/test-clean/1580/141083,12987.19140625,79,3261.9375,"21.9, 18.1, 3.6, 28.8, 2.9, 18.1, 4.1, 0.8, 15.6, 7.4, 2.5, 2.1, 27.3, 30.4, 5.7, 31.3, 21.9, 21.6, 1.1, 1.8, 1.8, 70.6, 1.9, 2.8, 11.0, 4.3, 5.2, 7.5, 14.6, 24.6, 7.1, 11.8",20,2673.8571428571427,30.453655242919922,32,15.9921875,AMD Ryzen 9 7950X 16-Core Processor,NVIDIA GeForce RTX 4080
1,ssdsp,0.060566613371245255,45.6187789440155,"Speech, Speech, Detect, Speech, Predict","0.018360, 0.018271, 0.002879, 0.017879, 0.003177","9.928, 9.924, 7.768, 9.362, 8.637","54, 54, 508, 54, 508",307200,82160,/home/jyoti/heterogeneous_edge/images/bear,/home/jyoti/heterogeneous_edge/test-clean/LibriSpeech/test-clean/1580/141083,12970.0625,81,3261.9375,"15.7, 35.1, 3.9, 19.3, 1.8, 12.3, 1.5, 2.9, 6.6, 4.6, 4.8, 2.2, 7.0, 32.2, 23.1, 55.0, 1.0, 25.4, 32.0, 25.4, 38.9, 17.7, 0.8, 1.0, 6.8, 4.4, 3.1, 4.4, 3.0, 24.2, 20.5, 16.7",18,2707.871287128713,30.453655242919922,32,15.9921875,AMD Ryzen 9 7950X 16-Core Processor,NVIDIA GeForce RTX 4080
1,ssdds,0.059839602289297175,44.57572793960571,"Speech, Speech, Detect, Detect, Speech","0.017851, 0.018492, 0.002874, 0.002956, 0.017667","9.781, 9.871, 7.742, 7.938, 9.245","54, 54, 508, 508, 54",307200,82160,/home/jyoti/heterogeneous_edge/images/bear,/home/jyoti/heterogeneous_edge/test-clean/LibriSpeech/test-clean/1580/141083,12999.9921875,82,3261.6875,"16.6, 2.4, 1.9, 4.0, 23.1, 23.4, 19.1, 5.7, 12.9, 14.0, 5.8, 1.5, 1.7, 71.0, 1.2, 13.5, 0.9, 9.4, 0.3, 14.5, 44.8, 17.5, 11.3, 26.3, 10.4, 6.1, 10.9, 5.8, 8.9, 24.0, 6.9, 20.4",24,2714.8986486486488,30.453655242919922,32,15.9921875,AMD Ryzen 9 7950X 16-Core Processor,NVIDIA GeForce RTX 4080
1,ssddd,0.0436072886410032,39.98298192024231,"Speech, Speech, Detect, Detect, Detect","0.017874, 0.017861, 0.002708, 0.002595, 0.002569","9.363, 8.721, 7.399, 7.179, 7.321","54, 54, 508, 508, 508",307200,82160,/home/jyoti/heterogeneous_edge/images/bear,/home/jyoti/heterogeneous_edge/test-clean/LibriSpeech/test-clean/1580/141083,12976.7734375,83,3261.6875,"19.7, 38.4, 24.7, 5.0, 1.9, 1.7, 1.3, 40.7, 17.9, 9.4, 3.8, 3.7, 26.6, 8.9, 4.1, 6.8, 39.3, 13.1, 0.3, 1.7, 1.4, 1.9, 0.7, 29.8, 66.8, 16.7, 0.9, 9.2, 16.2, 6.3, 3.1, 17.3",18,2719.624060150376,30.453655242919922,32,15.9921875,AMD Ryzen 9 7950X 16-Core Processor,NVIDIA GeForce RTX 4080
1,ssddp,0.04435849263633712,42.62791299819946,"Speech, Speech, Detect, Detect, Predict","0.018136, 0.017576, 0.002916, 0.002997, 0.002734","9.281, 9.849, 7.785, 7.909, 7.804","54, 54, 508, 508, 508",307200,82160,/home/jyoti/heterogeneous_edge/images/bear,/home/jyoti/heterogeneous_edge/test-clean/LibriSpeech/test-clean/1580/141083,13001.57421875,85,3261.6875,"8.0, 2.5, 2.7, 4.8, 2.7, 44.4, 2.8, 38.8, 10.4, 5.2, 16.7, 15.2, 8.5, 20.8, 9.1, 2.6, 38.7, 3.5, 1.6, 1.8, 3.5, 24.0, 0.9, 48.1, 28.3, 4.7, 5.2, 16.7, 8.8, 28.5, 10.6, 11.9",20,2693.798586572438,30.453655242919922,32,15.9921875,AMD Ryzen 9 7950X 16-Core Processor,NVIDIA GeForce RTX 4080
1,ssdps,0.06043350714494021,49.29231095314026,"Speech, Speech, Detect, Predict, Speech","0.018556, 0.017886, 0.002796, 0.003172, 0.018024","9.758, 14.126, 7.602, 8.594, 9.212","54, 54, 508, 508, 54",307200,82160,/home/jyoti/heterogeneous_edge/images/bear,/home/jyoti/heterogeneous_edge/test-clean/LibriSpeech/test-clean/1580/141083,12949.94921875,82,3261.6875,"17.9, 39.0, 16.8, 8.2, 1.7, 4.2, 8.6, 7.2, 17.5, 46.4, 33.4, 4.6, 3.6, 4.0, 4.6, 18.5, 19.5, 38.8, 4.5, 11.3, 1.6, 4.5, 10.8, 37.7, 18.9, 28.0, 6.5, 3.5, 3.2, 6.9, 9.1, 11.1",21,2685.2752293577983,30.453655242919922,32,15.9921875,AMD Ryzen 9 7950X 16-Core Processor,NVIDIA GeForce RTX 4080
1,ssdpd,0.044923140711577714,40.862833738327026,"Speech, Speech, Detect, Predict, Detect","0.018197, 0.018179, 0.002824, 0.002895, 0.002829","8.674, 8.986, 7.573, 8.148, 7.481","54, 54, 508, 508, 508",307200,82160,/home/jyoti/heterogeneous_edge/images/bear,/home/jyoti/heterogeneous_edge/test-clean/LibriSpeech/test-clean/1580/141083,12956.609375,81,3261.6875,"39.2, 4.3, 5.6, 20.1, 3.1, 8.4, 5.6, 56.4, 35.6, 23.6, 11.5, 1.7, 7.2, 2.5, 1.9, 21.7, 38.7, 10.8, 1.6, 2.4, 1.9, 12.3, 11.4, 8.1, 26.7, 58.5, 2.1, 0.5, 2.0, 1.7, 0.4, 12.9",19,2725.239852398524,30.453655242919922,32,15.9921875,AMD Ryzen 9 7950X 16-Core Processor,NVIDIA GeForce RTX 4080
1,ssdpp,0.04446261519393409,40.916611671447754,"Speech, Speech, Detect, Predict, Predict","0.018410, 0.017741, 0.002592, 0.002820, 0.002899","8.546, 9.154, 7.181, 7.955, 8.081","54, 54, 508, 508, 508",307200,82160,/home/jyoti/heterogeneous_edge/images/bear,/home/jyoti/heterogeneous_edge/test-clean/LibriSpeech/test-clean/1580/141083,12953.90625,82,3261.6875,"23.5, 6.7, 3.8, 1.7, 2.6, 3.9, 28.1, 13.4, 29.9, 28.7, 1.5, 20.0, 1.3, 1.8, 8.8, 2.4, 29.7, 7.5, 2.6, 3.4, 15.3, 69.9, 14.3, 0.4, 28.5, 34.0, 0.9, 23.3, 1.3, 1.1, 15.1, 7.5",18,2728.014705882353,30.453655242919922,32,15.9921875,AMD Ryzen 9 7950X 16-Core Processor,NVIDIA GeForce RTX 4080
1,sspss,0.07589377128900554,46.66631770133972,"Speech, Speech, Predict, Speech, Speech","0.019046, 0.018067, 0.002907, 0.017751, 0.018122","9.020, 12.799, 8.078, 8.389, 8.381","54, 54, 508, 54, 54",307200,82160,/home/jyoti/heterogeneous_edge/images/bear,/home/jyoti/heterogeneous_edge/test-clean/LibriSpeech/test-clean/1580/141083,12966.0859375,82,3261.6875,"29.1, 19.9, 6.3, 2.1, 4.0, 2.4, 4.7, 77.8, 45.9, 6.3, 3.3, 11.3, 20.4, 1.8, 1.2, 28.8, 43.3, 11.7, 4.3, 2.5, 2.6, 2.0, 2.1, 22.1, 44.2, 0.6, 1.2, 9.5, 1.2, 7.0, 1.2, 14.1",16,2673.9193548387098,30.453655242919922,32,15.9921875,AMD Ryzen 9 7950X 16-Core Processor,NVIDIA GeForce RTX 4080
1,sspsd,0.06053416907261593,43.813751459121704,"Speech, Speech, Predict, Speech, Detect","0.018129, 0.018348, 0.003124, 0.018100, 0.002833","9.007, 9.750, 8.419, 9.201, 7.438","54, 54, 508, 54, 508",307200,82160,/home/jyoti/heterogeneous_edge/images/bear,/home/jyoti/heterogeneous_edge/test-clean/LibriSpeech/test-clean/1580/141083,12963.3359375,79,3261.6875,"10.0, 10.0, 3.9, 18.9, 4.2, 2.5, 5.7, 63.9, 43.8, 6.8, 8.2, 1.7, 7.7, 3.5, 3.5, 10.3, 57.7, 12.2, 4.9, 2.7, 4.5, 1.8, 1.4, 35.9, 39.0, 18.3, 47.6, 1.1, 0.8, 1.2, 1.1, 11.1",17,2708.814432989691,30.453655242919922,32,15.9921875,AMD Ryzen 9 7950X 16-Core Processor,NVIDIA GeForce RTX 4080
1,sspsp,0.0613254468503937,44.32351231575012,"Speech, Speech, Predict, Speech, Predict","0.018532, 0.018163, 0.002948, 0.018819, 0.002863","9.852, 9.790, 8.152, 8.577, 7.952","54, 54, 508, 54, 508",307200,82160,/home/jyoti/heterogeneous_edge/images/bear,/home/jyoti/heterogeneous_edge/test-clean/LibriSpeech/test-clean/1580/141083,12981.390625,83,3261.6875,"27.8, 7.9, 4.3, 6.5, 3.5, 3.1, 8.3, 58.1, 57.4, 27.1, 8.0, 1.7, 5.0, 0.7, 1.4, 9.1, 33.7, 5.3, 3.5, 3.3, 5.9, 1.5, 4.6, 42.2, 10.1, 72.9, 1.8, 0.6, 1.4, 0.9, 0.7, 14.6",16,2687.581632653061,30.453655242919922,32,15.9921875,AMD Ryzen 9 7950X 16-Core Processor,NVIDIA GeForce RTX 4080
1,sspds,0.05988604819189268,44.13710045814514,"Speech, Speech, Predict, Detect, Speech","0.017696, 0.018299, 0.002894, 0.002672, 0.018325","8.792, 9.077, 8.074, 7.337, 10.859","54, 54, 508, 508, 54",307200,82160,/home/jyoti/heterogeneous_edge/images/bear,/home/jyoti/heterogeneous_edge/test-clean/LibriSpeech/test-clean/1580/141083,12978.37890625,82,3261.6875,"20.9, 6.8, 7.7, 1.9, 11.0, 1.7, 11.3, 32.8, 42.8, 8.7, 4.2, 21.8, 7.8, 4.7, 0.9, 12.2, 49.7, 3.2, 4.4, 1.9, 12.0, 0.8, 22.2, 38.4, 48.3, 16.5, 1.8, 2.9, 11.8, 0.6, 1.3, 17.3",19,2692.1672354948805,30.453655242919922,32,15.9921875,AMD Ryzen 9 7950X 16-Core Processor,NVIDIA GeForce RTX 4080
1,sspdd,0.04454510119568387,41.215008020401,"Speech, Speech, Predict, Detect, Detect","0.018035, 0.018121, 0.003063, 0.002567, 0.002760","8.644, 9.851, 8.242, 7.119, 7.359","54, 54, 508, 508, 508",307200,82160,/home/jyoti/heterogeneous_edge/images/bear,/home/jyoti/heterogeneous_edge/test-clean/LibriSpeech/test-clean/1580/141083,12931.58984375,83,3261.6875,"25.8, 5.3, 15.7, 2.0, 2.3, 1.7, 47.7, 6.2, 7.0, 26.5, 16.1, 1.4, 1.1, 1.6, 30.9, 9.8, 31.5, 21.4, 15.5, 3.2, 2.7, 0.6, 20.7, 7.2, 50.6, 30.0, 18.0, 2.2, 1.1, 3.0, 1.6, 19.2",19,2712.9744525547444,30.453655242919922,32,15.9921875,AMD Ryzen 9 7950X 16-Core Processor,NVIDIA GeForce RTX 4080
1,sspdp,0.04587025947798192,46.256540298461914,"Speech, Speech, Predict, Detect, Predict","0.018319, 0.018626, 0.003102, 0.002723, 0.003101","11.980, 10.261, 8.335, 7.409, 8.271","54, 54, 508, 508, 508",307200,82160,/home/jyoti/heterogeneous_edge/images/bear,/home/jyoti/heterogeneous_edge/test-clean/LibriSpeech/test-clean/1580/141083,12960.74609375,77,3261.6875,"39.5, 22.4, 2.8, 0.9, 2.1, 18.8, 2.7, 4.4, 11.5, 2.9, 12.4, 10.6, 6.6, 4.7, 21.7, 9.2, 57.7, 6.4, 1.6, 2.9, 3.3, 45.0, 1.0, 1.9, 5.2, 0.4, 4.0, 9.2, 6.4, 1.1, 77.3, 29.4",17,2661.7915309446253,30.453655242919922,32,15.9921875,AMD Ryzen 9 7950X 16-Core Processor,NVIDIA GeForce RTX 4080
1,sspps,0.060109755905511805,45.23759889602661,"Speech, Speech, Predict, Predict, Speech","0.018120, 0.018209, 0.003105, 0.003045, 0.017631","9.783, 10.328, 8.330, 8.266, 8.530","54, 54, 508, 508, 54",307200,82160,/home/jyoti/heterogeneous_edge/images/bear,/home/jyoti/heterogeneous_edge/test-clean/LibriSpeech/test-clean/1580/141083,12987.2109375,78,3261.6875,"36.3, 5.6, 26.2, 1.9, 7.6, 2.4, 3.4, 1.0, 14.6, 3.4, 16.2, 3.5, 1.7, 3.3, 50.1, 21.0, 53.8, 1.1, 24.7, 1.9, 41.7, 3.6, 1.6, 1.4, 7.6, 2.9, 4.0, 0.6, 3.2, 1.3, 48.2, 23.7",14,2719.7,30.453655242919922,32,15.9921875,AMD Ryzen 9 7950X 16-Core Processor,NVIDIA GeForce RTX 4080
1,ssppd,0.044806215733449985,40.814427852630615,"Speech, Speech, Predict, Predict, Detect","0.018062, 0.018389, 0.002889, 0.002918, 0.002549","8.974, 8.839, 7.973, 7.969, 7.059","54, 54, 508, 508, 508",307200,82160,/home/jyoti/heterogeneous_edge/images/bear,/home/jyoti/heterogeneous_edge/test-clean/LibriSpeech/test-clean/1580/141083,13009.9921875,77,3261.6875,"25.7, 23.9, 1.0, 1.8, 29.5, 0.7, 10.4, 5.0, 14.8, 2.3, 22.6, 7.7, 1.4, 1.5, 32.0, 20.0, 36.0, 0.9, 44.2, 2.2, 28.4, 2.0, 4.9, 4.4, 39.5, 4.5, 7.6, 4.7, 3.1, 3.6, 30.5, 14.5",16,2718.542435424354,30.453655242919922,32,15.9921875,AMD Ryzen 9 7950X 16-Core Processor,NVIDIA GeForce RTX 4080
1,ssppp,0.04574557626130067,42.86584424972534,"Speech, Speech, Predict, Predict, Predict","0.018225, 0.018883, 0.003010, 0.002797, 0.002830","9.416, 9.629, 8.123, 7.874, 7.824","54, 54, 508, 508, 508",307200,82160,/home/jyoti/heterogeneous_edge/images/bear,/home/jyoti/heterogeneous_edge/test-clean/LibriSpeech/test-clean/1580/141083,12998.55859375,80,3261.6875,"24.0, 29.1, 12.2, 2.2, 15.8, 2.7, 1.0, 53.2, 22.8, 16.1, 73.3, 1.8, 1.7, 5.4, 1.8, 7.1, 3.3, 47.8, 11.8, 2.8, 1.5, 2.5, 2.1, 12.8, 8.5, 5.4, 27.2, 2.4, 3.2, 3.3, 1.4, 26.1",17,2710.2105263157896,30.453655242919922,32,15.9921875,AMD Ryzen 9 7950X 16-Core Processor,NVIDIA GeForce RTX 4080
1,sdsss,0.07400400765529308,43.06947898864746,"Speech, Detect, Speech, Speech, Speech","0.017783, 0.002688, 0.017556, 0.017776, 0.018201","8.499, 7.254, 8.848, 9.172, 9.296","54, 508, 54, 54, 54",307200,82160,/home/jyoti/heterogeneous_edge/images/bear,/home/jyoti/heterogeneous_edge/test-clean/LibriSpeech/test-clean/1580/141083,13024.5546875,78,3261.6875,"19.6, 4.9, 33.2, 4.8, 25.5, 3.3, 2.1, 2.1, 43.7, 15.4, 45.1, 2.8, 2.1, 4.0, 29.9, 10.4, 8.6, 6.4, 66.9, 6.4, 8.1, 4.1, 6.9, 8.4, 10.5, 0.8, 26.7, 6.4, 2.8, 10.8, 2.1, 13.3",20,2664.1783216783215,30.453655242919922,32,15.9921875,AMD Ryzen 9 7950X 16-Core Processor,NVIDIA GeForce RTX 4080
1,sdssd,0.059771011300670744,44.312579870224,"Speech, Detect, Speech, Speech, Detect","0.017973, 0.002652, 0.017991, 0.018519, 0.002635","9.162, 7.307, 11.135, 9.527, 7.181","54, 508, 54, 54, 508",307200,82160,/home/jyoti/heterogeneous_edge/images/bear,/home/jyoti/heterogeneous_edge/test-clean/LibriSpeech/test-clean/1580/141083,13006.44140625,83,3261.6875,"20.5, 46.0, 11.7, 2.7, 2.8, 25.4, 9.9, 5.0, 10.6, 19.4, 3.4, 1.5, 1.0, 1.8, 14.8, 23.6, 19.2, 15.6, 1.9, 3.9, 0.8, 51.8, 4.3, 6.1, 26.2, 73.9, 1.2, 1.0, 2.2, 2.4, 6.8, 9.7",18,2682.762711864407,30.453655242919922,32,15.9921875,AMD Ryzen 9 7950X 16-Core Processor,NVIDIA GeForce RTX 4080
1,sdssp,0.0600888361767279,41.749756813049316,"Speech, Detect, Speech, Speech, Predict","0.018279, 0.002792, 0.017830, 0.018128, 0.003060","8.439, 7.573, 8.558, 8.761, 8.419","54, 508, 54, 54, 508",307200,82160,/home/jyoti/heterogeneous_edge/images/bear,/home/jyoti/heterogeneous_edge/test-clean/LibriSpeech/test-clean/1580/141083,13029.7109375,82,3261.6875,"10.4, 15.1, 3.7, 29.5, 3.3, 14.7, 7.2, 8.5, 43.7, 65.0, 1.1, 1.0, 5.1, 2.4, 1.9, 15.5, 26.3, 5.5, 4.5, 5.5, 1.6, 86.8, 4.9, 4.5, 19.2, 29.6, 0.7, 1.1, 1.5, 1.8, 1.6, 10.5",17,2694.9097472924186,30.453655242919922,32,15.9921875,AMD Ryzen 9 7950X 16-Core Processor,NVIDIA GeForce RTX 4080
1,sdsds,0.06069087394284048,41.414347887039185,"Speech, Detect, Speech, Detect, Speech","0.018564, 0.002749, 0.018346, 0.002766, 0.018266","9.033, 7.429, 9.056, 7.408, 8.487","54, 508, 54, 508, 54",307200,82160,/home/jyoti/heterogeneous_edge/images/bear,/home/jyoti/heterogeneous_edge/test-clean/LibriSpeech/test-clean/1580/141083,12957.38671875,82,3261.6875,"20.4, 35.5, 2.9, 2.2, 3.8, 16.2, 17.6, 5.9, 21.0, 49.4, 4.8, 1.8, 5.1, 2.6, 3.3, 21.5, 23.2, 15.6, 2.5, 2.3, 3.5, 45.0, 7.7, 14.0, 63.3, 25.1, 2.2, 0.4, 2.8, 0.9, 1.1, 8.1",17,2693.181818181818,30.453655242919922,32,15.9921875,AMD Ryzen 9 7950X 16-Core Processor,NVIDIA GeForce RTX 4080
1,sdsdd,0.04348962970253718,40.58885216712952,"Speech, Detect, Speech, Detect, Detect","0.017803, 0.002871, 0.017585, 0.002637, 0.002593","9.191, 7.563, 9.375, 7.291, 7.169","54, 508, 54, 508, 508",307200,82160,/home/jyoti/heterogeneous_edge/images/bear,/home/jyoti/heterogeneous_edge/test-clean/LibriSpeech/test-clean/1580/141083,13026.96484375,82,3261.6875,"30.3, 49.5, 4.8, 1.7, 5.4, 9.4, 5.8, 2.0, 17.0, 16.4, 8.5, 18.6, 1.2, 3.4, 16.9, 14.9, 27.9, 51.1, 6.5, 0.9, 0.7, 18.5, 2.2, 3.8, 51.8, 2.9, 10.9, 12.9, 6.7, 1.2, 6.6, 23.6",21,2726.1666666666665,30.453655242919922,32,15.9921875,AMD Ryzen 9 7950X 16-Core Processor,NVIDIA GeForce RTX 4080
1,sdsdp,0.04390058960338291,50.558900594711304,"Speech, Detect, Speech, Detect, Predict","0.018073, 0.002582, 0.017858, 0.002578, 0.002810","14.226, 7.165, 13.976, 7.145, 8.048","54, 508, 54, 508, 508",307200,82160,/home/jyoti/heterogeneous_edge/images/bear,/home/jyoti/heterogeneous_edge/test-clean/LibriSpeech/test-clean/1580/141083,13001.27734375,79,3261.6875,"20.0, 28.8, 4.9, 2.6, 1.3, 8.4, 3.5, 11.9, 29.0, 4.1, 0.1, 37.1, 1.9, 2.4, 8.2, 1.8, 26.3, 5.2, 15.2, 1.1, 0.7, 84.3, 4.3, 4.6, 17.3, 2.8, 1.6, 62.3, 0.6, 0.5, 2.8, 10.7",14,2699.1071428571427,30.453655242919922,32,15.9921875,AMD Ryzen 9 7950X 16-Core Processor,NVIDIA GeForce RTX 4080
1,sdsps,0.059476842300962375,42.68263268470764,"Speech, Detect, Speech, Predict, Speech","0.018460, 0.002591, 0.018014, 0.002865, 0.017547","9.607, 7.087, 9.146, 7.978, 8.865","54, 508, 54, 508, 54",307200,82160,/home/jyoti/heterogeneous_edge/images/bear,/home/jyoti/heterogeneous_edge/test-clean/LibriSpeech/test-clean/1580/141083,13009.16015625,84,3261.6875,"37.0, 18.6, 3.7, 4.4, 20.5, 13.3, 3.2, 4.1, 15.3, 6.5, 21.9, 8.4, 0.5, 4.7, 38.6, 16.7, 38.2, 28.1, 2.7, 2.3, 19.4, 14.6, 3.2, 1.8, 25.3, 3.4, 5.6, 5.5, 1.8, 2.1, 37.0, 18.1",19,2684.31338028169,30.453655242919922,32,15.9921875,AMD Ryzen 9 7950X 16-Core Processor,NVIDIA GeForce RTX 4080
1,sdspd,0.04433152128900554,43.99748516082764,"Speech, Detect, Speech, Predict, Detect","0.018092, 0.002833, 0.017726, 0.003073, 0.002607","8.685, 7.464, 12.334, 8.347, 7.166","54, 508, 54, 508, 508",307200,82160,/home/jyoti/heterogeneous_edge/images/bear,/home/jyoti/heterogeneous_edge/test-clean/LibriSpeech/test-clean/1580/141083,12990.64453125,80,3261.6875,"15.0, 5.8, 1.0, 2.8, 16.9, 1.8, 9.8, 3.1, 30.2, 3.6, 1.9, 7.4, 1.6, 3.8, 16.0, 32.7, 61.7, 1.2, 32.7, 2.6, 27.0, 16.1, 14.5, 2.3, 30.4, 6.0, 0.5, 22.7, 3.4, 9.2, 21.4, 19.2",19,2721.832191780822,30.453655242919922,32,15.9921875,AMD Ryzen 9 7950X 16-Core Processor,NVIDIA GeForce RTX 4080
1,sdspp,0.04336898133566638,42.78264117240906,"Speech, Detect, Speech, Predict, Predict","0.018377, 0.002933, 0.016673, 0.002643, 0.002743","8.700, 7.779, 9.505, 8.182, 8.616","54, 508, 54, 508, 508",307200,82160,/home/jyoti/heterogeneous_edge/images/bear,/home/jyoti/heterogeneous_edge/test-clean/LibriSpeech/test-clean/1580/141083,13040.4765625,82,3261.6875,"34.3, 18.2, 1.8, 0.9, 2.8, 13.4, 2.1, 1.4, 39.3, 29.4, 4.8, 0.8, 19.6, 0.7, 3.8, 13.9, 31.7, 0.8, 56.5, 1.2, 1.1, 12.2, 0.5, 1.9, 7.1, 4.1, 7.6, 3.0, 31.7, 2.6, 5.5, 14.6",15,2616.3908450704225,30.453655242919922,32,15.9921875,AMD Ryzen 9 7950X 16-Core Processor,NVIDIA GeForce RTX 4080
1,sddss,0.054998929352580925,53.79366636276245,"Speech, Detect, Detect, Speech, Speech","0.016541, 0.002589, 0.002449, 0.016516, 0.016904","9.603, 7.906, 7.690, 13.332, 15.263","54, 508, 508, 54, 54",307200,82160,/home/jyoti/heterogeneous_edge/images/bear,/home/jyoti/heterogeneous_edge/test-clean/LibriSpeech/test-clean/1580/141083,11833.578125,73,2646.5625,"38.2, 36.4, 10.3, 1.1, 0.2, 1.3, 9.4, 1.2, 39.2, 18.1, 11.2, 2.1, 0.7, 0.5, 3.2, 6.3, 2.8, 22.6, 1.1, 0.5, 1.1, 13.7, 1.0, 1.3, 32.2, 0.7, 12.3, 1.0, 1.3, 0.9, 2.6, 6.8",13,2260.840336134454,30.453655242919922,32,15.9921875,AMD Ryzen 9 7950X 16-Core Processor,NVIDIA GeForce RTX 4080
1,sddsd,0.040313247885680956,43.079134702682495,"Speech, Detect, Detect, Speech, Detect","0.016416, 0.002556, 0.002426, 0.016492, 0.002423","10.260, 7.898, 7.820, 9.215, 7.886","54, 508, 508, 54, 508",307200,82160,/home/jyoti/heterogeneous_edge/images/bear,/home/jyoti/heterogeneous_edge/test-clean/LibriSpeech/test-clean/1580/141083,11760.91015625,32,2646.5625,"38.3, 19.2, 3.3, 1.6, 6.1, 6.1, 10.9, 0.2, 13.0, 45.3, 0.8, 24.6, 7.1, 1.6, 0.6, 7.2, 31.5, 13.6, 1.0, 0.7, 4.8, 3.4, 5.4, 0.6, 2.1, 19.2, 0.4, 8.9, 1.1, 0.1, 0.3, 10.8",16,2313.671328671329,30.453655242919922,32,15.9921875,AMD Ryzen 9 7950X 16-Core Processor,NVIDIA GeForce RTX 4080
1,sddsp,0.04134123556430446,45.40119791030884,"Speech, Detect, Detect, Speech, Predict","0.016551, 0.002465, 0.002507, 0.017227, 0.002590","9.850, 7.672, 7.756, 11.831, 8.293","54, 508, 508, 54, 508",307200,82160,/home/jyoti/heterogeneous_edge/images/bear,/home/jyoti/heterogeneous_edge/test-clean/LibriSpeech/test-clean/1580/141083,11821.41015625,72,2646.5625,"46.1, 29.3, 0.2, 0.4, 1.0, 0.8, 0.6, 20.2, 37.1, 4.4, 0.3, 4.8, 28.8, 1.0, 0.8, 0.4, 10.3, 27.6, 0.7, 1.7, 2.1, 3.4, 1.3, 2.3, 10.7, 1.5, 0.3, 1.0, 18.1, 0.5, 1.0, 26.7",10,2268.3278145695363,30.453655242919922,32,15.9921875,AMD Ryzen 9 7950X 16-Core Processor,NVIDIA GeForce RTX 4080
1,sddds,0.04075834434237387,43.11699867248535,"Speech, Detect, Detect, Detect, Speech","0.016417, 0.002421, 0.002533, 0.002521, 0.016866","10.346, 7.553, 7.897, 7.762, 9.559","54, 508, 508, 508, 54",307200,82160,/home/jyoti/heterogeneous_edge/images/bear,/home/jyoti/heterogeneous_edge/test-clean/LibriSpeech/test-clean/1580/141083,11854.421875,77,2646.5625,"3.7, 41.6, 7.9, 2.5, 0.1, 2.1, 4.2, 0.7, 54.1, 3.0, 12.0, 0.3, 0.2, 0.2, 0.3, 11.1, 0.3, 49.7, 1.2, 1.7, 11.4, 4.8, 6.7, 0.6, 46.1, 1.2, 1.2, 0.5, 0.3, 0.5, 0.3, 17.8",10,2258.257839721254,30.453655242919922,32,15.9921875,AMD Ryzen 9 7950X 16-Core Processor,NVIDIA GeForce RTX 4080
1,sdddd,0.026147742125984252,40.70351195335388,"Speech, Detect, Detect, Detect, Detect","0.016398, 0.002465, 0.002442, 0.002408, 0.002435","10.075, 7.685, 7.851, 7.561, 7.533","54, 508, 508, 508, 508",307200,82160,/home/jyoti/heterogeneous_edge/images/bear,/home/jyoti/heterogeneous_edge/test-clean/LibriSpeech/test-clean/1580/141083,11824.3671875,34,2646.5625,"12.6, 14.5, 3.4, 44.8, 0.4, 1.1, 0.0, 5.9, 52.5, 36.5, 0.1, 2.0, 0.0, 4.7, 1.5, 2.9, 20.1, 4.1, 8.7, 25.6, 0.2, 5.6, 11.2, 0.7, 0.0, 21.6, 0.5, 0.4, 0.7, 1.2, 0.6, 6.8",13,2303.8560885608854,30.453655242919922,32,15.9921875,AMD Ryzen 9 7950X 16-Core Processor,NVIDIA GeForce RTX 4080
1,sdddp,0.02643396114027413,40.25106143951416,"Speech, Detect, Detect, Detect, Predict","0.016360, 0.002432, 0.002552, 0.002451, 0.002639","9.044, 7.516, 7.753, 7.725, 8.213","54, 508, 508, 508, 508",307200,82160,/home/jyoti/heterogeneous_edge/images/bear,/home/jyoti/heterogeneous_edge/test-clean/LibriSpeech/test-clean/1580/141083,11833.52734375,33,2646.5625,"39.8, 23.0, 0.9, 0.2, 0.7, 11.5, 4.2, 1.1, 7.2, 14.1, 21.3, 3.0, 0.6, 0.4, 0.0, 2.3, 33.3, 11.5, 1.2, 0.6, 0.5, 12.8, 14.7, 0.9, 32.3, 4.6, 40.2, 0.5, 0.1, 0.3, 0.5, 8.6",13,2328.973880597015,30.453655242919922,32,15.9921875,AMD Ryzen 9 7950X 16-Core Processor,NVIDIA GeForce RTX 4080
1,sddps,0.04072420625546807,42.94489049911499,"Speech, Detect, Detect, Predict, Speech","0.016476, 0.002528, 0.002517, 0.002712, 0.016490","9.157, 7.704, 7.728, 8.405, 9.952","54, 508, 508, 508, 54",307200,82160,/home/jyoti/heterogeneous_edge/images/bear,/home/jyoti/heterogeneous_edge/test-clean/LibriSpeech/test-clean/1580/141083,11797.0078125,77,2646.5625,"13.2, 1.4, 0.4, 38.1, 1.0, 2.5, 5.1, 1.7, 39.8, 12.5, 7.1, 1.1, 0.7, 1.1, 0.8, 31.5, 14.2, 34.1, 0.3, 7.0, 0.7, 4.3, 6.3, 1.9, 19.9, 2.5, 0.2, 2.7, 0.5, 2.5, 1.3, 33.5",13,2282.684210526316,30.453655242919922,32,15.9921875,AMD Ryzen 9 7950X 16-Core Processor,NVIDIA GeForce RTX 4080
1,sddpd,0.02657628076698746,41.74678683280945,"Speech, Detect, Detect, Predict, Detect","0.016430, 0.002511, 0.002441, 0.002696, 0.002498","10.152, 7.843, 7.570, 8.501, 7.680","54, 508, 508, 508, 508",307200,82160,/home/jyoti/heterogeneous_edge/images/bear,/home/jyoti/heterogeneous_edge/test-clean/LibriSpeech/test-clean/1580/141083,11784.28515625,72,2646.5625,"6.4, 33.2, 1.0, 0.0, 0.3, 1.9, 12.2, 1.0, 59.0, 12.2, 1.2, 0.5, 1.5, 0.3, 5.3, 3.7, 9.6, 51.9, 2.6, 0.9, 0.6, 8.6, 4.6, 0.3, 39.6, 11.9, 0.8, 0.2, 0.7, 0.1, 0.4, 16.8",12,2308.0575539568345,30.453655242919922,32,15.9921875,AMD Ryzen 9 7950X 16-Core Processor,NVIDIA GeForce RTX 4080
1,sddpp,0.027214751166520848,41.14873504638672,"Speech, Detect, Detect, Predict, Predict","0.017043, 0.002467, 0.002415, 0.002654, 0.002636","9.400, 7.570, 7.629, 8.285, 8.263","54, 508, 508, 508, 508",307200,82160,/home/jyoti/heterogeneous_edge/images/bear,/home/jyoti/heterogeneous_edge/test-clean/LibriSpeech/test-clean/1580/141083,11859.2578125,75,2646.5625,"10.4, 30.3, 1.4, 0.2, 1.7, 1.3, 25.8, 2.4, 55.0, 0.5, 1.0, 3.4, 1.4, 0.0, 0.5, 3.1, 7.7, 64.5, 0.2, 1.3, 0.4, 5.1, 1.4, 10.5, 44.1, 2.3, 3.6, 0.5, 2.2, 0.8, 0.7, 10.0",10,2341.587591240876,30.453655242919922,32,15.9921875,AMD Ryzen 9 7950X 16-Core Processor,NVIDIA GeForce RTX 4080
1,sdpss,0.05456701385243511,77.54573011398315,"Speech, Detect, Predict, Speech, Speech","0.016512, 0.002455, 0.002649, 0.016511, 0.016440","9.367, 7.551, 8.428, 9.324, 42.875","54, 508, 508, 54, 54",307200,82160,/home/jyoti/heterogeneous_edge/images/bear,/home/jyoti/heterogeneous_edge/test-clean/LibriSpeech/test-clean/1580/141083,11861.07421875,76,2646.5625,"62.7, 29.7, 1.4, 0.3, 1.2, 0.8, 1.5, 0.8, 44.4, 10.0, 0.2, 1.1, 21.3, 4.3, 6.1, 4.6, 12.7, 8.8, 7.0, 0.7, 0.5, 4.9, 0.4, 0.9, 11.0, 1.1, 1.4, 0.5, 0.4, 0.2, 9.9, 3.4",11,1836.0291262135922,30.453655242919922,32,15.9921875,AMD Ryzen 9 7950X 16-Core Processor,NVIDIA GeForce RTX 4080
1,sdpsd,0.04049730883639545,43.531766176223755,"Speech, Detect, Predict, Speech, Detect","0.016368, 0.002451, 0.002710, 0.016468, 0.002501","9.221, 7.616, 8.227, 10.613, 7.855","54, 508, 508, 54, 508",307200,82160,/home/jyoti/heterogeneous_edge/images/bear,/home/jyoti/heterogeneous_edge/test-clean/LibriSpeech/test-clean/1580/141083,11897.2109375,75,2646.5625,"30.6, 3.4, 5.6, 13.4, 16.7, 1.5, 0.5, 1.3, 43.8, 45.2, 1.4, 1.4, 1.5, 1.3, 2.1, 10.5, 7.5, 1.1, 0.3, 52.9, 5.2, 4.3, 0.5, 12.7, 0.4, 4.1, 0.3, 1.0, 0.9, 0.8, 1.1, 20.2",12,2118.2179930795846,30.453655242919922,32,15.9921875,AMD Ryzen 9 7950X 16-Core Processor,NVIDIA GeForce RTX 4080
1,sdpsp,0.040639235637212015,44.852237939834595,"Speech, Detect, Predict, Speech, Predict","0.016323, 0.002444, 0.002606, 0.016554, 0.002712","9.445, 7.751, 8.129, 10.859, 8.668","54, 508, 508, 54, 508",307200,82160,/home/jyoti/heterogeneous_edge/images/bear,/home/jyoti/heterogeneous_edge/test-clean/LibriSpeech/test-clean/1580/141083,11838.265625,76,2646.5625,"66.5, 2.3, 3.3, 3.7, 0.1, 6.5, 9.2, 0.3, 7.5, 9.2, 0.8, 2.1, 0.6, 17.3, 3.8, 15.9, 19.6, 0.4, 8.0, 5.7, 1.1, 12.6, 4.8, 1.5, 3.3, 0.7, 0.6, 1.3, 1.2, 65.8, 1.6, 11.3",13,2231.4765100671143,30.453655242919922,32,15.9921875,AMD Ryzen 9 7950X 16-Core Processor,NVIDIA GeForce RTX 4080
1,sdpds,0.040969816491688536,42.62423753738403,"Speech, Detect, Predict, Detect, Speech","0.016332, 0.002508, 0.002603, 0.002444, 0.017082","9.680, 7.689, 8.302, 7.773, 9.180","54, 508, 508, 508, 54",307200,82160,/home/jyoti/heterogeneous_edge/images/bear,/home/jyoti/heterogeneous_edge/test-clean/LibriSpeech/test-clean/1580/141083,11875.67578125,73,2646.5625,"81.0, 3.0, 11.7, 23.3, 1.0, 1.8, 0.1, 0.1, 24.6, 2.6, 1.1, 0.3, 1.5, 8.1, 0.1, 5.3, 1.1, 0.5, 1.4, 5.8, 12.1, 4.4, 1.3, 1.7, 0.8, 4.7, 1.6, 1.3, 5.4, 70.7, 1.2, 14.0",11,2212.3415492957747,30.453655242919922,32,15.9921875,AMD Ryzen 9 7950X 16-Core Processor,NVIDIA GeForce RTX 4080
1,sdpdd,0.026166692913385827,40.7616708278656,"Speech, Detect, Predict, Detect, Detect","0.016185, 0.002473, 0.002615, 0.002454, 0.002440","9.633, 7.628, 8.269, 7.591, 7.640","54, 508, 508, 508, 508",307200,82160,/home/jyoti/heterogeneous_edge/images/bear,/home/jyoti/heterogeneous_edge/test-clean/LibriSpeech/test-clean/1580/141083,11796.07421875,77,2647.125,"35.0, 3.9, 8.4, 13.7, 0.4, 13.0, 13.2, 0.6, 49.2, 9.3, 1.1, 0.3, 0.0, 1.9, 1.6, 6.2, 16.9, 0.4, 6.0, 3.1, 0.2, 1.7, 10.5, 28.3, 47.3, 8.2, 0.2, 0.3, 1.3, 2.6, 0.2, 7.9",15,2305.350553505535,30.453655242919922,32,15.9921875,AMD Ryzen 9 7950X 16-Core Processor,NVIDIA GeForce RTX 4080
1,sdpdp,0.026500011592300962,41.38373589515686,"Speech, Detect, Predict, Detect, Predict","0.016486, 0.002428, 0.002631, 0.002394, 0.002561","9.314, 7.755, 8.419, 7.589, 8.306","54, 508, 508, 508, 508",307200,82160,/home/jyoti/heterogeneous_edge/images/bear,/home/jyoti/heterogeneous_edge/test-clean/LibriSpeech/test-clean/1580/141083,11792.3671875,74,2647.125,"2.5, 10.2, 0.8, 0.0, 0.5, 1.0, 11.1, 50.3, 38.5, 25.8, 0.6, 0.2, 0.7, 0.2, 8.9, 3.8, 10.3, 13.4, 1.0, 12.7, 0.5, 0.0, 0.2, 24.7, 49.4, 0.2, 0.8, 0.1, 2.3, 1.2, 1.2, 14.0",12,2329.418181818182,30.453655242919922,32,15.9921875,AMD Ryzen 9 7950X 16-Core Processor,NVIDIA GeForce RTX 4080
1,sdpps,0.040787182706328376,46.103736877441406,"Speech, Detect, Predict, Predict, Speech","0.016621, 0.002508, 0.002743, 0.002605, 0.016311","11.155, 7.656, 8.531, 8.305, 10.457","54, 508, 508, 508, 54",307200,82160,/home/jyoti/heterogeneous_edge/images/bear,/home/jyoti/heterogeneous_edge/test-clean/LibriSpeech/test-clean/1580/141083,11885.70703125,52,2647.125,"37.8, 38.6, 2.3, 8.3, 5.7, 11.3, 0.8, 10.1, 33.8, 48.4, 2.5, 0.1, 11.0, 0.3, 1.0, 11.3, 5.3, 1.7, 4.6, 0.4, 22.3, 0.3, 0.6, 1.3, 3.2, 8.6, 1.3, 2.7, 1.2, 1.9, 1.1, 11.8",14,2242.5,30.453655242919922,32,15.9921875,AMD Ryzen 9 7950X 16-Core Processor,NVIDIA GeForce RTX 4080
1,sdppd,0.02707814566929134,45.6460976600647,"Speech, Detect, Predict, Predict, Detect","0.016736, 0.002514, 0.002627, 0.002655, 0.002546","13.494, 7.893, 8.217, 8.282, 7.759","54, 508, 508, 508, 508",307200,82160,/home/jyoti/heterogeneous_edge/images/bear,/home/jyoti/heterogeneous_edge/test-clean/LibriSpeech/test-clean/1580/141083,11810.1796875,71,2647.125,"11.3, 1.4, 4.6, 1.5, 74.4, 0.2, 0.2, 1.1, 84.1, 18.3, 5.2, 6.7, 0.7, 10.1, 0.6, 2.4, 3.6, 0.5, 6.8, 1.0, 25.2, 0.6, 0.4, 0.6, 0.3, 8.9, 1.6, 0.7, 0.4, 0.1, 1.5, 7.1",11,2308.8118811881186,30.453655242919922,32,15.9921875,AMD Ryzen 9 7950X 16-Core Processor,NVIDIA GeForce RTX 4080
1,sdppp,0.027085315543890348,42.96274280548096,"Speech, Detect, Predict, Predict, Predict","0.016657, 0.002555, 0.002619, 0.002636, 0.002618","10.346, 7.773, 8.321, 8.327, 8.196","54, 508, 508, 508, 508",307200,82160,/home/jyoti/heterogeneous_edge/images/bear,/home/jyoti/heterogeneous_edge/test-clean/LibriSpeech/test-clean/1580/141083,11901.05078125,35,2647.125,"14.4, 2.9, 1.9, 13.4, 72.3, 11.4, 0.8, 0.8, 71.4, 13.1, 2.3, 0.7, 5.3, 1.1, 0.1, 16.2, 0.4, 0.2, 0.4, 0.8, 17.0, 14.1, 0.6, 1.7, 19.3, 0.7, 1.4, 0.8, 0.5, 0.1, 1.7, 8.1",12,2316.9755244755243,30.453655242919922,32,15.9921875,AMD Ryzen 9 7950X 16-Core Processor,NVIDIA GeForce RTX 4080
1,spsss,0.06938756532516768,49.06120824813843,"Speech, Predict, Speech, Speech, Speech","0.017161, 0.002657, 0.016601, 0.016583, 0.016386","9.264, 8.391, 11.251, 10.007, 10.147","54, 508, 54, 54, 54",307200,82160,/home/jyoti/heterogeneous_edge/images/bear,/home/jyoti/heterogeneous_edge/test-clean/LibriSpeech/test-clean/1580/141083,11894.19140625,68,2647.125,"65.2, 7.0, 2.2, 7.4, 6.1, 0.0, 0.8, 0.4, 6.3, 8.1, 51.9, 1.5, 1.2, 5.6, 0.4, 7.0, 34.7, 2.5, 4.5, 2.8, 5.8, 1.6, 1.5, 1.4, 0.4, 14.4, 29.8, 1.0, 0.2, 0.2, 1.8, 14.9",14,2139.89263803681,30.453655242919922,32,15.9921875,AMD Ryzen 9 7950X 16-Core Processor,NVIDIA GeForce RTX 4080
1,spssd,0.054366454578594334,46.212095499038696,"Speech, Predict, Speech, Speech, Detect","0.016468, 0.002627, 0.016380, 0.016337, 0.002555","10.147, 8.380, 9.185, 10.788, 7.712","54, 508, 54, 54, 508",307200,82160,/home/jyoti/heterogeneous_edge/images/bear,/home/jyoti/heterogeneous_edge/test-clean/LibriSpeech/test-clean/1580/141083,11911.859375,74,2647.125,"34.1, 60.0, 11.7, 5.9, 1.1, 0.6, 0.3, 0.4, 45.9, 1.5, 20.0, 0.6, 1.0, 0.6, 0.7, 7.3, 21.4, 0.8, 10.5, 0.9, 1.3, 0.6, 0.6, 0.7, 9.0, 1.8, 23.8, 0.8, 0.1, 0.7, 0.7, 26.4",12,2219.3648208469053,30.453655242919922,32,15.9921875,AMD Ryzen 9 7950X 16-Core Processor,NVIDIA GeForce RTX 4080
1,spssp,0.05491089450277049,75.87789106369019,"Speech, Predict, Speech, Speech, Predict","0.016375, 0.002630, 0.016605, 0.016611, 0.002691","9.654, 8.290, 38.999, 10.515, 8.420","54, 508, 54, 54, 508",307200,82160,/home/jyoti/heterogeneous_edge/images/bear,/home/jyoti/heterogeneous_edge/test-clean/LibriSpeech/test-clean/1580/141083,11913.97265625,100,2647.125,"70.4, 7.4, 9.3, 0.6, 1.2, 0.6, 6.1, 0.9, 24.4, 75.2, 0.6, 2.8, 0.5, 0.4, 1.4, 9.2, 7.4, 5.5, 7.1, 0.5, 1.6, 0.5, 1.4, 0.8, 0.2, 0.9, 1.8, 3.3, 0.4, 8.0, 4.3, 3.6",11,1802.7083333333333,30.453655242919922,32,15.9921875,AMD Ryzen 9 7950X 16-Core Processor,NVIDIA GeForce RTX 4080
1,spsds,0.05513745115193934,51.589869022369385,"Speech, Predict, Speech, Detect, Speech","0.016600, 0.002714, 0.016551, 0.002526, 0.016747","10.247, 8.374, 16.374, 7.504, 9.091","54, 508, 54, 508, 54",307200,82160,/home/jyoti/heterogeneous_edge/images/bear,/home/jyoti/heterogeneous_edge/test-clean/LibriSpeech/test-clean/1580/141083,11926.3046875,73,2646.8125,"71.1, 2.7, 1.1, 0.8, 1.4, 1.0, 0.6, 0.8, 15.9, 65.6, 3.4, 4.9, 10.4, 0.5, 0.8, 5.4, 28.5, 0.6, 3.5, 0.3, 1.2, 3.1, 0.4, 1.1, 6.4, 25.1, 0.7, 0.8, 0.8, 0.7, 1.7, 21.0",9,2182.2157434402334,30.453655242919922,32,15.9921875,AMD Ryzen 9 7950X 16-Core Processor,NVIDIA GeForce RTX 4080
1,spsdd,0.04047340128317294,47.458619356155396,"Speech, Predict, Speech, Detect, Detect","0.016247, 0.002746, 0.016668, 0.002435, 0.002378","10.089, 8.269, 14.193, 7.438, 7.469","54, 508, 54, 508, 508",307200,82160,/home/jyoti/heterogeneous_edge/images/bear,/home/jyoti/heterogeneous_edge/test-clean/LibriSpeech/test-clean/1580/141083,11924.71875,75,2646.8125,"30.3, 14.5, 8.6, 1.2, 2.5, 0.7, 1.3, 0.0, 25.4, 1.7, 1.5, 0.6, 40.8, 1.9, 16.9, 8.2, 29.3, 19.7, 3.6, 0.6, 9.7, 0.1, 0.3, 0.7, 23.7, 2.1, 5.2, 9.9, 13.9, 0.5, 1.2, 7.4",15,2285.4761904761904,30.453655242919922,32,15.9921875,AMD Ryzen 9 7950X 16-Core Processor,NVIDIA GeForce RTX 4080
1,spsdp,0.041245515820939056,43.55360436439514,"Speech, Predict, Speech, Detect, Predict","0.016417, 0.002624, 0.017052, 0.002557, 0.002596","9.379, 8.339, 10.280, 7.858, 7.696","54, 508, 54, 508, 508",307200,82160,/home/jyoti/heterogeneous_edge/images/bear,/home/jyoti/heterogeneous_edge/test-clean/LibriSpeech/test-clean/1580/141083,11931.046875,76,2646.8125,"28.5, 5.2, 7.4, 2.5, 0.8, 5.9, 0.4, 11.4, 0.9, 5.7, 14.3, 21.7, 43.2, 1.5, 1.6, 4.7, 65.2, 1.1, 1.0, 0.5, 1.0, 8.0, 0.5, 2.1, 0.8, 1.1, 1.7, 38.5, 3.2, 0.4, 0.8, 8.3",13,2281.9655172413795,30.453655242919922,32,15.9921875,AMD Ryzen 9 7950X 16-Core Processor,NVIDIA GeForce RTX 4080
1,spsps,0.05480158486439195,49.36403799057007,"Speech, Predict, Speech, Predict, Speech","0.016654, 0.002756, 0.016387, 0.002736, 0.016268","13.291, 8.438, 9.243, 8.486, 9.905","54, 508, 54, 508, 54",307200,82160,/home/jyoti/heterogeneous_edge/images/bear,/home/jyoti/heterogeneous_edge/test-clean/LibriSpeech/test-clean/1580/141083,11905.65234375,76,2646.8125,"25.5, 15.5, 0.5, 55.5, 1.8, 4.9, 0.7, 1.5, 14.6, 13.6, 8.1, 5.7, 13.7, 0.9, 1.7, 2.3, 1.5, 2.0, 0.7, 9.0, 1.0, 0.6, 1.0, 1.2, 59.8, 0.7, 3.8, 1.1, 4.1, 1.2, 9.1, 16.8",12,2258.185975609756,30.453655242919922,32,15.9921875,AMD Ryzen 9 7950X 16-Core Processor,NVIDIA GeForce RTX 4080
1,spspd,0.04124927879848353,53.16686391830444,"Speech, Predict, Speech, Predict, Detect","0.016644, 0.002717, 0.016648, 0.002788, 0.002452","13.216, 8.405, 15.557, 8.428, 7.561","54, 508, 54, 508, 508",307200,82160,/home/jyoti/heterogeneous_edge/images/bear,/home/jyoti/heterogeneous_edge/test-clean/LibriSpeech/test-clean/1580/141083,11923.234375,73,2646.8125,"52.5, 20.4, 0.8, 2.7, 0.7, 8.5, 0.2, 1.3, 34.8, 43.7, 1.1, 2.0, 2.8, 1.8, 8.7, 6.6, 21.9, 10.1, 2.4, 2.9, 2.5, 1.2, 1.0, 0.5, 1.2, 11.7, 0.5, 0.3, 0.7, 0.3, 21.5, 11.1",12,2256.246458923513,30.453655242919922,32,15.9921875,AMD Ryzen 9 7950X 16-Core Processor,NVIDIA GeForce RTX 4080
1,spspp,0.04089591025080199,79.09116554260254,"Speech, Predict, Speech, Predict, Predict","0.016438, 0.002620, 0.016396, 0.002731, 0.002711","13.292, 8.534, 40.989, 8.117, 8.159","54, 508, 54, 508, 508",307200,82160,/home/jyoti/heterogeneous_edge/images/bear,/home/jyoti/heterogeneous_edge/test-clean/LibriSpeech/test-clean/1580/141083,11941.46875,74,2647.125,"40.0, 4.7, 2.8, 0.7, 0.1, 3.1, 0.3, 1.5, 11.1, 2.3, 0.9, 1.5, 2.3, 28.8, 10.3, 15.5, 46.0, 0.8, 0.7, 0.1, 0.3, 0.4, 5.8, 8.2, 7.0, 0.8, 1.2, 0.7, 2.0, 17.3, 0.3, 8.6",11,1784.5714285714287,30.453655242919922,32,15.9921875,AMD Ryzen 9 7950X 16-Core Processor,NVIDIA GeForce RTX 4080
1,spdss,0.05461285586176728,48.86046838760376,"Speech, Predict, Detect, Speech, Speech","0.016516, 0.002693, 0.002506, 0.016558, 0.016340","11.533, 8.334, 7.567, 12.527, 8.899","54, 508, 508, 54, 54",307200,82160,/home/jyoti/heterogeneous_edge/images/bear,/home/jyoti/heterogeneous_edge/test-clean/LibriSpeech/test-clean/1580/141083,11909.19140625,76,2647.125,"15.7, 2.3, 9.0, 72.7, 0.4, 0.5, 1.1, 0.7, 6.2, 2.4, 0.6, 8.1, 0.5, 1.2, 4.4, 22.6, 0.0, 5.2, 1.5, 0.1, 1.0, 0.8, 1.0, 0.5, 3.6, 0.9, 4.4, 5.7, 1.7, 0.7, 1.3, 13.5",9,2252.9076923076923,30.453655242919922,32,15.9921875,AMD Ryzen 9 7950X 16-Core Processor,NVIDIA GeForce RTX 4080
1,spdsd,0.04075511402741325,42.170406103134155,"Speech, Predict, Detect, Speech, Detect","0.016560, 0.002677, 0.002489, 0.016555, 0.002474","8.905, 8.108, 7.323, 10.348, 7.486","54, 508, 508, 54, 508",307200,82160,/home/jyoti/heterogeneous_edge/images/bear,/home/jyoti/heterogeneous_edge/test-clean/LibriSpeech/test-clean/1580/141083,11827.20703125,72,2647.125,"16.5, 2.2, 1.3, 0.5, 72.1, 0.5, 0.9, 0.7, 1.7, 0.8, 0.5, 0.3, 11.8, 2.8, 2.7, 10.1, 0.4, 0.0, 0.3, 0.5, 12.1, 0.4, 0.4, 0.1, 0.0, 0.4, 0.5, 6.1, 1.8, 6.4, 10.9, 26.6",9,2316.214285714286,30.453655242919922,32,15.9921875,AMD Ryzen 9 7950X 16-Core Processor,NVIDIA GeForce RTX 4080
1,spdsp,0.040919558398950125,41.47493386268616,"Speech, Predict, Detect, Speech, Predict","0.016430, 0.002768, 0.002460, 0.016544, 0.002716","8.767, 8.400, 7.422, 9.083, 7.804","54, 508, 508, 54, 508",307200,82160,/home/jyoti/heterogeneous_edge/images/bear,/home/jyoti/heterogeneous_edge/test-clean/LibriSpeech/test-clean/1580/141083,11751.0078125,74,2647.125,"0.7, 0.8, 0.5, 0.2, 39.5, 0.8, 0.4, 0.5, 0.3, 0.7, 3.8, 0.6, 0.7, 0.8, 0.4, 37.0, 0.5, 0.0, 0.0, 0.2, 60.6, 0.5, 0.9, 0.6, 0.7, 0.9, 11.6, 0.2, 1.3, 1.8, 0.4, 24.7",5,2262.1195652173915,30.453655242919922,32,15.9921875,AMD Ryzen 9 7950X 16-Core Processor,NVIDIA GeForce RTX 4080
1,spdds,0.040599946704578595,51.271541357040405,"Speech, Predict, Detect, Detect, Speech","0.016508, 0.002642, 0.002511, 0.002500, 0.016439","9.371, 8.031, 7.489, 7.572, 18.808","54, 508, 508, 508, 54",307200,82160,/home/jyoti/heterogeneous_edge/images/bear,/home/jyoti/heterogeneous_edge/test-clean/LibriSpeech/test-clean/1580/141083,11836.38671875,29,2647.125,"15.2, 0.2, 1.0, 0.0, 19.1, 0.2, 0.4, 0.9, 1.8, 9.6, 11.0, 0.6, 0.6, 0.7, 0.8, 17.2, 51.4, 0.6, 0.5, 0.6, 14.3, 0.7, 0.6, 0.3, 1.0, 0.4, 0.4, 0.4, 1.3, 0.3, 0.6, 24.1",8,2321.4369501466276,30.453655242919922,32,15.9921875,AMD Ryzen 9 7950X 16-Core Processor,NVIDIA GeForce RTX 4080
1,spddd,0.02649421019247594,39.493651390075684,"Speech, Predict, Detect, Detect, Detect","0.016422, 0.002683, 0.002505, 0.002413, 0.002470","9.141, 7.893, 7.586, 7.199, 7.675","54, 508, 508, 508, 508",307200,82160,/home/jyoti/heterogeneous_edge/images/bear,/home/jyoti/heterogeneous_edge/test-clean/LibriSpeech/test-clean/1580/141083,11841.4296875,71,2647.125,"42.1, 7.2, 1.7, 0.0, 0.1, 0.3, 0.2, 0.5, 16.3, 0.7, 3.5, 0.1, 1.4, 8.1, 19.9, 8.6, 42.2, 8.8, 0.2, 0.5, 0.9, 0.5, 0.7, 0.5, 0.6, 0.0, 0.7, 1.2, 1.3, 6.7, 6.1, 15.2",11,2363.269961977186,30.453655242919922,32,15.9921875,AMD Ryzen 9 7950X 16-Core Processor,NVIDIA GeForce RTX 4080
1,spddp,0.026717483231262756,47.281498193740845,"Speech, Predict, Detect, Detect, Predict","0.016419, 0.002665, 0.002452, 0.002489, 0.002693","15.276, 8.273, 7.627, 7.524, 8.582","54, 508, 508, 508, 508",307200,82160,/home/jyoti/heterogeneous_edge/images/bear,/home/jyoti/heterogeneous_edge/test-clean/LibriSpeech/test-clean/1580/141083,11844.31640625,76,2647.125,"62.6, 1.1, 0.7, 0.0, 0.0, 0.0, 0.2, 1.4, 10.3, 0.6, 0.1, 0.1, 11.1, 13.1, 1.1, 8.3, 36.5, 0.3, 0.3, 0.3, 0.5, 0.4, 0.4, 0.4, 0.5, 0.1, 0.8, 0.8, 2.5, 1.9, 11.7, 13.8",8,2387.8184713375795,30.453655242919922,32,15.9921875,AMD Ryzen 9 7950X 16-Core Processor,NVIDIA GeForce RTX 4080
1,spdps,0.04106752551764363,47.37367367744446,"Speech, Predict, Detect, Predict, Speech","0.016628, 0.002683, 0.002466, 0.002588, 0.016703","13.721, 7.735, 7.746, 8.028, 10.143","54, 508, 508, 508, 54",307200,82160,/home/jyoti/heterogeneous_edge/images/bear,/home/jyoti/heterogeneous_edge/test-clean/LibriSpeech/test-clean/1580/141083,11849.2890625,67,2647.125,"58.5, 1.3, 1.4, 11.0, 0.5, 0.6, 0.5, 0.4, 14.3, 0.7, 1.0, 0.1, 1.0, 1.3, 0.4, 13.1, 27.6, 0.7, 1.3, 0.4, 0.7, 0.1, 0.6, 0.7, 4.9, 1.4, 0.6, 12.2, 7.1, 1.0, 0.2, 19.3",8,2312.285714285714,30.453655242919922,32,15.9921875,AMD Ryzen 9 7950X 16-Core Processor,NVIDIA GeForce RTX 4080
1,spdpd,0.02682142293671624,45.08724069595337,"Speech, Predict, Detect, Predict, Detect","0.016445, 0.002731, 0.002514, 0.002685, 0.002446","13.099, 8.595, 7.674, 8.414, 7.305","54, 508, 508, 508, 508",307200,82160,/home/jyoti/heterogeneous_edge/images/bear,/home/jyoti/heterogeneous_edge/test-clean/LibriSpeech/test-clean/1580/141083,11796.62109375,74,2646.8125,"36.5, 2.5, 15.1, 0.2, 0.7, 0.0, 0.5, 0.3, 12.6, 10.9, 1.5, 0.7, 0.2, 0.2, 6.2, 3.8, 47.1, 0.2, 0.1, 0.0, 0.2, 0.2, 0.3, 0.1, 3.2, 1.7, 26.2, 0.8, 0.2, 0.1, 4.2, 8.6",8,2375.9,30.453655242919922,32,15.9921875,AMD Ryzen 9 7950X 16-Core Processor,NVIDIA GeForce RTX 4080
1,spdpp,0.027229826771653545,42.37549352645874,"Speech, Predict, Detect, Predict, Predict","0.016715, 0.002655, 0.002480, 0.002681, 0.002699","9.697, 8.437, 7.645, 8.123, 8.474","54, 508, 508, 508, 508",307200,82160,/home/jyoti/heterogeneous_edge/images/bear,/home/jyoti/heterogeneous_edge/test-clean/LibriSpeech/test-clean/1580/141083,11796.91796875,70,2646.8125,"0.6, 0.0, 80.1, 0.0, 0.4, 0.0, 0.2, 0.1, 0.2, 1.5, 0.3, 6.0, 0.7, 0.8, 0.7, 19.7, 0.2, 0.2, 20.2, 0.2, 0.5, 0.3, 0.1, 0.2, 0.1, 0.3, 0.1, 0.9, 14.4, 1.6, 0.1, 39.0",6,2351.627659574468,30.453655242919922,32,15.9921875,AMD Ryzen 9 7950X 16-Core Processor,NVIDIA GeForce RTX 4080
1,sppss,0.05534504367162438,50.72607898712158,"Speech, Predict, Predict, Speech, Speech","0.016661, 0.002671, 0.002734, 0.016680, 0.016599","8.793, 8.102, 8.416, 12.893, 12.522","54, 508, 508, 54, 54",307200,82160,/home/jyoti/heterogeneous_edge/images/bear,/home/jyoti/heterogeneous_edge/test-clean/LibriSpeech/test-clean/1580/141083,11906.6015625,76,2646.8125,"68.2, 2.3, 17.2, 0.9, 1.1, 0.2, 3.5, 0.9, 9.0, 1.5, 0.6, 2.3, 0.8, 1.2, 0.8, 13.4, 9.4, 0.7, 0.2, 0.6, 0.3, 0.9, 0.3, 0.2, 8.5, 0.5, 0.6, 11.3, 0.5, 0.7, 0.4, 25.2",8,2242.3442136498516,30.453655242919922,32,15.9921875,AMD Ryzen 9 7950X 16-Core Processor,NVIDIA GeForce RTX 4080
1,sppsd,0.041177442111402736,43.73809766769409,"Speech, Predict, Predict, Speech, Detect","0.016618, 0.002676, 0.002737, 0.016680, 0.002467","9.437, 8.032, 8.471, 10.160, 7.638","54, 508, 508, 54, 508",307200,82160,/home/jyoti/heterogeneous_edge/images/bear,/home/jyoti/heterogeneous_edge/test-clean/LibriSpeech/test-clean/1580/141083,11906.59375,72,2646.8125,"88.7, 5.0, 0.6, 1.1, 0.3, 0.0, 0.6, 0.6, 5.9, 0.6, 6.2, 1.4, 13.9, 0.6, 0.4, 15.3, 7.3, 0.6, 2.3, 0.4, 0.7, 0.8, 0.8, 0.4, 1.0, 0.7, 6.6, 0.2, 14.1, 0.5, 1.2, 18.3",9,2277.8865979381444,30.453655242919922,32,15.9921875,AMD Ryzen 9 7950X 16-Core Processor,NVIDIA GeForce RTX 4080
1,sppsp,0.041158175925925924,49.58435082435608,"Speech, Predict, Predict, Speech, Predict","0.016538, 0.002646, 0.002683, 0.016605, 0.002687","11.523, 7.998, 8.274, 13.822, 7.966","54, 508, 508, 54, 508",307200,82160,/home/jyoti/heterogeneous_edge/images/bear,/home/jyoti/heterogeneous_edge/test-clean/LibriSpeech/test-clean/1580/141083,11935.265625,74,2646.8125,"28.3, 1.9, 0.4, 0.3, 0.2, 37.1, 0.3, 0.2, 1.8, 0.6, 1.2, 0.4, 0.6, 1.5, 0.4, 31.0, 35.3, 0.3, 0.3, 0.8, 0.3, 0.1, 0.3, 0.3, 10.6, 0.1, 0.3, 0.3, 0.5, 1.0, 1.0, 22.8",6,2153.818181818182,30.453655242919922,32,15.9921875,AMD Ryzen 9 7950X 16-Core Processor,NVIDIA GeForce RTX 4080
1,sppds,0.04076383479148439,42.597575187683105,"Speech, Predict, Predict, Detect, Speech","0.016472, 0.002673, 0.002687, 0.002507, 0.016425","9.253, 7.987, 8.275, 7.542, 9.540","54, 508, 508, 508, 54",307200,82160,/home/jyoti/heterogeneous_edge/images/bear,/home/jyoti/heterogeneous_edge/test-clean/LibriSpeech/test-clean/1580/141083,11920.7421875,75,2646.8125,"27.7, 2.6, 0.4, 0.1, 0.8, 21.0, 0.8, 0.8, 3.8, 4.9, 0.9, 0.8, 1.1, 0.4, 1.4, 23.4, 7.4, 0.1, 0.9, 1.0, 0.9, 44.9, 0.3, 0.2, 0.5, 5.5, 0.7, 1.1, 0.7, 1.3, 1.4, 43.0",7,2183.321554770318,30.453655242919922,32,15.9921875,AMD Ryzen 9 7950X 16-Core Processor,NVIDIA GeForce RTX 4080
1,sppdd,0.026900756270049574,39.7214720249176,"Speech, Predict, Predict, Detect, Detect","0.016541, 0.002680, 0.002718, 0.002483, 0.002479","8.763, 8.146, 7.908, 7.259, 7.645","54, 508, 508, 508, 508",307200,82160,/home/jyoti/heterogeneous_edge/images/bear,/home/jyoti/heterogeneous_edge/test-clean/LibriSpeech/test-clean/1580/141083,11914.90625,29,2646.8125,"34.8, 2.0, 59.5, 0.0, 0.4, 0.4, 0.0, 0.1, 1.0, 0.5, 0.8, 13.5, 6.9, 11.2, 0.5, 10.7, 6.1, 0.4, 0.4, 0.6, 0.7, 0.0, 0.6, 0.4, 1.5, 0.4, 1.4, 0.9, 9.4, 2.7, 13.2, 16.7",10,2374.715909090909,30.453655242919922,32,15.9921875,AMD Ryzen 9 7950X 16-Core Processor,NVIDIA GeForce RTX 4080
1,sppdp,0.027018840624088655,40.97636437416077,"Speech, Predict, Predict, Detect, Predict","0.016575, 0.002693, 0.002678, 0.002473, 0.002600","8.972, 8.077, 8.405, 7.403, 8.119","54, 508, 508, 508, 508",307200,82160,/home/jyoti/heterogeneous_edge/images/bear,/home/jyoti/heterogeneous_edge/test-clean/LibriSpeech/test-clean/1580/141083,11875.94921875,36,2646.8125,"2.5, 3.7, 92.7, 0.8, 0.0, 0.7, 0.3, 0.4, 40.7, 0.3, 0.2, 8.2, 0.5, 1.1, 0.1, 6.9, 0.0, 0.4, 2.6, 0.2, 0.3, 0.3, 0.3, 0.0, 8.2, 0.9, 0.5, 5.1, 0.5, 0.3, 0.3, 14.9",7,2366.043956043956,30.453655242919922,32,15.9921875,AMD Ryzen 9 7950X 16-Core Processor,NVIDIA GeForce RTX 4080
1,sppps,0.041466615777194515,47.245240211486816,"Speech, Predict, Predict, Predict, Speech","0.016592, 0.002692, 0.002703, 0.002739, 0.016741","8.950, 8.128, 8.019, 8.429, 13.719","54, 508, 508, 508, 54",307200,82160,/home/jyoti/heterogeneous_edge/images/bear,/home/jyoti/heterogeneous_edge/test-clean/LibriSpeech/test-clean/1580/141083,11981.4921875,75,2646.8125,"30.7, 2.3, 0.2, 0.6, 0.2, 0.5, 0.6, 0.2, 1.2, 1.7, 0.9, 19.5, 0.9, 0.6, 0.6, 27.7, 68.4, 0.0, 0.4, 0.6, 0.9, 0.3, 0.5, 0.3, 0.5, 0.2, 0.4, 5.4, 0.2, 0.3, 0.3, 18.5",6,2220.334394904459,30.453655242919922,32,15.9921875,AMD Ryzen 9 7950X 16-Core Processor,NVIDIA GeForce RTX 4080
1,spppd,0.027190071376494606,41.600576400756836,"Speech, Predict, Predict, Predict, Detect","0.016642, 0.002705, 0.002681, 0.002680, 0.002482","9.590, 8.332, 8.197, 8.129, 7.353","54, 508, 508, 508, 508",307200,82160,/home/jyoti/heterogeneous_edge/images/bear,/home/jyoti/heterogeneous_edge/test-clean/LibriSpeech/test-clean/1580/141083,11980.6171875,32,2646.5625,"28.7, 2.6, 0.4, 0.4, 0.4, 20.0, 0.3, 0.5, 0.1, 6.0, 6.4, 7.7, 9.1, 0.7, 0.6, 30.7, 52.3, 0.4, 0.1, 0.1, 0.0, 0.0, 0.1, 0.0, 0.4, 1.3, 0.4, 1.2, 5.8, 0.1, 1.1, 17.1",10,2382.6714801444045,30.453655242919922,32,15.9921875,AMD Ryzen 9 7950X 16-Core Processor,NVIDIA GeForce RTX 4080
1,spppp,0.027350967774861477,41.95297837257385,"Speech, Predict, Predict, Predict, Predict","0.016630, 0.002682, 0.002686, 0.002662, 0.002692","9.689, 8.130, 8.108, 8.047, 7.979","54, 508, 508, 508, 508",307200,82160,/home/jyoti/heterogeneous_edge/images/bear,/home/jyoti/heterogeneous_edge/test-clean/LibriSpeech/test-clean/1580/141083,11983.59765625,68,2646.5625,"4.4, 0.6, 0.5, 0.5, 0.6, 99.9, 0.0, 0.1, 13.3, 0.5, 13.5, 0.7, 0.7, 1.6, 1.4, 19.3, 0.4, 0.0, 1.4, 0.0, 0.3, 0.1, 0.6, 0.4, 6.2, 0.5, 1.9, 1.0, 0.2, 0.8, 1.4, 28.8",6,2324.1397849462364,30.453655242919922,32,15.9921875,AMD Ryzen 9 7950X 16-Core Processor,NVIDIA GeForce RTX 4080
1,dssss,0.06912479775444735,46.48529005050659,"Detect, Speech, Speech, Speech, Speech","0.002528, 0.016435, 0.016964, 0.016672, 0.016526","7.307, 9.946, 8.857, 11.870, 8.505","508, 54, 54, 54, 54",307200,82160,/home/jyoti/heterogeneous_edge/images/bear,/home/jyoti/heterogeneous_edge/test-clean/LibriSpeech/test-clean/1580/141083,11960.30859375,76,2647.125,"31.0, 2.5, 0.6, 0.5, 0.7, 46.9, 0.6, 0.2, 12.2, 0.3, 8.1, 1.1, 0.6, 2.3, 0.2, 26.0, 21.7, 0.0, 0.7, 0.6, 1.0, 0.2, 0.5, 0.9, 1.1, 0.8, 4.6, 0.8, 1.2, 0.6, 0.9, 19.2",7,2075.339805825243,30.453655242919922,32,15.9921875,AMD Ryzen 9 7950X 16-Core Processor,NVIDIA GeForce RTX 4080
1,dsssd,0.055527782225138524,42.86976480484009,"Detect, Speech, Speech, Speech, Detect","0.002526, 0.016602, 0.016693, 0.017208, 0.002499","7.727, 8.921, 9.526, 9.338, 7.357","508, 54, 54, 54, 508",307200,82160,/home/jyoti/heterogeneous_edge/images/bear,/home/jyoti/heterogeneous_edge/test-clean/LibriSpeech/test-clean/1580/141083,12012.34375,74,2647.125,"22.8, 1.7, 1.4, 0.7, 0.4, 0.5, 0.4, 0.5, 5.1, 0.7, 1.3, 12.2, 1.0, 1.2, 0.7, 27.3, 77.2, 1.3, 0.4, 0.4, 0.8, 0.8, 0.6, 0.4, 0.6, 0.7, 0.5, 1.6, 6.2, 1.0, 1.5, 22.3",7,2225.2105263157896,30.453655242919922,32,15.9921875,AMD Ryzen 9 7950X 16-Core Processor,NVIDIA GeForce RTX 4080
1,dsssp,0.05489536723534558,47.257110357284546,"Detect, Speech, Speech, Speech, Predict","0.002467, 0.016569, 0.016636, 0.016498, 0.002725","7.419, 9.107, 8.799, 13.682, 8.250","508, 54, 54, 54, 508",307200,82160,/home/jyoti/heterogeneous_edge/images/bear,/home/jyoti/heterogeneous_edge/test-clean/LibriSpeech/test-clean/1580/141083,11953.9140625,72,2647.125,"39.7, 57.5, 0.4, 0.6, 0.6, 0.6, 0.3, 0.2, 1.2, 1.6, 1.1, 1.1, 4.8, 0.7, 0.7, 15.2, 6.6, 0.3, 0.7, 0.3, 0.5, 0.4, 0.7, 1.0, 0.3, 1.5, 0.2, 0.6, 11.7, 0.6, 0.6, 37.7",6,2199.6019108280257,30.453655242919922,32,15.9921875,AMD Ryzen 9 7950X 16-Core Processor,NVIDIA GeForce RTX 4080
1,dssds,0.05407384543598717,52.60812020301819,"Detect, Speech, Speech, Detect, Speech","0.002395, 0.016395, 0.016325, 0.002466, 0.016494","7.233, 9.544, 19.370, 7.473, 8.988","508, 54, 54, 508, 54",307200,82160,/home/jyoti/heterogeneous_edge/images/bear,/home/jyoti/heterogeneous_edge/test-clean/LibriSpeech/test-clean/1580/141083,12018.375,75,2647.125,"34.4, 40.8, 1.2, 3.8, 0.3, 0.3, 0.7, 0.8, 33.0, 1.1, 0.9, 5.4, 0.9, 0.8, 0.5, 13.2, 4.4, 8.9, 0.1, 2.6, 0.9, 0.6, 0.9, 0.4, 1.1, 0.4, 1.1, 6.2, 1.0, 0.2, 1.0, 11.0",8,2230.5,30.453655242919922,32,15.9921875,AMD Ryzen 9 7950X 16-Core Processor,NVIDIA GeForce RTX 4080
1,dssdd,0.04042223344998542,54.13515639305115,"Detect, Speech, Speech, Detect, Detect","0.002400, 0.016494, 0.016543, 0.002471, 0.002516","7.051, 22.626, 9.655, 7.343, 7.461","508, 54, 54, 508, 508",307200,82160,/home/jyoti/heterogeneous_edge/images/bear,/home/jyoti/heterogeneous_edge/test-clean/LibriSpeech/test-clean/1580/141083,12035.3359375,73,2647.125,"42.4, 13.3, 20.9, 5.4, 1.2, 0.4, 0.0, 0.4, 43.2, 1.1, 0.3, 0.4, 0.4, 0.4, 0.4, 7.9, 6.2, 0.8, 0.2, 0.5, 0.7, 0.2, 0.5, 0.2, 8.1, 0.1, 0.3, 1.8, 1.2, 0.4, 0.4, 12.4",9,1914.2083333333333,30.453655242919922,32,15.9921875,AMD Ryzen 9 7950X 16-Core Processor,NVIDIA GeForce RTX 4080
1,dssdp,0.040238275809273846,42.07050108909607,"Detect, Speech, Speech, Detect, Predict","0.002447, 0.016211, 0.016616, 0.002401, 0.002564","7.612, 9.964, 9.568, 7.212, 7.715","508, 54, 54, 508, 508",307200,82160,/home/jyoti/heterogeneous_edge/images/bear,/home/jyoti/heterogeneous_edge/test-clean/LibriSpeech/test-clean/1580/141083,12027.38671875,75,2647.125,"33.5, 4.9, 3.6, 0.4, 4.9, 1.8, 23.0, 0.3, 60.4, 1.4, 3.8, 4.3, 0.5, 1.6, 0.6, 5.9, 8.2, 0.2, 10.9, 0.5, 3.2, 3.1, 1.7, 0.9, 0.8, 3.0, 1.4, 1.1, 0.4, 0.8, 0.4, 7.2",7,2220.7526881720432,30.453655242919922,32,15.9921875,AMD Ryzen 9 7950X 16-Core Processor,NVIDIA GeForce RTX 4080
1,dssps,0.05406441192767571,110.52938103675842,"Detect, Speech, Speech, Predict, Speech","0.002407, 0.016402, 0.016402, 0.002592, 0.016262","7.579, 72.705, 11.263, 7.815, 11.168","508, 54, 54, 508, 54",307200,82160,/home/jyoti/heterogeneous_edge/images/bear,/home/jyoti/heterogeneous_edge/test-clean/LibriSpeech/test-clean/1580/141083,12087.3359375,74,2647.3125,"47.4, 5.4, 0.9, 0.4, 0.1, 0.4, 3.2, 0.2, 39.5, 0.5, 0.6, 0.6, 0.3, 0.3, 0.3, 3.1, 1.3, 2.5, 0.4, 7.0, 0.6, 0.4, 0.5, 2.0, 14.4, 0.6, 0.5, 0.1, 0.2, 0.2, 0.4, 6.8",6,1313.3787465940054,30.453655242919922,32,15.9921875,AMD Ryzen 9 7950X 16-Core Processor,NVIDIA GeForce RTX 4080
1,dsspd,0.04048947214931468,46.84943985939026,"Detect, Speech, Speech, Predict, Detect","0.002408, 0.016375, 0.016704, 0.002611, 0.002392","7.009, 9.950, 14.771, 7.662, 7.458","508, 54, 54, 508, 508",307200,82160,/home/jyoti/heterogeneous_edge/images/bear,/home/jyoti/heterogeneous_edge/test-clean/LibriSpeech/test-clean/1580/141083,12099.24609375,33,2647.3125,"34.1, 2.5, 8.2, 0.6, 1.0, 0.6, 14.1, 0.7, 50.0, 6.0, 0.5, 0.5, 0.6, 0.6, 0.5, 8.7, 11.4, 3.7, 12.6, 1.5, 0.7, 0.2, 4.8, 0.6, 6.6, 1.4, 0.4, 0.3, 0.4, 0.5, 0.5, 8.2",10,2236.3987138263665,30.453655242919922,32,15.9921875,AMD Ryzen 9 7950X 16-Core Processor,NVIDIA GeForce RTX 4080
1,dsspp,0.04062585462233887,43.790825605392456,"Detect, Speech, Speech, Predict, Predict","0.002510, 0.016393, 0.016511, 0.002589, 0.002622","7.439, 10.251, 10.127, 7.983, 7.990","508, 54, 54, 508, 508",307200,82160,/home/jyoti/heterogeneous_edge/images/bear,/home/jyoti/heterogeneous_edge/test-clean/LibriSpeech/test-clean/1580/141083,12110.875,54,2647.3125,"30.8, 5.5, 4.2, 1.5, 1.6, 12.9, 0.3, 1.2, 37.2, 1.8, 0.8, 13.1, 0.9, 0.4, 0.2, 13.7, 22.4, 0.9, 8.0, 0.1, 2.6, 0.1, 1.0, 0.5, 1.3, 0.8, 0.7, 0.0, 0.5, 0.8, 15.7, 9.9",10,2299.6907216494847,30.453655242919922,32,15.9921875,AMD Ryzen 9 7950X 16-Core Processor,NVIDIA GeForce RTX 4080
1,dsdss,0.054365060731991835,46.35087561607361,"Detect, Speech, Detect, Speech, Speech","0.002419, 0.016399, 0.002488, 0.016319, 0.016740","7.499, 10.079, 7.708, 12.085, 8.981","508, 54, 508, 54, 54",307200,82160,/home/jyoti/heterogeneous_edge/images/bear,/home/jyoti/heterogeneous_edge/test-clean/LibriSpeech/test-clean/1580/141083,12087.48828125,72,2647.3125,"3.8, 6.1, 0.6, 1.1, 0.7, 0.8, 1.2, 0.3, 27.9, 0.9, 1.1, 0.3, 9.8, 5.2, 0.8, 17.7, 37.6, 5.1, 1.9, 5.8, 2.0, 9.8, 1.0, 1.0, 1.0, 0.8, 0.1, 1.5, 4.9, 0.6, 0.3, 15.0",10,2142.3214285714284,30.453655242919922,32,15.9921875,AMD Ryzen 9 7950X 16-Core Processor,NVIDIA GeForce RTX 4080
1,dsdsd,0.04064591469816273,38.18329930305481,"Detect, Speech, Detect, Speech, Detect","0.002387, 0.016733, 0.002481, 0.016562, 0.002482","6.615, 8.927, 6.780, 9.039, 6.823","508, 54, 508, 54, 508",307200,82160,/home/jyoti/heterogeneous_edge/images/bear,/home/jyoti/heterogeneous_edge/test-clean/LibriSpeech/test-clean/1580/141083,12131.7890625,73,2647.0,"6.8, 0.9, 2.8, 0.8, 1.2, 0.6, 0.8, 0.5, 11.1, 2.3, 0.9, 0.9, 2.8, 2.2, 0.8, 5.8, 8.3, 2.2, 9.8, 0.7, 1.7, 1.6, 0.3, 0.9, 13.8, 0.8, 0.0, 0.0, 0.3, 5.3, 0.1, 13.1",8,2322.2244094488187,30.453655242919922,32,15.9921875,AMD Ryzen 9 7950X 16-Core Processor,NVIDIA GeForce RTX 4080
1,dsdsp,0.04064127114319043,38.612043619155884,"Detect, Speech, Detect, Speech, Predict","0.002375, 0.016694, 0.002426, 0.016463, 0.002682","6.632, 9.012, 6.724, 8.820, 7.424","508, 54, 508, 54, 508",307200,82160,/home/jyoti/heterogeneous_edge/images/bear,/home/jyoti/heterogeneous_edge/test-clean/LibriSpeech/test-clean/1580/141083,12162.69140625,77,2647.0,"10.4, 13.2, 2.0, 1.2, 0.4, 1.0, 0.4, 0.4, 13.8, 1.2, 0.4, 0.1, 0.9, 10.7, 0.7, 0.8, 2.0, 12.3, 0.7, 0.7, 0.5, 1.7, 0.4, 0.3, 0.7, 0.2, 0.3, 0.3, 0.7, 0.2, 0.1, 20.8",6,2244.1634241245138,30.453655242919922,32,15.9921875,AMD Ryzen 9 7950X 16-Core Processor,NVIDIA GeForce RTX 4080
1,dsdds,0.04047039916885389,37.45353078842163,"Detect, Speech, Detect, Detect, Speech","0.002468, 0.016509, 0.002457, 0.002453, 0.016584","6.807, 8.430, 6.816, 6.812, 8.589","508, 54, 508, 508, 54",307200,82160,/home/jyoti/heterogeneous_edge/images/bear,/home/jyoti/heterogeneous_edge/test-clean/LibriSpeech/test-clean/1580/141083,12159.69921875,77,2647.0,"7.9, 1.1, 1.2, 0.2, 0.9, 1.4, 0.6, 0.7, 25.0, 2.3, 0.4, 1.6, 0.5, 5.7, 1.1, 8.9, 2.7, 0.9, 3.1, 0.5, 0.3, 1.0, 0.3, 0.4, 0.6, 0.4, 1.1, 1.0, 0.5, 0.3, 0.1, 29.0",5,2319.578313253012,30.453655242919922,32,15.9921875,AMD Ryzen 9 7950X 16-Core Processor,NVIDIA GeForce RTX 4080
1,dsddd,0.026581411271507725,38.82498645782471,"Detect, Speech, Detect, Detect, Detect","0.002382, 0.016735, 0.002463, 0.002504, 0.002497","6.577, 11.687, 6.842, 6.841, 6.879","508, 54, 508, 508, 508",307200,82160,/home/jyoti/heterogeneous_edge/images/bear,/home/jyoti/heterogeneous_edge/test-clean/LibriSpeech/test-clean/1580/141083,12061.91796875,74,2647.0,"4.3, 1.9, 1.1, 0.6, 2.9, 0.5, 0.3, 0.0, 11.9, 1.0, 0.0, 0.2, 0.0, 0.0, 0.1, 13.5, 2.5, 14.1, 0.3, 1.1, 0.1, 0.3, 0.0, 0.7, 17.1, 0.4, 0.6, 0.3, 0.3, 0.3, 0.6, 13.5",5,2318.3720930232557,30.453655242919922,32,15.9921875,AMD Ryzen 9 7950X 16-Core Processor,NVIDIA GeForce RTX 4080
1,dsddp,0.02687003856809566,36.36154866218567,"Detect, Speech, Detect, Detect, Predict","0.002474, 0.016669, 0.002513, 0.002522, 0.002692","6.784, 8.436, 6.806, 6.882, 7.454","508, 54, 508, 508, 508",307200,82160,/home/jyoti/heterogeneous_edge/images/bear,/home/jyoti/heterogeneous_edge/test-clean/LibriSpeech/test-clean/1580/141083,12125.1796875,72,2647.0,"1.7, 0.5, 1.1, 0.4, 1.7, 0.3, 3.9, 0.5, 17.4, 0.9, 3.3, 0.2, 1.1, 0.1, 0.1, 1.6, 2.0, 0.0, 2.9, 0.1, 0.5, 2.6, 2.7, 0.1, 34.6, 0.1, 0.8, 0.4, 0.6, 6.7, 0.6, 15.1",4,2382.086776859504,30.453655242919922,32,15.9921875,AMD Ryzen 9 7950X 16-Core Processor,NVIDIA GeForce RTX 4080
1,dsdps,0.04092392308253135,38.604432582855225,"Detect, Speech, Detect, Predict, Speech","0.002485, 0.016597, 0.002489, 0.002693, 0.016661","6.738, 8.957, 6.826, 7.523, 8.560","508, 54, 508, 508, 54",307200,82160,/home/jyoti/heterogeneous_edge/images/bear,/home/jyoti/heterogeneous_edge/test-clean/LibriSpeech/test-clean/1580/141083,12080.90625,73,2647.0,"8.2, 0.5, 1.4, 0.5, 0.4, 1.6, 5.7, 0.1, 21.8, 12.7, 0.9, 0.7, 0.8, 1.0, 0.5, 0.7, 0.1, 0.5, 0.1, 0.5, 0.5, 0.6, 0.4, 0.9, 9.7, 3.2, 0.5, 0.5, 0.5, 5.1, 0.6, 20.3",7,2221.4591439688716,30.453655242919922,32,15.9921875,AMD Ryzen 9 7950X 16-Core Processor,NVIDIA GeForce RTX 4080
1,dsdpd,0.026638002333041706,36.68044328689575,"Detect, Speech, Detect, Predict, Detect","0.002514, 0.016474, 0.002500, 0.002678, 0.002472","6.829, 8.597, 6.867, 7.469, 6.918","508, 54, 508, 508, 508",307200,82160,/home/jyoti/heterogeneous_edge/images/bear,/home/jyoti/heterogeneous_edge/test-clean/LibriSpeech/test-clean/1580/141083,12123.23046875,73,2647.0,"6.8, 2.4, 0.1, 0.0, 0.1, 1.7, 0.9, 0.3, 31.9, 1.3, 2.5, 0.5, 0.5, 5.8, 0.6, 2.0, 2.7, 3.9, 3.4, 0.5, 0.5, 0.3, 0.5, 1.1, 16.6, 1.3, 1.4, 0.1, 0.0, 0.2, 0.0, 11.6",5,2352.3565573770493,30.453655242919922,32,15.9921875,AMD Ryzen 9 7950X 16-Core Processor,NVIDIA GeForce RTX 4080
1,dsdpp,0.02662579184893555,43.78040909767151,"Detect, Speech, Detect, Predict, Predict","0.002404, 0.016479, 0.002499, 0.002659, 0.002585","6.761, 15.298, 6.839, 7.549, 7.334","508, 54, 508, 508, 508",307200,82160,/home/jyoti/heterogeneous_edge/images/bear,/home/jyoti/heterogeneous_edge/test-clean/LibriSpeech/test-clean/1580/141083,12150.3125,72,2649.375,"4.1, 0.3, 0.5, 12.5, 3.6, 1.0, 10.5, 0.8, 7.3, 0.0, 1.0, 0.2, 0.3, 4.8, 0.5, 0.8, 1.7, 0.3, 2.4, 0.7, 1.5, 1.8, 0.4, 0.4, 13.5, 2.4, 0.1, 0.3, 0.1, 1.3, 1.5, 11.5",5,2424.4845360824743,30.453655242919922,32,15.9921875,AMD Ryzen 9 7950X 16-Core Processor,NVIDIA GeForce RTX 4080
1,dspss,0.05491648629337999,41.079031229019165,"Detect, Speech, Predict, Speech, Speech","0.002461, 0.016571, 0.002689, 0.016592, 0.016604","6.820, 8.568, 7.448, 8.530, 9.713","508, 54, 508, 54, 54",307200,82160,/home/jyoti/heterogeneous_edge/images/bear,/home/jyoti/heterogeneous_edge/test-clean/LibriSpeech/test-clean/1580/141083,12156.5546875,76,2649.375,"1.5, 3.0, 0.9, 0.1, 0.7, 1.1, 3.6, 0.5, 18.3, 1.0, 1.9, 1.3, 0.8, 0.8, 1.5, 7.7, 2.7, 1.1, 0.4, 1.2, 4.9, 5.1, 0.8, 0.8, 6.4, 0.6, 0.7, 1.9, 0.9, 5.3, 0.6, 20.9",6,2218.2417582417584,30.453655242919922,32,15.9921875,AMD Ryzen 9 7950X 16-Core Processor,NVIDIA GeForce RTX 4080
1,dspsd,0.04090242228054826,40.458622455596924,"Detect, Speech, Predict, Speech, Detect","0.002456, 0.016477, 0.002682, 0.016747, 0.002539","6.808, 9.405, 7.420, 9.924, 6.902","508, 54, 508, 54, 508",307200,82160,/home/jyoti/heterogeneous_edge/images/bear,/home/jyoti/heterogeneous_edge/test-clean/LibriSpeech/test-clean/1580/141083,12132.80859375,75,2649.5,"3.4, 0.5, 0.3, 0.0, 6.0, 1.7, 2.2, 0.4, 14.8, 1.7, 1.3, 0.9, 0.6, 5.3, 0.7, 6.9, 0.4, 0.9, 1.0, 1.0, 2.1, 2.4, 3.0, 1.3, 21.5, 1.7, 1.1, 0.1, 0.6, 5.7, 1.2, 7.1",7,2291.4312267657992,30.453655242919922,32,15.9921875,AMD Ryzen 9 7950X 16-Core Processor,NVIDIA GeForce RTX 4080
1,dspsp,0.04039585163312919,40.80717968940735,"Detect, Speech, Predict, Speech, Predict","0.002401, 0.016490, 0.002605, 0.016328, 0.002572","6.637, 9.319, 7.291, 10.252, 7.307","508, 54, 508, 54, 508",307200,82160,/home/jyoti/heterogeneous_edge/images/bear,/home/jyoti/heterogeneous_edge/test-clean/LibriSpeech/test-clean/1580/141083,12160.640625,77,2649.5,"1.0, 12.9, 1.1, 0.0, 15.6, 1.6, 5.1, 0.8, 0.8, 1.0, 0.1, 0.7, 3.6, 0.2, 0.5, 8.8, 0.4, 1.0, 0.5, 5.4, 1.2, 1.3, 9.9, 0.2, 1.1, 0.5, 0.8, 0.1, 3.3, 0.7, 0.4, 16.7",7,2256.2546125461254,30.453655242919922,32,15.9921875,AMD Ryzen 9 7950X 16-Core Processor,NVIDIA GeForce RTX 4080
1,dspds,0.04030748694954797,52.19042420387268,"Detect, Speech, Predict, Detect, Speech","0.002382, 0.016539, 0.002572, 0.002380, 0.016434","6.724, 13.679, 7.277, 6.678, 17.832","508, 54, 508, 508, 54",307200,82160,/home/jyoti/heterogeneous_edge/images/bear,/home/jyoti/heterogeneous_edge/test-clean/LibriSpeech/test-clean/1580/141083,12169.64453125,76,2649.5,"13.2, 9.2, 0.6, 0.2, 10.8, 0.6, 0.6, 0.6, 2.5, 0.7, 2.3, 0.9, 0.3, 0.3, 0.2, 7.1, 0.5, 0.3, 0.3, 0.7, 0.5, 0.1, 0.8, 4.0, 2.3, 0.1, 0.8, 0.1, 0.2, 0.2, 0.5, 11.5",5,2347.0893371757925,30.453655242919922,32,15.9921875,AMD Ryzen 9 7950X 16-Core Processor,NVIDIA GeForce RTX 4080
1,dspdd,0.026153516914552345,36.14749217033386,"Detect, Speech, Predict, Detect, Detect","0.002391, 0.016292, 0.002594, 0.002461, 0.002415","6.653, 8.566, 7.379, 6.795, 6.754","508, 54, 508, 508, 508",307200,82160,/home/jyoti/heterogeneous_edge/images/bear,/home/jyoti/heterogeneous_edge/test-clean/LibriSpeech/test-clean/1580/141083,12087.71484375,76,2649.5,"0.4, 0.7, 10.8, 0.4, 5.8, 0.8, 17.4, 0.7, 10.1, 1.0, 1.1, 0.1, 1.5, 0.5, 0.4, 2.3, 0.5, 0.4, 2.4, 0.1, 0.1, 12.8, 1.5, 0.4, 1.5, 1.5, 0.5, 0.4, 0.2, 0.2, 0.0, 26.3",6,2401.804979253112,30.453655242919922,32,15.9921875,AMD Ryzen 9 7950X 16-Core Processor,NVIDIA GeForce RTX 4080
1,dspdp,0.026755931102362206,37.30591034889221,"Detect, Speech, Predict, Detect, Predict","0.002414, 0.016719, 0.002673, 0.002377, 0.002573","6.745, 9.061, 7.520, 6.669, 7.312","508, 54, 508, 508, 508",307200,82160,/home/jyoti/heterogeneous_edge/images/bear,/home/jyoti/heterogeneous_edge/test-clean/LibriSpeech/test-clean/1580/141083,12135.640625,66,2649.5,"2.0, 0.6, 0.6, 1.0, 1.5, 12.9, 0.1, 0.5, 1.7, 0.7, 0.8, 2.6, 0.5, 0.4, 0.5, 4.6, 0.5, 0.0, 0.5, 23.5, 1.9, 1.3, 0.8, 1.5, 0.2, 1.6, 5.5, 0.1, 0.0, 14.0, 0.0, 21.0",5,2405.141129032258,30.453655242919922,32,15.9921875,AMD Ryzen 9 7950X 16-Core Processor,NVIDIA GeForce RTX 4080
1,dspps,0.0408361209536308,43.27762842178345,"Detect, Speech, Predict, Predict, Speech","0.002445, 0.016526, 0.002564, 0.002597, 0.016704","6.701, 10.264, 7.328, 7.356, 11.628","508, 54, 508, 508, 54",307200,82160,/home/jyoti/heterogeneous_edge/images/bear,/home/jyoti/heterogeneous_edge/test-clean/LibriSpeech/test-clean/1580/141083,12088.60546875,76,2649.5,"0.8, 1.0, 0.8, 1.2, 0.6, 0.4, 4.6, 0.5, 0.3, 0.1, 0.4, 0.5, 0.5, 4.6, 1.0, 11.5, 12.1, 0.5, 1.4, 11.8, 0.7, 0.9, 10.7, 0.3, 0.4, 0.8, 0.5, 0.5, 0.8, 4.9, 1.4, 13.1",5,2283.3449477351915,30.453655242919922,32,15.9921875,AMD Ryzen 9 7950X 16-Core Processor,NVIDIA GeForce RTX 4080
1,dsppd,0.02638004578594342,36.60008525848389,"Detect, Speech, Predict, Predict, Detect","0.002393, 0.016446, 0.002578, 0.002590, 0.002374","6.676, 8.476, 7.374, 7.340, 6.734","508, 54, 508, 508, 508",307200,82160,/home/jyoti/heterogeneous_edge/images/bear,/home/jyoti/heterogeneous_edge/test-clean/LibriSpeech/test-clean/1580/141083,12159.453125,72,2649.5,"0.5, 1.6, 9.6, 14.2, 0.9, 1.2, 1.0, 25.9, 0.5, 0.3, 0.1, 0.1, 0.0, 0.0, 0.1, 10.3, 5.7, 0.7, 3.7, 0.5, 1.5, 0.0, 0.4, 1.3, 0.3, 0.5, 2.3, 0.4, 0.4, 0.5, 1.4, 15.0",6,2380.9876543209875,30.453655242919922,32,15.9921875,AMD Ryzen 9 7950X 16-Core Processor,NVIDIA GeForce RTX 4080
1,dsppp,0.02633951895596384,36.66131138801575,"Detect, Speech, Predict, Predict, Predict","0.002371, 0.016269, 0.002554, 0.002584, 0.002562","6.705, 8.081, 7.295, 7.346, 7.235","508, 54, 508, 508, 508",307200,82160,/home/jyoti/heterogeneous_edge/images/bear,/home/jyoti/heterogeneous_edge/test-clean/LibriSpeech/test-clean/1580/141083,12093.3671875,74,2649.5,"0.9, 0.7, 0.5, 0.5, 4.5, 0.7, 6.9, 2.9, 2.1, 0.5, 0.0, 0.4, 0.4, 0.7, 0.1, 3.3, 0.0, 0.1, 0.0, 1.5, 49.2, 0.1, 0.8, 0.9, 0.1, 0.2, 0.5, 0.0, 0.1, 0.4, 1.6, 25.6",3,2423.6680327868853,30.453655242919922,32,15.9921875,AMD Ryzen 9 7950X 16-Core Processor,NVIDIA GeForce RTX 4080
1,ddsss,0.05408149526100904,43.751463413238525,"Detect, Detect, Speech, Speech, Speech","0.002425, 0.002401, 0.016415, 0.016436, 0.016405","6.746, 6.711, 8.644, 13.201, 8.451","508, 508, 54, 54, 54",307200,82160,/home/jyoti/heterogeneous_edge/images/bear,/home/jyoti/heterogeneous_edge/test-clean/LibriSpeech/test-clean/1580/141083,12121.4453125,76,2647.5625,"7.0, 0.5, 0.6, 4.7, 0.6, 1.7, 0.9, 1.7, 0.3, 1.0, 0.9, 0.5, 0.8, 0.4, 1.1, 9.5, 13.6, 5.8, 0.2, 0.9, 10.1, 0.7, 0.2, 0.1, 0.8, 0.4, 2.2, 1.5, 0.6, 0.8, 2.2, 14.4",6,2201.443298969072,30.453655242919922,32,15.9921875,AMD Ryzen 9 7950X 16-Core Processor,NVIDIA GeForce RTX 4080
1,ddssd,0.04022914289880432,38.18535923957825,"Detect, Detect, Speech, Speech, Detect","0.002380, 0.002354, 0.016658, 0.016423, 0.002414","6.643, 6.660, 8.952, 9.205, 6.726","508, 508, 54, 54, 508",307200,82160,/home/jyoti/heterogeneous_edge/images/bear,/home/jyoti/heterogeneous_edge/test-clean/LibriSpeech/test-clean/1580/141083,12062.32421875,75,2647.5625,"1.8, 0.7, 6.9, 12.3, 23.7, 1.1, 2.0, 0.5, 0.4, 0.4, 3.8, 1.2, 1.3, 0.9, 1.0, 3.2, 0.5, 1.3, 0.2, 0.9, 1.0, 0.1, 0.9, 0.8, 0.5, 1.1, 8.4, 0.1, 0.5, 0.0, 0.0, 20.7",5,2327.7755905511813,30.453655242919922,32,15.9921875,AMD Ryzen 9 7950X 16-Core Processor,NVIDIA GeForce RTX 4080
1,ddssp,0.04038152179935841,38.917298793792725,"Detect, Detect, Speech, Speech, Predict","0.002388, 0.002413, 0.016374, 0.016630, 0.002577","6.684, 6.703, 8.182, 10.025, 7.322","508, 508, 54, 54, 508",307200,82160,/home/jyoti/heterogeneous_edge/images/bear,/home/jyoti/heterogeneous_edge/test-clean/LibriSpeech/test-clean/1580/141083,12141.75,76,2647.5625,"2.2, 14.6, 11.0, 1.3, 2.1, 2.5, 13.2, 2.1, 0.7, 0.5, 0.1, 1.3, 0.3, 4.5, 0.4, 8.4, 0.7, 2.7, 1.5, 0.1, 5.9, 0.6, 0.8, 0.2, 0.8, 0.7, 2.2, 2.5, 0.8, 1.4, 1.5, 14.2",6,2324.420849420849,30.453655242919922,32,15.9921875,AMD Ryzen 9 7950X 16-Core Processor,NVIDIA GeForce RTX 4080
1,ddsds,0.040327467337416156,37.30386209487915,"Detect, Detect, Speech, Detect, Speech","0.002371, 0.002475, 0.016715, 0.002404, 0.016362","6.701, 6.800, 9.021, 6.728, 8.054","508, 508, 54, 508, 54",307200,82160,/home/jyoti/heterogeneous_edge/images/bear,/home/jyoti/heterogeneous_edge/test-clean/LibriSpeech/test-clean/1580/141083,12148.1875,73,2647.5625,"0.6, 0.6, 6.4, 1.8, 6.0, 0.2, 12.7, 0.5, 11.4, 1.5, 0.5, 1.2, 1.1, 5.7, 0.1, 0.5, 0.9, 0.8, 1.5, 1.4, 7.3, 0.9, 1.4, 0.4, 1.4, 0.7, 1.1, 0.1, 0.4, 0.5, 2.0, 30.5",7,2278.0040322580644,30.453655242919922,32,15.9921875,AMD Ryzen 9 7950X 16-Core Processor,NVIDIA GeForce RTX 4080
1,ddsdd,0.026279618256051324,36.42283082008362,"Detect, Detect, Speech, Detect, Detect","0.002472, 0.002474, 0.016403, 0.002495, 0.002435","6.809, 6.881, 9.084, 6.898, 6.750","508, 508, 54, 508, 508",307200,82160,/home/jyoti/heterogeneous_edge/images/bear,/home/jyoti/heterogeneous_edge/test-clean/LibriSpeech/test-clean/1580/141083,12117.0703125,48,2647.5625,"1.0, 0.5, 0.5, 0.9, 0.1, 0.5, 5.3, 0.1, 0.6, 1.5, 0.1, 0.0, 14.2, 1.0, 0.4, 9.3, 0.5, 0.0, 0.4, 0.1, 0.9, 12.3, 0.6, 0.6, 0.6, 1.0, 0.4, 0.4, 0.1, 0.4, 0.4, 44.2",5,2396.4814814814813,30.453655242919922,32,15.9921875,AMD Ryzen 9 7950X 16-Core Processor,NVIDIA GeForce RTX 4080
1,ddsdp,0.026177998833479144,36.18677091598511,"Detect, Detect, Speech, Detect, Predict","0.002382, 0.002415, 0.016395, 0.002388, 0.002598","6.705, 6.669, 8.741, 6.670, 7.401","508, 508, 54, 508, 508",307200,82160,/home/jyoti/heterogeneous_edge/images/bear,/home/jyoti/heterogeneous_edge/test-clean/LibriSpeech/test-clean/1580/141083,12099.9140625,49,2647.5625,"0.8, 0.4, 1.6, 0.1, 19.1, 0.1, 0.0, 0.4, 8.1, 0.2, 0.0, 0.8, 0.7, 1.7, 0.9, 2.7, 17.0, 1.3, 11.2, 0.4, 1.3, 2.5, 0.4, 0.6, 0.1, 0.1, 0.3, 0.6, 0.2, 0.3, 0.4, 25.7",5,2380.8921161825724,30.453655242919922,32,15.9921875,AMD Ryzen 9 7950X 16-Core Processor,NVIDIA GeForce RTX 4080
1,ddsps,0.040493682487605716,37.60594081878662,"Detect, Detect, Speech, Predict, Speech","0.002387, 0.002419, 0.016549, 0.002590, 0.016549","6.689, 6.753, 8.311, 7.327, 8.527","508, 508, 54, 508, 54",307200,82160,/home/jyoti/heterogeneous_edge/images/bear,/home/jyoti/heterogeneous_edge/test-clean/LibriSpeech/test-clean/1580/141083,12144.109375,74,2647.5625,"2.8, 14.8, 2.3, 0.9, 0.1, 0.9, 0.6, 3.1, 0.4, 0.6, 2.0, 0.5, 0.6, 6.3, 0.9, 9.7, 2.0, 1.2, 0.1, 11.9, 12.7, 0.5, 0.5, 3.5, 0.9, 0.6, 0.6, 0.5, 2.7, 0.5, 0.0, 18.9",6,2303.28,30.453655242919922,32,15.9921875,AMD Ryzen 9 7950X 16-Core Processor,NVIDIA GeForce RTX 4080
1,ddspd,0.026270554972295128,40.410447120666504,"Detect, Detect, Speech, Predict, Detect","0.002400, 0.002417, 0.016373, 0.002549, 0.002531","6.730, 6.710, 12.789, 7.326, 6.856","508, 508, 54, 508, 508",307200,82160,/home/jyoti/heterogeneous_edge/images/bear,/home/jyoti/heterogeneous_edge/test-clean/LibriSpeech/test-clean/1580/141083,12074.265625,28,2647.5625,"1.7, 13.1, 0.4, 11.5, 0.4, 0.4, 0.4, 0.4, 1.3, 0.3, 1.0, 0.5, 0.4, 0.0, 0.4, 6.0, 2.8, 16.3, 0.1, 0.9, 0.0, 0.1, 0.0, 0.1, 0.8, 0.6, 0.6, 0.3, 11.9, 0.5, 0.4, 16.8",6,2408.531598513011,30.453655242919922,32,15.9921875,AMD Ryzen 9 7950X 16-Core Processor,NVIDIA GeForce RTX 4080
1,ddspp,0.02662793904928551,36.20167779922485,"Detect, Detect, Speech, Predict, Predict","0.002414, 0.002380, 0.016660, 0.002582, 0.002592","6.689, 6.716, 8.151, 7.366, 7.280","508, 508, 54, 508, 508",307200,82160,/home/jyoti/heterogeneous_edge/images/bear,/home/jyoti/heterogeneous_edge/test-clean/LibriSpeech/test-clean/1580/141083,12076.60546875,33,2647.5625,"2.1, 4.3, 15.8, 12.4, 0.4, 0.4, 1.7, 1.0, 0.7, 0.0, 5.9, 0.4, 0.6, 0.0, 0.5, 9.3, 0.6, 23.5, 0.5, 1.1, 0.1, 1.6, 0.9, 0.8, 0.4, 0.4, 0.0, 0.4, 0.0, 0.5, 0.1, 17.2",6,2211.2240663900416,30.453655242919922,32,15.9921875,AMD Ryzen 9 7950X 16-Core Processor,NVIDIA GeForce RTX 4080
1,dddss,0.04022105139982502,38.83630037307739,"Detect, Detect, Detect, Speech, Speech","0.002429, 0.002359, 0.002489, 0.016412, 0.016532","6.803, 6.681, 6.902, 8.907, 9.543","508, 508, 508, 54, 54",307200,82160,/home/jyoti/heterogeneous_edge/images/bear,/home/jyoti/heterogeneous_edge/test-clean/LibriSpeech/test-clean/1580/141083,12076.80078125,73,2647.375,"1.9, 0.7, 0.8, 0.0, 0.5, 3.6, 1.9, 5.0, 7.0, 1.0, 0.0, 0.4, 1.2, 0.5, 1.0, 20.5, 0.4, 0.3, 1.8, 5.8, 11.7, 3.1, 0.7, 0.6, 0.8, 1.0, 0.8, 0.2, 1.0, 0.5, 0.0, 22.6",6,2181.7441860465115,30.453655242919922,32,15.9921875,AMD Ryzen 9 7950X 16-Core Processor,NVIDIA GeForce RTX 4080
1,dddsd,0.02614669677748615,35.49094104766846,"Detect, Detect, Detect, Speech, Detect","0.002404, 0.002421, 0.002446, 0.016481, 0.002394","6.717, 6.659, 6.765, 8.624, 6.726","508, 508, 508, 54, 508",307200,82160,/home/jyoti/heterogeneous_edge/images/bear,/home/jyoti/heterogeneous_edge/test-clean/LibriSpeech/test-clean/1580/141083,12128.1171875,75,2647.375,"12.8, 0.4, 1.2, 12.0, 0.5, 0.6, 0.7, 13.0, 0.1, 0.1, 0.1, 0.0, 1.3, 0.4, 0.0, 10.4, 0.9, 0.5, 1.7, 1.3, 0.0, 0.5, 5.8, 0.4, 2.0, 0.5, 0.5, 0.5, 0.1, 0.0, 0.5, 31.0",6,2440.2330508474574,30.453655242919922,32,15.9921875,AMD Ryzen 9 7950X 16-Core Processor,NVIDIA GeForce RTX 4080
1,dddsp,0.026020657917760277,35.374550580978394,"Detect, Detect, Detect, Speech, Predict","0.002368, 0.002385, 0.002382, 0.016293, 0.002593","6.690, 6.723, 6.654, 8.012, 7.295","508, 508, 508, 54, 508",307200,82160,/home/jyoti/heterogeneous_edge/images/bear,/home/jyoti/heterogeneous_edge/test-clean/LibriSpeech/test-clean/1580/141083,12149.5625,75,2647.375,"2.0, 0.3, 1.0, 18.7, 0.4, 0.6, 1.6, 0.1, 0.6, 0.1, 1.6, 0.4, 1.0, 0.5, 0.0, 10.4, 13.4, 13.1, 2.1, 8.3, 0.5, 5.4, 1.1, 1.6, 0.3, 0.4, 0.6, 0.6, 0.3, 0.0, 0.5, 18.6",7,2393.3898305084745,30.453655242919922,32,15.9921875,AMD Ryzen 9 7950X 16-Core Processor,NVIDIA GeForce RTX 4080
1,dddds,0.02610573235637212,36.81707406044006,"Detect, Detect, Detect, Detect, Speech","0.002422, 0.002380, 0.002479, 0.002475, 0.016349","6.724, 6.678, 6.863, 6.828, 9.725","508, 508, 508, 508, 54",307200,82160,/home/jyoti/heterogeneous_edge/images/bear,/home/jyoti/heterogeneous_edge/test-clean/LibriSpeech/test-clean/1580/141083,12161.89453125,77,2647.375,"13.2, 0.4, 1.4, 0.1, 0.2, 0.5, 1.8, 0.6, 0.4, 1.6, 0.0, 3.7, 14.9, 0.0, 0.0, 16.5, 1.5, 0.0, 0.7, 12.9, 0.8, 0.1, 5.2, 0.7, 0.7, 0.4, 1.3, 0.9, 0.1, 0.2, 0.4, 16.7",6,2434.6530612244896,30.453655242919922,32,15.9921875,AMD Ryzen 9 7950X 16-Core Processor,NVIDIA GeForce RTX 4080
1,ddddd,0.012097899606299213,33.575764656066895,"Detect, Detect, Detect, Detect, Detect","0.002407, 0.002404, 0.002469, 0.002404, 0.002414","6.707, 6.698, 6.789, 6.676, 6.706","508, 508, 508, 508, 508",307200,,/home/jyoti/heterogeneous_edge/images/bear,/home/jyoti/heterogeneous_edge/test-clean/LibriSpeech/test-clean/1580/141083,11411.74609375,30,1005.375,"0.6, 0.0, 1.4, 13.5, 3.6, 0.2, 0.7, 0.0, 10.0, 0.8, 0.0, 1.0, 0.3, 0.0, 0.1, 7.8, 13.9, 0.2, 1.2, 13.8, 0.4, 13.4, 0.0, 0.1, 0.4, 0.0, 0.0, 0.0, 0.2, 0.0, 0.0, 16.5",7,2491.2723214285716,30.453655242919922,32,15.9921875,AMD Ryzen 9 7950X 16-Core Processor,NVIDIA GeForce RTX 4080
1,ddddp,0.012196464566929136,34.11730217933655,"Detect, Detect, Detect, Detect, Predict","0.002372, 0.002416, 0.002400, 0.002411, 0.002598","6.641, 6.715, 6.759, 6.660, 7.341","508, 508, 508, 508, 508",307200,,/home/jyoti/heterogeneous_edge/images/bear,/home/jyoti/heterogeneous_edge/test-clean/LibriSpeech/test-clean/1580/141083,11444.33203125,36,1053.375,"0.5, 0.6, 12.8, 11.7, 11.5, 0.4, 13.3, 0.1, 0.5, 0.4, 0.0, 0.6, 0.0, 0.1, 0.0, 5.1, 0.0, 0.1, 0.0, 21.2, 0.9, 0.1, 0.1, 0.1, 1.0, 0.0, 0.1, 0.0, 0.1, 0.4, 0.0, 19.0",7,2509.8684210526317,30.453655242919922,32,15.9921875,AMD Ryzen 9 7950X 16-Core Processor,NVIDIA GeForce RTX 4080
1,dddps,0.026510549358413533,40.16324162483215,"Detect, Detect, Detect, Predict, Speech","0.002407, 0.002451, 0.002397, 0.002584, 0.016672","6.674, 6.856, 6.641, 7.341, 12.651","508, 508, 508, 508, 54",307200,82160,/home/jyoti/heterogeneous_edge/images/bear,/home/jyoti/heterogeneous_edge/test-clean/LibriSpeech/test-clean/1580/141083,12150.75,32,2647.375,"2.9, 1.2, 1.1, 4.2, 1.0, 1.7, 1.2, 11.7, 7.5, 0.7, 0.5, 2.2, 0.1, 0.0, 0.0, 3.0, 0.9, 0.1, 0.4, 13.2, 5.8, 0.0, 0.4, 10.9, 1.3, 0.6, 2.1, 0.5, 0.4, 0.5, 1.7, 16.1",6,2443.3146067415732,30.453655242919922,32,15.9921875,AMD Ryzen 9 7950X 16-Core Processor,NVIDIA GeForce RTX 4080
1,dddpd,0.012218687007874016,34.086236000061035,"Detect, Detect, Detect, Predict, Detect","0.002470, 0.002384, 0.002391, 0.002576, 0.002399","6.880, 6.716, 6.616, 7.281, 6.593","508, 508, 508, 508, 508",307200,,/home/jyoti/heterogeneous_edge/images/bear,/home/jyoti/heterogeneous_edge/test-clean/LibriSpeech/test-clean/1580/141083,11432.0234375,32,1053.375,"1.1, 0.0, 1.5, 0.5, 0.0, 0.1, 0.8, 28.0, 0.1, 0.1, 0.2, 0.1, 0.9, 0.2, 0.0, 16.6, 0.0, 1.0, 0.3, 0.0, 0.0, 13.3, 0.1, 13.7, 0.5, 0.8, 0.0, 0.0, 0.1, 0.0, 0.1, 20.3",5,2534.074889867841,30.453655242919922,32,15.9921875,AMD Ryzen 9 7950X 16-Core Processor,NVIDIA GeForce RTX 4080
1,dddpp,0.012374330708661417,34.416353702545166,"Detect, Detect, Detect, Predict, Predict","0.002384, 0.002403, 0.002405, 0.002571, 0.002611","6.615, 6.653, 6.616, 7.221, 7.312","508, 508, 508, 508, 508",307200,,/home/jyoti/heterogeneous_edge/images/bear,/home/jyoti/heterogeneous_edge/test-clean/LibriSpeech/test-clean/1580/141083,11464.63671875,34,1053.375,"0.8, 0.4, 2.6, 0.7, 0.1, 0.0, 2.0, 40.0, 0.1, 0.1, 0.1, 0.0, 0.9, 0.2, 0.1, 6.3, 0.2, 13.3, 11.7, 0.5, 1.4, 0.2, 1.7, 0.4, 0.5, 0.0, 0.1, 1.7, 0.1, 0.0, 0.1, 15.6",5,2478.717391304348,30.453655242919922,32,15.9921875,AMD Ryzen 9 7950X 16-Core Processor,NVIDIA GeForce RTX 4080
1,ddpss,0.040321786016331296,42.361308097839355,"Detect, Detect, Predict, Speech, Speech","0.002377, 0.002478, 0.002551, 0.016526, 0.016389","6.644, 6.833, 7.337, 12.352, 9.195","508, 508, 508, 54, 54",307200,82160,/home/jyoti/heterogeneous_edge/images/bear,/home/jyoti/heterogeneous_edge/test-clean/LibriSpeech/test-clean/1580/141083,12072.953125,76,2647.375,"4.3, 0.6, 0.3, 0.7, 0.3, 1.5, 1.3, 1.2, 1.8, 0.4, 0.1, 10.8, 1.9, 1.8, 0.6, 13.0, 6.2, 11.0, 0.4, 1.3, 0.4, 0.6, 11.8, 0.1, 0.1, 0.5, 0.7, 0.9, 0.1, 3.4, 2.0, 10.3",6,2278.8829787234044,30.453655242919922,32,15.9921875,AMD Ryzen 9 7950X 16-Core Processor,NVIDIA GeForce RTX 4080
1,ddpsd,0.026258502405949256,36.11723828315735,"Detect, Detect, Predict, Speech, Detect","0.002383, 0.002474, 0.002573, 0.016477, 0.002352","6.630, 6.789, 7.312, 8.707, 6.680","508, 508, 508, 54, 508",307200,82160,/home/jyoti/heterogeneous_edge/images/bear,/home/jyoti/heterogeneous_edge/test-clean/LibriSpeech/test-clean/1580/141083,12079.9765625,32,2646.5625,"0.5, 1.0, 13.7, 0.1, 0.0, 0.8, 2.4, 0.8, 1.6, 0.0, 0.1, 1.0, 0.6, 0.0, 0.8, 8.5, 14.3, 0.8, 1.0, 5.7, 1.2, 0.1, 0.8, 12.4, 0.9, 0.4, 0.5, 0.5, 0.1, 0.5, 1.5, 30.6",6,2410.829875518672,30.453655242919922,32,15.9921875,AMD Ryzen 9 7950X 16-Core Processor,NVIDIA GeForce RTX 4080
1,ddpsp,0.026273698016914555,36.60320997238159,"Detect, Detect, Predict, Speech, Predict","0.002386, 0.002433, 0.002560, 0.016311, 0.002583","6.674, 6.704, 7.271, 8.579, 7.375","508, 508, 508, 54, 508",307200,82160,/home/jyoti/heterogeneous_edge/images/bear,/home/jyoti/heterogeneous_edge/test-clean/LibriSpeech/test-clean/1580/141083,12164.20703125,36,2646.5625,"5.5, 1.3, 0.4, 10.6, 1.2, 1.0, 14.8, 10.5, 0.9, 0.2, 0.3, 0.0, 0.4, 0.9, 0.5, 12.7, 0.3, 0.4, 0.4, 2.7, 14.2, 0.4, 0.1, 2.8, 0.6, 0.4, 1.2, 0.3, 0.0, 0.3, 0.4, 15.3",7,2420.9631147540986,30.453655242919922,32,15.9921875,AMD Ryzen 9 7950X 16-Core Processor,NVIDIA GeForce RTX 4080
1,ddpds,0.026117069699620882,35.77150630950928,"Detect, Detect, Predict, Detect, Speech","0.002457, 0.002401, 0.002604, 0.002416, 0.016239","6.798, 6.675, 7.367, 6.723, 8.208","508, 508, 508, 508, 54",307200,82160,/home/jyoti/heterogeneous_edge/images/bear,/home/jyoti/heterogeneous_edge/test-clean/LibriSpeech/test-clean/1580/141083,12133.90625,76,2646.5625,"2.6, 11.9, 0.5, 0.1, 0.5, 0.4, 0.5, 18.2, 2.9, 1.0, 0.8, 0.2, 0.5, 12.6, 0.2, 8.2, 0.4, 1.8, 0.2, 0.6, 0.1, 1.5, 14.4, 1.5, 0.1, 0.1, 0.6, 0.8, 0.0, 0.5, 0.5, 21.4",6,2364.201680672269,30.453655242919922,32,15.9921875,AMD Ryzen 9 7950X 16-Core Processor,NVIDIA GeForce RTX 4080
1,ddpdd,0.012187639763779528,34.22544741630554,"Detect, Detect, Predict, Detect, Detect","0.002398, 0.002405, 0.002614, 0.002395, 0.002376","6.703, 6.716, 7.363, 6.731, 6.713","508, 508, 508, 508, 508",307200,,/home/jyoti/heterogeneous_edge/images/bear,/home/jyoti/heterogeneous_edge/test-clean/LibriSpeech/test-clean/1580/141083,11458.7578125,33,1052.5625,"13.9, 12.9, 0.0, 11.6, 0.0, 13.1, 0.5, 1.4, 0.7, 0.1, 0.2, 0.7, 0.5, 0.0, 0.4, 7.9, 1.0, 0.9, 0.6, 16.8, 0.1, 0.0, 0.0, 0.0, 0.1, 0.0, 0.4, 0.1, 0.0, 0.0, 0.1, 17.5",7,2460.7894736842104,30.453655242919922,32,15.9921875,AMD Ryzen 9 7950X 16-Core Processor,NVIDIA GeForce RTX 4080
1,ddpdp,0.01236771653543307,34.78825378417969,"Detect, Detect, Predict, Detect, Predict","0.002410, 0.002415, 0.002575, 0.002414, 0.002554","6.700, 6.666, 7.363, 6.731, 7.329","508, 508, 508, 508, 508",307200,,/home/jyoti/heterogeneous_edge/images/bear,/home/jyoti/heterogeneous_edge/test-clean/LibriSpeech/test-clean/1580/141083,11494.33203125,32,1052.5625,"0.2, 14.8, 5.8, 14.1, 5.2, 0.9, 12.7, 0.5, 0.6, 0.1, 0.2, 0.3, 0.9, 0.0, 0.1, 14.3, 0.4, 1.7, 9.5, 0.6, 7.6, 0.2, 0.5, 0.0, 0.5, 0.2, 0.0, 0.1, 0.2, 0.1, 0.1, 9.5",9,2489.4827586206898,30.453655242919922,32,15.9921875,AMD Ryzen 9 7950X 16-Core Processor,NVIDIA GeForce RTX 4080
1,ddpps,0.026231304680664917,36.276265382766724,"Detect, Detect, Predict, Predict, Speech","0.002428, 0.002395, 0.002575, 0.002637, 0.016197","6.715, 6.639, 7.321, 7.383, 8.219","508, 508, 508, 508, 54",307200,82160,/home/jyoti/heterogeneous_edge/images/bear,/home/jyoti/heterogeneous_edge/test-clean/LibriSpeech/test-clean/1580/141083,12079.109375,75,2646.5625,"7.7, 2.0, 1.6, 1.3, 0.6, 0.6, 13.8, 0.8, 0.6, 1.7, 2.4, 0.1, 0.4, 0.5, 0.7, 6.6, 6.1, 15.1, 13.0, 0.3, 5.4, 0.4, 0.5, 0.0, 1.0, 0.5, 0.0, 0.4, 0.1, 0.3, 0.0, 16.9",8,2369.875518672199,30.453655242919922,32,15.9921875,AMD Ryzen 9 7950X 16-Core Processor,NVIDIA GeForce RTX 4080
1,ddppd,0.012559521653543307,34.750054359436035,"Detect, Detect, Predict, Predict, Detect","0.002445, 0.002412, 0.002649, 0.002546, 0.002508","6.736, 6.661, 7.310, 7.255, 6.787","508, 508, 508, 508, 508",307200,,/home/jyoti/heterogeneous_edge/images/bear,/home/jyoti/heterogeneous_edge/test-clean/LibriSpeech/test-clean/1580/141083,11497.15625,37,1053.125,"4.0, 0.2, 0.3, 1.0, 14.3, 0.0, 13.4, 0.0, 1.0, 0.1, 0.1, 0.0, 0.1, 0.1, 0.0, 9.1, 2.7, 0.1, 0.0, 0.5, 0.2, 1.7, 0.4, 27.0, 0.9, 1.4, 0.5, 12.9, 0.0, 0.0, 0.1, 11.3",6,2529.310344827586,30.453655242919922,32,15.9921875,AMD Ryzen 9 7950X 16-Core Processor,NVIDIA GeForce RTX 4080
1,ddppp,0.01286517125984252,35.61389780044556,"Detect, Detect, Predict, Predict, Predict","0.002489, 0.002499, 0.002588, 0.002638, 0.002652","6.824, 6.830, 7.238, 7.335, 7.386","508, 508, 508, 508, 508",307200,,/home/jyoti/heterogeneous_edge/images/bear,/home/jyoti/heterogeneous_edge/test-clean/LibriSpeech/test-clean/1580/141083,11507.3046875,32,1053.125,"20.5, 1.1, 0.2, 0.3, 0.1, 0.1, 0.1, 0.1, 33.6, 0.9, 0.9, 0.5, 0.0, 0.1, 0.1, 0.5, 15.8, 0.3, 2.9, 4.5, 0.0, 0.3, 0.1, 0.0, 8.0, 0.4, 0.1, 0.0, 0.8, 0.0, 0.1, 9.1",5,2380.3797468354433,30.453655242919922,32,15.9921875,AMD Ryzen 9 7950X 16-Core Processor,NVIDIA GeForce RTX 4080
1,dpsss,0.05433505365995917,40.101765155792236,"Detect, Predict, Speech, Speech, Speech","0.002411, 0.002599, 0.016517, 0.016342, 0.016467","6.631, 7.256, 8.293, 9.927, 7.995","508, 508, 54, 54, 54",307200,82160,/home/jyoti/heterogeneous_edge/images/bear,/home/jyoti/heterogeneous_edge/test-clean/LibriSpeech/test-clean/1580/141083,12154.125,51,2647.125,"14.7, 2.7, 1.2, 0.6, 2.8, 1.0, 5.6, 0.4, 8.2, 0.6, 2.1, 0.7, 0.5, 0.8, 0.4, 9.5, 14.5, 0.9, 1.4, 1.9, 0.8, 2.7, 0.7, 0.9, 0.7, 0.9, 1.9, 0.5, 1.7, 0.4, 1.0, 18.0",6,2240.3146067415732,30.453655242919922,32,15.9921875,AMD Ryzen 9 7950X 16-Core Processor,NVIDIA GeForce RTX 4080
1,dpssd,0.0403253132837562,37.17037296295166,"Detect, Predict, Speech, Speech, Detect","0.002391, 0.002531, 0.016378, 0.016655, 0.002370","6.651, 7.276, 8.083, 8.494, 6.666","508, 508, 54, 54, 508",307200,82160,/home/jyoti/heterogeneous_edge/images/bear,/home/jyoti/heterogeneous_edge/test-clean/LibriSpeech/test-clean/1580/141083,12147.2734375,77,2647.125,"3.7, 12.1, 0.1, 0.0, 0.9, 1.0, 4.0, 2.4, 0.8, 1.0, 0.5, 0.7, 1.9, 2.6, 0.0, 13.8, 5.6, 12.5, 2.1, 0.9, 14.0, 0.7, 0.1, 1.0, 0.3, 0.6, 0.6, 0.1, 1.0, 1.3, 1.0, 17.8",6,2306.7206477732793,30.453655242919922,32,15.9921875,AMD Ryzen 9 7950X 16-Core Processor,NVIDIA GeForce RTX 4080
1,dpssp,0.04015113334791484,38.17592978477478,"Detect, Predict, Speech, Speech, Predict","0.002386, 0.002611, 0.016208, 0.016326, 0.002621","6.666, 7.301, 8.143, 8.715, 7.351","508, 508, 54, 54, 508",307200,82160,/home/jyoti/heterogeneous_edge/images/bear,/home/jyoti/heterogeneous_edge/test-clean/LibriSpeech/test-clean/1580/141083,12090.515625,77,2647.125,"3.6, 0.8, 0.7, 13.6, 3.1, 1.1, 1.3, 0.8, 0.7, 0.6, 0.9, 0.4, 0.8, 0.5, 0.2, 8.1, 1.1, 0.9, 1.0, 7.0, 28.8, 0.9, 1.9, 0.5, 0.5, 1.4, 1.0, 1.4, 2.0, 2.4, 1.1, 25.1",5,2316.200787401575,30.453655242919922,32,15.9921875,AMD Ryzen 9 7950X 16-Core Processor,NVIDIA GeForce RTX 4080
1,dpsds,0.040016395086030915,39.735960721969604,"Detect, Predict, Speech, Detect, Speech","0.002355, 0.002604, 0.016421, 0.002365, 0.016272","6.619, 7.283, 8.528, 6.595, 10.711","508, 508, 54, 508, 54",307200,82160,/home/jyoti/heterogeneous_edge/images/bear,/home/jyoti/heterogeneous_edge/test-clean/LibriSpeech/test-clean/1580/141083,12130.171875,74,2647.125,"0.8, 11.0, 1.1, 0.8, 16.4, 1.1, 0.6, 6.5, 0.7, 0.5, 0.1, 1.2, 0.5, 1.0, 0.9, 11.6, 0.8, 1.2, 0.4, 0.6, 0.7, 13.1, 0.8, 2.2, 0.9, 0.4, 1.6, 4.0, 1.2, 0.0, 0.4, 15.0",6,2348.5795454545455,30.453655242919922,32,15.9921875,AMD Ryzen 9 7950X 16-Core Processor,NVIDIA GeForce RTX 4080
1,dpsdd,0.02641872156605424,36.170034885406494,"Detect, Predict, Speech, Detect, Detect","0.002388, 0.002623, 0.016507, 0.002479, 0.002421","6.757, 7.329, 8.519, 6.852, 6.713","508, 508, 54, 508, 508",307200,82160,/home/jyoti/heterogeneous_edge/images/bear,/home/jyoti/heterogeneous_edge/test-clean/LibriSpeech/test-clean/1580/141083,12062.5390625,75,2647.125,"3.5, 0.5, 1.3, 0.7, 0.5, 2.2, 7.9, 0.0, 10.8, 0.0, 0.0, 1.8, 1.8, 0.4, 0.0, 8.7, 0.0, 0.4, 17.1, 14.9, 0.0, 1.3, 5.7, 0.6, 2.6, 0.8, 0.4, 1.3, 0.9, 0.0, 1.5, 13.8",7,2403.1120331950206,30.453655242919922,32,15.9921875,AMD Ryzen 9 7950X 16-Core Processor,NVIDIA GeForce RTX 4080
1,dpsdp,0.0261320916447944,35.90109729766846,"Detect, Predict, Speech, Detect, Predict","0.002368, 0.002562, 0.016203, 0.002403, 0.002595","6.631, 7.331, 7.970, 6.678, 7.291","508, 508, 54, 508, 508",307200,82160,/home/jyoti/heterogeneous_edge/images/bear,/home/jyoti/heterogeneous_edge/test-clean/LibriSpeech/test-clean/1580/141083,12066.5859375,74,2647.125,"5.3, 7.0, 0.6, 0.0, 14.8, 1.9, 0.6, 0.1, 0.1, 0.5, 0.5, 0.1, 1.4, 0.5, 0.0, 8.1, 1.2, 6.5, 0.1, 13.8, 0.0, 0.4, 0.6, 14.3, 0.6, 1.8, 0.0, 0.4, 0.2, 0.0, 0.4, 20.5",8,2333.1589958158997,30.453655242919922,32,15.9921875,AMD Ryzen 9 7950X 16-Core Processor,NVIDIA GeForce RTX 4080
1,dpsps,0.04042505285797609,47.75585412979126,"Detect, Predict, Speech, Predict, Speech","0.002406, 0.002583, 0.016492, 0.002581, 0.016364","6.705, 7.317, 14.061, 7.306, 12.367","508, 508, 54, 508, 54",307200,82160,/home/jyoti/heterogeneous_edge/images/bear,/home/jyoti/heterogeneous_edge/test-clean/LibriSpeech/test-clean/1580/141083,12095.83984375,76,2647.125,"0.5, 0.9, 5.9, 0.2, 4.7, 0.2, 0.9, 1.7, 0.4, 0.4, 0.1, 0.7, 2.2, 0.9, 4.2, 9.5, 1.0, 0.4, 4.6, 0.5, 0.0, 0.6, 0.4, 20.6, 0.8, 1.1, 0.6, 3.0, 0.9, 0.7, 0.5, 12.0",4,2325.8044164037856,30.453655242919922,32,15.9921875,AMD Ryzen 9 7950X 16-Core Processor,NVIDIA GeForce RTX 4080
1,dpspd,0.026407456911636047,36.30191898345947,"Detect, Predict, Speech, Predict, Detect","0.002396, 0.002558, 0.016490, 0.002560, 0.002404","6.646, 7.284, 8.343, 7.283, 6.746","508, 508, 54, 508, 508",307200,82160,/home/jyoti/heterogeneous_edge/images/bear,/home/jyoti/heterogeneous_edge/test-clean/LibriSpeech/test-clean/1580/141083,12055.79296875,39,2647.125,"1.4, 2.7, 0.8, 12.3, 0.6, 0.3, 0.9, 27.8, 0.5, 0.2, 0.0, 2.3, 0.9, 0.1, 5.4, 5.0, 1.8, 0.2, 0.5, 12.8, 0.2, 0.0, 0.1, 0.3, 0.3, 1.0, 0.2, 2.4, 0.7, 0.3, 0.4, 18.0",5,2399.7520661157023,30.453655242919922,32,15.9921875,AMD Ryzen 9 7950X 16-Core Processor,NVIDIA GeForce RTX 4080
1,dpspp,0.02675750750947798,36.9467933177948,"Detect, Predict, Speech, Predict, Predict","0.002394, 0.002563, 0.016460, 0.002731, 0.002610","6.685, 7.247, 8.020, 7.559, 7.436","508, 508, 54, 508, 508",307200,82160,/home/jyoti/heterogeneous_edge/images/bear,/home/jyoti/heterogeneous_edge/test-clean/LibriSpeech/test-clean/1580/141083,12052.17578125,32,2646.8125,"1.7, 12.2, 1.2, 11.2, 0.1, 2.2, 0.3, 1.8, 18.3, 1.3, 0.3, 0.0, 0.3, 1.6, 0.5, 4.7, 1.2, 0.4, 0.1, 4.6, 0.6, 0.3, 0.5, 13.4, 0.5, 0.5, 0.3, 0.4, 0.9, 4.5, 0.5, 19.5",5,2503.4756097560976,30.453655242919922,32,15.9921875,AMD Ryzen 9 7950X 16-Core Processor,NVIDIA GeForce RTX 4080
1,dpdss,0.04013857247010791,37.25234413146973,"Detect, Predict, Detect, Speech, Speech","0.002445, 0.002600, 0.002389, 0.016498, 0.016207","6.690, 7.329, 6.669, 8.268, 8.296","508, 508, 508, 54, 54",307200,82160,/home/jyoti/heterogeneous_edge/images/bear,/home/jyoti/heterogeneous_edge/test-clean/LibriSpeech/test-clean/1580/141083,12103.34375,75,2646.8125,"0.9, 0.3, 0.4, 0.4, 1.4, 1.2, 8.0, 1.2, 5.6, 2.0, 0.1, 0.6, 0.7, 0.5, 0.3, 12.1, 0.7, 1.0, 0.6, 0.4, 1.9, 14.2, 18.1, 5.4, 0.6, 0.8, 0.6, 2.2, 0.9, 2.6, 1.1, 17.7",7,2288.5282258064517,30.453655242919922,32,15.9921875,AMD Ryzen 9 7950X 16-Core Processor,NVIDIA GeForce RTX 4080
1,dpdsd,0.026330435768445615,42.449323415756226,"Detect, Predict, Detect, Speech, Detect","0.002433, 0.002587, 0.002410, 0.016403, 0.002498","6.652, 7.341, 6.719, 14.875, 6.863","508, 508, 508, 54, 508",307200,82160,/home/jyoti/heterogeneous_edge/images/bear,/home/jyoti/heterogeneous_edge/test-clean/LibriSpeech/test-clean/1580/141083,12100.75390625,74,2646.8125,"0.6, 0.5, 0.2, 4.7, 2.0, 0.9, 1.9, 0.1, 0.4, 0.2, 0.2, 0.4, 0.5, 0.6, 0.4, 10.9, 0.4, 0.0, 0.7, 23.0, 0.8, 10.3, 0.4, 0.4, 0.0, 0.5, 11.8, 0.1, 1.1, 0.2, 0.0, 13.6",5,2396.9148936170213,30.453655242919922,32,15.9921875,AMD Ryzen 9 7950X 16-Core Processor,NVIDIA GeForce RTX 4080
1,dpdsp,0.026404929790026246,36.95010709762573,"Detect, Predict, Detect, Speech, Predict","0.002351, 0.002636, 0.002389, 0.016414, 0.002615","6.577, 7.363, 6.629, 9.032, 7.350","508, 508, 508, 54, 508",307200,82160,/home/jyoti/heterogeneous_edge/images/bear,/home/jyoti/heterogeneous_edge/test-clean/LibriSpeech/test-clean/1580/141083,12150.21875,71,2646.8125,"11.8, 14.1, 0.4, 2.0, 5.9, 0.9, 1.0, 1.8, 4.7, 1.1, 0.4, 0.0, 0.0, 0.1, 0.4, 0.0, 0.4, 0.5, 0.4, 12.8, 13.0, 0.0, 0.0, 0.1, 0.1, 0.5, 0.1, 0.4, 0.8, 0.5, 0.1, 27.4",6,2395.243902439024,30.453655242919922,32,15.9921875,AMD Ryzen 9 7950X 16-Core Processor,NVIDIA GeForce RTX 4080
1,dpdds,0.026384235564304463,36.536497354507446,"Detect, Predict, Detect, Detect, Speech","0.002400, 0.002619, 0.002387, 0.002430, 0.016548","6.616, 7.371, 6.649, 6.637, 9.264","508, 508, 508, 508, 54",307200,82160,/home/jyoti/heterogeneous_edge/images/bear,/home/jyoti/heterogeneous_edge/test-clean/LibriSpeech/test-clean/1580/141083,12174.54296875,73,2646.8125,"1.7, 1.2, 0.1, 1.1, 1.6, 1.2, 2.3, 24.1, 4.9, 0.1, 0.5, 1.7, 0.7, 0.7, 0.1, 4.2, 0.0, 0.0, 1.1, 26.7, 1.0, 0.9, 0.1, 0.6, 0.7, 0.7, 0.9, 1.0, 1.7, 0.4, 0.8, 20.5",3,2324.5061728395062,30.453655242919922,32,15.9921875,AMD Ryzen 9 7950X 16-Core Processor,NVIDIA GeForce RTX 4080
1,dpddd,0.012168897637795276,33.98892259597778,"Detect, Predict, Detect, Detect, Detect","0.002397, 0.002598, 0.002392, 0.002372, 0.002410","6.663, 7.247, 6.697, 6.687, 6.694","508, 508, 508, 508, 508",307200,,/home/jyoti/heterogeneous_edge/images/bear,/home/jyoti/heterogeneous_edge/test-clean/LibriSpeech/test-clean/1580/141083,11439.5703125,32,1052.8125,"0.1, 0.2, 0.6, 0.5, 0.6, 13.6, 1.0, 5.1, 0.0, 0.1, 0.1, 0.1, 0.1, 0.0, 0.0, 1.3, 0.0, 0.0, 13.2, 27.6, 0.5, 0.4, 2.4, 8.9, 0.2, 0.0, 0.0, 0.1, 0.4, 0.1, 0.0, 23.4",6,2495.3761061946902,30.453655242919922,32,15.9921875,AMD Ryzen 9 7950X 16-Core Processor,NVIDIA GeForce RTX 4080
1,dpddp,0.01253388188976378,35.052574634552,"Detect, Predict, Detect, Detect, Predict","0.002419, 0.002662, 0.002449, 0.002421, 0.002582","6.712, 7.486, 6.823, 6.745, 7.288","508, 508, 508, 508, 508",307200,,/home/jyoti/heterogeneous_edge/images/bear,/home/jyoti/heterogeneous_edge/test-clean/LibriSpeech/test-clean/1580/141083,11510.11328125,29,1052.8125,"0.1, 0.1, 0.3, 4.4, 0.2, 12.6, 3.6, 0.0, 25.0, 1.1, 1.3, 0.2, 0.1, 0.1, 0.0, 6.4, 1.1, 14.4, 0.2, 0.0, 0.0, 0.0, 6.9, 2.0, 3.9, 0.0, 0.4, 0.0, 0.9, 0.5, 0.1, 17.3",6,2437.9184549356223,30.453655242919922,32,15.9921875,AMD Ryzen 9 7950X 16-Core Processor,NVIDIA GeForce RTX 4080
1,dpdps,0.027817298556430444,37.89042329788208,"Detect, Predict, Detect, Predict, Speech","0.002455, 0.002563, 0.002402, 0.002699, 0.017700","6.742, 7.289, 6.779, 7.713, 9.367","508, 508, 508, 508, 54",307200,82160,/home/jyoti/heterogeneous_edge/images/bear,/home/jyoti/heterogeneous_edge/test-clean/LibriSpeech/test-clean/1580/141083,12635.453125,65,2646.8125,"42.7, 1.5, 20.0, 0.3, 8.2, 1.5, 12.4, 0.9, 15.8, 2.0, 1.3, 4.4, 0.3, 1.2, 1.5, 15.3, 8.0, 0.6, 0.3, 0.9, 1.0, 1.5, 0.8, 1.9, 1.1, 3.9, 1.6, 2.7, 2.8, 1.6, 0.8, 33.7",8,2335.059523809524,30.453655242919922,32,15.9921875,AMD Ryzen 9 7950X 16-Core Processor,NVIDIA GeForce RTX 4080
1,dpdpd,0.03104505905511811,87.53373575210571,"Detect, Predict, Detect, Predict, Detect","0.003195, 0.003899, 0.004554, 0.008772, 0.010624","8.499, 10.674, 12.373, 27.152, 28.835","508, 508, 508, 508, 508",307200,,/home/jyoti/heterogeneous_edge/images/bear,/home/jyoti/heterogeneous_edge/test-clean/LibriSpeech/test-clean/1580/141083,12989.56640625,32,1052.8125,"5.0, 12.0, 29.8, 38.2, 53.3, 3.6, 22.2, 18.8, 36.3, 8.4, 12.8, 1.4, 65.4, 38.6, 26.1, 14.2, 92.0, 11.8, 70.9, 5.6, 9.7, 4.6, 1.8, 2.5, 12.7, 3.3, 10.9, 0.3, 1.1, 26.7, 71.5, 41.2",23,2146.7708333333335,30.453655242919922,32,15.9921875,AMD Ryzen 9 7950X 16-Core Processor,NVIDIA GeForce RTX 4080
1,dpdpp,0.04133392125984252,124.58540797233582,"Detect, Predict, Detect, Predict, Predict","0.008353, 0.008817, 0.007114, 0.009543, 0.007507","22.867, 26.915, 21.864, 27.786, 25.153","508, 508, 508, 508, 508",307200,,/home/jyoti/heterogeneous_edge/images/bear,/home/jyoti/heterogeneous_edge/test-clean/LibriSpeech/test-clean/1580/141083,13065.7578125,14,1052.5625,"1.8, 0.6, 7.3, 50.7, 30.6, 25.6, 43.1, 3.8, 13.4, 23.8, 9.5, 13.2, 95.8, 33.2, 72.5, 7.3, 98.3, 3.0, 93.1, 3.9, 4.3, 39.6, 3.8, 17.0, 8.7, 6.2, 6.9, 7.2, 4.8, 66.8, 27.6, 8.9",24,2090.7326007326005,30.453655242919922,32,15.9921875,AMD Ryzen 9 7950X 16-Core Processor,NVIDIA GeForce RTX 4080
1,dppss,0.08703219094488189,129.1581952571869,"Detect, Predict, Predict, Speech, Speech","0.008309, 0.009010, 0.007515, 0.034233, 0.027966","24.612, 27.540, 25.764, 25.943, 25.298","508, 508, 508, 54, 54",307200,82160,/home/jyoti/heterogeneous_edge/images/bear,/home/jyoti/heterogeneous_edge/test-clean/LibriSpeech/test-clean/1580/141083,13738.9921875,51,2646.5625,"0.8, 5.6, 42.3, 38.5, 2.5, 13.0, 12.7, 44.8, 9.0, 0.9, 5.2, 24.9, 12.0, 10.0, 69.0, 10.7, 99.9, 7.4, 57.7, 11.0, 6.9, 8.7, 0.7, 55.4, 6.4, 2.8, 15.8, 7.6, 88.3, 90.4, 31.1, 23.6",27,1849.452296819788,30.453655242919922,32,15.9921875,AMD Ryzen 9 7950X 16-Core Processor,NVIDIA GeForce RTX 4080
1,dppsd,0.06495026494604841,126.64879298210144,"Detect, Predict, Predict, Speech, Detect","0.008108, 0.008926, 0.007641, 0.030858, 0.009417","24.088, 27.276, 24.879, 26.562, 23.844","508, 508, 508, 54, 508",307200,82160,/home/jyoti/heterogeneous_edge/images/bear,/home/jyoti/heterogeneous_edge/test-clean/LibriSpeech/test-clean/1580/141083,13721.078125,44,2646.5625,"1.8, 0.4, 29.3, 0.9, 51.0, 3.3, 40.6, 19.3, 33.1, 15.8, 2.7, 20.6, 52.8, 0.1, 8.9, 15.4, 98.6, 1.1, 70.9, 1.5, 5.4, 0.5, 2.8, 81.4, 13.6, 4.6, 2.5, 40.3, 47.2, 100.0, 33.0, 14.1",20,1986.7527010804322,30.453655242919922,32,15.9921875,AMD Ryzen 9 7950X 16-Core Processor,NVIDIA GeForce RTX 4080
1,dppsp,0.06671341681248177,126.27344632148743,"Detect, Predict, Predict, Speech, Predict","0.007522, 0.008940, 0.008633, 0.032745, 0.008873","21.942, 26.013, 26.581, 26.410, 25.327","508, 508, 508, 54, 508",307200,82160,/home/jyoti/heterogeneous_edge/images/bear,/home/jyoti/heterogeneous_edge/test-clean/LibriSpeech/test-clean/1580/141083,13759.99609375,45,2646.5625,"2.8, 0.8, 13.6, 0.7, 22.2, 10.0, 1.1, 14.6, 14.7, 59.5, 13.5, 34.2, 16.4, 0.1, 22.0, 22.0, 97.8, 0.5, 86.5, 0.9, 64.4, 5.6, 1.1, 85.5, 18.8, 24.6, 5.8, 7.3, 8.0, 100.0, 40.5, 17.6",24,2003.710843373494,30.453655242919922,32,15.9921875,AMD Ryzen 9 7950X 16-Core Processor,NVIDIA GeForce RTX 4080
1,dppds,0.06421462474482356,127.3566107749939,"Detect, Predict, Predict, Detect, Speech","0.008059, 0.009593, 0.008968, 0.008475, 0.029120","22.999, 26.566, 25.373, 24.635, 27.784","508, 508, 508, 508, 54",307200,82160,/home/jyoti/heterogeneous_edge/images/bear,/home/jyoti/heterogeneous_edge/test-clean/LibriSpeech/test-clean/1580/141083,13749.609375,44,2646.5625,"2.0, 16.9, 34.5, 11.2, 45.9, 8.0, 2.0, 59.0, 28.5, 82.1, 21.6, 9.4, 5.7, 21.8, 0.4, 9.1, 97.5, 1.4, 65.8, 1.8, 16.1, 2.1, 1.2, 41.1, 7.8, 2.3, 3.8, 12.1, 12.7, 78.5, 100.0, 12.0",23,1971.5770609318997,30.453655242919922,32,15.9921875,AMD Ryzen 9 7950X 16-Core Processor,NVIDIA GeForce RTX 4080
1,dppdd,0.04141031102362205,120.54066824913025,"Detect, Predict, Predict, Detect, Detect","0.008214, 0.008910, 0.008931, 0.008177, 0.007180","23.638, 25.489, 25.732, 24.414, 21.268","508, 508, 508, 508, 508",307200,,/home/jyoti/heterogeneous_edge/images/bear,/home/jyoti/heterogeneous_edge/test-clean/LibriSpeech/test-clean/1580/141083,13069.09765625,36,1052.5625,"5.1, 46.0, 35.8, 1.0, 7.5, 8.7, 22.5, 19.3, 33.0, 93.8, 56.8, 29.5, 12.4, 30.6, 93.0, 6.1, 83.3, 10.6, 64.3, 0.6, 5.7, 91.8, 2.4, 1.3, 2.9, 6.4, 3.5, 7.4, 7.3, 6.7, 7.1, 8.7",26,2055.5107187894073,30.453655242919922,32,15.9921875,AMD Ryzen 9 7950X 16-Core Processor,NVIDIA GeForce RTX 4080
1,dppdp,0.0436158188976378,125.68968296051025,"Detect, Predict, Predict, Detect, Predict","0.008064, 0.010196, 0.009093, 0.008164, 0.008098","23.912, 27.152, 26.567, 23.930, 24.128","508, 508, 508, 508, 508",307200,,/home/jyoti/heterogeneous_edge/images/bear,/home/jyoti/heterogeneous_edge/test-clean/LibriSpeech/test-clean/1580/141083,13082.09765625,14,1052.5625,"2.4, 9.6, 11.9, 39.5, 0.5, 37.4, 39.4, 5.8, 21.2, 28.0, 12.4, 36.4, 2.0, 18.8, 94.0, 7.1, 80.9, 90.5, 9.1, 0.5, 0.3, 62.7, 0.9, 1.0, 9.2, 7.8, 87.9, 64.0, 2.7, 4.0, 0.1, 9.7",22,2059.891304347826,30.453655242919922,32,15.9921875,AMD Ryzen 9 7950X 16-Core Processor,NVIDIA GeForce RTX 4080
1,dppps,0.04825691724992709,87.20718336105347,"Detect, Predict, Predict, Predict, Speech","0.005593, 0.005851, 0.006154, 0.006500, 0.024159","17.385, 17.197, 17.575, 17.627, 17.423","508, 508, 508, 508, 54",307200,82160,/home/jyoti/heterogeneous_edge/images/bear,/home/jyoti/heterogeneous_edge/test-clean/LibriSpeech/test-clean/1580/141083,13514.74609375,56,2646.5625,"3.7, 58.7, 0.5, 11.3, 16.4, 10.9, 11.5, 0.8, 2.1, 0.7, 13.2, 39.4, 5.6, 12.2, 100.0, 22.6, 77.4, 20.6, 2.2, 3.0, 4.3, 89.2, 0.4, 1.4, 1.2, 0.8, 7.9, 60.7, 11.2, 6.7, 0.0, 26.1",19,2068.7478260869566,30.453655242919922,32,15.9921875,AMD Ryzen 9 7950X 16-Core Processor,NVIDIA GeForce RTX 4080
1,dpppd,0.02263682874015748,62.62662386894226,"Detect, Predict, Predict, Predict, Detect","0.005318, 0.005695, 0.004022, 0.003947, 0.003656","14.744, 16.523, 11.265, 10.576, 9.518","508, 508, 508, 508, 508",307200,,/home/jyoti/heterogeneous_edge/images/bear,/home/jyoti/heterogeneous_edge/test-clean/LibriSpeech/test-clean/1580/141083,12888.00390625,24,1052.5625,"4.1, 0.6, 12.8, 0.6, 38.8, 38.8, 0.3, 0.4, 32.2, 0.8, 10.5, 0.2, 0.7, 11.5, 24.7, 22.9, 80.3, 0.1, 3.3, 0.4, 23.5, 61.2, 0.2, 1.0, 11.4, 0.6, 7.4, 100.0, 2.1, 3.1, 0.3, 25.6",15,2262.722891566265,30.453655242919922,32,15.9921875,AMD Ryzen 9 7950X 16-Core Processor,NVIDIA GeForce RTX 4080
1,dpppp,0.0167973405511811,46.217591524124146,"Detect, Predict, Predict, Predict, Predict","0.003698, 0.003835, 0.003162, 0.002739, 0.003364","9.530, 10.434, 9.018, 8.105, 9.130","508, 508, 508, 508, 508",307200,,/home/jyoti/heterogeneous_edge/images/bear,/home/jyoti/heterogeneous_edge/test-clean/LibriSpeech/test-clean/1580/141083,12659.66015625,28,1053.125,"17.3, 1.6, 0.1, 2.8, 7.6, 24.1, 0.5, 0.7, 44.4, 24.0, 0.9, 0.1, 0.1, 1.2, 0.6, 18.0, 70.9, 2.3, 1.0, 2.0, 8.3, 24.8, 11.1, 0.4, 4.0, 0.1, 0.5, 47.4, 1.9, 0.7, 1.1, 33.4",12,2349.087947882736,30.453655242919922,32,15.9921875,AMD Ryzen 9 7950X 16-Core Processor,NVIDIA GeForce RTX 4080
1,pssss,0.06931093088363956,43.39581489562988,"Predict, Speech, Speech, Speech, Speech","0.002870, 0.016543, 0.016566, 0.016664, 0.016667","8.335, 9.106, 8.795, 8.699, 8.460","508, 54, 54, 54, 54",307200,82160,/home/jyoti/heterogeneous_edge/images/bear,/home/jyoti/heterogeneous_edge/test-clean/LibriSpeech/test-clean/1580/141083,13094.10546875,75,2647.125,"58.8, 2.2, 0.5, 1.7, 1.2, 1.2, 0.8, 1.1, 22.1, 0.7, 0.8, 1.2, 1.0, 0.7, 0.5, 20.3, 38.5, 0.5, 1.4, 4.3, 2.0, 1.4, 1.8, 1.4, 2.2, 1.3, 1.1, 0.6, 0.9, 1.4, 2.3, 40.7",5,2091.6145833333335,30.453655242919922,32,15.9921875,AMD Ryzen 9 7950X 16-Core Processor,NVIDIA GeForce RTX 4080
1,psssd,0.055034606663750374,41.29512619972229,"Predict, Speech, Speech, Speech, Detect","0.002696, 0.016615, 0.016663, 0.016538, 0.002523","7.654, 8.708, 8.690, 9.305, 6.938","508, 54, 54, 54, 508",307200,82160,/home/jyoti/heterogeneous_edge/images/bear,/home/jyoti/heterogeneous_edge/test-clean/LibriSpeech/test-clean/1580/141083,13107.9296875,73,2647.125,"9.4, 0.8, 0.8, 0.5, 0.9, 0.9, 1.0, 0.8, 3.6, 1.6, 1.0, 0.5, 0.8, 0.1, 5.0, 27.5, 90.3, 0.8, 0.9, 1.0, 0.8, 1.0, 0.6, 0.8, 10.5, 1.0, 1.1, 0.9, 2.2, 1.2, 7.9, 25.4",7,2212.7454545454543,30.453655242919922,32,15.9921875,AMD Ryzen 9 7950X 16-Core Processor,NVIDIA GeForce RTX 4080
1,psssp,0.05527286752697579,41.95023512840271,"Predict, Speech, Speech, Speech, Predict","0.002762, 0.016655, 0.016540, 0.016609, 0.002707","7.685, 8.968, 8.440, 9.302, 7.556","508, 54, 54, 54, 508",307200,82160,/home/jyoti/heterogeneous_edge/images/bear,/home/jyoti/heterogeneous_edge/test-clean/LibriSpeech/test-clean/1580/141083,13095.15234375,75,2647.125,"30.3, 1.7, 1.0, 1.6, 0.9, 1.2, 2.4, 1.1, 4.7, 1.3, 0.7, 1.3, 12.6, 0.6, 2.3, 36.4, 53.6, 0.1, 1.6, 0.0, 0.8, 1.2, 1.1, 0.3, 0.5, 1.1, 1.9, 0.3, 11.8, 1.3, 0.5, 17.7",6,2222.9032258064517,30.453655242919922,32,15.9921875,AMD Ryzen 9 7950X 16-Core Processor,NVIDIA GeForce RTX 4080
1,pssds,0.05468753900554098,43.452868938446045,"Predict, Speech, Speech, Detect, Speech","0.002584, 0.016631, 0.016686, 0.002418, 0.016369","7.301, 9.211, 12.111, 6.766, 8.065","508, 54, 54, 508, 54",307200,82160,/home/jyoti/heterogeneous_edge/images/bear,/home/jyoti/heterogeneous_edge/test-clean/LibriSpeech/test-clean/1580/141083,12161.30859375,76,2647.125,"2.7, 4.7, 1.1, 0.7, 1.5, 1.7, 11.9, 1.1, 0.8, 0.8, 0.4, 0.7, 0.9, 0.7, 0.1, 16.1, 3.7, 11.7, 1.0, 0.1, 0.0, 0.9, 1.5, 1.0, 1.3, 0.4, 0.9, 0.5, 0.4, 0.6, 1.2, 22.3",4,2239.84375,30.453655242919922,32,15.9921875,AMD Ryzen 9 7950X 16-Core Processor,NVIDIA GeForce RTX 4080
1,pssdd,0.040722141586468356,58.467806339263916,"Predict, Speech, Speech, Detect, Detect","0.002604, 0.016612, 0.016566, 0.002536, 0.002404","7.415, 8.673, 28.725, 6.883, 6.772","508, 54, 54, 508, 508",307200,82160,/home/jyoti/heterogeneous_edge/images/bear,/home/jyoti/heterogeneous_edge/test-clean/LibriSpeech/test-clean/1580/141083,12163.65625,49,2647.125,"3.8, 0.9, 0.9, 1.3, 1.0, 6.7, 1.5, 0.6, 9.3, 1.0, 0.2, 1.8, 0.6, 0.1, 0.0, 6.5, 0.4, 0.2, 0.1, 0.2, 9.3, 3.9, 0.7, 0.8, 0.2, 0.9, 0.8, 2.2, 0.0, 0.5, 2.2, 9.7",5,2155.090206185567,30.453655242919922,32,15.9921875,AMD Ryzen 9 7950X 16-Core Processor,NVIDIA GeForce RTX 4080
1,pssdp,0.04093722076407116,38.6488561630249,"Predict, Speech, Speech, Detect, Predict","0.002684, 0.016677, 0.016489, 0.002454, 0.002633","7.534, 8.383, 8.586, 6.760, 7.386","508, 54, 54, 508, 508",307200,82160,/home/jyoti/heterogeneous_edge/images/bear,/home/jyoti/heterogeneous_edge/test-clean/LibriSpeech/test-clean/1580/141083,12117.9140625,74,2647.125,"2.6, 5.3, 1.4, 0.1, 0.8, 2.7, 0.9, 0.5, 1.4, 1.1, 5.6, 0.5, 2.8, 5.8, 0.3, 7.0, 2.6, 0.8, 0.1, 0.6, 0.3, 12.7, 13.7, 0.9, 0.3, 0.7, 0.2, 0.4, 0.1, 8.4, 2.7, 16.8",8,2320.4474708171206,30.453655242919922,32,15.9921875,AMD Ryzen 9 7950X 16-Core Processor,NVIDIA GeForce RTX 4080
1,pssps,0.054671279965004385,40.233139514923096,"Predict, Speech, Speech, Predict, Speech","0.002579, 0.016599, 0.016538, 0.002575, 0.016380","7.415, 8.883, 8.316, 7.316, 8.303","508, 54, 54, 508, 54",307200,82160,/home/jyoti/heterogeneous_edge/images/bear,/home/jyoti/heterogeneous_edge/test-clean/LibriSpeech/test-clean/1580/141083,12171.75,75,2647.125,"13.2, 0.4, 1.1, 0.6, 0.8, 6.2, 0.6, 0.7, 1.0, 0.9, 0.8, 0.5, 1.1, 0.4, 0.3, 10.6, 1.0, 6.2, 5.7, 1.8, 0.5, 12.9, 0.4, 0.4, 0.5, 1.0, 0.7, 2.2, 0.1, 0.7, 1.5, 23.8",7,2249.9438202247193,30.453655242919922,32,15.9921875,AMD Ryzen 9 7950X 16-Core Processor,NVIDIA GeForce RTX 4080
1,psspd,0.0403485124671916,37.875065326690674,"Predict, Speech, Speech, Predict, Detect","0.002588, 0.016430, 0.016359, 0.002573, 0.002398","7.438, 8.193, 8.240, 7.321, 6.683","508, 54, 54, 508, 508",307200,82160,/home/jyoti/heterogeneous_edge/images/bear,/home/jyoti/heterogeneous_edge/test-clean/LibriSpeech/test-clean/1580/141083,12087.046875,73,2647.125,"0.8, 0.2, 0.3, 13.2, 0.5, 0.4, 12.2, 0.0, 0.7, 2.9, 0.7, 0.3, 0.1, 1.0, 0.1, 10.1, 1.0, 0.5, 5.5, 1.2, 0.7, 0.9, 18.9, 0.8, 0.6, 0.6, 1.1, 0.9, 3.9, 0.7, 2.7, 16.7",6,2350.0,30.453655242919922,32,15.9921875,AMD Ryzen 9 7950X 16-Core Processor,NVIDIA GeForce RTX 4080
1,psspp,0.040606140274132396,46.11648082733154,"Predict, Speech, Speech, Predict, Predict","0.002573, 0.016347, 0.016484, 0.002624, 0.002578","7.355, 8.030, 16.073, 7.334, 7.324","508, 54, 54, 508, 508",307200,82160,/home/jyoti/heterogeneous_edge/images/bear,/home/jyoti/heterogeneous_edge/test-clean/LibriSpeech/test-clean/1580/141083,12072.7734375,73,2647.125,"7.3, 0.3, 0.1, 0.2, 0.3, 0.4, 1.1, 4.4, 0.1, 0.3, 0.4, 1.2, 5.0, 1.0, 0.7, 4.6, 4.7, 0.5, 0.5, 2.2, 12.3, 11.2, 0.6, 4.8, 0.6, 0.5, 0.3, 1.6, 3.6, 0.3, 0.6, 13.1",5,2363.529411764706,30.453655242919922,32,15.9921875,AMD Ryzen 9 7950X 16-Core Processor,NVIDIA GeForce RTX 4080
1,psdss,0.05434781780402449,39.04450964927673,"Predict, Speech, Detect, Speech, Speech","0.002549, 0.016515, 0.002400, 0.016443, 0.016440","7.241, 8.291, 6.714, 8.121, 8.678","508, 54, 508, 54, 54",307200,82160,/home/jyoti/heterogeneous_edge/images/bear,/home/jyoti/heterogeneous_edge/test-clean/LibriSpeech/test-clean/1580/141083,12089.41015625,77,2647.125,"1.4, 5.4, 0.2, 5.8, 0.2, 3.5, 1.0, 0.3, 0.2, 0.4, 0.2, 1.0, 0.5, 0.1, 0.1, 9.2, 12.2, 0.9, 1.0, 2.1, 14.1, 2.2, 0.5, 5.7, 1.0, 1.0, 1.0, 0.8, 1.6, 1.1, 2.5, 21.7",7,2185.326923076923,30.453655242919922,32,15.9921875,AMD Ryzen 9 7950X 16-Core Processor,NVIDIA GeForce RTX 4080
1,psdsd,0.040457743219597546,41.34913492202759,"Predict, Speech, Detect, Speech, Detect","0.002593, 0.016334, 0.002482, 0.016650, 0.002398","7.288, 11.830, 6.943, 8.615, 6.673","508, 54, 508, 54, 508",307200,82160,/home/jyoti/heterogeneous_edge/images/bear,/home/jyoti/heterogeneous_edge/test-clean/LibriSpeech/test-clean/1580/141083,12165.2421875,75,2647.125,"0.3, 0.5, 0.5, 0.1, 12.7, 1.2, 0.6, 0.8, 1.8, 0.2, 0.5, 0.5, 11.6, 0.4, 0.4, 12.1, 12.5, 0.4, 1.0, 1.3, 0.8, 4.3, 0.3, 0.4, 0.6, 0.8, 0.4, 1.8, 1.6, 0.8, 5.2, 18.1",6,2315.2145454545453,30.453655242919922,32,15.9921875,AMD Ryzen 9 7950X 16-Core Processor,NVIDIA GeForce RTX 4080
1,psdsp,0.040875461796442115,38.12321138381958,"Predict, Speech, Detect, Speech, Predict","0.002608, 0.016708, 0.002423, 0.016545, 0.002592","7.323, 8.149, 6.769, 8.527, 7.355","508, 54, 508, 54, 508",307200,82160,/home/jyoti/heterogeneous_edge/images/bear,/home/jyoti/heterogeneous_edge/test-clean/LibriSpeech/test-clean/1580/141083,12144.25,74,2647.125,"0.6, 3.8, 0.7, 0.5, 0.4, 2.1, 1.0, 0.5, 1.3, 0.2, 1.0, 1.1, 0.6, 0.4, 5.7, 13.8, 15.8, 2.6, 14.3, 0.8, 0.6, 12.5, 1.9, 0.5, 3.4, 1.0, 0.1, 0.5, 1.3, 1.1, 0.8, 15.6",6,2359.7244094488187,30.453655242919922,32,15.9921875,AMD Ryzen 9 7950X 16-Core Processor,NVIDIA GeForce RTX 4080
1,psdds,0.04077770836978711,37.70429825782776,"Predict, Speech, Detect, Detect, Speech","0.002668, 0.016843, 0.002390, 0.002488, 0.016388","7.484, 8.559, 6.720, 6.863, 8.079","508, 54, 508, 508, 54",307200,82160,/home/jyoti/heterogeneous_edge/images/bear,/home/jyoti/heterogeneous_edge/test-clean/LibriSpeech/test-clean/1580/141083,12092.6875,74,2646.5625,"3.1, 0.0, 0.5, 0.2, 5.0, 1.1, 17.3, 0.4, 2.1, 1.5, 0.3, 0.7, 8.2, 0.6, 0.6, 15.3, 0.6, 0.6, 0.2, 1.1, 0.8, 0.5, 0.8, 0.4, 13.6, 0.5, 0.5, 0.6, 5.2, 0.0, 0.9, 15.3",6,2287.231075697211,30.453655242919922,32,15.9921875,AMD Ryzen 9 7950X 16-Core Processor,NVIDIA GeForce RTX 4080
1,psddd,0.026368448745990085,36.34131169319153,"Predict, Speech, Detect, Detect, Detect","0.002615, 0.016513, 0.002404, 0.002435, 0.002401","7.346, 8.874, 6.688, 6.754, 6.679","508, 54, 508, 508, 508",307200,82160,/home/jyoti/heterogeneous_edge/images/bear,/home/jyoti/heterogeneous_edge/test-clean/LibriSpeech/test-clean/1580/141083,12115.27734375,74,2646.5625,"0.1, 0.4, 6.1, 2.2, 0.4, 9.4, 0.9, 0.7, 0.9, 0.1, 0.4, 0.6, 1.1, 0.1, 0.4, 13.5, 14.6, 0.3, 0.0, 0.8, 0.4, 4.2, 25.3, 0.0, 0.2, 0.5, 0.1, 0.0, 0.5, 0.7, 0.3, 14.7",6,2356.8595041322315,30.453655242919922,32,15.9921875,AMD Ryzen 9 7950X 16-Core Processor,NVIDIA GeForce RTX 4080
1,psddp,0.02637623038786818,36.358086585998535,"Predict, Speech, Detect, Detect, Predict","0.002589, 0.016405, 0.002413, 0.002399, 0.002569","7.315, 8.343, 6.662, 6.721, 7.317","508, 54, 508, 508, 508",307200,82160,/home/jyoti/heterogeneous_edge/images/bear,/home/jyoti/heterogeneous_edge/test-clean/LibriSpeech/test-clean/1580/141083,12075.86328125,71,2646.5625,"14.7, 9.8, 0.2, 5.5, 2.1, 1.1, 0.0, 0.2, 0.4, 0.2, 0.2, 0.2, 0.3, 2.0, 0.3, 8.9, 13.2, 2.7, 14.8, 0.0, 0.7, 0.3, 0.2, 0.1, 0.0, 0.2, 0.2, 0.9, 0.3, 0.4, 0.0, 20.0",7,2400.504132231405,30.453655242919922,32,15.9921875,AMD Ryzen 9 7950X 16-Core Processor,NVIDIA GeForce RTX 4080
1,psdps,0.040592288130650335,38.34858441352844,"Predict, Speech, Detect, Predict, Speech","0.002622, 0.016408, 0.002511, 0.002585, 0.016467","7.407, 8.625, 6.834, 7.372, 8.112","508, 54, 508, 508, 54",307200,82160,/home/jyoti/heterogeneous_edge/images/bear,/home/jyoti/heterogeneous_edge/test-clean/LibriSpeech/test-clean/1580/141083,12162.25,73,2646.5625,"5.1, 0.8, 0.8, 0.3, 0.8, 1.2, 2.6, 13.1, 1.2, 0.2, 0.4, 2.6, 0.6, 1.1, 0.4, 9.7, 1.5, 0.5, 0.1, 1.3, 0.1, 4.8, 14.8, 0.9, 0.5, 1.7, 12.4, 0.1, 0.1, 0.5, 0.6, 19.3",6,2271.176470588235,30.453655242919922,32,15.9921875,AMD Ryzen 9 7950X 16-Core Processor,NVIDIA GeForce RTX 4080
1,psdpd,0.026943956036745403,36.810588121414185,"Predict, Speech, Detect, Predict, Detect","0.002619, 0.016753, 0.002470, 0.002677, 0.002426","7.361, 8.559, 6.708, 7.461, 6.723","508, 54, 508, 508, 508",307200,82160,/home/jyoti/heterogeneous_edge/images/bear,/home/jyoti/heterogeneous_edge/test-clean/LibriSpeech/test-clean/1580/141083,12073.15234375,32,2646.5625,"0.4, 0.7, 0.9, 12.2, 0.5, 1.4, 1.5, 0.5, 0.1, 0.6, 1.7, 0.4, 0.0, 0.1, 0.8, 4.3, 1.6, 0.6, 0.2, 13.4, 0.1, 1.0, 14.5, 0.0, 0.8, 0.1, 4.2, 0.1, 0.5, 0.4, 0.9, 36.4",4,2405.0204081632655,30.453655242919922,32,15.9921875,AMD Ryzen 9 7950X 16-Core Processor,NVIDIA GeForce RTX 4080
1,psdpp,0.02716766017789443,38.91825842857361,"Predict, Speech, Detect, Predict, Predict","0.002644, 0.016780, 0.002487, 0.002684, 0.002574","7.451, 9.882, 6.788, 7.508, 7.290","508, 54, 508, 508, 508",307200,82160,/home/jyoti/heterogeneous_edge/images/bear,/home/jyoti/heterogeneous_edge/test-clean/LibriSpeech/test-clean/1580/141083,12138.08984375,76,2646.5625,"0.4, 0.5, 5.4, 0.4, 0.7, 2.0, 0.5, 0.0, 17.8, 0.9, 0.0, 0.3, 0.5, 0.0, 0.9, 14.3, 0.5, 13.3, 0.1, 0.7, 0.1, 5.7, 1.8, 0.8, 0.5, 1.2, 0.5, 0.8, 0.1, 0.5, 0.5, 28.7",6,2419.054054054054,30.453655242919922,32,15.9921875,AMD Ryzen 9 7950X 16-Core Processor,NVIDIA GeForce RTX 4080
1,pspss,0.05453491542723826,39.60135889053345,"Predict, Speech, Predict, Speech, Speech","0.002570, 0.016528, 0.002661, 0.016329, 0.016447","7.310, 8.498, 7.400, 8.078, 8.316","508, 54, 508, 54, 54",307200,82160,/home/jyoti/heterogeneous_edge/images/bear,/home/jyoti/heterogeneous_edge/test-clean/LibriSpeech/test-clean/1580/141083,12145.94140625,75,2646.5625,"18.0, 0.5, 1.6, 0.4, 0.8, 0.6, 13.4, 0.8, 0.7, 0.6, 0.5, 0.5, 1.6, 0.7, 0.6, 11.9, 1.0, 0.8, 1.9, 0.8, 1.0, 5.8, 0.9, 5.5, 0.7, 0.5, 0.6, 0.5, 0.5, 0.3, 1.7, 22.5",6,2206.0266159695816,30.453655242919922,32,15.9921875,AMD Ryzen 9 7950X 16-Core Processor,NVIDIA GeForce RTX 4080
1,pspsd,0.040655468285214345,38.159621715545654,"Predict, Speech, Predict, Speech, Detect","0.002625, 0.016507, 0.002619, 0.016513, 0.002391","7.360, 8.362, 7.336, 8.387, 6.715","508, 54, 508, 54, 508",307200,82160,/home/jyoti/heterogeneous_edge/images/bear,/home/jyoti/heterogeneous_edge/test-clean/LibriSpeech/test-clean/1580/141083,12144.21484375,77,2646.5625,"0.5, 0.7, 0.7, 13.4, 2.7, 0.0, 0.8, 0.6, 2.9, 0.6, 0.4, 0.3, 0.4, 0.0, 0.3, 12.0, 1.8, 12.2, 13.5, 1.2, 4.7, 0.9, 0.7, 5.6, 0.5, 0.4, 0.6, 2.7, 0.4, 0.8, 0.9, 19.1",6,2329.547244094488,30.453655242919922,32,15.9921875,AMD Ryzen 9 7950X 16-Core Processor,NVIDIA GeForce RTX 4080
1,pspsp,0.04081296019247594,40.76862859725952,"Predict, Speech, Predict, Speech, Predict","0.002587, 0.016523, 0.002572, 0.016558, 0.002572","7.360, 9.515, 7.275, 9.278, 7.340","508, 54, 508, 54, 508",307200,82160,/home/jyoti/heterogeneous_edge/images/bear,/home/jyoti/heterogeneous_edge/test-clean/LibriSpeech/test-clean/1580/141083,12143.81640625,76,2646.5625,"0.6, 14.0, 1.4, 0.5, 7.4, 1.1, 1.1, 0.7, 2.4, 0.8, 0.5, 0.6, 0.7, 0.4, 0.3, 9.5, 3.4, 0.5, 0.1, 13.3, 5.7, 1.4, 2.0, 5.3, 0.6, 0.5, 0.6, 0.4, 0.0, 0.5, 1.6, 22.1",7,2297.2140221402215,30.453655242919922,32,15.9921875,AMD Ryzen 9 7950X 16-Core Processor,NVIDIA GeForce RTX 4080
1,pspds,0.04062850240594926,38.76233625411987,"Predict, Speech, Predict, Detect, Speech","0.002613, 0.016417, 0.002745, 0.002448, 0.016406","7.398, 8.656, 7.583, 6.781, 8.345","508, 54, 508, 508, 54",307200,82160,/home/jyoti/heterogeneous_edge/images/bear,/home/jyoti/heterogeneous_edge/test-clean/LibriSpeech/test-clean/1580/141083,12143.171875,74,2646.5625,"0.4, 0.1, 2.2, 0.9, 0.5, 0.6, 0.2, 5.5, 1.3, 0.3, 0.1, 0.1, 0.4, 0.5, 0.6, 26.7, 1.0, 1.2, 0.5, 18.8, 0.5, 0.5, 1.0, 0.7, 1.6, 1.7, 1.5, 0.9, 0.5, 0.8, 13.7, 17.4",5,2306.5116279069766,30.453655242919922,32,15.9921875,AMD Ryzen 9 7950X 16-Core Processor,NVIDIA GeForce RTX 4080
1,pspdd,0.026554730023330416,36.3777117729187,"Predict, Speech, Predict, Detect, Detect","0.002563, 0.016649, 0.002587, 0.002376, 0.002379","7.319, 8.355, 7.304, 6.698, 6.701","508, 54, 508, 508, 508",307200,82160,/home/jyoti/heterogeneous_edge/images/bear,/home/jyoti/heterogeneous_edge/test-clean/LibriSpeech/test-clean/1580/141083,12136.375,72,2646.5625,"0.9, 1.2, 13.7, 0.5, 4.5, 4.0, 0.6, 13.8, 0.8, 1.2, 0.5, 0.4, 0.8, 0.2, 3.4, 9.4, 0.5, 0.1, 0.5, 0.2, 9.6, 12.6, 0.9, 0.5, 0.6, 0.3, 0.1, 0.0, 0.0, 0.5, 5.4, 14.4",7,2386.301652892562,30.453655242919922,32,15.9921875,AMD Ryzen 9 7950X 16-Core Processor,NVIDIA GeForce RTX 4080
1,pspdp,0.026896753280839895,37.643255949020386,"Predict, Speech, Predict, Detect, Predict","0.002578, 0.016748, 0.002563, 0.002419, 0.002590","7.329, 9.035, 7.300, 6.682, 7.297","508, 54, 508, 508, 508",307200,82160,/home/jyoti/heterogeneous_edge/images/bear,/home/jyoti/heterogeneous_edge/test-clean/LibriSpeech/test-clean/1580/141083,12078.6171875,75,2646.5625,"0.6, 0.1, 0.9, 0.9, 1.1, 8.4, 2.0, 13.3, 1.2, 0.0, 0.1, 1.1, 0.2, 0.0, 0.7, 2.1, 2.1, 0.3, 12.7, 5.7, 0.3, 18.1, 0.2, 1.1, 0.3, 0.4, 0.2, 3.4, 0.1, 0.3, 6.6, 13.4",7,2375.438247011952,30.453655242919922,32,15.9921875,AMD Ryzen 9 7950X 16-Core Processor,NVIDIA GeForce RTX 4080
1,pspps,0.04069466907261593,39.75175714492798,"Predict, Speech, Predict, Predict, Speech","0.002615, 0.016434, 0.002566, 0.002582, 0.016497","7.426, 8.195, 7.280, 7.338, 9.513","508, 54, 508, 508, 54",307200,82160,/home/jyoti/heterogeneous_edge/images/bear,/home/jyoti/heterogeneous_edge/test-clean/LibriSpeech/test-clean/1580/141083,12143.8671875,73,2646.5625,"1.4, 0.9, 0.9, 1.2, 13.6, 16.2, 6.0, 4.8, 0.1, 0.8, 1.3, 0.6, 0.6, 0.9, 0.0, 8.5, 0.1, 0.1, 1.6, 1.3, 0.4, 0.1, 13.2, 0.9, 1.1, 1.3, 0.5, 0.4, 0.5, 0.6, 2.4, 18.8",6,2317.811320754717,30.453655242919922,32,15.9921875,AMD Ryzen 9 7950X 16-Core Processor,NVIDIA GeForce RTX 4080
1,psppd,0.026803942621755616,37.875617265701294,"Predict, Speech, Predict, Predict, Detect","0.002657, 0.016549, 0.002570, 0.002623, 0.002406","7.445, 9.037, 7.325, 7.390, 6.679","508, 54, 508, 508, 508",307200,82160,/home/jyoti/heterogeneous_edge/images/bear,/home/jyoti/heterogeneous_edge/test-clean/LibriSpeech/test-clean/1580/141083,12167.62890625,76,2646.5625,"0.6, 0.2, 4.6, 0.7, 4.1, 0.2, 1.5, 0.0, 0.9, 0.6, 0.3, 0.3, 0.3, 0.1, 0.1, 24.1, 0.7, 0.4, 10.0, 1.3, 1.6, 0.3, 13.4, 11.9, 0.3, 0.4, 0.5, 0.6, 0.1, 0.4, 0.8, 16.2",5,2379.3531746031745,30.453655242919922,32,15.9921875,AMD Ryzen 9 7950X 16-Core Processor,NVIDIA GeForce RTX 4080
1,psppp,0.02701041375036454,38.725446462631226,"Predict, Speech, Predict, Predict, Predict","0.002635, 0.016582, 0.002552, 0.002593, 0.002648","7.425, 9.265, 7.240, 7.363, 7.433","508, 54, 508, 508, 508",307200,82160,/home/jyoti/heterogeneous_edge/images/bear,/home/jyoti/heterogeneous_edge/test-clean/LibriSpeech/test-clean/1580/141083,12172.15234375,72,2646.5625,"0.8, 0.0, 13.8, 5.2, 17.4, 0.5, 0.6, 0.3, 8.8, 1.4, 0.3, 0.7, 0.2, 0.1, 0.8, 26.0, 0.3, 0.3, 1.0, 0.8, 0.9, 0.1, 0.3, 0.6, 0.4, 0.5, 0.4, 0.6, 0.1, 1.0, 0.4, 13.5",6,2374.8255813953488,30.453655242919922,32,15.9921875,AMD Ryzen 9 7950X 16-Core Processor,NVIDIA GeForce RTX 4080
1,pdsss,0.05461839946048411,41.69896364212036,"Predict, Detect, Speech, Speech, Speech","0.002581, 0.002385, 0.016429, 0.016612, 0.016612","7.385, 6.666, 8.576, 9.747, 9.325","508, 508, 54, 54, 54",307200,82160,/home/jyoti/heterogeneous_edge/images/bear,/home/jyoti/heterogeneous_edge/test-clean/LibriSpeech/test-clean/1580/141083,12166.8671875,75,2646.5625,"0.7, 15.1, 0.5, 0.2, 4.9, 0.3, 1.9, 1.2, 1.1, 0.9, 0.5, 0.2, 0.5, 0.3, 0.7, 3.7, 1.3, 0.9, 5.6, 0.8, 0.7, 12.9, 1.9, 2.0, 1.2, 2.6, 0.7, 0.6, 0.3, 0.5, 3.4, 23.8",4,2169.42238267148,30.453655242919922,32,15.9921875,AMD Ryzen 9 7950X 16-Core Processor,NVIDIA GeForce RTX 4080
1,pdssd,0.04049818234179061,39.82819843292236,"Predict, Detect, Speech, Speech, Detect","0.002595, 0.002429, 0.016465, 0.016578, 0.002430","7.298, 6.722, 9.257, 9.811, 6.739","508, 508, 54, 54, 508",307200,82160,/home/jyoti/heterogeneous_edge/images/bear,/home/jyoti/heterogeneous_edge/test-clean/LibriSpeech/test-clean/1580/141083,12090.68359375,74,2646.5625,"1.4, 0.8, 4.6, 1.4, 1.3, 1.4, 0.8, 0.4, 0.7, 0.6, 0.3, 1.0, 0.5, 1.0, 0.6, 4.5, 11.4, 0.4, 0.7, 0.9, 13.2, 11.2, 5.3, 0.3, 0.0, 0.2, 1.4, 0.4, 0.7, 0.8, 0.5, 26.1",5,2284.5849056603774,30.453655242919922,32,15.9921875,AMD Ryzen 9 7950X 16-Core Processor,NVIDIA GeForce RTX 4080
1,pdssp,0.040772923665791785,39.62974548339844,"Predict, Detect, Speech, Speech, Predict","0.002553, 0.002399, 0.016630, 0.016581, 0.002609","7.336, 6.636, 9.556, 8.828, 7.274","508, 508, 54, 54, 508",307200,82160,/home/jyoti/heterogeneous_edge/images/bear,/home/jyoti/heterogeneous_edge/test-clean/LibriSpeech/test-clean/1580/141083,12147.8046875,74,2646.5625,"12.0, 0.4, 0.2, 0.4, 0.6, 13.2, 0.9, 0.2, 0.7, 2.0, 0.2, 1.0, 0.7, 0.2, 0.1, 15.6, 0.6, 1.1, 17.7, 0.2, 5.8, 1.2, 2.5, 0.7, 0.1, 1.4, 1.0, 0.8, 0.1, 0.7, 0.8, 14.0",6,2281.4772727272725,30.453655242919922,32,15.9921875,AMD Ryzen 9 7950X 16-Core Processor,NVIDIA GeForce RTX 4080
1,pdsds,0.04026220151647711,37.95281720161438,"Predict, Detect, Speech, Detect, Speech","0.002598, 0.002429, 0.016364, 0.002460, 0.016411","7.336, 6.661, 8.814, 6.854, 8.288","508, 508, 54, 508, 54",307200,82160,/home/jyoti/heterogeneous_edge/images/bear,/home/jyoti/heterogeneous_edge/test-clean/LibriSpeech/test-clean/1580/141083,12159.32421875,74,2646.5625,"12.6, 5.7, 0.5, 1.1, 5.6, 2.1, 0.8, 0.9, 2.5, 0.7, 0.6, 0.5, 0.5, 0.4, 2.1, 6.4, 1.1, 0.7, 1.3, 0.0, 0.1, 0.8, 14.1, 0.4, 0.2, 1.6, 0.9, 0.4, 0.5, 1.0, 3.0, 33.8",6,2260.494071146245,30.453655242919922,32,15.9921875,AMD Ryzen 9 7950X 16-Core Processor,NVIDIA GeForce RTX 4080
1,pdsdd,0.026493214129483814,36.571290731430054,"Predict, Detect, Speech, Detect, Detect","0.002624, 0.002502, 0.016582, 0.002392, 0.002392","7.396, 6.823, 8.954, 6.701, 6.697","508, 508, 54, 508, 508",307200,82160,/home/jyoti/heterogeneous_edge/images/bear,/home/jyoti/heterogeneous_edge/test-clean/LibriSpeech/test-clean/1580/141083,12091.12109375,74,2646.5625,"12.9, 0.4, 0.9, 0.5, 0.0, 0.9, 14.6, 0.6, 0.7, 0.5, 0.7, 0.4, 0.5, 0.4, 12.4, 14.2, 12.3, 0.0, 0.0, 0.0, 0.4, 0.8, 5.5, 2.8, 1.2, 0.0, 0.1, 1.1, 0.0, 0.4, 0.5, 12.9",7,2428.7654320987654,30.453655242919922,32,15.9921875,AMD Ryzen 9 7950X 16-Core Processor,NVIDIA GeForce RTX 4080
1,pdsdp,0.026318329833770776,36.86145639419556,"Predict, Detect, Speech, Detect, Predict","0.002594, 0.002378, 0.016256, 0.002494, 0.002596","7.338, 6.708, 8.581, 6.896, 7.339","508, 508, 54, 508, 508",307200,82160,/home/jyoti/heterogeneous_edge/images/bear,/home/jyoti/heterogeneous_edge/test-clean/LibriSpeech/test-clean/1580/141083,12076.56640625,35,2646.5625,"0.7, 13.4, 12.2, 0.2, 0.7, 14.4, 0.5, 0.7, 7.6, 0.9, 1.0, 0.1, 0.5, 0.4, 0.8, 8.8, 0.4, 1.4, 0.6, 0.3, 6.0, 0.9, 0.0, 0.9, 5.1, 0.4, 0.4, 0.4, 0.1, 0.0, 0.4, 20.4",8,2394.2073170731705,30.453655242919922,32,15.9921875,AMD Ryzen 9 7950X 16-Core Processor,NVIDIA GeForce RTX 4080
1,pdsps,0.04061705774278215,37.84445858001709,"Predict, Detect, Speech, Predict, Speech","0.002669, 0.002404, 0.016375, 0.002594, 0.016575","7.476, 6.767, 8.123, 7.304, 8.175","508, 508, 54, 508, 54",307200,82160,/home/jyoti/heterogeneous_edge/images/bear,/home/jyoti/heterogeneous_edge/test-clean/LibriSpeech/test-clean/1580/141083,12165.50390625,73,2646.5625,"1.2, 0.9, 11.0, 12.2, 0.6, 0.0, 2.8, 0.1, 5.3, 0.5, 0.7, 14.9, 0.1, 0.6, 0.0, 15.3, 2.1, 0.0, 1.0, 2.4, 5.4, 0.9, 2.3, 1.1, 4.0, 0.7, 1.3, 0.9, 0.9, 0.7, 1.0, 15.2",7,2294.1071428571427,30.453655242919922,32,15.9921875,AMD Ryzen 9 7950X 16-Core Processor,NVIDIA GeForce RTX 4080
1,pdspd,0.026652552274715663,36.374106645584106,"Predict, Detect, Speech, Predict, Detect","0.002589, 0.002409, 0.016645, 0.002603, 0.002406","7.369, 6.711, 8.160, 7.380, 6.755","508, 508, 54, 508, 508",307200,82160,/home/jyoti/heterogeneous_edge/images/bear,/home/jyoti/heterogeneous_edge/test-clean/LibriSpeech/test-clean/1580/141083,12087.6328125,76,2646.5625,"0.6, 12.1, 0.3, 0.4, 0.4, 12.8, 0.8, 11.9, 1.0, 0.0, 0.1, 0.0, 0.1, 5.6, 0.2, 12.6, 0.9, 17.6, 1.7, 0.1, 0.2, 0.4, 1.0, 0.5, 0.2, 0.5, 0.3, 0.3, 0.3, 0.1, 0.3, 15.4",7,2402.4173553719006,30.453655242919922,32,15.9921875,AMD Ryzen 9 7950X 16-Core Processor,NVIDIA GeForce RTX 4080
1,pdspp,0.0266708394575678,37.48162508010864,"Predict, Detect, Speech, Predict, Predict","0.002600, 0.002404, 0.016479, 0.002532, 0.002656","7.391, 6.706, 8.611, 7.262, 7.511","508, 508, 54, 508, 508",307200,82160,/home/jyoti/heterogeneous_edge/images/bear,/home/jyoti/heterogeneous_edge/test-clean/LibriSpeech/test-clean/1580/141083,12165.3984375,73,2646.5625,"0.3, 0.1, 1.2, 13.4, 12.7, 3.1, 1.5, 5.2, 7.1, 0.5, 5.8, 0.0, 0.5, 0.0, 0.9, 6.6, 0.6, 0.4, 6.2, 1.9, 1.6, 0.4, 0.8, 7.6, 6.0, 0.1, 0.1, 1.4, 0.0, 0.6, 0.4, 14.6",10,2391.72,30.453655242919922,32,15.9921875,AMD Ryzen 9 7950X 16-Core Processor,NVIDIA GeForce RTX 4080
1,pddss,0.040375348643919506,38.045506715774536,"Predict, Detect, Detect, Speech, Speech","0.002605, 0.002397, 0.002391, 0.016427, 0.016555","7.323, 6.709, 6.738, 8.180, 9.095","508, 508, 508, 54, 54",307200,82160,/home/jyoti/heterogeneous_edge/images/bear,/home/jyoti/heterogeneous_edge/test-clean/LibriSpeech/test-clean/1580/141083,12099.34375,75,2646.5625,"2.4, 0.0, 1.2, 0.5, 0.5, 0.7, 2.2, 16.9, 1.4, 0.3, 2.4, 0.5, 0.8, 0.8, 0.8, 4.0, 12.9, 1.0, 6.9, 0.4, 0.5, 1.3, 11.5, 1.7, 0.9, 0.9, 3.5, 0.5, 0.0, 0.1, 0.9, 23.5",5,2283.913043478261,30.453655242919922,32,15.9921875,AMD Ryzen 9 7950X 16-Core Processor,NVIDIA GeForce RTX 4080
1,pddsd,0.026328785214348206,35.47663712501526,"Predict, Detect, Detect, Speech, Detect","0.002556, 0.002406, 0.002425, 0.016568, 0.002374","7.266, 6.699, 6.680, 8.170, 6.662","508, 508, 508, 54, 508",307200,82160,/home/jyoti/heterogeneous_edge/images/bear,/home/jyoti/heterogeneous_edge/test-clean/LibriSpeech/test-clean/1580/141083,12175.55859375,75,2647.125,"0.8, 0.1, 0.3, 12.3, 0.9, 13.2, 1.4, 0.1, 0.0, 0.1, 0.1, 0.3, 7.9, 0.0, 0.0, 7.9, 0.8, 0.4, 0.4, 1.9, 26.5, 0.6, 1.0, 0.1, 1.2, 0.4, 0.4, 0.0, 1.2, 0.6, 0.4, 18.5",6,2465.4025423728813,30.453655242919922,32,15.9921875,AMD Ryzen 9 7950X 16-Core Processor,NVIDIA GeForce RTX 4080
1,pddsp,0.02656317672790901,36.45970129966736,"Predict, Detect, Detect, Speech, Predict","0.002556, 0.002496, 0.002372, 0.016564, 0.002575","7.350, 6.873, 6.697, 8.214, 7.326","508, 508, 508, 54, 508",307200,82160,/home/jyoti/heterogeneous_edge/images/bear,/home/jyoti/heterogeneous_edge/test-clean/LibriSpeech/test-clean/1580/141083,12150.3515625,76,2647.125,"0.4, 13.2, 0.3, 0.1, 0.3, 0.4, 0.7, 13.8, 1.0, 0.2, 0.1, 0.5, 13.3, 0.2, 0.5, 9.1, 0.5, 14.2, 0.7, 0.5, 0.9, 0.1, 0.9, 1.2, 0.2, 0.5, 1.2, 0.0, 0.5, 0.5, 6.2, 19.4",7,2326.7283950617284,30.453655242919922,32,15.9921875,AMD Ryzen 9 7950X 16-Core Processor,NVIDIA GeForce RTX 4080
1,pddds,0.026415799868766406,35.54644417762756,"Predict, Detect, Detect, Detect, Speech","0.002563, 0.002400, 0.002378, 0.002405, 0.016670","7.311, 6.691, 6.704, 6.669, 8.172","508, 508, 508, 508, 54",307200,82160,/home/jyoti/heterogeneous_edge/images/bear,/home/jyoti/heterogeneous_edge/test-clean/LibriSpeech/test-clean/1580/141083,12149.04296875,72,2647.125,"0.4, 0.1, 1.3, 0.0, 12.6, 0.7, 2.8, 12.2, 1.2, 0.5, 0.1, 3.7, 0.4, 0.4, 0.5, 8.7, 0.8, 14.3, 1.1, 12.6, 0.4, 0.0, 3.3, 0.8, 0.8, 0.0, 0.4, 0.1, 0.4, 0.2, 0.1, 23.5",6,2347.215189873418,30.453655242919922,32,15.9921875,AMD Ryzen 9 7950X 16-Core Processor,NVIDIA GeForce RTX 4080
1,pdddd,0.012292169291338584,34.22745490074158,"Predict, Detect, Detect, Detect, Detect","0.002579, 0.002405, 0.002421, 0.002398, 0.002488","7.282, 6.738, 6.721, 6.652, 6.834","508, 508, 508, 508, 508",307200,,/home/jyoti/heterogeneous_edge/images/bear,/home/jyoti/heterogeneous_edge/test-clean/LibriSpeech/test-clean/1580/141083,11430.90625,32,1053.125,"3.2, 0.8, 12.8, 0.1, 1.1, 0.0, 0.0, 0.0, 0.1, 0.1, 0.6, 13.4, 0.1, 0.0, 0.0, 3.3, 2.3, 0.0, 14.4, 0.0, 1.9, 12.8, 0.9, 14.9, 0.1, 0.3, 0.0, 0.0, 0.1, 0.3, 0.1, 19.0",6,2496.5131578947367,30.453655242919922,32,15.9921875,AMD Ryzen 9 7950X 16-Core Processor,NVIDIA GeForce RTX 4080
1,pdddp,0.012309582677165355,34.80715823173523,"Predict, Detect, Detect, Detect, Predict","0.002556, 0.002386, 0.002420, 0.002403, 0.002544","7.336, 6.728, 6.767, 6.700, 7.276","508, 508, 508, 508, 508",307200,,/home/jyoti/heterogeneous_edge/images/bear,/home/jyoti/heterogeneous_edge/test-clean/LibriSpeech/test-clean/1580/141083,11460.4375,39,1053.125,"2.5, 1.2, 0.4, 0.1, 14.4, 0.2, 1.3, 6.9, 0.9, 0.1, 0.1, 0.0, 0.1, 0.0, 0.0, 2.0, 0.7, 0.0, 12.5, 0.3, 15.2, 12.7, 0.4, 6.1, 0.0, 0.1, 0.1, 0.0, 0.1, 0.8, 0.1, 21.7",7,2433.2974137931033,30.453655242919922,32,15.9921875,AMD Ryzen 9 7950X 16-Core Processor,NVIDIA GeForce RTX 4080
1,pddps,0.026395094269466318,36.78463268280029,"Predict, Detect, Detect, Predict, Speech","0.002562, 0.002487, 0.002395, 0.002561, 0.016391","7.349, 6.839, 6.683, 7.350, 8.564","508, 508, 508, 508, 54",307200,82160,/home/jyoti/heterogeneous_edge/images/bear,/home/jyoti/heterogeneous_edge/test-clean/LibriSpeech/test-clean/1580/141083,12085.31640625,74,2647.125,"2.1, 14.1, 0.5, 5.4, 1.2, 0.4, 0.0, 0.3, 1.3, 0.1, 0.5, 0.0, 1.2, 0.1, 0.2, 9.1, 11.2, 0.5, 0.1, 0.5, 0.0, 0.0, 1.8, 13.9, 2.7, 0.7, 0.2, 0.4, 0.1, 0.9, 1.5, 30.8",6,2365.6530612244896,30.453655242919922,32,15.9921875,AMD Ryzen 9 7950X 16-Core Processor,NVIDIA GeForce RTX 4080
1,pddpd,0.012263273622047243,34.68893551826477,"Predict, Detect, Detect, Predict, Detect","0.002577, 0.002366, 0.002377, 0.002563, 0.002380","7.294, 6.639, 6.694, 7.335, 6.727","508, 508, 508, 508, 508",307200,,/home/jyoti/heterogeneous_edge/images/bear,/home/jyoti/heterogeneous_edge/test-clean/LibriSpeech/test-clean/1580/141083,11488.890625,34,1053.125,"13.0, 2.2, 1.5, 0.1, 0.0, 0.0, 0.4, 10.6, 1.3, 0.1, 1.8, 0.0, 0.1, 0.4, 0.2, 11.6, 2.6, 0.9, 26.8, 0.1, 13.0, 0.0, 0.0, 2.8, 0.0, 0.0, 0.0, 0.0, 0.1, 0.9, 1.0, 10.3",6,2382.7922077922076,30.453655242919922,32,15.9921875,AMD Ryzen 9 7950X 16-Core Processor,NVIDIA GeForce RTX 4080
1,pddpp,0.012464984251968503,35.40398669242859,"Predict, Detect, Detect, Predict, Predict","0.002559, 0.002401, 0.002394, 0.002556, 0.002555","7.350, 6.765, 6.706, 7.296, 7.286","508, 508, 508, 508, 508",307200,,/home/jyoti/heterogeneous_edge/images/bear,/home/jyoti/heterogeneous_edge/test-clean/LibriSpeech/test-clean/1580/141083,11478.484375,33,1053.125,"0.2, 3.4, 0.0, 0.2, 22.5, 0.3, 0.3, 8.0, 0.0, 0.3, 0.0, 1.7, 0.6, 0.1, 0.0, 9.1, 0.0, 0.6, 0.0, 0.0, 20.6, 0.0, 0.3, 17.4, 0.0, 0.1, 0.1, 0.1, 0.3, 0.0, 0.0, 12.6",6,2472.1398305084745,30.453655242919922,32,15.9921875,AMD Ryzen 9 7950X 16-Core Processor,NVIDIA GeForce RTX 4080
1,pdpss,0.040327444225721785,38.56522250175476,"Predict, Detect, Predict, Speech, Speech","0.002564, 0.002396, 0.002586, 0.016476, 0.016305","7.359, 6.699, 7.370, 9.039, 8.099","508, 508, 508, 54, 54",307200,82160,/home/jyoti/heterogeneous_edge/images/bear,/home/jyoti/heterogeneous_edge/test-clean/LibriSpeech/test-clean/1580/141083,12140.68359375,74,2647.125,"0.4, 1.8, 0.8, 13.4, 0.2, 0.9, 0.9, 0.5, 0.1, 0.2, 0.6, 1.2, 0.1, 0.6, 0.4, 11.3, 1.1, 6.4, 6.2, 0.5, 25.7, 0.1, 1.3, 0.4, 0.8, 0.8, 0.5, 0.6, 0.8, 0.7, 1.4, 21.2",6,2308.307392996109,30.453655242919922,32,15.9921875,AMD Ryzen 9 7950X 16-Core Processor,NVIDIA GeForce RTX 4080
1,pdpsd,0.026363899168853892,36.71115159988403,"Predict, Detect, Predict, Speech, Detect","0.002621, 0.002487, 0.002618, 0.016239, 0.002399","7.348, 6.903, 7.357, 8.412, 6.692","508, 508, 508, 54, 508",307200,82160,/home/jyoti/heterogeneous_edge/images/bear,/home/jyoti/heterogeneous_edge/test-clean/LibriSpeech/test-clean/1580/141083,12170.3984375,48,2647.125,"0.5, 0.3, 11.6, 0.0, 0.7, 2.4, 0.0, 0.7, 0.0, 0.6, 0.1, 0.4, 0.4, 0.6, 1.2, 19.1, 0.1, 2.7, 1.2, 14.5, 5.6, 13.5, 0.4, 0.3, 0.3, 0.8, 0.2, 0.1, 0.0, 0.1, 0.0, 21.3",6,2386.967213114754,30.453655242919922,32,15.9921875,AMD Ryzen 9 7950X 16-Core Processor,NVIDIA GeForce RTX 4080
1,pdpsp,0.026715756197142025,37.019922733306885,"Predict, Detect, Predict, Speech, Predict","0.002572, 0.002423, 0.002677, 0.016470, 0.002575","7.325, 6.704, 7.496, 8.114, 7.381","508, 508, 508, 54, 508",307200,82160,/home/jyoti/heterogeneous_edge/images/bear,/home/jyoti/heterogeneous_edge/test-clean/LibriSpeech/test-clean/1580/141083,12144.828125,74,2647.125,"0.8, 0.4, 0.0, 5.3, 0.4, 1.0, 23.7, 0.1, 0.0, 0.6, 1.5, 2.3, 0.4, 1.6, 0.8, 6.3, 0.8, 0.0, 0.5, 0.4, 0.2, 1.1, 3.2, 13.9, 0.4, 2.6, 0.1, 0.0, 0.1, 0.5, 13.9, 17.6",6,2392.2874493927125,30.453655242919922,32,15.9921875,AMD Ryzen 9 7950X 16-Core Processor,NVIDIA GeForce RTX 4080
1,pdpds,0.026552708223972002,36.057770013809204,"Predict, Detect, Predict, Detect, Speech","0.002545, 0.002396, 0.002593, 0.002403, 0.016616","7.240, 6.750, 7.275, 6.707, 8.087","508, 508, 508, 508, 54",307200,82160,/home/jyoti/heterogeneous_edge/images/bear,/home/jyoti/heterogeneous_edge/test-clean/LibriSpeech/test-clean/1580/141083,12165.94921875,49,2647.125,"0.1, 0.5, 0.0, 0.1, 1.7, 0.6, 13.4, 13.8, 2.2, 0.4, 0.1, 0.5, 6.0, 0.9, 1.1, 9.9, 0.6, 12.7, 0.4, 0.4, 1.8, 0.2, 1.2, 14.4, 0.0, 0.3, 0.5, 0.1, 0.2, 0.4, 0.5, 17.0",7,2401.875,30.453655242919922,32,15.9921875,AMD Ryzen 9 7950X 16-Core Processor,NVIDIA GeForce RTX 4080
1,pdpdd,0.0123830531496063,34.7650465965271,"Predict, Detect, Predict, Detect, Detect","0.002589, 0.002410, 0.002582, 0.002392, 0.002410","7.284, 6.693, 7.357, 6.677, 6.754","508, 508, 508, 508, 508",307200,,/home/jyoti/heterogeneous_edge/images/bear,/home/jyoti/heterogeneous_edge/test-clean/LibriSpeech/test-clean/1580/141083,11477.546875,29,1053.125,"0.1, 25.3, 2.6, 0.6, 2.0, 11.6, 0.1, 0.0, 0.3, 0.1, 0.1, 0.4, 0.9, 0.1, 0.4, 7.7, 0.9, 0.6, 12.1, 0.7, 0.7, 17.6, 0.3, 0.2, 0.0, 0.2, 0.0, 0.0, 0.0, 0.0, 0.0, 16.1",6,2549.676724137931,30.453655242919922,32,15.9921875,AMD Ryzen 9 7950X 16-Core Processor,NVIDIA GeForce RTX 4080
1,pdpdp,0.012551110236220473,35.285714626312256,"Predict, Detect, Predict, Detect, Predict","0.002556, 0.002382, 0.002656, 0.002412, 0.002545","7.289, 6.681, 7.414, 6.649, 7.253","508, 508, 508, 508, 508",307200,,/home/jyoti/heterogeneous_edge/images/bear,/home/jyoti/heterogeneous_edge/test-clean/LibriSpeech/test-clean/1580/141083,11489.2265625,30,1053.125,"0.3, 0.0, 0.0, 1.1, 0.5, 0.2, 9.0, 1.3, 0.6, 1.7, 0.1, 0.1, 0.0, 0.1, 0.9, 11.6, 0.0, 0.6, 0.0, 0.0, 14.1, 12.9, 20.3, 15.2, 0.1, 0.1, 0.0, 0.0, 0.1, 0.0, 0.0, 9.6",7,2543.1702127659573,30.453655242919922,32,15.9921875,AMD Ryzen 9 7950X 16-Core Processor,NVIDIA GeForce RTX 4080
1,pdpps,0.026466494823563724,37.277281284332275,"Predict, Detect, Predict, Predict, Speech","0.002578, 0.002391, 0.002597, 0.002575, 0.016325","7.354, 6.748, 7.351, 7.333, 8.491","508, 508, 508, 508, 54",307200,82160,/home/jyoti/heterogeneous_edge/images/bear,/home/jyoti/heterogeneous_edge/test-clean/LibriSpeech/test-clean/1580/141083,12148.30859375,31,2647.125,"5.5, 0.6, 0.3, 0.8, 0.0, 9.2, 0.1, 0.6, 0.3, 0.5, 0.1, 0.3, 1.2, 0.7, 0.3, 9.8, 3.7, 13.8, 14.4, 0.5, 0.6, 3.9, 0.6, 13.8, 0.6, 0.6, 0.7, 0.4, 0.4, 0.1, 0.6, 17.8",7,2391.7137096774195,30.453655242919922,32,15.9921875,AMD Ryzen 9 7950X 16-Core Processor,NVIDIA GeForce RTX 4080
1,pdppd,0.01261236811023622,35.49949073791504,"Predict, Detect, Predict, Predict, Detect","0.002614, 0.002365, 0.002571, 0.002650, 0.002414","7.363, 6.703, 7.324, 7.390, 6.719","508, 508, 508, 508, 508",307200,,/home/jyoti/heterogeneous_edge/images/bear,/home/jyoti/heterogeneous_edge/test-clean/LibriSpeech/test-clean/1580/141083,11474.80078125,37,1053.125,"0.3, 0.1, 0.0, 12.6, 13.0, 0.4, 15.0, 0.0, 1.4, 0.8, 0.0, 0.0, 0.3, 0.1, 0.6, 12.3, 2.4, 14.6, 13.0, 1.1, 0.1, 1.3, 0.1, 0.7, 0.0, 0.1, 0.0, 0.1, 0.0, 0.0, 0.6, 11.0",7,2456.0593220338983,30.453655242919922,32,15.9921875,AMD Ryzen 9 7950X 16-Core Processor,NVIDIA GeForce RTX 4080
1,pdppp,0.01283629527559055,36.13443064689636,"Predict, Detect, Predict, Predict, Predict","0.002603, 0.002469, 0.002597, 0.002566, 0.002601","7.340, 6.739, 7.400, 7.327, 7.328","508, 508, 508, 508, 508",307200,,/home/jyoti/heterogeneous_edge/images/bear,/home/jyoti/heterogeneous_edge/test-clean/LibriSpeech/test-clean/1580/141083,11474.5234375,32,1053.125,"0.2, 14.0, 29.3, 1.0, 1.1, 0.7, 0.0, 0.1, 0.8, 0.1, 0.0, 0.0, 0.1, 0.0, 0.6, 8.9, 1.6, 0.2, 12.2, 14.3, 0.3, 0.0, 0.6, 0.0, 0.8, 0.3, 0.2, 0.0, 0.1, 0.1, 0.6, 13.4",6,2489.3153526970955,30.453655242919922,32,15.9921875,AMD Ryzen 9 7950X 16-Core Processor,NVIDIA GeForce RTX 4080
1,ppsss,0.054209172280548265,38.73637628555298,"Predict, Predict, Speech, Speech, Speech","0.002600, 0.002644, 0.016326, 0.016244, 0.016396","7.341, 7.311, 8.065, 8.030, 7.990","508, 508, 54, 54, 54",307200,82160,/home/jyoti/heterogeneous_edge/images/bear,/home/jyoti/heterogeneous_edge/test-clean/LibriSpeech/test-clean/1580/141083,12149.1953125,73,2646.5625,"0.7, 1.2, 3.0, 11.0, 1.2, 0.4, 0.6, 5.8, 0.5, 2.0, 0.4, 0.8, 0.8, 1.5, 0.4, 17.3, 1.2, 13.3, 11.4, 0.4, 0.5, 0.8, 0.7, 0.4, 0.5, 0.4, 0.9, 0.4, 0.3, 0.6, 2.0, 20.6",6,2238.0813953488373,30.453655242919922,32,15.9921875,AMD Ryzen 9 7950X 16-Core Processor,NVIDIA GeForce RTX 4080
1,ppssd,0.040399304899387575,38.50986170768738,"Predict, Predict, Speech, Speech, Detect","0.002596, 0.002582, 0.016386, 0.016410, 0.002425","7.356, 7.293, 8.568, 8.541, 6.752","508, 508, 54, 54, 508",307200,82160,/home/jyoti/heterogeneous_edge/images/bear,/home/jyoti/heterogeneous_edge/test-clean/LibriSpeech/test-clean/1580/141083,12168.9921875,76,2646.5625,"5.5, 13.9, 0.8, 0.4, 3.6, 2.6, 0.0, 0.4, 3.0, 1.0, 0.6, 0.1, 0.6, 1.4, 0.4, 16.9, 2.2, 0.4, 13.1, 1.3, 0.6, 0.3, 12.6, 0.3, 0.1, 0.1, 0.2, 0.8, 0.3, 0.4, 1.3, 15.4",6,2338.9453125,30.453655242919922,32,15.9921875,AMD Ryzen 9 7950X 16-Core Processor,NVIDIA GeForce RTX 4080
1,ppssp,0.04051579855643045,38.482635259628296,"Predict, Predict, Speech, Speech, Predict","0.002572, 0.002601, 0.016373, 0.016411, 0.002559","7.361, 7.292, 8.090, 8.416, 7.325","508, 508, 54, 54, 508",307200,82160,/home/jyoti/heterogeneous_edge/images/bear,/home/jyoti/heterogeneous_edge/test-clean/LibriSpeech/test-clean/1580/141083,12086.36328125,73,2646.5625,"0.8, 14.5, 13.2, 0.3, 2.1, 2.0, 0.5, 0.1, 0.1, 1.0, 0.7, 0.1, 0.0, 0.7, 0.3, 15.1, 13.5, 0.0, 5.7, 0.2, 0.9, 0.3, 5.9, 0.6, 0.6, 0.5, 1.4, 0.5, 0.7, 1.0, 0.5, 14.7",7,2384.6484375,30.453655242919922,32,15.9921875,AMD Ryzen 9 7950X 16-Core Processor,NVIDIA GeForce RTX 4080
1,ppsds,0.04038081197142024,37.60435652732849,"Predict, Predict, Speech, Detect, Speech","0.002577, 0.002579, 0.016304, 0.002451, 0.016469","7.361, 7.327, 8.054, 6.856, 8.007","508, 508, 54, 508, 54",307200,82160,/home/jyoti/heterogeneous_edge/images/bear,/home/jyoti/heterogeneous_edge/test-clean/LibriSpeech/test-clean/1580/141083,12141.859375,75,2646.5625,"1.0, 0.9, 5.6, 0.1, 2.2, 0.9, 1.2, 0.5, 1.2, 0.3, 0.4, 0.2, 1.2, 0.1, 0.8, 16.9, 14.0, 0.1, 0.4, 6.1, 0.6, 14.3, 0.4, 0.4, 0.4, 0.8, 0.5, 0.9, 0.3, 1.1, 0.7, 27.8",6,2249.82,30.453655242919922,32,15.9921875,AMD Ryzen 9 7950X 16-Core Processor,NVIDIA GeForce RTX 4080
1,ppsdd,0.026441481408573927,36.61904573440552,"Predict, Predict, Speech, Detect, Detect","0.002584, 0.002564, 0.016430, 0.002444, 0.002419","7.348, 7.243, 8.560, 6.725, 6.743","508, 508, 54, 508, 508",307200,82160,/home/jyoti/heterogeneous_edge/images/bear,/home/jyoti/heterogeneous_edge/test-clean/LibriSpeech/test-clean/1580/141083,12147.90234375,55,2646.5625,"0.1, 0.4, 0.5, 0.6, 0.8, 16.9, 0.0, 0.4, 0.0, 1.0, 0.5, 0.5, 0.1, 0.5, 1.3, 11.7, 1.3, 0.0, 0.5, 12.7, 20.3, 12.3, 0.5, 1.0, 0.4, 1.9, 0.1, 0.1, 0.5, 0.2, 0.1, 14.2",6,2436.6393442622953,30.453655242919922,32,15.9921875,AMD Ryzen 9 7950X 16-Core Processor,NVIDIA GeForce RTX 4080
1,ppsdp,0.026545852872557594,36.561031341552734,"Predict, Predict, Speech, Detect, Predict","0.002609, 0.002601, 0.016368, 0.002393, 0.002575","7.307, 7.291, 8.055, 6.656, 7.253","508, 508, 54, 508, 508",307200,82160,/home/jyoti/heterogeneous_edge/images/bear,/home/jyoti/heterogeneous_edge/test-clean/LibriSpeech/test-clean/1580/141083,12168.17578125,59,2646.5625,"5.1, 0.7, 0.5, 0.1, 0.3, 0.7, 0.4, 11.8, 0.4, 0.0, 0.1, 0.0, 0.1, 1.6, 1.1, 14.6, 8.6, 0.1, 0.2, 19.6, 1.6, 14.5, 2.3, 3.5, 0.0, 0.6, 2.2, 0.5, 0.5, 0.7, 0.2, 11.5",7,2410.740740740741,30.453655242919922,32,15.9921875,AMD Ryzen 9 7950X 16-Core Processor,NVIDIA GeForce RTX 4080
1,ppsps,0.0405176176727909,38.25593590736389,"Predict, Predict, Speech, Predict, Speech","0.002597, 0.002595, 0.016342, 0.002682, 0.016302","7.312, 7.322, 8.088, 7.469, 8.065","508, 508, 54, 508, 54",307200,82160,/home/jyoti/heterogeneous_edge/images/bear,/home/jyoti/heterogeneous_edge/test-clean/LibriSpeech/test-clean/1580/141083,12093.1328125,76,2646.5625,"0.6, 0.4, 0.1, 0.9, 1.0, 0.9, 9.0, 6.1, 1.0, 5.3, 0.5, 0.8, 0.4, 0.9, 0.9, 20.4, 0.4, 0.4, 0.9, 13.9, 0.1, 6.9, 6.3, 1.6, 1.5, 0.4, 0.5, 0.0, 0.4, 0.2, 1.2, 19.0",8,2283.283464566929,30.453655242919922,32,15.9921875,AMD Ryzen 9 7950X 16-Core Processor,NVIDIA GeForce RTX 4080
1,ppspd,0.026929405876348792,37.439534425735474,"Predict, Predict, Speech, Predict, Detect","0.002591, 0.002592, 0.016692, 0.002650, 0.002403","7.354, 7.413, 8.532, 7.462, 6.678","508, 508, 54, 508, 508",307200,82160,/home/jyoti/heterogeneous_edge/images/bear,/home/jyoti/heterogeneous_edge/test-clean/LibriSpeech/test-clean/1580/141083,12179.0234375,73,2646.5625,"1.0, 13.6, 12.3, 5.0, 0.0, 0.6, 0.0, 0.1, 0.3, 1.3, 0.9, 15.4, 5.8, 0.3, 0.3, 6.7, 1.8, 0.5, 0.4, 10.4, 0.5, 0.3, 0.3, 0.4, 0.3, 0.7, 0.3, 0.5, 0.6, 0.1, 0.1, 19.1",8,2377.3493975903616,30.453655242919922,32,15.9921875,AMD Ryzen 9 7950X 16-Core Processor,NVIDIA GeForce RTX 4080
1,ppspp,0.026900951953922426,38.25286030769348,"Predict, Predict, Speech, Predict, Predict","0.002583, 0.002579, 0.016467, 0.002601, 0.002671","7.372, 7.375, 8.619, 7.428, 7.459","508, 508, 54, 508, 508",307200,82160,/home/jyoti/heterogeneous_edge/images/bear,/home/jyoti/heterogeneous_edge/test-clean/LibriSpeech/test-clean/1580/141083,12148.13671875,73,2646.5625,"3.4, 8.8, 5.4, 2.8, 0.1, 0.7, 25.7, 0.2, 0.1, 0.4, 0.1, 0.0, 0.7, 0.1, 0.5, 5.9, 0.4, 5.3, 0.3, 2.0, 0.6, 0.5, 1.7, 0.8, 0.7, 0.8, 1.3, 0.6, 1.2, 0.8, 0.0, 34.8",6,2299.823529411765,30.453655242919922,32,15.9921875,AMD Ryzen 9 7950X 16-Core Processor,NVIDIA GeForce RTX 4080
1,ppdss,0.040515086103820354,38.02837085723877,"Predict, Predict, Detect, Speech, Speech","0.002586, 0.002578, 0.002435, 0.016404, 0.016512","7.289, 7.264, 6.786, 8.144, 8.545","508, 508, 508, 54, 54",307200,82160,/home/jyoti/heterogeneous_edge/images/bear,/home/jyoti/heterogeneous_edge/test-clean/LibriSpeech/test-clean/1580/141083,12093.26953125,73,2647.125,"0.6, 0.0, 0.1, 0.0, 0.3, 0.4, 16.1, 6.6, 0.7, 0.8, 0.3, 2.3, 0.6, 0.3, 0.8, 15.6, 2.4, 5.7, 0.8, 0.7, 0.4, 0.4, 11.8, 14.3, 0.1, 0.5, 1.2, 2.0, 0.4, 0.8, 0.3, 13.1",7,2274.3675889328065,30.453655242919922,32,15.9921875,AMD Ryzen 9 7950X 16-Core Processor,NVIDIA GeForce RTX 4080
1,ppdsd,0.02654844254884806,37.32003355026245,"Predict, Predict, Detect, Speech, Detect","0.002585, 0.002556, 0.002396, 0.016563, 0.002449","7.279, 7.323, 6.694, 9.296, 6.728","508, 508, 508, 54, 508",307200,82160,/home/jyoti/heterogeneous_edge/images/bear,/home/jyoti/heterogeneous_edge/test-clean/LibriSpeech/test-clean/1580/141083,12083.82421875,76,2647.125,"0.6, 0.2, 6.6, 0.8, 13.7, 18.7, 0.3, 0.4, 0.0, 0.4, 0.2, 0.1, 0.2, 0.3, 0.1, 4.1, 0.2, 0.0, 1.9, 0.6, 14.3, 5.8, 0.9, 3.0, 0.3, 0.3, 0.1, 2.2, 0.4, 0.1, 0.3, 19.6",6,2400.3024193548385,30.453655242919922,32,15.9921875,AMD Ryzen 9 7950X 16-Core Processor,NVIDIA GeForce RTX 4080
1,ppdsp,0.02669912153689122,37.37728309631348,"Predict, Predict, Detect, Speech, Predict","0.002661, 0.002574, 0.002458, 0.016418, 0.002588","7.513, 7.354, 6.863, 8.335, 7.312","508, 508, 508, 54, 508",307200,82160,/home/jyoti/heterogeneous_edge/images/bear,/home/jyoti/heterogeneous_edge/test-clean/LibriSpeech/test-clean/1580/141083,12154.44921875,56,2647.125,"2.3, 13.3, 0.1, 5.7, 1.5, 0.5, 0.6, 1.3, 8.6, 0.1, 0.0, 0.0, 0.5, 0.6, 1.1, 12.5, 0.2, 1.0, 0.7, 1.0, 1.0, 0.1, 13.8, 0.0, 18.4, 1.5, 1.3, 0.5, 0.0, 0.1, 0.8, 15.0",7,2317.409638554217,30.453655242919922,32,15.9921875,AMD Ryzen 9 7950X 16-Core Processor,NVIDIA GeForce RTX 4080
1,ppdds,0.02658201487314086,36.48920965194702,"Predict, Predict, Detect, Detect, Speech","0.002615, 0.002590, 0.002409, 0.002406, 0.016561","7.441, 7.356, 6.735, 6.660, 8.297","508, 508, 508, 508, 54",307200,82160,/home/jyoti/heterogeneous_edge/images/bear,/home/jyoti/heterogeneous_edge/test-clean/LibriSpeech/test-clean/1580/141083,12114.31640625,36,2647.125,"1.3, 1.0, 0.5, 13.0, 13.2, 1.1, 14.9, 0.0, 0.7, 0.5, 0.1, 2.7, 0.1, 0.3, 0.1, 11.7, 0.6, 0.3, 0.9, 14.1, 1.9, 5.6, 0.1, 0.4, 0.5, 0.6, 0.8, 4.4, 1.2, 0.6, 0.4, 9.7",7,2389.753086419753,30.453655242919922,32,15.9921875,AMD Ryzen 9 7950X 16-Core Processor,NVIDIA GeForce RTX 4080
1,ppddd,0.01242663779527559,34.78805351257324,"Predict, Predict, Detect, Detect, Detect","0.002609, 0.002595, 0.002389, 0.002433, 0.002400","7.310, 7.308, 6.681, 6.784, 6.705","508, 508, 508, 508, 508",307200,,/home/jyoti/heterogeneous_edge/images/bear,/home/jyoti/heterogeneous_edge/test-clean/LibriSpeech/test-clean/1580/141083,11463.74609375,35,1053.125,"0.6, 1.2, 12.9, 14.2, 0.0, 3.2, 0.0, 0.3, 0.0, 0.1, 0.1, 0.1, 0.1, 0.0, 0.1, 8.7, 13.7, 0.0, 0.1, 13.4, 0.2, 0.3, 0.0, 15.4, 0.2, 0.3, 0.1, 0.0, 0.0, 0.2, 0.2, 14.8",7,2523.685344827586,30.453655242919922,32,15.9921875,AMD Ryzen 9 7950X 16-Core Processor,NVIDIA GeForce RTX 4080
1,ppddp,0.012773462598425198,35.825868368148804,"Predict, Predict, Detect, Detect, Predict","0.002574, 0.002681, 0.002418, 0.002520, 0.002581","7.350, 7.527, 6.738, 6.840, 7.370","508, 508, 508, 508, 508",307200,,/home/jyoti/heterogeneous_edge/images/bear,/home/jyoti/heterogeneous_edge/test-clean/LibriSpeech/test-clean/1580/141083,11480.56640625,32,1053.125,"0.8, 0.3, 0.0, 0.0, 0.0, 13.7, 11.8, 0.7, 16.2, 1.1, 0.0, 0.1, 0.1, 0.1, 0.1, 2.2, 0.0, 0.0, 0.1, 0.1, 14.4, 0.4, 4.6, 0.1, 0.4, 0.7, 0.0, 0.8, 0.3, 0.3, 0.1, 31.8",5,2534.874476987448,30.453655242919922,32,15.9921875,AMD Ryzen 9 7950X 16-Core Processor,NVIDIA GeForce RTX 4080
1,ppdps,0.026604971055701372,37.00128674507141,"Predict, Predict, Detect, Predict, Speech","0.002629, 0.002558, 0.002450, 0.002581, 0.016387","7.523, 7.316, 6.810, 7.279, 8.072","508, 508, 508, 508, 54",307200,82160,/home/jyoti/heterogeneous_edge/images/bear,/home/jyoti/heterogeneous_edge/test-clean/LibriSpeech/test-clean/1580/141083,12148.53515625,58,2647.125,"15.0, 0.3, 0.1, 0.0, 0.5, 0.5, 0.4, 13.9, 4.5, 1.3, 0.4, 0.1, 1.6, 0.4, 0.1, 13.0, 0.2, 7.2, 0.5, 8.6, 0.7, 0.1, 1.7, 0.8, 0.4, 0.0, 0.2, 14.6, 1.3, 0.4, 0.5, 15.1",7,2414.5731707317073,30.453655242919922,32,15.9921875,AMD Ryzen 9 7950X 16-Core Processor,NVIDIA GeForce RTX 4080
1,ppdpd,0.012643478346456693,35.53350615501404,"Predict, Predict, Detect, Predict, Detect","0.002615, 0.002576, 0.002425, 0.002605, 0.002424","7.391, 7.329, 6.695, 7.385, 6.734","508, 508, 508, 508, 508",307200,,/home/jyoti/heterogeneous_edge/images/bear,/home/jyoti/heterogeneous_edge/test-clean/LibriSpeech/test-clean/1580/141083,11475.8828125,31,1053.125,"1.5, 1.7, 0.1, 11.4, 0.1, 0.2, 0.8, 0.7, 0.1, 0.1, 0.0, 0.0, 0.1, 0.1, 0.1, 9.1, 0.0, 0.8, 0.1, 44.5, 0.0, 13.4, 0.7, 0.0, 0.2, 0.1, 0.8, 0.0, 0.1, 0.8, 0.4, 14.0",5,2550.1898734177216,30.453655242919922,32,15.9921875,AMD Ryzen 9 7950X 16-Core Processor,NVIDIA GeForce RTX 4080
1,ppdpp,0.012698470472440944,36.36092972755432,"Predict, Predict, Detect, Predict, Predict","0.002585, 0.002560, 0.002388, 0.002573, 0.002593","7.392, 7.483, 6.738, 7.385, 7.363","508, 508, 508, 508, 508",307200,,/home/jyoti/heterogeneous_edge/images/bear,/home/jyoti/heterogeneous_edge/test-clean/LibriSpeech/test-clean/1580/141083,11438.0625,38,1053.125,"1.1, 2.5, 0.1, 0.5, 0.3, 12.4, 0.2, 0.0, 1.9, 0.3, 0.1, 0.8, 0.3, 0.0, 0.0, 3.2, 0.0, 0.9, 0.1, 43.0, 13.9, 0.0, 0.0, 0.4, 0.1, 0.0, 0.0, 0.0, 0.0, 0.1, 0.1, 18.4",4,2461.1776859504134,30.453655242919922,32,15.9921875,AMD Ryzen 9 7950X 16-Core Processor,NVIDIA GeForce RTX 4080
1,pppss,0.0407083869932925,38.40139865875244,"Predict, Predict, Predict, Speech, Speech","0.002633, 0.002555, 0.002583, 0.016392, 0.016545","7.505, 7.266, 7.305, 8.238, 8.087","508, 508, 508, 54, 54",307200,82160,/home/jyoti/heterogeneous_edge/images/bear,/home/jyoti/heterogeneous_edge/test-clean/LibriSpeech/test-clean/1580/141083,12132.3125,75,2647.125,"1.2, 6.6, 13.3, 0.9, 0.1, 1.1, 0.9, 0.9, 1.0, 0.7, 0.1, 0.2, 1.8, 1.3, 5.2, 9.6, 1.0, 1.6, 1.4, 17.1, 14.1, 0.4, 1.6, 0.2, 0.5, 0.5, 0.9, 2.6, 0.5, 0.1, 3.8, 16.1",7,2327.2431372549017,30.453655242919922,32,15.9921875,AMD Ryzen 9 7950X 16-Core Processor,NVIDIA GeForce RTX 4080
1,pppsd,0.026509346456692912,36.87905716896057,"Predict, Predict, Predict, Speech, Detect","0.002582, 0.002618, 0.002556, 0.016337, 0.002416","7.399, 7.345, 7.285, 8.099, 6.751","508, 508, 508, 54, 508",307200,82160,/home/jyoti/heterogeneous_edge/images/bear,/home/jyoti/heterogeneous_edge/test-clean/LibriSpeech/test-clean/1580/141083,12076.83203125,39,2647.125,"14.3, 2.3, 0.9, 0.5, 9.2, 0.7, 0.9, 0.0, 0.4, 0.5, 0.5, 0.4, 1.3, 0.4, 0.2, 2.3, 0.5, 0.4, 0.0, 0.1, 5.0, 26.2, 5.7, 1.3, 0.2, 0.1, 0.1, 0.8, 0.0, 0.0, 0.6, 25.9",5,2423.7804878048782,30.453655242919922,32,15.9921875,AMD Ryzen 9 7950X 16-Core Processor,NVIDIA GeForce RTX 4080
1,pppsp,0.026800343248760572,38.332271575927734,"Predict, Predict, Predict, Speech, Predict","0.002576, 0.002671, 0.002579, 0.016375, 0.002599","7.363, 7.447, 7.343, 8.844, 7.335","508, 508, 508, 54, 508",307200,82160,/home/jyoti/heterogeneous_edge/images/bear,/home/jyoti/heterogeneous_edge/test-clean/LibriSpeech/test-clean/1580/141083,12058.87109375,40,2647.125,"0.9, 13.2, 0.4, 12.9, 0.0, 0.3, 0.1, 0.4, 0.6, 0.2, 0.1, 0.9, 0.1, 0.0, 0.8, 8.8, 13.7, 5.6, 0.2, 0.6, 0.5, 0.5, 3.8, 1.4, 0.3, 1.1, 0.3, 2.0, 0.5, 0.4, 0.1, 28.0",6,2324.529411764706,30.453655242919922,32,15.9921875,AMD Ryzen 9 7950X 16-Core Processor,NVIDIA GeForce RTX 4080
1,pppds,0.026764204359871684,37.63645911216736,"Predict, Predict, Predict, Detect, Speech","0.002579, 0.002668, 0.002594, 0.002406, 0.016518","7.356, 7.521, 7.405, 6.756, 8.598","508, 508, 508, 508, 54",307200,82160,/home/jyoti/heterogeneous_edge/images/bear,/home/jyoti/heterogeneous_edge/test-clean/LibriSpeech/test-clean/1580/141083,12061.80859375,33,2647.125,"0.5, 0.1, 0.5, 1.2, 0.4, 0.5, 1.2, 0.9, 6.4, 0.4, 0.1, 0.1, 1.0, 0.2, 0.4, 12.2, 13.4, 0.4, 5.6, 14.9, 0.0, 0.1, 13.5, 0.8, 7.2, 0.1, 0.3, 1.1, 0.0, 0.5, 0.3, 15.5",8,2401.0159362549803,30.453655242919922,32,15.9921875,AMD Ryzen 9 7950X 16-Core Processor,NVIDIA GeForce RTX 4080
1,pppdd,0.012423236220472441,35.38631844520569,"Predict, Predict, Predict, Detect, Detect","0.002534, 0.002557, 0.002532, 0.002387, 0.002412","7.338, 7.327, 7.354, 6.631, 6.736","508, 508, 508, 508, 508",307200,,/home/jyoti/heterogeneous_edge/images/bear,/home/jyoti/heterogeneous_edge/test-clean/LibriSpeech/test-clean/1580/141083,11512.90625,37,1053.125,"0.6, 0.1, 26.3, 1.8, 0.0, 1.9, 2.3, 0.8, 0.2, 0.2, 0.1, 0.2, 0.0, 0.0, 0.0, 5.7, 1.3, 0.0, 0.6, 1.3, 26.9, 0.3, 12.3, 0.1, 0.1, 0.0, 0.1, 0.0, 0.2, 0.1, 0.2, 18.4",5,2550.8898305084745,30.453655242919922,32,15.9921875,AMD Ryzen 9 7950X 16-Core Processor,NVIDIA GeForce RTX 4080
1,pppdp,0.012775935039370079,36.09122109413147,"Predict, Predict, Predict, Detect, Predict","0.002560, 0.002565, 0.002586, 0.002491, 0.002574","7.331, 7.337, 7.295, 6.843, 7.286","508, 508, 508, 508, 508",307200,,/home/jyoti/heterogeneous_edge/images/bear,/home/jyoti/heterogeneous_edge/test-clean/LibriSpeech/test-clean/1580/141083,11459.4140625,35,1053.125,"0.1, 0.0, 0.1, 1.1, 1.0, 0.1, 1.4, 0.0, 0.3, 1.0, 0.1, 0.8, 0.0, 0.1, 0.0, 14.0, 1.9, 0.0, 14.4, 0.8, 41.8, 0.0, 0.0, 0.1, 0.0, 0.1, 0.0, 0.8, 0.0, 0.0, 0.7, 19.2",4,2485.4375,30.453655242919922,32,15.9921875,AMD Ryzen 9 7950X 16-Core Processor,NVIDIA GeForce RTX 4080
1,pppps,0.026890205672207637,38.49261164665222,"Predict, Predict, Predict, Predict, Speech","0.002558, 0.002581, 0.002605, 0.002618, 0.016528","7.337, 7.331, 7.437, 7.422, 8.966","508, 508, 508, 508, 54",307200,82160,/home/jyoti/heterogeneous_edge/images/bear,/home/jyoti/heterogeneous_edge/test-clean/LibriSpeech/test-clean/1580/141083,12126.03515625,73,2647.125,"0.6, 0.6, 0.5, 1.5, 0.0, 24.9, 1.1, 20.4, 3.1, 0.6, 0.0, 3.3, 0.3, 1.6, 0.1, 4.8, 0.5, 0.0, 0.0, 1.1, 0.9, 0.7, 1.1, 11.5, 0.4, 0.4, 0.5, 0.0, 0.2, 0.1, 0.7, 20.4",4,2431.5234375,30.453655242919922,32,15.9921875,AMD Ryzen 9 7950X 16-Core Processor,NVIDIA GeForce RTX 4080
1,ppppd,0.012755555118110235,35.909852504730225,"Predict, Predict, Predict, Predict, Detect","0.002604, 0.002572, 0.002596, 0.002571, 0.002412","7.335, 7.255, 7.305, 7.293, 6.722","508, 508, 508, 508, 508",307200,,/home/jyoti/heterogeneous_edge/images/bear,/home/jyoti/heterogeneous_edge/test-clean/LibriSpeech/test-clean/1580/141083,11478.4375,36,1053.125,"0.8, 29.2, 15.5, 0.0, 0.1, 0.0, 0.1, 13.2, 0.7, 1.0, 0.1, 0.0, 0.1, 0.0, 0.0, 1.3, 14.2, 0.7, 0.0, 0.1, 0.0, 0.0, 0.3, 2.6, 0.0, 2.0, 0.1, 0.0, 0.1, 0.0, 0.1, 18.9",5,2378.723849372385,30.453655242919922,32,15.9921875,AMD Ryzen 9 7950X 16-Core Processor,NVIDIA GeForce RTX 4080
1,ppppp,0.012964013779527557,36.86662411689758,"Predict, Predict, Predict, Predict, Predict","0.002664, 0.002591, 0.002570, 0.002587, 0.002552","7.523, 7.342, 7.393, 7.299, 7.310","508, 508, 508, 508, 508",307200,,/home/jyoti/heterogeneous_edge/images/bear,/home/jyoti/heterogeneous_edge/test-clean/LibriSpeech/test-clean/1580/141083,11491.265625,36,1053.125,"0.1, 0.1, 13.7, 4.9, 0.1, 0.1, 0.1, 0.2, 1.7, 0.4, 0.1, 0.5, 15.8, 0.0, 0.1, 6.2, 0.0, 0.1, 1.4, 9.5, 0.4, 13.8, 0.2, 13.7, 0.5, 0.1, 0.0, 1.1, 1.0, 0.0, 0.3, 14.5",7,2493.7804878048782,30.453655242919922,32,15.9921875,AMD Ryzen 9 7950X 16-Core Processor,NVIDIA GeForce RTX 4080
